serial	domain	name	source_refs	term_hits	interaction_layers	generator_status	status
WDM-ROUTE-f9dbc6627cbf	route	B01	canon/canonical_story_tree/all_25_books_latest_full_cycle.txt|canon/canonical_story_tree/books/Book_01_Choices_Make_World/book_content.txt	crossing|path|road|route	timeline|relationships|scenes|quests|world	implemented_reference_map	reference_extracted_pending_domain_review
WDM-ROUTE-73b1bebd7d40	route	Chrono	canon/canonical_story_tree/books/Book_01_Choices_Make_World/book_content.txt	crossing|route	timeline|relationships|scenes|quests|world	implemented_reference_map	reference_extracted_pending_domain_review
WDM-ROUTE-7ffb5c9f6fa4	route	Coral	canon/canonical_story_tree/books/Book_01_Choices_Make_World/book_content.txt	route	timeline|relationships|scenes|quests|world	implemented_reference_map	reference_extracted_pending_domain_review
WDM-ROUTE-ca46f84e899d	route	Alarm	canon/canonical_story_tree/books/Book_01_Choices_Make_World/book_content.txt	route	timeline|relationships|scenes|quests|world	implemented_reference_map	reference_extracted_pending_domain_review
WDM-ROUTE-6a829fab5553	route	Chrono-Coral Alarm	canon/canonical_story_tree/books/Book_01_Choices_Make_World/book_content.txt	route	timeline|relationships|scenes|quests|world	implemented_reference_map	reference_extracted_pending_domain_review
WDM-ROUTE-c2bd4e0d2db4	route	function	canon/canonical_story_tree/all_25_books_latest_full_cycle.txt|canon/canonical_story_tree/books/Book_01_Choices_Make_World/book_content.txt|canon/canonical_story_tree/books/Book_02_The_Diary_And_The_Blue_Light/book_content.txt|canon/canonical_story_tree/books/Book_04_Crocodile_Smile/book_content.txt|canon/canonical_story_tree/books/Book_09_The_Diamond_Breaks/book_content.txt	crossing|path|route	timeline|relationships|scenes|quests|world	implemented_reference_map	reference_extracted_pending_domain_review
WDM-ROUTE-a2f707d7ad19	route	alarm event	canon/canonical_story_tree/all_25_books_latest_full_cycle.txt|canon/canonical_story_tree/books/Book_01_Choices_Make_World/book_content.txt	route	timeline|relationships|scenes|quests|world	implemented_reference_map	reference_extracted_pending_domain_review
WDM-ROUTE-2aad995eb456	route	objective ignition	canon/canonical_story_tree/all_25_books_latest_full_cycle.txt|canon/canonical_story_tree/books/Book_01_Choices_Make_World/book_content.txt	route	timeline|relationships|scenes|quests|world	implemented_reference_map	reference_extracted_pending_domain_review
WDM-ROUTE-c3e8ece8e9d0	route	local	canon/canonical_story_tree/all_25_books_latest_full_cycle.txt|canon/canonical_story_tree/books/Book_01_Choices_Make_World/book_content.txt|canon/canonical_story_tree/books/Book_02_The_Diary_And_The_Blue_Light/book_content.txt|canon/canonical_story_tree/books/Book_04_Crocodile_Smile/book_content.txt|canon/canonical_story_tree/books/Book_09_The_Diamond_Breaks/book_content.txt	crossing|path|route	timeline|relationships|scenes|quests|world	implemented_reference_map	reference_extracted_pending_domain_review
WDM-ROUTE-6df42233f6be	route	time	canon/canonical_story_tree/all_25_books_latest_full_cycle.txt|canon/canonical_story_tree/books/Book_01_Choices_Make_World/book_content.txt|canon/canonical_story_tree/books/Book_02_The_Diary_And_The_Blue_Light/book_content.txt|canon/canonical_story_tree/books/Book_04_Crocodile_Smile/book_content.txt|canon/canonical_story_tree/books/Book_09_The_Diamond_Breaks/book_content.txt|canon/canonical_story_tree/books/Book_18_Strange_Gravity/book_content.txt	crossing|path|road|route	timeline|relationships|scenes|quests|world	implemented_reference_map	reference_extracted_pending_domain_review
WDM-ROUTE-fd96ff92558a	route	span	canon/canonical_story_tree/all_25_books_latest_full_cycle.txt|canon/canonical_story_tree/books/Book_01_Choices_Make_World/book_content.txt|canon/canonical_story_tree/books/Book_02_The_Diary_And_The_Blue_Light/book_content.txt|canon/canonical_story_tree/books/Book_04_Crocodile_Smile/book_content.txt|canon/canonical_story_tree/books/Book_09_The_Diamond_Breaks/book_content.txt	crossing|path|route	timeline|relationships|scenes|quests|world	implemented_reference_map	reference_extracted_pending_domain_review
WDM-ROUTE-5adf184e0794	route	single scene	canon/canonical_story_tree/all_25_books_latest_full_cycle.txt|canon/canonical_story_tree/books/Book_01_Choices_Make_World/book_content.txt|canon/canonical_story_tree/books/Book_02_The_Diary_And_The_Blue_Light/book_content.txt|canon/canonical_story_tree/books/Book_04_Crocodile_Smile/book_content.txt|canon/canonical_story_tree/books/Book_09_The_Diamond_Breaks/book_content.txt	crossing|path|route	timeline|relationships|scenes|quests|world	implemented_reference_map	reference_extracted_pending_domain_review
WDM-ROUTE-f3966439ad30	route	location	canon/canonical_story_tree/all_25_books_latest_full_cycle.txt|canon/canonical_story_tree/books/Book_01_Choices_Make_World/book_content.txt|canon/canonical_story_tree/books/Book_02_The_Diary_And_The_Blue_Light/book_content.txt|canon/canonical_story_tree/books/Book_04_Crocodile_Smile/book_content.txt|canon/canonical_story_tree/books/Book_09_The_Diamond_Breaks/book_content.txt|canon/canonical_story_tree/world/wowas_world_zone_map.json	crossing|path|route	timeline|relationships|scenes|quests|world	implemented_reference_map	reference_extracted_pending_domain_review
WDM-ROUTE-9f49ba7e7c6d	route	Chrono-Coral	canon/canonical_story_tree/all_25_books_latest_full_cycle.txt|canon/canonical_story_tree/books/Book_01_Choices_Make_World/book_content.txt	route	timeline|relationships|scenes|quests|world	implemented_reference_map	reference_extracted_pending_domain_review
WDM-ROUTE-836e57c0d71c	route	opening route	canon/canonical_story_tree/all_25_books_latest_full_cycle.txt|canon/canonical_story_tree/books/Book_01_Choices_Make_World/book_content.txt	route	timeline|relationships|scenes|quests|world	implemented_reference_map	reference_extracted_pending_domain_review
WDM-ROUTE-7c3577cc8cfb	route	characters	canon/canonical_story_tree/all_25_books_latest_full_cycle.txt|canon/canonical_story_tree/books/Book_01_Choices_Make_World/book_content.txt|canon/canonical_story_tree/books/Book_02_The_Diary_And_The_Blue_Light/book_content.txt|canon/canonical_story_tree/books/Book_04_Crocodile_Smile/book_content.txt|canon/canonical_story_tree/books/Book_09_The_Diamond_Breaks/book_content.txt|canon/canonical_story_tree/world/wowas_world_zone_map.json	crossing|path|route	timeline|relationships|scenes|quests|world	implemented_reference_map	reference_extracted_pending_domain_review
WDM-ROUTE-4931d3f2c645	route	Pip	canon/canonical_story_tree/all_25_books_latest_full_cycle.txt|canon/canonical_story_tree/books/Book_01_Choices_Make_World/book_content.txt|canon/canonical_story_tree/books/Book_02_The_Diary_And_The_Blue_Light/book_content.txt|canon/canonical_story_tree/books/Book_03_The_First_Thread/book_content.txt|canon/canonical_story_tree/books/Book_04_Crocodile_Smile/book_content.txt|canon/canonical_story_tree/books/Book_09_The_Diamond_Breaks/book_content.txt	crossing|path|road|route	timeline|relationships|scenes|quests|world	implemented_reference_map	reference_extracted_pending_domain_review
WDM-ROUTE-2f373a13c04e	route	Mack	canon/canonical_story_tree/all_25_books_latest_full_cycle.txt|canon/canonical_story_tree/books/Book_01_Choices_Make_World/book_content.txt|canon/canonical_story_tree/books/Book_03_The_First_Thread/book_content.txt	crossing|road|route	timeline|relationships|scenes|quests|world	implemented_reference_map	reference_extracted_pending_domain_review
WDM-ROUTE-d3922fb24f10	route	confidence	canon/canonical_story_tree/all_25_books_latest_full_cycle.txt|canon/canonical_story_tree/books/Book_01_Choices_Make_World/book_content.txt|canon/canonical_story_tree/books/Book_02_The_Diary_And_The_Blue_Light/book_content.txt|canon/canonical_story_tree/books/Book_04_Crocodile_Smile/book_content.txt|canon/canonical_story_tree/books/Book_09_The_Diamond_Breaks/book_content.txt	crossing|path|route	timeline|relationships|scenes|quests|world	implemented_reference_map	reference_extracted_pending_domain_review
WDM-ROUTE-febd3cb58c38	route	high	canon/canonical_story_tree/all_25_books_latest_full_cycle.txt|canon/canonical_story_tree/books/Book_01_Choices_Make_World/book_content.txt|canon/canonical_story_tree/books/Book_02_The_Diary_And_The_Blue_Light/book_content.txt|canon/canonical_story_tree/books/Book_09_The_Diamond_Breaks/book_content.txt	crossing|path|route	timeline|relationships|scenes|quests|world	implemented_reference_map	reference_extracted_pending_domain_review
WDM-ROUTE-60644e934e11	route	"notes
Separate the warning"	canon/canonical_story_tree/all_25_books_latest_full_cycle.txt|canon/canonical_story_tree/books/Book_01_Choices_Make_World/book_content.txt	route	timeline|relationships|scenes|quests|world	implemented_reference_map	reference_extracted_pending_domain_review
WDM-ROUTE-24ba46d6f3a8	route	alarm trigger from the larger	canon/canonical_story_tree/all_25_books_latest_full_cycle.txt|canon/canonical_story_tree/books/Book_01_Choices_Make_World/book_content.txt	route	timeline|relationships|scenes|quests|world	implemented_reference_map	reference_extracted_pending_domain_review
WDM-ROUTE-174ce3475dfe	route	prophecy beat so the opening	canon/canonical_story_tree/all_25_books_latest_full_cycle.txt|canon/canonical_story_tree/books/Book_01_Choices_Make_World/book_content.txt	route	timeline|relationships|scenes|quests|world	implemented_reference_map	reference_extracted_pending_domain_review
WDM-ROUTE-05965cd608b1	route	does not flatten	canon/canonical_story_tree/all_25_books_latest_full_cycle.txt|canon/canonical_story_tree/books/Book_01_Choices_Make_World/book_content.txt	route	timeline|relationships|scenes|quests|world	implemented_reference_map	reference_extracted_pending_domain_review
WDM-ROUTE-79be7a35cb86	route	source	canon/canonical_story_tree/all_25_books_latest_full_cycle.txt|canon/canonical_story_tree/books/Book_01_Choices_Make_World/book_content.txt	crossing|route	timeline|relationships|scenes|quests|world	implemented_reference_map	reference_extracted_pending_domain_review
WDM-ROUTE-be6f5b2fe8cb	route	"support
Manuscript body support"	canon/canonical_story_tree/all_25_books_latest_full_cycle.txt|canon/canonical_story_tree/books/Book_01_Choices_Make_World/book_content.txt	crossing|route	timeline|relationships|scenes|quests|world	implemented_reference_map	reference_extracted_pending_domain_review
WDM-ROUTE-6c1d2ce93ea0	route	and exhausted he has truly	canon/canonical_story_tree/all_25_books_latest_full_cycle.txt|canon/canonical_story_tree/books/Book_01_Choices_Make_World/book_content.txt	road	timeline|relationships|scenes|quests|world	implemented_reference_map	reference_extracted_pending_domain_review
WDM-ROUTE-ea1034388de1	route	been	canon/canonical_story_tree/all_25_books_latest_full_cycle.txt|canon/canonical_story_tree/books/Book_01_Choices_Make_World/book_content.txt	road	timeline|relationships|scenes|quests|world	implemented_reference_map	reference_extracted_pending_domain_review
WDM-ROUTE-88779e8d4b78	route	S177 Rylos Vayne Johnson-Does-Not-Know-Where-to-Put-His-Guard	canon/canonical_story_tree/all_25_books_latest_full_cycle.txt|canon/canonical_story_tree/books/Book_01_Choices_Make_World/book_content.txt	road	timeline|relationships|scenes|quests|world	implemented_reference_map	reference_extracted_pending_domain_review
WDM-ROUTE-3a01ad471384	route	sanctuary asks for forms of	canon/canonical_story_tree/all_25_books_latest_full_cycle.txt|canon/canonical_story_tree/books/Book_01_Choices_Make_World/book_content.txt	road	timeline|relationships|scenes|quests|world	implemented_reference_map	reference_extracted_pending_domain_review
WDM-ROUTE-3d537e0e9df0	route	surrender that are harder for	canon/canonical_story_tree/all_25_books_latest_full_cycle.txt|canon/canonical_story_tree/books/Book_01_Choices_Make_World/book_content.txt	road	timeline|relationships|scenes|quests|world	implemented_reference_map	reference_extracted_pending_domain_review
WDM-ROUTE-c2e1fec575ba	route	him than surviving the road	canon/canonical_story_tree/all_25_books_latest_full_cycle.txt|canon/canonical_story_tree/books/Book_01_Choices_Make_World/book_content.txt	road	timeline|relationships|scenes|quests|world	implemented_reference_map	reference_extracted_pending_domain_review
WDM-ROUTE-b19cfed67a45	route	S178 The-Sanctuary-Reads-Them-As-Changed	canon/canonical_story_tree/all_25_books_latest_full_cycle.txt|canon/canonical_story_tree/books/Book_01_Choices_Make_World/book_content.txt	road	timeline|relationships|scenes|quests|world	implemented_reference_map	reference_extracted_pending_domain_review
WDM-ROUTE-79bdf95b2c68	route	Their entry is not neutral	canon/canonical_story_tree/all_25_books_latest_full_cycle.txt|canon/canonical_story_tree/books/Book_01_Choices_Make_World/book_content.txt	road	timeline|relationships|scenes|quests|world	implemented_reference_map	reference_extracted_pending_domain_review
WDM-ROUTE-ae8885506a8a	route	the place itself begins reorganizing	canon/canonical_story_tree/all_25_books_latest_full_cycle.txt|canon/canonical_story_tree/books/Book_01_Choices_Make_World/book_content.txt	road	timeline|relationships|scenes|quests|world	implemented_reference_map	reference_extracted_pending_domain_review
WDM-ROUTE-8e5011e00a5d	route	around their pair-bond and wounded	canon/canonical_story_tree/all_25_books_latest_full_cycle.txt|canon/canonical_story_tree/books/Book_01_Choices_Make_World/book_content.txt	road	timeline|relationships|scenes|quests|world	implemented_reference_map	reference_extracted_pending_domain_review
WDM-ROUTE-25bc81fd24ad	route	arrival	canon/canonical_story_tree/all_25_books_latest_full_cycle.txt|canon/canonical_story_tree/books/Book_01_Choices_Make_World/book_content.txt	road	timeline|relationships|scenes|quests|world	implemented_reference_map	reference_extracted_pending_domain_review
WDM-ROUTE-9fff28d777da	route	S179 Home-Is-Not-Simple-Because-He-Brought-Someone	canon/canonical_story_tree/all_25_books_latest_full_cycle.txt|canon/canonical_story_tree/books/Book_01_Choices_Make_World/book_content.txt	road	timeline|relationships|scenes|quests|world	implemented_reference_map	reference_extracted_pending_domain_review
WDM-ROUTE-9fe47af31266	route	Arrival does not instantly equal	canon/canonical_story_tree/all_25_books_latest_full_cycle.txt|canon/canonical_story_tree/books/Book_01_Choices_Make_World/book_content.txt	road	timeline|relationships|scenes|quests|world	implemented_reference_map	reference_extracted_pending_domain_review
WDM-ROUTE-b5fa9d2b1838	route	trust	canon/canonical_story_tree/all_25_books_latest_full_cycle.txt|canon/canonical_story_tree/books/Book_01_Choices_Make_World/book_content.txt	road	timeline|relationships|scenes|quests|world	implemented_reference_map	reference_extracted_pending_domain_review
WDM-ROUTE-c1278999ebed	route	S188 First-Human-Witnesses-to-the-Arrival	canon/canonical_story_tree/all_25_books_latest_full_cycle.txt|canon/canonical_story_tree/books/Book_01_Choices_Make_World/book_content.txt	road	timeline|relationships|scenes|quests|world	implemented_reference_map	reference_extracted_pending_domain_review
WDM-ROUTE-363f3a251d65	route	Other eyes	canon/canonical_story_tree/all_25_books_latest_full_cycle.txt|canon/canonical_story_tree/books/Book_01_Choices_Make_World/book_content.txt	road	timeline|relationships|scenes|quests|world	implemented_reference_map	reference_extracted_pending_domain_review
WDM-ROUTE-2c4763059006	route	if present	canon/canonical_story_tree/all_25_books_latest_full_cycle.txt|canon/canonical_story_tree/books/Book_01_Choices_Make_World/book_content.txt	road	timeline|relationships|scenes|quests|world	implemented_reference_map	reference_extracted_pending_domain_review
WDM-ROUTE-a2fce0a5db2b	route	begin reading the story of	canon/canonical_story_tree/all_25_books_latest_full_cycle.txt|canon/canonical_story_tree/books/Book_01_Choices_Make_World/book_content.txt	road	timeline|relationships|scenes|quests|world	implemented_reference_map	reference_extracted_pending_domain_review
WDM-ROUTE-57192ec97a4a	route	what happened before words are	canon/canonical_story_tree/all_25_books_latest_full_cycle.txt|canon/canonical_story_tree/books/Book_01_Choices_Make_World/book_content.txt	road	timeline|relationships|scenes|quests|world	implemented_reference_map	reference_extracted_pending_domain_review
WDM-ROUTE-eefeadf63505	route	exchanged	canon/canonical_story_tree/all_25_books_latest_full_cycle.txt|canon/canonical_story_tree/books/Book_01_Choices_Make_World/book_content.txt	road	timeline|relationships|scenes|quests|world	implemented_reference_map	reference_extracted_pending_domain_review
WDM-ROUTE-4359ed9a88a6	route	S189 Pip-Feels-the-Road-Fall-Off-Him	canon/canonical_story_tree/all_25_books_latest_full_cycle.txt|canon/canonical_story_tree/books/Book_01_Choices_Make_World/book_content.txt	road	timeline|relationships|scenes|quests|world	implemented_reference_map	reference_extracted_pending_domain_review
WDM-ROUTE-9b6aa462d776	route	strange emptiness opens when the	canon/canonical_story_tree/all_25_books_latest_full_cycle.txt|canon/canonical_story_tree/books/Book_01_Choices_Make_World/book_content.txt	crossing|road	timeline|relationships|scenes|quests|world	implemented_reference_map	reference_extracted_pending_domain_review
WDM-ROUTE-d121f8517cda	route	motion and emergency finally stop	canon/canonical_story_tree/all_25_books_latest_full_cycle.txt|canon/canonical_story_tree/books/Book_01_Choices_Make_World/book_content.txt	crossing|road	timeline|relationships|scenes|quests|world	implemented_reference_map	reference_extracted_pending_domain_review
WDM-ROUTE-364d0e4c3a73	route	S190 The-Beat-Closes-on-Breath-Not-Resolution	canon/canonical_story_tree/all_25_books_latest_full_cycle.txt|canon/canonical_story_tree/books/Book_01_Choices_Make_World/book_content.txt	crossing|road	timeline|relationships|scenes|quests|world	implemented_reference_map	reference_extracted_pending_domain_review
WDM-ROUTE-91a9479cbec7	route	They are inside	canon/canonical_story_tree/all_25_books_latest_full_cycle.txt|canon/canonical_story_tree/books/Book_01_Choices_Make_World/book_content.txt	crossing|road	timeline|relationships|scenes|quests|world	implemented_reference_map	reference_extracted_pending_domain_review
WDM-ROUTE-b3de1deaa75e	route	but nothing important is settled	canon/canonical_story_tree/all_25_books_latest_full_cycle.txt|canon/canonical_story_tree/books/Book_01_Choices_Make_World/book_content.txt	crossing|road	timeline|relationships|scenes|quests|world	implemented_reference_map	reference_extracted_pending_domain_review
WDM-ROUTE-414f88316c2a	route	yet	canon/canonical_story_tree/all_25_books_latest_full_cycle.txt|canon/canonical_story_tree/books/Book_01_Choices_Make_World/book_content.txt|canon/canonical_story_tree/books/Book_03_The_First_Thread/book_content.txt|canon/canonical_story_tree/books/Book_18_Strange_Gravity/book_content.txt	crossing|road	timeline|relationships|scenes|quests|world	implemented_reference_map	reference_extracted_pending_domain_review
WDM-ROUTE-d030b88e53c0	route	"Crossing into Mack
target"	canon/canonical_story_tree/all_25_books_latest_full_cycle.txt|canon/canonical_story_tree/books/Book_01_Choices_Make_World/book_content.txt	crossing|road	timeline|relationships|scenes|quests|world	implemented_reference_map	reference_extracted_pending_domain_review
WDM-ROUTE-f2c029df6b20	route	scenes	canon/canonical_story_tree/all_25_books_latest_full_cycle.txt|canon/canonical_story_tree/books/Book_01_Choices_Make_World/book_content.txt|canon/canonical_story_tree/books/Book_03_The_First_Thread/book_content.txt|canon/canonical_story_tree/books/Book_04_Crocodile_Smile/book_content.txt|canon/canonical_story_tree/books/Book_05_Runes_And_Wound/book_content.txt|canon/canonical_story_tree/books/Book_06_The_Refusal_And_The_Wound/book_content.txt|canon/canonical_story_tree/books/Book_07_The_Rift_Widens/book_content.txt|canon/canonical_story_tree/books/Book_10_Mack_Falls/book_content.txt|canon/canonical_story_tree/books/Book_11_The_Portal_Opens/book_content.txt|canon/canonical_story_tree/books/Book_13_The_Afterwake/book_content.txt|canon/canonical_story_tree/books/Book_14_The_Long_Reorientation/book_content.txt|canon/canonical_story_tree/books/Book_16_The_Deepening_World/book_content.txt|canon/canonical_story_tree/books/Book_18_Strange_Gravity/book_content.txt|canon/canonical_story_tree/books/Book_21_The_Final_Descent/book_content.txt|canon/canonical_story_tree/books/Book_22_The_Last_Open_Gate/book_content.txt	crossing|path|road|route	timeline|relationships|scenes|quests|world	implemented_reference_map	reference_extracted_pending_domain_review
WDM-ROUTE-0f86b78c071b	route	S191 Mack-Sees-What-the-Road-Did	canon/canonical_story_tree/all_25_books_latest_full_cycle.txt|canon/canonical_story_tree/books/Book_01_Choices_Make_World/book_content.txt	crossing|road	timeline|relationships|scenes|quests|world	implemented_reference_map	reference_extracted_pending_domain_review
WDM-ROUTE-929b43aeac65	route	Mack's first full reading of	canon/canonical_story_tree/all_25_books_latest_full_cycle.txt|canon/canonical_story_tree/books/Book_01_Choices_Make_World/book_content.txt	crossing|road	timeline|relationships|scenes|quests|world	implemented_reference_map	reference_extracted_pending_domain_review
WDM-ROUTE-df99375b2b7d	route	Pip and Rylos Vayne Johnson	canon/canonical_story_tree/all_25_books_latest_full_cycle.txt|canon/canonical_story_tree/books/Book_01_Choices_Make_World/book_content.txt	crossing|road	timeline|relationships|scenes|quests|world	implemented_reference_map	reference_extracted_pending_domain_review
WDM-ROUTE-6d5eb572aa6e	route	carries shock	canon/canonical_story_tree/all_25_books_latest_full_cycle.txt|canon/canonical_story_tree/books/Book_01_Choices_Make_World/book_content.txt	crossing|road	timeline|relationships|scenes|quests|world	implemented_reference_map	reference_extracted_pending_domain_review
WDM-ROUTE-9e6d4caf8762	route	protection	canon/canonical_story_tree/all_25_books_latest_full_cycle.txt|canon/canonical_story_tree/books/Book_01_Choices_Make_World/book_content.txt	crossing|road	timeline|relationships|scenes|quests|world	implemented_reference_map	reference_extracted_pending_domain_review
WDM-ROUTE-4ce6818ca1f8	route	and immediate recalibration	canon/canonical_story_tree/all_25_books_latest_full_cycle.txt|canon/canonical_story_tree/books/Book_01_Choices_Make_World/book_content.txt	crossing|road	timeline|relationships|scenes|quests|world	implemented_reference_map	reference_extracted_pending_domain_review
WDM-ROUTE-3ca4599c671b	route	S192 Pip-Reenters-Love-While-Still-Changed	canon/canonical_story_tree/all_25_books_latest_full_cycle.txt|canon/canonical_story_tree/books/Book_01_Choices_Make_World/book_content.txt	crossing|road	timeline|relationships|scenes|quests|world	implemented_reference_map	reference_extracted_pending_domain_review
WDM-ROUTE-75d8a9217b62	route	Coming back to Mack is	canon/canonical_story_tree/all_25_books_latest_full_cycle.txt|canon/canonical_story_tree/books/Book_01_Choices_Make_World/book_content.txt	crossing|road	timeline|relationships|scenes|quests|world	implemented_reference_map	reference_extracted_pending_domain_review
WDM-ROUTE-14fd07fb7da8	route	S223 Pips-Role-Changes-Inside-the-Household	canon/canonical_story_tree/all_25_books_latest_full_cycle.txt|canon/canonical_story_tree/books/Book_01_Choices_Make_World/book_content.txt	road	timeline|relationships|scenes|quests|world	implemented_reference_map	reference_extracted_pending_domain_review
WDM-ROUTE-d92e274edc15	route	He is no longer only	canon/canonical_story_tree/all_25_books_latest_full_cycle.txt|canon/canonical_story_tree/books/Book_01_Choices_Make_World/book_content.txt	road	timeline|relationships|scenes|quests|world	implemented_reference_map	reference_extracted_pending_domain_review
WDM-ROUTE-2cb17bcb72d5	route	child	canon/canonical_story_tree/all_25_books_latest_full_cycle.txt|canon/canonical_story_tree/books/Book_01_Choices_Make_World/book_content.txt	road	timeline|relationships|scenes|quests|world	implemented_reference_map	reference_extracted_pending_domain_review
WDM-ROUTE-8d0476de26b4	route	ward	canon/canonical_story_tree/all_25_books_latest_full_cycle.txt|canon/canonical_story_tree/books/Book_01_Choices_Make_World/book_content.txt	road	timeline|relationships|scenes|quests|world	implemented_reference_map	reference_extracted_pending_domain_review
WDM-ROUTE-3363281302c1	route	he is now vector	canon/canonical_story_tree/all_25_books_latest_full_cycle.txt|canon/canonical_story_tree/books/Book_01_Choices_Make_World/book_content.txt	road	timeline|relationships|scenes|quests|world	implemented_reference_map	reference_extracted_pending_domain_review
WDM-ROUTE-b660fd541339	route	witness	canon/canonical_story_tree/all_25_books_latest_full_cycle.txt|canon/canonical_story_tree/books/Book_01_Choices_Make_World/book_content.txt	road	timeline|relationships|scenes|quests|world	implemented_reference_map	reference_extracted_pending_domain_review
WDM-ROUTE-f655c1d55660	route	and bridge	canon/canonical_story_tree/all_25_books_latest_full_cycle.txt|canon/canonical_story_tree/books/Book_01_Choices_Make_World/book_content.txt	road	timeline|relationships|scenes|quests|world	implemented_reference_map	reference_extracted_pending_domain_review
WDM-ROUTE-ba5fcaecc895	route	S224 Mack-Rebalances-Protection	canon/canonical_story_tree/all_25_books_latest_full_cycle.txt|canon/canonical_story_tree/books/Book_01_Choices_Make_World/book_content.txt	road	timeline|relationships|scenes|quests|world	implemented_reference_map	reference_extracted_pending_domain_review
WDM-ROUTE-b7822862560f	route	The guardian's attention splits and	canon/canonical_story_tree/all_25_books_latest_full_cycle.txt|canon/canonical_story_tree/books/Book_01_Choices_Make_World/book_content.txt	road	timeline|relationships|scenes|quests|world	implemented_reference_map	reference_extracted_pending_domain_review
WDM-ROUTE-57c2c6694927	route	broadens in response to the	canon/canonical_story_tree/all_25_books_latest_full_cycle.txt|canon/canonical_story_tree/books/Book_01_Choices_Make_World/book_content.txt	road	timeline|relationships|scenes|quests|world	implemented_reference_map	reference_extracted_pending_domain_review
WDM-ROUTE-d167c507c3c9	route	new orbit	canon/canonical_story_tree/all_25_books_latest_full_cycle.txt|canon/canonical_story_tree/books/Book_01_Choices_Make_World/book_content.txt	road	timeline|relationships|scenes|quests|world	implemented_reference_map	reference_extracted_pending_domain_review
WDM-ROUTE-1d7dd8b9a375	route	S225 Rylos Vayne Johnson-Influences-the-Space-Without-Trying-To	canon/canonical_story_tree/all_25_books_latest_full_cycle.txt|canon/canonical_story_tree/books/Book_01_Choices_Make_World/book_content.txt	road	timeline|relationships|scenes|quests|world	implemented_reference_map	reference_extracted_pending_domain_review
WDM-ROUTE-bfac1d16e64e	route	Personality changes the oasis even	canon/canonical_story_tree/all_25_books_latest_full_cycle.txt|canon/canonical_story_tree/books/Book_01_Choices_Make_World/book_content.txt	road	timeline|relationships|scenes|quests|world	implemented_reference_map	reference_extracted_pending_domain_review
WDM-ROUTE-82e8739d2a8d	route	before history is shared	canon/canonical_story_tree/all_25_books_latest_full_cycle.txt|canon/canonical_story_tree/books/Book_01_Choices_Make_World/book_content.txt	road	timeline|relationships|scenes|quests|world	implemented_reference_map	reference_extracted_pending_domain_review
WDM-ROUTE-5518f8d233bb	route	S226 Daily-Life-Becomes-Story-Material	canon/canonical_story_tree/all_25_books_latest_full_cycle.txt|canon/canonical_story_tree/books/Book_01_Choices_Make_World/book_content.txt	road	timeline|relationships|scenes|quests|world	implemented_reference_map	reference_extracted_pending_domain_review
WDM-ROUTE-7f0cfb4d43b0	route	S240 The-Beat-Ends-on-Preparation-Not-Panic	canon/canonical_story_tree/all_25_books_latest_full_cycle.txt|canon/canonical_story_tree/books/Book_01_Choices_Make_World/book_content.txt	road	timeline|relationships|scenes|quests|world	implemented_reference_map	reference_extracted_pending_domain_review
WDM-ROUTE-b50260e3da29	route	The house is still whole	canon/canonical_story_tree/all_25_books_latest_full_cycle.txt|canon/canonical_story_tree/books/Book_01_Choices_Make_World/book_content.txt	road	timeline|relationships|scenes|quests|world	implemented_reference_map	reference_extracted_pending_domain_review
WDM-ROUTE-5b86d8147d41	route	but everyone is now angled	canon/canonical_story_tree/all_25_books_latest_full_cycle.txt|canon/canonical_story_tree/books/Book_01_Choices_Make_World/book_content.txt	road	timeline|relationships|scenes|quests|world	implemented_reference_map	reference_extracted_pending_domain_review
WDM-ROUTE-0da6d3fbfe08	route	toward what comes next	canon/canonical_story_tree/all_25_books_latest_full_cycle.txt|canon/canonical_story_tree/books/Book_01_Choices_Make_World/book_content.txt	road	timeline|relationships|scenes|quests|world	implemented_reference_map	reference_extracted_pending_domain_review
WDM-ROUTE-ea68f91df61c	route	The First Book Finds Its	canon/canonical_story_tree/all_25_books_latest_full_cycle.txt|canon/canonical_story_tree/books/Book_01_Choices_Make_World/book_content.txt	road	timeline|relationships|scenes|quests|world	implemented_reference_map	reference_extracted_pending_domain_review
WDM-ROUTE-ce5ab2d1e59e	route	"Larger Shape
target"	canon/canonical_story_tree/all_25_books_latest_full_cycle.txt|canon/canonical_story_tree/books/Book_01_Choices_Make_World/book_content.txt	road	timeline|relationships|scenes|quests|world	implemented_reference_map	reference_extracted_pending_domain_review
WDM-ROUTE-aa6b6ea06fc3	route	S241 Pip-Looks-Back-at-the-Road-From-Within-Shelter	canon/canonical_story_tree/all_25_books_latest_full_cycle.txt|canon/canonical_story_tree/books/Book_01_Choices_Make_World/book_content.txt	road	timeline|relationships|scenes|quests|world	implemented_reference_map	reference_extracted_pending_domain_review
WDM-ROUTE-bf95513d9838	route	He mentally reorders the events	canon/canonical_story_tree/all_25_books_latest_full_cycle.txt|canon/canonical_story_tree/books/Book_01_Choices_Make_World/book_content.txt	road	timeline|relationships|scenes|quests|world	implemented_reference_map	reference_extracted_pending_domain_review
WDM-ROUTE-1b407f5d5e42	route	and understands the rescue as	canon/canonical_story_tree/all_25_books_latest_full_cycle.txt|canon/canonical_story_tree/books/Book_01_Choices_Make_World/book_content.txt	road	timeline|relationships|scenes|quests|world	implemented_reference_map	reference_extracted_pending_domain_review
WDM-ROUTE-a03896a2b0e0	route	the true shape of the	canon/canonical_story_tree/all_25_books_latest_full_cycle.txt|canon/canonical_story_tree/books/Book_01_Choices_Make_World/book_content.txt	road	timeline|relationships|scenes|quests|world	implemented_reference_map	reference_extracted_pending_domain_review
WDM-ROUTE-d9d60c588dec	route	book	canon/canonical_story_tree/all_25_books_latest_full_cycle.txt|canon/canonical_story_tree/books/Book_01_Choices_Make_World/book_content.txt|canon/canonical_story_tree/books/Book_02_The_Diary_And_The_Blue_Light/book_content.txt|canon/canonical_story_tree/books/Book_03_The_First_Thread/book_content.txt|canon/canonical_story_tree/books/Book_04_Crocodile_Smile/book_content.txt|canon/canonical_story_tree/books/Book_05_Runes_And_Wound/book_content.txt|canon/canonical_story_tree/books/Book_07_The_Rift_Widens/book_content.txt|canon/canonical_story_tree/books/Book_10_Mack_Falls/book_content.txt|canon/canonical_story_tree/books/Book_11_The_Portal_Opens/book_content.txt|canon/canonical_story_tree/books/Book_14_The_Long_Reorientation/book_content.txt|canon/canonical_story_tree/books/Book_16_The_Deepening_World/book_content.txt|canon/canonical_story_tree/books/Book_18_Strange_Gravity/book_content.txt|canon/canonical_story_tree/books/Book_21_The_Final_Descent/book_content.txt|canon/canonical_story_tree/books/Book_22_The_Last_Open_Gate/book_content.txt	crossing|path|road|route	timeline|relationships|scenes|quests|world	implemented_reference_map	reference_extracted_pending_domain_review
WDM-ROUTE-51cccb847e34	route	S242 Rylos Vayne Johnson-Is-Now-Part-of-the-Constellation	canon/canonical_story_tree/all_25_books_latest_full_cycle.txt|canon/canonical_story_tree/books/Book_01_Choices_Make_World/book_content.txt	road	timeline|relationships|scenes|quests|world	implemented_reference_map	reference_extracted_pending_domain_review
WDM-ROUTE-1124e7e2e496	route	He is no longer an	canon/canonical_story_tree/all_25_books_latest_full_cycle.txt|canon/canonical_story_tree/books/Book_01_Choices_Make_World/book_content.txt	road	timeline|relationships|scenes|quests|world	implemented_reference_map	reference_extracted_pending_domain_review
WDM-ROUTE-e4d95dc386d1	route	The guardian gives language to	canon/canonical_story_tree/all_25_books_latest_full_cycle.txt|canon/canonical_story_tree/books/Book_01_Choices_Make_World/book_content.txt	road	timeline|relationships|scenes|quests|world	implemented_reference_map	reference_extracted_pending_domain_review
WDM-ROUTE-86828da400eb	route	the pattern of protecting	canon/canonical_story_tree/all_25_books_latest_full_cycle.txt|canon/canonical_story_tree/books/Book_01_Choices_Make_World/book_content.txt	road	timeline|relationships|scenes|quests|world	implemented_reference_map	reference_extracted_pending_domain_review
WDM-ROUTE-eea92ad64fb6	route	witnessing	canon/canonical_story_tree/all_25_books_latest_full_cycle.txt|canon/canonical_story_tree/books/Book_01_Choices_Make_World/book_content.txt	road	timeline|relationships|scenes|quests|world	implemented_reference_map	reference_extracted_pending_domain_review
WDM-ROUTE-1522b9c6dcf9	route	and carrying the hurt of	canon/canonical_story_tree/all_25_books_latest_full_cycle.txt|canon/canonical_story_tree/books/Book_01_Choices_Make_World/book_content.txt	road	timeline|relationships|scenes|quests|world	implemented_reference_map	reference_extracted_pending_domain_review
WDM-ROUTE-63d98ad156bf	route	others	canon/canonical_story_tree/all_25_books_latest_full_cycle.txt|canon/canonical_story_tree/books/Book_01_Choices_Make_World/book_content.txt	road	timeline|relationships|scenes|quests|world	implemented_reference_map	reference_extracted_pending_domain_review
WDM-ROUTE-2fe869b57c68	route	S331 Rylos Vayne Johnson-Becomes-Example-Not-Exception	canon/canonical_story_tree/all_25_books_latest_full_cycle.txt|canon/canonical_story_tree/books/Book_01_Choices_Make_World/book_content.txt	road	timeline|relationships|scenes|quests|world	implemented_reference_map	reference_extracted_pending_domain_review
WDM-ROUTE-98bfc35143f8	route	His wound begins standing in	canon/canonical_story_tree/all_25_books_latest_full_cycle.txt|canon/canonical_story_tree/books/Book_01_Choices_Make_World/book_content.txt	road	timeline|relationships|scenes|quests|world	implemented_reference_map	reference_extracted_pending_domain_review
WDM-ROUTE-fa255d228d22	route	for	canon/canonical_story_tree/all_25_books_latest_full_cycle.txt|canon/canonical_story_tree/books/Book_01_Choices_Make_World/book_content.txt|canon/canonical_story_tree/books/Book_03_The_First_Thread/book_content.txt	crossing|road	timeline|relationships|scenes|quests|world	implemented_reference_map	reference_extracted_pending_domain_review
WDM-ROUTE-4f9f8d8f365b	route	broader truth about the world's	canon/canonical_story_tree/all_25_books_latest_full_cycle.txt|canon/canonical_story_tree/books/Book_01_Choices_Make_World/book_content.txt	road	timeline|relationships|scenes|quests|world	implemented_reference_map	reference_extracted_pending_domain_review
WDM-ROUTE-5e40eb55d418	route	condition	canon/canonical_story_tree/all_25_books_latest_full_cycle.txt|canon/canonical_story_tree/books/Book_01_Choices_Make_World/book_content.txt	road	timeline|relationships|scenes|quests|world	implemented_reference_map	reference_extracted_pending_domain_review
WDM-ROUTE-c24db0077152	route	S332 Pip-Feels-the-Scale-of-Need-Without-Losing-the-Particular	canon/canonical_story_tree/all_25_books_latest_full_cycle.txt|canon/canonical_story_tree/books/Book_01_Choices_Make_World/book_content.txt	road	timeline|relationships|scenes|quests|world	implemented_reference_map	reference_extracted_pending_domain_review
WDM-ROUTE-d1b6a0c5de7f	route	He does not stop loving	canon/canonical_story_tree/all_25_books_latest_full_cycle.txt|canon/canonical_story_tree/books/Book_01_Choices_Make_World/book_content.txt	road	timeline|relationships|scenes|quests|world	implemented_reference_map	reference_extracted_pending_domain_review
WDM-ROUTE-e85dd9054b2f	route	one person in order to	canon/canonical_story_tree/all_25_books_latest_full_cycle.txt|canon/canonical_story_tree/books/Book_01_Choices_Make_World/book_content.txt	road	timeline|relationships|scenes|quests|world	implemented_reference_map	reference_extracted_pending_domain_review
WDM-ROUTE-45652a98ac2e	route	love the many	canon/canonical_story_tree/all_25_books_latest_full_cycle.txt|canon/canonical_story_tree/books/Book_01_Choices_Make_World/book_content.txt	road	timeline|relationships|scenes|quests|world	implemented_reference_map	reference_extracted_pending_domain_review
WDM-ROUTE-e8d699b0cb60	route	he learns the one is	canon/canonical_story_tree/all_25_books_latest_full_cycle.txt|canon/canonical_story_tree/books/Book_01_Choices_Make_World/book_content.txt	road	timeline|relationships|scenes|quests|world	implemented_reference_map	reference_extracted_pending_domain_review
WDM-ROUTE-a3630e512ef5	route	which the next movement must	canon/canonical_story_tree/all_25_books_latest_full_cycle.txt|canon/canonical_story_tree/books/Book_01_Choices_Make_World/book_content.txt	road	timeline|relationships|scenes|quests|world	implemented_reference_map	reference_extracted_pending_domain_review
WDM-ROUTE-c7a4d01be3f5	route	begin	canon/canonical_story_tree/all_25_books_latest_full_cycle.txt|canon/canonical_story_tree/books/Book_01_Choices_Make_World/book_content.txt	road	timeline|relationships|scenes|quests|world	implemented_reference_map	reference_extracted_pending_domain_review
WDM-ROUTE-4d1c73a3e042	route	S362 Rest-Is-Recast-as-Preparation	canon/canonical_story_tree/all_25_books_latest_full_cycle.txt|canon/canonical_story_tree/books/Book_01_Choices_Make_World/book_content.txt	road	timeline|relationships|scenes|quests|world	implemented_reference_map	reference_extracted_pending_domain_review
WDM-ROUTE-54348e1ae826	route	Healing	canon/canonical_story_tree/all_25_books_latest_full_cycle.txt|canon/canonical_story_tree/books/Book_01_Choices_Make_World/book_content.txt	road	timeline|relationships|scenes|quests|world	implemented_reference_map	reference_extracted_pending_domain_review
WDM-ROUTE-86e880487fd5	route	domesticity	canon/canonical_story_tree/all_25_books_latest_full_cycle.txt|canon/canonical_story_tree/books/Book_01_Choices_Make_World/book_content.txt	road	timeline|relationships|scenes|quests|world	implemented_reference_map	reference_extracted_pending_domain_review
WDM-ROUTE-009c0dfd98b5	route	and thought all start leaning	canon/canonical_story_tree/all_25_books_latest_full_cycle.txt|canon/canonical_story_tree/books/Book_01_Choices_Make_World/book_content.txt	road	timeline|relationships|scenes|quests|world	implemented_reference_map	reference_extracted_pending_domain_review
WDM-ROUTE-bd345cfa30f4	route	toward departure or escalation	canon/canonical_story_tree/all_25_books_latest_full_cycle.txt|canon/canonical_story_tree/books/Book_01_Choices_Make_World/book_content.txt	road	timeline|relationships|scenes|quests|world	implemented_reference_map	reference_extracted_pending_domain_review
WDM-ROUTE-861c33092c03	route	S363 Pip-Feels-the-Stirring-of-the-Next-Road	canon/canonical_story_tree/all_25_books_latest_full_cycle.txt|canon/canonical_story_tree/books/Book_01_Choices_Make_World/book_content.txt	road	timeline|relationships|scenes|quests|world	implemented_reference_map	reference_extracted_pending_domain_review
WDM-ROUTE-32bf289f6abc	route	The pressure of onward movement	canon/canonical_story_tree/all_25_books_latest_full_cycle.txt|canon/canonical_story_tree/books/Book_01_Choices_Make_World/book_content.txt	road	timeline|relationships|scenes|quests|world	implemented_reference_map	reference_extracted_pending_domain_review
WDM-ROUTE-64f8fc546cca	route	becomes emotionally detectable	canon/canonical_story_tree/all_25_books_latest_full_cycle.txt|canon/canonical_story_tree/books/Book_01_Choices_Make_World/book_content.txt	road	timeline|relationships|scenes|quests|world	implemented_reference_map	reference_extracted_pending_domain_review
WDM-ROUTE-4b3b048b41ba	route	S364 Rylos Vayne Johnson-Understands-He-May-Have-to-Travel-Further-Than-He-Hoped	canon/canonical_story_tree/all_25_books_latest_full_cycle.txt|canon/canonical_story_tree/books/Book_01_Choices_Make_World/book_content.txt	road	timeline|relationships|scenes|quests|world	implemented_reference_map	reference_extracted_pending_domain_review
WDM-ROUTE-abc942e039a6	route	Safety is real	canon/canonical_story_tree/all_25_books_latest_full_cycle.txt|canon/canonical_story_tree/books/Book_01_Choices_Make_World/book_content.txt	road	timeline|relationships|scenes|quests|world	implemented_reference_map	reference_extracted_pending_domain_review
WDM-ROUTE-e2e96f1d2f98	route	but not final	canon/canonical_story_tree/all_25_books_latest_full_cycle.txt|canon/canonical_story_tree/books/Book_01_Choices_Make_World/book_content.txt	road	timeline|relationships|scenes|quests|world	implemented_reference_map	reference_extracted_pending_domain_review
WDM-ROUTE-0c5b4b092a8c	route	The guardian adjusts internally and	canon/canonical_story_tree/all_25_books_latest_full_cycle.txt|canon/canonical_story_tree/books/Book_01_Choices_Make_World/book_content.txt	road	timeline|relationships|scenes|quests|world	implemented_reference_map	reference_extracted_pending_domain_review
WDM-ROUTE-d0ff40a92f4c	route	practically for what comes next	canon/canonical_story_tree/all_25_books_latest_full_cycle.txt|canon/canonical_story_tree/books/Book_01_Choices_Make_World/book_content.txt	road	timeline|relationships|scenes|quests|world	implemented_reference_map	reference_extracted_pending_domain_review
WDM-ROUTE-a9ad12c6ecf1	route	S366 The-Beat-Ends-with-Sanctuary-as-Springboard	canon/canonical_story_tree/all_25_books_latest_full_cycle.txt|canon/canonical_story_tree/books/Book_01_Choices_Make_World/book_content.txt	road	timeline|relationships|scenes|quests|world	implemented_reference_map	reference_extracted_pending_domain_review
WDM-ROUTE-be711586c30c	route	Home remains beloved	canon/canonical_story_tree/all_25_books_latest_full_cycle.txt|canon/canonical_story_tree/books/Book_01_Choices_Make_World/book_content.txt	road	timeline|relationships|scenes|quests|world	implemented_reference_map	reference_extracted_pending_domain_review
WDM-ROUTE-bac280fb77d7	route	but no longer static	canon/canonical_story_tree/all_25_books_latest_full_cycle.txt|canon/canonical_story_tree/books/Book_01_Choices_Make_World/book_content.txt	road	timeline|relationships|scenes|quests|world	implemented_reference_map	reference_extracted_pending_domain_review
WDM-ROUTE-b0ba7b7cc12d	route	Book One Learns to Hold	canon/canonical_story_tree/all_25_books_latest_full_cycle.txt|canon/canonical_story_tree/books/Book_01_Choices_Make_World/book_content.txt	road	timeline|relationships|scenes|quests|world	implemented_reference_map	reference_extracted_pending_domain_review
WDM-ROUTE-305e5ae7e838	route	"Broader Cast
target"	canon/canonical_story_tree/all_25_books_latest_full_cycle.txt|canon/canonical_story_tree/books/Book_01_Choices_Make_World/book_content.txt	road	timeline|relationships|scenes|quests|world	implemented_reference_map	reference_extracted_pending_domain_review
WDM-ROUTE-48cc16bb16cf	route	S367 The-World-Around-the-Core-Begins-to-Resolve	canon/canonical_story_tree/all_25_books_latest_full_cycle.txt|canon/canonical_story_tree/books/Book_01_Choices_Make_World/book_content.txt	road	timeline|relationships|scenes|quests|world	implemented_reference_map	reference_extracted_pending_domain_review
WDM-ROUTE-8d6be25c4e7f	route	Supporting presences start to take	canon/canonical_story_tree/all_25_books_latest_full_cycle.txt|canon/canonical_story_tree/books/Book_01_Choices_Make_World/book_content.txt	road	timeline|relationships|scenes|quests|world	implemented_reference_map	reference_extracted_pending_domain_review
WDM-ROUTE-cb3a14e872be	route	clearer shape around the main	canon/canonical_story_tree/all_25_books_latest_full_cycle.txt|canon/canonical_story_tree/books/Book_01_Choices_Make_World/book_content.txt	road	timeline|relationships|scenes|quests|world	implemented_reference_map	reference_extracted_pending_domain_review
WDM-ROUTE-9294af8b356f	route	emotional triangle	canon/canonical_story_tree/all_25_books_latest_full_cycle.txt|canon/canonical_story_tree/books/Book_01_Choices_Make_World/book_content.txt	road	timeline|relationships|scenes|quests|world	implemented_reference_map	reference_extracted_pending_domain_review
WDM-ROUTE-679bb85a3dca	route	S368 The-Oasis-Is-Shown-as-Community-Not-Backdrop	canon/canonical_story_tree/all_25_books_latest_full_cycle.txt|canon/canonical_story_tree/books/Book_01_Choices_Make_World/book_content.txt	road	timeline|relationships|scenes|quests|world	implemented_reference_map	reference_extracted_pending_domain_review
WDM-ROUTE-4afd39f72321	route	S369 Pips-Story-Is-Confirmed-as-Interdependent	canon/canonical_story_tree/all_25_books_latest_full_cycle.txt|canon/canonical_story_tree/books/Book_01_Choices_Make_World/book_content.txt	road	timeline|relationships|scenes|quests|world	implemented_reference_map	reference_extracted_pending_domain_review
WDM-ROUTE-4043adff28c3	route	He is not	canon/canonical_story_tree/all_25_books_latest_full_cycle.txt|canon/canonical_story_tree/books/Book_01_Choices_Make_World/book_content.txt	road	timeline|relationships|scenes|quests|world	implemented_reference_map	reference_extracted_pending_domain_review
WDM-ROUTE-5811c58effd1	route	lone chosen child but someone	canon/canonical_story_tree/all_25_books_latest_full_cycle.txt|canon/canonical_story_tree/books/Book_01_Choices_Make_World/book_content.txt	road	timeline|relationships|scenes|quests|world	implemented_reference_map	reference_extracted_pending_domain_review
WDM-ROUTE-cc7e23f6c25c	route	embedded in	canon/canonical_story_tree/all_25_books_latest_full_cycle.txt|canon/canonical_story_tree/books/Book_01_Choices_Make_World/book_content.txt	road	timeline|relationships|scenes|quests|world	implemented_reference_map	reference_extracted_pending_domain_review
WDM-ROUTE-bad7dade57d2	route	network of relations	canon/canonical_story_tree/all_25_books_latest_full_cycle.txt|canon/canonical_story_tree/books/Book_01_Choices_Make_World/book_content.txt	road	timeline|relationships|scenes|quests|world	implemented_reference_map	reference_extracted_pending_domain_review
WDM-ROUTE-68e86ab02a91	route	S370 Rylos Vayne Johnson-Starts-Finding-Places-Beyond-Pip-Alone	canon/canonical_story_tree/all_25_books_latest_full_cycle.txt|canon/canonical_story_tree/books/Book_01_Choices_Make_World/book_content.txt	road	timeline|relationships|scenes|quests|world	implemented_reference_map	reference_extracted_pending_domain_review
WDM-ROUTE-7548741be5cb	route	His belonging broadens in healthy	canon/canonical_story_tree/all_25_books_latest_full_cycle.txt|canon/canonical_story_tree/books/Book_01_Choices_Make_World/book_content.txt	road	timeline|relationships|scenes|quests|world	implemented_reference_map	reference_extracted_pending_domain_review
WDM-ROUTE-dd466eb8bc31	route	ways while still deepening the	canon/canonical_story_tree/all_25_books_latest_full_cycle.txt|canon/canonical_story_tree/books/Book_01_Choices_Make_World/book_content.txt	road	timeline|relationships|scenes|quests|world	implemented_reference_map	reference_extracted_pending_domain_review
WDM-ROUTE-1d453390d6a4	route	bond	canon/canonical_story_tree/all_25_books_latest_full_cycle.txt|canon/canonical_story_tree/books/Book_01_Choices_Make_World/book_content.txt	road	timeline|relationships|scenes|quests|world	implemented_reference_map	reference_extracted_pending_domain_review
WDM-ROUTE-91d9f031a0bd	route	S371 Mack-Holds-the-Widening-Without-Losing-the-Core	canon/canonical_story_tree/all_25_books_latest_full_cycle.txt|canon/canonical_story_tree/books/Book_01_Choices_Make_World/book_content.txt	road	timeline|relationships|scenes|quests|world	implemented_reference_map	reference_extracted_pending_domain_review
WDM-ROUTE-9abe6342b1fa	route	The guardian's stability allows the	canon/canonical_story_tree/all_25_books_latest_full_cycle.txt|canon/canonical_story_tree/books/Book_01_Choices_Make_World/book_content.txt	road	timeline|relationships|scenes|quests|world	implemented_reference_map	reference_extracted_pending_domain_review
WDM-ROUTE-52d35c7218f8	route	cast to widen without chaos	canon/canonical_story_tree/all_25_books_latest_full_cycle.txt|canon/canonical_story_tree/books/Book_01_Choices_Make_World/book_content.txt	road	timeline|relationships|scenes|quests|world	implemented_reference_map	reference_extracted_pending_domain_review
WDM-ROUTE-00b8965da388	route	S372 The-Beat-Ends-with-a-World-Big-Enough-for-Future-Entries	canon/canonical_story_tree/all_25_books_latest_full_cycle.txt|canon/canonical_story_tree/books/Book_01_Choices_Make_World/book_content.txt	road	timeline|relationships|scenes|quests|world	implemented_reference_map	reference_extracted_pending_domain_review
WDM-ROUTE-eef1fd687d82	route	"Choices Make World

Rylos Vayne"	canon/canonical_story_tree/all_25_books_latest_full_cycle.txt|canon/canonical_story_tree/books/Book_01_Choices_Make_World/book_content.txt	road	timeline|relationships|scenes|quests|world	implemented_reference_map	reference_extracted_pending_domain_review
WDM-ROUTE-af7e658655ed	route	Johnson-Does-Not-Know-Where-to-Put-His-Guard	canon/canonical_story_tree/all_25_books_latest_full_cycle.txt|canon/canonical_story_tree/books/Book_01_Choices_Make_World/book_content.txt	road	timeline|relationships|scenes|quests|world	implemented_reference_map	reference_extracted_pending_domain_review
WDM-ROUTE-34022fa15187	route	The	canon/canonical_story_tree/all_25_books_latest_full_cycle.txt|canon/canonical_story_tree/books/Book_01_Choices_Make_World/book_content.txt|canon/canonical_story_tree/books/Book_02_The_Diary_And_The_Blue_Light/book_content.txt|canon/canonical_story_tree/books/Book_03_The_First_Thread/book_content.txt|canon/canonical_story_tree/books/Book_04_Crocodile_Smile/book_content.txt|canon/canonical_story_tree/books/Book_09_The_Diamond_Breaks/book_content.txt|canon/canonical_story_tree/books/Book_18_Strange_Gravity/book_content.txt	crossing|path|road	timeline|relationships|scenes|quests|world	implemented_reference_map	reference_extracted_pending_domain_review
WDM-ROUTE-bf89ed63479a	route	Sanctuary	canon/canonical_story_tree/all_25_books_latest_full_cycle.txt|canon/canonical_story_tree/books/Book_01_Choices_Make_World/book_content.txt|canon/canonical_story_tree/books/Book_03_The_First_Thread/book_content.txt	crossing|road	timeline|relationships|scenes|quests|world	implemented_reference_map	reference_extracted_pending_domain_review
WDM-ROUTE-527f799d6789	route	Reads	canon/canonical_story_tree/all_25_books_latest_full_cycle.txt|canon/canonical_story_tree/books/Book_01_Choices_Make_World/book_content.txt	road	timeline|relationships|scenes|quests|world	implemented_reference_map	reference_extracted_pending_domain_review
WDM-ROUTE-bb07b1f1a520	route	Them	canon/canonical_story_tree/all_25_books_latest_full_cycle.txt|canon/canonical_story_tree/books/Book_01_Choices_Make_World/book_content.txt	road	timeline|relationships|scenes|quests|world	implemented_reference_map	reference_extracted_pending_domain_review
WDM-ROUTE-361aa489c0ee	route	Changed	canon/canonical_story_tree/all_25_books_latest_full_cycle.txt|canon/canonical_story_tree/books/Book_01_Choices_Make_World/book_content.txt	road	timeline|relationships|scenes|quests|world	implemented_reference_map	reference_extracted_pending_domain_review
WDM-ROUTE-944fca6df7c9	route	"The-Sanctuary-Reads-Them-As-Changed

scene"	canon/canonical_story_tree/all_25_books_latest_full_cycle.txt|canon/canonical_story_tree/books/Book_01_Choices_Make_World/book_content.txt	road	timeline|relationships|scenes|quests|world	implemented_reference_map	reference_extracted_pending_domain_review
WDM-ROUTE-d25a631ddad2	route	"S178
beat"	canon/canonical_story_tree/all_25_books_latest_full_cycle.txt|canon/canonical_story_tree/books/Book_01_Choices_Make_World/book_content.txt	road	timeline|relationships|scenes|quests|world	implemented_reference_map	reference_extracted_pending_domain_review
WDM-ROUTE-062c3c2fd2fe	route	"Choices Make World

The-Sanctuary-Reads-Them-As-Changed"	canon/canonical_story_tree/all_25_books_latest_full_cycle.txt|canon/canonical_story_tree/books/Book_01_Choices_Make_World/book_content.txt	road	timeline|relationships|scenes|quests|world	implemented_reference_map	reference_extracted_pending_domain_review
WDM-ROUTE-fe8d70a70c5f	route	"Choices Make World

First-Human-Witnesses-to-the-Arrival"	canon/canonical_story_tree/all_25_books_latest_full_cycle.txt|canon/canonical_story_tree/books/Book_01_Choices_Make_World/book_content.txt	road	timeline|relationships|scenes|quests|world	implemented_reference_map	reference_extracted_pending_domain_review
WDM-ROUTE-d34ec23300dc	route	Feels	canon/canonical_story_tree/all_25_books_latest_full_cycle.txt|canon/canonical_story_tree/books/Book_01_Choices_Make_World/book_content.txt	road	timeline|relationships|scenes|quests|world	implemented_reference_map	reference_extracted_pending_domain_review
WDM-ROUTE-5e46e29c85bf	route	Road	canon/canonical_story_tree/all_25_books_latest_full_cycle.txt|canon/canonical_story_tree/books/Book_01_Choices_Make_World/book_content.txt|canon/canonical_story_tree/books/Book_18_Strange_Gravity/book_content.txt	road	timeline|relationships|scenes|quests|world	implemented_reference_map	reference_extracted_pending_domain_review
WDM-ROUTE-b32f91164dae	route	Fall	canon/canonical_story_tree/all_25_books_latest_full_cycle.txt|canon/canonical_story_tree/books/Book_01_Choices_Make_World/book_content.txt	road	timeline|relationships|scenes|quests|world	implemented_reference_map	reference_extracted_pending_domain_review
WDM-ROUTE-c2e7713bcf23	route	Off	canon/canonical_story_tree/all_25_books_latest_full_cycle.txt|canon/canonical_story_tree/books/Book_01_Choices_Make_World/book_content.txt	road	timeline|relationships|scenes|quests|world	implemented_reference_map	reference_extracted_pending_domain_review
WDM-ROUTE-0eb831a1ea57	route	Him	canon/canonical_story_tree/all_25_books_latest_full_cycle.txt|canon/canonical_story_tree/books/Book_01_Choices_Make_World/book_content.txt|canon/canonical_story_tree/books/Book_03_The_First_Thread/book_content.txt	road	timeline|relationships|scenes|quests|world	implemented_reference_map	reference_extracted_pending_domain_review
WDM-ROUTE-cd254b00b9bb	route	"Pip-Feels-the-Road-Fall-Off-Him

scene"	canon/canonical_story_tree/all_25_books_latest_full_cycle.txt|canon/canonical_story_tree/books/Book_01_Choices_Make_World/book_content.txt	road	timeline|relationships|scenes|quests|world	implemented_reference_map	reference_extracted_pending_domain_review
WDM-ROUTE-960808bc2fa4	route	"S189
beat"	canon/canonical_story_tree/all_25_books_latest_full_cycle.txt|canon/canonical_story_tree/books/Book_01_Choices_Make_World/book_content.txt	road	timeline|relationships|scenes|quests|world	implemented_reference_map	reference_extracted_pending_domain_review
WDM-ROUTE-a0cc9c530b0e	route	"Choices Make World

Pip-Feels-the-Road-Fall-Off-Him"	canon/canonical_story_tree/all_25_books_latest_full_cycle.txt|canon/canonical_story_tree/books/Book_01_Choices_Make_World/book_content.txt	road	timeline|relationships|scenes|quests|world	implemented_reference_map	reference_extracted_pending_domain_review
WDM-ROUTE-bfc775d5720b	route	Beat	canon/canonical_story_tree/all_25_books_latest_full_cycle.txt|canon/canonical_story_tree/books/Book_01_Choices_Make_World/book_content.txt|canon/canonical_story_tree/world/wowas_world_zone_map.json	crossing|road|route	timeline|relationships|scenes|quests|world	implemented_reference_map	reference_extracted_pending_domain_review
WDM-ROUTE-d5567852243d	route	Closes	canon/canonical_story_tree/all_25_books_latest_full_cycle.txt|canon/canonical_story_tree/books/Book_01_Choices_Make_World/book_content.txt	road	timeline|relationships|scenes|quests|world	implemented_reference_map	reference_extracted_pending_domain_review
WDM-ROUTE-966dd0a428a6	route	Breath	canon/canonical_story_tree/all_25_books_latest_full_cycle.txt|canon/canonical_story_tree/books/Book_01_Choices_Make_World/book_content.txt	road	timeline|relationships|scenes|quests|world	implemented_reference_map	reference_extracted_pending_domain_review
WDM-ROUTE-f55462544238	route	Not	canon/canonical_story_tree/all_25_books_latest_full_cycle.txt|canon/canonical_story_tree/books/Book_01_Choices_Make_World/book_content.txt|canon/canonical_story_tree/books/Book_02_The_Diary_And_The_Blue_Light/book_content.txt|canon/canonical_story_tree/books/Book_03_The_First_Thread/book_content.txt	crossing|road	timeline|relationships|scenes|quests|world	implemented_reference_map	reference_extracted_pending_domain_review
WDM-ROUTE-056f3f62b4b2	route	Resolution	canon/canonical_story_tree/all_25_books_latest_full_cycle.txt|canon/canonical_story_tree/books/Book_01_Choices_Make_World/book_content.txt	road	timeline|relationships|scenes|quests|world	implemented_reference_map	reference_extracted_pending_domain_review
WDM-ROUTE-7a7b07754be6	route	"The-Beat-Closes-on-Breath-Not-Resolution

scene"	canon/canonical_story_tree/all_25_books_latest_full_cycle.txt|canon/canonical_story_tree/books/Book_01_Choices_Make_World/book_content.txt	road	timeline|relationships|scenes|quests|world	implemented_reference_map	reference_extracted_pending_domain_review
WDM-ROUTE-16c70e23e16d	route	"S190
beat"	canon/canonical_story_tree/all_25_books_latest_full_cycle.txt|canon/canonical_story_tree/books/Book_01_Choices_Make_World/book_content.txt	road	timeline|relationships|scenes|quests|world	implemented_reference_map	reference_extracted_pending_domain_review
WDM-ROUTE-1680211e2e0b	route	"Choices Make World

The-Beat-Closes-on-Breath-Not-Resolution"	canon/canonical_story_tree/all_25_books_latest_full_cycle.txt|canon/canonical_story_tree/books/Book_01_Choices_Make_World/book_content.txt	road	timeline|relationships|scenes|quests|world	implemented_reference_map	reference_extracted_pending_domain_review
WDM-ROUTE-3a3da82e8080	route	Sees	canon/canonical_story_tree/all_25_books_latest_full_cycle.txt|canon/canonical_story_tree/books/Book_01_Choices_Make_World/book_content.txt	road	timeline|relationships|scenes|quests|world	implemented_reference_map	reference_extracted_pending_domain_review
WDM-ROUTE-f0486d25d64c	route	What	canon/canonical_story_tree/all_25_books_latest_full_cycle.txt|canon/canonical_story_tree/books/Book_01_Choices_Make_World/book_content.txt	road	timeline|relationships|scenes|quests|world	implemented_reference_map	reference_extracted_pending_domain_review
WDM-ROUTE-62b681a8c036	route	Did	canon/canonical_story_tree/all_25_books_latest_full_cycle.txt|canon/canonical_story_tree/books/Book_01_Choices_Make_World/book_content.txt	road	timeline|relationships|scenes|quests|world	implemented_reference_map	reference_extracted_pending_domain_review
WDM-ROUTE-36152a41fe39	route	"Mack-Sees-What-the-Road-Did

scene"	canon/canonical_story_tree/all_25_books_latest_full_cycle.txt|canon/canonical_story_tree/books/Book_01_Choices_Make_World/book_content.txt	road	timeline|relationships|scenes|quests|world	implemented_reference_map	reference_extracted_pending_domain_review
WDM-ROUTE-be57cf3adbaf	route	"S191
beat"	canon/canonical_story_tree/all_25_books_latest_full_cycle.txt|canon/canonical_story_tree/books/Book_01_Choices_Make_World/book_content.txt	road	timeline|relationships|scenes|quests|world	implemented_reference_map	reference_extracted_pending_domain_review
WDM-ROUTE-99456ef35c31	route	"Choices Make World

Mack-Sees-What-the-Road-Did"	canon/canonical_story_tree/all_25_books_latest_full_cycle.txt|canon/canonical_story_tree/books/Book_01_Choices_Make_World/book_content.txt	road	timeline|relationships|scenes|quests|world	implemented_reference_map	reference_extracted_pending_domain_review
WDM-ROUTE-35b1b3c74941	route	Reenters	canon/canonical_story_tree/all_25_books_latest_full_cycle.txt|canon/canonical_story_tree/books/Book_01_Choices_Make_World/book_content.txt	road	timeline|relationships|scenes|quests|world	implemented_reference_map	reference_extracted_pending_domain_review
WDM-ROUTE-cc0e3fa1f0af	route	Love	canon/canonical_story_tree/all_25_books_latest_full_cycle.txt|canon/canonical_story_tree/books/Book_01_Choices_Make_World/book_content.txt	road	timeline|relationships|scenes|quests|world	implemented_reference_map	reference_extracted_pending_domain_review
WDM-ROUTE-d056704ae3e2	route	While	canon/canonical_story_tree/all_25_books_latest_full_cycle.txt|canon/canonical_story_tree/books/Book_01_Choices_Make_World/book_content.txt	road	timeline|relationships|scenes|quests|world	implemented_reference_map	reference_extracted_pending_domain_review
WDM-ROUTE-791096624927	route	Still	canon/canonical_story_tree/all_25_books_latest_full_cycle.txt|canon/canonical_story_tree/books/Book_01_Choices_Make_World/book_content.txt|canon/canonical_story_tree/world/wowas_world_zone_map.json	road|route	timeline|relationships|scenes|quests|world	implemented_reference_map	reference_extracted_pending_domain_review
WDM-ROUTE-3a2e988b6287	route	Rebalances	canon/canonical_story_tree/all_25_books_latest_full_cycle.txt|canon/canonical_story_tree/books/Book_01_Choices_Make_World/book_content.txt	road	timeline|relationships|scenes|quests|world	implemented_reference_map	reference_extracted_pending_domain_review
WDM-ROUTE-5b9f49a0f760	route	"Mack-Rebalances-Protection

scene"	canon/canonical_story_tree/all_25_books_latest_full_cycle.txt|canon/canonical_story_tree/books/Book_01_Choices_Make_World/book_content.txt	road	timeline|relationships|scenes|quests|world	implemented_reference_map	reference_extracted_pending_domain_review
WDM-ROUTE-5b5850d22cc6	route	"S224
beat"	canon/canonical_story_tree/all_25_books_latest_full_cycle.txt|canon/canonical_story_tree/books/Book_01_Choices_Make_World/book_content.txt	road	timeline|relationships|scenes|quests|world	implemented_reference_map	reference_extracted_pending_domain_review
WDM-ROUTE-e00eb9ad994e	route	"Choices Make World

Mack-Rebalances-Protection"	canon/canonical_story_tree/all_25_books_latest_full_cycle.txt|canon/canonical_story_tree/books/Book_01_Choices_Make_World/book_content.txt	road	timeline|relationships|scenes|quests|world	implemented_reference_map	reference_extracted_pending_domain_review
WDM-ROUTE-3f71045e5b6d	route	Rylos	canon/canonical_story_tree/all_25_books_latest_full_cycle.txt|canon/canonical_story_tree/books/Book_01_Choices_Make_World/book_content.txt	crossing|path|road	timeline|relationships|scenes|quests|world	implemented_reference_map	reference_extracted_pending_domain_review
WDM-ROUTE-fd7c4a0683d7	route	Vayne	canon/canonical_story_tree/all_25_books_latest_full_cycle.txt|canon/canonical_story_tree/books/Book_01_Choices_Make_World/book_content.txt	crossing|path|road	timeline|relationships|scenes|quests|world	implemented_reference_map	reference_extracted_pending_domain_review
WDM-ROUTE-2a3f55d21c0c	route	Johnson	canon/canonical_story_tree/all_25_books_latest_full_cycle.txt|canon/canonical_story_tree/books/Book_01_Choices_Make_World/book_content.txt	crossing|path|road	timeline|relationships|scenes|quests|world	implemented_reference_map	reference_extracted_pending_domain_review
WDM-ROUTE-8c95bc1f62c8	route	Influences	canon/canonical_story_tree/all_25_books_latest_full_cycle.txt|canon/canonical_story_tree/books/Book_01_Choices_Make_World/book_content.txt	road	timeline|relationships|scenes|quests|world	implemented_reference_map	reference_extracted_pending_domain_review
WDM-ROUTE-003c67f6fd41	route	Space	canon/canonical_story_tree/all_25_books_latest_full_cycle.txt|canon/canonical_story_tree/books/Book_01_Choices_Make_World/book_content.txt	road	timeline|relationships|scenes|quests|world	implemented_reference_map	reference_extracted_pending_domain_review
WDM-ROUTE-01fe2f06a8c2	route	Without	canon/canonical_story_tree/all_25_books_latest_full_cycle.txt|canon/canonical_story_tree/books/Book_01_Choices_Make_World/book_content.txt	road	timeline|relationships|scenes|quests|world	implemented_reference_map	reference_extracted_pending_domain_review
WDM-ROUTE-5bf41f4daab7	route	Trying	canon/canonical_story_tree/all_25_books_latest_full_cycle.txt|canon/canonical_story_tree/books/Book_01_Choices_Make_World/book_content.txt	road	timeline|relationships|scenes|quests|world	implemented_reference_map	reference_extracted_pending_domain_review
WDM-ROUTE-c60ede599c09	route	"Rylos Vayne Johnson-Influences-the-Space-Without-Trying-To

scene"	canon/canonical_story_tree/all_25_books_latest_full_cycle.txt|canon/canonical_story_tree/books/Book_01_Choices_Make_World/book_content.txt	road	timeline|relationships|scenes|quests|world	implemented_reference_map	reference_extracted_pending_domain_review
WDM-ROUTE-aed8e251e269	route	"Choices Make World

The-Beat-Ends-on-Preparation-Not-Panic"	canon/canonical_story_tree/all_25_books_latest_full_cycle.txt|canon/canonical_story_tree/books/Book_01_Choices_Make_World/book_content.txt	road	timeline|relationships|scenes|quests|world	implemented_reference_map	reference_extracted_pending_domain_review
WDM-ROUTE-7411d158d767	route	Looks	canon/canonical_story_tree/all_25_books_latest_full_cycle.txt|canon/canonical_story_tree/books/Book_01_Choices_Make_World/book_content.txt	road	timeline|relationships|scenes|quests|world	implemented_reference_map	reference_extracted_pending_domain_review
WDM-ROUTE-d2f92c95bc7f	route	Back	canon/canonical_story_tree/all_25_books_latest_full_cycle.txt|canon/canonical_story_tree/books/Book_01_Choices_Make_World/book_content.txt	road	timeline|relationships|scenes|quests|world	implemented_reference_map	reference_extracted_pending_domain_review
WDM-ROUTE-f0184d0e1045	route	From	canon/canonical_story_tree/all_25_books_latest_full_cycle.txt|canon/canonical_story_tree/books/Book_01_Choices_Make_World/book_content.txt|canon/canonical_story_tree/world/wowas_world_zone_map.json	road|route	timeline|relationships|scenes|quests|world	implemented_reference_map	reference_extracted_pending_domain_review
WDM-ROUTE-21d02eff2f82	route	Within	canon/canonical_story_tree/all_25_books_latest_full_cycle.txt|canon/canonical_story_tree/books/Book_01_Choices_Make_World/book_content.txt	road	timeline|relationships|scenes|quests|world	implemented_reference_map	reference_extracted_pending_domain_review
WDM-ROUTE-eb70e9980f21	route	Shelter	canon/canonical_story_tree/all_25_books_latest_full_cycle.txt|canon/canonical_story_tree/books/Book_01_Choices_Make_World/book_content.txt	road	timeline|relationships|scenes|quests|world	implemented_reference_map	reference_extracted_pending_domain_review
WDM-ROUTE-d052409535c0	route	"Pip-Looks-Back-at-the-Road-From-Within-Shelter

scene"	canon/canonical_story_tree/all_25_books_latest_full_cycle.txt|canon/canonical_story_tree/books/Book_01_Choices_Make_World/book_content.txt	road	timeline|relationships|scenes|quests|world	implemented_reference_map	reference_extracted_pending_domain_review
WDM-ROUTE-462f8454d85c	route	"S241
beat"	canon/canonical_story_tree/all_25_books_latest_full_cycle.txt|canon/canonical_story_tree/books/Book_01_Choices_Make_World/book_content.txt	road	timeline|relationships|scenes|quests|world	implemented_reference_map	reference_extracted_pending_domain_review
WDM-ROUTE-637ca94311d4	route	"Choices Make World

Pip-Looks-Back-at-the-Road-From-Within-Shelter"	canon/canonical_story_tree/all_25_books_latest_full_cycle.txt|canon/canonical_story_tree/books/Book_01_Choices_Make_World/book_content.txt	road	timeline|relationships|scenes|quests|world	implemented_reference_map	reference_extracted_pending_domain_review
WDM-ROUTE-eed077f29274	route	Now	canon/canonical_story_tree/all_25_books_latest_full_cycle.txt|canon/canonical_story_tree/books/Book_01_Choices_Make_World/book_content.txt	road	timeline|relationships|scenes|quests|world	implemented_reference_map	reference_extracted_pending_domain_review
WDM-ROUTE-7cebc5614ff4	route	Part	canon/canonical_story_tree/all_25_books_latest_full_cycle.txt|canon/canonical_story_tree/books/Book_01_Choices_Make_World/book_content.txt	road	timeline|relationships|scenes|quests|world	implemented_reference_map	reference_extracted_pending_domain_review
WDM-ROUTE-0a0e5b6ab147	route	Constellation	canon/canonical_story_tree/all_25_books_latest_full_cycle.txt|canon/canonical_story_tree/books/Book_01_Choices_Make_World/book_content.txt	road	timeline|relationships|scenes|quests|world	implemented_reference_map	reference_extracted_pending_domain_review
WDM-ROUTE-d1816bedda14	route	"Rylos Vayne Johnson-Becomes-Example-Not-Exception

scene"	canon/canonical_story_tree/all_25_books_latest_full_cycle.txt|canon/canonical_story_tree/books/Book_01_Choices_Make_World/book_content.txt	road	timeline|relationships|scenes|quests|world	implemented_reference_map	reference_extracted_pending_domain_review
WDM-ROUTE-3b2ec480b1ec	route	"S331
beat"	canon/canonical_story_tree/all_25_books_latest_full_cycle.txt|canon/canonical_story_tree/books/Book_01_Choices_Make_World/book_content.txt	road	timeline|relationships|scenes|quests|world	implemented_reference_map	reference_extracted_pending_domain_review
WDM-ROUTE-c0cdef6ba430	route	Johnson-Becomes-Example-Not-Exception	canon/canonical_story_tree/all_25_books_latest_full_cycle.txt|canon/canonical_story_tree/books/Book_01_Choices_Make_World/book_content.txt	road	timeline|relationships|scenes|quests|world	implemented_reference_map	reference_extracted_pending_domain_review
WDM-ROUTE-1232e93a2552	route	Scale	canon/canonical_story_tree/all_25_books_latest_full_cycle.txt|canon/canonical_story_tree/books/Book_01_Choices_Make_World/book_content.txt	road	timeline|relationships|scenes|quests|world	implemented_reference_map	reference_extracted_pending_domain_review
WDM-ROUTE-8f6c19bcfe35	route	Need	canon/canonical_story_tree/all_25_books_latest_full_cycle.txt|canon/canonical_story_tree/books/Book_01_Choices_Make_World/book_content.txt	road	timeline|relationships|scenes|quests|world	implemented_reference_map	reference_extracted_pending_domain_review
WDM-ROUTE-8d1267f456a9	route	Losing	canon/canonical_story_tree/all_25_books_latest_full_cycle.txt|canon/canonical_story_tree/books/Book_01_Choices_Make_World/book_content.txt	road	timeline|relationships|scenes|quests|world	implemented_reference_map	reference_extracted_pending_domain_review
WDM-ROUTE-a1fc2208721d	route	Particular	canon/canonical_story_tree/all_25_books_latest_full_cycle.txt|canon/canonical_story_tree/books/Book_01_Choices_Make_World/book_content.txt	road	timeline|relationships|scenes|quests|world	implemented_reference_map	reference_extracted_pending_domain_review
WDM-ROUTE-2f674b4c0e84	route	"Pip-Feels-the-Scale-of-Need-Without-Losing-the-Particular

scene"	canon/canonical_story_tree/all_25_books_latest_full_cycle.txt|canon/canonical_story_tree/books/Book_01_Choices_Make_World/book_content.txt	road	timeline|relationships|scenes|quests|world	implemented_reference_map	reference_extracted_pending_domain_review
WDM-ROUTE-7a59f52abbe4	route	"Choices Make World

Rest-Is-Recast-as-Preparation"	canon/canonical_story_tree/all_25_books_latest_full_cycle.txt|canon/canonical_story_tree/books/Book_01_Choices_Make_World/book_content.txt	road	timeline|relationships|scenes|quests|world	implemented_reference_map	reference_extracted_pending_domain_review
WDM-ROUTE-7d26258c72b3	route	Stirring	canon/canonical_story_tree/all_25_books_latest_full_cycle.txt|canon/canonical_story_tree/books/Book_01_Choices_Make_World/book_content.txt	road	timeline|relationships|scenes|quests|world	implemented_reference_map	reference_extracted_pending_domain_review
WDM-ROUTE-e3e4acf9c495	route	Next	canon/canonical_story_tree/all_25_books_latest_full_cycle.txt|canon/canonical_story_tree/books/Book_01_Choices_Make_World/book_content.txt	road	timeline|relationships|scenes|quests|world	implemented_reference_map	reference_extracted_pending_domain_review
WDM-ROUTE-13b40f293333	route	"Pip-Feels-the-Stirring-of-the-Next-Road

scene"	canon/canonical_story_tree/all_25_books_latest_full_cycle.txt|canon/canonical_story_tree/books/Book_01_Choices_Make_World/book_content.txt	road	timeline|relationships|scenes|quests|world	implemented_reference_map	reference_extracted_pending_domain_review
WDM-ROUTE-15bebfba2353	route	"S363
beat"	canon/canonical_story_tree/all_25_books_latest_full_cycle.txt|canon/canonical_story_tree/books/Book_01_Choices_Make_World/book_content.txt	road	timeline|relationships|scenes|quests|world	implemented_reference_map	reference_extracted_pending_domain_review
WDM-ROUTE-c2d8a4c1288f	route	"Choices Make World

Pip-Feels-the-Stirring-of-the-Next-Road"	canon/canonical_story_tree/all_25_books_latest_full_cycle.txt|canon/canonical_story_tree/books/Book_01_Choices_Make_World/book_content.txt	road	timeline|relationships|scenes|quests|world	implemented_reference_map	reference_extracted_pending_domain_review
WDM-ROUTE-9691f922b393	route	Understands	canon/canonical_story_tree/all_25_books_latest_full_cycle.txt|canon/canonical_story_tree/books/Book_01_Choices_Make_World/book_content.txt	road	timeline|relationships|scenes|quests|world	implemented_reference_map	reference_extracted_pending_domain_review
WDM-ROUTE-c3e587e05a23	route	May	canon/canonical_story_tree/all_25_books_latest_full_cycle.txt|canon/canonical_story_tree/books/Book_01_Choices_Make_World/book_content.txt	road	timeline|relationships|scenes|quests|world	implemented_reference_map	reference_extracted_pending_domain_review
WDM-ROUTE-8477d30a39fa	route	Have	canon/canonical_story_tree/all_25_books_latest_full_cycle.txt|canon/canonical_story_tree/books/Book_01_Choices_Make_World/book_content.txt	road	timeline|relationships|scenes|quests|world	implemented_reference_map	reference_extracted_pending_domain_review
WDM-ROUTE-66078ba58c4c	route	Travel	canon/canonical_story_tree/all_25_books_latest_full_cycle.txt|canon/canonical_story_tree/books/Book_01_Choices_Make_World/book_content.txt	road	timeline|relationships|scenes|quests|world	implemented_reference_map	reference_extracted_pending_domain_review
WDM-ROUTE-644e2c56d6c9	route	Further	canon/canonical_story_tree/all_25_books_latest_full_cycle.txt|canon/canonical_story_tree/books/Book_01_Choices_Make_World/book_content.txt	road	timeline|relationships|scenes|quests|world	implemented_reference_map	reference_extracted_pending_domain_review
WDM-ROUTE-00b75965d039	route	Than	canon/canonical_story_tree/all_25_books_latest_full_cycle.txt|canon/canonical_story_tree/books/Book_01_Choices_Make_World/book_content.txt	road	timeline|relationships|scenes|quests|world	implemented_reference_map	reference_extracted_pending_domain_review
WDM-ROUTE-4ac6cdf43be8	route	Hoped	canon/canonical_story_tree/all_25_books_latest_full_cycle.txt|canon/canonical_story_tree/books/Book_01_Choices_Make_World/book_content.txt	road	timeline|relationships|scenes|quests|world	implemented_reference_map	reference_extracted_pending_domain_review
WDM-ROUTE-4168720081cd	route	"Rylos Vayne Johnson-Understands-He-May-Have-to-Travel-Further-Than-He-Hoped

scene"	canon/canonical_story_tree/all_25_books_latest_full_cycle.txt|canon/canonical_story_tree/books/Book_01_Choices_Make_World/book_content.txt	road	timeline|relationships|scenes|quests|world	implemented_reference_map	reference_extracted_pending_domain_review
WDM-ROUTE-3c508aa7746c	route	"Rylos Vayne Johnson-Starts-Finding-Places-Beyond-Pip-Alone

scene"	canon/canonical_story_tree/all_25_books_latest_full_cycle.txt|canon/canonical_story_tree/books/Book_01_Choices_Make_World/book_content.txt	road	timeline|relationships|scenes|quests|world	implemented_reference_map	reference_extracted_pending_domain_review
WDM-ROUTE-91431c482daf	route	"S370
beat"	canon/canonical_story_tree/all_25_books_latest_full_cycle.txt|canon/canonical_story_tree/books/Book_01_Choices_Make_World/book_content.txt	road	timeline|relationships|scenes|quests|world	implemented_reference_map	reference_extracted_pending_domain_review
WDM-ROUTE-530466fcd957	route	Johnson-Starts-Finding-Places-Beyond-Pip-Alone	canon/canonical_story_tree/all_25_books_latest_full_cycle.txt|canon/canonical_story_tree/books/Book_01_Choices_Make_World/book_content.txt	road	timeline|relationships|scenes|quests|world	implemented_reference_map	reference_extracted_pending_domain_review
WDM-ROUTE-d10bb8ac3163	route	Holds	canon/canonical_story_tree/all_25_books_latest_full_cycle.txt|canon/canonical_story_tree/books/Book_01_Choices_Make_World/book_content.txt	road	timeline|relationships|scenes|quests|world	implemented_reference_map	reference_extracted_pending_domain_review
WDM-ROUTE-c8f7f297b189	route	Widening	canon/canonical_story_tree/all_25_books_latest_full_cycle.txt|canon/canonical_story_tree/books/Book_01_Choices_Make_World/book_content.txt	road	timeline|relationships|scenes|quests|world	implemented_reference_map	reference_extracted_pending_domain_review
WDM-ROUTE-e7d88b689e26	route	Core	canon/canonical_story_tree/all_25_books_latest_full_cycle.txt|canon/canonical_story_tree/books/Book_01_Choices_Make_World/book_content.txt	road	timeline|relationships|scenes|quests|world	implemented_reference_map	reference_extracted_pending_domain_review
WDM-ROUTE-fcdaf843a05d	route	"Mack-Holds-the-Widening-Without-Losing-the-Core

scene"	canon/canonical_story_tree/all_25_books_latest_full_cycle.txt|canon/canonical_story_tree/books/Book_01_Choices_Make_World/book_content.txt	road	timeline|relationships|scenes|quests|world	implemented_reference_map	reference_extracted_pending_domain_review
WDM-ROUTE-7f6eac5a17c1	route	"separate beat
This is the"	canon/canonical_story_tree/all_25_books_latest_full_cycle.txt|canon/canonical_story_tree/books/Book_01_Choices_Make_World/book_content.txt	path|road	timeline|relationships|scenes|quests|world	implemented_reference_map	reference_extracted_pending_domain_review
WDM-ROUTE-68456c49f808	route	actual pivot from ordinary magical	canon/canonical_story_tree/all_25_books_latest_full_cycle.txt|canon/canonical_story_tree/books/Book_01_Choices_Make_World/book_content.txt	path|road	timeline|relationships|scenes|quests|world	implemented_reference_map	reference_extracted_pending_domain_review
WDM-ROUTE-76c099a99bab	route	selection into anomaly-detection	canon/canonical_story_tree/all_25_books_latest_full_cycle.txt|canon/canonical_story_tree/books/Book_01_Choices_Make_World/book_content.txt	path|road	timeline|relationships|scenes|quests|world	implemented_reference_map	reference_extracted_pending_domain_review
WDM-ROUTE-1b2d7f632dac	route	It is the moment his	canon/canonical_story_tree/all_25_books_latest_full_cycle.txt|canon/canonical_story_tree/books/Book_01_Choices_Make_World/book_content.txt	path|road	timeline|relationships|scenes|quests|world	implemented_reference_map	reference_extracted_pending_domain_review
WDM-ROUTE-c28fbb3f038d	route	discernment chooses the path	canon/canonical_story_tree/all_25_books_latest_full_cycle.txt|canon/canonical_story_tree/books/Book_01_Choices_Make_World/book_content.txt	path|road	timeline|relationships|scenes|quests|world	implemented_reference_map	reference_extracted_pending_domain_review
WDM-ROUTE-4313baa58ea8	route	"Dedupe note
Do not merge"	canon/canonical_story_tree/all_25_books_latest_full_cycle.txt|canon/canonical_story_tree/books/Book_01_Choices_Make_World/book_content.txt	path|road	timeline|relationships|scenes|quests|world	implemented_reference_map	reference_extracted_pending_domain_review
WDM-ROUTE-fdf233c32f52	route	this into the broader Restricted	canon/canonical_story_tree/all_25_books_latest_full_cycle.txt|canon/canonical_story_tree/books/Book_01_Choices_Make_World/book_content.txt	path|road	timeline|relationships|scenes|quests|world	implemented_reference_map	reference_extracted_pending_domain_review
WDM-ROUTE-e7fdd2cb0468	route	Section beat	canon/canonical_story_tree/all_25_books_latest_full_cycle.txt|canon/canonical_story_tree/books/Book_01_Choices_Make_World/book_content.txt	path|road	timeline|relationships|scenes|quests|world	implemented_reference_map	reference_extracted_pending_domain_review
WDM-ROUTE-75126aa0863f	route	The room-entry and the discernment	canon/canonical_story_tree/all_25_books_latest_full_cycle.txt|canon/canonical_story_tree/books/Book_01_Choices_Make_World/book_content.txt	path|road	timeline|relationships|scenes|quests|world	implemented_reference_map	reference_extracted_pending_domain_review
WDM-ROUTE-800b7d5e70eb	route	pivot are separate actions	canon/canonical_story_tree/all_25_books_latest_full_cycle.txt|canon/canonical_story_tree/books/Book_01_Choices_Make_World/book_content.txt	path|road	timeline|relationships|scenes|quests|world	implemented_reference_map	reference_extracted_pending_domain_review
WDM-ROUTE-1daa89fd6137	route	both matter	canon/canonical_story_tree/all_25_books_latest_full_cycle.txt|canon/canonical_story_tree/books/Book_01_Choices_Make_World/book_content.txt	path	timeline|relationships|scenes|quests|world	implemented_reference_map	reference_extracted_pending_domain_review
WDM-ROUTE-4cd26624fb3a	route	S283 The-Pair-Bond-Starts-Shaping-Decision-Logic	canon/canonical_story_tree/all_25_books_latest_full_cycle.txt|canon/canonical_story_tree/books/Book_01_Choices_Make_World/book_content.txt	path	timeline|relationships|scenes|quests|world	implemented_reference_map	reference_extracted_pending_domain_review
WDM-ROUTE-e7a5d385d612	route	Choices now get filtered through	canon/canonical_story_tree/all_25_books_latest_full_cycle.txt|canon/canonical_story_tree/books/Book_01_Choices_Make_World/book_content.txt	path	timeline|relationships|scenes|quests|world	implemented_reference_map	reference_extracted_pending_domain_review
WDM-ROUTE-44738dbe4689	route	shared consequence	canon/canonical_story_tree/all_25_books_latest_full_cycle.txt|canon/canonical_story_tree/books/Book_01_Choices_Make_World/book_content.txt	path	timeline|relationships|scenes|quests|world	implemented_reference_map	reference_extracted_pending_domain_review
WDM-ROUTE-a241e1dfab07	route	S284 Mack-Notices-the-Structural-Shift	canon/canonical_story_tree/all_25_books_latest_full_cycle.txt|canon/canonical_story_tree/books/Book_01_Choices_Make_World/book_content.txt	path	timeline|relationships|scenes|quests|world	implemented_reference_map	reference_extracted_pending_domain_review
WDM-ROUTE-857096a9d938	route	This is no longer sympathy	canon/canonical_story_tree/all_25_books_latest_full_cycle.txt|canon/canonical_story_tree/books/Book_01_Choices_Make_World/book_content.txt	path	timeline|relationships|scenes|quests|world	implemented_reference_map	reference_extracted_pending_domain_review
WDM-ROUTE-7d4776cc2f21	route	it is orbit becoming architecture	canon/canonical_story_tree/all_25_books_latest_full_cycle.txt|canon/canonical_story_tree/books/Book_01_Choices_Make_World/book_content.txt	path	timeline|relationships|scenes|quests|world	implemented_reference_map	reference_extracted_pending_domain_review
WDM-ROUTE-ac12cba747c5	route	S285 Rylos Vayne Johnson-Tests-Whether-He-Is-Really-Included	canon/canonical_story_tree/all_25_books_latest_full_cycle.txt|canon/canonical_story_tree/books/Book_01_Choices_Make_World/book_content.txt	path	timeline|relationships|scenes|quests|world	implemented_reference_map	reference_extracted_pending_domain_review
WDM-ROUTE-0e23704eed94	route	Through humor	canon/canonical_story_tree/all_25_books_latest_full_cycle.txt|canon/canonical_story_tree/books/Book_01_Choices_Make_World/book_content.txt	path	timeline|relationships|scenes|quests|world	implemented_reference_map	reference_extracted_pending_domain_review
WDM-ROUTE-92eaea36e54d	route	challenge	canon/canonical_story_tree/all_25_books_latest_full_cycle.txt|canon/canonical_story_tree/books/Book_01_Choices_Make_World/book_content.txt	path	timeline|relationships|scenes|quests|world	implemented_reference_map	reference_extracted_pending_domain_review
WDM-ROUTE-c92f929c219b	route	or caution	canon/canonical_story_tree/all_25_books_latest_full_cycle.txt|canon/canonical_story_tree/books/Book_01_Choices_Make_World/book_content.txt	path	timeline|relationships|scenes|quests|world	implemented_reference_map	reference_extracted_pending_domain_review
WDM-ROUTE-bc9a76c69f26	route	he probes whether Pip means	canon/canonical_story_tree/all_25_books_latest_full_cycle.txt|canon/canonical_story_tree/books/Book_01_Choices_Make_World/book_content.txt	path	timeline|relationships|scenes|quests|world	implemented_reference_map	reference_extracted_pending_domain_review
WDM-ROUTE-38d07bd18d81	route	what his behavior suggests	canon/canonical_story_tree/all_25_books_latest_full_cycle.txt|canon/canonical_story_tree/books/Book_01_Choices_Make_World/book_content.txt	path	timeline|relationships|scenes|quests|world	implemented_reference_map	reference_extracted_pending_domain_review
WDM-ROUTE-e2af6a683c75	route	Notices	canon/canonical_story_tree/all_25_books_latest_full_cycle.txt|canon/canonical_story_tree/books/Book_01_Choices_Make_World/book_content.txt	path	timeline|relationships|scenes|quests|world	implemented_reference_map	reference_extracted_pending_domain_review
WDM-ROUTE-4e81ce468398	route	Structural	canon/canonical_story_tree/all_25_books_latest_full_cycle.txt|canon/canonical_story_tree/books/Book_01_Choices_Make_World/book_content.txt	path	timeline|relationships|scenes|quests|world	implemented_reference_map	reference_extracted_pending_domain_review
WDM-ROUTE-81f0457ac8ae	route	Shift	canon/canonical_story_tree/all_25_books_latest_full_cycle.txt|canon/canonical_story_tree/books/Book_01_Choices_Make_World/book_content.txt	path	timeline|relationships|scenes|quests|world	implemented_reference_map	reference_extracted_pending_domain_review
WDM-ROUTE-ae83dd46ed5d	route	"Mack-Notices-the-Structural-Shift

scene"	canon/canonical_story_tree/all_25_books_latest_full_cycle.txt|canon/canonical_story_tree/books/Book_01_Choices_Make_World/book_content.txt	path	timeline|relationships|scenes|quests|world	implemented_reference_map	reference_extracted_pending_domain_review
WDM-ROUTE-30e988dcf752	route	"S284
beat"	canon/canonical_story_tree/all_25_books_latest_full_cycle.txt|canon/canonical_story_tree/books/Book_01_Choices_Make_World/book_content.txt	path	timeline|relationships|scenes|quests|world	implemented_reference_map	reference_extracted_pending_domain_review
WDM-ROUTE-9c23d1fc035a	route	"Choices Make World

Mack-Notices-the-Structural-Shift"	canon/canonical_story_tree/all_25_books_latest_full_cycle.txt|canon/canonical_story_tree/books/Book_01_Choices_Make_World/book_content.txt	path	timeline|relationships|scenes|quests|world	implemented_reference_map	reference_extracted_pending_domain_review
WDM-ROUTE-fa64c42e811e	route	Tests	canon/canonical_story_tree/all_25_books_latest_full_cycle.txt|canon/canonical_story_tree/books/Book_01_Choices_Make_World/book_content.txt	path	timeline|relationships|scenes|quests|world	implemented_reference_map	reference_extracted_pending_domain_review
WDM-ROUTE-70994ed2d431	route	Whether	canon/canonical_story_tree/all_25_books_latest_full_cycle.txt|canon/canonical_story_tree/books/Book_01_Choices_Make_World/book_content.txt	path	timeline|relationships|scenes|quests|world	implemented_reference_map	reference_extracted_pending_domain_review
WDM-ROUTE-f92cc4c5b9a2	route	Really	canon/canonical_story_tree/all_25_books_latest_full_cycle.txt|canon/canonical_story_tree/books/Book_01_Choices_Make_World/book_content.txt	path	timeline|relationships|scenes|quests|world	implemented_reference_map	reference_extracted_pending_domain_review
WDM-ROUTE-39235f8c5155	route	Included	canon/canonical_story_tree/all_25_books_latest_full_cycle.txt|canon/canonical_story_tree/books/Book_01_Choices_Make_World/book_content.txt	path	timeline|relationships|scenes|quests|world	implemented_reference_map	reference_extracted_pending_domain_review
WDM-ROUTE-b18aa3b3bd76	route	"Rylos Vayne Johnson-Tests-Whether-He-Is-Really-Included

scene"	canon/canonical_story_tree/all_25_books_latest_full_cycle.txt|canon/canonical_story_tree/books/Book_01_Choices_Make_World/book_content.txt	path	timeline|relationships|scenes|quests|world	implemented_reference_map	reference_extracted_pending_domain_review
WDM-ROUTE-0dcb41c71ef2	route	black-hole silence in	canon/canonical_story_tree/all_25_books_latest_full_cycle.txt|canon/canonical_story_tree/books/Book_01_Choices_Make_World/book_content.txt	path	timeline|relationships|scenes|quests|world	implemented_reference_map	reference_extracted_pending_domain_review
WDM-ROUTE-adce9c06b677	route	hidden alcove	canon/canonical_story_tree/all_25_books_latest_full_cycle.txt|canon/canonical_story_tree/books/Book_01_Choices_Make_World/book_content.txt	path	timeline|relationships|scenes|quests|world	implemented_reference_map	reference_extracted_pending_domain_review
WDM-ROUTE-2f1bf14626d7	route	Why this is	canon/canonical_story_tree/all_25_books_latest_full_cycle.txt|canon/canonical_story_tree/books/Book_01_Choices_Make_World/book_content.txt	path	timeline|relationships|scenes|quests|world	implemented_reference_map	reference_extracted_pending_domain_review
WDM-ROUTE-9e299e4a55c6	route	The Shattered Song Prophecy	canon/canonical_story_tree/books/Book_01_Choices_Make_World/book_content.txt	crossing	timeline|relationships|scenes|quests|world	implemented_reference_map	reference_extracted_pending_domain_review
WDM-ROUTE-5d15b1041f3e	route	Mack Is Dying By Time	canon/canonical_story_tree/books/Book_01_Choices_Make_World/book_content.txt	crossing	timeline|relationships|scenes|quests|world	implemented_reference_map	reference_extracted_pending_domain_review
WDM-ROUTE-83be96168c89	route	Chrono Coral Alarm	canon/canonical_story_tree/books/Book_01_Choices_Make_World/book_content.txt	crossing	timeline|relationships|scenes|quests|world	implemented_reference_map	reference_extracted_pending_domain_review
WDM-ROUTE-cf3804bff386	route	The Aortic Labyrinth	canon/canonical_story_tree/books/Book_01_Choices_Make_World/book_content.txt	crossing	timeline|relationships|scenes|quests|world	implemented_reference_map	reference_extracted_pending_domain_review
WDM-ROUTE-533413cd465d	route	The Heart Chronometer	canon/canonical_story_tree/books/Book_01_Choices_Make_World/book_content.txt	crossing	timeline|relationships|scenes|quests|world	implemented_reference_map	reference_extracted_pending_domain_review
WDM-ROUTE-97802121be4e	route	Crossing The Chrono Chasm	canon/canonical_story_tree/books/Book_01_Choices_Make_World/book_content.txt	crossing	timeline|relationships|scenes|quests|world	implemented_reference_map	reference_extracted_pending_domain_review
WDM-ROUTE-9464b3ef57ba	route	The Corrupted Guardian	canon/canonical_story_tree/books/Book_01_Choices_Make_World/book_content.txt	crossing	timeline|relationships|scenes|quests|world	implemented_reference_map	reference_extracted_pending_domain_review
WDM-ROUTE-035f1be85530	route	The Protection Song	canon/canonical_story_tree/books/Book_01_Choices_Make_World/book_content.txt	crossing	timeline|relationships|scenes|quests|world	implemented_reference_map	reference_extracted_pending_domain_review
WDM-ROUTE-df823e25a34b	route	The Fifteenth Birthday	canon/canonical_story_tree/books/Book_01_Choices_Make_World/book_content.txt	crossing	timeline|relationships|scenes|quests|world	implemented_reference_map	reference_extracted_pending_domain_review
WDM-ROUTE-b89ccf47a75f	route	Mack And The Oasis	canon/canonical_story_tree/books/Book_01_Choices_Make_World/book_content.txt	crossing	timeline|relationships|scenes|quests|world	implemented_reference_map	reference_extracted_pending_domain_review
WDM-ROUTE-085ca532bad3	route	The Quicksilver Test	canon/canonical_story_tree/books/Book_01_Choices_Make_World/book_content.txt	crossing	timeline|relationships|scenes|quests|world	implemented_reference_map	reference_extracted_pending_domain_review
WDM-ROUTE-929bc4f5eb1c	route	TBD	canon/canonical_story_tree/books/Book_01_Choices_Make_World/book_content.txt	crossing	timeline|relationships|scenes|quests|world	implemented_reference_map	reference_extracted_pending_domain_review
WDM-ROUTE-1172ad831d40	route	notes	canon/canonical_story_tree/books/Book_01_Choices_Make_World/book_content.txt	crossing	timeline|relationships|scenes|quests|world	implemented_reference_map	reference_extracted_pending_domain_review
WDM-ROUTE-6cd73cb006d9	route	sequence	canon/canonical_story_tree/books/Book_01_Choices_Make_World/book_content.txt	crossing	timeline|relationships|scenes|quests|world	implemented_reference_map	reference_extracted_pending_domain_review
WDM-ROUTE-8b3aa4ec926c	route	position	canon/canonical_story_tree/books/Book_01_Choices_Make_World/book_content.txt	crossing	timeline|relationships|scenes|quests|world	implemented_reference_map	reference_extracted_pending_domain_review
WDM-ROUTE-c345b6de85db	route	absolute	canon/canonical_story_tree/books/Book_01_Choices_Make_World/book_content.txt	crossing	timeline|relationships|scenes|quests|world	implemented_reference_map	reference_extracted_pending_domain_review
WDM-ROUTE-bcf0370c5d41	route	era	canon/canonical_story_tree/books/Book_01_Choices_Make_World/book_content.txt	crossing	timeline|relationships|scenes|quests|world	implemented_reference_map	reference_extracted_pending_domain_review
WDM-ROUTE-5dac16225a96	route	linked	canon/canonical_story_tree/books/Book_01_Choices_Make_World/book_content.txt	crossing	timeline|relationships|scenes|quests|world	implemented_reference_map	reference_extracted_pending_domain_review
WDM-ROUTE-9e021ca7f505	route	locations	canon/canonical_story_tree/books/Book_01_Choices_Make_World/book_content.txt|canon/canonical_story_tree/world/wowas_world_zone_map.json	crossing|route	timeline|relationships|scenes|quests|world	implemented_reference_map	reference_extracted_pending_domain_review
WDM-ROUTE-5cd5849d6fd2	route	return to before	canon/canonical_story_tree/all_25_books_latest_full_cycle.txt|canon/canonical_story_tree/books/Book_01_Choices_Make_World/book_content.txt	crossing	timeline|relationships|scenes|quests|world	implemented_reference_map	reference_extracted_pending_domain_review
WDM-ROUTE-256befdd0ee5	route	it is	canon/canonical_story_tree/all_25_books_latest_full_cycle.txt|canon/canonical_story_tree/books/Book_01_Choices_Make_World/book_content.txt	crossing	timeline|relationships|scenes|quests|world	implemented_reference_map	reference_extracted_pending_domain_review
WDM-ROUTE-4bddf641a1aa	route	crossing into familiar love as	canon/canonical_story_tree/all_25_books_latest_full_cycle.txt|canon/canonical_story_tree/books/Book_01_Choices_Make_World/book_content.txt	crossing	timeline|relationships|scenes|quests|world	implemented_reference_map	reference_extracted_pending_domain_review
WDM-ROUTE-0dc1e54a17d2	route	different self	canon/canonical_story_tree/all_25_books_latest_full_cycle.txt|canon/canonical_story_tree/books/Book_01_Choices_Make_World/book_content.txt	crossing	timeline|relationships|scenes|quests|world	implemented_reference_map	reference_extracted_pending_domain_review
WDM-ROUTE-4a9bbb1b7cd6	route	S193 Rylos Vayne Johnson-Meets-Mack-As-Presence-Not-Idea	canon/canonical_story_tree/all_25_books_latest_full_cycle.txt|canon/canonical_story_tree/books/Book_01_Choices_Make_World/book_content.txt	crossing	timeline|relationships|scenes|quests|world	implemented_reference_map	reference_extracted_pending_domain_review
WDM-ROUTE-2e5883c221c7	route	The guardian becomes real	canon/canonical_story_tree/all_25_books_latest_full_cycle.txt|canon/canonical_story_tree/books/Book_01_Choices_Make_World/book_content.txt	crossing	timeline|relationships|scenes|quests|world	implemented_reference_map	reference_extracted_pending_domain_review
WDM-ROUTE-8611ac456095	route	and the emotional scale of	canon/canonical_story_tree/all_25_books_latest_full_cycle.txt|canon/canonical_story_tree/books/Book_01_Choices_Make_World/book_content.txt	crossing	timeline|relationships|scenes|quests|world	implemented_reference_map	reference_extracted_pending_domain_review
WDM-ROUTE-6ea22182276d	route	Pip's attachment makes sense in	canon/canonical_story_tree/all_25_books_latest_full_cycle.txt|canon/canonical_story_tree/books/Book_01_Choices_Make_World/book_content.txt	crossing	timeline|relationships|scenes|quests|world	implemented_reference_map	reference_extracted_pending_domain_review
WDM-ROUTE-2245f7ede9e3	route	this distinction matters immediately	canon/canonical_story_tree/all_25_books_latest_full_cycle.txt|canon/canonical_story_tree/books/Book_01_Choices_Make_World/book_content.txt	crossing	timeline|relationships|scenes|quests|world	implemented_reference_map	reference_extracted_pending_domain_review
WDM-ROUTE-a16b3d1e6a16	route	S199 The-Return-Is-a-Witnessed-Event	canon/canonical_story_tree/all_25_books_latest_full_cycle.txt|canon/canonical_story_tree/books/Book_01_Choices_Make_World/book_content.txt	crossing	timeline|relationships|scenes|quests|world	implemented_reference_map	reference_extracted_pending_domain_review
WDM-ROUTE-467b65487bca	route	Others or the setting itself	canon/canonical_story_tree/all_25_books_latest_full_cycle.txt|canon/canonical_story_tree/books/Book_01_Choices_Make_World/book_content.txt	crossing	timeline|relationships|scenes|quests|world	implemented_reference_map	reference_extracted_pending_domain_review
WDM-ROUTE-12cdc301dccf	route	register that Pip did not	canon/canonical_story_tree/all_25_books_latest_full_cycle.txt|canon/canonical_story_tree/books/Book_01_Choices_Make_World/book_content.txt	crossing	timeline|relationships|scenes|quests|world	implemented_reference_map	reference_extracted_pending_domain_review
WDM-ROUTE-59b19a15cd1c	route	simply come back	canon/canonical_story_tree/all_25_books_latest_full_cycle.txt|canon/canonical_story_tree/books/Book_01_Choices_Make_World/book_content.txt	crossing	timeline|relationships|scenes|quests|world	implemented_reference_map	reference_extracted_pending_domain_review
WDM-ROUTE-d108c41c2afc	route	he brought fate with him	canon/canonical_story_tree/all_25_books_latest_full_cycle.txt|canon/canonical_story_tree/books/Book_01_Choices_Make_World/book_content.txt	crossing	timeline|relationships|scenes|quests|world	implemented_reference_map	reference_extracted_pending_domain_review
WDM-ROUTE-2753ce8f93b9	route	S200 The-Crossing-Is-Complete	canon/canonical_story_tree/all_25_books_latest_full_cycle.txt|canon/canonical_story_tree/books/Book_01_Choices_Make_World/book_content.txt	crossing	timeline|relationships|scenes|quests|world	implemented_reference_map	reference_extracted_pending_domain_review
WDM-ROUTE-def1a549fbf3	route	By the end of the	canon/canonical_story_tree/all_25_books_latest_full_cycle.txt|canon/canonical_story_tree/books/Book_01_Choices_Make_World/book_content.txt	crossing	timeline|relationships|scenes|quests|world	implemented_reference_map	reference_extracted_pending_domain_review
WDM-ROUTE-11fbe6d4ce45	route	Rylos Vayne Johnson is no	canon/canonical_story_tree/all_25_books_latest_full_cycle.txt|canon/canonical_story_tree/books/Book_01_Choices_Make_World/book_content.txt	crossing	timeline|relationships|scenes|quests|world	implemented_reference_map	reference_extracted_pending_domain_review
WDM-ROUTE-e30ff820ee20	route	longer outside Pip's home-world	canon/canonical_story_tree/all_25_books_latest_full_cycle.txt|canon/canonical_story_tree/books/Book_01_Choices_Make_World/book_content.txt	crossing	timeline|relationships|scenes|quests|world	implemented_reference_map	reference_extracted_pending_domain_review
WDM-ROUTE-b4d98cf7e0de	route	The Wounded Guest of the	canon/canonical_story_tree/all_25_books_latest_full_cycle.txt|canon/canonical_story_tree/books/Book_01_Choices_Make_World/book_content.txt	crossing	timeline|relationships|scenes|quests|world	implemented_reference_map	reference_extracted_pending_domain_review
WDM-ROUTE-ec58648b7bab	route	"Oasis
target"	canon/canonical_story_tree/all_25_books_latest_full_cycle.txt|canon/canonical_story_tree/books/Book_01_Choices_Make_World/book_content.txt	crossing	timeline|relationships|scenes|quests|world	implemented_reference_map	reference_extracted_pending_domain_review
WDM-ROUTE-8f9e01520e0d	route	S201 Rylos Vayne Johnson-Is-Given-Place-Not-Only-Treatment	canon/canonical_story_tree/all_25_books_latest_full_cycle.txt|canon/canonical_story_tree/books/Book_01_Choices_Make_World/book_content.txt	crossing	timeline|relationships|scenes|quests|world	implemented_reference_map	reference_extracted_pending_domain_review
WDM-ROUTE-a6f9f9328cb5	route	"Pip-Reenters-Love-While-Still-Changed

scene"	canon/canonical_story_tree/all_25_books_latest_full_cycle.txt|canon/canonical_story_tree/books/Book_01_Choices_Make_World/book_content.txt	crossing	timeline|relationships|scenes|quests|world	implemented_reference_map	reference_extracted_pending_domain_review
WDM-ROUTE-186d2b536ab0	route	"S192
beat"	canon/canonical_story_tree/all_25_books_latest_full_cycle.txt|canon/canonical_story_tree/books/Book_01_Choices_Make_World/book_content.txt	crossing	timeline|relationships|scenes|quests|world	implemented_reference_map	reference_extracted_pending_domain_review
WDM-ROUTE-392bc163efff	route	"Choices Make World

Pip-Reenters-Love-While-Still-Changed"	canon/canonical_story_tree/all_25_books_latest_full_cycle.txt|canon/canonical_story_tree/books/Book_01_Choices_Make_World/book_content.txt	crossing	timeline|relationships|scenes|quests|world	implemented_reference_map	reference_extracted_pending_domain_review
WDM-ROUTE-74ca5b0e5018	route	Meets	canon/canonical_story_tree/all_25_books_latest_full_cycle.txt|canon/canonical_story_tree/books/Book_01_Choices_Make_World/book_content.txt	crossing	timeline|relationships|scenes|quests|world	implemented_reference_map	reference_extracted_pending_domain_review
WDM-ROUTE-61d7849e9d51	route	Presence	canon/canonical_story_tree/all_25_books_latest_full_cycle.txt|canon/canonical_story_tree/books/Book_01_Choices_Make_World/book_content.txt|canon/canonical_story_tree/world/wowas_world_zone_map.json	crossing|route	timeline|relationships|scenes|quests|world	implemented_reference_map	reference_extracted_pending_domain_review
WDM-ROUTE-0833c38ad5e8	route	Idea	canon/canonical_story_tree/all_25_books_latest_full_cycle.txt|canon/canonical_story_tree/books/Book_01_Choices_Make_World/book_content.txt	crossing	timeline|relationships|scenes|quests|world	implemented_reference_map	reference_extracted_pending_domain_review
WDM-ROUTE-87563e33396b	route	"Rylos Vayne Johnson-Meets-Mack-As-Presence-Not-Idea

scene"	canon/canonical_story_tree/all_25_books_latest_full_cycle.txt|canon/canonical_story_tree/books/Book_01_Choices_Make_World/book_content.txt	crossing	timeline|relationships|scenes|quests|world	implemented_reference_map	reference_extracted_pending_domain_review
WDM-ROUTE-29fc41701bb8	route	"Choices Make World

The-Return-Is-a-Witnessed-Event"	canon/canonical_story_tree/all_25_books_latest_full_cycle.txt|canon/canonical_story_tree/books/Book_01_Choices_Make_World/book_content.txt	crossing	timeline|relationships|scenes|quests|world	implemented_reference_map	reference_extracted_pending_domain_review
WDM-ROUTE-4aebdf327375	route	Crossing	canon/canonical_story_tree/all_25_books_latest_full_cycle.txt|canon/canonical_story_tree/books/Book_01_Choices_Make_World/book_content.txt|canon/canonical_story_tree/books/Book_03_The_First_Thread/book_content.txt|canon/canonical_story_tree/world/wowas_world_zone_map.json	crossing|route	timeline|relationships|scenes|quests|world	implemented_reference_map	reference_extracted_pending_domain_review
WDM-ROUTE-6dd750f5f22c	route	Complete	canon/canonical_story_tree/all_25_books_latest_full_cycle.txt|canon/canonical_story_tree/books/Book_01_Choices_Make_World/book_content.txt	crossing	timeline|relationships|scenes|quests|world	implemented_reference_map	reference_extracted_pending_domain_review
WDM-ROUTE-35a25c8ecaea	route	"The-Crossing-Is-Complete

scene"	canon/canonical_story_tree/all_25_books_latest_full_cycle.txt|canon/canonical_story_tree/books/Book_01_Choices_Make_World/book_content.txt	crossing	timeline|relationships|scenes|quests|world	implemented_reference_map	reference_extracted_pending_domain_review
WDM-ROUTE-c24b212e9222	route	"S200
beat"	canon/canonical_story_tree/all_25_books_latest_full_cycle.txt|canon/canonical_story_tree/books/Book_01_Choices_Make_World/book_content.txt	crossing	timeline|relationships|scenes|quests|world	implemented_reference_map	reference_extracted_pending_domain_review
WDM-ROUTE-1a11efcab51a	route	"Choices Make World

The-Crossing-Is-Complete"	canon/canonical_story_tree/all_25_books_latest_full_cycle.txt|canon/canonical_story_tree/books/Book_01_Choices_Make_World/book_content.txt	crossing	timeline|relationships|scenes|quests|world	implemented_reference_map	reference_extracted_pending_domain_review
WDM-ROUTE-4fb754aac24f	route	Given	canon/canonical_story_tree/all_25_books_latest_full_cycle.txt|canon/canonical_story_tree/books/Book_01_Choices_Make_World/book_content.txt	crossing	timeline|relationships|scenes|quests|world	implemented_reference_map	reference_extracted_pending_domain_review
WDM-ROUTE-a477182b8c95	route	Place	canon/canonical_story_tree/all_25_books_latest_full_cycle.txt|canon/canonical_story_tree/books/Book_01_Choices_Make_World/book_content.txt	crossing	timeline|relationships|scenes|quests|world	implemented_reference_map	reference_extracted_pending_domain_review
WDM-ROUTE-93e390eafe7a	route	Only	canon/canonical_story_tree/all_25_books_latest_full_cycle.txt|canon/canonical_story_tree/books/Book_01_Choices_Make_World/book_content.txt	crossing	timeline|relationships|scenes|quests|world	implemented_reference_map	reference_extracted_pending_domain_review
WDM-ROUTE-548c8da7cb2c	route	Treatment	canon/canonical_story_tree/all_25_books_latest_full_cycle.txt|canon/canonical_story_tree/books/Book_01_Choices_Make_World/book_content.txt	crossing	timeline|relationships|scenes|quests|world	implemented_reference_map	reference_extracted_pending_domain_review
WDM-ROUTE-5019a66ebbd6	route	"notes
The objective itself is"	canon/canonical_story_tree/all_25_books_latest_full_cycle.txt|canon/canonical_story_tree/books/Book_01_Choices_Make_World/book_content.txt	crossing	timeline|relationships|scenes|quests|world	implemented_reference_map	reference_extracted_pending_domain_review
WDM-ROUTE-21bc7f46f9b0	route	distinct beat and should not	canon/canonical_story_tree/all_25_books_latest_full_cycle.txt|canon/canonical_story_tree/books/Book_01_Choices_Make_World/book_content.txt	crossing	timeline|relationships|scenes|quests|world	implemented_reference_map	reference_extracted_pending_domain_review
WDM-ROUTE-1bb2f743ff0a	route	stay buried inside traversal	canon/canonical_story_tree/all_25_books_latest_full_cycle.txt|canon/canonical_story_tree/books/Book_01_Choices_Make_World/book_content.txt	crossing	timeline|relationships|scenes|quests|world	implemented_reference_map	reference_extracted_pending_domain_review
WDM-ROUTE-76fedcbb6b33	route	Chasm	canon/canonical_story_tree/books/Book_01_Choices_Make_World/book_content.txt	crossing	timeline|relationships|scenes|quests|world	implemented_reference_map	reference_extracted_pending_domain_review
WDM-ROUTE-1cb84064639f	route	Crossing The Chrono-Chasm	canon/canonical_story_tree/books/Book_01_Choices_Make_World/book_content.txt	crossing	timeline|relationships|scenes|quests|world	implemented_reference_map	reference_extracted_pending_domain_review
WDM-ROUTE-f4296c24cfab	route	threshold crossing	canon/canonical_story_tree/all_25_books_latest_full_cycle.txt|canon/canonical_story_tree/books/Book_01_Choices_Make_World/book_content.txt|canon/canonical_story_tree/books/Book_04_Crocodile_Smile/book_content.txt	crossing	timeline|relationships|scenes|quests|world	implemented_reference_map	reference_extracted_pending_domain_review
WDM-ROUTE-c420c1c84755	route	peril proof	canon/canonical_story_tree/all_25_books_latest_full_cycle.txt|canon/canonical_story_tree/books/Book_01_Choices_Make_World/book_content.txt	crossing	timeline|relationships|scenes|quests|world	implemented_reference_map	reference_extracted_pending_domain_review
WDM-ROUTE-82ddc070f007	route	single sequence	canon/canonical_story_tree/all_25_books_latest_full_cycle.txt|canon/canonical_story_tree/books/Book_01_Choices_Make_World/book_content.txt	crossing	timeline|relationships|scenes|quests|world	implemented_reference_map	reference_extracted_pending_domain_review
WDM-ROUTE-ac649f1d9302	route	Chrono-Chasm	canon/canonical_story_tree/all_25_books_latest_full_cycle.txt|canon/canonical_story_tree/books/Book_01_Choices_Make_World/book_content.txt	crossing	timeline|relationships|scenes|quests|world	implemented_reference_map	reference_extracted_pending_domain_review
WDM-ROUTE-8e2eb2869040	route	"notes
Use for the dangerous"	canon/canonical_story_tree/all_25_books_latest_full_cycle.txt|canon/canonical_story_tree/books/Book_01_Choices_Make_World/book_content.txt	crossing	timeline|relationships|scenes|quests|world	implemented_reference_map	reference_extracted_pending_domain_review
WDM-ROUTE-1bbb20ce4b13	route	crossing before the opening guardian	canon/canonical_story_tree/all_25_books_latest_full_cycle.txt|canon/canonical_story_tree/books/Book_01_Choices_Make_World/book_content.txt	crossing	timeline|relationships|scenes|quests|world	implemented_reference_map	reference_extracted_pending_domain_review
WDM-ROUTE-7ebec1d38acd	route	encounter	canon/canonical_story_tree/all_25_books_latest_full_cycle.txt|canon/canonical_story_tree/books/Book_01_Choices_Make_World/book_content.txt	crossing	timeline|relationships|scenes|quests|world	implemented_reference_map	reference_extracted_pending_domain_review
WDM-ROUTE-8add834419cd	route	Corrupted	canon/canonical_story_tree/books/Book_01_Choices_Make_World/book_content.txt	crossing	timeline|relationships|scenes|quests|world	implemented_reference_map	reference_extracted_pending_domain_review
WDM-ROUTE-ab65ef9fe0da	route	Guardian	canon/canonical_story_tree/books/Book_01_Choices_Make_World/book_content.txt	crossing	timeline|relationships|scenes|quests|world	implemented_reference_map	reference_extracted_pending_domain_review
WDM-ROUTE-2f868d78bffe	route	S084 Rylos Vayne Johnson-Feels-the-Pages-Reaching-Toward-His-Past	canon/canonical_story_tree/all_25_books_latest_full_cycle.txt|canon/canonical_story_tree/books/Book_02_The_Diary_And_The_Blue_Light/book_content.txt	road	timeline|relationships|scenes|quests|world	implemented_reference_map	reference_extracted_pending_domain_review
WDM-ROUTE-f0d0cb74f307	route	Personal and global arcs begin	canon/canonical_story_tree/all_25_books_latest_full_cycle.txt|canon/canonical_story_tree/books/Book_02_The_Diary_And_The_Blue_Light/book_content.txt	road	timeline|relationships|scenes|quests|world	implemented_reference_map	reference_extracted_pending_domain_review
WDM-ROUTE-43666e190f66	route	colliding	canon/canonical_story_tree/all_25_books_latest_full_cycle.txt|canon/canonical_story_tree/books/Book_02_The_Diary_And_The_Blue_Light/book_content.txt	road	timeline|relationships|scenes|quests|world	implemented_reference_map	reference_extracted_pending_domain_review
WDM-ROUTE-170b1637d4cb	route	S085 Sanctuary-No-Longer-Feels-Isolated-from-History	canon/canonical_story_tree/all_25_books_latest_full_cycle.txt|canon/canonical_story_tree/books/Book_02_The_Diary_And_The_Blue_Light/book_content.txt	road	timeline|relationships|scenes|quests|world	implemented_reference_map	reference_extracted_pending_domain_review
WDM-ROUTE-44f6de7672af	route	The house sits inside broader	canon/canonical_story_tree/all_25_books_latest_full_cycle.txt|canon/canonical_story_tree/books/Book_02_The_Diary_And_The_Blue_Light/book_content.txt	road	timeline|relationships|scenes|quests|world	implemented_reference_map	reference_extracted_pending_domain_review
WDM-ROUTE-c509fafadcd5	route	events	canon/canonical_story_tree/all_25_books_latest_full_cycle.txt|canon/canonical_story_tree/books/Book_02_The_Diary_And_The_Blue_Light/book_content.txt	road	timeline|relationships|scenes|quests|world	implemented_reference_map	reference_extracted_pending_domain_review
WDM-ROUTE-4b5b585caf63	route	S086 The-Diary-Demands-a-Response-Not-Just-A-Reaction	canon/canonical_story_tree/all_25_books_latest_full_cycle.txt|canon/canonical_story_tree/books/Book_02_The_Diary_And_The_Blue_Light/book_content.txt	road	timeline|relationships|scenes|quests|world	implemented_reference_map	reference_extracted_pending_domain_review
WDM-ROUTE-f8608d20e2b1	route	Passive reading is no longer	canon/canonical_story_tree/all_25_books_latest_full_cycle.txt|canon/canonical_story_tree/books/Book_02_The_Diary_And_The_Blue_Light/book_content.txt	road	timeline|relationships|scenes|quests|world	implemented_reference_map	reference_extracted_pending_domain_review
WDM-ROUTE-1933893eb49e	route	enough	canon/canonical_story_tree/all_25_books_latest_full_cycle.txt|canon/canonical_story_tree/books/Book_02_The_Diary_And_The_Blue_Light/book_content.txt	road	timeline|relationships|scenes|quests|world	implemented_reference_map	reference_extracted_pending_domain_review
WDM-ROUTE-fee0da90ecfc	route	S087 Pip-Struggles-with-Scale-Again	canon/canonical_story_tree/all_25_books_latest_full_cycle.txt|canon/canonical_story_tree/books/Book_02_The_Diary_And_The_Blue_Light/book_content.txt	road	timeline|relationships|scenes|quests|world	implemented_reference_map	reference_extracted_pending_domain_review
WDM-ROUTE-37efe2ba59cd	route	One object opens too many	canon/canonical_story_tree/all_25_books_latest_full_cycle.txt|canon/canonical_story_tree/books/Book_02_The_Diary_And_The_Blue_Light/book_content.txt	road	timeline|relationships|scenes|quests|world	implemented_reference_map	reference_extracted_pending_domain_review
WDM-ROUTE-195c0cc91dbf	route	doors at once	canon/canonical_story_tree/all_25_books_latest_full_cycle.txt|canon/canonical_story_tree/books/Book_02_The_Diary_And_The_Blue_Light/book_content.txt	road	timeline|relationships|scenes|quests|world	implemented_reference_map	reference_extracted_pending_domain_review
WDM-ROUTE-9449bdcc40a1	route	The guardian legitimizes practical consequence	canon/canonical_story_tree/all_25_books_latest_full_cycle.txt|canon/canonical_story_tree/books/Book_02_The_Diary_And_The_Blue_Light/book_content.txt	road	timeline|relationships|scenes|quests|world	implemented_reference_map	reference_extracted_pending_domain_review
WDM-ROUTE-cccb1f01de06	route	S084 Rylos-Feels-the-Pages-Reaching-Toward-His-Past	canon/canonical_story_tree/all_25_books_latest_full_cycle.txt|canon/canonical_story_tree/books/Book_02_The_Diary_And_The_Blue_Light/book_content.txt	road	timeline|relationships|scenes|quests|world	implemented_reference_map	reference_extracted_pending_domain_review
WDM-ROUTE-a8587b1b96b6	route	"Sanctuary-No-Longer-Feels-Isolated-from-History

scene"	canon/canonical_story_tree/all_25_books_latest_full_cycle.txt|canon/canonical_story_tree/books/Book_02_The_Diary_And_The_Blue_Light/book_content.txt	road	timeline|relationships|scenes|quests|world	implemented_reference_map	reference_extracted_pending_domain_review
WDM-ROUTE-564cd636909e	route	"S085
beat"	canon/canonical_story_tree/all_25_books_latest_full_cycle.txt|canon/canonical_story_tree/books/Book_02_The_Diary_And_The_Blue_Light/book_content.txt	road	timeline|relationships|scenes|quests|world	implemented_reference_map	reference_extracted_pending_domain_review
WDM-ROUTE-6c31c84419bb	route	B02	canon/canonical_story_tree/all_25_books_latest_full_cycle.txt|canon/canonical_story_tree/books/Book_02_The_Diary_And_The_Blue_Light/book_content.txt	path|road	timeline|relationships|scenes|quests|world	implemented_reference_map	reference_extracted_pending_domain_review
WDM-ROUTE-f1f404bb01f0	route	The Diary and the Blue	canon/canonical_story_tree/all_25_books_latest_full_cycle.txt|canon/canonical_story_tree/books/Book_02_The_Diary_And_The_Blue_Light/book_content.txt	road	timeline|relationships|scenes|quests|world	implemented_reference_map	reference_extracted_pending_domain_review
WDM-ROUTE-d31d42957757	route	"Light

Sanctuary-No-Longer-Feels-Isolated-from-History"	canon/canonical_story_tree/all_25_books_latest_full_cycle.txt|canon/canonical_story_tree/books/Book_02_The_Diary_And_The_Blue_Light/book_content.txt	road	timeline|relationships|scenes|quests|world	implemented_reference_map	reference_extracted_pending_domain_review
WDM-ROUTE-28ca8fab23cd	route	Diary	canon/canonical_story_tree/all_25_books_latest_full_cycle.txt|canon/canonical_story_tree/books/Book_02_The_Diary_And_The_Blue_Light/book_content.txt	path|road	timeline|relationships|scenes|quests|world	implemented_reference_map	reference_extracted_pending_domain_review
WDM-ROUTE-3b6a46e3df49	route	Demands	canon/canonical_story_tree/all_25_books_latest_full_cycle.txt|canon/canonical_story_tree/books/Book_02_The_Diary_And_The_Blue_Light/book_content.txt	road	timeline|relationships|scenes|quests|world	implemented_reference_map	reference_extracted_pending_domain_review
WDM-ROUTE-07a22540b41a	route	Response	canon/canonical_story_tree/all_25_books_latest_full_cycle.txt|canon/canonical_story_tree/books/Book_02_The_Diary_And_The_Blue_Light/book_content.txt	road	timeline|relationships|scenes|quests|world	implemented_reference_map	reference_extracted_pending_domain_review
WDM-ROUTE-b638dbb42b56	route	Just	canon/canonical_story_tree/all_25_books_latest_full_cycle.txt|canon/canonical_story_tree/books/Book_02_The_Diary_And_The_Blue_Light/book_content.txt	road	timeline|relationships|scenes|quests|world	implemented_reference_map	reference_extracted_pending_domain_review
WDM-ROUTE-6e26e181a9f9	route	Reaction	canon/canonical_story_tree/all_25_books_latest_full_cycle.txt|canon/canonical_story_tree/books/Book_02_The_Diary_And_The_Blue_Light/book_content.txt	road	timeline|relationships|scenes|quests|world	implemented_reference_map	reference_extracted_pending_domain_review
WDM-ROUTE-b91fd0bc123b	route	"The-Diary-Demands-a-Response-Not-Just-A-Reaction

scene"	canon/canonical_story_tree/all_25_books_latest_full_cycle.txt|canon/canonical_story_tree/books/Book_02_The_Diary_And_The_Blue_Light/book_content.txt	road	timeline|relationships|scenes|quests|world	implemented_reference_map	reference_extracted_pending_domain_review
WDM-ROUTE-ac2b3bf443cf	route	"S086
beat"	canon/canonical_story_tree/all_25_books_latest_full_cycle.txt|canon/canonical_story_tree/books/Book_02_The_Diary_And_The_Blue_Light/book_content.txt	road	timeline|relationships|scenes|quests|world	implemented_reference_map	reference_extracted_pending_domain_review
WDM-ROUTE-5b7c7840607b	route	an early black-market threshold before	canon/canonical_story_tree/all_25_books_latest_full_cycle.txt|canon/canonical_story_tree/books/Book_02_The_Diary_And_The_Blue_Light/book_content.txt	path	timeline|relationships|scenes|quests|world	implemented_reference_map	reference_extracted_pending_domain_review
WDM-ROUTE-1954a755bd0b	route	the full betrayal-collapse material	canon/canonical_story_tree/all_25_books_latest_full_cycle.txt|canon/canonical_story_tree/books/Book_02_The_Diary_And_The_Blue_Light/book_content.txt	path	timeline|relationships|scenes|quests|world	implemented_reference_map	reference_extracted_pending_domain_review
WDM-ROUTE-6c9a2cc6a7f3	route	Wounded	canon/canonical_story_tree/all_25_books_latest_full_cycle.txt|canon/canonical_story_tree/books/Book_02_The_Diary_And_The_Blue_Light/book_content.txt|canon/canonical_story_tree/books/Book_04_Crocodile_Smile/book_content.txt	path	timeline|relationships|scenes|quests|world	implemented_reference_map	reference_extracted_pending_domain_review
WDM-ROUTE-4922ee83d41b	route	Rabbit	canon/canonical_story_tree/all_25_books_latest_full_cycle.txt|canon/canonical_story_tree/books/Book_02_The_Diary_And_The_Blue_Light/book_content.txt	path	timeline|relationships|scenes|quests|world	implemented_reference_map	reference_extracted_pending_domain_review
WDM-ROUTE-1e5dc2c18f31	route	Market	canon/canonical_story_tree/all_25_books_latest_full_cycle.txt|canon/canonical_story_tree/books/Book_02_The_Diary_And_The_Blue_Light/book_content.txt|canon/canonical_story_tree/books/Book_09_The_Diamond_Breaks/book_content.txt	path	timeline|relationships|scenes|quests|world	implemented_reference_map	reference_extracted_pending_domain_review
WDM-ROUTE-ff99b4765be7	route	The Wounded Rabbit In The	canon/canonical_story_tree/all_25_books_latest_full_cycle.txt|canon/canonical_story_tree/books/Book_02_The_Diary_And_The_Blue_Light/book_content.txt	path	timeline|relationships|scenes|quests|world	implemented_reference_map	reference_extracted_pending_domain_review
WDM-ROUTE-5e966383e08c	route	empathy hook	canon/canonical_story_tree/all_25_books_latest_full_cycle.txt|canon/canonical_story_tree/books/Book_02_The_Diary_And_The_Blue_Light/book_content.txt	path	timeline|relationships|scenes|quests|world	implemented_reference_map	reference_extracted_pending_domain_review
WDM-ROUTE-c0657bca4803	route	trap ignition	canon/canonical_story_tree/all_25_books_latest_full_cycle.txt|canon/canonical_story_tree/books/Book_02_The_Diary_And_The_Blue_Light/book_content.txt	path	timeline|relationships|scenes|quests|world	implemented_reference_map	reference_extracted_pending_domain_review
WDM-ROUTE-49789c461812	route	Vault of Whispers market	canon/canonical_story_tree/all_25_books_latest_full_cycle.txt|canon/canonical_story_tree/books/Book_02_The_Diary_And_The_Blue_Light/book_content.txt	path	timeline|relationships|scenes|quests|world	implemented_reference_map	reference_extracted_pending_domain_review
WDM-ROUTE-a25dd75964f2	route	Boojay	canon/canonical_story_tree/all_25_books_latest_full_cycle.txt|canon/canonical_story_tree/books/Book_02_The_Diary_And_The_Blue_Light/book_content.txt|canon/canonical_story_tree/books/Book_04_Crocodile_Smile/book_content.txt|canon/canonical_story_tree/books/Book_09_The_Diamond_Breaks/book_content.txt	path	timeline|relationships|scenes|quests|world	implemented_reference_map	reference_extracted_pending_domain_review
WDM-ROUTE-6b6b0f8ab5c8	route	"notes
Drive text shows"	canon/canonical_story_tree/all_25_books_latest_full_cycle.txt|canon/canonical_story_tree/books/Book_02_The_Diary_And_The_Blue_Light/book_content.txt	path	timeline|relationships|scenes|quests|world	implemented_reference_map	reference_extracted_pending_domain_review
WDM-ROUTE-d7e1d7ae3b7a	route	market version of the wounded-rabbit	canon/canonical_story_tree/all_25_books_latest_full_cycle.txt|canon/canonical_story_tree/books/Book_02_The_Diary_And_The_Blue_Light/book_content.txt	path	timeline|relationships|scenes|quests|world	implemented_reference_map	reference_extracted_pending_domain_review
WDM-ROUTE-830758f56cbf	route	Mack Studies the Change in	canon/canonical_story_tree/all_25_books_latest_full_cycle.txt|canon/canonical_story_tree/books/Book_03_The_First_Thread/book_content.txt	road	timeline|relationships|scenes|quests|world	implemented_reference_map	reference_extracted_pending_domain_review
WDM-ROUTE-b1324d923ad3	route	continuous	canon/canonical_story_tree/all_25_books_latest_full_cycle.txt|canon/canonical_story_tree/books/Book_03_The_First_Thread/book_content.txt	road	timeline|relationships|scenes|quests|world	implemented_reference_map	reference_extracted_pending_domain_review
WDM-ROUTE-5575a5a44136	route	Noise in the Public Rhythm	canon/canonical_story_tree/all_25_books_latest_full_cycle.txt|canon/canonical_story_tree/books/Book_03_The_First_Thread/book_content.txt	road	timeline|relationships|scenes|quests|world	implemented_reference_map	reference_extracted_pending_domain_review
WDM-ROUTE-1c5501c60221	route	Pip Leaves the House More	canon/canonical_story_tree/all_25_books_latest_full_cycle.txt|canon/canonical_story_tree/books/Book_03_The_First_Thread/book_content.txt	road	timeline|relationships|scenes|quests|world	implemented_reference_map	reference_extracted_pending_domain_review
WDM-ROUTE-bc01fe2c0f55	route	Carefully	canon/canonical_story_tree/all_25_books_latest_full_cycle.txt|canon/canonical_story_tree/books/Book_03_The_First_Thread/book_content.txt	road	timeline|relationships|scenes|quests|world	implemented_reference_map	reference_extracted_pending_domain_review
WDM-ROUTE-89d663efa772	route	Familiar Roads	canon/canonical_story_tree/all_25_books_latest_full_cycle.txt|canon/canonical_story_tree/books/Book_03_The_First_Thread/book_content.txt	road	timeline|relationships|scenes|quests|world	implemented_reference_map	reference_extracted_pending_domain_review
WDM-ROUTE-291da8d536ad	route	Altered Meaning	canon/canonical_story_tree/all_25_books_latest_full_cycle.txt|canon/canonical_story_tree/books/Book_03_The_First_Thread/book_content.txt	road	timeline|relationships|scenes|quests|world	implemented_reference_map	reference_extracted_pending_domain_review
WDM-ROUTE-f544242c31bb	route	Face That Watches Too Long	canon/canonical_story_tree/all_25_books_latest_full_cycle.txt|canon/canonical_story_tree/books/Book_03_The_First_Thread/book_content.txt	road	timeline|relationships|scenes|quests|world	implemented_reference_map	reference_extracted_pending_domain_review
WDM-ROUTE-c46e8c9549af	route	The First Social Compression Beat	canon/canonical_story_tree/all_25_books_latest_full_cycle.txt|canon/canonical_story_tree/books/Book_03_The_First_Thread/book_content.txt	road	timeline|relationships|scenes|quests|world	implemented_reference_map	reference_extracted_pending_domain_review
WDM-ROUTE-4b32f74e1fa5	route	He Feels Attention Gathering	canon/canonical_story_tree/all_25_books_latest_full_cycle.txt|canon/canonical_story_tree/books/Book_03_The_First_Thread/book_content.txt	road	timeline|relationships|scenes|quests|world	implemented_reference_map	reference_extracted_pending_domain_review
WDM-ROUTE-4514b251a148	route	S072 The-Beat-Ends-with-Mercy-as-Load-Bearing-Theory-of-the-Saga	canon/canonical_story_tree/all_25_books_latest_full_cycle.txt|canon/canonical_story_tree/books/Book_03_The_First_Thread/book_content.txt	crossing	timeline|relationships|scenes|quests|world	implemented_reference_map	reference_extracted_pending_domain_review
WDM-ROUTE-7127a8004f60	route	major structural lock	canon/canonical_story_tree/all_25_books_latest_full_cycle.txt|canon/canonical_story_tree/books/Book_03_The_First_Thread/book_content.txt	crossing	timeline|relationships|scenes|quests|world	implemented_reference_map	reference_extracted_pending_domain_review
WDM-ROUTE-100d0f4289b4	route	B03	canon/canonical_story_tree/all_25_books_latest_full_cycle.txt|canon/canonical_story_tree/books/Book_03_The_First_Thread/book_content.txt	crossing	timeline|relationships|scenes|quests|world	implemented_reference_map	reference_extracted_pending_domain_review
WDM-ROUTE-11017a96be42	route	The Pair and the Threshold	canon/canonical_story_tree/all_25_books_latest_full_cycle.txt|canon/canonical_story_tree/books/Book_03_The_First_Thread/book_content.txt	crossing	timeline|relationships|scenes|quests|world	implemented_reference_map	reference_extracted_pending_domain_review
WDM-ROUTE-0eb9a99b1232	route	target	canon/canonical_story_tree/all_25_books_latest_full_cycle.txt|canon/canonical_story_tree/books/Book_03_The_First_Thread/book_content.txt|canon/canonical_story_tree/books/Book_06_The_Refusal_And_The_Wound/book_content.txt|canon/canonical_story_tree/books/Book_07_The_Rift_Widens/book_content.txt|canon/canonical_story_tree/books/Book_13_The_Afterwake/book_content.txt|canon/canonical_story_tree/books/Book_16_The_Deepening_World/book_content.txt|canon/canonical_story_tree/books/Book_22_The_Last_Open_Gate/book_content.txt	crossing|path|road|route	timeline|relationships|scenes|quests|world	implemented_reference_map	reference_extracted_pending_domain_review
WDM-ROUTE-6babb94cabda	route	S073 A-New-Threshold-Presents-Itself	canon/canonical_story_tree/all_25_books_latest_full_cycle.txt|canon/canonical_story_tree/books/Book_03_The_First_Thread/book_content.txt	crossing	timeline|relationships|scenes|quests|world	implemented_reference_map	reference_extracted_pending_domain_review
WDM-ROUTE-d3e00cb3da85	route	Physical	canon/canonical_story_tree/all_25_books_latest_full_cycle.txt|canon/canonical_story_tree/books/Book_03_The_First_Thread/book_content.txt|canon/canonical_story_tree/world/wowas_world_zone_map.json	crossing|route	timeline|relationships|scenes|quests|world	implemented_reference_map	reference_extracted_pending_domain_review
WDM-ROUTE-7033a2eb6d2a	route	symbolic	canon/canonical_story_tree/all_25_books_latest_full_cycle.txt|canon/canonical_story_tree/books/Book_03_The_First_Thread/book_content.txt	crossing	timeline|relationships|scenes|quests|world	implemented_reference_map	reference_extracted_pending_domain_review
WDM-ROUTE-4ce1cb312505	route	or relational crossing becomes imminent	canon/canonical_story_tree/all_25_books_latest_full_cycle.txt|canon/canonical_story_tree/books/Book_03_The_First_Thread/book_content.txt	crossing	timeline|relationships|scenes|quests|world	implemented_reference_map	reference_extracted_pending_domain_review
WDM-ROUTE-41c659943e2a	route	S074 Pip-Knows-the-Thread-Will-Be-Tested-by-Motion	canon/canonical_story_tree/all_25_books_latest_full_cycle.txt|canon/canonical_story_tree/books/Book_03_The_First_Thread/book_content.txt	crossing	timeline|relationships|scenes|quests|world	implemented_reference_map	reference_extracted_pending_domain_review
WDM-ROUTE-8fb18297db12	route	Stillness cannot hold forever	canon/canonical_story_tree/all_25_books_latest_full_cycle.txt|canon/canonical_story_tree/books/Book_03_The_First_Thread/book_content.txt	crossing	timeline|relationships|scenes|quests|world	implemented_reference_map	reference_extracted_pending_domain_review
WDM-ROUTE-71e95603b6ad	route	S075 Rylos Vayne Johnson-Prepares-with-More-Courage-Than-Comfort	canon/canonical_story_tree/all_25_books_latest_full_cycle.txt|canon/canonical_story_tree/books/Book_03_The_First_Thread/book_content.txt	crossing	timeline|relationships|scenes|quests|world	implemented_reference_map	reference_extracted_pending_domain_review
WDM-ROUTE-b5277d8aeba1	route	His growth shows	canon/canonical_story_tree/all_25_books_latest_full_cycle.txt|canon/canonical_story_tree/books/Book_03_The_First_Thread/book_content.txt	crossing	timeline|relationships|scenes|quests|world	implemented_reference_map	reference_extracted_pending_domain_review
WDM-ROUTE-0bfaa816fa31	route	S076 Mack-Sets-Conditions-for-Crossing	canon/canonical_story_tree/all_25_books_latest_full_cycle.txt|canon/canonical_story_tree/books/Book_03_The_First_Thread/book_content.txt	crossing	timeline|relationships|scenes|quests|world	implemented_reference_map	reference_extracted_pending_domain_review
WDM-ROUTE-f662cde306f3	route	Protection remains structured	canon/canonical_story_tree/all_25_books_latest_full_cycle.txt|canon/canonical_story_tree/books/Book_03_The_First_Thread/book_content.txt	crossing	timeline|relationships|scenes|quests|world	implemented_reference_map	reference_extracted_pending_domain_review
WDM-ROUTE-20c036fd796e	route	S077 Sanctuary-Makes-Departure-Feel-Like-Betrayal-and-Maturity-at-Once	canon/canonical_story_tree/all_25_books_latest_full_cycle.txt|canon/canonical_story_tree/books/Book_03_The_First_Thread/book_content.txt	crossing	timeline|relationships|scenes|quests|world	implemented_reference_map	reference_extracted_pending_domain_review
WDM-ROUTE-828004e848e7	route	Home tension deepens	canon/canonical_story_tree/all_25_books_latest_full_cycle.txt|canon/canonical_story_tree/books/Book_03_The_First_Thread/book_content.txt	crossing	timeline|relationships|scenes|quests|world	implemented_reference_map	reference_extracted_pending_domain_review
WDM-ROUTE-a99ef4df4c1c	route	S078 The-Bond-Is-Measured-Against-Action	canon/canonical_story_tree/all_25_books_latest_full_cycle.txt|canon/canonical_story_tree/books/Book_03_The_First_Thread/book_content.txt	crossing	timeline|relationships|scenes|quests|world	implemented_reference_map	reference_extracted_pending_domain_review
WDM-ROUTE-e797816dbdff	route	Can what formed inside hold	canon/canonical_story_tree/all_25_books_latest_full_cycle.txt|canon/canonical_story_tree/books/Book_03_The_First_Thread/book_content.txt	crossing	timeline|relationships|scenes|quests|world	implemented_reference_map	reference_extracted_pending_domain_review
WDM-ROUTE-b984333b5b5c	route	S080 Rylos Vayne Johnson-Answers-Without-Flinching-All-the-Way	canon/canonical_story_tree/all_25_books_latest_full_cycle.txt|canon/canonical_story_tree/books/Book_03_The_First_Thread/book_content.txt	crossing	timeline|relationships|scenes|quests|world	implemented_reference_map	reference_extracted_pending_domain_review
WDM-ROUTE-aef8bd0eab72	route	Trust scene	canon/canonical_story_tree/all_25_books_latest_full_cycle.txt|canon/canonical_story_tree/books/Book_03_The_First_Thread/book_content.txt	crossing	timeline|relationships|scenes|quests|world	implemented_reference_map	reference_extracted_pending_domain_review
WDM-ROUTE-02bba1ba0dee	route	S081 The-Thread-Reacts-to-Choice	canon/canonical_story_tree/all_25_books_latest_full_cycle.txt|canon/canonical_story_tree/books/Book_03_The_First_Thread/book_content.txt	crossing	timeline|relationships|scenes|quests|world	implemented_reference_map	reference_extracted_pending_domain_review
WDM-ROUTE-a28d6a4b9f60	route	The world is responsive to	canon/canonical_story_tree/all_25_books_latest_full_cycle.txt|canon/canonical_story_tree/books/Book_03_The_First_Thread/book_content.txt	crossing	timeline|relationships|scenes|quests|world	implemented_reference_map	reference_extracted_pending_domain_review
WDM-ROUTE-bb273ec1fe97	route	moral motion	canon/canonical_story_tree/all_25_books_latest_full_cycle.txt|canon/canonical_story_tree/books/Book_03_The_First_Thread/book_content.txt	crossing	timeline|relationships|scenes|quests|world	implemented_reference_map	reference_extracted_pending_domain_review
WDM-ROUTE-5fb069b0dca1	route	S082 The-Threshold-Reframes-Everyone	canon/canonical_story_tree/all_25_books_latest_full_cycle.txt|canon/canonical_story_tree/books/Book_03_The_First_Thread/book_content.txt	crossing	timeline|relationships|scenes|quests|world	implemented_reference_map	reference_extracted_pending_domain_review
WDM-ROUTE-cd1799645997	route	Crossing changes the house	canon/canonical_story_tree/all_25_books_latest_full_cycle.txt|canon/canonical_story_tree/books/Book_03_The_First_Thread/book_content.txt	crossing	timeline|relationships|scenes|quests|world	implemented_reference_map	reference_extracted_pending_domain_review
WDM-ROUTE-24ffb470cb35	route	the pair	canon/canonical_story_tree/all_25_books_latest_full_cycle.txt|canon/canonical_story_tree/books/Book_03_The_First_Thread/book_content.txt	crossing	timeline|relationships|scenes|quests|world	implemented_reference_map	reference_extracted_pending_domain_review
WDM-ROUTE-ee344efd5551	route	and Mack	canon/canonical_story_tree/all_25_books_latest_full_cycle.txt|canon/canonical_story_tree/books/Book_03_The_First_Thread/book_content.txt	crossing	timeline|relationships|scenes|quests|world	implemented_reference_map	reference_extracted_pending_domain_review
WDM-ROUTE-c9290478c0f1	route	S083 They-Do-Not-Cross-Yet-or-They-Cross-in-Partial-Form	canon/canonical_story_tree/all_25_books_latest_full_cycle.txt|canon/canonical_story_tree/books/Book_03_The_First_Thread/book_content.txt	crossing	timeline|relationships|scenes|quests|world	implemented_reference_map	reference_extracted_pending_domain_review
WDM-ROUTE-dc12365b093b	route	Controlled escalation	canon/canonical_story_tree/all_25_books_latest_full_cycle.txt|canon/canonical_story_tree/books/Book_03_The_First_Thread/book_content.txt	crossing	timeline|relationships|scenes|quests|world	implemented_reference_map	reference_extracted_pending_domain_review
WDM-ROUTE-b93fcf042cfc	route	S084 The-Beat-Ends-with-Threshold-Energy-Stored	canon/canonical_story_tree/all_25_books_latest_full_cycle.txt|canon/canonical_story_tree/books/Book_03_The_First_Thread/book_content.txt	crossing	timeline|relationships|scenes|quests|world	implemented_reference_map	reference_extracted_pending_domain_review
WDM-ROUTE-7c42057e1458	route	Anticipation remains powerful	canon/canonical_story_tree/all_25_books_latest_full_cycle.txt|canon/canonical_story_tree/books/Book_03_The_First_Thread/book_content.txt	crossing	timeline|relationships|scenes|quests|world	implemented_reference_map	reference_extracted_pending_domain_review
WDM-ROUTE-9b15af922baf	route	S075 Rylos-Prepares-with-More-Courage-Than-Comfort	canon/canonical_story_tree/all_25_books_latest_full_cycle.txt|canon/canonical_story_tree/books/Book_03_The_First_Thread/book_content.txt	crossing	timeline|relationships|scenes|quests|world	implemented_reference_map	reference_extracted_pending_domain_review
WDM-ROUTE-434309a7784f	route	S080 Rylos-Answers-Without-Flinching-All-the-Way	canon/canonical_story_tree/all_25_books_latest_full_cycle.txt|canon/canonical_story_tree/books/Book_03_The_First_Thread/book_content.txt	crossing	timeline|relationships|scenes|quests|world	implemented_reference_map	reference_extracted_pending_domain_review
WDM-ROUTE-ccc55b35fa48	route	Presents	canon/canonical_story_tree/all_25_books_latest_full_cycle.txt|canon/canonical_story_tree/books/Book_03_The_First_Thread/book_content.txt	crossing	timeline|relationships|scenes|quests|world	implemented_reference_map	reference_extracted_pending_domain_review
WDM-ROUTE-00e4039e05cb	route	Itself	canon/canonical_story_tree/all_25_books_latest_full_cycle.txt|canon/canonical_story_tree/books/Book_03_The_First_Thread/book_content.txt	crossing	timeline|relationships|scenes|quests|world	implemented_reference_map	reference_extracted_pending_domain_review
WDM-ROUTE-edbec23207c2	route	"A-New-Threshold-Presents-Itself

scene"	canon/canonical_story_tree/all_25_books_latest_full_cycle.txt|canon/canonical_story_tree/books/Book_03_The_First_Thread/book_content.txt	crossing	timeline|relationships|scenes|quests|world	implemented_reference_map	reference_extracted_pending_domain_review
WDM-ROUTE-cb9b243bd541	route	"S073
beat"	canon/canonical_story_tree/all_25_books_latest_full_cycle.txt|canon/canonical_story_tree/books/Book_03_The_First_Thread/book_content.txt	crossing	timeline|relationships|scenes|quests|world	implemented_reference_map	reference_extracted_pending_domain_review
WDM-ROUTE-1fd640158572	route	"The First Thread

A-New-Threshold-Presents-Itself"	canon/canonical_story_tree/all_25_books_latest_full_cycle.txt|canon/canonical_story_tree/books/Book_03_The_First_Thread/book_content.txt	crossing	timeline|relationships|scenes|quests|world	implemented_reference_map	reference_extracted_pending_domain_review
WDM-ROUTE-ef4ffe029588	route	Knows	canon/canonical_story_tree/all_25_books_latest_full_cycle.txt|canon/canonical_story_tree/books/Book_03_The_First_Thread/book_content.txt	crossing	timeline|relationships|scenes|quests|world	implemented_reference_map	reference_extracted_pending_domain_review
WDM-ROUTE-ae8852bdf428	route	Thread	canon/canonical_story_tree/all_25_books_latest_full_cycle.txt|canon/canonical_story_tree/books/Book_03_The_First_Thread/book_content.txt	crossing	timeline|relationships|scenes|quests|world	implemented_reference_map	reference_extracted_pending_domain_review
WDM-ROUTE-ccf1efd0ef94	route	Will	canon/canonical_story_tree/all_25_books_latest_full_cycle.txt|canon/canonical_story_tree/books/Book_03_The_First_Thread/book_content.txt	crossing	timeline|relationships|scenes|quests|world	implemented_reference_map	reference_extracted_pending_domain_review
WDM-ROUTE-361c4e5198e8	route	Tested	canon/canonical_story_tree/all_25_books_latest_full_cycle.txt|canon/canonical_story_tree/books/Book_03_The_First_Thread/book_content.txt	crossing	timeline|relationships|scenes|quests|world	implemented_reference_map	reference_extracted_pending_domain_review
WDM-ROUTE-eadf8c4eebf3	route	Motion	canon/canonical_story_tree/all_25_books_latest_full_cycle.txt|canon/canonical_story_tree/books/Book_03_The_First_Thread/book_content.txt	crossing	timeline|relationships|scenes|quests|world	implemented_reference_map	reference_extracted_pending_domain_review
WDM-ROUTE-d75d21256f13	route	"Pip-Knows-the-Thread-Will-Be-Tested-by-Motion

scene"	canon/canonical_story_tree/all_25_books_latest_full_cycle.txt|canon/canonical_story_tree/books/Book_03_The_First_Thread/book_content.txt	crossing	timeline|relationships|scenes|quests|world	implemented_reference_map	reference_extracted_pending_domain_review
WDM-ROUTE-9e144c0dcc4f	route	"S074
beat"	canon/canonical_story_tree/all_25_books_latest_full_cycle.txt|canon/canonical_story_tree/books/Book_03_The_First_Thread/book_content.txt	crossing	timeline|relationships|scenes|quests|world	implemented_reference_map	reference_extracted_pending_domain_review
WDM-ROUTE-3694419f8af1	route	"The First Thread

Pip-Knows-the-Thread-Will-Be-Tested-by-Motion"	canon/canonical_story_tree/all_25_books_latest_full_cycle.txt|canon/canonical_story_tree/books/Book_03_The_First_Thread/book_content.txt	crossing	timeline|relationships|scenes|quests|world	implemented_reference_map	reference_extracted_pending_domain_review
WDM-ROUTE-f8745d10c5f5	route	"Rylos Vayne Johnson-Prepares-with-More-Courage-Than-Comfort

scene"	canon/canonical_story_tree/all_25_books_latest_full_cycle.txt|canon/canonical_story_tree/books/Book_03_The_First_Thread/book_content.txt	crossing	timeline|relationships|scenes|quests|world	implemented_reference_map	reference_extracted_pending_domain_review
WDM-ROUTE-3c96fc23104a	route	"S075
beat"	canon/canonical_story_tree/all_25_books_latest_full_cycle.txt|canon/canonical_story_tree/books/Book_03_The_First_Thread/book_content.txt	crossing	timeline|relationships|scenes|quests|world	implemented_reference_map	reference_extracted_pending_domain_review
WDM-ROUTE-56b341b19fcd	route	"The First Thread

Rylos Vayne"	canon/canonical_story_tree/all_25_books_latest_full_cycle.txt|canon/canonical_story_tree/books/Book_03_The_First_Thread/book_content.txt	crossing	timeline|relationships|scenes|quests|world	implemented_reference_map	reference_extracted_pending_domain_review
WDM-ROUTE-df32c0f877ae	route	Johnson-Prepares-with-More-Courage-Than-Comfort	canon/canonical_story_tree/all_25_books_latest_full_cycle.txt|canon/canonical_story_tree/books/Book_03_The_First_Thread/book_content.txt	crossing	timeline|relationships|scenes|quests|world	implemented_reference_map	reference_extracted_pending_domain_review
WDM-ROUTE-d39f9dcf90db	route	Sets	canon/canonical_story_tree/all_25_books_latest_full_cycle.txt|canon/canonical_story_tree/books/Book_03_The_First_Thread/book_content.txt	crossing	timeline|relationships|scenes|quests|world	implemented_reference_map	reference_extracted_pending_domain_review
WDM-ROUTE-0e2f39c81ef1	route	Conditions	canon/canonical_story_tree/all_25_books_latest_full_cycle.txt|canon/canonical_story_tree/books/Book_03_The_First_Thread/book_content.txt|canon/canonical_story_tree/books/Book_23_The_Final_Resonance/book_content.txt|canon/canonical_story_tree/books/Book_24_Born_To_Die/book_content.txt|canon/canonical_story_tree/books/Book_25_Death_Is_Rebirth/book_content.txt	crossing|path|route	timeline|relationships|scenes|quests|world	implemented_reference_map	reference_extracted_pending_domain_review
WDM-ROUTE-20969ebd8f60	route	"Mack-Sets-Conditions-for-Crossing

scene"	canon/canonical_story_tree/all_25_books_latest_full_cycle.txt|canon/canonical_story_tree/books/Book_03_The_First_Thread/book_content.txt	crossing	timeline|relationships|scenes|quests|world	implemented_reference_map	reference_extracted_pending_domain_review
WDM-ROUTE-cdeb47778a28	route	"S076
beat"	canon/canonical_story_tree/all_25_books_latest_full_cycle.txt|canon/canonical_story_tree/books/Book_03_The_First_Thread/book_content.txt	crossing	timeline|relationships|scenes|quests|world	implemented_reference_map	reference_extracted_pending_domain_review
WDM-ROUTE-b036d24c81a1	route	"The First Thread

Mack-Sets-Conditions-for-Crossing"	canon/canonical_story_tree/all_25_books_latest_full_cycle.txt|canon/canonical_story_tree/books/Book_03_The_First_Thread/book_content.txt	crossing	timeline|relationships|scenes|quests|world	implemented_reference_map	reference_extracted_pending_domain_review
WDM-ROUTE-2e62898059ac	route	Makes	canon/canonical_story_tree/all_25_books_latest_full_cycle.txt|canon/canonical_story_tree/books/Book_03_The_First_Thread/book_content.txt	crossing	timeline|relationships|scenes|quests|world	implemented_reference_map	reference_extracted_pending_domain_review
WDM-ROUTE-df46ea2fb5b6	route	Departure	canon/canonical_story_tree/all_25_books_latest_full_cycle.txt|canon/canonical_story_tree/books/Book_03_The_First_Thread/book_content.txt	crossing	timeline|relationships|scenes|quests|world	implemented_reference_map	reference_extracted_pending_domain_review
WDM-ROUTE-901dbf083412	route	Feel	canon/canonical_story_tree/all_25_books_latest_full_cycle.txt|canon/canonical_story_tree/books/Book_03_The_First_Thread/book_content.txt	crossing	timeline|relationships|scenes|quests|world	implemented_reference_map	reference_extracted_pending_domain_review
WDM-ROUTE-a6fc598b8fe0	route	Like	canon/canonical_story_tree/all_25_books_latest_full_cycle.txt|canon/canonical_story_tree/books/Book_03_The_First_Thread/book_content.txt	crossing	timeline|relationships|scenes|quests|world	implemented_reference_map	reference_extracted_pending_domain_review
WDM-ROUTE-440533723f01	route	Betrayal	canon/canonical_story_tree/all_25_books_latest_full_cycle.txt|canon/canonical_story_tree/books/Book_03_The_First_Thread/book_content.txt	crossing	timeline|relationships|scenes|quests|world	implemented_reference_map	reference_extracted_pending_domain_review
WDM-ROUTE-7ba5a1d18672	route	and	canon/canonical_story_tree/all_25_books_latest_full_cycle.txt|canon/canonical_story_tree/books/Book_03_The_First_Thread/book_content.txt	crossing|path|road	timeline|relationships|scenes|quests|world	implemented_reference_map	reference_extracted_pending_domain_review
WDM-ROUTE-c839463adfa5	route	Maturity	canon/canonical_story_tree/all_25_books_latest_full_cycle.txt|canon/canonical_story_tree/books/Book_03_The_First_Thread/book_content.txt	crossing	timeline|relationships|scenes|quests|world	implemented_reference_map	reference_extracted_pending_domain_review
WDM-ROUTE-083f87eecc5f	route	Once	canon/canonical_story_tree/all_25_books_latest_full_cycle.txt|canon/canonical_story_tree/books/Book_03_The_First_Thread/book_content.txt	crossing	timeline|relationships|scenes|quests|world	implemented_reference_map	reference_extracted_pending_domain_review
WDM-ROUTE-3302f1dac76c	route	"Sanctuary-Makes-Departure-Feel-Like-Betrayal-and-Maturity-at-Once

scene"	canon/canonical_story_tree/all_25_books_latest_full_cycle.txt|canon/canonical_story_tree/books/Book_03_The_First_Thread/book_content.txt	crossing	timeline|relationships|scenes|quests|world	implemented_reference_map	reference_extracted_pending_domain_review
WDM-ROUTE-2fb68e300038	route	Threshold	canon/canonical_story_tree/all_25_books_latest_full_cycle.txt|canon/canonical_story_tree/books/Book_03_The_First_Thread/book_content.txt	crossing	timeline|relationships|scenes|quests|world	implemented_reference_map	reference_extracted_pending_domain_review
WDM-ROUTE-5625da579a42	route	Reframes	canon/canonical_story_tree/all_25_books_latest_full_cycle.txt|canon/canonical_story_tree/books/Book_03_The_First_Thread/book_content.txt	crossing	timeline|relationships|scenes|quests|world	implemented_reference_map	reference_extracted_pending_domain_review
WDM-ROUTE-cf75d4885407	route	Everyone	canon/canonical_story_tree/all_25_books_latest_full_cycle.txt|canon/canonical_story_tree/books/Book_03_The_First_Thread/book_content.txt	crossing	timeline|relationships|scenes|quests|world	implemented_reference_map	reference_extracted_pending_domain_review
WDM-ROUTE-792821415798	route	"The-Threshold-Reframes-Everyone

scene"	canon/canonical_story_tree/all_25_books_latest_full_cycle.txt|canon/canonical_story_tree/books/Book_03_The_First_Thread/book_content.txt	crossing	timeline|relationships|scenes|quests|world	implemented_reference_map	reference_extracted_pending_domain_review
WDM-ROUTE-6de6d905ede2	route	"S082
beat"	canon/canonical_story_tree/all_25_books_latest_full_cycle.txt|canon/canonical_story_tree/books/Book_03_The_First_Thread/book_content.txt	crossing	timeline|relationships|scenes|quests|world	implemented_reference_map	reference_extracted_pending_domain_review
WDM-ROUTE-5de232e2a62a	route	"The First Thread

The-Threshold-Reframes-Everyone"	canon/canonical_story_tree/all_25_books_latest_full_cycle.txt|canon/canonical_story_tree/books/Book_03_The_First_Thread/book_content.txt	crossing	timeline|relationships|scenes|quests|world	implemented_reference_map	reference_extracted_pending_domain_review
WDM-ROUTE-e24f446e29d1	route	They	canon/canonical_story_tree/all_25_books_latest_full_cycle.txt|canon/canonical_story_tree/books/Book_03_The_First_Thread/book_content.txt	crossing	timeline|relationships|scenes|quests|world	implemented_reference_map	reference_extracted_pending_domain_review
WDM-ROUTE-5c61c4d7d34d	route	Cross	canon/canonical_story_tree/all_25_books_latest_full_cycle.txt|canon/canonical_story_tree/books/Book_03_The_First_Thread/book_content.txt	crossing	timeline|relationships|scenes|quests|world	implemented_reference_map	reference_extracted_pending_domain_review
WDM-ROUTE-8f5aa841ac6e	route	Partial	canon/canonical_story_tree/all_25_books_latest_full_cycle.txt|canon/canonical_story_tree/books/Book_03_The_First_Thread/book_content.txt	crossing	timeline|relationships|scenes|quests|world	implemented_reference_map	reference_extracted_pending_domain_review
WDM-ROUTE-d419d98340a2	route	Form	canon/canonical_story_tree/all_25_books_latest_full_cycle.txt|canon/canonical_story_tree/books/Book_03_The_First_Thread/book_content.txt|canon/canonical_story_tree/books/Book_07_The_Rift_Widens/book_content.txt	crossing|route	timeline|relationships|scenes|quests|world	implemented_reference_map	reference_extracted_pending_domain_review
WDM-ROUTE-336bd20707a2	route	"They-Do-Not-Cross-Yet-or-They-Cross-in-Partial-Form

scene"	canon/canonical_story_tree/all_25_books_latest_full_cycle.txt|canon/canonical_story_tree/books/Book_03_The_First_Thread/book_content.txt	crossing	timeline|relationships|scenes|quests|world	implemented_reference_map	reference_extracted_pending_domain_review
WDM-ROUTE-0284bee2c185	route	S023 A-Small-Incident-Proves-the-Lesson	canon/canonical_story_tree/all_25_books_latest_full_cycle.txt|canon/canonical_story_tree/books/Book_04_Crocodile_Smile/book_content.txt	road	timeline|relationships|scenes|quests|world	implemented_reference_map	reference_extracted_pending_domain_review
WDM-ROUTE-e9eaf79ffcab	route	Concrete event grounds theory	canon/canonical_story_tree/all_25_books_latest_full_cycle.txt|canon/canonical_story_tree/books/Book_04_Crocodile_Smile/book_content.txt	road	timeline|relationships|scenes|quests|world	implemented_reference_map	reference_extracted_pending_domain_review
WDM-ROUTE-6fcce827bf28	route	S024 The-Beat-Ends-with-Discernment-Upgraded	canon/canonical_story_tree/all_25_books_latest_full_cycle.txt|canon/canonical_story_tree/books/Book_04_Crocodile_Smile/book_content.txt	road	timeline|relationships|scenes|quests|world	implemented_reference_map	reference_extracted_pending_domain_review
WDM-ROUTE-fb8c1b9dbb85	route	deepens from atmospheric unease into	canon/canonical_story_tree/all_25_books_latest_full_cycle.txt|canon/canonical_story_tree/books/Book_04_Crocodile_Smile/book_content.txt	road	timeline|relationships|scenes|quests|world	implemented_reference_map	reference_extracted_pending_domain_review
WDM-ROUTE-02662da87804	route	lived rule	canon/canonical_story_tree/all_25_books_latest_full_cycle.txt|canon/canonical_story_tree/books/Book_04_Crocodile_Smile/book_content.txt	road	timeline|relationships|scenes|quests|world	implemented_reference_map	reference_extracted_pending_domain_review
WDM-ROUTE-ceb189307dd1	route	B04	canon/canonical_story_tree/all_25_books_latest_full_cycle.txt|canon/canonical_story_tree/books/Book_04_Crocodile_Smile/book_content.txt	crossing|path|road	timeline|relationships|scenes|quests|world	implemented_reference_map	reference_extracted_pending_domain_review
WDM-ROUTE-62aa3b67c099	route	The Road Carries	canon/canonical_story_tree/all_25_books_latest_full_cycle.txt|canon/canonical_story_tree/books/Book_04_Crocodile_Smile/book_content.txt	road	timeline|relationships|scenes|quests|world	implemented_reference_map	reference_extracted_pending_domain_review
WDM-ROUTE-ee836d644db8	route	"Hidden Jaw
target"	canon/canonical_story_tree/all_25_books_latest_full_cycle.txt|canon/canonical_story_tree/books/Book_04_Crocodile_Smile/book_content.txt	road	timeline|relationships|scenes|quests|world	implemented_reference_map	reference_extracted_pending_domain_review
WDM-ROUTE-75925ebf90df	route	S025 Movement-Beyond-the-Safest-Core-Reveals-New-Risk	canon/canonical_story_tree/all_25_books_latest_full_cycle.txt|canon/canonical_story_tree/books/Book_04_Crocodile_Smile/book_content.txt	road	timeline|relationships|scenes|quests|world	implemented_reference_map	reference_extracted_pending_domain_review
WDM-ROUTE-49d82d020a18	route	The world outside sanctuary expresses	canon/canonical_story_tree/all_25_books_latest_full_cycle.txt|canon/canonical_story_tree/books/Book_04_Crocodile_Smile/book_content.txt	road	timeline|relationships|scenes|quests|world	implemented_reference_map	reference_extracted_pending_domain_review
WDM-ROUTE-4df34135a58a	route	the book's threat pattern physically	canon/canonical_story_tree/all_25_books_latest_full_cycle.txt|canon/canonical_story_tree/books/Book_04_Crocodile_Smile/book_content.txt	road	timeline|relationships|scenes|quests|world	implemented_reference_map	reference_extracted_pending_domain_review
WDM-ROUTE-b1da75f81c3c	route	S026 Pip-Feels-How-Easily-Beauty-and-Peril-Can-Share-Space	canon/canonical_story_tree/all_25_books_latest_full_cycle.txt|canon/canonical_story_tree/books/Book_04_Crocodile_Smile/book_content.txt	road	timeline|relationships|scenes|quests|world	implemented_reference_map	reference_extracted_pending_domain_review
WDM-ROUTE-21d28069b18b	route	S033 Mack-Keeps-Them-Moving-Without-Letting-Fear-Oversimplify	canon/canonical_story_tree/all_25_books_latest_full_cycle.txt|canon/canonical_story_tree/books/Book_04_Crocodile_Smile/book_content.txt	road	timeline|relationships|scenes|quests|world	implemented_reference_map	reference_extracted_pending_domain_review
WDM-ROUTE-97159cc0808e	route	Discipline under pressure	canon/canonical_story_tree/all_25_books_latest_full_cycle.txt|canon/canonical_story_tree/books/Book_04_Crocodile_Smile/book_content.txt	road	timeline|relationships|scenes|quests|world	implemented_reference_map	reference_extracted_pending_domain_review
WDM-ROUTE-dcd9e667eb95	route	S034 The-Pair-Bond-Gains-a-New-Use	canon/canonical_story_tree/all_25_books_latest_full_cycle.txt|canon/canonical_story_tree/books/Book_04_Crocodile_Smile/book_content.txt	road	timeline|relationships|scenes|quests|world	implemented_reference_map	reference_extracted_pending_domain_review
WDM-ROUTE-9ba28badb693	route	They begin checking each other's	canon/canonical_story_tree/all_25_books_latest_full_cycle.txt|canon/canonical_story_tree/books/Book_04_Crocodile_Smile/book_content.txt	road	timeline|relationships|scenes|quests|world	implemented_reference_map	reference_extracted_pending_domain_review
WDM-ROUTE-c3c260c305e2	route	readings of space and intention	canon/canonical_story_tree/all_25_books_latest_full_cycle.txt|canon/canonical_story_tree/books/Book_04_Crocodile_Smile/book_content.txt	road	timeline|relationships|scenes|quests|world	implemented_reference_map	reference_extracted_pending_domain_review
WDM-ROUTE-bdd03ac65c4d	route	S035 The-Road-Is-Recast-as-Readable-But-Not-Friendly	canon/canonical_story_tree/all_25_books_latest_full_cycle.txt|canon/canonical_story_tree/books/Book_04_Crocodile_Smile/book_content.txt	road	timeline|relationships|scenes|quests|world	implemented_reference_map	reference_extracted_pending_domain_review
WDM-ROUTE-5a4957741c20	route	The world grows more semantically	canon/canonical_story_tree/all_25_books_latest_full_cycle.txt|canon/canonical_story_tree/books/Book_04_Crocodile_Smile/book_content.txt	road	timeline|relationships|scenes|quests|world	implemented_reference_map	reference_extracted_pending_domain_review
WDM-ROUTE-70f0de16e395	route	dangerous	canon/canonical_story_tree/all_25_books_latest_full_cycle.txt|canon/canonical_story_tree/books/Book_04_Crocodile_Smile/book_content.txt	road	timeline|relationships|scenes|quests|world	implemented_reference_map	reference_extracted_pending_domain_review
WDM-ROUTE-c880d867edbe	route	S036 The-Beat-Ends-with-the-Hidden-Jaw-Confirmed	canon/canonical_story_tree/all_25_books_latest_full_cycle.txt|canon/canonical_story_tree/books/Book_04_Crocodile_Smile/book_content.txt	road	timeline|relationships|scenes|quests|world	implemented_reference_map	reference_extracted_pending_domain_review
WDM-ROUTE-4f2174506863	route	The title image now governs	canon/canonical_story_tree/all_25_books_latest_full_cycle.txt|canon/canonical_story_tree/books/Book_04_Crocodile_Smile/book_content.txt	road	timeline|relationships|scenes|quests|world	implemented_reference_map	reference_extracted_pending_domain_review
WDM-ROUTE-588c3da5c137	route	travel logic	canon/canonical_story_tree/all_25_books_latest_full_cycle.txt|canon/canonical_story_tree/books/Book_04_Crocodile_Smile/book_content.txt	road	timeline|relationships|scenes|quests|world	implemented_reference_map	reference_extracted_pending_domain_review
WDM-ROUTE-24b5d4d64d71	route	serious movement outside safe zones	canon/canonical_story_tree/all_25_books_latest_full_cycle.txt|canon/canonical_story_tree/books/Book_04_Crocodile_Smile/book_content.txt	crossing|path	timeline|relationships|scenes|quests|world	implemented_reference_map	reference_extracted_pending_domain_review
WDM-ROUTE-fb96ecbe4163	route	before Boojay's rescue enters the	canon/canonical_story_tree/all_25_books_latest_full_cycle.txt|canon/canonical_story_tree/books/Book_04_Crocodile_Smile/book_content.txt	path	timeline|relationships|scenes|quests|world	implemented_reference_map	reference_extracted_pending_domain_review
WDM-ROUTE-4dbb99a67312	route	story	canon/canonical_story_tree/all_25_books_latest_full_cycle.txt|canon/canonical_story_tree/books/Book_04_Crocodile_Smile/book_content.txt	path	timeline|relationships|scenes|quests|world	implemented_reference_map	reference_extracted_pending_domain_review
WDM-ROUTE-4e4114721316	route	Jackrabbit	canon/canonical_story_tree/all_25_books_latest_full_cycle.txt|canon/canonical_story_tree/books/Book_04_Crocodile_Smile/book_content.txt	path	timeline|relationships|scenes|quests|world	implemented_reference_map	reference_extracted_pending_domain_review
WDM-ROUTE-69f0cf3b43bb	route	The Wounded Jackrabbit	canon/canonical_story_tree/all_25_books_latest_full_cycle.txt|canon/canonical_story_tree/books/Book_04_Crocodile_Smile/book_content.txt	path	timeline|relationships|scenes|quests|world	implemented_reference_map	reference_extracted_pending_domain_review
WDM-ROUTE-eb1f5c790461	route	encounter setup	canon/canonical_story_tree/all_25_books_latest_full_cycle.txt|canon/canonical_story_tree/books/Book_04_Crocodile_Smile/book_content.txt	path	timeline|relationships|scenes|quests|world	implemented_reference_map	reference_extracted_pending_domain_review
WDM-ROUTE-dfa9fc479807	route	sympathy trigger	canon/canonical_story_tree/all_25_books_latest_full_cycle.txt|canon/canonical_story_tree/books/Book_04_Crocodile_Smile/book_content.txt	path	timeline|relationships|scenes|quests|world	implemented_reference_map	reference_extracted_pending_domain_review
WDM-ROUTE-3615234b857d	route	Expanse	canon/canonical_story_tree/all_25_books_latest_full_cycle.txt|canon/canonical_story_tree/books/Book_04_Crocodile_Smile/book_content.txt	crossing|path	timeline|relationships|scenes|quests|world	implemented_reference_map	reference_extracted_pending_domain_review
WDM-ROUTE-e30fd8105658	route	flight path zone	canon/canonical_story_tree/all_25_books_latest_full_cycle.txt|canon/canonical_story_tree/books/Book_04_Crocodile_Smile/book_content.txt	path	timeline|relationships|scenes|quests|world	implemented_reference_map	reference_extracted_pending_domain_review
WDM-ROUTE-a80a244b8023	route	medium	canon/canonical_story_tree/all_25_books_latest_full_cycle.txt|canon/canonical_story_tree/books/Book_04_Crocodile_Smile/book_content.txt	crossing|path	timeline|relationships|scenes|quests|world	implemented_reference_map	reference_extracted_pending_domain_review
WDM-ROUTE-ec8a05879d41	route	"notes
Best fit for first"	canon/canonical_story_tree/all_25_books_latest_full_cycle.txt|canon/canonical_story_tree/books/Book_04_Crocodile_Smile/book_content.txt	path	timeline|relationships|scenes|quests|world	implemented_reference_map	reference_extracted_pending_domain_review
WDM-ROUTE-6cb34aa471ff	route	contact with Boojay framed through	canon/canonical_story_tree/all_25_books_latest_full_cycle.txt|canon/canonical_story_tree/books/Book_04_Crocodile_Smile/book_content.txt	path	timeline|relationships|scenes|quests|world	implemented_reference_map	reference_extracted_pending_domain_review
WDM-ROUTE-fc1fcdae5b72	route	vulnerability and immediate trust potential	canon/canonical_story_tree/all_25_books_latest_full_cycle.txt|canon/canonical_story_tree/books/Book_04_Crocodile_Smile/book_content.txt	path	timeline|relationships|scenes|quests|world	implemented_reference_map	reference_extracted_pending_domain_review
WDM-ROUTE-0561378f2c31	route	Fleeing	canon/canonical_story_tree/all_25_books_latest_full_cycle.txt|canon/canonical_story_tree/books/Book_04_Crocodile_Smile/book_content.txt	path	timeline|relationships|scenes|quests|world	implemented_reference_map	reference_extracted_pending_domain_review
WDM-ROUTE-6e606b9dd8ca	route	S120 The-Beat-Ends-with-Book-Four-Properly-Underway	canon/canonical_story_tree/all_25_books_latest_full_cycle.txt|canon/canonical_story_tree/books/Book_04_Crocodile_Smile/book_content.txt	crossing	timeline|relationships|scenes|quests|world	implemented_reference_map	reference_extracted_pending_domain_review
WDM-ROUTE-355eb96c6e3a	route	First major weave secured	canon/canonical_story_tree/all_25_books_latest_full_cycle.txt|canon/canonical_story_tree/books/Book_04_Crocodile_Smile/book_content.txt	crossing	timeline|relationships|scenes|quests|world	implemented_reference_map	reference_extracted_pending_domain_review
WDM-ROUTE-ad2b2096765c	route	Placed Beats	canon/canonical_story_tree/all_25_books_latest_full_cycle.txt|canon/canonical_story_tree/books/Book_04_Crocodile_Smile/book_content.txt	crossing	timeline|relationships|scenes|quests|world	implemented_reference_map	reference_extracted_pending_domain_review
WDM-ROUTE-e771a23d72ca	route	Into	canon/canonical_story_tree/all_25_books_latest_full_cycle.txt|canon/canonical_story_tree/books/Book_04_Crocodile_Smile/book_content.txt	crossing	timeline|relationships|scenes|quests|world	implemented_reference_map	reference_extracted_pending_domain_review
WDM-ROUTE-7e1c5605184b	route	Into The Expanse	canon/canonical_story_tree/all_25_books_latest_full_cycle.txt|canon/canonical_story_tree/books/Book_04_Crocodile_Smile/book_content.txt	crossing	timeline|relationships|scenes|quests|world	implemented_reference_map	reference_extracted_pending_domain_review
WDM-ROUTE-e7714abcd814	route	danger entry	canon/canonical_story_tree/all_25_books_latest_full_cycle.txt|canon/canonical_story_tree/books/Book_04_Crocodile_Smile/book_content.txt	crossing	timeline|relationships|scenes|quests|world	implemented_reference_map	reference_extracted_pending_domain_review
WDM-ROUTE-898242d74919	route	outside safe Oasis territory	canon/canonical_story_tree/all_25_books_latest_full_cycle.txt|canon/canonical_story_tree/books/Book_04_Crocodile_Smile/book_content.txt	crossing	timeline|relationships|scenes|quests|world	implemented_reference_map	reference_extracted_pending_domain_review
WDM-ROUTE-61bb03e1b6c7	route	"notes
Use for the first"	canon/canonical_story_tree/all_25_books_latest_full_cycle.txt|canon/canonical_story_tree/books/Book_04_Crocodile_Smile/book_content.txt	crossing	timeline|relationships|scenes|quests|world	implemented_reference_map	reference_extracted_pending_domain_review
WDM-ROUTE-82787310f483	route	The Bond with Xethrolund Watches	canon/canonical_story_tree/all_25_books_latest_full_cycle.txt|canon/canonical_story_tree/books/Book_04_Crocodile_Smile/book_content.txt	crossing	timeline|relationships|scenes|quests|world	implemented_reference_map	reference_extracted_pending_domain_review
WDM-ROUTE-6280688a6b1e	route	Quietly	canon/canonical_story_tree/all_25_books_latest_full_cycle.txt|canon/canonical_story_tree/books/Book_04_Crocodile_Smile/book_content.txt	crossing	timeline|relationships|scenes|quests|world	implemented_reference_map	reference_extracted_pending_domain_review
WDM-ROUTE-cefe38e6605b	route	The Thread Does Not Intervene	canon/canonical_story_tree/all_25_books_latest_full_cycle.txt|canon/canonical_story_tree/books/Book_04_Crocodile_Smile/book_content.txt	crossing	timeline|relationships|scenes|quests|world	implemented_reference_map	reference_extracted_pending_domain_review
WDM-ROUTE-e993cf6c340a	route	It Witnesses	canon/canonical_story_tree/all_25_books_latest_full_cycle.txt|canon/canonical_story_tree/books/Book_04_Crocodile_Smile/book_content.txt	crossing	timeline|relationships|scenes|quests|world	implemented_reference_map	reference_extracted_pending_domain_review
WDM-ROUTE-04faee1886f7	route	Ordinary Chores Under New Pressure	canon/canonical_story_tree/all_25_books_latest_full_cycle.txt|canon/canonical_story_tree/books/Book_04_Crocodile_Smile/book_content.txt	crossing	timeline|relationships|scenes|quests|world	implemented_reference_map	reference_extracted_pending_domain_review
WDM-ROUTE-64ab21d3b6ad	route	Daily Life Continues While Deeper	canon/canonical_story_tree/all_25_books_latest_full_cycle.txt|canon/canonical_story_tree/books/Book_04_Crocodile_Smile/book_content.txt	crossing	timeline|relationships|scenes|quests|world	implemented_reference_map	reference_extracted_pending_domain_review
WDM-ROUTE-94e6bc44c413	route	Lines Begin Crossing	canon/canonical_story_tree/all_25_books_latest_full_cycle.txt|canon/canonical_story_tree/books/Book_04_Crocodile_Smile/book_content.txt	crossing	timeline|relationships|scenes|quests|world	implemented_reference_map	reference_extracted_pending_domain_review
WDM-ROUTE-7d23684ee10f	route	The House Breathes Safety	canon/canonical_story_tree/all_25_books_latest_full_cycle.txt|canon/canonical_story_tree/books/Book_04_Crocodile_Smile/book_content.txt	crossing	timeline|relationships|scenes|quests|world	implemented_reference_map	reference_extracted_pending_domain_review
WDM-ROUTE-17311fd3f3a4	route	Domestic Calm Is Reaffirmed Before	canon/canonical_story_tree/all_25_books_latest_full_cycle.txt|canon/canonical_story_tree/books/Book_04_Crocodile_Smile/book_content.txt	crossing	timeline|relationships|scenes|quests|world	implemented_reference_map	reference_extracted_pending_domain_review
WDM-ROUTE-114b572e6fb0	route	It Is Threatened	canon/canonical_story_tree/all_25_books_latest_full_cycle.txt|canon/canonical_story_tree/books/Book_04_Crocodile_Smile/book_content.txt	crossing	timeline|relationships|scenes|quests|world	implemented_reference_map	reference_extracted_pending_domain_review
WDM-ROUTE-48de4d33410b	route	Pip's Mercy Goes Public Again	canon/canonical_story_tree/all_25_books_latest_full_cycle.txt|canon/canonical_story_tree/books/Book_04_Crocodile_Smile/book_content.txt	crossing	timeline|relationships|scenes|quests|world	implemented_reference_map	reference_extracted_pending_domain_review
WDM-ROUTE-57c9c779ded6	route	His Kindness Becomes Visible Beyond	canon/canonical_story_tree/all_25_books_latest_full_cycle.txt|canon/canonical_story_tree/books/Book_04_Crocodile_Smile/book_content.txt	crossing	timeline|relationships|scenes|quests|world	implemented_reference_map	reference_extracted_pending_domain_review
WDM-ROUTE-61028d138904	route	Private Spaces	canon/canonical_story_tree/all_25_books_latest_full_cycle.txt|canon/canonical_story_tree/books/Book_04_Crocodile_Smile/book_content.txt	crossing	timeline|relationships|scenes|quests|world	implemented_reference_map	reference_extracted_pending_domain_review
WDM-ROUTE-2d87e425d5c3	route	intellectual trial	canon/canonical_story_tree/all_25_books_latest_full_cycle.txt|canon/canonical_story_tree/books/Book_05_Runes_And_Wound/book_content.txt	route	timeline|relationships|scenes|quests|world	implemented_reference_map	reference_extracted_pending_domain_review
WDM-ROUTE-77440904817a	route	S091 Pip-Chooses-the-Harder-Truer-Reading	canon/canonical_story_tree/all_25_books_latest_full_cycle.txt|canon/canonical_story_tree/books/Book_05_Runes_And_Wound/book_content.txt	route	timeline|relationships|scenes|quests|world	implemented_reference_map	reference_extracted_pending_domain_review
WDM-ROUTE-2c4801c0f897	route	Character advancement	canon/canonical_story_tree/all_25_books_latest_full_cycle.txt|canon/canonical_story_tree/books/Book_05_Runes_And_Wound/book_content.txt	route	timeline|relationships|scenes|quests|world	implemented_reference_map	reference_extracted_pending_domain_review
WDM-ROUTE-a407cf0e19ff	route	S092 Rylos-Backs-Him-Even-Though-It-Costs-Him-Too	canon/canonical_story_tree/all_25_books_latest_full_cycle.txt|canon/canonical_story_tree/books/Book_05_Runes_And_Wound/book_content.txt	route	timeline|relationships|scenes|quests|world	implemented_reference_map	reference_extracted_pending_domain_review
WDM-ROUTE-6509e342820b	route	Bond deepening	canon/canonical_story_tree/all_25_books_latest_full_cycle.txt|canon/canonical_story_tree/books/Book_05_Runes_And_Wound/book_content.txt	route	timeline|relationships|scenes|quests|world	implemented_reference_map	reference_extracted_pending_domain_review
WDM-ROUTE-acb42f426343	route	S093 The-Sign-Changes-What-the-Next-Route-Must-Be	canon/canonical_story_tree/all_25_books_latest_full_cycle.txt|canon/canonical_story_tree/books/Book_05_Runes_And_Wound/book_content.txt	route	timeline|relationships|scenes|quests|world	implemented_reference_map	reference_extracted_pending_domain_review
WDM-ROUTE-097135d03df7	route	Practical plot shift	canon/canonical_story_tree/all_25_books_latest_full_cycle.txt|canon/canonical_story_tree/books/Book_05_Runes_And_Wound/book_content.txt	route	timeline|relationships|scenes|quests|world	implemented_reference_map	reference_extracted_pending_domain_review
WDM-ROUTE-239d932d0160	route	S094 Home-Shrinks-Behind-Them-Emotionally-Even-Before-They-Leave	canon/canonical_story_tree/all_25_books_latest_full_cycle.txt|canon/canonical_story_tree/books/Book_05_Runes_And_Wound/book_content.txt	route	timeline|relationships|scenes|quests|world	implemented_reference_map	reference_extracted_pending_domain_review
WDM-ROUTE-8d8ee4135b94	route	Departure pressure	canon/canonical_story_tree/all_25_books_latest_full_cycle.txt|canon/canonical_story_tree/books/Book_05_Runes_And_Wound/book_content.txt	route	timeline|relationships|scenes|quests|world	implemented_reference_map	reference_extracted_pending_domain_review
WDM-ROUTE-768a92636720	route	S095 The-Runic-Layer-Is-No-Longer-Mysterious-Only-It-Is-Directive	canon/canonical_story_tree/all_25_books_latest_full_cycle.txt|canon/canonical_story_tree/books/Book_05_Runes_And_Wound/book_content.txt	route	timeline|relationships|scenes|quests|world	implemented_reference_map	reference_extracted_pending_domain_review
WDM-ROUTE-595543e9200a	route	Important turn	canon/canonical_story_tree/all_25_books_latest_full_cycle.txt|canon/canonical_story_tree/books/Book_05_Runes_And_Wound/book_content.txt	route	timeline|relationships|scenes|quests|world	implemented_reference_map	reference_extracted_pending_domain_review
WDM-ROUTE-6a22b7fd480c	route	S096 The-Beat-Ends-with-Truth-Converted-Into-Route	canon/canonical_story_tree/all_25_books_latest_full_cycle.txt|canon/canonical_story_tree/books/Book_05_Runes_And_Wound/book_content.txt	route	timeline|relationships|scenes|quests|world	implemented_reference_map	reference_extracted_pending_domain_review
WDM-ROUTE-47e1db5e5934	route	becomes more kinetic	canon/canonical_story_tree/all_25_books_latest_full_cycle.txt|canon/canonical_story_tree/books/Book_05_Runes_And_Wound/book_content.txt	route	timeline|relationships|scenes|quests|world	implemented_reference_map	reference_extracted_pending_domain_review
WDM-ROUTE-19823f5b51ff	route	B05	canon/canonical_story_tree/all_25_books_latest_full_cycle.txt|canon/canonical_story_tree/books/Book_05_Runes_And_Wound/book_content.txt	road|route	timeline|relationships|scenes|quests|world	implemented_reference_map	reference_extracted_pending_domain_review
WDM-ROUTE-3d3b9b4305d5	route	The House Holds Them One	canon/canonical_story_tree/all_25_books_latest_full_cycle.txt|canon/canonical_story_tree/books/Book_05_Runes_And_Wound/book_content.txt	route	timeline|relationships|scenes|quests|world	implemented_reference_map	reference_extracted_pending_domain_review
WDM-ROUTE-76064eafcc6b	route	"More Time
target"	canon/canonical_story_tree/all_25_books_latest_full_cycle.txt|canon/canonical_story_tree/books/Book_05_Runes_And_Wound/book_content.txt	route	timeline|relationships|scenes|quests|world	implemented_reference_map	reference_extracted_pending_domain_review
WDM-ROUTE-25f07988c4f1	route	S097 Sanctuary-Gathers-Them-Before-the-Next-Phase	canon/canonical_story_tree/all_25_books_latest_full_cycle.txt|canon/canonical_story_tree/books/Book_05_Runes_And_Wound/book_content.txt	route	timeline|relationships|scenes|quests|world	implemented_reference_map	reference_extracted_pending_domain_review
WDM-ROUTE-e47bb9a70543	route	Home gives one more deep	canon/canonical_story_tree/all_25_books_latest_full_cycle.txt|canon/canonical_story_tree/books/Book_05_Runes_And_Wound/book_content.txt	route	timeline|relationships|scenes|quests|world	implemented_reference_map	reference_extracted_pending_domain_review
WDM-ROUTE-a5306222d852	route	External plot opens	canon/canonical_story_tree/all_25_books_latest_full_cycle.txt|canon/canonical_story_tree/books/Book_05_Runes_And_Wound/book_content.txt	road	timeline|relationships|scenes|quests|world	implemented_reference_map	reference_extracted_pending_domain_review
WDM-ROUTE-2808aedf6177	route	S047 The-Wound-Points-Beyond-the-Boy	canon/canonical_story_tree/all_25_books_latest_full_cycle.txt|canon/canonical_story_tree/books/Book_05_Runes_And_Wound/book_content.txt	road	timeline|relationships|scenes|quests|world	implemented_reference_map	reference_extracted_pending_domain_review
WDM-ROUTE-51d7b3cc85ef	route	Scale rises	canon/canonical_story_tree/all_25_books_latest_full_cycle.txt|canon/canonical_story_tree/books/Book_05_Runes_And_Wound/book_content.txt	road	timeline|relationships|scenes|quests|world	implemented_reference_map	reference_extracted_pending_domain_review
WDM-ROUTE-36d63b5d6329	route	S048 The-Beat-Ends-with-Interpretation-Turned-Into-Obligation	canon/canonical_story_tree/all_25_books_latest_full_cycle.txt|canon/canonical_story_tree/books/Book_05_Runes_And_Wound/book_content.txt	road	timeline|relationships|scenes|quests|world	implemented_reference_map	reference_extracted_pending_domain_review
WDM-ROUTE-f75b6c0fa275	route	Knowing now requires response	canon/canonical_story_tree/all_25_books_latest_full_cycle.txt|canon/canonical_story_tree/books/Book_05_Runes_And_Wound/book_content.txt	road	timeline|relationships|scenes|quests|world	implemented_reference_map	reference_extracted_pending_domain_review
WDM-ROUTE-7da872db8b08	route	"The Road of Signs
target"	canon/canonical_story_tree/all_25_books_latest_full_cycle.txt|canon/canonical_story_tree/books/Book_05_Runes_And_Wound/book_content.txt	road	timeline|relationships|scenes|quests|world	implemented_reference_map	reference_extracted_pending_domain_review
WDM-ROUTE-2efb37bd6af1	route	S049 Meaning-Pulls-Them-Back-Toward-Motion	canon/canonical_story_tree/all_25_books_latest_full_cycle.txt|canon/canonical_story_tree/books/Book_05_Runes_And_Wound/book_content.txt	road	timeline|relationships|scenes|quests|world	implemented_reference_map	reference_extracted_pending_domain_review
WDM-ROUTE-50baab078f99	route	The house can no longer	canon/canonical_story_tree/all_25_books_latest_full_cycle.txt|canon/canonical_story_tree/books/Book_05_Runes_And_Wound/book_content.txt	road	timeline|relationships|scenes|quests|world	implemented_reference_map	reference_extracted_pending_domain_review
WDM-ROUTE-63e6b3a5eef4	route	contain the whole book	canon/canonical_story_tree/all_25_books_latest_full_cycle.txt|canon/canonical_story_tree/books/Book_05_Runes_And_Wound/book_content.txt	road	timeline|relationships|scenes|quests|world	implemented_reference_map	reference_extracted_pending_domain_review
WDM-ROUTE-b4b7de27707d	route	S050 Pip-Feels-the-Cost-of-Leaving-Knowing-More	canon/canonical_story_tree/all_25_books_latest_full_cycle.txt|canon/canonical_story_tree/books/Book_05_Runes_And_Wound/book_content.txt	road	timeline|relationships|scenes|quests|world	implemented_reference_map	reference_extracted_pending_domain_review
WDM-ROUTE-7eb5767d47dd	route	Home has become more precious	canon/canonical_story_tree/all_25_books_latest_full_cycle.txt|canon/canonical_story_tree/books/Book_05_Runes_And_Wound/book_content.txt	road	timeline|relationships|scenes|quests|world	implemented_reference_map	reference_extracted_pending_domain_review
WDM-ROUTE-f4cec6667c41	route	before departure	canon/canonical_story_tree/all_25_books_latest_full_cycle.txt|canon/canonical_story_tree/books/Book_05_Runes_And_Wound/book_content.txt	road	timeline|relationships|scenes|quests|world	implemented_reference_map	reference_extracted_pending_domain_review
WDM-ROUTE-3b1adc05b92f	route	S051 Rylos-Fears-What-the-World-Will-Do-to-Visible-Wounds-and-Visible-Signs-Together	canon/canonical_story_tree/all_25_books_latest_full_cycle.txt|canon/canonical_story_tree/books/Book_05_Runes_And_Wound/book_content.txt	road	timeline|relationships|scenes|quests|world	implemented_reference_map	reference_extracted_pending_domain_review
WDM-ROUTE-eba5284ca479	route	Vulnerability doubles	canon/canonical_story_tree/all_25_books_latest_full_cycle.txt|canon/canonical_story_tree/books/Book_05_Runes_And_Wound/book_content.txt	road	timeline|relationships|scenes|quests|world	implemented_reference_map	reference_extracted_pending_domain_review
WDM-ROUTE-70a0bcbec0a5	route	S052 Mack-Prepares-Them-for-a-More-Exacting-Road	canon/canonical_story_tree/all_25_books_latest_full_cycle.txt|canon/canonical_story_tree/books/Book_05_Runes_And_Wound/book_content.txt	road	timeline|relationships|scenes|quests|world	implemented_reference_map	reference_extracted_pending_domain_review
WDM-ROUTE-639cb0b4e08e	route	Strategy deepens	canon/canonical_story_tree/all_25_books_latest_full_cycle.txt|canon/canonical_story_tree/books/Book_05_Runes_And_Wound/book_content.txt	road	timeline|relationships|scenes|quests|world	implemented_reference_map	reference_extracted_pending_domain_review
WDM-ROUTE-b2796e044d33	route	S053 The-Runic-Layer-Begins-Reappearing-Outside	canon/canonical_story_tree/all_25_books_latest_full_cycle.txt|canon/canonical_story_tree/books/Book_05_Runes_And_Wound/book_content.txt	road	timeline|relationships|scenes|quests|world	implemented_reference_map	reference_extracted_pending_domain_review
WDM-ROUTE-36a1015683c4	route	The world becomes textually dangerous	canon/canonical_story_tree/all_25_books_latest_full_cycle.txt|canon/canonical_story_tree/books/Book_05_Runes_And_Wound/book_content.txt	road	timeline|relationships|scenes|quests|world	implemented_reference_map	reference_extracted_pending_domain_review
WDM-ROUTE-5824de228c55	route	S054 Pip-Learns-to-Read-Terrain-Differently	canon/canonical_story_tree/all_25_books_latest_full_cycle.txt|canon/canonical_story_tree/books/Book_05_Runes_And_Wound/book_content.txt	road	timeline|relationships|scenes|quests|world	implemented_reference_map	reference_extracted_pending_domain_review
WDM-ROUTE-929d261b04b2	route	Spatial interpretation evolves	canon/canonical_story_tree/all_25_books_latest_full_cycle.txt|canon/canonical_story_tree/books/Book_05_Runes_And_Wound/book_content.txt	road	timeline|relationships|scenes|quests|world	implemented_reference_map	reference_extracted_pending_domain_review
WDM-ROUTE-0980a451c1eb	route	S055 Rylos-Sees-Which-Signs-Are-Real-and-Which-Are-Bait	canon/canonical_story_tree/all_25_books_latest_full_cycle.txt|canon/canonical_story_tree/books/Book_05_Runes_And_Wound/book_content.txt	road	timeline|relationships|scenes|quests|world	implemented_reference_map	reference_extracted_pending_domain_review
WDM-ROUTE-b5626c1c3b62	route	His discernment remains essential	canon/canonical_story_tree/all_25_books_latest_full_cycle.txt|canon/canonical_story_tree/books/Book_05_Runes_And_Wound/book_content.txt	road	timeline|relationships|scenes|quests|world	implemented_reference_map	reference_extracted_pending_domain_review
WDM-ROUTE-341752470b57	route	S056 The-Pair-Bond-Becomes-a-Decoding-Method	canon/canonical_story_tree/all_25_books_latest_full_cycle.txt|canon/canonical_story_tree/books/Book_05_Runes_And_Wound/book_content.txt	road	timeline|relationships|scenes|quests|world	implemented_reference_map	reference_extracted_pending_domain_review
WDM-ROUTE-a19fdb7708dc	route	Love continues turning into cognition	canon/canonical_story_tree/all_25_books_latest_full_cycle.txt|canon/canonical_story_tree/books/Book_05_Runes_And_Wound/book_content.txt	road	timeline|relationships|scenes|quests|world	implemented_reference_map	reference_extracted_pending_domain_review
WDM-ROUTE-22ebfa117ba0	route	S057 The-Road-Is-No-Longer-Only-Travel-It-Is-Interpretation-Under-Risk	canon/canonical_story_tree/all_25_books_latest_full_cycle.txt|canon/canonical_story_tree/books/Book_05_Runes_And_Wound/book_content.txt	road	timeline|relationships|scenes|quests|world	implemented_reference_map	reference_extracted_pending_domain_review
WDM-ROUTE-2d9712ed81af	route	Important reclassification	canon/canonical_story_tree/all_25_books_latest_full_cycle.txt|canon/canonical_story_tree/books/Book_05_Runes_And_Wound/book_content.txt	road	timeline|relationships|scenes|quests|world	implemented_reference_map	reference_extracted_pending_domain_review
WDM-ROUTE-3669b056a7de	route	S058 Mack-Keeps-Motion-From-Becoming-Haste	canon/canonical_story_tree/all_25_books_latest_full_cycle.txt|canon/canonical_story_tree/books/Book_05_Runes_And_Wound/book_content.txt	road	timeline|relationships|scenes|quests|world	implemented_reference_map	reference_extracted_pending_domain_review
WDM-ROUTE-db7d8f029a09	route	Guardian balance	canon/canonical_story_tree/all_25_books_latest_full_cycle.txt|canon/canonical_story_tree/books/Book_05_Runes_And_Wound/book_content.txt	road	timeline|relationships|scenes|quests|world	implemented_reference_map	reference_extracted_pending_domain_review
WDM-ROUTE-c4052c07803c	route	S059 A-First-Field-Success-Proves-the-New-Method	canon/canonical_story_tree/all_25_books_latest_full_cycle.txt|canon/canonical_story_tree/books/Book_05_Runes_And_Wound/book_content.txt	road	timeline|relationships|scenes|quests|world	implemented_reference_map	reference_extracted_pending_domain_review
WDM-ROUTE-794c994939da	route	S062 Rylos-Knows-the-Grammar-Through-Survival-Not-Abstraction	canon/canonical_story_tree/all_25_books_latest_full_cycle.txt|canon/canonical_story_tree/books/Book_05_Runes_And_Wound/book_content.txt	road	timeline|relationships|scenes|quests|world	implemented_reference_map	reference_extracted_pending_domain_review
WDM-ROUTE-c06570f1a6db	route	His lived knowledge grounds the	canon/canonical_story_tree/all_25_books_latest_full_cycle.txt|canon/canonical_story_tree/books/Book_05_Runes_And_Wound/book_content.txt	road	timeline|relationships|scenes|quests|world	implemented_reference_map	reference_extracted_pending_domain_review
WDM-ROUTE-853fcd4b32a9	route	concept	canon/canonical_story_tree/all_25_books_latest_full_cycle.txt|canon/canonical_story_tree/books/Book_05_Runes_And_Wound/book_content.txt	road	timeline|relationships|scenes|quests|world	implemented_reference_map	reference_extracted_pending_domain_review
WDM-ROUTE-a000cc538819	route	S063 Mack-Insists-That-Understanding-Does-Not-Mean-Romanticizing-Hurt	canon/canonical_story_tree/all_25_books_latest_full_cycle.txt|canon/canonical_story_tree/books/Book_05_Runes_And_Wound/book_content.txt	road	timeline|relationships|scenes|quests|world	implemented_reference_map	reference_extracted_pending_domain_review
WDM-ROUTE-2a160b7e657d	route	Ethical check	canon/canonical_story_tree/all_25_books_latest_full_cycle.txt|canon/canonical_story_tree/books/Book_05_Runes_And_Wound/book_content.txt	road	timeline|relationships|scenes|quests|world	implemented_reference_map	reference_extracted_pending_domain_review
WDM-ROUTE-0574b9ac1e5f	route	S064 The-House-or-Road-Yields-Another-Repeating-Sign	canon/canonical_story_tree/all_25_books_latest_full_cycle.txt|canon/canonical_story_tree/books/Book_05_Runes_And_Wound/book_content.txt	road	timeline|relationships|scenes|quests|world	implemented_reference_map	reference_extracted_pending_domain_review
WDM-ROUTE-3c5e552ad667	route	Confirmation scene	canon/canonical_story_tree/all_25_books_latest_full_cycle.txt|canon/canonical_story_tree/books/Book_05_Runes_And_Wound/book_content.txt	road	timeline|relationships|scenes|quests|world	implemented_reference_map	reference_extracted_pending_domain_review
WDM-ROUTE-ccf834664975	route	S065 Pip-Feels-Both-Brilliant-and-Horrified	canon/canonical_story_tree/all_25_books_latest_full_cycle.txt|canon/canonical_story_tree/books/Book_05_Runes_And_Wound/book_content.txt	road	timeline|relationships|scenes|quests|world	implemented_reference_map	reference_extracted_pending_domain_review
WDM-ROUTE-cefa5cc3e941	route	Learning here is not cleanly	canon/canonical_story_tree/all_25_books_latest_full_cycle.txt|canon/canonical_story_tree/books/Book_05_Runes_And_Wound/book_content.txt	road	timeline|relationships|scenes|quests|world	implemented_reference_map	reference_extracted_pending_domain_review
WDM-ROUTE-87c8e8751233	route	empowering	canon/canonical_story_tree/all_25_books_latest_full_cycle.txt|canon/canonical_story_tree/books/Book_05_Runes_And_Wound/book_content.txt	road	timeline|relationships|scenes|quests|world	implemented_reference_map	reference_extracted_pending_domain_review
WDM-ROUTE-75ce30021886	route	S066 Rylos-Proves-That-Naming-Hurt-Can-Reduce-Its-Power-Slightly	canon/canonical_story_tree/all_25_books_latest_full_cycle.txt|canon/canonical_story_tree/books/Book_05_Runes_And_Wound/book_content.txt	road	timeline|relationships|scenes|quests|world	implemented_reference_map	reference_extracted_pending_domain_review
WDM-ROUTE-f4185731cfda	route	S103 The-Wound-Is-No-Longer-Only-Private	canon/canonical_story_tree/all_25_books_latest_full_cycle.txt|canon/canonical_story_tree/books/Book_05_Runes_And_Wound/book_content.txt	road	timeline|relationships|scenes|quests|world	implemented_reference_map	reference_extracted_pending_domain_review
WDM-ROUTE-a2ca6b082da0	route	Shared but not exploited	canon/canonical_story_tree/all_25_books_latest_full_cycle.txt|canon/canonical_story_tree/books/Book_05_Runes_And_Wound/book_content.txt	road	timeline|relationships|scenes|quests|world	implemented_reference_map	reference_extracted_pending_domain_review
WDM-ROUTE-79de9d45901e	route	S104 The-Pair-Bond-Is-Explicitly-Trusted-with-More-Than-Before	canon/canonical_story_tree/all_25_books_latest_full_cycle.txt|canon/canonical_story_tree/books/Book_05_Runes_And_Wound/book_content.txt	road	timeline|relationships|scenes|quests|world	implemented_reference_map	reference_extracted_pending_domain_review
WDM-ROUTE-b72c37a9f570	route	Social and structural promotion	canon/canonical_story_tree/all_25_books_latest_full_cycle.txt|canon/canonical_story_tree/books/Book_05_Runes_And_Wound/book_content.txt	road	timeline|relationships|scenes|quests|world	implemented_reference_map	reference_extracted_pending_domain_review
WDM-ROUTE-b89a5dbb8f8e	route	S105 Home-Is-Recast-as-What-Makes-the-Road-Worth-Taking	canon/canonical_story_tree/all_25_books_latest_full_cycle.txt|canon/canonical_story_tree/books/Book_05_Runes_And_Wound/book_content.txt	road	timeline|relationships|scenes|quests|world	implemented_reference_map	reference_extracted_pending_domain_review
WDM-ROUTE-39914f949121	route	Emotional law	canon/canonical_story_tree/all_25_books_latest_full_cycle.txt|canon/canonical_story_tree/books/Book_05_Runes_And_Wound/book_content.txt	road	timeline|relationships|scenes|quests|world	implemented_reference_map	reference_extracted_pending_domain_review
WDM-ROUTE-74fb67360b98	route	S106 The-World-Waits-Just-Beyond-the-Threshold	canon/canonical_story_tree/all_25_books_latest_full_cycle.txt|canon/canonical_story_tree/books/Book_05_Runes_And_Wound/book_content.txt	road	timeline|relationships|scenes|quests|world	implemented_reference_map	reference_extracted_pending_domain_review
WDM-ROUTE-249908361f37	route	External pull sharpens	canon/canonical_story_tree/all_25_books_latest_full_cycle.txt|canon/canonical_story_tree/books/Book_05_Runes_And_Wound/book_content.txt	road	timeline|relationships|scenes|quests|world	implemented_reference_map	reference_extracted_pending_domain_review
WDM-ROUTE-a78050e09451	route	S107 The-House-Does-Not-Try-to-Keep-Them-Small	canon/canonical_story_tree/all_25_books_latest_full_cycle.txt|canon/canonical_story_tree/books/Book_05_Runes_And_Wound/book_content.txt	road	timeline|relationships|scenes|quests|world	implemented_reference_map	reference_extracted_pending_domain_review
WDM-ROUTE-67684b2e1d84	route	Sanctuary matures with them	canon/canonical_story_tree/all_25_books_latest_full_cycle.txt|canon/canonical_story_tree/books/Book_05_Runes_And_Wound/book_content.txt	road	timeline|relationships|scenes|quests|world	implemented_reference_map	reference_extracted_pending_domain_review
WDM-ROUTE-6604d3c6ffdf	route	S108 The-Beat-Ends-with-Departure-Pressure-Consecrated	canon/canonical_story_tree/all_25_books_latest_full_cycle.txt|canon/canonical_story_tree/books/Book_05_Runes_And_Wound/book_content.txt	road	timeline|relationships|scenes|quests|world	implemented_reference_map	reference_extracted_pending_domain_review
WDM-ROUTE-798eb69367f5	route	prepares its forward surge	canon/canonical_story_tree/all_25_books_latest_full_cycle.txt|canon/canonical_story_tree/books/Book_05_Runes_And_Wound/book_content.txt	road	timeline|relationships|scenes|quests|world	implemented_reference_map	reference_extracted_pending_domain_review
WDM-ROUTE-7c154b764bd4	route	Book Five Locks Its First	canon/canonical_story_tree/all_25_books_latest_full_cycle.txt|canon/canonical_story_tree/books/Book_05_Runes_And_Wound/book_content.txt	road	timeline|relationships|scenes|quests|world	implemented_reference_map	reference_extracted_pending_domain_review
WDM-ROUTE-c35621cb4fc4	route	"Deep Cipher
target"	canon/canonical_story_tree/all_25_books_latest_full_cycle.txt|canon/canonical_story_tree/books/Book_05_Runes_And_Wound/book_content.txt	road	timeline|relationships|scenes|quests|world	implemented_reference_map	reference_extracted_pending_domain_review
WDM-ROUTE-f34ce7961afe	route	S109 The-Wound-the-Rune-the-House-the-Road-and-the-Pair-Finally-Align	canon/canonical_story_tree/all_25_books_latest_full_cycle.txt|canon/canonical_story_tree/books/Book_05_Runes_And_Wound/book_content.txt	road	timeline|relationships|scenes|quests|world	implemented_reference_map	reference_extracted_pending_domain_review
WDM-ROUTE-d1535fc9f152	route	Book structure becomes clear	canon/canonical_story_tree/all_25_books_latest_full_cycle.txt|canon/canonical_story_tree/books/Book_05_Runes_And_Wound/book_content.txt	road	timeline|relationships|scenes|quests|world	implemented_reference_map	reference_extracted_pending_domain_review
WDM-ROUTE-1e099c96adcd	route	S110 Pip-Is-Now-Less-Innocent-More-Exact-and-Still-Merciful	canon/canonical_story_tree/all_25_books_latest_full_cycle.txt|canon/canonical_story_tree/books/Book_05_Runes_And_Wound/book_content.txt	road	timeline|relationships|scenes|quests|world	implemented_reference_map	reference_extracted_pending_domain_review
WDM-ROUTE-347307c9a3c8	route	Important maturation lock	canon/canonical_story_tree/all_25_books_latest_full_cycle.txt|canon/canonical_story_tree/books/Book_05_Runes_And_Wound/book_content.txt	road	timeline|relationships|scenes|quests|world	implemented_reference_map	reference_extracted_pending_domain_review
WDM-ROUTE-36b67ad193c8	route	S111 Rylos-Is-Proven-As-Witness-Decoder-and-Beloved-Not-Only-Survivor	canon/canonical_story_tree/all_25_books_latest_full_cycle.txt|canon/canonical_story_tree/books/Book_05_Runes_And_Wound/book_content.txt	road	timeline|relationships|scenes|quests|world	implemented_reference_map	reference_extracted_pending_domain_review
WDM-ROUTE-45f2f859cb13	route	Understanding hurts because it removes	canon/canonical_story_tree/all_25_books_latest_full_cycle.txt|canon/canonical_story_tree/books/Book_06_The_Refusal_And_The_Wound/book_content.txt	route	timeline|relationships|scenes|quests|world	implemented_reference_map	reference_extracted_pending_domain_review
WDM-ROUTE-b558769d3d5d	route	excuses	canon/canonical_story_tree/all_25_books_latest_full_cycle.txt|canon/canonical_story_tree/books/Book_06_The_Refusal_And_The_Wound/book_content.txt	route	timeline|relationships|scenes|quests|world	implemented_reference_map	reference_extracted_pending_domain_review
WDM-ROUTE-d26f1926b549	route	S046 Mack-Frames-Wounds-as-Teachers-Not-Masters	canon/canonical_story_tree/all_25_books_latest_full_cycle.txt|canon/canonical_story_tree/books/Book_06_The_Refusal_And_The_Wound/book_content.txt	route	timeline|relationships|scenes|quests|world	implemented_reference_map	reference_extracted_pending_domain_review
WDM-ROUTE-183d985d5b7f	route	Pain can instruct without ruling	canon/canonical_story_tree/all_25_books_latest_full_cycle.txt|canon/canonical_story_tree/books/Book_06_The_Refusal_And_The_Wound/book_content.txt	route	timeline|relationships|scenes|quests|world	implemented_reference_map	reference_extracted_pending_domain_review
WDM-ROUTE-37ec17421ede	route	identity	canon/canonical_story_tree/all_25_books_latest_full_cycle.txt|canon/canonical_story_tree/books/Book_06_The_Refusal_And_The_Wound/book_content.txt	route	timeline|relationships|scenes|quests|world	implemented_reference_map	reference_extracted_pending_domain_review
WDM-ROUTE-67c1d505c46e	route	S047 The-Conversation-Changes-Their-Next-Motion	canon/canonical_story_tree/all_25_books_latest_full_cycle.txt|canon/canonical_story_tree/books/Book_06_The_Refusal_And_The_Wound/book_content.txt	route	timeline|relationships|scenes|quests|world	implemented_reference_map	reference_extracted_pending_domain_review
WDM-ROUTE-02e903f5b244	route	Meaning becomes route	canon/canonical_story_tree/all_25_books_latest_full_cycle.txt|canon/canonical_story_tree/books/Book_06_The_Refusal_And_The_Wound/book_content.txt	route	timeline|relationships|scenes|quests|world	implemented_reference_map	reference_extracted_pending_domain_review
WDM-ROUTE-517e45739afd	route	S048 The-Beat-Ends-with-the-Wound-No-Longer-Silent	canon/canonical_story_tree/all_25_books_latest_full_cycle.txt|canon/canonical_story_tree/books/Book_06_The_Refusal_And_The_Wound/book_content.txt	route	timeline|relationships|scenes|quests|world	implemented_reference_map	reference_extracted_pending_domain_review
WDM-ROUTE-ae599cb7242a	route	Book logic tightens	canon/canonical_story_tree/all_25_books_latest_full_cycle.txt|canon/canonical_story_tree/books/Book_06_The_Refusal_And_The_Wound/book_content.txt	route	timeline|relationships|scenes|quests|world	implemented_reference_map	reference_extracted_pending_domain_review
WDM-ROUTE-d8ea77219396	route	B06	canon/canonical_story_tree/all_25_books_latest_full_cycle.txt|canon/canonical_story_tree/books/Book_06_The_Refusal_And_The_Wound/book_content.txt	route	timeline|relationships|scenes|quests|world	implemented_reference_map	reference_extracted_pending_domain_review
WDM-ROUTE-94fad491c709	route	Daisy-May and Majeski Hold the	canon/canonical_story_tree/all_25_books_latest_full_cycle.txt|canon/canonical_story_tree/books/Book_06_The_Refusal_And_The_Wound/book_content.txt	route	timeline|relationships|scenes|quests|world	implemented_reference_map	reference_extracted_pending_domain_review
WDM-ROUTE-2f351cfb17a4	route	"Threshold
target"	canon/canonical_story_tree/all_25_books_latest_full_cycle.txt|canon/canonical_story_tree/books/Book_06_The_Refusal_And_The_Wound/book_content.txt	route	timeline|relationships|scenes|quests|world	implemented_reference_map	reference_extracted_pending_domain_review
WDM-ROUTE-ecf948f6e87c	route	S049 Daisy-May-and-Majeski-Enter-the-Scene-as-Great-Dane-Presence	canon/canonical_story_tree/all_25_books_latest_full_cycle.txt|canon/canonical_story_tree/books/Book_06_The_Refusal_And_The_Wound/book_content.txt	route	timeline|relationships|scenes|quests|world	implemented_reference_map	reference_extracted_pending_domain_review
WDM-ROUTE-61c5ea03238e	route	S071 The-Sanctuary-Becomes-Law-Made-Physical	canon/canonical_story_tree/all_25_books_latest_full_cycle.txt|canon/canonical_story_tree/books/Book_06_The_Refusal_And_The_Wound/book_content.txt	route	timeline|relationships|scenes|quests|world	implemented_reference_map	reference_extracted_pending_domain_review
WDM-ROUTE-9e2c527ca2ce	route	Mack's truth is re-embedded in	canon/canonical_story_tree/all_25_books_latest_full_cycle.txt|canon/canonical_story_tree/books/Book_06_The_Refusal_And_The_Wound/book_content.txt	route	timeline|relationships|scenes|quests|world	implemented_reference_map	reference_extracted_pending_domain_review
WDM-ROUTE-0a9ad5e65b3e	route	the book	canon/canonical_story_tree/all_25_books_latest_full_cycle.txt|canon/canonical_story_tree/books/Book_06_The_Refusal_And_The_Wound/book_content.txt	route	timeline|relationships|scenes|quests|world	implemented_reference_map	reference_extracted_pending_domain_review
WDM-ROUTE-3cbb8af49caa	route	S072 The-Beat-Ends-with-Small-Readings-Burned-Away	canon/canonical_story_tree/all_25_books_latest_full_cycle.txt|canon/canonical_story_tree/books/Book_06_The_Refusal_And_The_Wound/book_content.txt	route	timeline|relationships|scenes|quests|world	implemented_reference_map	reference_extracted_pending_domain_review
WDM-ROUTE-9bacfaa2a271	route	The story recenters correctly	canon/canonical_story_tree/all_25_books_latest_full_cycle.txt|canon/canonical_story_tree/books/Book_06_The_Refusal_And_The_Wound/book_content.txt	route	timeline|relationships|scenes|quests|world	implemented_reference_map	reference_extracted_pending_domain_review
WDM-ROUTE-bd2afe2cb6a6	route	The Route That Hurts Anyway	canon/canonical_story_tree/all_25_books_latest_full_cycle.txt|canon/canonical_story_tree/books/Book_06_The_Refusal_And_The_Wound/book_content.txt	route	timeline|relationships|scenes|quests|world	implemented_reference_map	reference_extracted_pending_domain_review
WDM-ROUTE-33ed65f2e42c	route	S073 The-New-Route-Is-Chosen-From-Truth-Not-Comfort	canon/canonical_story_tree/all_25_books_latest_full_cycle.txt|canon/canonical_story_tree/books/Book_06_The_Refusal_And_The_Wound/book_content.txt	route	timeline|relationships|scenes|quests|world	implemented_reference_map	reference_extracted_pending_domain_review
WDM-ROUTE-46ee31756f5c	route	They move because clarity demands	canon/canonical_story_tree/all_25_books_latest_full_cycle.txt|canon/canonical_story_tree/books/Book_06_The_Refusal_And_The_Wound/book_content.txt	route	timeline|relationships|scenes|quests|world	implemented_reference_map	reference_extracted_pending_domain_review
WDM-ROUTE-bf5bfc1abe61	route	S074 Pip-Accepts-That-Correct-Action-Will-Still-Cost	canon/canonical_story_tree/all_25_books_latest_full_cycle.txt|canon/canonical_story_tree/books/Book_06_The_Refusal_And_The_Wound/book_content.txt	path|road|route	timeline|relationships|scenes|quests|world	implemented_reference_map	reference_extracted_pending_domain_review
WDM-ROUTE-d84f4f323bda	route	Determination becomes adult	canon/canonical_story_tree/all_25_books_latest_full_cycle.txt|canon/canonical_story_tree/books/Book_06_The_Refusal_And_The_Wound/book_content.txt	path|road|route	timeline|relationships|scenes|quests|world	implemented_reference_map	reference_extracted_pending_domain_review
WDM-ROUTE-eafa10ba70fd	route	S075 Rylos-Prepares-for-Motion-With-Cleaner-Trust	canon/canonical_story_tree/all_25_books_latest_full_cycle.txt|canon/canonical_story_tree/books/Book_06_The_Refusal_And_The_Wound/book_content.txt	path|road|route	timeline|relationships|scenes|quests|world	implemented_reference_map	reference_extracted_pending_domain_review
WDM-ROUTE-321fe143faef	route	not polish	canon/canonical_story_tree/all_25_books_latest_full_cycle.txt|canon/canonical_story_tree/books/Book_06_The_Refusal_And_The_Wound/book_content.txt	route	timeline|relationships|scenes|quests|world	implemented_reference_map	reference_extracted_pending_domain_review
WDM-ROUTE-9414ba022e9e	route	S108 The-Beat-Ends-with-the-Book-Recast-at-Higher-Stakes	canon/canonical_story_tree/all_25_books_latest_full_cycle.txt|canon/canonical_story_tree/books/Book_06_The_Refusal_And_The_Wound/book_content.txt	route	timeline|relationships|scenes|quests|world	implemented_reference_map	reference_extracted_pending_domain_review
WDM-ROUTE-2da3f65cd72a	route	The middle deepens	canon/canonical_story_tree/all_25_books_latest_full_cycle.txt|canon/canonical_story_tree/books/Book_06_The_Refusal_And_The_Wound/book_content.txt	route	timeline|relationships|scenes|quests|world	implemented_reference_map	reference_extracted_pending_domain_review
WDM-ROUTE-9952e9618bac	route	Book Six Locks Its First	canon/canonical_story_tree/all_25_books_latest_full_cycle.txt|canon/canonical_story_tree/books/Book_06_The_Refusal_And_The_Wound/book_content.txt	route	timeline|relationships|scenes|quests|world	implemented_reference_map	reference_extracted_pending_domain_review
WDM-ROUTE-ad0bbeb55fa4	route	"Severe Truth
target"	canon/canonical_story_tree/all_25_books_latest_full_cycle.txt|canon/canonical_story_tree/books/Book_06_The_Refusal_And_The_Wound/book_content.txt	route	timeline|relationships|scenes|quests|world	implemented_reference_map	reference_extracted_pending_domain_review
WDM-ROUTE-3ef9d3710da5	route	S109 Refusal-Wound-Route-Sanctuary-and-Bond-Finally-Align	canon/canonical_story_tree/all_25_books_latest_full_cycle.txt|canon/canonical_story_tree/books/Book_06_The_Refusal_And_The_Wound/book_content.txt	route	timeline|relationships|scenes|quests|world	implemented_reference_map	reference_extracted_pending_domain_review
WDM-ROUTE-8c90bb0d54a9	route	The volume finds its governing	canon/canonical_story_tree/all_25_books_latest_full_cycle.txt|canon/canonical_story_tree/books/Book_06_The_Refusal_And_The_Wound/book_content.txt	route	timeline|relationships|scenes|quests|world	implemented_reference_map	reference_extracted_pending_domain_review
WDM-ROUTE-28ebf8f6210f	route	pattern	canon/canonical_story_tree/all_25_books_latest_full_cycle.txt|canon/canonical_story_tree/books/Book_06_The_Refusal_And_The_Wound/book_content.txt|canon/canonical_story_tree/books/Book_07_The_Rift_Widens/book_content.txt	path|route	timeline|relationships|scenes|quests|world	implemented_reference_map	reference_extracted_pending_domain_review
WDM-ROUTE-ec9341138dea	route	S110 Pip-Is-Recentered-as-Determined-Limited-and-Real	canon/canonical_story_tree/all_25_books_latest_full_cycle.txt|canon/canonical_story_tree/books/Book_06_The_Refusal_And_The_Wound/book_content.txt	route	timeline|relationships|scenes|quests|world	implemented_reference_map	reference_extracted_pending_domain_review
WDM-ROUTE-def10878f36b	route	The core correction holds	canon/canonical_story_tree/all_25_books_latest_full_cycle.txt|canon/canonical_story_tree/books/Book_06_The_Refusal_And_The_Wound/book_content.txt	route	timeline|relationships|scenes|quests|world	implemented_reference_map	reference_extracted_pending_domain_review
WDM-ROUTE-138721617833	route	S111 Rylos-Is-Set-As-Full-Bearing-Partner-Not-Deprecated-Shadow	canon/canonical_story_tree/all_25_books_latest_full_cycle.txt|canon/canonical_story_tree/books/Book_06_The_Refusal_And_The_Wound/book_content.txt	route	timeline|relationships|scenes|quests|world	implemented_reference_map	reference_extracted_pending_domain_review
WDM-ROUTE-c40552e032db	route	and terrain-magic lock back into	canon/canonical_story_tree/all_25_books_latest_full_cycle.txt|canon/canonical_story_tree/books/Book_06_The_Refusal_And_The_Wound/book_content.txt	route	timeline|relationships|scenes|quests|world	implemented_reference_map	reference_extracted_pending_domain_review
WDM-ROUTE-e13aef087573	route	the spine	canon/canonical_story_tree/all_25_books_latest_full_cycle.txt|canon/canonical_story_tree/books/Book_06_The_Refusal_And_The_Wound/book_content.txt	route	timeline|relationships|scenes|quests|world	implemented_reference_map	reference_extracted_pending_domain_review
WDM-ROUTE-fa3d60341ae5	route	S113 Daisy-May-and-Majeski-Remain-True-to-Species-and-Silence	canon/canonical_story_tree/all_25_books_latest_full_cycle.txt|canon/canonical_story_tree/books/Book_06_The_Refusal_And_The_Wound/book_content.txt	route	timeline|relationships|scenes|quests|world	implemented_reference_map	reference_extracted_pending_domain_review
WDM-ROUTE-09ff714297e9	route	No humanization drift survives	canon/canonical_story_tree/all_25_books_latest_full_cycle.txt|canon/canonical_story_tree/books/Book_06_The_Refusal_And_The_Wound/book_content.txt	route	timeline|relationships|scenes|quests|world	implemented_reference_map	reference_extracted_pending_domain_review
WDM-ROUTE-f0dfb4c5a667	route	S114 The-Wound-Is-Shown-to-Be-Moral-Relational-and-Route-Bearing	canon/canonical_story_tree/all_25_books_latest_full_cycle.txt|canon/canonical_story_tree/books/Book_06_The_Refusal_And_The_Wound/book_content.txt	route	timeline|relationships|scenes|quests|world	implemented_reference_map	reference_extracted_pending_domain_review
WDM-ROUTE-fb7a9c513a60	route	Book law deepens	canon/canonical_story_tree/all_25_books_latest_full_cycle.txt|canon/canonical_story_tree/books/Book_06_The_Refusal_And_The_Wound/book_content.txt	route	timeline|relationships|scenes|quests|world	implemented_reference_map	reference_extracted_pending_domain_review
WDM-ROUTE-169c8987cc18	route	S115 The-Sanctuary-Proves-It-Can-Hold-Severe-Truth-Without-Losing-Love	canon/canonical_story_tree/all_25_books_latest_full_cycle.txt|canon/canonical_story_tree/books/Book_06_The_Refusal_And_The_Wound/book_content.txt	route	timeline|relationships|scenes|quests|world	implemented_reference_map	reference_extracted_pending_domain_review
WDM-ROUTE-24a1f7494186	route	Important tonal win	canon/canonical_story_tree/all_25_books_latest_full_cycle.txt|canon/canonical_story_tree/books/Book_06_The_Refusal_And_The_Wound/book_content.txt	route	timeline|relationships|scenes|quests|world	implemented_reference_map	reference_extracted_pending_domain_review
WDM-ROUTE-dfeb6e50e2b3	route	S116 The-World-Outside-Feels-Harder-and-More-Legible	canon/canonical_story_tree/all_25_books_latest_full_cycle.txt|canon/canonical_story_tree/books/Book_06_The_Refusal_And_The_Wound/book_content.txt	route	timeline|relationships|scenes|quests|world	implemented_reference_map	reference_extracted_pending_domain_review
WDM-ROUTE-37e7e5b7c410	route	The bond steadies	canon/canonical_story_tree/all_25_books_latest_full_cycle.txt|canon/canonical_story_tree/books/Book_06_The_Refusal_And_The_Wound/book_content.txt	path|road	timeline|relationships|scenes|quests|world	implemented_reference_map	reference_extracted_pending_domain_review
WDM-ROUTE-511086a53332	route	S076 Mack-Lifts-a-Living-Road-Out-of-the-Soil	canon/canonical_story_tree/all_25_books_latest_full_cycle.txt|canon/canonical_story_tree/books/Book_06_The_Refusal_And_The_Wound/book_content.txt	path|road	timeline|relationships|scenes|quests|world	implemented_reference_map	reference_extracted_pending_domain_review
WDM-ROUTE-90c86d1b2be9	route	Pathway creation keeps him active	canon/canonical_story_tree/all_25_books_latest_full_cycle.txt|canon/canonical_story_tree/books/Book_06_The_Refusal_And_The_Wound/book_content.txt	path|road	timeline|relationships|scenes|quests|world	implemented_reference_map	reference_extracted_pending_domain_review
WDM-ROUTE-36bed6ba6edf	route	in-scene as himself	canon/canonical_story_tree/all_25_books_latest_full_cycle.txt|canon/canonical_story_tree/books/Book_06_The_Refusal_And_The_Wound/book_content.txt	path|road	timeline|relationships|scenes|quests|world	implemented_reference_map	reference_extracted_pending_domain_review
WDM-ROUTE-0e573a3a1655	route	S077 Daisy-May-and-Majeski-Take-Their-Places-In-the-Motion	canon/canonical_story_tree/all_25_books_latest_full_cycle.txt|canon/canonical_story_tree/books/Book_06_The_Refusal_And_The_Wound/book_content.txt	path|road	timeline|relationships|scenes|quests|world	implemented_reference_map	reference_extracted_pending_domain_review
WDM-ROUTE-829b50b6d90c	route	Great Dane presence remains integral	canon/canonical_story_tree/all_25_books_latest_full_cycle.txt|canon/canonical_story_tree/books/Book_06_The_Refusal_And_The_Wound/book_content.txt	path|road	timeline|relationships|scenes|quests|world	implemented_reference_map	reference_extracted_pending_domain_review
WDM-ROUTE-ce635c0bd6cf	route	S078 The-Wound-Protests-the-Decision	canon/canonical_story_tree/all_25_books_latest_full_cycle.txt|canon/canonical_story_tree/books/Book_06_The_Refusal_And_The_Wound/book_content.txt	path|road	timeline|relationships|scenes|quests|world	implemented_reference_map	reference_extracted_pending_domain_review
WDM-ROUTE-090839a43525	route	living ring so the conversation	canon/canonical_story_tree/all_25_books_latest_full_cycle.txt|canon/canonical_story_tree/books/Book_06_The_Refusal_And_The_Wound/book_content.txt	path	timeline|relationships|scenes|quests|world	implemented_reference_map	reference_extracted_pending_domain_review
WDM-ROUTE-c48d3c7edc9a	route	has weight and boundary	canon/canonical_story_tree/all_25_books_latest_full_cycle.txt|canon/canonical_story_tree/books/Book_06_The_Refusal_And_The_Wound/book_content.txt	path	timeline|relationships|scenes|quests|world	implemented_reference_map	reference_extracted_pending_domain_review
WDM-ROUTE-098730772f3b	route	S016 The-Sanctuary-Makes-Privacy-Out-of-Green-Architecture	canon/canonical_story_tree/all_25_books_latest_full_cycle.txt|canon/canonical_story_tree/books/Book_06_The_Refusal_And_The_Wound/book_content.txt	path	timeline|relationships|scenes|quests|world	implemented_reference_map	reference_extracted_pending_domain_review
WDM-ROUTE-2abb213be014	route	Needled boughs and velvet-bark columns	canon/canonical_story_tree/all_25_books_latest_full_cycle.txt|canon/canonical_story_tree/books/Book_06_The_Refusal_And_The_Wound/book_content.txt	path	timeline|relationships|scenes|quests|world	implemented_reference_map	reference_extracted_pending_domain_review
WDM-ROUTE-37e25cc7dc6b	route	close them off from the	canon/canonical_story_tree/all_25_books_latest_full_cycle.txt|canon/canonical_story_tree/books/Book_06_The_Refusal_And_The_Wound/book_content.txt	path	timeline|relationships|scenes|quests|world	implemented_reference_map	reference_extracted_pending_domain_review
WDM-ROUTE-6e0925d36f45	route	wider path	canon/canonical_story_tree/all_25_books_latest_full_cycle.txt|canon/canonical_story_tree/books/Book_06_The_Refusal_And_The_Wound/book_content.txt	path	timeline|relationships|scenes|quests|world	implemented_reference_map	reference_extracted_pending_domain_review
WDM-ROUTE-52cbfb401083	route	S017 Pip-Finds-the-Core-of-His-Fear	canon/canonical_story_tree/all_25_books_latest_full_cycle.txt|canon/canonical_story_tree/books/Book_06_The_Refusal_And_The_Wound/book_content.txt	path	timeline|relationships|scenes|quests|world	implemented_reference_map	reference_extracted_pending_domain_review
WDM-ROUTE-699813a0672f	route	The refusal guarded against loss	canon/canonical_story_tree/all_25_books_latest_full_cycle.txt|canon/canonical_story_tree/books/Book_06_The_Refusal_And_The_Wound/book_content.txt	path	timeline|relationships|scenes|quests|world	implemented_reference_map	reference_extracted_pending_domain_review
WDM-ROUTE-6cf46fd3d632	route	exposure	canon/canonical_story_tree/all_25_books_latest_full_cycle.txt|canon/canonical_story_tree/books/Book_06_The_Refusal_And_The_Wound/book_content.txt	path	timeline|relationships|scenes|quests|world	implemented_reference_map	reference_extracted_pending_domain_review
WDM-ROUTE-5f71bba814bc	route	or misstep	canon/canonical_story_tree/all_25_books_latest_full_cycle.txt|canon/canonical_story_tree/books/Book_06_The_Refusal_And_The_Wound/book_content.txt	path	timeline|relationships|scenes|quests|world	implemented_reference_map	reference_extracted_pending_domain_review
WDM-ROUTE-86e1307a14d0	route	but not wisely enough	canon/canonical_story_tree/all_25_books_latest_full_cycle.txt|canon/canonical_story_tree/books/Book_06_The_Refusal_And_The_Wound/book_content.txt	path	timeline|relationships|scenes|quests|world	implemented_reference_map	reference_extracted_pending_domain_review
WDM-ROUTE-e1abbb9dc19c	route	S018 Rylos-Forces-the-Truth-Into-Cleaner-Language	canon/canonical_story_tree/all_25_books_latest_full_cycle.txt|canon/canonical_story_tree/books/Book_06_The_Refusal_And_The_Wound/book_content.txt	path	timeline|relationships|scenes|quests|world	implemented_reference_map	reference_extracted_pending_domain_review
WDM-ROUTE-3e28fd3be8c2	route	He strips self-deception out of	canon/canonical_story_tree/all_25_books_latest_full_cycle.txt|canon/canonical_story_tree/books/Book_06_The_Refusal_And_The_Wound/book_content.txt	path	timeline|relationships|scenes|quests|world	implemented_reference_map	reference_extracted_pending_domain_review
WDM-ROUTE-76b3fad557cf	route	S052 Pip-Finds-His-Breath-Again-Beside-Them	canon/canonical_story_tree/all_25_books_latest_full_cycle.txt|canon/canonical_story_tree/books/Book_06_The_Refusal_And_The_Wound/book_content.txt	path	timeline|relationships|scenes|quests|world	implemented_reference_map	reference_extracted_pending_domain_review
WDM-ROUTE-5b2b87d8d9b3	route	Animal steadiness helps ground him	canon/canonical_story_tree/all_25_books_latest_full_cycle.txt|canon/canonical_story_tree/books/Book_06_The_Refusal_And_The_Wound/book_content.txt	path	timeline|relationships|scenes|quests|world	implemented_reference_map	reference_extracted_pending_domain_review
WDM-ROUTE-778216a3e4e0	route	S053 Rylos-Relaxes-a-Fraction-Without-Losing-His-Edge	canon/canonical_story_tree/all_25_books_latest_full_cycle.txt|canon/canonical_story_tree/books/Book_06_The_Refusal_And_The_Wound/book_content.txt	path	timeline|relationships|scenes|quests|world	implemented_reference_map	reference_extracted_pending_domain_review
WDM-ROUTE-3501cb7cde11	route	The dogs modulate the room	canon/canonical_story_tree/all_25_books_latest_full_cycle.txt|canon/canonical_story_tree/books/Book_06_The_Refusal_And_The_Wound/book_content.txt	path	timeline|relationships|scenes|quests|world	implemented_reference_map	reference_extracted_pending_domain_review
WDM-ROUTE-ee7e3023d6e0	route	S054 Mack-Grows-a-Wide-Cool-Pathway-for-Them-All	canon/canonical_story_tree/all_25_books_latest_full_cycle.txt|canon/canonical_story_tree/books/Book_06_The_Refusal_And_The_Wound/book_content.txt	path	timeline|relationships|scenes|quests|world	implemented_reference_map	reference_extracted_pending_domain_review
WDM-ROUTE-86594ec5a02c	route	The earth lifts into	canon/canonical_story_tree/all_25_books_latest_full_cycle.txt|canon/canonical_story_tree/books/Book_06_The_Refusal_And_The_Wound/book_content.txt	path	timeline|relationships|scenes|quests|world	implemented_reference_map	reference_extracted_pending_domain_review
WDM-ROUTE-8317d08d606a	route	safe traverse as the conversation	canon/canonical_story_tree/all_25_books_latest_full_cycle.txt|canon/canonical_story_tree/books/Book_06_The_Refusal_And_The_Wound/book_content.txt	path	timeline|relationships|scenes|quests|world	implemented_reference_map	reference_extracted_pending_domain_review
WDM-ROUTE-ad771c1444d9	route	moves outward	canon/canonical_story_tree/all_25_books_latest_full_cycle.txt|canon/canonical_story_tree/books/Book_06_The_Refusal_And_The_Wound/book_content.txt	path	timeline|relationships|scenes|quests|world	implemented_reference_map	reference_extracted_pending_domain_review
WDM-ROUTE-f3e9e95fc2f4	route	S055 Daisy-May-Stays-Protective-and-Unspeaking	canon/canonical_story_tree/all_25_books_latest_full_cycle.txt|canon/canonical_story_tree/books/Book_06_The_Refusal_And_The_Wound/book_content.txt	path	timeline|relationships|scenes|quests|world	implemented_reference_map	reference_extracted_pending_domain_review
WDM-ROUTE-57819275e462	route	Her role remains true	canon/canonical_story_tree/all_25_books_latest_full_cycle.txt|canon/canonical_story_tree/books/Book_06_The_Refusal_And_The_Wound/book_content.txt	path	timeline|relationships|scenes|quests|world	implemented_reference_map	reference_extracted_pending_domain_review
WDM-ROUTE-9bdd12ea652e	route	S056 Majeski-Mirrors-Her-Readiness	canon/canonical_story_tree/all_25_books_latest_full_cycle.txt|canon/canonical_story_tree/books/Book_06_The_Refusal_And_The_Wound/book_content.txt	path	timeline|relationships|scenes|quests|world	implemented_reference_map	reference_extracted_pending_domain_review
WDM-ROUTE-d28be72610b9	route	The world answers action	canon/canonical_story_tree/all_25_books_latest_full_cycle.txt|canon/canonical_story_tree/books/Book_06_The_Refusal_And_The_Wound/book_content.txt	path	timeline|relationships|scenes|quests|world	implemented_reference_map	reference_extracted_pending_domain_review
WDM-ROUTE-11da0a6a307c	route	not motive alone	canon/canonical_story_tree/all_25_books_latest_full_cycle.txt|canon/canonical_story_tree/books/Book_06_The_Refusal_And_The_Wound/book_content.txt	path	timeline|relationships|scenes|quests|world	implemented_reference_map	reference_extracted_pending_domain_review
WDM-ROUTE-d91515639704	route	S099 Rylos-Stands-With-Him-But-Not-Instead-of-Him	canon/canonical_story_tree/all_25_books_latest_full_cycle.txt|canon/canonical_story_tree/books/Book_06_The_Refusal_And_The_Wound/book_content.txt	path	timeline|relationships|scenes|quests|world	implemented_reference_map	reference_extracted_pending_domain_review
WDM-ROUTE-c0aca7d11ff1	route	Mature bond behavior	canon/canonical_story_tree/all_25_books_latest_full_cycle.txt|canon/canonical_story_tree/books/Book_06_The_Refusal_And_The_Wound/book_content.txt	path	timeline|relationships|scenes|quests|world	implemented_reference_map	reference_extracted_pending_domain_review
WDM-ROUTE-d9fa33a04a1d	route	S100 Mack-Reconfigures-the-Land-for-Survival	canon/canonical_story_tree/all_25_books_latest_full_cycle.txt|canon/canonical_story_tree/books/Book_06_The_Refusal_And_The_Wound/book_content.txt	path	timeline|relationships|scenes|quests|world	implemented_reference_map	reference_extracted_pending_domain_review
WDM-ROUTE-f68265238cbf	route	basin	canon/canonical_story_tree/all_25_books_latest_full_cycle.txt|canon/canonical_story_tree/books/Book_06_The_Refusal_And_The_Wound/book_content.txt|canon/canonical_story_tree/world/wowas_world_zone_map.json	path|route	timeline|relationships|scenes|quests|world	implemented_reference_map	reference_extracted_pending_domain_review
WDM-ROUTE-986398c8bc28	route	wall	canon/canonical_story_tree/all_25_books_latest_full_cycle.txt|canon/canonical_story_tree/books/Book_06_The_Refusal_And_The_Wound/book_content.txt	path	timeline|relationships|scenes|quests|world	implemented_reference_map	reference_extracted_pending_domain_review
WDM-ROUTE-86f5e92cf152	route	path	canon/canonical_story_tree/all_25_books_latest_full_cycle.txt|canon/canonical_story_tree/books/Book_06_The_Refusal_And_The_Wound/book_content.txt	path	timeline|relationships|scenes|quests|world	implemented_reference_map	reference_extracted_pending_domain_review
WDM-ROUTE-523b0aa3f1b7	route	or rootwork rises in immediate	canon/canonical_story_tree/all_25_books_latest_full_cycle.txt|canon/canonical_story_tree/books/Book_06_The_Refusal_And_The_Wound/book_content.txt	path	timeline|relationships|scenes|quests|world	implemented_reference_map	reference_extracted_pending_domain_review
WDM-ROUTE-c8a9d045f0a9	route	answer	canon/canonical_story_tree/all_25_books_latest_full_cycle.txt|canon/canonical_story_tree/books/Book_06_The_Refusal_And_The_Wound/book_content.txt	path	timeline|relationships|scenes|quests|world	implemented_reference_map	reference_extracted_pending_domain_review
WDM-ROUTE-323ecb30c9ac	route	S101 The-Sanctuarys-Reach-Extends-Into-Crisis	canon/canonical_story_tree/all_25_books_latest_full_cycle.txt|canon/canonical_story_tree/books/Book_06_The_Refusal_And_The_Wound/book_content.txt	path	timeline|relationships|scenes|quests|world	implemented_reference_map	reference_extracted_pending_domain_review
WDM-ROUTE-e0659cd2c587	route	Mack remains living environment	canon/canonical_story_tree/all_25_books_latest_full_cycle.txt|canon/canonical_story_tree/books/Book_06_The_Refusal_And_The_Wound/book_content.txt	path	timeline|relationships|scenes|quests|world	implemented_reference_map	reference_extracted_pending_domain_review
WDM-ROUTE-b29b7039fd45	route	not distant advisor	canon/canonical_story_tree/all_25_books_latest_full_cycle.txt|canon/canonical_story_tree/books/Book_06_The_Refusal_And_The_Wound/book_content.txt	path	timeline|relationships|scenes|quests|world	implemented_reference_map	reference_extracted_pending_domain_review
WDM-ROUTE-aded7b76a5a4	route	S102 Pip-Acts-Without-Robot-Coldness-Or-Martyred-Showmanship	canon/canonical_story_tree/all_25_books_latest_full_cycle.txt|canon/canonical_story_tree/books/Book_06_The_Refusal_And_The_Wound/book_content.txt	path	timeline|relationships|scenes|quests|world	implemented_reference_map	reference_extracted_pending_domain_review
WDM-ROUTE-476f6d59f907	route	Mature bond truth	canon/canonical_story_tree/all_25_books_latest_full_cycle.txt|canon/canonical_story_tree/books/Book_07_The_Rift_Widens/book_content.txt	route	timeline|relationships|scenes|quests|world	implemented_reference_map	reference_extracted_pending_domain_review
WDM-ROUTE-cecbcaaa87e0	route	S047 Pip-Accepts-the-Reading-Without-Calling-Himself-Doomed	canon/canonical_story_tree/all_25_books_latest_full_cycle.txt|canon/canonical_story_tree/books/Book_07_The_Rift_Widens/book_content.txt	route	timeline|relationships|scenes|quests|world	implemented_reference_map	reference_extracted_pending_domain_review
WDM-ROUTE-8e25c3701586	route	No martyr drift	canon/canonical_story_tree/all_25_books_latest_full_cycle.txt|canon/canonical_story_tree/books/Book_07_The_Rift_Widens/book_content.txt	route	timeline|relationships|scenes|quests|world	implemented_reference_map	reference_extracted_pending_domain_review
WDM-ROUTE-ee216dd4b8f3	route	S048 The-Beat-Ends-with-the-Split-Named-Correctly	canon/canonical_story_tree/all_25_books_latest_full_cycle.txt|canon/canonical_story_tree/books/Book_07_The_Rift_Widens/book_content.txt	route	timeline|relationships|scenes|quests|world	implemented_reference_map	reference_extracted_pending_domain_review
WDM-ROUTE-9f743af2356f	route	Better vision changes the route	canon/canonical_story_tree/all_25_books_latest_full_cycle.txt|canon/canonical_story_tree/books/Book_07_The_Rift_Widens/book_content.txt	route	timeline|relationships|scenes|quests|world	implemented_reference_map	reference_extracted_pending_domain_review
WDM-ROUTE-d2347523a1f1	route	B07	canon/canonical_story_tree/all_25_books_latest_full_cycle.txt|canon/canonical_story_tree/books/Book_07_The_Rift_Widens/book_content.txt	path|route	timeline|relationships|scenes|quests|world	implemented_reference_map	reference_extracted_pending_domain_review
WDM-ROUTE-c3981edf21ff	route	The Rift Enters the Sanctuary	canon/canonical_story_tree/all_25_books_latest_full_cycle.txt|canon/canonical_story_tree/books/Book_07_The_Rift_Widens/book_content.txt	route	timeline|relationships|scenes|quests|world	implemented_reference_map	reference_extracted_pending_domain_review
WDM-ROUTE-cb5882ccc6a8	route	S049 What-Was-Outside-Begins-Manifesting-Inside-Home	canon/canonical_story_tree/all_25_books_latest_full_cycle.txt|canon/canonical_story_tree/books/Book_07_The_Rift_Widens/book_content.txt	route	timeline|relationships|scenes|quests|world	implemented_reference_map	reference_extracted_pending_domain_review
WDM-ROUTE-7454ff38286a	route	The widening crosses the threshold	canon/canonical_story_tree/all_25_books_latest_full_cycle.txt|canon/canonical_story_tree/books/Book_07_The_Rift_Widens/book_content.txt	route	timeline|relationships|scenes|quests|world	implemented_reference_map	reference_extracted_pending_domain_review
WDM-ROUTE-2379176ec953	route	S050 Mack-Responds-As-Land-Guardian-Not-Room-Guardian	canon/canonical_story_tree/all_25_books_latest_full_cycle.txt|canon/canonical_story_tree/books/Book_07_The_Rift_Widens/book_content.txt	route	timeline|relationships|scenes|quests|world	implemented_reference_map	reference_extracted_pending_domain_review
WDM-ROUTE-efd3b8b545a2	route	Boisterousness gives way to chosen	canon/canonical_story_tree/all_25_books_latest_full_cycle.txt|canon/canonical_story_tree/books/Book_07_The_Rift_Widens/book_content.txt	route	timeline|relationships|scenes|quests|world	implemented_reference_map	reference_extracted_pending_domain_review
WDM-ROUTE-d0b2c0fad1aa	route	restraint without disappearing from character	canon/canonical_story_tree/all_25_books_latest_full_cycle.txt|canon/canonical_story_tree/books/Book_07_The_Rift_Widens/book_content.txt	path|route	timeline|relationships|scenes|quests|world	implemented_reference_map	reference_extracted_pending_domain_review
WDM-ROUTE-8aa21e63e4fd	route	truth	canon/canonical_story_tree/all_25_books_latest_full_cycle.txt|canon/canonical_story_tree/books/Book_07_The_Rift_Widens/book_content.txt	path|route	timeline|relationships|scenes|quests|world	implemented_reference_map	reference_extracted_pending_domain_review
WDM-ROUTE-22e6261e9537	route	S072 The-Beat-Ends-with-Silence-Made-Load-Bearing	canon/canonical_story_tree/all_25_books_latest_full_cycle.txt|canon/canonical_story_tree/books/Book_07_The_Rift_Widens/book_content.txt	path|route	timeline|relationships|scenes|quests|world	implemented_reference_map	reference_extracted_pending_domain_review
WDM-ROUTE-dafad4ed61a4	route	The story stays accurate	canon/canonical_story_tree/all_25_books_latest_full_cycle.txt|canon/canonical_story_tree/books/Book_07_The_Rift_Widens/book_content.txt	path|route	timeline|relationships|scenes|quests|world	implemented_reference_map	reference_extracted_pending_domain_review
WDM-ROUTE-c3e2f77910d9	route	"The Route Fractures
target"	canon/canonical_story_tree/all_25_books_latest_full_cycle.txt|canon/canonical_story_tree/books/Book_07_The_Rift_Widens/book_content.txt	path|route	timeline|relationships|scenes|quests|world	implemented_reference_map	reference_extracted_pending_domain_review
WDM-ROUTE-223561cf95b3	route	S073 The-Path-Forward-Splits-Literally-or-Strategically	canon/canonical_story_tree/all_25_books_latest_full_cycle.txt|canon/canonical_story_tree/books/Book_07_The_Rift_Widens/book_content.txt	path|route	timeline|relationships|scenes|quests|world	implemented_reference_map	reference_extracted_pending_domain_review
WDM-ROUTE-5b2f754c1cc0	route	The widening becomes route problem	canon/canonical_story_tree/all_25_books_latest_full_cycle.txt|canon/canonical_story_tree/books/Book_07_The_Rift_Widens/book_content.txt	path|route	timeline|relationships|scenes|quests|world	implemented_reference_map	reference_extracted_pending_domain_review
WDM-ROUTE-d673a59d80bc	route	S074 Pip-Hates-Having-to-Choose-Under-Incomplete-Knowing	canon/canonical_story_tree/all_25_books_latest_full_cycle.txt|canon/canonical_story_tree/books/Book_07_The_Rift_Widens/book_content.txt	path|route	timeline|relationships|scenes|quests|world	implemented_reference_map	reference_extracted_pending_domain_review
WDM-ROUTE-8c387e55ce68	route	The pressure is now operational	canon/canonical_story_tree/all_25_books_latest_full_cycle.txt|canon/canonical_story_tree/books/Book_07_The_Rift_Widens/book_content.txt	path|route	timeline|relationships|scenes|quests|world	implemented_reference_map	reference_extracted_pending_domain_review
WDM-ROUTE-4ef765b11580	route	S075 Rylos-Reads-the-Better-Worse-Path-Not-the-Safer-Looking-One	canon/canonical_story_tree/all_25_books_latest_full_cycle.txt|canon/canonical_story_tree/books/Book_07_The_Rift_Widens/book_content.txt	path|route	timeline|relationships|scenes|quests|world	implemented_reference_map	reference_extracted_pending_domain_review
WDM-ROUTE-7379621ce94e	route	Discernment remains key	canon/canonical_story_tree/all_25_books_latest_full_cycle.txt|canon/canonical_story_tree/books/Book_07_The_Rift_Widens/book_content.txt	path|route	timeline|relationships|scenes|quests|world	implemented_reference_map	reference_extracted_pending_domain_review
WDM-ROUTE-10cb1b1ad9e2	route	S078 Pip-Tries-to-Hear-a-Sonomantic-Answer-and-Cannot-Hold-It	canon/canonical_story_tree/all_25_books_latest_full_cycle.txt|canon/canonical_story_tree/books/Book_07_The_Rift_Widens/book_content.txt	route	timeline|relationships|scenes|quests|world	implemented_reference_map	reference_extracted_pending_domain_review
WDM-ROUTE-2ccfdaca641b	route	Difficulty remains honest	canon/canonical_story_tree/all_25_books_latest_full_cycle.txt|canon/canonical_story_tree/books/Book_07_The_Rift_Widens/book_content.txt	route	timeline|relationships|scenes|quests|world	implemented_reference_map	reference_extracted_pending_domain_review
WDM-ROUTE-615bf0dd3254	route	S079 He-Does-Not-Pretend-Failure-Is-Success	canon/canonical_story_tree/all_25_books_latest_full_cycle.txt|canon/canonical_story_tree/books/Book_07_The_Rift_Widens/book_content.txt	route	timeline|relationships|scenes|quests|world	implemented_reference_map	reference_extracted_pending_domain_review
WDM-ROUTE-af5b8327978a	route	Character stays real	canon/canonical_story_tree/all_25_books_latest_full_cycle.txt|canon/canonical_story_tree/books/Book_07_The_Rift_Widens/book_content.txt	route	timeline|relationships|scenes|quests|world	implemented_reference_map	reference_extracted_pending_domain_review
WDM-ROUTE-900d47202c10	route	S080 Rylos-Commits-to-the-Route-With-Him	canon/canonical_story_tree/all_25_books_latest_full_cycle.txt|canon/canonical_story_tree/books/Book_07_The_Rift_Widens/book_content.txt	route	timeline|relationships|scenes|quests|world	implemented_reference_map	reference_extracted_pending_domain_review
WDM-ROUTE-4c43ba7be4f8	route	The bond stays active under	canon/canonical_story_tree/all_25_books_latest_full_cycle.txt|canon/canonical_story_tree/books/Book_07_The_Rift_Widens/book_content.txt	route	timeline|relationships|scenes|quests|world	implemented_reference_map	reference_extracted_pending_domain_review
WDM-ROUTE-8dc81f03e56d	route	uncertainty	canon/canonical_story_tree/all_25_books_latest_full_cycle.txt|canon/canonical_story_tree/books/Book_07_The_Rift_Widens/book_content.txt	route	timeline|relationships|scenes|quests|world	implemented_reference_map	reference_extracted_pending_domain_review
WDM-ROUTE-00932929e22d	route	S081 Daisy-May-and-Majeski-Move-When-the-Pair-Moves	canon/canonical_story_tree/all_25_books_latest_full_cycle.txt|canon/canonical_story_tree/books/Book_07_The_Rift_Widens/book_content.txt	path|route	timeline|relationships|scenes|quests|world	implemented_reference_map	reference_extracted_pending_domain_review
WDM-ROUTE-57d92651d4da	route	Household continuity remains intact	canon/canonical_story_tree/all_25_books_latest_full_cycle.txt|canon/canonical_story_tree/books/Book_07_The_Rift_Widens/book_content.txt	path|route	timeline|relationships|scenes|quests|world	implemented_reference_map	reference_extracted_pending_domain_review
WDM-ROUTE-64b83e96f315	route	S082 Mack-Sets-the-Cost-Plainly	canon/canonical_story_tree/all_25_books_latest_full_cycle.txt|canon/canonical_story_tree/books/Book_07_The_Rift_Widens/book_content.txt	path|route	timeline|relationships|scenes|quests|world	implemented_reference_map	reference_extracted_pending_domain_review
WDM-ROUTE-54ac9e96cbf3	route	His voice and land both	canon/canonical_story_tree/all_25_books_latest_full_cycle.txt|canon/canonical_story_tree/books/Book_07_The_Rift_Widens/book_content.txt	path|route	timeline|relationships|scenes|quests|world	implemented_reference_map	reference_extracted_pending_domain_review
WDM-ROUTE-f1be72c4cd68	route	refuse illusions	canon/canonical_story_tree/all_25_books_latest_full_cycle.txt|canon/canonical_story_tree/books/Book_07_The_Rift_Widens/book_content.txt	path|route	timeline|relationships|scenes|quests|world	implemented_reference_map	reference_extracted_pending_domain_review
WDM-ROUTE-7d6f90228c6d	route	S083 The-Chosen-Path-Already-Hurts	canon/canonical_story_tree/all_25_books_latest_full_cycle.txt|canon/canonical_story_tree/books/Book_07_The_Rift_Widens/book_content.txt	path|route	timeline|relationships|scenes|quests|world	implemented_reference_map	reference_extracted_pending_domain_review
WDM-ROUTE-e03885bdd749	route	Correct route is not painless	canon/canonical_story_tree/all_25_books_latest_full_cycle.txt|canon/canonical_story_tree/books/Book_07_The_Rift_Widens/book_content.txt	path|route	timeline|relationships|scenes|quests|world	implemented_reference_map	reference_extracted_pending_domain_review
WDM-ROUTE-638c579c83c3	route	route	canon/canonical_story_tree/all_25_books_latest_full_cycle.txt|canon/canonical_story_tree/books/Book_07_The_Rift_Widens/book_content.txt|canon/canonical_story_tree/books/Book_22_The_Last_Open_Gate/book_content.txt|canon/canonical_story_tree/world/wowas_world_zone_map.json	path|route	timeline|relationships|scenes|quests|world	implemented_reference_map	reference_extracted_pending_domain_review
WDM-ROUTE-216c86016966	route	S084 The-Beat-Ends-with-Fractured-Motion-Established	canon/canonical_story_tree/all_25_books_latest_full_cycle.txt|canon/canonical_story_tree/books/Book_07_The_Rift_Widens/book_content.txt	path|route	timeline|relationships|scenes|quests|world	implemented_reference_map	reference_extracted_pending_domain_review
WDM-ROUTE-23fa6d404902	route	gains forward drive	canon/canonical_story_tree/all_25_books_latest_full_cycle.txt|canon/canonical_story_tree/books/Book_07_The_Rift_Widens/book_content.txt	path|route	timeline|relationships|scenes|quests|world	implemented_reference_map	reference_extracted_pending_domain_review
WDM-ROUTE-ea6d3b426988	route	"What the Rift Wants
target"	canon/canonical_story_tree/all_25_books_latest_full_cycle.txt|canon/canonical_story_tree/books/Book_07_The_Rift_Widens/book_content.txt	path|route	timeline|relationships|scenes|quests|world	implemented_reference_map	reference_extracted_pending_domain_review
WDM-ROUTE-2bfe30cff656	route	S085 The-Split-Reveals-Its-Appetite	canon/canonical_story_tree/all_25_books_latest_full_cycle.txt|canon/canonical_story_tree/books/Book_07_The_Rift_Widens/book_content.txt	route	timeline|relationships|scenes|quests|world	implemented_reference_map	reference_extracted_pending_domain_review
WDM-ROUTE-5e2c588a126b	route	The rift is shown trying	canon/canonical_story_tree/all_25_books_latest_full_cycle.txt|canon/canonical_story_tree/books/Book_07_The_Rift_Widens/book_content.txt	route	timeline|relationships|scenes|quests|world	implemented_reference_map	reference_extracted_pending_domain_review
WDM-ROUTE-90b660d58f4e	route	major internal victory	canon/canonical_story_tree/all_25_books_latest_full_cycle.txt|canon/canonical_story_tree/books/Book_07_The_Rift_Widens/book_content.txt	route	timeline|relationships|scenes|quests|world	implemented_reference_map	reference_extracted_pending_domain_review
WDM-ROUTE-097f40f51034	route	S108 The-Beat-Ends-with-Pip-Still-Himself	canon/canonical_story_tree/all_25_books_latest_full_cycle.txt|canon/canonical_story_tree/books/Book_07_The_Rift_Widens/book_content.txt	route	timeline|relationships|scenes|quests|world	implemented_reference_map	reference_extracted_pending_domain_review
WDM-ROUTE-8d22d5d5f09a	route	Crucial correction locked in story	canon/canonical_story_tree/all_25_books_latest_full_cycle.txt|canon/canonical_story_tree/books/Book_07_The_Rift_Widens/book_content.txt	route	timeline|relationships|scenes|quests|world	implemented_reference_map	reference_extracted_pending_domain_review
WDM-ROUTE-7ceaf90db82e	route	Book Seven Locks Its First	canon/canonical_story_tree/all_25_books_latest_full_cycle.txt|canon/canonical_story_tree/books/Book_07_The_Rift_Widens/book_content.txt	route	timeline|relationships|scenes|quests|world	implemented_reference_map	reference_extracted_pending_domain_review
WDM-ROUTE-88bd054b35bf	route	"Widening Law
target"	canon/canonical_story_tree/all_25_books_latest_full_cycle.txt|canon/canonical_story_tree/books/Book_07_The_Rift_Widens/book_content.txt	route	timeline|relationships|scenes|quests|world	implemented_reference_map	reference_extracted_pending_domain_review
WDM-ROUTE-e59981b704c3	route	S109 Rift-Route-Bond-Sanctuary-and-World-State-Finally-Align	canon/canonical_story_tree/all_25_books_latest_full_cycle.txt|canon/canonical_story_tree/books/Book_07_The_Rift_Widens/book_content.txt	route	timeline|relationships|scenes|quests|world	implemented_reference_map	reference_extracted_pending_domain_review
WDM-ROUTE-e67cfffb7299	route	The volume's first major weave	canon/canonical_story_tree/all_25_books_latest_full_cycle.txt|canon/canonical_story_tree/books/Book_07_The_Rift_Widens/book_content.txt	route	timeline|relationships|scenes|quests|world	implemented_reference_map	reference_extracted_pending_domain_review
WDM-ROUTE-43cfdbc59031	route	becomes clear	canon/canonical_story_tree/all_25_books_latest_full_cycle.txt|canon/canonical_story_tree/books/Book_07_The_Rift_Widens/book_content.txt	route	timeline|relationships|scenes|quests|world	implemented_reference_map	reference_extracted_pending_domain_review
WDM-ROUTE-68c09f42df7f	route	S110 Pip-Is-Reembedded-As-Determined-Limited-and-Accurate	canon/canonical_story_tree/all_25_books_latest_full_cycle.txt|canon/canonical_story_tree/books/Book_07_The_Rift_Widens/book_content.txt	route	timeline|relationships|scenes|quests|world	implemented_reference_map	reference_extracted_pending_domain_review
WDM-ROUTE-83e88e6c1b77	route	Core correction holds again	canon/canonical_story_tree/all_25_books_latest_full_cycle.txt|canon/canonical_story_tree/books/Book_07_The_Rift_Widens/book_content.txt	route	timeline|relationships|scenes|quests|world	implemented_reference_map	reference_extracted_pending_domain_review
WDM-ROUTE-f5bcf28d3ec5	route	S063 Majeski-Answers-Her-Lead-Through-Body-and-Position	canon/canonical_story_tree/all_25_books_latest_full_cycle.txt|canon/canonical_story_tree/books/Book_07_The_Rift_Widens/book_content.txt	path|road	timeline|relationships|scenes|quests|world	implemented_reference_map	reference_extracted_pending_domain_review
WDM-ROUTE-45538cbbb8bf	route	The pair remain true	canon/canonical_story_tree/all_25_books_latest_full_cycle.txt|canon/canonical_story_tree/books/Book_07_The_Rift_Widens/book_content.txt	path|road	timeline|relationships|scenes|quests|world	implemented_reference_map	reference_extracted_pending_domain_review
WDM-ROUTE-63a7ee69d8e3	route	S064 Rylos-Relaxes-Only-When-He-Sees-Them-Still-There	canon/canonical_story_tree/all_25_books_latest_full_cycle.txt|canon/canonical_story_tree/books/Book_07_The_Rift_Widens/book_content.txt	path|road	timeline|relationships|scenes|quests|world	implemented_reference_map	reference_extracted_pending_domain_review
WDM-ROUTE-91019f1bf2b6	route	Their presence matters to him	canon/canonical_story_tree/all_25_books_latest_full_cycle.txt|canon/canonical_story_tree/books/Book_07_The_Rift_Widens/book_content.txt	path|road	timeline|relationships|scenes|quests|world	implemented_reference_map	reference_extracted_pending_domain_review
WDM-ROUTE-7ddf5b4de627	route	deeply	canon/canonical_story_tree/all_25_books_latest_full_cycle.txt|canon/canonical_story_tree/books/Book_07_The_Rift_Widens/book_content.txt	path|road	timeline|relationships|scenes|quests|world	implemented_reference_map	reference_extracted_pending_domain_review
WDM-ROUTE-e30015d380f8	route	S065 Mack-Grows-a-Broad-Low-Seat-and-Mossed-Path-From-the-Earth	canon/canonical_story_tree/all_25_books_latest_full_cycle.txt|canon/canonical_story_tree/books/Book_07_The_Rift_Widens/book_content.txt	path|road	timeline|relationships|scenes|quests|world	implemented_reference_map	reference_extracted_pending_domain_review
WDM-ROUTE-93b0351ab94e	route	He shapes comfort around the	canon/canonical_story_tree/all_25_books_latest_full_cycle.txt|canon/canonical_story_tree/books/Book_07_The_Rift_Widens/book_content.txt	path|road	timeline|relationships|scenes|quests|world	implemented_reference_map	reference_extracted_pending_domain_review
WDM-ROUTE-c6f5a4c2ca16	route	silence	canon/canonical_story_tree/all_25_books_latest_full_cycle.txt|canon/canonical_story_tree/books/Book_07_The_Rift_Widens/book_content.txt	path|road	timeline|relationships|scenes|quests|world	implemented_reference_map	reference_extracted_pending_domain_review
WDM-ROUTE-6647454d5524	route	S066 The-Sanctuary-Uses-Living-Space-to-Say-What-No-One-Can-Say-Cleanly	canon/canonical_story_tree/all_25_books_latest_full_cycle.txt|canon/canonical_story_tree/books/Book_07_The_Rift_Widens/book_content.txt	path|road	timeline|relationships|scenes|quests|world	implemented_reference_map	reference_extracted_pending_domain_review
WDM-ROUTE-eec1598ce589	route	Mack's magic remains emotional architecture	canon/canonical_story_tree/all_25_books_latest_full_cycle.txt|canon/canonical_story_tree/books/Book_07_The_Rift_Widens/book_content.txt	path|road	timeline|relationships|scenes|quests|world	implemented_reference_map	reference_extracted_pending_domain_review
WDM-ROUTE-22ff0f026b59	route	The sanctuary answers with terraces	canon/canonical_story_tree/all_25_books_latest_full_cycle.txt|canon/canonical_story_tree/books/Book_07_The_Rift_Widens/book_content.txt	path	timeline|relationships|scenes|quests|world	implemented_reference_map	reference_extracted_pending_domain_review
WDM-ROUTE-360adae3633a	route	and suspended rootways as he	canon/canonical_story_tree/all_25_books_latest_full_cycle.txt|canon/canonical_story_tree/books/Book_07_The_Rift_Widens/book_content.txt	path	timeline|relationships|scenes|quests|world	implemented_reference_map	reference_extracted_pending_domain_review
WDM-ROUTE-1595ba324c74	route	warns them	canon/canonical_story_tree/all_25_books_latest_full_cycle.txt|canon/canonical_story_tree/books/Book_07_The_Rift_Widens/book_content.txt	path	timeline|relationships|scenes|quests|world	implemented_reference_map	reference_extracted_pending_domain_review
WDM-ROUTE-594a2b63648d	route	S005 The-Land-Reacts-Like-a-Living-Body-Under-Strain	canon/canonical_story_tree/all_25_books_latest_full_cycle.txt|canon/canonical_story_tree/books/Book_07_The_Rift_Widens/book_content.txt	path	timeline|relationships|scenes|quests|world	implemented_reference_map	reference_extracted_pending_domain_review
WDM-ROUTE-1bd15c7f52db	route	Mack's half-mile willow self is	canon/canonical_story_tree/all_25_books_latest_full_cycle.txt|canon/canonical_story_tree/books/Book_07_The_Rift_Widens/book_content.txt	path	timeline|relationships|scenes|quests|world	implemented_reference_map	reference_extracted_pending_domain_review
WDM-ROUTE-67158eb92c56	route	felt through every shift in	canon/canonical_story_tree/all_25_books_latest_full_cycle.txt|canon/canonical_story_tree/books/Book_07_The_Rift_Widens/book_content.txt	path	timeline|relationships|scenes|quests|world	implemented_reference_map	reference_extracted_pending_domain_review
WDM-ROUTE-83972da9a6ae	route	path and ground	canon/canonical_story_tree/all_25_books_latest_full_cycle.txt|canon/canonical_story_tree/books/Book_07_The_Rift_Widens/book_content.txt	path	timeline|relationships|scenes|quests|world	implemented_reference_map	reference_extracted_pending_domain_review
WDM-ROUTE-ec4679634fb1	route	S006 Pip-Knows-This-Is-Not-a-Simple-Choice-Book-Any-More	canon/canonical_story_tree/all_25_books_latest_full_cycle.txt|canon/canonical_story_tree/books/Book_07_The_Rift_Widens/book_content.txt	path	timeline|relationships|scenes|quests|world	implemented_reference_map	reference_extracted_pending_domain_review
WDM-ROUTE-1a498fa16a08	route	The scale has changed	canon/canonical_story_tree/all_25_books_latest_full_cycle.txt|canon/canonical_story_tree/books/Book_07_The_Rift_Widens/book_content.txt	path	timeline|relationships|scenes|quests|world	implemented_reference_map	reference_extracted_pending_domain_review
WDM-ROUTE-9d13ca72a544	route	S007 Rylos-Refuses-Cheap-Comfort	canon/canonical_story_tree/all_25_books_latest_full_cycle.txt|canon/canonical_story_tree/books/Book_07_The_Rift_Widens/book_content.txt	path	timeline|relationships|scenes|quests|world	implemented_reference_map	reference_extracted_pending_domain_review
WDM-ROUTE-854c10ec4970	route	He keeps the reading honest	canon/canonical_story_tree/all_25_books_latest_full_cycle.txt|canon/canonical_story_tree/books/Book_07_The_Rift_Widens/book_content.txt	path	timeline|relationships|scenes|quests|world	implemented_reference_map	reference_extracted_pending_domain_review
WDM-ROUTE-faf6dbf90d47	route	S008 Daisy-May-and-Majeski-Sense-the-Split-Through-Silence-and-Posture	canon/canonical_story_tree/all_25_books_latest_full_cycle.txt|canon/canonical_story_tree/books/Book_07_The_Rift_Widens/book_content.txt	path	timeline|relationships|scenes|quests|world	implemented_reference_map	reference_extracted_pending_domain_review
WDM-ROUTE-5f62c8a7c1e9	route	S067 Pip-Feels-How-Much-the-Household-Actually-Holds-Him	canon/canonical_story_tree/all_25_books_latest_full_cycle.txt|canon/canonical_story_tree/books/Book_07_The_Rift_Widens/book_content.txt	path	timeline|relationships|scenes|quests|world	implemented_reference_map	reference_extracted_pending_domain_review
WDM-ROUTE-2979391d089c	route	S076 Mack-Raises-Temporary-Walkways-Over-Broken-Ground	canon/canonical_story_tree/all_25_books_latest_full_cycle.txt|canon/canonical_story_tree/books/Book_07_The_Rift_Widens/book_content.txt	path	timeline|relationships|scenes|quests|world	implemented_reference_map	reference_extracted_pending_domain_review
WDM-ROUTE-ad2082123f8d	route	Terraformed passage keeps him fully	canon/canonical_story_tree/all_25_books_latest_full_cycle.txt|canon/canonical_story_tree/books/Book_07_The_Rift_Widens/book_content.txt	path	timeline|relationships|scenes|quests|world	implemented_reference_map	reference_extracted_pending_domain_review
WDM-ROUTE-5f6cc6ccc106	route	present	canon/canonical_story_tree/all_25_books_latest_full_cycle.txt|canon/canonical_story_tree/books/Book_07_The_Rift_Widens/book_content.txt	path	timeline|relationships|scenes|quests|world	implemented_reference_map	reference_extracted_pending_domain_review
WDM-ROUTE-b136138760ef	route	S077 The-Earth-Itself-Seems-to-Argue-Back	canon/canonical_story_tree/all_25_books_latest_full_cycle.txt|canon/canonical_story_tree/books/Book_07_The_Rift_Widens/book_content.txt	path	timeline|relationships|scenes|quests|world	implemented_reference_map	reference_extracted_pending_domain_review
WDM-ROUTE-09b4f8485b63	route	S086 Pip-Understands-It-Wants-Him-Smaller-More-Isolated-or-More-Confused	canon/canonical_story_tree/all_25_books_latest_full_cycle.txt|canon/canonical_story_tree/books/Book_07_The_Rift_Widens/book_content.txt	path	timeline|relationships|scenes|quests|world	implemented_reference_map	reference_extracted_pending_domain_review
WDM-ROUTE-5e8e7ae57de4	route	Target logic clarifies	canon/canonical_story_tree/all_25_books_latest_full_cycle.txt|canon/canonical_story_tree/books/Book_07_The_Rift_Widens/book_content.txt	path	timeline|relationships|scenes|quests|world	implemented_reference_map	reference_extracted_pending_domain_review
WDM-ROUTE-637c08f09349	route	S087 Rylos-Refuses-that-Reduction-on-Sight	canon/canonical_story_tree/all_25_books_latest_full_cycle.txt|canon/canonical_story_tree/books/Book_07_The_Rift_Widens/book_content.txt	path	timeline|relationships|scenes|quests|world	implemented_reference_map	reference_extracted_pending_domain_review
WDM-ROUTE-152858ac2315	route	He protects by naming the	canon/canonical_story_tree/all_25_books_latest_full_cycle.txt|canon/canonical_story_tree/books/Book_07_The_Rift_Widens/book_content.txt	path	timeline|relationships|scenes|quests|world	implemented_reference_map	reference_extracted_pending_domain_review
WDM-ROUTE-3190aee881cd	route	S088 Mack-Counters-With-Living-Connection-Work	canon/canonical_story_tree/all_25_books_latest_full_cycle.txt|canon/canonical_story_tree/books/Book_07_The_Rift_Widens/book_content.txt	path	timeline|relationships|scenes|quests|world	implemented_reference_map	reference_extracted_pending_domain_review
WDM-ROUTE-4f4bec736c2a	route	Roots	canon/canonical_story_tree/all_25_books_latest_full_cycle.txt|canon/canonical_story_tree/books/Book_07_The_Rift_Widens/book_content.txt	path	timeline|relationships|scenes|quests|world	implemented_reference_map	reference_extracted_pending_domain_review
WDM-ROUTE-4a65179f5553	route	paths	canon/canonical_story_tree/all_25_books_latest_full_cycle.txt|canon/canonical_story_tree/books/Book_07_The_Rift_Widens/book_content.txt	path	timeline|relationships|scenes|quests|world	implemented_reference_map	reference_extracted_pending_domain_review
WDM-ROUTE-7d8b18df5902	route	and sheltered spans are raised	canon/canonical_story_tree/all_25_books_latest_full_cycle.txt|canon/canonical_story_tree/books/Book_07_The_Rift_Widens/book_content.txt	path	timeline|relationships|scenes|quests|world	implemented_reference_map	reference_extracted_pending_domain_review
WDM-ROUTE-d55baed5dc9b	route	to keep relation intact	canon/canonical_story_tree/all_25_books_latest_full_cycle.txt|canon/canonical_story_tree/books/Book_07_The_Rift_Widens/book_content.txt	path	timeline|relationships|scenes|quests|world	implemented_reference_map	reference_extracted_pending_domain_review
WDM-ROUTE-7d06646289d6	route	S089 The-Sanctuarys-Magic-Is-Shown-as-Anti-Rift-Logic	canon/canonical_story_tree/all_25_books_latest_full_cycle.txt|canon/canonical_story_tree/books/Book_07_The_Rift_Widens/book_content.txt	path	timeline|relationships|scenes|quests|world	implemented_reference_map	reference_extracted_pending_domain_review
WDM-ROUTE-3d9cc2c57fe6	route	Mack's nature answers division with	canon/canonical_story_tree/all_25_books_latest_full_cycle.txt|canon/canonical_story_tree/books/Book_07_The_Rift_Widens/book_content.txt	path	timeline|relationships|scenes|quests|world	implemented_reference_map	reference_extracted_pending_domain_review
WDM-ROUTE-0dcf239d46f0	route	living joinedness	canon/canonical_story_tree/all_25_books_latest_full_cycle.txt|canon/canonical_story_tree/books/Book_07_The_Rift_Widens/book_content.txt	path	timeline|relationships|scenes|quests|world	implemented_reference_map	reference_extracted_pending_domain_review
WDM-ROUTE-3efc99167f27	route	S090 Pip-Sees-That-Determination-Is-Not-Enough-Without-Connection	canon/canonical_story_tree/all_25_books_latest_full_cycle.txt|canon/canonical_story_tree/books/Book_07_The_Rift_Widens/book_content.txt	path	timeline|relationships|scenes|quests|world	implemented_reference_map	reference_extracted_pending_domain_review
WDM-ROUTE-f8a78094448a	route	Vane	canon/canonical_story_tree/all_25_books_latest_full_cycle.txt|canon/canonical_story_tree/books/Book_09_The_Diamond_Breaks/book_content.txt	path	timeline|relationships|scenes|quests|world	implemented_reference_map	reference_extracted_pending_domain_review
WDM-ROUTE-2e10e1c81f3e	route	B09	canon/canonical_story_tree/all_25_books_latest_full_cycle.txt|canon/canonical_story_tree/books/Book_09_The_Diamond_Breaks/book_content.txt	path	timeline|relationships|scenes|quests|world	implemented_reference_map	reference_extracted_pending_domain_review
WDM-ROUTE-78a8d41c7097	route	Revelation Of The Vane	canon/canonical_story_tree/all_25_books_latest_full_cycle.txt|canon/canonical_story_tree/books/Book_09_The_Diamond_Breaks/book_content.txt	path	timeline|relationships|scenes|quests|world	implemented_reference_map	reference_extracted_pending_domain_review
WDM-ROUTE-a577262888bb	route	proof discovery	canon/canonical_story_tree/all_25_books_latest_full_cycle.txt|canon/canonical_story_tree/books/Book_09_The_Diamond_Breaks/book_content.txt	path	timeline|relationships|scenes|quests|world	implemented_reference_map	reference_extracted_pending_domain_review
WDM-ROUTE-f525942036b5	route	betrayal exposed	canon/canonical_story_tree/all_25_books_latest_full_cycle.txt|canon/canonical_story_tree/books/Book_09_The_Diamond_Breaks/book_content.txt	path	timeline|relationships|scenes|quests|world	implemented_reference_map	reference_extracted_pending_domain_review
WDM-ROUTE-d468e976043f	route	Glass Palace analysis	canon/canonical_story_tree/all_25_books_latest_full_cycle.txt|canon/canonical_story_tree/books/Book_09_The_Diamond_Breaks/book_content.txt	path	timeline|relationships|scenes|quests|world	implemented_reference_map	reference_extracted_pending_domain_review
WDM-ROUTE-0f6f592dda65	route	return-path zone	canon/canonical_story_tree/all_25_books_latest_full_cycle.txt|canon/canonical_story_tree/books/Book_09_The_Diamond_Breaks/book_content.txt	path	timeline|relationships|scenes|quests|world	implemented_reference_map	reference_extracted_pending_domain_review
WDM-ROUTE-c9a068d4933f	route	"notes
Canon-backed siphon revelation"	canon/canonical_story_tree/all_25_books_latest_full_cycle.txt|canon/canonical_story_tree/books/Book_09_The_Diamond_Breaks/book_content.txt	path	timeline|relationships|scenes|quests|world	implemented_reference_map	reference_extracted_pending_domain_review
WDM-ROUTE-82238800efae	route	systematic dead spots become undeniable	canon/canonical_story_tree/all_25_books_latest_full_cycle.txt|canon/canonical_story_tree/books/Book_09_The_Diamond_Breaks/book_content.txt	path	timeline|relationships|scenes|quests|world	implemented_reference_map	reference_extracted_pending_domain_review
WDM-ROUTE-7a0f179d25ad	route	evidence	canon/canonical_story_tree/all_25_books_latest_full_cycle.txt|canon/canonical_story_tree/books/Book_09_The_Diamond_Breaks/book_content.txt	path	timeline|relationships|scenes|quests|world	implemented_reference_map	reference_extracted_pending_domain_review
WDM-ROUTE-f5d2d725444f	route	Price	canon/canonical_story_tree/all_25_books_latest_full_cycle.txt|canon/canonical_story_tree/books/Book_09_The_Diamond_Breaks/book_content.txt	path	timeline|relationships|scenes|quests|world	implemented_reference_map	reference_extracted_pending_domain_review
WDM-ROUTE-6be26283ef9c	route	Paralysis	canon/canonical_story_tree/all_25_books_latest_full_cycle.txt|canon/canonical_story_tree/books/Book_09_The_Diamond_Breaks/book_content.txt	path	timeline|relationships|scenes|quests|world	implemented_reference_map	reference_extracted_pending_domain_review
WDM-ROUTE-90a0ba00e382	route	S105 Rylos-Stands-With-Him-In-That-Cleaner-Shape	canon/canonical_story_tree/all_25_books_latest_full_cycle.txt|canon/canonical_story_tree/books/Book_10_Mack_Falls/book_content.txt	route	timeline|relationships|scenes|quests|world	implemented_reference_map	reference_extracted_pending_domain_review
WDM-ROUTE-dd46dcc4d14e	route	Bond matures	canon/canonical_story_tree/all_25_books_latest_full_cycle.txt|canon/canonical_story_tree/books/Book_10_Mack_Falls/book_content.txt	route	timeline|relationships|scenes|quests|world	implemented_reference_map	reference_extracted_pending_domain_review
WDM-ROUTE-8f7e8a4cb43a	route	S106 Mack-Booming-Voice-Blesses-Work-Not-Fantasy	canon/canonical_story_tree/all_25_books_latest_full_cycle.txt|canon/canonical_story_tree/books/Book_10_Mack_Falls/book_content.txt	route	timeline|relationships|scenes|quests|world	implemented_reference_map	reference_extracted_pending_domain_review
WDM-ROUTE-a3a3ea817996	route	Character remains true	canon/canonical_story_tree/all_25_books_latest_full_cycle.txt|canon/canonical_story_tree/books/Book_10_Mack_Falls/book_content.txt|canon/canonical_story_tree/books/Book_22_The_Last_Open_Gate/book_content.txt	crossing|route	timeline|relationships|scenes|quests|world	implemented_reference_map	reference_extracted_pending_domain_review
WDM-ROUTE-bf90a7fb6f9f	route	S107 The-Household-Takes-the-Lesson-Into-Action	canon/canonical_story_tree/all_25_books_latest_full_cycle.txt|canon/canonical_story_tree/books/Book_10_Mack_Falls/book_content.txt	route	timeline|relationships|scenes|quests|world	implemented_reference_map	reference_extracted_pending_domain_review
WDM-ROUTE-6a2b2e24ad8a	route	Emotional truth becomes route	canon/canonical_story_tree/all_25_books_latest_full_cycle.txt|canon/canonical_story_tree/books/Book_10_Mack_Falls/book_content.txt	route	timeline|relationships|scenes|quests|world	implemented_reference_map	reference_extracted_pending_domain_review
WDM-ROUTE-6e1b8cc0f45d	route	S108 The-Beat-Ends-with-Bearing-Recast-As-Real-Cost	canon/canonical_story_tree/all_25_books_latest_full_cycle.txt|canon/canonical_story_tree/books/Book_10_Mack_Falls/book_content.txt	route	timeline|relationships|scenes|quests|world	implemented_reference_map	reference_extracted_pending_domain_review
WDM-ROUTE-5fa454e30d74	route	deepens lawfully	canon/canonical_story_tree/all_25_books_latest_full_cycle.txt|canon/canonical_story_tree/books/Book_10_Mack_Falls/book_content.txt	route	timeline|relationships|scenes|quests|world	implemented_reference_map	reference_extracted_pending_domain_review
WDM-ROUTE-b02fbeb90ab3	route	B10	canon/canonical_story_tree/all_25_books_latest_full_cycle.txt|canon/canonical_story_tree/books/Book_10_Mack_Falls/book_content.txt	path|route	timeline|relationships|scenes|quests|world	implemented_reference_map	reference_extracted_pending_domain_review
WDM-ROUTE-3c42e67c3aee	route	Book Ten Locks Its First	canon/canonical_story_tree/all_25_books_latest_full_cycle.txt|canon/canonical_story_tree/books/Book_10_Mack_Falls/book_content.txt	route	timeline|relationships|scenes|quests|world	implemented_reference_map	reference_extracted_pending_domain_review
WDM-ROUTE-e2968f385a5d	route	"Guardian-Fall Law
target"	canon/canonical_story_tree/all_25_books_latest_full_cycle.txt|canon/canonical_story_tree/books/Book_10_Mack_Falls/book_content.txt	route	timeline|relationships|scenes|quests|world	implemented_reference_map	reference_extracted_pending_domain_review
WDM-ROUTE-463fc9a3dd85	route	S109 Fall-Household-Deity-Core-and-Bond-Finally-Align	canon/canonical_story_tree/all_25_books_latest_full_cycle.txt|canon/canonical_story_tree/books/Book_10_Mack_Falls/book_content.txt	route	timeline|relationships|scenes|quests|world	implemented_reference_map	reference_extracted_pending_domain_review
WDM-ROUTE-ec78afee0efc	route	ordinary collapse	canon/canonical_story_tree/all_25_books_latest_full_cycle.txt|canon/canonical_story_tree/books/Book_10_Mack_Falls/book_content.txt	path	timeline|relationships|scenes|quests|world	implemented_reference_map	reference_extracted_pending_domain_review
WDM-ROUTE-f5cc8e043f44	route	S004 Mack-Booming-Voice-Comes-Distorted-Through-Branch-and-Stone	canon/canonical_story_tree/all_25_books_latest_full_cycle.txt|canon/canonical_story_tree/books/Book_10_Mack_Falls/book_content.txt	path	timeline|relationships|scenes|quests|world	implemented_reference_map	reference_extracted_pending_domain_review
WDM-ROUTE-beff554566c1	route	The vast willow is still	canon/canonical_story_tree/all_25_books_latest_full_cycle.txt|canon/canonical_story_tree/books/Book_10_Mack_Falls/book_content.txt	path	timeline|relationships|scenes|quests|world	implemented_reference_map	reference_extracted_pending_domain_review
WDM-ROUTE-e5097178c8f3	route	himself	canon/canonical_story_tree/all_25_books_latest_full_cycle.txt|canon/canonical_story_tree/books/Book_10_Mack_Falls/book_content.txt	path	timeline|relationships|scenes|quests|world	implemented_reference_map	reference_extracted_pending_domain_review
WDM-ROUTE-4655af254a17	route	but strained	canon/canonical_story_tree/all_25_books_latest_full_cycle.txt|canon/canonical_story_tree/books/Book_10_Mack_Falls/book_content.txt	path	timeline|relationships|scenes|quests|world	implemented_reference_map	reference_extracted_pending_domain_review
WDM-ROUTE-92a0416aa1ac	route	S005 The-Ground-Forms-Wrong-Beneath-Them	canon/canonical_story_tree/all_25_books_latest_full_cycle.txt|canon/canonical_story_tree/books/Book_10_Mack_Falls/book_content.txt	path	timeline|relationships|scenes|quests|world	implemented_reference_map	reference_extracted_pending_domain_review
WDM-ROUTE-87cd2162425b	route	Pathways and alcoves do not	canon/canonical_story_tree/all_25_books_latest_full_cycle.txt|canon/canonical_story_tree/books/Book_10_Mack_Falls/book_content.txt	path	timeline|relationships|scenes|quests|world	implemented_reference_map	reference_extracted_pending_domain_review
WDM-ROUTE-0b28499bad40	route	answer as cleanly as before	canon/canonical_story_tree/all_25_books_latest_full_cycle.txt|canon/canonical_story_tree/books/Book_10_Mack_Falls/book_content.txt	path	timeline|relationships|scenes|quests|world	implemented_reference_map	reference_extracted_pending_domain_review
WDM-ROUTE-c1f5d8e79d79	route	S006 Pip-Understands-That-Mack-Is-Not-Just-In-Danger-He-Is-The-Danger-Site	canon/canonical_story_tree/all_25_books_latest_full_cycle.txt|canon/canonical_story_tree/books/Book_10_Mack_Falls/book_content.txt	path	timeline|relationships|scenes|quests|world	implemented_reference_map	reference_extracted_pending_domain_review
WDM-ROUTE-5fd417bc583e	route	Representation stays correct	canon/canonical_story_tree/all_25_books_latest_full_cycle.txt|canon/canonical_story_tree/books/Book_10_Mack_Falls/book_content.txt|canon/canonical_story_tree/books/Book_15_Suffocating_In_Silence/book_content.txt|canon/canonical_story_tree/books/Book_18_Strange_Gravity/book_content.txt|canon/canonical_story_tree/books/Book_20_The_Beforemath/book_content.txt	path|road	timeline|relationships|scenes|quests|world	implemented_reference_map	reference_extracted_pending_domain_review
WDM-ROUTE-27d838fb2f02	route	S007 Rylos-Refuses-to-Let-the-Moment-Be-Flattened-Into-Rescue-Cliche	canon/canonical_story_tree/all_25_books_latest_full_cycle.txt|canon/canonical_story_tree/books/Book_10_Mack_Falls/book_content.txt	path	timeline|relationships|scenes|quests|world	implemented_reference_map	reference_extracted_pending_domain_review
WDM-ROUTE-1abba7bd81fc	route	S034 Sonomancy-Remains-Rare-Hard-and-Non-Saving	canon/canonical_story_tree/all_25_books_latest_full_cycle.txt|canon/canonical_story_tree/books/Book_10_Mack_Falls/book_content.txt	path	timeline|relationships|scenes|quests|world	implemented_reference_map	reference_extracted_pending_domain_review
WDM-ROUTE-809687bab4ef	route	Core truth reinforced	canon/canonical_story_tree/all_25_books_latest_full_cycle.txt|canon/canonical_story_tree/books/Book_10_Mack_Falls/book_content.txt	path	timeline|relationships|scenes|quests|world	implemented_reference_map	reference_extracted_pending_domain_review
WDM-ROUTE-fc8313278244	route	S035 Pip-Leaves-With-Better-Will-Not-Better-Control	canon/canonical_story_tree/all_25_books_latest_full_cycle.txt|canon/canonical_story_tree/books/Book_10_Mack_Falls/book_content.txt	path	timeline|relationships|scenes|quests|world	implemented_reference_map	reference_extracted_pending_domain_review
WDM-ROUTE-2c24d73fdc09	route	Honest development	canon/canonical_story_tree/all_25_books_latest_full_cycle.txt|canon/canonical_story_tree/books/Book_10_Mack_Falls/book_content.txt|canon/canonical_story_tree/books/Book_13_The_Afterwake/book_content.txt	path	timeline|relationships|scenes|quests|world	implemented_reference_map	reference_extracted_pending_domain_review
WDM-ROUTE-be9abff82ccc	route	S036 The-Beat-Ends-with-Private-Failure-Still-Part-of-His-Path	canon/canonical_story_tree/all_25_books_latest_full_cycle.txt|canon/canonical_story_tree/books/Book_10_Mack_Falls/book_content.txt|canon/canonical_story_tree/books/Book_13_The_Afterwake/book_content.txt	path	timeline|relationships|scenes|quests|world	implemented_reference_map	reference_extracted_pending_domain_review
WDM-ROUTE-fe73bd80f9bf	route	Canon stays on track	canon/canonical_story_tree/all_25_books_latest_full_cycle.txt|canon/canonical_story_tree/books/Book_10_Mack_Falls/book_content.txt	path	timeline|relationships|scenes|quests|world	implemented_reference_map	reference_extracted_pending_domain_review
WDM-ROUTE-0f964bd3cde7	route	The Household Learns to Carry	canon/canonical_story_tree/all_25_books_latest_full_cycle.txt|canon/canonical_story_tree/books/Book_10_Mack_Falls/book_content.txt	path	timeline|relationships|scenes|quests|world	implemented_reference_map	reference_extracted_pending_domain_review
WDM-ROUTE-c4dba93f8455	route	"Mack
target"	canon/canonical_story_tree/all_25_books_latest_full_cycle.txt|canon/canonical_story_tree/books/Book_10_Mack_Falls/book_content.txt	path	timeline|relationships|scenes|quests|world	implemented_reference_map	reference_extracted_pending_domain_review
WDM-ROUTE-5f9559145a12	route	S037 The-Crisis-Forces-a-Reversal-of-Protection-Flow	canon/canonical_story_tree/all_25_books_latest_full_cycle.txt|canon/canonical_story_tree/books/Book_10_Mack_Falls/book_content.txt	path	timeline|relationships|scenes|quests|world	implemented_reference_map	reference_extracted_pending_domain_review
WDM-ROUTE-d150cbbcd8e2	route	Those sheltered by Mack must	canon/canonical_story_tree/all_25_books_latest_full_cycle.txt|canon/canonical_story_tree/books/Book_10_Mack_Falls/book_content.txt	path	timeline|relationships|scenes|quests|world	implemented_reference_map	reference_extracted_pending_domain_review
WDM-ROUTE-ac2bfafd41cf	route	now help hold him	canon/canonical_story_tree/all_25_books_latest_full_cycle.txt|canon/canonical_story_tree/books/Book_10_Mack_Falls/book_content.txt	path	timeline|relationships|scenes|quests|world	implemented_reference_map	reference_extracted_pending_domain_review
WDM-ROUTE-8f04b80bb016	route	Honest resilience locks in	canon/canonical_story_tree/all_25_books_latest_full_cycle.txt|canon/canonical_story_tree/books/Book_10_Mack_Falls/book_content.txt	path	timeline|relationships|scenes|quests|world	implemented_reference_map	reference_extracted_pending_domain_review
WDM-ROUTE-b3ff7c44e954	route	"Mack Falls Further
target"	canon/canonical_story_tree/all_25_books_latest_full_cycle.txt|canon/canonical_story_tree/books/Book_10_Mack_Falls/book_content.txt	path	timeline|relationships|scenes|quests|world	implemented_reference_map	reference_extracted_pending_domain_review
WDM-ROUTE-e31c5f2cc16d	route	S073 The-Crisis-Deepens-Beyond-the-First-Estimate	canon/canonical_story_tree/all_25_books_latest_full_cycle.txt|canon/canonical_story_tree/books/Book_10_Mack_Falls/book_content.txt	path	timeline|relationships|scenes|quests|world	implemented_reference_map	reference_extracted_pending_domain_review
WDM-ROUTE-9a171df09c5f	route	The fall continues	canon/canonical_story_tree/all_25_books_latest_full_cycle.txt|canon/canonical_story_tree/books/Book_10_Mack_Falls/book_content.txt	path	timeline|relationships|scenes|quests|world	implemented_reference_map	reference_extracted_pending_domain_review
WDM-ROUTE-6245f95b74ab	route	S074 Branches-Drop-Lower-and-Paths-Falter-More-Harshly	canon/canonical_story_tree/all_25_books_latest_full_cycle.txt|canon/canonical_story_tree/books/Book_10_Mack_Falls/book_content.txt	path	timeline|relationships|scenes|quests|world	implemented_reference_map	reference_extracted_pending_domain_review
WDM-ROUTE-83bac7903483	route	Environmental damage intensifies	canon/canonical_story_tree/all_25_books_latest_full_cycle.txt|canon/canonical_story_tree/books/Book_10_Mack_Falls/book_content.txt	path	timeline|relationships|scenes|quests|world	implemented_reference_map	reference_extracted_pending_domain_review
WDM-ROUTE-0d2ca4492683	route	S075 Pip-Sees-How-Vast-a-Being-Can-Fall-Without-Ceasing-to-Be-Himself	canon/canonical_story_tree/all_25_books_latest_full_cycle.txt|canon/canonical_story_tree/books/Book_10_Mack_Falls/book_content.txt	path	timeline|relationships|scenes|quests|world	implemented_reference_map	reference_extracted_pending_domain_review
WDM-ROUTE-d4265f3c1516	route	Representation remains correct	canon/canonical_story_tree/all_25_books_latest_full_cycle.txt|canon/canonical_story_tree/books/Book_10_Mack_Falls/book_content.txt	path	timeline|relationships|scenes|quests|world	implemented_reference_map	reference_extracted_pending_domain_review
WDM-ROUTE-c516278ea72d	route	S076 Rylos-Reads-the-New-Limits-Faster-Than-Panic-Can	canon/canonical_story_tree/all_25_books_latest_full_cycle.txt|canon/canonical_story_tree/books/Book_10_Mack_Falls/book_content.txt	path	timeline|relationships|scenes|quests|world	implemented_reference_map	reference_extracted_pending_domain_review
WDM-ROUTE-96bd7d7e8855	route	S086 Pip-Feels-the-Field-Push-Back-On-Him	canon/canonical_story_tree/all_25_books_latest_full_cycle.txt|canon/canonical_story_tree/books/Book_11_The_Portal_Opens/book_content.txt	crossing|path	timeline|relationships|scenes|quests|world	implemented_reference_map	reference_extracted_pending_domain_review
WDM-ROUTE-23c0cef57550	route	Threshold pressure becomes bodily	canon/canonical_story_tree/all_25_books_latest_full_cycle.txt|canon/canonical_story_tree/books/Book_11_The_Portal_Opens/book_content.txt	crossing|path	timeline|relationships|scenes|quests|world	implemented_reference_map	reference_extracted_pending_domain_review
WDM-ROUTE-325426f9a91f	route	S087 Rylos-Reads-How-to-Adjust-the-Approach-in-Real-Time	canon/canonical_story_tree/all_25_books_latest_full_cycle.txt|canon/canonical_story_tree/books/Book_11_The_Portal_Opens/book_content.txt	path	timeline|relationships|scenes|quests|world	implemented_reference_map	reference_extracted_pending_domain_review
WDM-ROUTE-b60f50976398	route	Discernment remains essential	canon/canonical_story_tree/all_25_books_latest_full_cycle.txt|canon/canonical_story_tree/books/Book_11_The_Portal_Opens/book_content.txt|canon/canonical_story_tree/books/Book_13_The_Afterwake/book_content.txt|canon/canonical_story_tree/books/Book_15_Suffocating_In_Silence/book_content.txt	path|route	timeline|relationships|scenes|quests|world	implemented_reference_map	reference_extracted_pending_domain_review
WDM-ROUTE-1a814f81184a	route	S088 Mack-Reorders-the-Living-Approach-Path-Under-Them	canon/canonical_story_tree/all_25_books_latest_full_cycle.txt|canon/canonical_story_tree/books/Book_11_The_Portal_Opens/book_content.txt	path	timeline|relationships|scenes|quests|world	implemented_reference_map	reference_extracted_pending_domain_review
WDM-ROUTE-f60c2945db48	route	Terraforming remains active crisis response	canon/canonical_story_tree/all_25_books_latest_full_cycle.txt|canon/canonical_story_tree/books/Book_11_The_Portal_Opens/book_content.txt	path	timeline|relationships|scenes|quests|world	implemented_reference_map	reference_extracted_pending_domain_review
WDM-ROUTE-7da60a51c542	route	S089 The-Portal-Does-Not-Welcome-Them-It-Tests-Them	canon/canonical_story_tree/all_25_books_latest_full_cycle.txt|canon/canonical_story_tree/books/Book_11_The_Portal_Opens/book_content.txt	path	timeline|relationships|scenes|quests|world	implemented_reference_map	reference_extracted_pending_domain_review
WDM-ROUTE-ac9b1f3e8400	route	Tone remains honest	canon/canonical_story_tree/all_25_books_latest_full_cycle.txt|canon/canonical_story_tree/books/Book_11_The_Portal_Opens/book_content.txt	path	timeline|relationships|scenes|quests|world	implemented_reference_map	reference_extracted_pending_domain_review
WDM-ROUTE-5d1b2b24efde	route	S090 Pip-Does-Not-Reach-for-Easy-Sonomancy-and-Save-the-Day	canon/canonical_story_tree/all_25_books_latest_full_cycle.txt|canon/canonical_story_tree/books/Book_11_The_Portal_Opens/book_content.txt	path	timeline|relationships|scenes|quests|world	implemented_reference_map	reference_extracted_pending_domain_review
WDM-ROUTE-e129be653e79	route	S098 Pip-Feels-the-Cost-of-Opening-As-Separation-Pressure	canon/canonical_story_tree/all_25_books_latest_full_cycle.txt|canon/canonical_story_tree/books/Book_11_The_Portal_Opens/book_content.txt	path	timeline|relationships|scenes|quests|world	implemented_reference_map	reference_extracted_pending_domain_review
WDM-ROUTE-57002c1b13ba	route	Emotional severity lands	canon/canonical_story_tree/all_25_books_latest_full_cycle.txt|canon/canonical_story_tree/books/Book_11_The_Portal_Opens/book_content.txt	path	timeline|relationships|scenes|quests|world	implemented_reference_map	reference_extracted_pending_domain_review
WDM-ROUTE-ade732aaa337	route	S099 Rylos-Keeps-Him-From-Misreading-That-Cost-As-Abandonment	canon/canonical_story_tree/all_25_books_latest_full_cycle.txt|canon/canonical_story_tree/books/Book_11_The_Portal_Opens/book_content.txt	path	timeline|relationships|scenes|quests|world	implemented_reference_map	reference_extracted_pending_domain_review
WDM-ROUTE-46f81723453c	route	Important correction	canon/canonical_story_tree/all_25_books_latest_full_cycle.txt|canon/canonical_story_tree/books/Book_11_The_Portal_Opens/book_content.txt	path	timeline|relationships|scenes|quests|world	implemented_reference_map	reference_extracted_pending_domain_review
WDM-ROUTE-bd4c1fe6a45f	route	S100 Mack-Shapes-Waiting-Places-and-Return-Paths-From-the-Earth	canon/canonical_story_tree/all_25_books_latest_full_cycle.txt|canon/canonical_story_tree/books/Book_11_The_Portal_Opens/book_content.txt	path	timeline|relationships|scenes|quests|world	implemented_reference_map	reference_extracted_pending_domain_review
WDM-ROUTE-108abfd5b3ee	route	Sanctuary remains active support	canon/canonical_story_tree/all_25_books_latest_full_cycle.txt|canon/canonical_story_tree/books/Book_11_The_Portal_Opens/book_content.txt	path	timeline|relationships|scenes|quests|world	implemented_reference_map	reference_extracted_pending_domain_review
WDM-ROUTE-575e7b1ec1a4	route	S101 Daisy-May-and-Majeski-Keep-the-Household-Coherent-During-Threshold-Strain	canon/canonical_story_tree/all_25_books_latest_full_cycle.txt|canon/canonical_story_tree/books/Book_11_The_Portal_Opens/book_content.txt	path	timeline|relationships|scenes|quests|world	implemented_reference_map	reference_extracted_pending_domain_review
WDM-ROUTE-8bf4bf19c36f	route	Canon continues to matter	canon/canonical_story_tree/all_25_books_latest_full_cycle.txt|canon/canonical_story_tree/books/Book_11_The_Portal_Opens/book_content.txt	path	timeline|relationships|scenes|quests|world	implemented_reference_map	reference_extracted_pending_domain_review
WDM-ROUTE-2f5706640d62	route	S102 Ursula's-Core-Presence-Feels-Stronger-Through-the-Open-Path	canon/canonical_story_tree/all_25_books_latest_full_cycle.txt|canon/canonical_story_tree/books/Book_11_The_Portal_Opens/book_content.txt	path	timeline|relationships|scenes|quests|world	implemented_reference_map	reference_extracted_pending_domain_review
WDM-ROUTE-c5ed70bf9ce3	route	Planetary wound deepens	canon/canonical_story_tree/all_25_books_latest_full_cycle.txt|canon/canonical_story_tree/books/Book_11_The_Portal_Opens/book_content.txt	path	timeline|relationships|scenes|quests|world	implemented_reference_map	reference_extracted_pending_domain_review
WDM-ROUTE-2c64c0b3b9f2	route	S103 Pip-Understands-That-Some-Doors-Open-By-Making-New-Kinds-of-Distance	canon/canonical_story_tree/all_25_books_latest_full_cycle.txt|canon/canonical_story_tree/books/Book_11_The_Portal_Opens/book_content.txt	path	timeline|relationships|scenes|quests|world	implemented_reference_map	reference_extracted_pending_domain_review
WDM-ROUTE-28d405f37ae8	route	Mature realization	canon/canonical_story_tree/all_25_books_latest_full_cycle.txt|canon/canonical_story_tree/books/Book_11_The_Portal_Opens/book_content.txt	path	timeline|relationships|scenes|quests|world	implemented_reference_map	reference_extracted_pending_domain_review
WDM-ROUTE-85b9ff70ba23	route	S104 He-Does-Not-Turn-That-Into-Doom-Identity	canon/canonical_story_tree/all_25_books_latest_full_cycle.txt|canon/canonical_story_tree/books/Book_11_The_Portal_Opens/book_content.txt	path	timeline|relationships|scenes|quests|world	implemented_reference_map	reference_extracted_pending_domain_review
WDM-ROUTE-c361c422f910	route	Anti-martyr safeguard holds	canon/canonical_story_tree/all_25_books_latest_full_cycle.txt|canon/canonical_story_tree/books/Book_11_The_Portal_Opens/book_content.txt	path	timeline|relationships|scenes|quests|world	implemented_reference_map	reference_extracted_pending_domain_review
WDM-ROUTE-94340f24ab4b	route	S023 The-Land-Itself-Behaves-Like-It-Is-Listening-to-the-Threshold	canon/canonical_story_tree/all_25_books_latest_full_cycle.txt|canon/canonical_story_tree/books/Book_11_The_Portal_Opens/book_content.txt	crossing	timeline|relationships|scenes|quests|world	implemented_reference_map	reference_extracted_pending_domain_review
WDM-ROUTE-905f7db475a3	route	World-state deepens	canon/canonical_story_tree/all_25_books_latest_full_cycle.txt|canon/canonical_story_tree/books/Book_11_The_Portal_Opens/book_content.txt	crossing	timeline|relationships|scenes|quests|world	implemented_reference_map	reference_extracted_pending_domain_review
WDM-ROUTE-3686b6553cbe	route	S024 The-Beat-Ends-with-the-Door-Recast-As-Challenge	canon/canonical_story_tree/all_25_books_latest_full_cycle.txt|canon/canonical_story_tree/books/Book_11_The_Portal_Opens/book_content.txt	crossing	timeline|relationships|scenes|quests|world	implemented_reference_map	reference_extracted_pending_domain_review
WDM-ROUTE-59c03baf6228	route	tightens properly	canon/canonical_story_tree/all_25_books_latest_full_cycle.txt|canon/canonical_story_tree/books/Book_11_The_Portal_Opens/book_content.txt	crossing	timeline|relationships|scenes|quests|world	implemented_reference_map	reference_extracted_pending_domain_review
WDM-ROUTE-9d030c9e5e76	route	B11	canon/canonical_story_tree/all_25_books_latest_full_cycle.txt|canon/canonical_story_tree/books/Book_11_The_Portal_Opens/book_content.txt	crossing	timeline|relationships|scenes|quests|world	implemented_reference_map	reference_extracted_pending_domain_review
WDM-ROUTE-2ae19db86a84	route	"Pip Trains Against Crossing
target"	canon/canonical_story_tree/all_25_books_latest_full_cycle.txt|canon/canonical_story_tree/books/Book_11_The_Portal_Opens/book_content.txt	crossing	timeline|relationships|scenes|quests|world	implemented_reference_map	reference_extracted_pending_domain_review
WDM-ROUTE-868f8431cb81	route	S025 Pip-Retreats-to-Private-Sonomancy-Training-Again	canon/canonical_story_tree/all_25_books_latest_full_cycle.txt|canon/canonical_story_tree/books/Book_11_The_Portal_Opens/book_content.txt	crossing	timeline|relationships|scenes|quests|world	implemented_reference_map	reference_extracted_pending_domain_review
WDM-ROUTE-a7f5da89f68d	route	Threshold pressure drives him back	canon/canonical_story_tree/all_25_books_latest_full_cycle.txt|canon/canonical_story_tree/books/Book_11_The_Portal_Opens/book_content.txt	crossing	timeline|relationships|scenes|quests|world	implemented_reference_map	reference_extracted_pending_domain_review
WDM-ROUTE-64c39a064f2a	route	to effort	canon/canonical_story_tree/all_25_books_latest_full_cycle.txt|canon/canonical_story_tree/books/Book_11_The_Portal_Opens/book_content.txt	crossing	timeline|relationships|scenes|quests|world	implemented_reference_map	reference_extracted_pending_domain_review
WDM-ROUTE-3da2b9051819	route	S026 He-Practices-Alone-Because-He-Will-Not-Stage-His-Need	canon/canonical_story_tree/all_25_books_latest_full_cycle.txt|canon/canonical_story_tree/books/Book_11_The_Portal_Opens/book_content.txt	crossing	timeline|relationships|scenes|quests|world	implemented_reference_map	reference_extracted_pending_domain_review
WDM-ROUTE-18336c23b445	route	Sanctuary remains protective	canon/canonical_story_tree/all_25_books_latest_full_cycle.txt|canon/canonical_story_tree/books/Book_11_The_Portal_Opens/book_content.txt	crossing	timeline|relationships|scenes|quests|world	implemented_reference_map	reference_extracted_pending_domain_review
WDM-ROUTE-809506bd708e	route	S034 Sonomancy-Stays-Rare-Hard-and-Not-Public	canon/canonical_story_tree/all_25_books_latest_full_cycle.txt|canon/canonical_story_tree/books/Book_11_The_Portal_Opens/book_content.txt	crossing	timeline|relationships|scenes|quests|world	implemented_reference_map	reference_extracted_pending_domain_review
WDM-ROUTE-a083c9c317ca	route	Canon remains intact	canon/canonical_story_tree/all_25_books_latest_full_cycle.txt|canon/canonical_story_tree/books/Book_11_The_Portal_Opens/book_content.txt|canon/canonical_story_tree/books/Book_13_The_Afterwake/book_content.txt	crossing|path	timeline|relationships|scenes|quests|world	implemented_reference_map	reference_extracted_pending_domain_review
WDM-ROUTE-b5e9b5120002	route	S035 Pip-Leaves-More-Resolved-Than-Empowered	canon/canonical_story_tree/all_25_books_latest_full_cycle.txt|canon/canonical_story_tree/books/Book_11_The_Portal_Opens/book_content.txt	crossing	timeline|relationships|scenes|quests|world	implemented_reference_map	reference_extracted_pending_domain_review
WDM-ROUTE-fb04f055fc2f	route	Honest growth	canon/canonical_story_tree/all_25_books_latest_full_cycle.txt|canon/canonical_story_tree/books/Book_11_The_Portal_Opens/book_content.txt	crossing	timeline|relationships|scenes|quests|world	implemented_reference_map	reference_extracted_pending_domain_review
WDM-ROUTE-12d5ce0b32e3	route	S036 The-Beat-Ends-with-Crossing-Still-Beyond-His-Control	canon/canonical_story_tree/all_25_books_latest_full_cycle.txt|canon/canonical_story_tree/books/Book_11_The_Portal_Opens/book_content.txt	crossing	timeline|relationships|scenes|quests|world	implemented_reference_map	reference_extracted_pending_domain_review
WDM-ROUTE-0e586f38f8a9	route	Book law stays true	canon/canonical_story_tree/all_25_books_latest_full_cycle.txt|canon/canonical_story_tree/books/Book_11_The_Portal_Opens/book_content.txt|canon/canonical_story_tree/books/Book_13_The_Afterwake/book_content.txt	crossing|path	timeline|relationships|scenes|quests|world	implemented_reference_map	reference_extracted_pending_domain_review
WDM-ROUTE-b76febfa32bb	route	What Must Cross and What	canon/canonical_story_tree/all_25_books_latest_full_cycle.txt|canon/canonical_story_tree/books/Book_11_The_Portal_Opens/book_content.txt	crossing	timeline|relationships|scenes|quests|world	implemented_reference_map	reference_extracted_pending_domain_review
WDM-ROUTE-f36ba1f23014	route	"Must Stay
target"	canon/canonical_story_tree/all_25_books_latest_full_cycle.txt|canon/canonical_story_tree/books/Book_11_The_Portal_Opens/book_content.txt	crossing	timeline|relationships|scenes|quests|world	implemented_reference_map	reference_extracted_pending_domain_review
WDM-ROUTE-9afe75006212	route	S037 The-Household-Has-to-Face-the-Question-of-Passage	canon/canonical_story_tree/all_25_books_latest_full_cycle.txt|canon/canonical_story_tree/books/Book_11_The_Portal_Opens/book_content.txt	crossing	timeline|relationships|scenes|quests|world	implemented_reference_map	reference_extracted_pending_domain_review
WDM-ROUTE-02942540f8f9	route	Great Dane canon remains load-bearing	canon/canonical_story_tree/all_25_books_latest_full_cycle.txt|canon/canonical_story_tree/books/Book_11_The_Portal_Opens/book_content.txt	crossing	timeline|relationships|scenes|quests|world	implemented_reference_map	reference_extracted_pending_domain_review
WDM-ROUTE-cd86c80dd9f7	route	S043 Pip-Realizes-Crossing-Is-Not-The-Same-As-Leaving-Love-Behind	canon/canonical_story_tree/all_25_books_latest_full_cycle.txt|canon/canonical_story_tree/books/Book_11_The_Portal_Opens/book_content.txt	crossing	timeline|relationships|scenes|quests|world	implemented_reference_map	reference_extracted_pending_domain_review
WDM-ROUTE-c8d21747ee4c	route	Growth deepens	canon/canonical_story_tree/all_25_books_latest_full_cycle.txt|canon/canonical_story_tree/books/Book_11_The_Portal_Opens/book_content.txt	crossing	timeline|relationships|scenes|quests|world	implemented_reference_map	reference_extracted_pending_domain_review
WDM-ROUTE-be3bfe8a27c4	route	S044 Rylos-Keeps-the-Moment-From-Turning-Into-Self-Torment	canon/canonical_story_tree/all_25_books_latest_full_cycle.txt|canon/canonical_story_tree/books/Book_11_The_Portal_Opens/book_content.txt	crossing	timeline|relationships|scenes|quests|world	implemented_reference_map	reference_extracted_pending_domain_review
WDM-ROUTE-9fa2a30b85be	route	Anti-martyr safeguard stays active	canon/canonical_story_tree/all_25_books_latest_full_cycle.txt|canon/canonical_story_tree/books/Book_11_The_Portal_Opens/book_content.txt	crossing	timeline|relationships|scenes|quests|world	implemented_reference_map	reference_extracted_pending_domain_review
WDM-ROUTE-8080a95be9a5	route	S045 Mack-Frames-Staying-and-Crossing-As-Different-Forms-of-Faithfulness	canon/canonical_story_tree/all_25_books_latest_full_cycle.txt|canon/canonical_story_tree/books/Book_11_The_Portal_Opens/book_content.txt	crossing	timeline|relationships|scenes|quests|world	implemented_reference_map	reference_extracted_pending_domain_review
WDM-ROUTE-da0336a84968	route	Deity-scale teaching	canon/canonical_story_tree/all_25_books_latest_full_cycle.txt|canon/canonical_story_tree/books/Book_11_The_Portal_Opens/book_content.txt	crossing	timeline|relationships|scenes|quests|world	implemented_reference_map	reference_extracted_pending_domain_review
WDM-ROUTE-56c5a4a3323d	route	S046 The-Portal-Pulses-As-If-It-Recognizes-What-Is-At-Stake	canon/canonical_story_tree/all_25_books_latest_full_cycle.txt|canon/canonical_story_tree/books/Book_11_The_Portal_Opens/book_content.txt	crossing	timeline|relationships|scenes|quests|world	implemented_reference_map	reference_extracted_pending_domain_review
WDM-ROUTE-0654aabf3e52	route	Threshold intelligence rises	canon/canonical_story_tree/all_25_books_latest_full_cycle.txt|canon/canonical_story_tree/books/Book_11_The_Portal_Opens/book_content.txt	crossing	timeline|relationships|scenes|quests|world	implemented_reference_map	reference_extracted_pending_domain_review
WDM-ROUTE-33e1b1c0a758	route	S047 The-Household-Understands-More-Than-It-Wants-To	canon/canonical_story_tree/all_25_books_latest_full_cycle.txt|canon/canonical_story_tree/books/Book_11_The_Portal_Opens/book_content.txt	crossing	timeline|relationships|scenes|quests|world	implemented_reference_map	reference_extracted_pending_domain_review
WDM-ROUTE-1720f269d714	route	S065 Daisy-May-Holds-Silent-at-the-Inner-Threshold	canon/canonical_story_tree/all_25_books_latest_full_cycle.txt|canon/canonical_story_tree/books/Book_11_The_Portal_Opens/book_content.txt	crossing	timeline|relationships|scenes|quests|world	implemented_reference_map	reference_extracted_pending_domain_review
WDM-ROUTE-008c7689b009	route	Presence remains powerful	canon/canonical_story_tree/all_25_books_latest_full_cycle.txt|canon/canonical_story_tree/books/Book_11_The_Portal_Opens/book_content.txt	crossing	timeline|relationships|scenes|quests|world	implemented_reference_map	reference_extracted_pending_domain_review
WDM-ROUTE-d6f48a622edb	route	S066 Majeski-Holds-the-Outer-One	canon/canonical_story_tree/all_25_books_latest_full_cycle.txt|canon/canonical_story_tree/books/Book_11_The_Portal_Opens/book_content.txt	crossing	timeline|relationships|scenes|quests|world	implemented_reference_map	reference_extracted_pending_domain_review
WDM-ROUTE-364bdb211d6f	route	The pair remain household architecture	canon/canonical_story_tree/all_25_books_latest_full_cycle.txt|canon/canonical_story_tree/books/Book_11_The_Portal_Opens/book_content.txt	crossing	timeline|relationships|scenes|quests|world	implemented_reference_map	reference_extracted_pending_domain_review
WDM-ROUTE-df5ad95bbaa3	route	S067 Pip-Learns-That-Honest-Crossing-Requires-Accurate-Seeing-More-Than-Courage-Alone	canon/canonical_story_tree/all_25_books_latest_full_cycle.txt|canon/canonical_story_tree/books/Book_11_The_Portal_Opens/book_content.txt	crossing	timeline|relationships|scenes|quests|world	implemented_reference_map	reference_extracted_pending_domain_review
WDM-ROUTE-2ce606039e36	route	Major growth note	canon/canonical_story_tree/all_25_books_latest_full_cycle.txt|canon/canonical_story_tree/books/Book_11_The_Portal_Opens/book_content.txt	crossing	timeline|relationships|scenes|quests|world	implemented_reference_map	reference_extracted_pending_domain_review
WDM-ROUTE-0cc3b5cab303	route	S068 Rylos-Makes-Cleaner-Language-Possible-Again	canon/canonical_story_tree/all_25_books_latest_full_cycle.txt|canon/canonical_story_tree/books/Book_11_The_Portal_Opens/book_content.txt	crossing	timeline|relationships|scenes|quests|world	implemented_reference_map	reference_extracted_pending_domain_review
WDM-ROUTE-3c89436dc912	route	The bond refines truth	canon/canonical_story_tree/all_25_books_latest_full_cycle.txt|canon/canonical_story_tree/books/Book_11_The_Portal_Opens/book_content.txt	crossing	timeline|relationships|scenes|quests|world	implemented_reference_map	reference_extracted_pending_domain_review
WDM-ROUTE-fbec8834c51f	route	S069 Mack-Rejects-Cheap-Destiny-Talk	canon/canonical_story_tree/all_25_books_latest_full_cycle.txt|canon/canonical_story_tree/books/Book_11_The_Portal_Opens/book_content.txt	crossing	timeline|relationships|scenes|quests|world	implemented_reference_map	reference_extracted_pending_domain_review
WDM-ROUTE-7ee6193753f6	route	S083 The-Household-Finds-Strength-in-Not-Lying-About-Who-Anyone-Is	canon/canonical_story_tree/all_25_books_latest_full_cycle.txt|canon/canonical_story_tree/books/Book_11_The_Portal_Opens/book_content.txt	crossing	timeline|relationships|scenes|quests|world	implemented_reference_map	reference_extracted_pending_domain_review
WDM-ROUTE-34faef4c9e5d	route	Theme sharpens	canon/canonical_story_tree/all_25_books_latest_full_cycle.txt|canon/canonical_story_tree/books/Book_11_The_Portal_Opens/book_content.txt|canon/canonical_story_tree/books/Book_14_The_Long_Reorientation/book_content.txt	crossing|route	timeline|relationships|scenes|quests|world	implemented_reference_map	reference_extracted_pending_domain_review
WDM-ROUTE-f4b9b77a2a39	route	S084 The-Beat-Ends-with-Species-and-Relation-Truth-Held-Firm	canon/canonical_story_tree/all_25_books_latest_full_cycle.txt|canon/canonical_story_tree/books/Book_11_The_Portal_Opens/book_content.txt	crossing	timeline|relationships|scenes|quests|world	implemented_reference_map	reference_extracted_pending_domain_review
WDM-ROUTE-ec246f8ba54f	route	stays clean	canon/canonical_story_tree/all_25_books_latest_full_cycle.txt|canon/canonical_story_tree/books/Book_11_The_Portal_Opens/book_content.txt|canon/canonical_story_tree/books/Book_14_The_Long_Reorientation/book_content.txt|canon/canonical_story_tree/books/Book_21_The_Final_Descent/book_content.txt	crossing|path|route	timeline|relationships|scenes|quests|world	implemented_reference_map	reference_extracted_pending_domain_review
WDM-ROUTE-48f31a3b37de	route	"The Crossing Attempt
target"	canon/canonical_story_tree/all_25_books_latest_full_cycle.txt|canon/canonical_story_tree/books/Book_11_The_Portal_Opens/book_content.txt	crossing	timeline|relationships|scenes|quests|world	implemented_reference_map	reference_extracted_pending_domain_review
WDM-ROUTE-170727bc53a7	route	S085 The-First-True-Move-Toward-the-Portal-Begins	canon/canonical_story_tree/all_25_books_latest_full_cycle.txt|canon/canonical_story_tree/books/Book_11_The_Portal_Opens/book_content.txt	crossing	timeline|relationships|scenes|quests|world	implemented_reference_map	reference_extracted_pending_domain_review
WDM-ROUTE-86f035ddb2b7	route	Tension converts into action	canon/canonical_story_tree/all_25_books_latest_full_cycle.txt|canon/canonical_story_tree/books/Book_11_The_Portal_Opens/book_content.txt	crossing	timeline|relationships|scenes|quests|world	implemented_reference_map	reference_extracted_pending_domain_review
WDM-ROUTE-53a6ce8a31b0	route	S094 Mack's-Booming-Voice-Keeps-the-Moment-From-Shattering	canon/canonical_story_tree/all_25_books_latest_full_cycle.txt|canon/canonical_story_tree/books/Book_11_The_Portal_Opens/book_content.txt	crossing	timeline|relationships|scenes|quests|world	implemented_reference_map	reference_extracted_pending_domain_review
WDM-ROUTE-391218f390fc	route	Deity-scale support remains	canon/canonical_story_tree/all_25_books_latest_full_cycle.txt|canon/canonical_story_tree/books/Book_11_The_Portal_Opens/book_content.txt	crossing	timeline|relationships|scenes|quests|world	implemented_reference_map	reference_extracted_pending_domain_review
WDM-ROUTE-ed3760c8fe26	route	S095 The-Attempt-Works-Partially-and-Costs-Immediately	canon/canonical_story_tree/all_25_books_latest_full_cycle.txt|canon/canonical_story_tree/books/Book_11_The_Portal_Opens/book_content.txt	crossing	timeline|relationships|scenes|quests|world	implemented_reference_map	reference_extracted_pending_domain_review
WDM-ROUTE-5684b1307ba7	route	Honest progress	canon/canonical_story_tree/all_25_books_latest_full_cycle.txt|canon/canonical_story_tree/books/Book_11_The_Portal_Opens/book_content.txt	crossing	timeline|relationships|scenes|quests|world	implemented_reference_map	reference_extracted_pending_domain_review
WDM-ROUTE-627eb388e94d	route	S096 The-Beat-Ends-with-Crossing-Recast-As-Real-Work	canon/canonical_story_tree/all_25_books_latest_full_cycle.txt|canon/canonical_story_tree/books/Book_11_The_Portal_Opens/book_content.txt	crossing	timeline|relationships|scenes|quests|world	implemented_reference_map	reference_extracted_pending_domain_review
WDM-ROUTE-bbd4f777bbe8	route	moves forward	canon/canonical_story_tree/all_25_books_latest_full_cycle.txt|canon/canonical_story_tree/books/Book_11_The_Portal_Opens/book_content.txt	crossing	timeline|relationships|scenes|quests|world	implemented_reference_map	reference_extracted_pending_domain_review
WDM-ROUTE-555cd94e9923	route	"What Opens Also Separates
target"	canon/canonical_story_tree/all_25_books_latest_full_cycle.txt|canon/canonical_story_tree/books/Book_11_The_Portal_Opens/book_content.txt	crossing	timeline|relationships|scenes|quests|world	implemented_reference_map	reference_extracted_pending_domain_review
WDM-ROUTE-54d530f23130	route	S097 The-Portal-Changes-Distance-and-Presence-All-at-Once	canon/canonical_story_tree/all_25_books_latest_full_cycle.txt|canon/canonical_story_tree/books/Book_11_The_Portal_Opens/book_content.txt	crossing	timeline|relationships|scenes|quests|world	implemented_reference_map	reference_extracted_pending_domain_review
WDM-ROUTE-d3173f24e756	route	Threshold law sharpens	canon/canonical_story_tree/all_25_books_latest_full_cycle.txt|canon/canonical_story_tree/books/Book_11_The_Portal_Opens/book_content.txt	crossing	timeline|relationships|scenes|quests|world	implemented_reference_map	reference_extracted_pending_domain_review
WDM-ROUTE-06005748d000	route	S038 Pip-Feels-How-Waiting-Can-Corrode-Will-If-It-Is-Not-Made-Meaningful	canon/canonical_story_tree/all_25_books_latest_full_cycle.txt|canon/canonical_story_tree/books/Book_12_Stasis/book_content.txt	path	timeline|relationships|scenes|quests|world	implemented_reference_map	reference_extracted_pending_domain_review
WDM-ROUTE-6aad75638746	route	Emotional realism sharpens	canon/canonical_story_tree/all_25_books_latest_full_cycle.txt|canon/canonical_story_tree/books/Book_12_Stasis/book_content.txt|canon/canonical_story_tree/books/Book_17_Black_Heart_Scar/book_content.txt	corridor|path	timeline|relationships|scenes|quests|world	implemented_reference_map	reference_extracted_pending_domain_review
WDM-ROUTE-993d00eb2118	route	S039 Rylos-Reads-Where-Impatience-Would-Make-It-Worse	canon/canonical_story_tree/all_25_books_latest_full_cycle.txt|canon/canonical_story_tree/books/Book_12_Stasis/book_content.txt	path	timeline|relationships|scenes|quests|world	implemented_reference_map	reference_extracted_pending_domain_review
WDM-ROUTE-d41b198adbdd	route	Practical clarity remains essential	canon/canonical_story_tree/all_25_books_latest_full_cycle.txt|canon/canonical_story_tree/books/Book_12_Stasis/book_content.txt|canon/canonical_story_tree/books/Book_17_Black_Heart_Scar/book_content.txt|canon/canonical_story_tree/books/Book_18_Strange_Gravity/book_content.txt|canon/canonical_story_tree/books/Book_19_The_Cracking_Core/book_content.txt|canon/canonical_story_tree/books/Book_20_The_Beforemath/book_content.txt|canon/canonical_story_tree/books/Book_21_The_Final_Descent/book_content.txt|canon/canonical_story_tree/books/Book_22_The_Last_Open_Gate/book_content.txt|canon/canonical_story_tree/books/Book_23_The_Final_Resonance/book_content.txt|canon/canonical_story_tree/books/Book_25_Death_Is_Rebirth/book_content.txt	corridor|crossing|path|route	timeline|relationships|scenes|quests|world	implemented_reference_map	reference_extracted_pending_domain_review
WDM-ROUTE-c848b9a554f0	route	S040 Mack-Grows-Grottos-Paths-and-Low-Tables-For-Work-Within-Waiting	canon/canonical_story_tree/all_25_books_latest_full_cycle.txt|canon/canonical_story_tree/books/Book_12_Stasis/book_content.txt	path	timeline|relationships|scenes|quests|world	implemented_reference_map	reference_extracted_pending_domain_review
WDM-ROUTE-27ab4c756329	route	The land is shaped for	canon/canonical_story_tree/all_25_books_latest_full_cycle.txt|canon/canonical_story_tree/books/Book_12_Stasis/book_content.txt	path	timeline|relationships|scenes|quests|world	implemented_reference_map	reference_extracted_pending_domain_review
WDM-ROUTE-4c70fd4d4c76	route	endurance	canon/canonical_story_tree/all_25_books_latest_full_cycle.txt|canon/canonical_story_tree/books/Book_12_Stasis/book_content.txt	path	timeline|relationships|scenes|quests|world	implemented_reference_map	reference_extracted_pending_domain_review
WDM-ROUTE-ce9775fe2371	route	S041 The-Sanctuary-Becomes-a-Living-Workshop-for-Patience	canon/canonical_story_tree/all_25_books_latest_full_cycle.txt|canon/canonical_story_tree/books/Book_12_Stasis/book_content.txt	path	timeline|relationships|scenes|quests|world	implemented_reference_map	reference_extracted_pending_domain_review
WDM-ROUTE-acd9ceb5fcdf	route	Setting continues as active intelligence	canon/canonical_story_tree/all_25_books_latest_full_cycle.txt|canon/canonical_story_tree/books/Book_12_Stasis/book_content.txt	path	timeline|relationships|scenes|quests|world	implemented_reference_map	reference_extracted_pending_domain_review
WDM-ROUTE-c3230910a10c	route	S061 The-Held-Field-Invites-Emotional-Numbing	canon/canonical_story_tree/all_25_books_latest_full_cycle.txt|canon/canonical_story_tree/books/Book_12_Stasis/book_content.txt	path	timeline|relationships|scenes|quests|world	implemented_reference_map	reference_extracted_pending_domain_review
WDM-ROUTE-dcf9035f4572	route	Stasis threatens inner life too	canon/canonical_story_tree/all_25_books_latest_full_cycle.txt|canon/canonical_story_tree/books/Book_12_Stasis/book_content.txt	path	timeline|relationships|scenes|quests|world	implemented_reference_map	reference_extracted_pending_domain_review
WDM-ROUTE-586173490c2e	route	S062 Pip-Feels-the-Pull-Toward-Going-Blank-to-Endure-It	canon/canonical_story_tree/all_25_books_latest_full_cycle.txt|canon/canonical_story_tree/books/Book_12_Stasis/book_content.txt	path	timeline|relationships|scenes|quests|world	implemented_reference_map	reference_extracted_pending_domain_review
WDM-ROUTE-e11ca705cd8b	route	Honest psychological pressure	canon/canonical_story_tree/all_25_books_latest_full_cycle.txt|canon/canonical_story_tree/books/Book_12_Stasis/book_content.txt	path	timeline|relationships|scenes|quests|world	implemented_reference_map	reference_extracted_pending_domain_review
WDM-ROUTE-6afde48f0743	route	S063 Rylos-Refuses-That-Path-for-Him	canon/canonical_story_tree/all_25_books_latest_full_cycle.txt|canon/canonical_story_tree/books/Book_12_Stasis/book_content.txt	path	timeline|relationships|scenes|quests|world	implemented_reference_map	reference_extracted_pending_domain_review
WDM-ROUTE-90d47b965471	route	Mature love remains active	canon/canonical_story_tree/all_25_books_latest_full_cycle.txt|canon/canonical_story_tree/books/Book_12_Stasis/book_content.txt	path	timeline|relationships|scenes|quests|world	implemented_reference_map	reference_extracted_pending_domain_review
WDM-ROUTE-4e06a1fb82f6	route	S064 Mack-Supports-the-Intervention-With-Living-Space-Shaped-for-Contact-Not-Isolation	canon/canonical_story_tree/all_25_books_latest_full_cycle.txt|canon/canonical_story_tree/books/Book_12_Stasis/book_content.txt	path	timeline|relationships|scenes|quests|world	implemented_reference_map	reference_extracted_pending_domain_review
WDM-ROUTE-b4a7a8deadff	route	Terrain reinforces relation	canon/canonical_story_tree/all_25_books_latest_full_cycle.txt|canon/canonical_story_tree/books/Book_12_Stasis/book_content.txt	path	timeline|relationships|scenes|quests|world	implemented_reference_map	reference_extracted_pending_domain_review
WDM-ROUTE-d73d5303a2a4	route	S065 Daisy-May-Lies-Beside-Them-in-Silent-Steadiness	canon/canonical_story_tree/all_25_books_latest_full_cycle.txt|canon/canonical_story_tree/books/Book_12_Stasis/book_content.txt	path	timeline|relationships|scenes|quests|world	implemented_reference_map	reference_extracted_pending_domain_review
WDM-ROUTE-8e0cacf69184	route	S086 Pip-Feels-It-Immediately-and-Dares-Not-Trust-It-Fully	canon/canonical_story_tree/all_25_books_latest_full_cycle.txt|canon/canonical_story_tree/books/Book_12_Stasis/book_content.txt	path	timeline|relationships|scenes|quests|world	implemented_reference_map	reference_extracted_pending_domain_review
WDM-ROUTE-39abdaf61d20	route	Maturity remains	canon/canonical_story_tree/all_25_books_latest_full_cycle.txt|canon/canonical_story_tree/books/Book_12_Stasis/book_content.txt	path	timeline|relationships|scenes|quests|world	implemented_reference_map	reference_extracted_pending_domain_review
WDM-ROUTE-60fed525577e	route	S087 Rylos-Reads-That-the-Shift-Is-Real-But-Not-Yet-Reliable	canon/canonical_story_tree/all_25_books_latest_full_cycle.txt|canon/canonical_story_tree/books/Book_12_Stasis/book_content.txt	path	timeline|relationships|scenes|quests|world	implemented_reference_map	reference_extracted_pending_domain_review
WDM-ROUTE-7aa46b39a629	route	Practical clarity continues	canon/canonical_story_tree/all_25_books_latest_full_cycle.txt|canon/canonical_story_tree/books/Book_12_Stasis/book_content.txt	path	timeline|relationships|scenes|quests|world	implemented_reference_map	reference_extracted_pending_domain_review
WDM-ROUTE-bf28e9d67c79	route	S088 Mack-Reorders-a-Few-Living-Paths-in-Answer	canon/canonical_story_tree/all_25_books_latest_full_cycle.txt|canon/canonical_story_tree/books/Book_12_Stasis/book_content.txt	path	timeline|relationships|scenes|quests|world	implemented_reference_map	reference_extracted_pending_domain_review
WDM-ROUTE-a8955101e2d2	route	Terraforming reflects real change	canon/canonical_story_tree/all_25_books_latest_full_cycle.txt|canon/canonical_story_tree/books/Book_12_Stasis/book_content.txt	path	timeline|relationships|scenes|quests|world	implemented_reference_map	reference_extracted_pending_domain_review
WDM-ROUTE-656195a39013	route	S089 The-Sanctuary-Responds-Like-a-Body-Testing-Its-Limbs-Again	canon/canonical_story_tree/all_25_books_latest_full_cycle.txt|canon/canonical_story_tree/books/Book_12_Stasis/book_content.txt	path	timeline|relationships|scenes|quests|world	implemented_reference_map	reference_extracted_pending_domain_review
WDM-ROUTE-f2f6d1634331	route	Setting truth deepens	canon/canonical_story_tree/all_25_books_latest_full_cycle.txt|canon/canonical_story_tree/books/Book_12_Stasis/book_content.txt|canon/canonical_story_tree/books/Book_16_The_Deepening_World/book_content.txt|canon/canonical_story_tree/books/Book_17_Black_Heart_Scar/book_content.txt|canon/canonical_story_tree/books/Book_18_Strange_Gravity/book_content.txt|canon/canonical_story_tree/books/Book_20_The_Beforemath/book_content.txt|canon/canonical_story_tree/books/Book_21_The_Final_Descent/book_content.txt|canon/canonical_story_tree/books/Book_22_The_Last_Open_Gate/book_content.txt|canon/canonical_story_tree/books/Book_24_Born_To_Die/book_content.txt|canon/canonical_story_tree/books/Book_25_Death_Is_Rebirth/book_content.txt	corridor|path|road|route	timeline|relationships|scenes|quests|world	implemented_reference_map	reference_extracted_pending_domain_review
WDM-ROUTE-87b31341f3de	route	S090 Pip-Does-Not-Turn-the-Moment-Into-Easy-Hope	canon/canonical_story_tree/all_25_books_latest_full_cycle.txt|canon/canonical_story_tree/books/Book_12_Stasis/book_content.txt	path	timeline|relationships|scenes|quests|world	implemented_reference_map	reference_extracted_pending_domain_review
WDM-ROUTE-5c798bbff64f	route	S042 Daisy-May-and-Majeski-Hold-the-New-Rhythm-Into-Shape	canon/canonical_story_tree/all_25_books_latest_full_cycle.txt|canon/canonical_story_tree/books/Book_13_The_Afterwake/book_content.txt	route	timeline|relationships|scenes|quests|world	implemented_reference_map	reference_extracted_pending_domain_review
WDM-ROUTE-27c44f39295a	route	Great Dane truth remains structural	canon/canonical_story_tree/all_25_books_latest_full_cycle.txt|canon/canonical_story_tree/books/Book_13_The_Afterwake/book_content.txt	route	timeline|relationships|scenes|quests|world	implemented_reference_map	reference_extracted_pending_domain_review
WDM-ROUTE-ef00a9f6eeb8	route	S043 Pip-Learns-That-Rebuilding-Is-Not-the-Same-As-Going-Back	canon/canonical_story_tree/all_25_books_latest_full_cycle.txt|canon/canonical_story_tree/books/Book_13_The_Afterwake/book_content.txt	route	timeline|relationships|scenes|quests|world	implemented_reference_map	reference_extracted_pending_domain_review
WDM-ROUTE-857118e7f041	route	Serious growth	canon/canonical_story_tree/all_25_books_latest_full_cycle.txt|canon/canonical_story_tree/books/Book_13_The_Afterwake/book_content.txt	route	timeline|relationships|scenes|quests|world	implemented_reference_map	reference_extracted_pending_domain_review
WDM-ROUTE-61c61603ab31	route	S044 Rylos-Keeps-Him-From-Confusing-Longing-With-Route	canon/canonical_story_tree/all_25_books_latest_full_cycle.txt|canon/canonical_story_tree/books/Book_13_The_Afterwake/book_content.txt	route	timeline|relationships|scenes|quests|world	implemented_reference_map	reference_extracted_pending_domain_review
WDM-ROUTE-8426a3eb2d1c	route	Bond remains corrective	canon/canonical_story_tree/all_25_books_latest_full_cycle.txt|canon/canonical_story_tree/books/Book_13_The_Afterwake/book_content.txt	route	timeline|relationships|scenes|quests|world	implemented_reference_map	reference_extracted_pending_domain_review
WDM-ROUTE-fdf2e5245371	route	S045 Mack-Frames-Relearning-As-Part-of-Love-Not-Failure	canon/canonical_story_tree/all_25_books_latest_full_cycle.txt|canon/canonical_story_tree/books/Book_13_The_Afterwake/book_content.txt	route	timeline|relationships|scenes|quests|world	implemented_reference_map	reference_extracted_pending_domain_review
WDM-ROUTE-32d91a361129	route	Deity teaching remains warm and	canon/canonical_story_tree/all_25_books_latest_full_cycle.txt|canon/canonical_story_tree/books/Book_13_The_Afterwake/book_content.txt	route	timeline|relationships|scenes|quests|world	implemented_reference_map	reference_extracted_pending_domain_review
WDM-ROUTE-fc45a4dbe73e	route	large	canon/canonical_story_tree/all_25_books_latest_full_cycle.txt|canon/canonical_story_tree/books/Book_13_The_Afterwake/book_content.txt	route	timeline|relationships|scenes|quests|world	implemented_reference_map	reference_extracted_pending_domain_review
WDM-ROUTE-677e5c5096a5	route	S046 The-Land-Shows-What-Can-Be-Grown-Anew	canon/canonical_story_tree/all_25_books_latest_full_cycle.txt|canon/canonical_story_tree/books/Book_13_The_Afterwake/book_content.txt	route	timeline|relationships|scenes|quests|world	implemented_reference_map	reference_extracted_pending_domain_review
WDM-ROUTE-2c708d3d8e11	route	World-state becomes practical	canon/canonical_story_tree/all_25_books_latest_full_cycle.txt|canon/canonical_story_tree/books/Book_13_The_Afterwake/book_content.txt	route	timeline|relationships|scenes|quests|world	implemented_reference_map	reference_extracted_pending_domain_review
WDM-ROUTE-b7e9a7ce9dd8	route	Mature realization deepens	canon/canonical_story_tree/all_25_books_latest_full_cycle.txt|canon/canonical_story_tree/books/Book_13_The_Afterwake/book_content.txt	route	timeline|relationships|scenes|quests|world	implemented_reference_map	reference_extracted_pending_domain_review
WDM-ROUTE-a43c490d7f87	route	S087 Rylos-Reads-the-New-Line-Cleanly-Before-Pip-Can-Fully-Name-It	canon/canonical_story_tree/all_25_books_latest_full_cycle.txt|canon/canonical_story_tree/books/Book_13_The_Afterwake/book_content.txt	route	timeline|relationships|scenes|quests|world	implemented_reference_map	reference_extracted_pending_domain_review
WDM-ROUTE-5a78484bcc85	route	S088 Mack-Reorders-the-Land-To-Match-the-New-Route	canon/canonical_story_tree/all_25_books_latest_full_cycle.txt|canon/canonical_story_tree/books/Book_13_The_Afterwake/book_content.txt	route	timeline|relationships|scenes|quests|world	implemented_reference_map	reference_extracted_pending_domain_review
WDM-ROUTE-3c09902586f1	route	Terraforming remains central	canon/canonical_story_tree/all_25_books_latest_full_cycle.txt|canon/canonical_story_tree/books/Book_13_The_Afterwake/book_content.txt|canon/canonical_story_tree/books/Book_14_The_Long_Reorientation/book_content.txt|canon/canonical_story_tree/books/Book_16_The_Deepening_World/book_content.txt|canon/canonical_story_tree/books/Book_22_The_Last_Open_Gate/book_content.txt|canon/canonical_story_tree/books/Book_25_Death_Is_Rebirth/book_content.txt	crossing|path|route	timeline|relationships|scenes|quests|world	implemented_reference_map	reference_extracted_pending_domain_review
WDM-ROUTE-cae1b27b7f45	route	S089 The-Sanctuary-Acts-Like-a-Living-Compass-Again	canon/canonical_story_tree/all_25_books_latest_full_cycle.txt|canon/canonical_story_tree/books/Book_13_The_Afterwake/book_content.txt	route	timeline|relationships|scenes|quests|world	implemented_reference_map	reference_extracted_pending_domain_review
WDM-ROUTE-e169e83a6a18	route	Setting truth sharpens	canon/canonical_story_tree/all_25_books_latest_full_cycle.txt|canon/canonical_story_tree/books/Book_13_The_Afterwake/book_content.txt|canon/canonical_story_tree/books/Book_14_The_Long_Reorientation/book_content.txt|canon/canonical_story_tree/books/Book_16_The_Deepening_World/book_content.txt|canon/canonical_story_tree/books/Book_22_The_Last_Open_Gate/book_content.txt|canon/canonical_story_tree/books/Book_25_Death_Is_Rebirth/book_content.txt	crossing|path|route	timeline|relationships|scenes|quests|world	implemented_reference_map	reference_extracted_pending_domain_review
WDM-ROUTE-26ab9cbc0671	route	S090 Pip-Does-Not-Assume-the-New-Line-Will-Be-Easier	canon/canonical_story_tree/all_25_books_latest_full_cycle.txt|canon/canonical_story_tree/books/Book_13_The_Afterwake/book_content.txt	route	timeline|relationships|scenes|quests|world	implemented_reference_map	reference_extracted_pending_domain_review
WDM-ROUTE-fecfcf4c3fb5	route	Honesty remains	canon/canonical_story_tree/all_25_books_latest_full_cycle.txt|canon/canonical_story_tree/books/Book_13_The_Afterwake/book_content.txt	route	timeline|relationships|scenes|quests|world	implemented_reference_map	reference_extracted_pending_domain_review
WDM-ROUTE-dc8825b92f3c	route	S035 Pip-Leaves-With-More-Respect-for-the-Changed-Field-Not-More-Mastery	canon/canonical_story_tree/all_25_books_latest_full_cycle.txt|canon/canonical_story_tree/books/Book_13_The_Afterwake/book_content.txt	path	timeline|relationships|scenes|quests|world	implemented_reference_map	reference_extracted_pending_domain_review
WDM-ROUTE-d239e030fa7b	route	B13	canon/canonical_story_tree/all_25_books_latest_full_cycle.txt|canon/canonical_story_tree/books/Book_13_The_Afterwake/book_content.txt	path	timeline|relationships|scenes|quests|world	implemented_reference_map	reference_extracted_pending_domain_review
WDM-ROUTE-e3cb6fdda583	route	The Household Relearns Daily Life	canon/canonical_story_tree/all_25_books_latest_full_cycle.txt|canon/canonical_story_tree/books/Book_13_The_Afterwake/book_content.txt	path	timeline|relationships|scenes|quests|world	implemented_reference_map	reference_extracted_pending_domain_review
WDM-ROUTE-51e69e916c5e	route	S037 The-End-of-Stasis-Does-Not-Restore-Old-Rhythm-Automatically	canon/canonical_story_tree/all_25_books_latest_full_cycle.txt|canon/canonical_story_tree/books/Book_13_The_Afterwake/book_content.txt	path	timeline|relationships|scenes|quests|world	implemented_reference_map	reference_extracted_pending_domain_review
WDM-ROUTE-81d222b3317b	route	Domestic truth remains serious	canon/canonical_story_tree/all_25_books_latest_full_cycle.txt|canon/canonical_story_tree/books/Book_13_The_Afterwake/book_content.txt	path	timeline|relationships|scenes|quests|world	implemented_reference_map	reference_extracted_pending_domain_review
WDM-ROUTE-36bf3f469ab7	route	S038 Pip-Feels-How-Hard-Normalcy-Is-After-Held-Time	canon/canonical_story_tree/all_25_books_latest_full_cycle.txt|canon/canonical_story_tree/books/Book_13_The_Afterwake/book_content.txt	path	timeline|relationships|scenes|quests|world	implemented_reference_map	reference_extracted_pending_domain_review
WDM-ROUTE-9972e52571c4	route	Emotional realism deepens	canon/canonical_story_tree/all_25_books_latest_full_cycle.txt|canon/canonical_story_tree/books/Book_13_The_Afterwake/book_content.txt|canon/canonical_story_tree/books/Book_14_The_Long_Reorientation/book_content.txt|canon/canonical_story_tree/books/Book_15_Suffocating_In_Silence/book_content.txt|canon/canonical_story_tree/books/Book_16_The_Deepening_World/book_content.txt|canon/canonical_story_tree/books/Book_17_Black_Heart_Scar/book_content.txt|canon/canonical_story_tree/books/Book_18_Strange_Gravity/book_content.txt|canon/canonical_story_tree/books/Book_19_The_Cracking_Core/book_content.txt|canon/canonical_story_tree/books/Book_20_The_Beforemath/book_content.txt|canon/canonical_story_tree/books/Book_21_The_Final_Descent/book_content.txt|canon/canonical_story_tree/books/Book_22_The_Last_Open_Gate/book_content.txt|canon/canonical_story_tree/books/Book_23_The_Final_Resonance/book_content.txt|canon/canonical_story_tree/books/Book_24_Born_To_Die/book_content.txt|canon/canonical_story_tree/books/Book_25_Death_Is_Rebirth/book_content.txt	corridor|crossing|path|road|route	timeline|relationships|scenes|quests|world	implemented_reference_map	reference_extracted_pending_domain_review
WDM-ROUTE-a7762a303638	route	S039 Rylos-Reads-Where-They-Can-Rebuild-Rhythm-and-Where-They-Must-Abandon-It	canon/canonical_story_tree/all_25_books_latest_full_cycle.txt|canon/canonical_story_tree/books/Book_13_The_Afterwake/book_content.txt	path	timeline|relationships|scenes|quests|world	implemented_reference_map	reference_extracted_pending_domain_review
WDM-ROUTE-a09c2fa486d8	route	Practical clarity remains important	canon/canonical_story_tree/all_25_books_latest_full_cycle.txt|canon/canonical_story_tree/books/Book_13_The_Afterwake/book_content.txt	path	timeline|relationships|scenes|quests|world	implemented_reference_map	reference_extracted_pending_domain_review
WDM-ROUTE-111e91304e47	route	S040 Mack-Grows-New-Pathways-Seating-and-Hollows-For-a-Changed-Household	canon/canonical_story_tree/all_25_books_latest_full_cycle.txt|canon/canonical_story_tree/books/Book_13_The_Afterwake/book_content.txt	path	timeline|relationships|scenes|quests|world	implemented_reference_map	reference_extracted_pending_domain_review
WDM-ROUTE-935f54e9d02b	route	Life magic remains responsive and	canon/canonical_story_tree/all_25_books_latest_full_cycle.txt|canon/canonical_story_tree/books/Book_13_The_Afterwake/book_content.txt	path	timeline|relationships|scenes|quests|world	implemented_reference_map	reference_extracted_pending_domain_review
WDM-ROUTE-137e82d3f757	route	relational	canon/canonical_story_tree/all_25_books_latest_full_cycle.txt|canon/canonical_story_tree/books/Book_13_The_Afterwake/book_content.txt|canon/canonical_story_tree/books/Book_16_The_Deepening_World/book_content.txt|canon/canonical_story_tree/books/Book_17_Black_Heart_Scar/book_content.txt|canon/canonical_story_tree/books/Book_18_Strange_Gravity/book_content.txt|canon/canonical_story_tree/books/Book_19_The_Cracking_Core/book_content.txt|canon/canonical_story_tree/books/Book_20_The_Beforemath/book_content.txt|canon/canonical_story_tree/books/Book_22_The_Last_Open_Gate/book_content.txt|canon/canonical_story_tree/books/Book_23_The_Final_Resonance/book_content.txt|canon/canonical_story_tree/books/Book_24_Born_To_Die/book_content.txt|canon/canonical_story_tree/books/Book_25_Death_Is_Rebirth/book_content.txt	corridor|path|road	timeline|relationships|scenes|quests|world	implemented_reference_map	reference_extracted_pending_domain_review
WDM-ROUTE-255858d02063	route	S041 The-Sanctuary-Becomes-a-Living-Map-of-Adjusted-Habits	canon/canonical_story_tree/all_25_books_latest_full_cycle.txt|canon/canonical_story_tree/books/Book_13_The_Afterwake/book_content.txt	path	timeline|relationships|scenes|quests|world	implemented_reference_map	reference_extracted_pending_domain_review
WDM-ROUTE-2886459b6491	route	Setting remains active intelligence	canon/canonical_story_tree/all_25_books_latest_full_cycle.txt|canon/canonical_story_tree/books/Book_13_The_Afterwake/book_content.txt|canon/canonical_story_tree/books/Book_17_Black_Heart_Scar/book_content.txt|canon/canonical_story_tree/books/Book_18_Strange_Gravity/book_content.txt|canon/canonical_story_tree/books/Book_19_The_Cracking_Core/book_content.txt|canon/canonical_story_tree/books/Book_20_The_Beforemath/book_content.txt|canon/canonical_story_tree/books/Book_21_The_Final_Descent/book_content.txt|canon/canonical_story_tree/books/Book_22_The_Last_Open_Gate/book_content.txt|canon/canonical_story_tree/books/Book_23_The_Final_Resonance/book_content.txt|canon/canonical_story_tree/books/Book_25_Death_Is_Rebirth/book_content.txt	corridor|crossing|path|route	timeline|relationships|scenes|quests|world	implemented_reference_map	reference_extracted_pending_domain_review
WDM-ROUTE-d5f98bd2b6a3	route	S083 The-Household-Feels-More-True-When-No-One-Is-Flattened	canon/canonical_story_tree/all_25_books_latest_full_cycle.txt|canon/canonical_story_tree/books/Book_14_The_Long_Reorientation/book_content.txt	route	timeline|relationships|scenes|quests|world	implemented_reference_map	reference_extracted_pending_domain_review
WDM-ROUTE-d8bdd407ec25	route	S084 The-Beat-Ends-with-Species-and-Relation-Truth-Held-through-Long-Reorientation	canon/canonical_story_tree/all_25_books_latest_full_cycle.txt|canon/canonical_story_tree/books/Book_14_The_Long_Reorientation/book_content.txt	path|route	timeline|relationships|scenes|quests|world	implemented_reference_map	reference_extracted_pending_domain_review
WDM-ROUTE-dbc690bd27db	route	B14	canon/canonical_story_tree/all_25_books_latest_full_cycle.txt|canon/canonical_story_tree/books/Book_14_The_Long_Reorientation/book_content.txt	path|route	timeline|relationships|scenes|quests|world	implemented_reference_map	reference_extracted_pending_domain_review
WDM-ROUTE-008520232a01	route	"New Daily Route
target"	canon/canonical_story_tree/all_25_books_latest_full_cycle.txt|canon/canonical_story_tree/books/Book_14_The_Long_Reorientation/book_content.txt	path|route	timeline|relationships|scenes|quests|world	implemented_reference_map	reference_extracted_pending_domain_review
WDM-ROUTE-cbe456327c3d	route	S085 The-Household-Finally-Builds-a-Daily-Path-That-Belongs-to-the-New-World-State	canon/canonical_story_tree/all_25_books_latest_full_cycle.txt|canon/canonical_story_tree/books/Book_14_The_Long_Reorientation/book_content.txt	path|route	timeline|relationships|scenes|quests|world	implemented_reference_map	reference_extracted_pending_domain_review
WDM-ROUTE-a9cbc287162c	route	Reorientation becomes routine	canon/canonical_story_tree/all_25_books_latest_full_cycle.txt|canon/canonical_story_tree/books/Book_14_The_Long_Reorientation/book_content.txt	path|route	timeline|relationships|scenes|quests|world	implemented_reference_map	reference_extracted_pending_domain_review
WDM-ROUTE-c4b0f2dc0642	route	S086 Pip-Feels-the-Relief-and-Grief-of-Having-a-New-Normal	canon/canonical_story_tree/all_25_books_latest_full_cycle.txt|canon/canonical_story_tree/books/Book_14_The_Long_Reorientation/book_content.txt	path|route	timeline|relationships|scenes|quests|world	implemented_reference_map	reference_extracted_pending_domain_review
WDM-ROUTE-def65eccd6af	route	S038 Pip-Feels-the-New-Gravity-of-Mack-Rylos-and-the-Dogs-Differently	canon/canonical_story_tree/all_25_books_latest_full_cycle.txt|canon/canonical_story_tree/books/Book_14_The_Long_Reorientation/book_content.txt	path	timeline|relationships|scenes|quests|world	implemented_reference_map	reference_extracted_pending_domain_review
WDM-ROUTE-aca458b1e7e2	route	Emotional geometry deepens	canon/canonical_story_tree/all_25_books_latest_full_cycle.txt|canon/canonical_story_tree/books/Book_14_The_Long_Reorientation/book_content.txt	path	timeline|relationships|scenes|quests|world	implemented_reference_map	reference_extracted_pending_domain_review
WDM-ROUTE-946eaae31ea1	route	S039 Rylos-Reads-That-Orbit-Is-Not-Only-Feeling-But-Function	canon/canonical_story_tree/all_25_books_latest_full_cycle.txt|canon/canonical_story_tree/books/Book_14_The_Long_Reorientation/book_content.txt	path	timeline|relationships|scenes|quests|world	implemented_reference_map	reference_extracted_pending_domain_review
WDM-ROUTE-9c010eff044d	route	Practical relationship truth enters	canon/canonical_story_tree/all_25_books_latest_full_cycle.txt|canon/canonical_story_tree/books/Book_14_The_Long_Reorientation/book_content.txt	path	timeline|relationships|scenes|quests|world	implemented_reference_map	reference_extracted_pending_domain_review
WDM-ROUTE-46cdada8bb7e	route	S040 Mack-Grows-Curved-Paths-and-Wider-Nodes-of-Gathering-from-the-Earth	canon/canonical_story_tree/all_25_books_latest_full_cycle.txt|canon/canonical_story_tree/books/Book_14_The_Long_Reorientation/book_content.txt	path	timeline|relationships|scenes|quests|world	implemented_reference_map	reference_extracted_pending_domain_review
WDM-ROUTE-101a40ef493c	route	The land becomes orbit architecture	canon/canonical_story_tree/all_25_books_latest_full_cycle.txt|canon/canonical_story_tree/books/Book_14_The_Long_Reorientation/book_content.txt	path	timeline|relationships|scenes|quests|world	implemented_reference_map	reference_extracted_pending_domain_review
WDM-ROUTE-ca8d816b7e18	route	S041 The-Sanctuary-Acts-Like-a-Living-Lattice-of-Relation	canon/canonical_story_tree/all_25_books_latest_full_cycle.txt|canon/canonical_story_tree/books/Book_14_The_Long_Reorientation/book_content.txt	path	timeline|relationships|scenes|quests|world	implemented_reference_map	reference_extracted_pending_domain_review
WDM-ROUTE-7a9d668728b3	route	S042 Daisy-May-and-Majeski-Hold-Silent-Constancy-Within-the-New-Pattern	canon/canonical_story_tree/all_25_books_latest_full_cycle.txt|canon/canonical_story_tree/books/Book_14_The_Long_Reorientation/book_content.txt	path	timeline|relationships|scenes|quests|world	implemented_reference_map	reference_extracted_pending_domain_review
WDM-ROUTE-28ac7a32e87d	route	S087 Rylos-Reads-That-Routine-Is-Not-Small-When-It-Is-Hard-Won	canon/canonical_story_tree/all_25_books_latest_full_cycle.txt|canon/canonical_story_tree/books/Book_14_The_Long_Reorientation/book_content.txt	path	timeline|relationships|scenes|quests|world	implemented_reference_map	reference_extracted_pending_domain_review
WDM-ROUTE-ff69d5395be1	route	Practical truth remains load-bearing	canon/canonical_story_tree/all_25_books_latest_full_cycle.txt|canon/canonical_story_tree/books/Book_14_The_Long_Reorientation/book_content.txt	path	timeline|relationships|scenes|quests|world	implemented_reference_map	reference_extracted_pending_domain_review
WDM-ROUTE-610f6fa562a0	route	S088 Mack-Raises-the-Path-From-the-Earth-in-a-Curve-That-Fits-the-New-Orbit	canon/canonical_story_tree/all_25_books_latest_full_cycle.txt|canon/canonical_story_tree/books/Book_14_The_Long_Reorientation/book_content.txt	path	timeline|relationships|scenes|quests|world	implemented_reference_map	reference_extracted_pending_domain_review
WDM-ROUTE-d505dca2b636	route	S089 The-Sanctuary-Acts-Like-a-Living-City-of-Relation	canon/canonical_story_tree/all_25_books_latest_full_cycle.txt|canon/canonical_story_tree/books/Book_14_The_Long_Reorientation/book_content.txt	path	timeline|relationships|scenes|quests|world	implemented_reference_map	reference_extracted_pending_domain_review
WDM-ROUTE-e41de7002e5c	route	S090 Pip-Does-Not-Mistake-New-Routine-for-End-of-Story	canon/canonical_story_tree/all_25_books_latest_full_cycle.txt|canon/canonical_story_tree/books/Book_14_The_Long_Reorientation/book_content.txt	path	timeline|relationships|scenes|quests|world	implemented_reference_map	reference_extracted_pending_domain_review
WDM-ROUTE-91b3462bc606	route	rather than duplicate anchor	canon/canonical_story_tree/all_25_books_latest_full_cycle.txt|canon/canonical_story_tree/books/Book_15_Suffocating_In_Silence/book_content.txt	route	timeline|relationships|scenes|quests|world	implemented_reference_map	reference_extracted_pending_domain_review
WDM-ROUTE-c01b249100aa	route	B15	canon/canonical_story_tree/all_25_books_latest_full_cycle.txt|canon/canonical_story_tree/books/Book_15_Suffocating_In_Silence/book_content.txt	route	timeline|relationships|scenes|quests|world	implemented_reference_map	reference_extracted_pending_domain_review
WDM-ROUTE-e1c4c922a964	route	Memory	canon/canonical_story_tree/all_25_books_latest_full_cycle.txt|canon/canonical_story_tree/books/Book_15_Suffocating_In_Silence/book_content.txt	route	timeline|relationships|scenes|quests|world	implemented_reference_map	reference_extracted_pending_domain_review
WDM-ROUTE-468d4ccaff43	route	"Guidance
Function"	canon/canonical_story_tree/all_25_books_latest_full_cycle.txt|canon/canonical_story_tree/books/Book_15_Suffocating_In_Silence/book_content.txt	route	timeline|relationships|scenes|quests|world	implemented_reference_map	reference_extracted_pending_domain_review
WDM-ROUTE-c2eb8314f60d	route	Xethrolund supports the descent by	canon/canonical_story_tree/all_25_books_latest_full_cycle.txt|canon/canonical_story_tree/books/Book_15_Suffocating_In_Silence/book_content.txt	route	timeline|relationships|scenes|quests|world	implemented_reference_map	reference_extracted_pending_domain_review
WDM-ROUTE-5885e7950c8e	route	helping Pip read pattern	canon/canonical_story_tree/all_25_books_latest_full_cycle.txt|canon/canonical_story_tree/books/Book_15_Suffocating_In_Silence/book_content.txt	route	timeline|relationships|scenes|quests|world	implemented_reference_map	reference_extracted_pending_domain_review
WDM-ROUTE-d8e51d307e1e	route	archive	canon/canonical_story_tree/all_25_books_latest_full_cycle.txt|canon/canonical_story_tree/books/Book_15_Suffocating_In_Silence/book_content.txt|canon/canonical_story_tree/books/Book_18_Strange_Gravity/book_content.txt|canon/canonical_story_tree/world/wowas_world_zone_map.json	road|route	timeline|relationships|scenes|quests|world	implemented_reference_map	reference_extracted_pending_domain_review
WDM-ROUTE-c83e6270d386	route	and risk without stripping mystery	canon/canonical_story_tree/all_25_books_latest_full_cycle.txt|canon/canonical_story_tree/books/Book_15_Suffocating_In_Silence/book_content.txt	route	timeline|relationships|scenes|quests|world	implemented_reference_map	reference_extracted_pending_domain_review
WDM-ROUTE-7d75783a3cc9	route	from the route	canon/canonical_story_tree/all_25_books_latest_full_cycle.txt|canon/canonical_story_tree/books/Book_15_Suffocating_In_Silence/book_content.txt	route	timeline|relationships|scenes|quests|world	implemented_reference_map	reference_extracted_pending_domain_review
WDM-ROUTE-84936d6b155f	route	Required truths	canon/canonical_story_tree/all_25_books_latest_full_cycle.txt|canon/canonical_story_tree/books/Book_15_Suffocating_In_Silence/book_content.txt|canon/canonical_story_tree/books/Book_17_Black_Heart_Scar/book_content.txt|canon/canonical_story_tree/books/Book_18_Strange_Gravity/book_content.txt|canon/canonical_story_tree/books/Book_21_The_Final_Descent/book_content.txt|canon/canonical_story_tree/books/Book_25_Death_Is_Rebirth/book_content.txt	corridor|crossing|path|road|route	timeline|relationships|scenes|quests|world	implemented_reference_map	reference_extracted_pending_domain_review
WDM-ROUTE-da700159ec1e	route	he remains clarity	canon/canonical_story_tree/all_25_books_latest_full_cycle.txt|canon/canonical_story_tree/books/Book_15_Suffocating_In_Silence/book_content.txt	route	timeline|relationships|scenes|quests|world	implemented_reference_map	reference_extracted_pending_domain_review
WDM-ROUTE-04c1326c3793	route	not solution-machine	canon/canonical_story_tree/all_25_books_latest_full_cycle.txt|canon/canonical_story_tree/books/Book_15_Suffocating_In_Silence/book_content.txt	route	timeline|relationships|scenes|quests|world	implemented_reference_map	reference_extracted_pending_domain_review
WDM-ROUTE-a2091f3f1eef	route	Pip chooses	canon/canonical_story_tree/all_25_books_latest_full_cycle.txt|canon/canonical_story_tree/books/Book_15_Suffocating_In_Silence/book_content.txt	route	timeline|relationships|scenes|quests|world	implemented_reference_map	reference_extracted_pending_domain_review
WDM-ROUTE-4f53c89eaf5e	route	Xethrolund steadies	canon/canonical_story_tree/all_25_books_latest_full_cycle.txt|canon/canonical_story_tree/books/Book_15_Suffocating_In_Silence/book_content.txt	route	timeline|relationships|scenes|quests|world	implemented_reference_map	reference_extracted_pending_domain_review
WDM-ROUTE-f4cc00a8262e	route	one faint Ursula mineral cue	canon/canonical_story_tree/all_25_books_latest_full_cycle.txt|canon/canonical_story_tree/books/Book_15_Suffocating_In_Silence/book_content.txt	route	timeline|relationships|scenes|quests|world	implemented_reference_map	reference_extracted_pending_domain_review
WDM-ROUTE-9607ffde6645	route	may echo underfoot	canon/canonical_story_tree/all_25_books_latest_full_cycle.txt|canon/canonical_story_tree/books/Book_15_Suffocating_In_Silence/book_content.txt	route	timeline|relationships|scenes|quests|world	implemented_reference_map	reference_extracted_pending_domain_review
WDM-ROUTE-78144806236e	route	but not yet resolve into	canon/canonical_story_tree/all_25_books_latest_full_cycle.txt|canon/canonical_story_tree/books/Book_15_Suffocating_In_Silence/book_content.txt	route	timeline|relationships|scenes|quests|world	implemented_reference_map	reference_extracted_pending_domain_review
WDM-ROUTE-4e7fec89be61	route	speech	canon/canonical_story_tree/all_25_books_latest_full_cycle.txt|canon/canonical_story_tree/books/Book_15_Suffocating_In_Silence/book_content.txt	route	timeline|relationships|scenes|quests|world	implemented_reference_map	reference_extracted_pending_domain_review
WDM-ROUTE-471b130f6f8e	route	S038 Pip-Feels-How-Hard-It-Is-to-Move-Normally-When-Truth-Is-Held-Back	canon/canonical_story_tree/all_25_books_latest_full_cycle.txt|canon/canonical_story_tree/books/Book_15_Suffocating_In_Silence/book_content.txt	path|road	timeline|relationships|scenes|quests|world	implemented_reference_map	reference_extracted_pending_domain_review
WDM-ROUTE-e3b891e659eb	route	S039 Rylos-Reads-Where-the-Compression-Is-Worst	canon/canonical_story_tree/all_25_books_latest_full_cycle.txt|canon/canonical_story_tree/books/Book_15_Suffocating_In_Silence/book_content.txt	path|road	timeline|relationships|scenes|quests|world	implemented_reference_map	reference_extracted_pending_domain_review
WDM-ROUTE-44c19d6666c2	route	Practical clarity remains crucial	canon/canonical_story_tree/all_25_books_latest_full_cycle.txt|canon/canonical_story_tree/books/Book_15_Suffocating_In_Silence/book_content.txt|canon/canonical_story_tree/books/Book_16_The_Deepening_World/book_content.txt|canon/canonical_story_tree/books/Book_17_Black_Heart_Scar/book_content.txt|canon/canonical_story_tree/books/Book_18_Strange_Gravity/book_content.txt|canon/canonical_story_tree/books/Book_19_The_Cracking_Core/book_content.txt|canon/canonical_story_tree/books/Book_20_The_Beforemath/book_content.txt|canon/canonical_story_tree/books/Book_21_The_Final_Descent/book_content.txt|canon/canonical_story_tree/books/Book_22_The_Last_Open_Gate/book_content.txt|canon/canonical_story_tree/books/Book_23_The_Final_Resonance/book_content.txt|canon/canonical_story_tree/books/Book_24_Born_To_Die/book_content.txt|canon/canonical_story_tree/books/Book_25_Death_Is_Rebirth/book_content.txt	corridor|crossing|path|road|route	timeline|relationships|scenes|quests|world	implemented_reference_map	reference_extracted_pending_domain_review
WDM-ROUTE-826bb9684952	route	S040 Mack-Grows-Broader-Paths-Lower-Ceilings-and-Breathing-Spaces-Out-of-the-Earth	canon/canonical_story_tree/all_25_books_latest_full_cycle.txt|canon/canonical_story_tree/books/Book_15_Suffocating_In_Silence/book_content.txt	path|road	timeline|relationships|scenes|quests|world	implemented_reference_map	reference_extracted_pending_domain_review
WDM-ROUTE-6096bccff43b	route	Life magic remains emotionally architectural	canon/canonical_story_tree/all_25_books_latest_full_cycle.txt|canon/canonical_story_tree/books/Book_15_Suffocating_In_Silence/book_content.txt	path|road	timeline|relationships|scenes|quests|world	implemented_reference_map	reference_extracted_pending_domain_review
WDM-ROUTE-7b198571f778	route	S041 The-Sanctuary-Tries-to-Give-the-Household-Room-They-Are-Not-Giving-Themselves	canon/canonical_story_tree/all_25_books_latest_full_cycle.txt|canon/canonical_story_tree/books/Book_15_Suffocating_In_Silence/book_content.txt	path|road	timeline|relationships|scenes|quests|world	implemented_reference_map	reference_extracted_pending_domain_review
WDM-ROUTE-6a8d3d4daca8	route	S004 Mack-Booming-Voice-Cuts-Through-a-Landscape-Holding-Itself-Too-Tight	canon/canonical_story_tree/all_25_books_latest_full_cycle.txt|canon/canonical_story_tree/books/Book_15_Suffocating_In_Silence/book_content.txt	path	timeline|relationships|scenes|quests|world	implemented_reference_map	reference_extracted_pending_domain_review
WDM-ROUTE-f34dca33ea48	route	The vast willow remains present	canon/canonical_story_tree/all_25_books_latest_full_cycle.txt|canon/canonical_story_tree/books/Book_15_Suffocating_In_Silence/book_content.txt|canon/canonical_story_tree/books/Book_16_The_Deepening_World/book_content.txt|canon/canonical_story_tree/books/Book_17_Black_Heart_Scar/book_content.txt|canon/canonical_story_tree/books/Book_20_The_Beforemath/book_content.txt|canon/canonical_story_tree/books/Book_21_The_Final_Descent/book_content.txt|canon/canonical_story_tree/books/Book_22_The_Last_Open_Gate/book_content.txt|canon/canonical_story_tree/books/Book_23_The_Final_Resonance/book_content.txt|canon/canonical_story_tree/books/Book_24_Born_To_Die/book_content.txt|canon/canonical_story_tree/books/Book_25_Death_Is_Rebirth/book_content.txt	corridor|crossing|path|route	timeline|relationships|scenes|quests|world	implemented_reference_map	reference_extracted_pending_domain_review
WDM-ROUTE-83b7b6064666	route	through the constricted field	canon/canonical_story_tree/all_25_books_latest_full_cycle.txt|canon/canonical_story_tree/books/Book_15_Suffocating_In_Silence/book_content.txt	path	timeline|relationships|scenes|quests|world	implemented_reference_map	reference_extracted_pending_domain_review
WDM-ROUTE-019c604c1a1d	route	S005 The-Ground-Grows-Narrow-Paths-and-Closed-Hollows-As-If-Breathing-Harder	canon/canonical_story_tree/all_25_books_latest_full_cycle.txt|canon/canonical_story_tree/books/Book_15_Suffocating_In_Silence/book_content.txt	path	timeline|relationships|scenes|quests|world	implemented_reference_map	reference_extracted_pending_domain_review
WDM-ROUTE-08e9fff74a79	route	Life magic mirrors emotional suffocation	canon/canonical_story_tree/all_25_books_latest_full_cycle.txt|canon/canonical_story_tree/books/Book_15_Suffocating_In_Silence/book_content.txt	path	timeline|relationships|scenes|quests|world	implemented_reference_map	reference_extracted_pending_domain_review
WDM-ROUTE-d678a1cca35a	route	S006 Pip-Understands-That-Quiet-Can-Harm-When-It-Hides-Truth	canon/canonical_story_tree/all_25_books_latest_full_cycle.txt|canon/canonical_story_tree/books/Book_15_Suffocating_In_Silence/book_content.txt	path	timeline|relationships|scenes|quests|world	implemented_reference_map	reference_extracted_pending_domain_review
WDM-ROUTE-7b4a29793cb9	route	Mature growth continues	canon/canonical_story_tree/all_25_books_latest_full_cycle.txt|canon/canonical_story_tree/books/Book_15_Suffocating_In_Silence/book_content.txt	path	timeline|relationships|scenes|quests|world	implemented_reference_map	reference_extracted_pending_domain_review
WDM-ROUTE-a8b6da228774	route	S007 Rylos-Refuses-to-Let-Him-Call-Silence-Beautiful-If-It-Is-Crushing-Them	canon/canonical_story_tree/all_25_books_latest_full_cycle.txt|canon/canonical_story_tree/books/Book_15_Suffocating_In_Silence/book_content.txt	path	timeline|relationships|scenes|quests|world	implemented_reference_map	reference_extracted_pending_domain_review
WDM-ROUTE-553741f5a31b	route	Her truth stays explicit	canon/canonical_story_tree/all_25_books_latest_full_cycle.txt|canon/canonical_story_tree/books/Book_15_Suffocating_In_Silence/book_content.txt	path	timeline|relationships|scenes|quests|world	implemented_reference_map	reference_extracted_pending_domain_review
WDM-ROUTE-8af540557998	route	S075 Majeski-Remains-Her-Son-and-Fellow-Living-Presence	canon/canonical_story_tree/all_25_books_latest_full_cycle.txt|canon/canonical_story_tree/books/Book_15_Suffocating_In_Silence/book_content.txt	path	timeline|relationships|scenes|quests|world	implemented_reference_map	reference_extracted_pending_domain_review
WDM-ROUTE-9491003c9ccc	route	Relationship truth remains intact	canon/canonical_story_tree/all_25_books_latest_full_cycle.txt|canon/canonical_story_tree/books/Book_15_Suffocating_In_Silence/book_content.txt	path	timeline|relationships|scenes|quests|world	implemented_reference_map	reference_extracted_pending_domain_review
WDM-ROUTE-023b9814bd7e	route	S076 Pip-Feels-How-Important-It-Is-That-Their-Silence-Is-Truthful-Not-Pathological	canon/canonical_story_tree/all_25_books_latest_full_cycle.txt|canon/canonical_story_tree/books/Book_15_Suffocating_In_Silence/book_content.txt	path	timeline|relationships|scenes|quests|world	implemented_reference_map	reference_extracted_pending_domain_review
WDM-ROUTE-b3e54c4c2a60	route	Emotional understanding deepens	canon/canonical_story_tree/all_25_books_latest_full_cycle.txt|canon/canonical_story_tree/books/Book_15_Suffocating_In_Silence/book_content.txt	path	timeline|relationships|scenes|quests|world	implemented_reference_map	reference_extracted_pending_domain_review
WDM-ROUTE-db6a722bbd7c	route	S077 Rylos-Understands-That-Their-Way-of-Being-Is-Not-the-Same-as-the-Households-Harmful-Concealment	canon/canonical_story_tree/all_25_books_latest_full_cycle.txt|canon/canonical_story_tree/books/Book_15_Suffocating_In_Silence/book_content.txt	path	timeline|relationships|scenes|quests|world	implemented_reference_map	reference_extracted_pending_domain_review
WDM-ROUTE-23aa848854ef	route	Important clarification	canon/canonical_story_tree/all_25_books_latest_full_cycle.txt|canon/canonical_story_tree/books/Book_15_Suffocating_In_Silence/book_content.txt	path	timeline|relationships|scenes|quests|world	implemented_reference_map	reference_extracted_pending_domain_review
WDM-ROUTE-8ec366ce1994	route	S078 Mack-Grows-Sheltered-Low-Paths-and-Resting-Hollows-For-Them-Without-Humanizing-Them	canon/canonical_story_tree/all_25_books_latest_full_cycle.txt|canon/canonical_story_tree/books/Book_15_Suffocating_In_Silence/book_content.txt	path	timeline|relationships|scenes|quests|world	implemented_reference_map	reference_extracted_pending_domain_review
WDM-ROUTE-a1c300a4c250	route	S079 The-Sanctuary-Honors-Them-With-Space-Not-Speech	canon/canonical_story_tree/all_25_books_latest_full_cycle.txt|canon/canonical_story_tree/books/Book_15_Suffocating_In_Silence/book_content.txt|canon/canonical_story_tree/books/Book_18_Strange_Gravity/book_content.txt|canon/canonical_story_tree/books/Book_20_The_Beforemath/book_content.txt	path|road	timeline|relationships|scenes|quests|world	implemented_reference_map	reference_extracted_pending_domain_review
WDM-ROUTE-a4824c5daeb2	route	Setting truth remains good	canon/canonical_story_tree/all_25_books_latest_full_cycle.txt|canon/canonical_story_tree/books/Book_15_Suffocating_In_Silence/book_content.txt|canon/canonical_story_tree/books/Book_18_Strange_Gravity/book_content.txt|canon/canonical_story_tree/books/Book_20_The_Beforemath/book_content.txt	path|road	timeline|relationships|scenes|quests|world	implemented_reference_map	reference_extracted_pending_domain_review
WDM-ROUTE-7931e9ec9b2e	route	S080 Daisy-May-Never-Speaks	canon/canonical_story_tree/all_25_books_latest_full_cycle.txt|canon/canonical_story_tree/books/Book_15_Suffocating_In_Silence/book_content.txt|canon/canonical_story_tree/books/Book_18_Strange_Gravity/book_content.txt|canon/canonical_story_tree/books/Book_20_The_Beforemath/book_content.txt	path	timeline|relationships|scenes|quests|world	implemented_reference_map	reference_extracted_pending_domain_review
WDM-ROUTE-afd180dde6c3	route	S096 The-Beat-Ends-with-the-Outer-Reach-Underway	canon/canonical_story_tree/all_25_books_latest_full_cycle.txt|canon/canonical_story_tree/books/Book_16_The_Deepening_World/book_content.txt	road	timeline|relationships|scenes|quests|world	implemented_reference_map	reference_extracted_pending_domain_review
WDM-ROUTE-8d5c799ff291	route	gains forward motion	canon/canonical_story_tree/all_25_books_latest_full_cycle.txt|canon/canonical_story_tree/books/Book_16_The_Deepening_World/book_content.txt	road	timeline|relationships|scenes|quests|world	implemented_reference_map	reference_extracted_pending_domain_review
WDM-ROUTE-e417c88a4e30	route	B16	canon/canonical_story_tree/all_25_books_latest_full_cycle.txt|canon/canonical_story_tree/books/Book_16_The_Deepening_World/book_content.txt	road	timeline|relationships|scenes|quests|world	implemented_reference_map	reference_extracted_pending_domain_review
WDM-ROUTE-e6bc7212ff45	route	What Deepening Demands of Love	canon/canonical_story_tree/all_25_books_latest_full_cycle.txt|canon/canonical_story_tree/books/Book_16_The_Deepening_World/book_content.txt	road	timeline|relationships|scenes|quests|world	implemented_reference_map	reference_extracted_pending_domain_review
WDM-ROUTE-81618811ec51	route	S097 The-Larger-World-Forces-the-Pair-to-Reckon-With-Broader-Forms-of-Loyalty	canon/canonical_story_tree/all_25_books_latest_full_cycle.txt|canon/canonical_story_tree/books/Book_16_The_Deepening_World/book_content.txt	road	timeline|relationships|scenes|quests|world	implemented_reference_map	reference_extracted_pending_domain_review
WDM-ROUTE-4c6be0753098	route	Relational stakes deepen	canon/canonical_story_tree/all_25_books_latest_full_cycle.txt|canon/canonical_story_tree/books/Book_16_The_Deepening_World/book_content.txt	road	timeline|relationships|scenes|quests|world	implemented_reference_map	reference_extracted_pending_domain_review
WDM-ROUTE-7b70d9896b7d	route	S098 Pip-Feels-How-Scale-Changes-What-It-Means-to-Stay-With-Someone	canon/canonical_story_tree/all_25_books_latest_full_cycle.txt|canon/canonical_story_tree/books/Book_16_The_Deepening_World/book_content.txt	road	timeline|relationships|scenes|quests|world	implemented_reference_map	reference_extracted_pending_domain_review
WDM-ROUTE-662511a2d0c4	route	Emotional growth continues	canon/canonical_story_tree/all_25_books_latest_full_cycle.txt|canon/canonical_story_tree/books/Book_16_The_Deepening_World/book_content.txt|canon/canonical_story_tree/books/Book_18_Strange_Gravity/book_content.txt	road	timeline|relationships|scenes|quests|world	implemented_reference_map	reference_extracted_pending_domain_review
WDM-ROUTE-af8bbff51521	route	S099 Rylos-Frames-Love-As-Something-That-Must-Scale-Cleanly-Or-Break	canon/canonical_story_tree/all_25_books_latest_full_cycle.txt|canon/canonical_story_tree/books/Book_16_The_Deepening_World/book_content.txt	road	timeline|relationships|scenes|quests|world	implemented_reference_map	reference_extracted_pending_domain_review
WDM-ROUTE-ac67c792ace3	route	Discernment remains load-bearing	canon/canonical_story_tree/all_25_books_latest_full_cycle.txt|canon/canonical_story_tree/books/Book_16_The_Deepening_World/book_content.txt|canon/canonical_story_tree/books/Book_18_Strange_Gravity/book_content.txt	path	timeline|relationships|scenes|quests|world	implemented_reference_map	reference_extracted_pending_domain_review
WDM-ROUTE-9c606739af8f	route	S004 Mack-Booming-Voice-Rolls-Across-Newly-Shaped-Distances-in-the-Sanctuary	canon/canonical_story_tree/all_25_books_latest_full_cycle.txt|canon/canonical_story_tree/books/Book_16_The_Deepening_World/book_content.txt	path	timeline|relationships|scenes|quests|world	implemented_reference_map	reference_extracted_pending_domain_review
WDM-ROUTE-b1668707cfe8	route	through scaled terrain	canon/canonical_story_tree/all_25_books_latest_full_cycle.txt|canon/canonical_story_tree/books/Book_16_The_Deepening_World/book_content.txt	path	timeline|relationships|scenes|quests|world	implemented_reference_map	reference_extracted_pending_domain_review
WDM-ROUTE-45a427104a62	route	S005 Rootways-Grottos-Paths-and-Lifted-Ridges-Now-Span-More-Than-Before	canon/canonical_story_tree/all_25_books_latest_full_cycle.txt|canon/canonical_story_tree/books/Book_16_The_Deepening_World/book_content.txt	path	timeline|relationships|scenes|quests|world	implemented_reference_map	reference_extracted_pending_domain_review
WDM-ROUTE-17f7f9504031	route	Life magic expands with world-state	canon/canonical_story_tree/all_25_books_latest_full_cycle.txt|canon/canonical_story_tree/books/Book_16_The_Deepening_World/book_content.txt	path	timeline|relationships|scenes|quests|world	implemented_reference_map	reference_extracted_pending_domain_review
WDM-ROUTE-2cd17666209d	route	S006 Pip-Understands-That-A-Deeper-World-Requires-Deeper-Reading	canon/canonical_story_tree/all_25_books_latest_full_cycle.txt|canon/canonical_story_tree/books/Book_16_The_Deepening_World/book_content.txt	path	timeline|relationships|scenes|quests|world	implemented_reference_map	reference_extracted_pending_domain_review
WDM-ROUTE-c92f7f35ceae	route	Serious growth note	canon/canonical_story_tree/all_25_books_latest_full_cycle.txt|canon/canonical_story_tree/books/Book_16_The_Deepening_World/book_content.txt|canon/canonical_story_tree/books/Book_17_Black_Heart_Scar/book_content.txt	corridor|path	timeline|relationships|scenes|quests|world	implemented_reference_map	reference_extracted_pending_domain_review
WDM-ROUTE-9b09c3b54906	route	S007 Rylos-Refuses-to-Let-Him-Treat-Scale-As-Only-Adventure	canon/canonical_story_tree/all_25_books_latest_full_cycle.txt|canon/canonical_story_tree/books/Book_16_The_Deepening_World/book_content.txt	path	timeline|relationships|scenes|quests|world	implemented_reference_map	reference_extracted_pending_domain_review
WDM-ROUTE-8b79ed5e4e19	route	S039 Rylos-Reads-Where-Expansion-Requires-New-Role-Distribution	canon/canonical_story_tree/all_25_books_latest_full_cycle.txt|canon/canonical_story_tree/books/Book_16_The_Deepening_World/book_content.txt	path	timeline|relationships|scenes|quests|world	implemented_reference_map	reference_extracted_pending_domain_review
WDM-ROUTE-b2f20e5047e3	route	S040 Mack-Grows-New-Gathering-Spaces-Wayside-Hollows-and-Connecting-Paths	canon/canonical_story_tree/all_25_books_latest_full_cycle.txt|canon/canonical_story_tree/books/Book_16_The_Deepening_World/book_content.txt	path	timeline|relationships|scenes|quests|world	implemented_reference_map	reference_extracted_pending_domain_review
WDM-ROUTE-a35c09922d40	route	Life magic remains central and	canon/canonical_story_tree/all_25_books_latest_full_cycle.txt|canon/canonical_story_tree/books/Book_16_The_Deepening_World/book_content.txt|canon/canonical_story_tree/books/Book_17_Black_Heart_Scar/book_content.txt|canon/canonical_story_tree/books/Book_18_Strange_Gravity/book_content.txt|canon/canonical_story_tree/books/Book_19_The_Cracking_Core/book_content.txt|canon/canonical_story_tree/books/Book_20_The_Beforemath/book_content.txt|canon/canonical_story_tree/books/Book_22_The_Last_Open_Gate/book_content.txt|canon/canonical_story_tree/books/Book_23_The_Final_Resonance/book_content.txt|canon/canonical_story_tree/books/Book_24_Born_To_Die/book_content.txt|canon/canonical_story_tree/books/Book_25_Death_Is_Rebirth/book_content.txt	corridor|path|road	timeline|relationships|scenes|quests|world	implemented_reference_map	reference_extracted_pending_domain_review
WDM-ROUTE-30babd80fb1a	route	S041 The-Sanctuary-Becomes-a-Living-Network-Not-Only-a-Hearth	canon/canonical_story_tree/all_25_books_latest_full_cycle.txt|canon/canonical_story_tree/books/Book_16_The_Deepening_World/book_content.txt	path	timeline|relationships|scenes|quests|world	implemented_reference_map	reference_extracted_pending_domain_review
WDM-ROUTE-99ae231d7df8	route	S042 Daisy-May-and-Majeski-Hold-the-Household-Center-As-the-Edges-Expand	canon/canonical_story_tree/all_25_books_latest_full_cycle.txt|canon/canonical_story_tree/books/Book_16_The_Deepening_World/book_content.txt	path	timeline|relationships|scenes|quests|world	implemented_reference_map	reference_extracted_pending_domain_review
WDM-ROUTE-fedfe86bd161	route	S086 Pip-Feels-the-Fear-and-Necessity-of-It-Together	canon/canonical_story_tree/all_25_books_latest_full_cycle.txt|canon/canonical_story_tree/books/Book_16_The_Deepening_World/book_content.txt	path	timeline|relationships|scenes|quests|world	implemented_reference_map	reference_extracted_pending_domain_review
WDM-ROUTE-10f0258ef853	route	S087 Rylos-Reads-the-Line-They-Can-Actually-Hold	canon/canonical_story_tree/all_25_books_latest_full_cycle.txt|canon/canonical_story_tree/books/Book_16_The_Deepening_World/book_content.txt	path	timeline|relationships|scenes|quests|world	implemented_reference_map	reference_extracted_pending_domain_review
WDM-ROUTE-add152cf9195	route	S088 Mack-Raises-Longer-Pathways-And-Wider-Land-Bridges-From-the-Earth	canon/canonical_story_tree/all_25_books_latest_full_cycle.txt|canon/canonical_story_tree/books/Book_16_The_Deepening_World/book_content.txt	path	timeline|relationships|scenes|quests|world	implemented_reference_map	reference_extracted_pending_domain_review
WDM-ROUTE-9ad2a4e288d6	route	S089 The-Sanctuary-Acts-Like-a-Living-Origin-Point-for-Exploration	canon/canonical_story_tree/all_25_books_latest_full_cycle.txt|canon/canonical_story_tree/books/Book_16_The_Deepening_World/book_content.txt	path	timeline|relationships|scenes|quests|world	implemented_reference_map	reference_extracted_pending_domain_review
WDM-ROUTE-c1a88a98ffb8	route	S090 Pip-Does-Not-Assume-Outer-Reach-Means-Control	canon/canonical_story_tree/all_25_books_latest_full_cycle.txt|canon/canonical_story_tree/books/Book_16_The_Deepening_World/book_content.txt	path	timeline|relationships|scenes|quests|world	implemented_reference_map	reference_extracted_pending_domain_review
WDM-ROUTE-f36ff133b3cd	route	S004 Mack-Booming-Voice-Rolls-Through-a-Darker-Terrain-of-Root-and-Shadow	canon/canonical_story_tree/all_25_books_latest_full_cycle.txt|canon/canonical_story_tree/books/Book_17_Black_Heart_Scar/book_content.txt	corridor	timeline|relationships|scenes|quests|world	implemented_reference_map	reference_extracted_pending_domain_review
WDM-ROUTE-d359e407bdbb	route	through severe atmosphere	canon/canonical_story_tree/all_25_books_latest_full_cycle.txt|canon/canonical_story_tree/books/Book_17_Black_Heart_Scar/book_content.txt	corridor	timeline|relationships|scenes|quests|world	implemented_reference_map	reference_extracted_pending_domain_review
WDM-ROUTE-fa441caa631b	route	S005 The-Ground-Grows-Blackened-Edges-and-Protective-Corridors-Out-of-the-Earth	canon/canonical_story_tree/all_25_books_latest_full_cycle.txt|canon/canonical_story_tree/books/Book_17_Black_Heart_Scar/book_content.txt	corridor	timeline|relationships|scenes|quests|world	implemented_reference_map	reference_extracted_pending_domain_review
WDM-ROUTE-62fc45e99058	route	Life magic responds to damaged	canon/canonical_story_tree/all_25_books_latest_full_cycle.txt|canon/canonical_story_tree/books/Book_17_Black_Heart_Scar/book_content.txt	corridor	timeline|relationships|scenes|quests|world	implemented_reference_map	reference_extracted_pending_domain_review
WDM-ROUTE-e1aaf574c41c	route	history	canon/canonical_story_tree/all_25_books_latest_full_cycle.txt|canon/canonical_story_tree/books/Book_17_Black_Heart_Scar/book_content.txt	corridor	timeline|relationships|scenes|quests|world	implemented_reference_map	reference_extracted_pending_domain_review
WDM-ROUTE-402fe8e48227	route	S006 Pip-Understands-That-Old-Hurt-Can-Still-Rule-New-Choices-if-Not-Read	canon/canonical_story_tree/all_25_books_latest_full_cycle.txt|canon/canonical_story_tree/books/Book_17_Black_Heart_Scar/book_content.txt	corridor	timeline|relationships|scenes|quests|world	implemented_reference_map	reference_extracted_pending_domain_review
WDM-ROUTE-e9050cae997d	route	S007 Rylos-Refuses-to-Let-Him-Treat-the-Scar-As-Only-Symbol	canon/canonical_story_tree/all_25_books_latest_full_cycle.txt|canon/canonical_story_tree/books/Book_17_Black_Heart_Scar/book_content.txt	corridor	timeline|relationships|scenes|quests|world	implemented_reference_map	reference_extracted_pending_domain_review
WDM-ROUTE-5a1f765155f5	route	S038 Pip-Feels-the-Dread-of-Entering-What-Was-Already-Hurt-Before-Him	canon/canonical_story_tree/all_25_books_latest_full_cycle.txt|canon/canonical_story_tree/books/Book_17_Black_Heart_Scar/book_content.txt	corridor	timeline|relationships|scenes|quests|world	implemented_reference_map	reference_extracted_pending_domain_review
WDM-ROUTE-39454a993321	route	S039 Rylos-Reads-the-Difference-Between-Immediate-Threat-and-Ancient-Pattern	canon/canonical_story_tree/all_25_books_latest_full_cycle.txt|canon/canonical_story_tree/books/Book_17_Black_Heart_Scar/book_content.txt	corridor	timeline|relationships|scenes|quests|world	implemented_reference_map	reference_extracted_pending_domain_review
WDM-ROUTE-754467359642	route	S040 Mack-Grows-Protective-Corridors-and-Hushed-Grottos-For-Approach	canon/canonical_story_tree/all_25_books_latest_full_cycle.txt|canon/canonical_story_tree/books/Book_17_Black_Heart_Scar/book_content.txt	corridor	timeline|relationships|scenes|quests|world	implemented_reference_map	reference_extracted_pending_domain_review
WDM-ROUTE-df0f2c32e127	route	S041 The-Sanctuary-Becomes-a-Living-Defense-Map-Against-Old-Harm	canon/canonical_story_tree/all_25_books_latest_full_cycle.txt|canon/canonical_story_tree/books/Book_17_Black_Heart_Scar/book_content.txt	corridor	timeline|relationships|scenes|quests|world	implemented_reference_map	reference_extracted_pending_domain_review
WDM-ROUTE-e96bae9c0a5f	route	S042 Daisy-May-and-Majeski-Hold-the-Household-Center-As-the-Darkness-Approaches	canon/canonical_story_tree/all_25_books_latest_full_cycle.txt|canon/canonical_story_tree/books/Book_17_Black_Heart_Scar/book_content.txt	corridor	timeline|relationships|scenes|quests|world	implemented_reference_map	reference_extracted_pending_domain_review
WDM-ROUTE-a170ecf5a131	route	almost overlap without fully becoming	canon/canonical_story_tree/all_25_books_latest_full_cycle.txt|canon/canonical_story_tree/books/Book_17_Black_Heart_Scar/book_content.txt	path	timeline|relationships|scenes|quests|world	implemented_reference_map	reference_extracted_pending_domain_review
WDM-ROUTE-abb22d86a9b6	route	one	canon/canonical_story_tree/all_25_books_latest_full_cycle.txt|canon/canonical_story_tree/books/Book_17_Black_Heart_Scar/book_content.txt	path	timeline|relationships|scenes|quests|world	implemented_reference_map	reference_extracted_pending_domain_review
WDM-ROUTE-b18cf68f9336	route	B17	canon/canonical_story_tree/all_25_books_latest_full_cycle.txt|canon/canonical_story_tree/books/Book_17_Black_Heart_Scar/book_content.txt	path	timeline|relationships|scenes|quests|world	implemented_reference_map	reference_extracted_pending_domain_review
WDM-ROUTE-9ddac9c90b45	route	Boundary	canon/canonical_story_tree/all_25_books_latest_full_cycle.txt|canon/canonical_story_tree/books/Book_17_Black_Heart_Scar/book_content.txt	path	timeline|relationships|scenes|quests|world	implemented_reference_map	reference_extracted_pending_domain_review
WDM-ROUTE-ec75de9e858a	route	"Omen
Function"	canon/canonical_story_tree/all_25_books_latest_full_cycle.txt|canon/canonical_story_tree/books/Book_17_Black_Heart_Scar/book_content.txt	path	timeline|relationships|scenes|quests|world	implemented_reference_map	reference_extracted_pending_domain_review
WDM-ROUTE-eb99294f22b2	route	Daisy May gets	canon/canonical_story_tree/all_25_books_latest_full_cycle.txt|canon/canonical_story_tree/books/Book_17_Black_Heart_Scar/book_content.txt	path	timeline|relationships|scenes|quests|world	implemented_reference_map	reference_extracted_pending_domain_review
WDM-ROUTE-351ef2a3fcd4	route	visible boundary-setting scene that foreshadows	canon/canonical_story_tree/all_25_books_latest_full_cycle.txt|canon/canonical_story_tree/books/Book_17_Black_Heart_Scar/book_content.txt	path	timeline|relationships|scenes|quests|world	implemented_reference_map	reference_extracted_pending_domain_review
WDM-ROUTE-249318f3a051	route	final-return logic	canon/canonical_story_tree/all_25_books_latest_full_cycle.txt|canon/canonical_story_tree/books/Book_17_Black_Heart_Scar/book_content.txt	path	timeline|relationships|scenes|quests|world	implemented_reference_map	reference_extracted_pending_domain_review
WDM-ROUTE-5d5074d78d1b	route	she refuses one path before	canon/canonical_story_tree/all_25_books_latest_full_cycle.txt|canon/canonical_story_tree/books/Book_17_Black_Heart_Scar/book_content.txt	path	timeline|relationships|scenes|quests|world	implemented_reference_map	reference_extracted_pending_domain_review
WDM-ROUTE-2081a43d10b2	route	the group understands why	canon/canonical_story_tree/all_25_books_latest_full_cycle.txt|canon/canonical_story_tree/books/Book_17_Black_Heart_Scar/book_content.txt	path	timeline|relationships|scenes|quests|world	implemented_reference_map	reference_extracted_pending_domain_review
WDM-ROUTE-aba068a83edb	route	this refusal later proves correct	canon/canonical_story_tree/all_25_books_latest_full_cycle.txt|canon/canonical_story_tree/books/Book_17_Black_Heart_Scar/book_content.txt	path	timeline|relationships|scenes|quests|world	implemented_reference_map	reference_extracted_pending_domain_review
WDM-ROUTE-b6c06ab01c0a	route	bodily instinct outruns abstract knowledge	canon/canonical_story_tree/all_25_books_latest_full_cycle.txt|canon/canonical_story_tree/books/Book_17_Black_Heart_Scar/book_content.txt	path	timeline|relationships|scenes|quests|world	implemented_reference_map	reference_extracted_pending_domain_review
WDM-ROUTE-82211ed2ca9e	route	Seeing	canon/canonical_story_tree/all_25_books_latest_full_cycle.txt|canon/canonical_story_tree/books/Book_17_Black_Heart_Scar/book_content.txt	path	timeline|relationships|scenes|quests|world	implemented_reference_map	reference_extracted_pending_domain_review
WDM-ROUTE-688f2629be2a	route	"Fixing
Function"	canon/canonical_story_tree/all_25_books_latest_full_cycle.txt|canon/canonical_story_tree/books/Book_17_Black_Heart_Scar/book_content.txt	path	timeline|relationships|scenes|quests|world	implemented_reference_map	reference_extracted_pending_domain_review
WDM-ROUTE-b58123a6147f	route	FaithFixer sees something he cannot	canon/canonical_story_tree/all_25_books_latest_full_cycle.txt|canon/canonical_story_tree/books/Book_17_Black_Heart_Scar/book_content.txt	path	timeline|relationships|scenes|quests|world	implemented_reference_map	reference_extracted_pending_domain_review
WDM-ROUTE-ec335af9d3bc	route	S014 Pip-Feels-How-Much-of-the-Present-Is-Already-Pre-Bent	canon/canonical_story_tree/all_25_books_latest_full_cycle.txt|canon/canonical_story_tree/books/Book_17_Black_Heart_Scar/book_content.txt	crossing|path	timeline|relationships|scenes|quests|world	implemented_reference_map	reference_extracted_pending_domain_review
WDM-ROUTE-f3848654a251	route	S015 Rylos-Reads-Which-Patterns-Are-Defense-and-Which-Are-Repetition	canon/canonical_story_tree/all_25_books_latest_full_cycle.txt|canon/canonical_story_tree/books/Book_17_Black_Heart_Scar/book_content.txt	crossing|path	timeline|relationships|scenes|quests|world	implemented_reference_map	reference_extracted_pending_domain_review
WDM-ROUTE-563ccb2ed693	route	S016 Mack-Grows-Crossing-Paths-Barrier-Ridges-and-Listening-Hollows-Out-of-the-Ground	canon/canonical_story_tree/all_25_books_latest_full_cycle.txt|canon/canonical_story_tree/books/Book_17_Black_Heart_Scar/book_content.txt	crossing|path	timeline|relationships|scenes|quests|world	implemented_reference_map	reference_extracted_pending_domain_review
WDM-ROUTE-daa7ef826189	route	Terrain becomes moral diagram	canon/canonical_story_tree/all_25_books_latest_full_cycle.txt|canon/canonical_story_tree/books/Book_17_Black_Heart_Scar/book_content.txt	crossing|path	timeline|relationships|scenes|quests|world	implemented_reference_map	reference_extracted_pending_domain_review
WDM-ROUTE-5e775e591750	route	S017 The-Sanctuary-Uses-Living-Form-to-Teach-the-Shape-of-Scarring	canon/canonical_story_tree/all_25_books_latest_full_cycle.txt|canon/canonical_story_tree/books/Book_17_Black_Heart_Scar/book_content.txt	crossing|path	timeline|relationships|scenes|quests|world	implemented_reference_map	reference_extracted_pending_domain_review
WDM-ROUTE-cc13a142f6dd	route	Xethrolund's priorities become legible through	canon/canonical_story_tree/all_25_books_latest_full_cycle.txt|canon/canonical_story_tree/books/Book_18_Strange_Gravity/book_content.txt	path|route	timeline|relationships|scenes|quests|world	implemented_reference_map	reference_extracted_pending_domain_review
WDM-ROUTE-596b007353bd	route	what he saves first	canon/canonical_story_tree/all_25_books_latest_full_cycle.txt|canon/canonical_story_tree/books/Book_18_Strange_Gravity/book_content.txt	path|route	timeline|relationships|scenes|quests|world	implemented_reference_map	reference_extracted_pending_domain_review
WDM-ROUTE-5e2bc48294b0	route	B18	canon/canonical_story_tree/all_25_books_latest_full_cycle.txt|canon/canonical_story_tree/books/Book_18_Strange_Gravity/book_content.txt	path|road|route	timeline|relationships|scenes|quests|world	implemented_reference_map	reference_extracted_pending_domain_review
WDM-ROUTE-2c788f22e20a	route	Broken	canon/canonical_story_tree/all_25_books_latest_full_cycle.txt|canon/canonical_story_tree/books/Book_18_Strange_Gravity/book_content.txt	path|road|route	timeline|relationships|scenes|quests|world	implemented_reference_map	reference_extracted_pending_domain_review
WDM-ROUTE-e5fb0b037ed2	route	"Witnessed
Function"	canon/canonical_story_tree/all_25_books_latest_full_cycle.txt|canon/canonical_story_tree/books/Book_18_Strange_Gravity/book_content.txt	path|route	timeline|relationships|scenes|quests|world	implemented_reference_map	reference_extracted_pending_domain_review
WDM-ROUTE-cc9a5b39c740	route	Boojay's and Cockatrice-linked damage become	canon/canonical_story_tree/all_25_books_latest_full_cycle.txt|canon/canonical_story_tree/books/Book_18_Strange_Gravity/book_content.txt	path|route	timeline|relationships|scenes|quests|world	implemented_reference_map	reference_extracted_pending_domain_review
WDM-ROUTE-e59b68e2769e	route	visible through broken routes	canon/canonical_story_tree/all_25_books_latest_full_cycle.txt|canon/canonical_story_tree/books/Book_18_Strange_Gravity/book_content.txt	path|route	timeline|relationships|scenes|quests|world	implemented_reference_map	reference_extracted_pending_domain_review
WDM-ROUTE-98905a1d7b4e	route	failed paths	canon/canonical_story_tree/all_25_books_latest_full_cycle.txt|canon/canonical_story_tree/books/Book_18_Strange_Gravity/book_content.txt	path|route	timeline|relationships|scenes|quests|world	implemented_reference_map	reference_extracted_pending_domain_review
WDM-ROUTE-ae95da9a6c4e	route	or corrupted continuity	canon/canonical_story_tree/all_25_books_latest_full_cycle.txt|canon/canonical_story_tree/books/Book_18_Strange_Gravity/book_content.txt	path|route	timeline|relationships|scenes|quests|world	implemented_reference_map	reference_extracted_pending_domain_review
WDM-ROUTE-1ddf452eba34	route	Boojay is not reset to	canon/canonical_story_tree/all_25_books_latest_full_cycle.txt|canon/canonical_story_tree/books/Book_18_Strange_Gravity/book_content.txt	path|route	timeline|relationships|scenes|quests|world	implemented_reference_map	reference_extracted_pending_domain_review
WDM-ROUTE-e812035fb41f	route	simple villain repetition	canon/canonical_story_tree/all_25_books_latest_full_cycle.txt|canon/canonical_story_tree/books/Book_18_Strange_Gravity/book_content.txt	path|route	timeline|relationships|scenes|quests|world	implemented_reference_map	reference_extracted_pending_domain_review
WDM-ROUTE-d84b8788d8e8	route	Cockatrice damage survives inside system	canon/canonical_story_tree/all_25_books_latest_full_cycle.txt|canon/canonical_story_tree/books/Book_18_Strange_Gravity/book_content.txt	path|route	timeline|relationships|scenes|quests|world	implemented_reference_map	reference_extracted_pending_domain_review
WDM-ROUTE-6efb80a1f627	route	fractures	canon/canonical_story_tree/all_25_books_latest_full_cycle.txt|canon/canonical_story_tree/books/Book_18_Strange_Gravity/book_content.txt	path|road|route	timeline|relationships|scenes|quests|world	implemented_reference_map	reference_extracted_pending_domain_review
WDM-ROUTE-52608497e82c	route	witness pressure matters more than	canon/canonical_story_tree/all_25_books_latest_full_cycle.txt|canon/canonical_story_tree/books/Book_18_Strange_Gravity/book_content.txt	path|road|route	timeline|relationships|scenes|quests|world	implemented_reference_map	reference_extracted_pending_domain_review
WDM-ROUTE-f4857892312d	route	S010 Pip-Does-Not-Imagine-Sonomancy-Will-Suddenly-Master-Field-Distortion	canon/canonical_story_tree/all_25_books_latest_full_cycle.txt|canon/canonical_story_tree/books/Book_18_Strange_Gravity/book_content.txt	route	timeline|relationships|scenes|quests|world	implemented_reference_map	reference_extracted_pending_domain_review
WDM-ROUTE-7324e96eadce	route	Safeguard remains intact	canon/canonical_story_tree/all_25_books_latest_full_cycle.txt|canon/canonical_story_tree/books/Book_18_Strange_Gravity/book_content.txt|canon/canonical_story_tree/books/Book_21_The_Final_Descent/book_content.txt	route	timeline|relationships|scenes|quests|world	implemented_reference_map	reference_extracted_pending_domain_review
WDM-ROUTE-0a10ea45a13e	route	S011 Mack-Frames-Strange-Gravity-As-a-Reordering-of-Relation-and-Route	canon/canonical_story_tree/all_25_books_latest_full_cycle.txt|canon/canonical_story_tree/books/Book_18_Strange_Gravity/book_content.txt	route	timeline|relationships|scenes|quests|world	implemented_reference_map	reference_extracted_pending_domain_review
WDM-ROUTE-8d09e88afaf0	route	Deity-scale reading enters	canon/canonical_story_tree/all_25_books_latest_full_cycle.txt|canon/canonical_story_tree/books/Book_18_Strange_Gravity/book_content.txt	route	timeline|relationships|scenes|quests|world	implemented_reference_map	reference_extracted_pending_domain_review
WDM-ROUTE-8c802cb380a7	route	S012 The-Beat-Ends-with-the-Gravity-Shift-Classified-Correctly	canon/canonical_story_tree/all_25_books_latest_full_cycle.txt|canon/canonical_story_tree/books/Book_18_Strange_Gravity/book_content.txt	route	timeline|relationships|scenes|quests|world	implemented_reference_map	reference_extracted_pending_domain_review
WDM-ROUTE-22812e93a43f	route	begins under altered-pull law	canon/canonical_story_tree/all_25_books_latest_full_cycle.txt|canon/canonical_story_tree/books/Book_18_Strange_Gravity/book_content.txt	route	timeline|relationships|scenes|quests|world	implemented_reference_map	reference_extracted_pending_domain_review
WDM-ROUTE-050cdf38ad4e	route	What Pulls Hardest Is Not	canon/canonical_story_tree/all_25_books_latest_full_cycle.txt|canon/canonical_story_tree/books/Book_18_Strange_Gravity/book_content.txt	route	timeline|relationships|scenes|quests|world	implemented_reference_map	reference_extracted_pending_domain_review
WDM-ROUTE-6db1f2f87163	route	"Always Visible
target"	canon/canonical_story_tree/all_25_books_latest_full_cycle.txt|canon/canonical_story_tree/books/Book_18_Strange_Gravity/book_content.txt	route	timeline|relationships|scenes|quests|world	implemented_reference_map	reference_extracted_pending_domain_review
WDM-ROUTE-bcb26bc111a5	route	S013 The-Household-Starts-Feeling-Invisible-Weights-Change-their-Behavior	canon/canonical_story_tree/all_25_books_latest_full_cycle.txt|canon/canonical_story_tree/books/Book_18_Strange_Gravity/book_content.txt	route	timeline|relationships|scenes|quests|world	implemented_reference_map	reference_extracted_pending_domain_review
WDM-ROUTE-3c5d64629e35	route	The field acts before it	canon/canonical_story_tree/all_25_books_latest_full_cycle.txt|canon/canonical_story_tree/books/Book_18_Strange_Gravity/book_content.txt	route	timeline|relationships|scenes|quests|world	implemented_reference_map	reference_extracted_pending_domain_review
WDM-ROUTE-d3106ef6ab5d	route	is fully mapped	canon/canonical_story_tree/all_25_books_latest_full_cycle.txt|canon/canonical_story_tree/books/Book_18_Strange_Gravity/book_content.txt	route	timeline|relationships|scenes|quests|world	implemented_reference_map	reference_extracted_pending_domain_review
WDM-ROUTE-5885c2c496f2	route	S014 Pip-Feels-How-Desire-Fear-and-Route-Now-Interfere-With-Each-Other	canon/canonical_story_tree/all_25_books_latest_full_cycle.txt|canon/canonical_story_tree/books/Book_18_Strange_Gravity/book_content.txt	route	timeline|relationships|scenes|quests|world	implemented_reference_map	reference_extracted_pending_domain_review
WDM-ROUTE-274ca40fe93f	route	S015 Rylos-Reads-Which-Pulls-Are-Environmental-and-Which-Are-Relational	canon/canonical_story_tree/all_25_books_latest_full_cycle.txt|canon/canonical_story_tree/books/Book_18_Strange_Gravity/book_content.txt	path|route	timeline|relationships|scenes|quests|world	implemented_reference_map	reference_extracted_pending_domain_review
WDM-ROUTE-28f077de9055	route	S016 Mack-Grows-Low-Anchor-Ridges-and-Cross-Braced-Paths-Out-of-the-Earth	canon/canonical_story_tree/all_25_books_latest_full_cycle.txt|canon/canonical_story_tree/books/Book_18_Strange_Gravity/book_content.txt	path|route	timeline|relationships|scenes|quests|world	implemented_reference_map	reference_extracted_pending_domain_review
WDM-ROUTE-feaaab107bfa	route	"Working local time span
weeks"	canon/canonical_story_tree/books/Book_18_Strange_Gravity/book_content.txt	road	timeline|relationships|scenes|quests|world	implemented_reference_map	reference_extracted_pending_domain_review
WDM-ROUTE-a70931da2710	route	to months	canon/canonical_story_tree/books/Book_18_Strange_Gravity/book_content.txt	road	timeline|relationships|scenes|quests|world	implemented_reference_map	reference_extracted_pending_domain_review
WDM-ROUTE-1e3d7c57637a	route	"Purpose
TBD by review"	canon/canonical_story_tree/books/Book_18_Strange_Gravity/book_content.txt	road	timeline|relationships|scenes|quests|world	implemented_reference_map	reference_extracted_pending_domain_review
WDM-ROUTE-23aa96df852b	route	"Notes
This file is the"	canon/canonical_story_tree/all_25_books_latest_full_cycle.txt|canon/canonical_story_tree/books/Book_18_Strange_Gravity/book_content.txt	road	timeline|relationships|scenes|quests|world	implemented_reference_map	reference_extracted_pending_domain_review
WDM-ROUTE-a3db74add39b	route	book-level anchor only	canon/canonical_story_tree/all_25_books_latest_full_cycle.txt|canon/canonical_story_tree/books/Book_18_Strange_Gravity/book_content.txt	road	timeline|relationships|scenes|quests|world	implemented_reference_map	reference_extracted_pending_domain_review
WDM-ROUTE-f9da6fe82ef9	route	contained	canon/canonical_story_tree/all_25_books_latest_full_cycle.txt|canon/canonical_story_tree/books/Book_18_Strange_Gravity/book_content.txt	road	timeline|relationships|scenes|quests|world	implemented_reference_map	reference_extracted_pending_domain_review
WDM-ROUTE-7ba1fc0bb814	route	beats	canon/canonical_story_tree/all_25_books_latest_full_cycle.txt|canon/canonical_story_tree/books/Book_18_Strange_Gravity/book_content.txt|canon/canonical_story_tree/books/Book_22_The_Last_Open_Gate/book_content.txt	path|road	timeline|relationships|scenes|quests|world	implemented_reference_map	reference_extracted_pending_domain_review
WDM-ROUTE-973ddebc6159	route	contained beats	canon/canonical_story_tree/all_25_books_latest_full_cycle.txt|canon/canonical_story_tree/books/Book_18_Strange_Gravity/book_content.txt	road	timeline|relationships|scenes|quests|world	implemented_reference_map	reference_extracted_pending_domain_review
WDM-ROUTE-7f1037441e94	route	Shattered	canon/canonical_story_tree/all_25_books_latest_full_cycle.txt|canon/canonical_story_tree/books/Book_18_Strange_Gravity/book_content.txt	road	timeline|relationships|scenes|quests|world	implemented_reference_map	reference_extracted_pending_domain_review
WDM-ROUTE-7d4c85fadd65	route	none placed yet	canon/canonical_story_tree/all_25_books_latest_full_cycle.txt|canon/canonical_story_tree/books/Book_18_Strange_Gravity/book_content.txt	road	timeline|relationships|scenes|quests|world	implemented_reference_map	reference_extracted_pending_domain_review
WDM-ROUTE-bfef8cb2aa68	route	Safe	canon/canonical_story_tree/all_25_books_latest_full_cycle.txt|canon/canonical_story_tree/books/Book_18_Strange_Gravity/book_content.txt	road	timeline|relationships|scenes|quests|world	implemented_reference_map	reference_extracted_pending_domain_review
WDM-ROUTE-e2faf332e871	route	Witnessed	canon/canonical_story_tree/all_25_books_latest_full_cycle.txt|canon/canonical_story_tree/books/Book_18_Strange_Gravity/book_content.txt	road	timeline|relationships|scenes|quests|world	implemented_reference_map	reference_extracted_pending_domain_review
WDM-ROUTE-9789303fb95c	route	Altered	canon/canonical_story_tree/all_25_books_latest_full_cycle.txt|canon/canonical_story_tree/books/Book_18_Strange_Gravity/book_content.txt	road	timeline|relationships|scenes|quests|world	implemented_reference_map	reference_extracted_pending_domain_review
WDM-ROUTE-922cfc1835ae	route	Useful	canon/canonical_story_tree/all_25_books_latest_full_cycle.txt|canon/canonical_story_tree/books/Book_18_Strange_Gravity/book_content.txt	road	timeline|relationships|scenes|quests|world	implemented_reference_map	reference_extracted_pending_domain_review
WDM-ROUTE-6a0aa934fac3	route	unplaced	canon/canonical_story_tree/all_25_books_latest_full_cycle.txt|canon/canonical_story_tree/books/Book_18_Strange_Gravity/book_content.txt	road	timeline|relationships|scenes|quests|world	implemented_reference_map	reference_extracted_pending_domain_review
WDM-ROUTE-f58d3c5b6d70	route	candidates	canon/canonical_story_tree/all_25_books_latest_full_cycle.txt|canon/canonical_story_tree/books/Book_18_Strange_Gravity/book_content.txt	road	timeline|relationships|scenes|quests|world	implemented_reference_map	reference_extracted_pending_domain_review
WDM-ROUTE-38b99b6ebf97	route	Unplaced Candidates For This Book	canon/canonical_story_tree/all_25_books_latest_full_cycle.txt|canon/canonical_story_tree/books/Book_18_Strange_Gravity/book_content.txt	road	timeline|relationships|scenes|quests|world	implemented_reference_map	reference_extracted_pending_domain_review
WDM-ROUTE-e4044bb9fbc7	route	Use this file to park	canon/canonical_story_tree/all_25_books_latest_full_cycle.txt|canon/canonical_story_tree/books/Book_18_Strange_Gravity/book_content.txt	road	timeline|relationships|scenes|quests|world	implemented_reference_map	reference_extracted_pending_domain_review
WDM-ROUTE-e197a30a4b2e	route	beats that seem to belong	canon/canonical_story_tree/all_25_books_latest_full_cycle.txt|canon/canonical_story_tree/books/Book_18_Strange_Gravity/book_content.txt	road	timeline|relationships|scenes|quests|world	implemented_reference_map	reference_extracted_pending_domain_review
WDM-ROUTE-e945a723489c	route	here but are not confirmed	canon/canonical_story_tree/all_25_books_latest_full_cycle.txt|canon/canonical_story_tree/books/Book_18_Strange_Gravity/book_content.txt	road	timeline|relationships|scenes|quests|world	implemented_reference_map	reference_extracted_pending_domain_review
WDM-ROUTE-2d3ddbbad15a	route	map	canon/canonical_story_tree/all_25_books_latest_full_cycle.txt|canon/canonical_story_tree/books/Book_18_Strange_Gravity/book_content.txt|canon/canonical_story_tree/world/wowas_world_zone_map.json	road|route	timeline|relationships|scenes|quests|world	implemented_reference_map	reference_extracted_pending_domain_review
WDM-ROUTE-4613d0872eae	route	time map	canon/canonical_story_tree/all_25_books_latest_full_cycle.txt|canon/canonical_story_tree/books/Book_18_Strange_Gravity/book_content.txt	road	timeline|relationships|scenes|quests|world	implemented_reference_map	reference_extracted_pending_domain_review
WDM-ROUTE-868e21fc637c	route	no mapped beats yet	canon/canonical_story_tree/all_25_books_latest_full_cycle.txt|canon/canonical_story_tree/books/Book_18_Strange_Gravity/book_content.txt	road	timeline|relationships|scenes|quests|world	implemented_reference_map	reference_extracted_pending_domain_review
WDM-ROUTE-a4692c525cac	route	scene	canon/canonical_story_tree/all_25_books_latest_full_cycle.txt|canon/canonical_story_tree/books/Book_18_Strange_Gravity/book_content.txt	road	timeline|relationships|scenes|quests|world	implemented_reference_map	reference_extracted_pending_domain_review
WDM-ROUTE-ae6cab7c0ddc	route	spine	canon/canonical_story_tree/all_25_books_latest_full_cycle.txt|canon/canonical_story_tree/books/Book_18_Strange_Gravity/book_content.txt	road	timeline|relationships|scenes|quests|world	implemented_reference_map	reference_extracted_pending_domain_review
WDM-ROUTE-434adb50c8a6	route	Strange Gravity Scene Spine	canon/canonical_story_tree/all_25_books_latest_full_cycle.txt|canon/canonical_story_tree/books/Book_18_Strange_Gravity/book_content.txt	road	timeline|relationships|scenes|quests|world	implemented_reference_map	reference_extracted_pending_domain_review
WDM-ROUTE-b844950518b8	route	salvage	canon/canonical_story_tree/all_25_books_latest_full_cycle.txt|canon/canonical_story_tree/books/Book_18_Strange_Gravity/book_content.txt|canon/canonical_story_tree/books/Book_22_The_Last_Open_Gate/book_content.txt	path|road	timeline|relationships|scenes|quests|world	implemented_reference_map	reference_extracted_pending_domain_review
WDM-ROUTE-b5dc442f6695	route	The Shattered Road	canon/canonical_story_tree/all_25_books_latest_full_cycle.txt|canon/canonical_story_tree/books/Book_18_Strange_Gravity/book_content.txt	road	timeline|relationships|scenes|quests|world	implemented_reference_map	reference_extracted_pending_domain_review
WDM-ROUTE-ce2ac91e76a0	route	"Salvage Beats

Status"	canon/canonical_story_tree/all_25_books_latest_full_cycle.txt|canon/canonical_story_tree/books/Book_18_Strange_Gravity/book_content.txt|canon/canonical_story_tree/books/Book_22_The_Last_Open_Gate/book_content.txt	path|road	timeline|relationships|scenes|quests|world	implemented_reference_map	reference_extracted_pending_domain_review
WDM-ROUTE-bdd6a7de9e52	route	"additive completion pass
Authority"	canon/canonical_story_tree/all_25_books_latest_full_cycle.txt|canon/canonical_story_tree/books/Book_18_Strange_Gravity/book_content.txt|canon/canonical_story_tree/books/Book_22_The_Last_Open_Gate/book_content.txt	path|road	timeline|relationships|scenes|quests|world	implemented_reference_map	reference_extracted_pending_domain_review
WDM-ROUTE-3f99c49f7d77	route	character salvage integration	canon/canonical_story_tree/all_25_books_latest_full_cycle.txt|canon/canonical_story_tree/books/Book_18_Strange_Gravity/book_content.txt|canon/canonical_story_tree/books/Book_22_The_Last_Open_Gate/book_content.txt	path|road	timeline|relationships|scenes|quests|world	implemented_reference_map	reference_extracted_pending_domain_review
WDM-ROUTE-659ede151440	route	"Safe
Function"	canon/canonical_story_tree/all_25_books_latest_full_cycle.txt|canon/canonical_story_tree/books/Book_18_Strange_Gravity/book_content.txt	road	timeline|relationships|scenes|quests|world	implemented_reference_map	reference_extracted_pending_domain_review
WDM-ROUTE-fc94fdf3dd42	route	Archive relocation or burn consequence	canon/canonical_story_tree/all_25_books_latest_full_cycle.txt|canon/canonical_story_tree/books/Book_18_Strange_Gravity/book_content.txt	road	timeline|relationships|scenes|quests|world	implemented_reference_map	reference_extracted_pending_domain_review
WDM-ROUTE-67d00b5a0c2d	route	lands as	canon/canonical_story_tree/all_25_books_latest_full_cycle.txt|canon/canonical_story_tree/books/Book_18_Strange_Gravity/book_content.txt	road	timeline|relationships|scenes|quests|world	implemented_reference_map	reference_extracted_pending_domain_review
WDM-ROUTE-fec7b7ee9833	route	speechifying	canon/canonical_story_tree/all_25_books_latest_full_cycle.txt|canon/canonical_story_tree/books/Book_18_Strange_Gravity/book_content.txt	road	timeline|relationships|scenes|quests|world	implemented_reference_map	reference_extracted_pending_domain_review
WDM-ROUTE-79406acf83fa	route	"Useful
Function"	canon/canonical_story_tree/all_25_books_latest_full_cycle.txt|canon/canonical_story_tree/books/Book_18_Strange_Gravity/book_content.txt	road	timeline|relationships|scenes|quests|world	implemented_reference_map	reference_extracted_pending_domain_review
WDM-ROUTE-be97e4d4a1f7	route	FaithFixer	canon/canonical_story_tree/all_25_books_latest_full_cycle.txt|canon/canonical_story_tree/books/Book_18_Strange_Gravity/book_content.txt	road	timeline|relationships|scenes|quests|world	implemented_reference_map	reference_extracted_pending_domain_review
WDM-ROUTE-eb2c7db79299	route	Solvaenkyr's altered state becomes materially	canon/canonical_story_tree/all_25_books_latest_full_cycle.txt|canon/canonical_story_tree/books/Book_18_Strange_Gravity/book_content.txt	road	timeline|relationships|scenes|quests|world	implemented_reference_map	reference_extracted_pending_domain_review
WDM-ROUTE-02d55521b8ae	route	relevant under shattered-road conditions	canon/canonical_story_tree/all_25_books_latest_full_cycle.txt|canon/canonical_story_tree/books/Book_18_Strange_Gravity/book_content.txt	road	timeline|relationships|scenes|quests|world	implemented_reference_map	reference_extracted_pending_domain_review
WDM-ROUTE-dbd404201681	route	he can perceive	canon/canonical_story_tree/all_25_books_latest_full_cycle.txt|canon/canonical_story_tree/books/Book_18_Strange_Gravity/book_content.txt	road	timeline|relationships|scenes|quests|world	implemented_reference_map	reference_extracted_pending_domain_review
WDM-ROUTE-d1a61f8b782c	route	wrongness others cannot	canon/canonical_story_tree/all_25_books_latest_full_cycle.txt|canon/canonical_story_tree/books/Book_18_Strange_Gravity/book_content.txt	road	timeline|relationships|scenes|quests|world	implemented_reference_map	reference_extracted_pending_domain_review
WDM-ROUTE-100fafd60f2b	route	using that perception costs him	canon/canonical_story_tree/all_25_books_latest_full_cycle.txt|canon/canonical_story_tree/books/Book_18_Strange_Gravity/book_content.txt	road	timeline|relationships|scenes|quests|world	implemented_reference_map	reference_extracted_pending_domain_review
WDM-ROUTE-0fe104156089	route	the group has to rely	canon/canonical_story_tree/all_25_books_latest_full_cycle.txt|canon/canonical_story_tree/books/Book_18_Strange_Gravity/book_content.txt	road	timeline|relationships|scenes|quests|world	implemented_reference_map	reference_extracted_pending_domain_review
WDM-ROUTE-f159bcfc6770	route	on someone they cannot wholly	canon/canonical_story_tree/all_25_books_latest_full_cycle.txt|canon/canonical_story_tree/books/Book_18_Strange_Gravity/book_content.txt	road	timeline|relationships|scenes|quests|world	implemented_reference_map	reference_extracted_pending_domain_review
WDM-ROUTE-ae46fb3ff9f9	route	trust to remain unchanged	canon/canonical_story_tree/all_25_books_latest_full_cycle.txt|canon/canonical_story_tree/books/Book_18_Strange_Gravity/book_content.txt	road	timeline|relationships|scenes|quests|world	implemented_reference_map	reference_extracted_pending_domain_review
WDM-ROUTE-135dbf86c6d3	route	S038 Pip-Feels-How-Easily-Old-Habits-Now-Throw-Him-Off	canon/canonical_story_tree/all_25_books_latest_full_cycle.txt|canon/canonical_story_tree/books/Book_18_Strange_Gravity/book_content.txt	path|road	timeline|relationships|scenes|quests|world	implemented_reference_map	reference_extracted_pending_domain_review
WDM-ROUTE-c97c55590237	route	S039 Rylos-Reads-Where-Rebalancing-Is-Most-Urgent	canon/canonical_story_tree/all_25_books_latest_full_cycle.txt|canon/canonical_story_tree/books/Book_18_Strange_Gravity/book_content.txt	path|road	timeline|relationships|scenes|quests|world	implemented_reference_map	reference_extracted_pending_domain_review
WDM-ROUTE-7f92ab1c1d0e	route	S040 Mack-Grows-Broader-Footed-Paths-Seated-Niches-and-Bracing-Roots	canon/canonical_story_tree/all_25_books_latest_full_cycle.txt|canon/canonical_story_tree/books/Book_18_Strange_Gravity/book_content.txt	path|road	timeline|relationships|scenes|quests|world	implemented_reference_map	reference_extracted_pending_domain_review
WDM-ROUTE-58a16dadb785	route	S041 The-Sanctuary-Becomes-a-Living-Balance-Training-Ground	canon/canonical_story_tree/all_25_books_latest_full_cycle.txt|canon/canonical_story_tree/books/Book_18_Strange_Gravity/book_content.txt	path|road	timeline|relationships|scenes|quests|world	implemented_reference_map	reference_extracted_pending_domain_review
WDM-ROUTE-71700f9a1466	route	Important insight	canon/canonical_story_tree/all_25_books_latest_full_cycle.txt|canon/canonical_story_tree/books/Book_18_Strange_Gravity/book_content.txt|canon/canonical_story_tree/books/Book_20_The_Beforemath/book_content.txt	path|road	timeline|relationships|scenes|quests|world	implemented_reference_map	reference_extracted_pending_domain_review
WDM-ROUTE-65576a7c0431	route	S078 Mack-Grows-Broader-Resting-Hollows-and-Gripped-Paths-for-Them-Without-Humanizing-Them	canon/canonical_story_tree/all_25_books_latest_full_cycle.txt|canon/canonical_story_tree/books/Book_18_Strange_Gravity/book_content.txt	path|road	timeline|relationships|scenes|quests|world	implemented_reference_map	reference_extracted_pending_domain_review
WDM-ROUTE-5c763ffdbf62	route	The altered field enters him	canon/canonical_story_tree/all_25_books_latest_full_cycle.txt|canon/canonical_story_tree/books/Book_18_Strange_Gravity/book_content.txt	path	timeline|relationships|scenes|quests|world	implemented_reference_map	reference_extracted_pending_domain_review
WDM-ROUTE-b9c6e60b7c59	route	immediately	canon/canonical_story_tree/all_25_books_latest_full_cycle.txt|canon/canonical_story_tree/books/Book_18_Strange_Gravity/book_content.txt|canon/canonical_story_tree/books/Book_21_The_Final_Descent/book_content.txt	path|route	timeline|relationships|scenes|quests|world	implemented_reference_map	reference_extracted_pending_domain_review
WDM-ROUTE-0f2a67ac0d19	route	S003 Rylos-Vayne-Johnson-Reads-the-Change-As-Systemic-Not-Random	canon/canonical_story_tree/all_25_books_latest_full_cycle.txt|canon/canonical_story_tree/books/Book_18_Strange_Gravity/book_content.txt	path	timeline|relationships|scenes|quests|world	implemented_reference_map	reference_extracted_pending_domain_review
WDM-ROUTE-bc4a66f46f2d	route	S004 Mack-Booming-Voice-Rolls-Through-a-Sanctuary-Whose-Paths-Now-Curve-Strangely	canon/canonical_story_tree/all_25_books_latest_full_cycle.txt|canon/canonical_story_tree/books/Book_18_Strange_Gravity/book_content.txt	path	timeline|relationships|scenes|quests|world	implemented_reference_map	reference_extracted_pending_domain_review
WDM-ROUTE-dbe172619449	route	The vast willow responds in	canon/canonical_story_tree/all_25_books_latest_full_cycle.txt|canon/canonical_story_tree/books/Book_18_Strange_Gravity/book_content.txt	path	timeline|relationships|scenes|quests|world	implemented_reference_map	reference_extracted_pending_domain_review
WDM-ROUTE-1ff552932dd7	route	terrain	canon/canonical_story_tree/all_25_books_latest_full_cycle.txt|canon/canonical_story_tree/books/Book_18_Strange_Gravity/book_content.txt|canon/canonical_story_tree/world/wowas_world_zone_map.json	crossing|path|road|route	timeline|relationships|scenes|quests|world	implemented_reference_map	reference_extracted_pending_domain_review
WDM-ROUTE-40b2f651525b	route	S005 Rootways-Tilt-Rise-and-Drop-As-If-the-Land-Is-Learning-a-New-Pull	canon/canonical_story_tree/all_25_books_latest_full_cycle.txt|canon/canonical_story_tree/books/Book_18_Strange_Gravity/book_content.txt	path	timeline|relationships|scenes|quests|world	implemented_reference_map	reference_extracted_pending_domain_review
WDM-ROUTE-a717c0267862	route	Life magic mirrors altered gravity	canon/canonical_story_tree/all_25_books_latest_full_cycle.txt|canon/canonical_story_tree/books/Book_18_Strange_Gravity/book_content.txt	path	timeline|relationships|scenes|quests|world	implemented_reference_map	reference_extracted_pending_domain_review
WDM-ROUTE-491fb4fba1f7	route	S006 Pip-Understands-That-This-Is-Not-Only-a-Travel-Problem	canon/canonical_story_tree/all_25_books_latest_full_cycle.txt|canon/canonical_story_tree/books/Book_18_Strange_Gravity/book_content.txt	path	timeline|relationships|scenes|quests|world	implemented_reference_map	reference_extracted_pending_domain_review
WDM-ROUTE-4fbf8f76280e	route	Terrain becomes counterweight architecture	canon/canonical_story_tree/all_25_books_latest_full_cycle.txt|canon/canonical_story_tree/books/Book_18_Strange_Gravity/book_content.txt	path	timeline|relationships|scenes|quests|world	implemented_reference_map	reference_extracted_pending_domain_review
WDM-ROUTE-19446c3fb653	route	S017 The-Sanctuary-Uses-Living-Form-to-Teach-Balance-Under-Strain	canon/canonical_story_tree/all_25_books_latest_full_cycle.txt|canon/canonical_story_tree/books/Book_18_Strange_Gravity/book_content.txt	path	timeline|relationships|scenes|quests|world	implemented_reference_map	reference_extracted_pending_domain_review
WDM-ROUTE-79a4c1b0beb0	route	S018 Daisy-May-Rests-Silent-At-a-Point-Where-the-Field-Wants-them-to-Misstep	canon/canonical_story_tree/all_25_books_latest_full_cycle.txt|canon/canonical_story_tree/books/Book_18_Strange_Gravity/book_content.txt	path	timeline|relationships|scenes|quests|world	implemented_reference_map	reference_extracted_pending_domain_review
WDM-ROUTE-a731802df006	route	S042 Daisy-May-and-Majeski-Hold-the-Household-Center-As-the-Edges-Shift	canon/canonical_story_tree/all_25_books_latest_full_cycle.txt|canon/canonical_story_tree/books/Book_18_Strange_Gravity/book_content.txt	path	timeline|relationships|scenes|quests|world	implemented_reference_map	reference_extracted_pending_domain_review
WDM-ROUTE-23496c6d25c5	route	S038 Pip-Feels-How-Hard-It-Is-to-Eat-Rest-and-Speak-Normally-Above-a-Known-World-Wound	canon/canonical_story_tree/all_25_books_latest_full_cycle.txt|canon/canonical_story_tree/books/Book_19_The_Cracking_Core/book_content.txt	road	timeline|relationships|scenes|quests|world	implemented_reference_map	reference_extracted_pending_domain_review
WDM-ROUTE-c7d8c05d9f96	route	S039 Rylos-Reads-Where-the-Household-Is-Most-Vulnerable-to-Core-Fear	canon/canonical_story_tree/all_25_books_latest_full_cycle.txt|canon/canonical_story_tree/books/Book_19_The_Cracking_Core/book_content.txt	road	timeline|relationships|scenes|quests|world	implemented_reference_map	reference_extracted_pending_domain_review
WDM-ROUTE-d4932c3466fa	route	S040 Mack-Grows-Broader-Supportive-Landforms-and-Calmer-Grottos-Out-of-the-Earth	canon/canonical_story_tree/all_25_books_latest_full_cycle.txt|canon/canonical_story_tree/books/Book_19_The_Cracking_Core/book_content.txt	road	timeline|relationships|scenes|quests|world	implemented_reference_map	reference_extracted_pending_domain_review
WDM-ROUTE-f89b301f8508	route	S041 The-Sanctuary-Becomes-a-Living-Act-of-Holding-Against-Subterranean-Failure	canon/canonical_story_tree/all_25_books_latest_full_cycle.txt|canon/canonical_story_tree/books/Book_19_The_Cracking_Core/book_content.txt	road	timeline|relationships|scenes|quests|world	implemented_reference_map	reference_extracted_pending_domain_review
WDM-ROUTE-0db8c9d3c7a2	route	S014 Pip-Feels-the-Terror-of-Realizing-How-Far-Down-the-Damage-Goes	canon/canonical_story_tree/all_25_books_latest_full_cycle.txt|canon/canonical_story_tree/books/Book_19_The_Cracking_Core/book_content.txt	path	timeline|relationships|scenes|quests|world	implemented_reference_map	reference_extracted_pending_domain_review
WDM-ROUTE-0f765cf92292	route	S015 Rylos-Reads-Which-Surface-Signs-Actually-Matter-Now	canon/canonical_story_tree/all_25_books_latest_full_cycle.txt|canon/canonical_story_tree/books/Book_19_The_Cracking_Core/book_content.txt	path	timeline|relationships|scenes|quests|world	implemented_reference_map	reference_extracted_pending_domain_review
WDM-ROUTE-dcf112b98369	route	S016 Mack-Grows-Listening-Ridges-Deep-Rooted-Paths-and-Wide-Standing-Places	canon/canonical_story_tree/all_25_books_latest_full_cycle.txt|canon/canonical_story_tree/books/Book_19_The_Cracking_Core/book_content.txt	path	timeline|relationships|scenes|quests|world	implemented_reference_map	reference_extracted_pending_domain_review
WDM-ROUTE-9bb20cbfaf84	route	Terrain becomes planetary-reading apparatus	canon/canonical_story_tree/all_25_books_latest_full_cycle.txt|canon/canonical_story_tree/books/Book_19_The_Cracking_Core/book_content.txt	path	timeline|relationships|scenes|quests|world	implemented_reference_map	reference_extracted_pending_domain_review
WDM-ROUTE-0f2e7f36ba6f	route	S017 The-Sanctuary-Uses-Living-Form-to-Teach-Depth	canon/canonical_story_tree/all_25_books_latest_full_cycle.txt|canon/canonical_story_tree/books/Book_19_The_Cracking_Core/book_content.txt	path	timeline|relationships|scenes|quests|world	implemented_reference_map	reference_extracted_pending_domain_review
WDM-ROUTE-c8ab430be4e2	route	S018 Daisy-May-Rests-Silent-Within-the-Hard-Conversation	canon/canonical_story_tree/all_25_books_latest_full_cycle.txt|canon/canonical_story_tree/books/Book_19_The_Cracking_Core/book_content.txt|canon/canonical_story_tree/books/Book_21_The_Final_Descent/book_content.txt|canon/canonical_story_tree/books/Book_23_The_Final_Resonance/book_content.txt	corridor|path	timeline|relationships|scenes|quests|world	implemented_reference_map	reference_extracted_pending_domain_review
WDM-ROUTE-0011e175b2dc	route	S014 Pip-Feels-the-Horror-of-Grieving-in-Advance	canon/canonical_story_tree/all_25_books_latest_full_cycle.txt|canon/canonical_story_tree/books/Book_20_The_Beforemath/book_content.txt	route	timeline|relationships|scenes|quests|world	implemented_reference_map	reference_extracted_pending_domain_review
WDM-ROUTE-45e353afbdfb	route	Realism deepens	canon/canonical_story_tree/all_25_books_latest_full_cycle.txt|canon/canonical_story_tree/books/Book_20_The_Beforemath/book_content.txt	route	timeline|relationships|scenes|quests|world	implemented_reference_map	reference_extracted_pending_domain_review
WDM-ROUTE-9d495ebb5b54	route	S015 Rylos-Reads-Which-Preparations-Are-Useful-and-Which-Are-Only-Self-Harm	canon/canonical_story_tree/all_25_books_latest_full_cycle.txt|canon/canonical_story_tree/books/Book_20_The_Beforemath/book_content.txt	route	timeline|relationships|scenes|quests|world	implemented_reference_map	reference_extracted_pending_domain_review
WDM-ROUTE-73ddf55d668a	route	S016 Mack-Grows-Waiting-Grottos-Transit-Routes-and-Safe-Hollows-Out-of-the-Ground	canon/canonical_story_tree/all_25_books_latest_full_cycle.txt|canon/canonical_story_tree/books/Book_20_The_Beforemath/book_content.txt	route	timeline|relationships|scenes|quests|world	implemented_reference_map	reference_extracted_pending_domain_review
WDM-ROUTE-555c4c068f25	route	Terrain becomes anticipatory architecture	canon/canonical_story_tree/all_25_books_latest_full_cycle.txt|canon/canonical_story_tree/books/Book_20_The_Beforemath/book_content.txt	route	timeline|relationships|scenes|quests|world	implemented_reference_map	reference_extracted_pending_domain_review
WDM-ROUTE-adcf2607c1c2	route	S017 The-Sanctuary-Uses-Living-Form-to-Teach-How-Readiness-and-Sorrow-Can-Coincide	canon/canonical_story_tree/all_25_books_latest_full_cycle.txt|canon/canonical_story_tree/books/Book_20_The_Beforemath/book_content.txt	route	timeline|relationships|scenes|quests|world	implemented_reference_map	reference_extracted_pending_domain_review
WDM-ROUTE-7071a21d7f6d	route	S004 Mack-Booming-Voice-Rolls-Through-a-Sanctuary-Already-Reacting-to-Impact-Still-Unfolding	canon/canonical_story_tree/all_25_books_latest_full_cycle.txt|canon/canonical_story_tree/books/Book_20_The_Beforemath/book_content.txt	path	timeline|relationships|scenes|quests|world	implemented_reference_map	reference_extracted_pending_domain_review
WDM-ROUTE-db5d1cba6358	route	through transitional crisis	canon/canonical_story_tree/all_25_books_latest_full_cycle.txt|canon/canonical_story_tree/books/Book_20_The_Beforemath/book_content.txt	path	timeline|relationships|scenes|quests|world	implemented_reference_map	reference_extracted_pending_domain_review
WDM-ROUTE-b9ef5a90f53d	route	S005 The-Ground-Grows-Emergency-Paths-Hollows-and-Holding-Rims-Out-of-the-Earth	canon/canonical_story_tree/all_25_books_latest_full_cycle.txt|canon/canonical_story_tree/books/Book_20_The_Beforemath/book_content.txt	path	timeline|relationships|scenes|quests|world	implemented_reference_map	reference_extracted_pending_domain_review
WDM-ROUTE-8b4d165c8e0f	route	Life magic responds in advance	canon/canonical_story_tree/all_25_books_latest_full_cycle.txt|canon/canonical_story_tree/books/Book_20_The_Beforemath/book_content.txt	path	timeline|relationships|scenes|quests|world	implemented_reference_map	reference_extracted_pending_domain_review
WDM-ROUTE-e776fd0adabe	route	of full ruin	canon/canonical_story_tree/all_25_books_latest_full_cycle.txt|canon/canonical_story_tree/books/Book_20_The_Beforemath/book_content.txt	path	timeline|relationships|scenes|quests|world	implemented_reference_map	reference_extracted_pending_domain_review
WDM-ROUTE-23977732b9d3	route	S006 Pip-Understands-That-They-Are-Inside-Consequence-Before-It-Is-Finished	canon/canonical_story_tree/all_25_books_latest_full_cycle.txt|canon/canonical_story_tree/books/Book_20_The_Beforemath/book_content.txt	path	timeline|relationships|scenes|quests|world	implemented_reference_map	reference_extracted_pending_domain_review
WDM-ROUTE-d38173298679	route	Serious maturity note	canon/canonical_story_tree/all_25_books_latest_full_cycle.txt|canon/canonical_story_tree/books/Book_20_The_Beforemath/book_content.txt|canon/canonical_story_tree/books/Book_22_The_Last_Open_Gate/book_content.txt	path	timeline|relationships|scenes|quests|world	implemented_reference_map	reference_extracted_pending_domain_review
WDM-ROUTE-69d8e068a100	route	S039 Rylos-Reads-Where-the-Household-Is-Most-Likely-to-Crack-Early	canon/canonical_story_tree/all_25_books_latest_full_cycle.txt|canon/canonical_story_tree/books/Book_20_The_Beforemath/book_content.txt	path	timeline|relationships|scenes|quests|world	implemented_reference_map	reference_extracted_pending_domain_review
WDM-ROUTE-81d9f1666f8a	route	S040 Mack-Grows-Wider-Holding-Places-Interim-Paths-and-Low-Shelters-Out-of-the-Earth	canon/canonical_story_tree/all_25_books_latest_full_cycle.txt|canon/canonical_story_tree/books/Book_20_The_Beforemath/book_content.txt	path	timeline|relationships|scenes|quests|world	implemented_reference_map	reference_extracted_pending_domain_review
WDM-ROUTE-a904b7b9e5a1	route	S041 The-Sanctuary-Becomes-a-Living-Structure-for-Enduring-the-Lean	canon/canonical_story_tree/all_25_books_latest_full_cycle.txt|canon/canonical_story_tree/books/Book_20_The_Beforemath/book_content.txt	path	timeline|relationships|scenes|quests|world	implemented_reference_map	reference_extracted_pending_domain_review
WDM-ROUTE-f7e2cc4b8ede	route	S042 Daisy-May-and-Majeski-Hold-the-Household-Center-As-the-Future-Presses-In	canon/canonical_story_tree/all_25_books_latest_full_cycle.txt|canon/canonical_story_tree/books/Book_20_The_Beforemath/book_content.txt	path	timeline|relationships|scenes|quests|world	implemented_reference_map	reference_extracted_pending_domain_review
WDM-ROUTE-82c7a95234f4	route	S077 Rylos-Understands-That-Their-Presence-Keeps-the-Household-from-Going-Theatrical-under-Pressure	canon/canonical_story_tree/all_25_books_latest_full_cycle.txt|canon/canonical_story_tree/books/Book_20_The_Beforemath/book_content.txt	path	timeline|relationships|scenes|quests|world	implemented_reference_map	reference_extracted_pending_domain_review
WDM-ROUTE-6637020993d6	route	S078 Mack-Grows-Sheltered-Resting-Hollows-and-Steadying-Paths-for-Them-Without-Humanizing-Them	canon/canonical_story_tree/all_25_books_latest_full_cycle.txt|canon/canonical_story_tree/books/Book_20_The_Beforemath/book_content.txt	path	timeline|relationships|scenes|quests|world	implemented_reference_map	reference_extracted_pending_domain_review
WDM-ROUTE-abc8a9638b5e	route	Nieth pressure in this book	canon/canonical_story_tree/all_25_books_latest_full_cycle.txt|canon/canonical_story_tree/books/Book_21_The_Final_Descent/book_content.txt|canon/canonical_story_tree/books/Book_22_The_Last_Open_Gate/book_content.txt|canon/canonical_story_tree/books/Book_24_Born_To_Die/book_content.txt	path|route	timeline|relationships|scenes|quests|world	implemented_reference_map	reference_extracted_pending_domain_review
WDM-ROUTE-9bdd7a7c5dab	route	Her lingering weave is one	canon/canonical_story_tree/all_25_books_latest_full_cycle.txt|canon/canonical_story_tree/books/Book_21_The_Final_Descent/book_content.txt	path|route	timeline|relationships|scenes|quests|world	implemented_reference_map	reference_extracted_pending_domain_review
WDM-ROUTE-243711bdcc93	route	of the major reasons the	canon/canonical_story_tree/all_25_books_latest_full_cycle.txt|canon/canonical_story_tree/books/Book_21_The_Final_Descent/book_content.txt	path|route	timeline|relationships|scenes|quests|world	implemented_reference_map	reference_extracted_pending_domain_review
WDM-ROUTE-77216f665bc5	route	descent path still coheres at	canon/canonical_story_tree/all_25_books_latest_full_cycle.txt|canon/canonical_story_tree/books/Book_21_The_Final_Descent/book_content.txt	path|route	timeline|relationships|scenes|quests|world	implemented_reference_map	reference_extracted_pending_domain_review
WDM-ROUTE-28e9f2dfd661	route	all	canon/canonical_story_tree/all_25_books_latest_full_cycle.txt|canon/canonical_story_tree/books/Book_21_The_Final_Descent/book_content.txt	path|route	timeline|relationships|scenes|quests|world	implemented_reference_map	reference_extracted_pending_domain_review
WDM-ROUTE-fddc2b5c78fe	route	Rippers	canon/canonical_story_tree/all_25_books_latest_full_cycle.txt|canon/canonical_story_tree/books/Book_21_The_Final_Descent/book_content.txt|canon/canonical_story_tree/books/Book_22_The_Last_Open_Gate/book_content.txt|canon/canonical_story_tree/books/Book_24_Born_To_Die/book_content.txt	path|route	timeline|relationships|scenes|quests|world	implemented_reference_map	reference_extracted_pending_domain_review
WDM-ROUTE-858b80ff9b3a	route	Unweavers pressure in this book	canon/canonical_story_tree/all_25_books_latest_full_cycle.txt|canon/canonical_story_tree/books/Book_21_The_Final_Descent/book_content.txt|canon/canonical_story_tree/books/Book_22_The_Last_Open_Gate/book_content.txt|canon/canonical_story_tree/books/Book_24_Born_To_Die/book_content.txt	path|route	timeline|relationships|scenes|quests|world	implemented_reference_map	reference_extracted_pending_domain_review
WDM-ROUTE-688a9455da7a	route	Relentless route-denial and anti-thread violence	canon/canonical_story_tree/all_25_books_latest_full_cycle.txt|canon/canonical_story_tree/books/Book_21_The_Final_Descent/book_content.txt	path|route	timeline|relationships|scenes|quests|world	implemented_reference_map	reference_extracted_pending_domain_review
WDM-ROUTE-28c60973d0ad	route	Wraithbound	canon/canonical_story_tree/all_25_books_latest_full_cycle.txt|canon/canonical_story_tree/books/Book_21_The_Final_Descent/book_content.txt|canon/canonical_story_tree/books/Book_22_The_Last_Open_Gate/book_content.txt|canon/canonical_story_tree/books/Book_24_Born_To_Die/book_content.txt	path|route	timeline|relationships|scenes|quests|world	implemented_reference_map	reference_extracted_pending_domain_review
WDM-ROUTE-0f31a1f40a2d	route	Wraith pressure in this book	canon/canonical_story_tree/all_25_books_latest_full_cycle.txt|canon/canonical_story_tree/books/Book_21_The_Final_Descent/book_content.txt|canon/canonical_story_tree/books/Book_22_The_Last_Open_Gate/book_content.txt|canon/canonical_story_tree/books/Book_24_Born_To_Die/book_content.txt	path|route	timeline|relationships|scenes|quests|world	implemented_reference_map	reference_extracted_pending_domain_review
WDM-ROUTE-d10f2689fc3b	route	Threshold horror	canon/canonical_story_tree/all_25_books_latest_full_cycle.txt|canon/canonical_story_tree/books/Book_21_The_Final_Descent/book_content.txt	path|route	timeline|relationships|scenes|quests|world	implemented_reference_map	reference_extracted_pending_domain_review
WDM-ROUTE-68cbcc2ffaa7	route	dead-presence falsehoods	canon/canonical_story_tree/all_25_books_latest_full_cycle.txt|canon/canonical_story_tree/books/Book_21_The_Final_Descent/book_content.txt	route	timeline|relationships|scenes|quests|world	implemented_reference_map	reference_extracted_pending_domain_review
WDM-ROUTE-2fe676befd76	route	and emotional distortion	canon/canonical_story_tree/all_25_books_latest_full_cycle.txt|canon/canonical_story_tree/books/Book_21_The_Final_Descent/book_content.txt	route	timeline|relationships|scenes|quests|world	implemented_reference_map	reference_extracted_pending_domain_review
WDM-ROUTE-a7999a2d61ae	route	War	canon/canonical_story_tree/all_25_books_latest_full_cycle.txt|canon/canonical_story_tree/books/Book_21_The_Final_Descent/book_content.txt|canon/canonical_story_tree/books/Book_22_The_Last_Open_Gate/book_content.txt|canon/canonical_story_tree/books/Book_24_Born_To_Die/book_content.txt	corridor|route	timeline|relationships|scenes|quests|world	implemented_reference_map	reference_extracted_pending_domain_review
WDM-ROUTE-0354a2c653e7	route	"battle pressure
Near-continuous underworld war"	canon/canonical_story_tree/all_25_books_latest_full_cycle.txt|canon/canonical_story_tree/books/Book_21_The_Final_Descent/book_content.txt	route	timeline|relationships|scenes|quests|world	implemented_reference_map	reference_extracted_pending_domain_review
WDM-ROUTE-1a047e93d477	route	The Final Descent	canon/canonical_story_tree/all_25_books_latest_full_cycle.txt|canon/canonical_story_tree/books/Book_21_The_Final_Descent/book_content.txt	path|route	timeline|relationships|scenes|quests|world	implemented_reference_map	reference_extracted_pending_domain_review
WDM-ROUTE-6604fc4c12d1	route	B21	canon/canonical_story_tree/all_25_books_latest_full_cycle.txt|canon/canonical_story_tree/books/Book_21_The_Final_Descent/book_content.txt	path|route	timeline|relationships|scenes|quests|world	implemented_reference_map	reference_extracted_pending_domain_review
WDM-ROUTE-8c89e5f140b1	route	"Descent Stops Being Metaphor
target"	canon/canonical_story_tree/all_25_books_latest_full_cycle.txt|canon/canonical_story_tree/books/Book_21_The_Final_Descent/book_content.txt	route	timeline|relationships|scenes|quests|world	implemented_reference_map	reference_extracted_pending_domain_review
WDM-ROUTE-c3682eed8722	route	S001 The-Book-Opens-on-Movement-Downward-That-Is-No-Longer-Symbolic	canon/canonical_story_tree/all_25_books_latest_full_cycle.txt|canon/canonical_story_tree/books/Book_21_The_Final_Descent/book_content.txt	route	timeline|relationships|scenes|quests|world	implemented_reference_map	reference_extracted_pending_domain_review
WDM-ROUTE-dda2c7377a64	route	The final descent becomes route	canon/canonical_story_tree/all_25_books_latest_full_cycle.txt|canon/canonical_story_tree/books/Book_21_The_Final_Descent/book_content.txt	route	timeline|relationships|scenes|quests|world	implemented_reference_map	reference_extracted_pending_domain_review
WDM-ROUTE-34da7698a0a6	route	reality	canon/canonical_story_tree/all_25_books_latest_full_cycle.txt|canon/canonical_story_tree/books/Book_21_The_Final_Descent/book_content.txt|canon/canonical_story_tree/books/Book_22_The_Last_Open_Gate/book_content.txt	path|route	timeline|relationships|scenes|quests|world	implemented_reference_map	reference_extracted_pending_domain_review
WDM-ROUTE-0e62365d33bd	route	S002 Pip-Feels-the-Lowering-As-Bodily-Dread-and-Necessity	canon/canonical_story_tree/all_25_books_latest_full_cycle.txt|canon/canonical_story_tree/books/Book_21_The_Final_Descent/book_content.txt	route	timeline|relationships|scenes|quests|world	implemented_reference_map	reference_extracted_pending_domain_review
WDM-ROUTE-76e86f3fa159	route	Emotional and structural strain deepen	canon/canonical_story_tree/all_25_books_latest_full_cycle.txt|canon/canonical_story_tree/books/Book_21_The_Final_Descent/book_content.txt	route	timeline|relationships|scenes|quests|world	implemented_reference_map	reference_extracted_pending_domain_review
WDM-ROUTE-f3453b0adf64	route	S003 Rylos-Vayne-Johnson-Reads-the-Descent-As-Both-Physical-and-Moral-Commitment	canon/canonical_story_tree/all_25_books_latest_full_cycle.txt|canon/canonical_story_tree/books/Book_21_The_Final_Descent/book_content.txt	route	timeline|relationships|scenes|quests|world	implemented_reference_map	reference_extracted_pending_domain_review
WDM-ROUTE-f732016a9815	route	S084 The-Beat-Ends-with-Daisy-May-and-Majeski-Held-Firm-at-the-Brink	canon/canonical_story_tree/all_25_books_latest_full_cycle.txt|canon/canonical_story_tree/books/Book_21_The_Final_Descent/book_content.txt	route	timeline|relationships|scenes|quests|world	implemented_reference_map	reference_extracted_pending_domain_review
WDM-ROUTE-71f51fc772d3	route	"The First Committed Lowering
target"	canon/canonical_story_tree/all_25_books_latest_full_cycle.txt|canon/canonical_story_tree/books/Book_21_The_Final_Descent/book_content.txt	route	timeline|relationships|scenes|quests|world	implemented_reference_map	reference_extracted_pending_domain_review
WDM-ROUTE-063f7eb2945b	route	S085 The-Household-Makes-Its-First-True-Commitment-to-the-Descent-Route	canon/canonical_story_tree/all_25_books_latest_full_cycle.txt|canon/canonical_story_tree/books/Book_21_The_Final_Descent/book_content.txt	route	timeline|relationships|scenes|quests|world	implemented_reference_map	reference_extracted_pending_domain_review
WDM-ROUTE-347d5232255e	route	Escalation becomes route fact	canon/canonical_story_tree/all_25_books_latest_full_cycle.txt|canon/canonical_story_tree/books/Book_21_The_Final_Descent/book_content.txt	route	timeline|relationships|scenes|quests|world	implemented_reference_map	reference_extracted_pending_domain_review
WDM-ROUTE-2c673e43d16a	route	S086 Pip-Feels-the-Downward-Choice-In-His-Body-Before-He-Can-Fully-Name-It	canon/canonical_story_tree/all_25_books_latest_full_cycle.txt|canon/canonical_story_tree/books/Book_21_The_Final_Descent/book_content.txt	route	timeline|relationships|scenes|quests|world	implemented_reference_map	reference_extracted_pending_domain_review
WDM-ROUTE-5e89594560ce	route	S087 Rylos-Reads-the-Line-They-Can-Still-Hold-In-Real-Time	canon/canonical_story_tree/all_25_books_latest_full_cycle.txt|canon/canonical_story_tree/books/Book_21_The_Final_Descent/book_content.txt|canon/canonical_story_tree/books/Book_22_The_Last_Open_Gate/book_content.txt|canon/canonical_story_tree/books/Book_25_Death_Is_Rebirth/book_content.txt	crossing|path|route	timeline|relationships|scenes|quests|world	implemented_reference_map	reference_extracted_pending_domain_review
WDM-ROUTE-97fe86fcf6f1	route	Important correction holds	canon/canonical_story_tree/all_25_books_latest_full_cycle.txt|canon/canonical_story_tree/books/Book_21_The_Final_Descent/book_content.txt	route	timeline|relationships|scenes|quests|world	implemented_reference_map	reference_extracted_pending_domain_review
WDM-ROUTE-49a84a4de1f1	route	S114 Daisy-May-and-Majeski-Remain-Silent-Great-Dane-Household-Truth-Through-Lowering-Pressure	canon/canonical_story_tree/all_25_books_latest_full_cycle.txt|canon/canonical_story_tree/books/Book_21_The_Final_Descent/book_content.txt	route	timeline|relationships|scenes|quests|world	implemented_reference_map	reference_extracted_pending_domain_review
WDM-ROUTE-e712ccd2929f	route	Canon actively protected	canon/canonical_story_tree/all_25_books_latest_full_cycle.txt|canon/canonical_story_tree/books/Book_21_The_Final_Descent/book_content.txt	route	timeline|relationships|scenes|quests|world	implemented_reference_map	reference_extracted_pending_domain_review
WDM-ROUTE-e65de37d7545	route	S115 The-Final-Descent-Is-Recast-As-Route-Into-Buried-Truth-Not-Only-Dramatic-Fall	canon/canonical_story_tree/all_25_books_latest_full_cycle.txt|canon/canonical_story_tree/books/Book_21_The_Final_Descent/book_content.txt	route	timeline|relationships|scenes|quests|world	implemented_reference_map	reference_extracted_pending_domain_review
WDM-ROUTE-1a2068b9e08f	route	Structural law deepens	canon/canonical_story_tree/all_25_books_latest_full_cycle.txt|canon/canonical_story_tree/books/Book_21_The_Final_Descent/book_content.txt	route	timeline|relationships|scenes|quests|world	implemented_reference_map	reference_extracted_pending_domain_review
WDM-ROUTE-669c61bef77f	route	S116 Sonomancy-Stays-Rare-Hard-and-Inadequate-As-Easy-Depth-Solution	canon/canonical_story_tree/all_25_books_latest_full_cycle.txt|canon/canonical_story_tree/books/Book_21_The_Final_Descent/book_content.txt	route	timeline|relationships|scenes|quests|world	implemented_reference_map	reference_extracted_pending_domain_review
WDM-ROUTE-76c5bfe90481	route	S117 Pip-and-Rylos-Move-Forward-More-Accurately-Bound-Under-Lowering-Truth	canon/canonical_story_tree/all_25_books_latest_full_cycle.txt|canon/canonical_story_tree/books/Book_21_The_Final_Descent/book_content.txt	route	timeline|relationships|scenes|quests|world	implemented_reference_map	reference_extracted_pending_domain_review
WDM-ROUTE-cb5bbcc954d2	route	S015 Rylos-Reads-Which-Surface-Histories-Now-Make-More-Sense-in-Light-of-Depth	canon/canonical_story_tree/all_25_books_latest_full_cycle.txt|canon/canonical_story_tree/books/Book_21_The_Final_Descent/book_content.txt	corridor	timeline|relationships|scenes|quests|world	implemented_reference_map	reference_extracted_pending_domain_review
WDM-ROUTE-5bfc667167c7	route	S016 Mack-Grows-Low-Observation-Rings-Listening-Shelves-and-Descending-Corridors-Out-of-the-Ground	canon/canonical_story_tree/all_25_books_latest_full_cycle.txt|canon/canonical_story_tree/books/Book_21_The_Final_Descent/book_content.txt	corridor	timeline|relationships|scenes|quests|world	implemented_reference_map	reference_extracted_pending_domain_review
WDM-ROUTE-d4e1fbb7dbf4	route	Terrain becomes descent-reading apparatus	canon/canonical_story_tree/all_25_books_latest_full_cycle.txt|canon/canonical_story_tree/books/Book_21_The_Final_Descent/book_content.txt	corridor	timeline|relationships|scenes|quests|world	implemented_reference_map	reference_extracted_pending_domain_review
WDM-ROUTE-f0791de03962	route	S017 The-Sanctuary-Uses-Living-Form-to-Teach-Vertical-Truth	canon/canonical_story_tree/all_25_books_latest_full_cycle.txt|canon/canonical_story_tree/books/Book_21_The_Final_Descent/book_content.txt	corridor	timeline|relationships|scenes|quests|world	implemented_reference_map	reference_extracted_pending_domain_review
WDM-ROUTE-8f8b3b4edde9	route	"Current late-book structural need
Descend"	canon/canonical_story_tree/all_25_books_latest_full_cycle.txt|canon/canonical_story_tree/books/Book_21_The_Final_Descent/book_content.txt	path	timeline|relationships|scenes|quests|world	implemented_reference_map	reference_extracted_pending_domain_review
WDM-ROUTE-c4a1a9a6513e	route	through	canon/canonical_story_tree/all_25_books_latest_full_cycle.txt|canon/canonical_story_tree/books/Book_21_The_Final_Descent/book_content.txt	path	timeline|relationships|scenes|quests|world	implemented_reference_map	reference_extracted_pending_domain_review
WDM-ROUTE-a2734b6fbc17	route	world that is both war	canon/canonical_story_tree/all_25_books_latest_full_cycle.txt|canon/canonical_story_tree/books/Book_21_The_Final_Descent/book_content.txt	path	timeline|relationships|scenes|quests|world	implemented_reference_map	reference_extracted_pending_domain_review
WDM-ROUTE-7b0aa65e8b9d	route	zone and wound chamber	canon/canonical_story_tree/all_25_books_latest_full_cycle.txt|canon/canonical_story_tree/books/Book_21_The_Final_Descent/book_content.txt	path	timeline|relationships|scenes|quests|world	implemented_reference_map	reference_extracted_pending_domain_review
WDM-ROUTE-ef916f3464ee	route	Descent under anti-thread bombardment	canon/canonical_story_tree/all_25_books_latest_full_cycle.txt|canon/canonical_story_tree/books/Book_21_The_Final_Descent/book_content.txt	path	timeline|relationships|scenes|quests|world	implemented_reference_map	reference_extracted_pending_domain_review
WDM-ROUTE-054233dd25c4	route	Wraith-guided false reunion trap	canon/canonical_story_tree/all_25_books_latest_full_cycle.txt|canon/canonical_story_tree/books/Book_21_The_Final_Descent/book_content.txt	path	timeline|relationships|scenes|quests|world	implemented_reference_map	reference_extracted_pending_domain_review
WDM-ROUTE-850d77ceaead	route	Nieth-held passage collapses behind the	canon/canonical_story_tree/all_25_books_latest_full_cycle.txt|canon/canonical_story_tree/books/Book_21_The_Final_Descent/book_content.txt	path	timeline|relationships|scenes|quests|world	implemented_reference_map	reference_extracted_pending_domain_review
WDM-ROUTE-a2c861fc5cbc	route	cast	canon/canonical_story_tree/all_25_books_latest_full_cycle.txt|canon/canonical_story_tree/books/Book_21_The_Final_Descent/book_content.txt	path	timeline|relationships|scenes|quests|world	implemented_reference_map	reference_extracted_pending_domain_review
WDM-ROUTE-efe4a0c793cf	route	Xethrolund rescue that costs stability	canon/canonical_story_tree/all_25_books_latest_full_cycle.txt|canon/canonical_story_tree/books/Book_21_The_Final_Descent/book_content.txt	path	timeline|relationships|scenes|quests|world	implemented_reference_map	reference_extracted_pending_domain_review
WDM-ROUTE-203d1d4eacac	route	Support-cast death saving the path	canon/canonical_story_tree/all_25_books_latest_full_cycle.txt|canon/canonical_story_tree/books/Book_21_The_Final_Descent/book_content.txt	path	timeline|relationships|scenes|quests|world	implemented_reference_map	reference_extracted_pending_domain_review
WDM-ROUTE-0a04cd02abfe	route	Ursula-domain war bottleneck explodes	canon/canonical_story_tree/all_25_books_latest_full_cycle.txt|canon/canonical_story_tree/books/Book_21_The_Final_Descent/book_content.txt	path	timeline|relationships|scenes|quests|world	implemented_reference_map	reference_extracted_pending_domain_review
WDM-ROUTE-ee67a8effce5	route	Pip forced to feel all	canon/canonical_story_tree/all_25_books_latest_full_cycle.txt|canon/canonical_story_tree/books/Book_21_The_Final_Descent/book_content.txt	path	timeline|relationships|scenes|quests|world	implemented_reference_map	reference_extracted_pending_domain_review
WDM-ROUTE-20e6a375d6ba	route	living threads in descent	canon/canonical_story_tree/all_25_books_latest_full_cycle.txt|canon/canonical_story_tree/books/Book_21_The_Final_Descent/book_content.txt	path	timeline|relationships|scenes|quests|world	implemented_reference_map	reference_extracted_pending_domain_review
WDM-ROUTE-2fc73b5e3854	route	Rolzen saves	canon/canonical_story_tree/all_25_books_latest_full_cycle.txt|canon/canonical_story_tree/books/Book_21_The_Final_Descent/book_content.txt	path	timeline|relationships|scenes|quests|world	implemented_reference_map	reference_extracted_pending_domain_review
WDM-ROUTE-ce4031cd394c	route	collapse window	canon/canonical_story_tree/all_25_books_latest_full_cycle.txt|canon/canonical_story_tree/books/Book_21_The_Final_Descent/book_content.txt	path	timeline|relationships|scenes|quests|world	implemented_reference_map	reference_extracted_pending_domain_review
WDM-ROUTE-c43d32735d64	route	Villain is undone by refusing	canon/canonical_story_tree/all_25_books_latest_full_cycle.txt|canon/canonical_story_tree/books/Book_21_The_Final_Descent/book_content.txt	path	timeline|relationships|scenes|quests|world	implemented_reference_map	reference_extracted_pending_domain_review
WDM-ROUTE-69f070933e62	route	mercy	canon/canonical_story_tree/all_25_books_latest_full_cycle.txt|canon/canonical_story_tree/books/Book_21_The_Final_Descent/book_content.txt	path	timeline|relationships|scenes|quests|world	implemented_reference_map	reference_extracted_pending_domain_review
WDM-ROUTE-20a909db955e	route	Daisy anchors	canon/canonical_story_tree/all_25_books_latest_full_cycle.txt|canon/canonical_story_tree/books/Book_21_The_Final_Descent/book_content.txt	path	timeline|relationships|scenes|quests|world	implemented_reference_map	reference_extracted_pending_domain_review
WDM-ROUTE-32fb56431678	route	specific wake over generic sadness	canon/canonical_story_tree/all_25_books_latest_full_cycle.txt|canon/canonical_story_tree/books/Book_21_The_Final_Descent/book_content.txt	path	timeline|relationships|scenes|quests|world	implemented_reference_map	reference_extracted_pending_domain_review
WDM-ROUTE-03345bb865f8	route	structural wake over isolated sentiment	canon/canonical_story_tree/all_25_books_latest_full_cycle.txt|canon/canonical_story_tree/books/Book_21_The_Final_Descent/book_content.txt|canon/canonical_story_tree/books/Book_25_Death_Is_Rebirth/book_content.txt	corridor|path	timeline|relationships|scenes|quests|world	implemented_reference_map	reference_extracted_pending_domain_review
WDM-ROUTE-ce60ffad961a	route	return must answer the wound-form	canon/canonical_story_tree/all_25_books_latest_full_cycle.txt|canon/canonical_story_tree/books/Book_21_The_Final_Descent/book_content.txt	path	timeline|relationships|scenes|quests|world	implemented_reference_map	reference_extracted_pending_domain_review
WDM-ROUTE-0bab4d303aea	route	this book creates	canon/canonical_story_tree/all_25_books_latest_full_cycle.txt|canon/canonical_story_tree/books/Book_21_The_Final_Descent/book_content.txt	path	timeline|relationships|scenes|quests|world	implemented_reference_map	reference_extracted_pending_domain_review
WDM-ROUTE-e64b23d03231	route	Book-specific emphasis	canon/canonical_story_tree/all_25_books_latest_full_cycle.txt|canon/canonical_story_tree/books/Book_21_The_Final_Descent/book_content.txt	path	timeline|relationships|scenes|quests|world	implemented_reference_map	reference_extracted_pending_domain_review
WDM-ROUTE-dbb2211eedc7	route	descent as wound chamber	canon/canonical_story_tree/all_25_books_latest_full_cycle.txt|canon/canonical_story_tree/books/Book_21_The_Final_Descent/book_content.txt	path	timeline|relationships|scenes|quests|world	implemented_reference_map	reference_extracted_pending_domain_review
WDM-ROUTE-215154b0e804	route	deaths that save path	canon/canonical_story_tree/all_25_books_latest_full_cycle.txt|canon/canonical_story_tree/books/Book_21_The_Final_Descent/book_content.txt	path	timeline|relationships|scenes|quests|world	implemented_reference_map	reference_extracted_pending_domain_review
WDM-ROUTE-97e8dc295d5f	route	continuity	canon/canonical_story_tree/all_25_books_latest_full_cycle.txt|canon/canonical_story_tree/books/Book_21_The_Final_Descent/book_content.txt	path	timeline|relationships|scenes|quests|world	implemented_reference_map	reference_extracted_pending_domain_review
WDM-ROUTE-4304d9d058b0	route	or shared survival	canon/canonical_story_tree/all_25_books_latest_full_cycle.txt|canon/canonical_story_tree/books/Book_21_The_Final_Descent/book_content.txt	path	timeline|relationships|scenes|quests|world	implemented_reference_map	reference_extracted_pending_domain_review
WDM-ROUTE-4c002bbfc48c	route	Pip learning the texture of	canon/canonical_story_tree/all_25_books_latest_full_cycle.txt|canon/canonical_story_tree/books/Book_21_The_Final_Descent/book_content.txt	path	timeline|relationships|scenes|quests|world	implemented_reference_map	reference_extracted_pending_domain_review
WDM-ROUTE-8fe2c84b5baa	route	failing life-threads	canon/canonical_story_tree/all_25_books_latest_full_cycle.txt|canon/canonical_story_tree/books/Book_21_The_Final_Descent/book_content.txt	path	timeline|relationships|scenes|quests|world	implemented_reference_map	reference_extracted_pending_domain_review
WDM-ROUTE-485fce1e69f0	route	named	canon/canonical_story_tree/all_25_books_latest_full_cycle.txt|canon/canonical_story_tree/books/Book_21_The_Final_Descent/book_content.txt	path	timeline|relationships|scenes|quests|world	implemented_reference_map	reference_extracted_pending_domain_review
WDM-ROUTE-f162668e786e	route	support	canon/canonical_story_tree/all_25_books_latest_full_cycle.txt|canon/canonical_story_tree/books/Book_21_The_Final_Descent/book_content.txt	path	timeline|relationships|scenes|quests|world	implemented_reference_map	reference_extracted_pending_domain_review
WDM-ROUTE-2715f52d82d5	route	assignment	canon/canonical_story_tree/all_25_books_latest_full_cycle.txt|canon/canonical_story_tree/books/Book_21_The_Final_Descent/book_content.txt	path	timeline|relationships|scenes|quests|world	implemented_reference_map	reference_extracted_pending_domain_review
WDM-ROUTE-c372404efdf9	route	"Named Support-Cast Assignment

Status"	canon/canonical_story_tree/all_25_books_latest_full_cycle.txt|canon/canonical_story_tree/books/Book_21_The_Final_Descent/book_content.txt	path	timeline|relationships|scenes|quests|world	implemented_reference_map	reference_extracted_pending_domain_review
WDM-ROUTE-6ded31b37e3e	route	should be about the saved	canon/canonical_story_tree/all_25_books_latest_full_cycle.txt|canon/canonical_story_tree/books/Book_21_The_Final_Descent/book_content.txt	path	timeline|relationships|scenes|quests|world	implemented_reference_map	reference_extracted_pending_domain_review
WDM-ROUTE-737a29f1fb3f	route	not the self	canon/canonical_story_tree/all_25_books_latest_full_cycle.txt|canon/canonical_story_tree/books/Book_21_The_Final_Descent/book_content.txt	path	timeline|relationships|scenes|quests|world	implemented_reference_map	reference_extracted_pending_domain_review
WDM-ROUTE-53019a1e7b6f	route	the group’s reaction should reveal	canon/canonical_story_tree/all_25_books_latest_full_cycle.txt|canon/canonical_story_tree/books/Book_21_The_Final_Descent/book_content.txt	path	timeline|relationships|scenes|quests|world	implemented_reference_map	reference_extracted_pending_domain_review
WDM-ROUTE-334d496fae82	route	the size of the care-hole	canon/canonical_story_tree/all_25_books_latest_full_cycle.txt|canon/canonical_story_tree/books/Book_21_The_Final_Descent/book_content.txt	path	timeline|relationships|scenes|quests|world	implemented_reference_map	reference_extracted_pending_domain_review
WDM-ROUTE-e5c9494f7236	route	Dialogue Target	canon/canonical_story_tree/all_25_books_latest_full_cycle.txt|canon/canonical_story_tree/books/Book_21_The_Final_Descent/book_content.txt|canon/canonical_story_tree/books/Book_22_The_Last_Open_Gate/book_content.txt	path	timeline|relationships|scenes|quests|world	implemented_reference_map	reference_extracted_pending_domain_review
WDM-ROUTE-f6bc7059e41c	route	Nieth Passage	canon/canonical_story_tree/all_25_books_latest_full_cycle.txt|canon/canonical_story_tree/books/Book_21_The_Final_Descent/book_content.txt	path	timeline|relationships|scenes|quests|world	implemented_reference_map	reference_extracted_pending_domain_review
WDM-ROUTE-83c2ec06db98	route	characters should argue over whether	canon/canonical_story_tree/all_25_books_latest_full_cycle.txt|canon/canonical_story_tree/books/Book_21_The_Final_Descent/book_content.txt	path	timeline|relationships|scenes|quests|world	implemented_reference_map	reference_extracted_pending_domain_review
WDM-ROUTE-d4f6cfbec336	route	to trust	canon/canonical_story_tree/all_25_books_latest_full_cycle.txt|canon/canonical_story_tree/books/Book_21_The_Final_Descent/book_content.txt	path	timeline|relationships|scenes|quests|world	implemented_reference_map	reference_extracted_pending_domain_review
WDM-ROUTE-47f25035e101	route	path that feels wrong	canon/canonical_story_tree/all_25_books_latest_full_cycle.txt|canon/canonical_story_tree/books/Book_21_The_Final_Descent/book_content.txt	path	timeline|relationships|scenes|quests|world	implemented_reference_map	reference_extracted_pending_domain_review
WDM-ROUTE-c93fbeea4503	route	no one should sound sure	canon/canonical_story_tree/all_25_books_latest_full_cycle.txt|canon/canonical_story_tree/books/Book_21_The_Final_Descent/book_content.txt	path	timeline|relationships|scenes|quests|world	implemented_reference_map	reference_extracted_pending_domain_review
WDM-ROUTE-0c16e9c65f91	route	prose	canon/canonical_story_tree/all_25_books_latest_full_cycle.txt|canon/canonical_story_tree/books/Book_21_The_Final_Descent/book_content.txt|canon/canonical_story_tree/books/Book_22_The_Last_Open_Gate/book_content.txt	path	timeline|relationships|scenes|quests|world	implemented_reference_map	reference_extracted_pending_domain_review
WDM-ROUTE-36512594acd3	route	tone	canon/canonical_story_tree/all_25_books_latest_full_cycle.txt|canon/canonical_story_tree/books/Book_21_The_Final_Descent/book_content.txt|canon/canonical_story_tree/books/Book_22_The_Last_Open_Gate/book_content.txt	path	timeline|relationships|scenes|quests|world	implemented_reference_map	reference_extracted_pending_domain_review
WDM-ROUTE-3c2a48460247	route	targets	canon/canonical_story_tree/all_25_books_latest_full_cycle.txt|canon/canonical_story_tree/books/Book_21_The_Final_Descent/book_content.txt|canon/canonical_story_tree/books/Book_22_The_Last_Open_Gate/book_content.txt	path	timeline|relationships|scenes|quests|world	implemented_reference_map	reference_extracted_pending_domain_review
WDM-ROUTE-6736b992a761	route	"Prose Tone Targets

Status"	canon/canonical_story_tree/all_25_books_latest_full_cycle.txt|canon/canonical_story_tree/books/Book_21_The_Final_Descent/book_content.txt|canon/canonical_story_tree/books/Book_22_The_Last_Open_Gate/book_content.txt	path	timeline|relationships|scenes|quests|world	implemented_reference_map	reference_extracted_pending_domain_review
WDM-ROUTE-935299ec3e81	route	"provisional working draft
Authority"	canon/canonical_story_tree/all_25_books_latest_full_cycle.txt|canon/canonical_story_tree/books/Book_21_The_Final_Descent/book_content.txt|canon/canonical_story_tree/books/Book_22_The_Last_Open_Gate/book_content.txt	path	timeline|relationships|scenes|quests|world	implemented_reference_map	reference_extracted_pending_domain_review
WDM-ROUTE-f121f61b7632	route	best-fit inferred prose pass	canon/canonical_story_tree/all_25_books_latest_full_cycle.txt|canon/canonical_story_tree/books/Book_21_The_Final_Descent/book_content.txt	path	timeline|relationships|scenes|quests|world	implemented_reference_map	reference_extracted_pending_domain_review
WDM-ROUTE-8fb9fb114aa8	route	revelation happens through environment and	canon/canonical_story_tree/all_25_books_latest_full_cycle.txt|canon/canonical_story_tree/books/Book_21_The_Final_Descent/book_content.txt	path	timeline|relationships|scenes|quests|world	implemented_reference_map	reference_extracted_pending_domain_review
WDM-ROUTE-306fcdb13f3d	route	cost	canon/canonical_story_tree/all_25_books_latest_full_cycle.txt|canon/canonical_story_tree/books/Book_21_The_Final_Descent/book_content.txt	path	timeline|relationships|scenes|quests|world	implemented_reference_map	reference_extracted_pending_domain_review
WDM-ROUTE-980158e3fe6c	route	Pip is forced into knowledge	canon/canonical_story_tree/all_25_books_latest_full_cycle.txt|canon/canonical_story_tree/books/Book_21_The_Final_Descent/book_content.txt	path	timeline|relationships|scenes|quests|world	implemented_reference_map	reference_extracted_pending_domain_review
WDM-ROUTE-441dbe5a2d20	route	he cannot unknow	canon/canonical_story_tree/all_25_books_latest_full_cycle.txt|canon/canonical_story_tree/books/Book_21_The_Final_Descent/book_content.txt	path	timeline|relationships|scenes|quests|world	implemented_reference_map	reference_extracted_pending_domain_review
WDM-ROUTE-7061c2897e8f	route	Descent	canon/canonical_story_tree/all_25_books_latest_full_cycle.txt|canon/canonical_story_tree/books/Book_21_The_Final_Descent/book_content.txt	path	timeline|relationships|scenes|quests|world	implemented_reference_map	reference_extracted_pending_domain_review
WDM-ROUTE-b2dc8088b60c	route	"Inheritance
Function"	canon/canonical_story_tree/all_25_books_latest_full_cycle.txt|canon/canonical_story_tree/books/Book_21_The_Final_Descent/book_content.txt	path	timeline|relationships|scenes|quests|world	implemented_reference_map	reference_extracted_pending_domain_review
WDM-ROUTE-f2a182b16f7f	route	Ursula's ghost-pressure joins Mack-root pressure	canon/canonical_story_tree/all_25_books_latest_full_cycle.txt|canon/canonical_story_tree/books/Book_21_The_Final_Descent/book_content.txt	path	timeline|relationships|scenes|quests|world	implemented_reference_map	reference_extracted_pending_domain_review
WDM-ROUTE-c684331d7b9b	route	in the underworld path	canon/canonical_story_tree/all_25_books_latest_full_cycle.txt|canon/canonical_story_tree/books/Book_21_The_Final_Descent/book_content.txt	path	timeline|relationships|scenes|quests|world	implemented_reference_map	reference_extracted_pending_domain_review
WDM-ROUTE-0a8649529df2	route	she is still not casually	canon/canonical_story_tree/all_25_books_latest_full_cycle.txt|canon/canonical_story_tree/books/Book_21_The_Final_Descent/book_content.txt	path	timeline|relationships|scenes|quests|world	implemented_reference_map	reference_extracted_pending_domain_review
WDM-ROUTE-9b6d0806f66a	route	embodied	canon/canonical_story_tree/all_25_books_latest_full_cycle.txt|canon/canonical_story_tree/books/Book_21_The_Final_Descent/book_content.txt	path	timeline|relationships|scenes|quests|world	implemented_reference_map	reference_extracted_pending_domain_review
WDM-ROUTE-344eeaaecf73	route	her presence changes what stone	canon/canonical_story_tree/all_25_books_latest_full_cycle.txt|canon/canonical_story_tree/books/Book_21_The_Final_Descent/book_content.txt	path	timeline|relationships|scenes|quests|world	implemented_reference_map	reference_extracted_pending_domain_review
WDM-ROUTE-d987a30c7cd9	route	passage	canon/canonical_story_tree/all_25_books_latest_full_cycle.txt|canon/canonical_story_tree/books/Book_21_The_Final_Descent/book_content.txt	path	timeline|relationships|scenes|quests|world	implemented_reference_map	reference_extracted_pending_domain_review
WDM-ROUTE-2f9e910f4f76	route	and collapse do	canon/canonical_story_tree/all_25_books_latest_full_cycle.txt|canon/canonical_story_tree/books/Book_21_The_Final_Descent/book_content.txt	path	timeline|relationships|scenes|quests|world	implemented_reference_map	reference_extracted_pending_domain_review
WDM-ROUTE-d792339428a0	route	maternal threshold energy enters action	canon/canonical_story_tree/all_25_books_latest_full_cycle.txt|canon/canonical_story_tree/books/Book_21_The_Final_Descent/book_content.txt	path	timeline|relationships|scenes|quests|world	implemented_reference_map	reference_extracted_pending_domain_review
WDM-ROUTE-871c3bba2bf4	route	rather than lecture	canon/canonical_story_tree/all_25_books_latest_full_cycle.txt|canon/canonical_story_tree/books/Book_21_The_Final_Descent/book_content.txt	path	timeline|relationships|scenes|quests|world	implemented_reference_map	reference_extracted_pending_domain_review
WDM-ROUTE-88e70182d37b	route	S004 Mack-Booming-Voice-Rolls-Through-a-Sanctuary-Preparing-the-Household-for-Lowered-Worlds	canon/canonical_story_tree/all_25_books_latest_full_cycle.txt|canon/canonical_story_tree/books/Book_21_The_Final_Descent/book_content.txt	path	timeline|relationships|scenes|quests|world	implemented_reference_map	reference_extracted_pending_domain_review
WDM-ROUTE-145af5c2ae4e	route	through the plunge	canon/canonical_story_tree/all_25_books_latest_full_cycle.txt|canon/canonical_story_tree/books/Book_21_The_Final_Descent/book_content.txt	path	timeline|relationships|scenes|quests|world	implemented_reference_map	reference_extracted_pending_domain_review
WDM-ROUTE-ee3085295118	route	S005 The-Ground-Grows-Downward-Paths-Root-Ramps-and-Depth-Grottos-Out-of-the-Earth	canon/canonical_story_tree/all_25_books_latest_full_cycle.txt|canon/canonical_story_tree/books/Book_21_The_Final_Descent/book_content.txt	path	timeline|relationships|scenes|quests|world	implemented_reference_map	reference_extracted_pending_domain_review
WDM-ROUTE-79bd2f7f9af8	route	Life magic responds to lowering	canon/canonical_story_tree/all_25_books_latest_full_cycle.txt|canon/canonical_story_tree/books/Book_21_The_Final_Descent/book_content.txt	path	timeline|relationships|scenes|quests|world	implemented_reference_map	reference_extracted_pending_domain_review
WDM-ROUTE-170f5bfc76fb	route	stakes	canon/canonical_story_tree/all_25_books_latest_full_cycle.txt|canon/canonical_story_tree/books/Book_21_The_Final_Descent/book_content.txt	path	timeline|relationships|scenes|quests|world	implemented_reference_map	reference_extracted_pending_domain_review
WDM-ROUTE-32b5ddc4b404	route	S006 Pip-Understands-That-Going-Down-Means-Entering-What-Has-Been-Beneath-So-Much-of-Everything	canon/canonical_story_tree/all_25_books_latest_full_cycle.txt|canon/canonical_story_tree/books/Book_21_The_Final_Descent/book_content.txt	path	timeline|relationships|scenes|quests|world	implemented_reference_map	reference_extracted_pending_domain_review
WDM-ROUTE-c3647cdd5965	route	Great Dane truth holds	canon/canonical_story_tree/all_25_books_latest_full_cycle.txt|canon/canonical_story_tree/books/Book_21_The_Final_Descent/book_content.txt	path	timeline|relationships|scenes|quests|world	implemented_reference_map	reference_extracted_pending_domain_review
WDM-ROUTE-ec4d188a2736	route	S057 Mack-Frames-the-Descent-As-Approach-to-a-Bound-Truth-Not-Only-a-Geological-One	canon/canonical_story_tree/all_25_books_latest_full_cycle.txt|canon/canonical_story_tree/books/Book_21_The_Final_Descent/book_content.txt	path	timeline|relationships|scenes|quests|world	implemented_reference_map	reference_extracted_pending_domain_review
WDM-ROUTE-28f08d8703d7	route	Deity reading sharpens	canon/canonical_story_tree/all_25_books_latest_full_cycle.txt|canon/canonical_story_tree/books/Book_21_The_Final_Descent/book_content.txt	path	timeline|relationships|scenes|quests|world	implemented_reference_map	reference_extracted_pending_domain_review
WDM-ROUTE-02683228b5c0	route	S058 The-Sanctuary-Feels-Like-It-Is-Growing-a-Path-Toward-a-Buried-Goddess-and-Broken-Heart	canon/canonical_story_tree/all_25_books_latest_full_cycle.txt|canon/canonical_story_tree/books/Book_21_The_Final_Descent/book_content.txt	path	timeline|relationships|scenes|quests|world	implemented_reference_map	reference_extracted_pending_domain_review
WDM-ROUTE-55986114f788	route	S059 Pip-Hates-That-Truth-and-Stays-Present-to-It	canon/canonical_story_tree/all_25_books_latest_full_cycle.txt|canon/canonical_story_tree/books/Book_21_The_Final_Descent/book_content.txt	path	timeline|relationships|scenes|quests|world	implemented_reference_map	reference_extracted_pending_domain_review
WDM-ROUTE-317a112845fe	route	Determination remains real	canon/canonical_story_tree/all_25_books_latest_full_cycle.txt|canon/canonical_story_tree/books/Book_21_The_Final_Descent/book_content.txt	path	timeline|relationships|scenes|quests|world	implemented_reference_map	reference_extracted_pending_domain_review
WDM-ROUTE-9a145a4b6981	route	S060 The-Beat-Ends-with-Ursulas-Binding-Woven-Cleanly-Into-the-Final-Descent-Book	canon/canonical_story_tree/all_25_books_latest_full_cycle.txt|canon/canonical_story_tree/books/Book_21_The_Final_Descent/book_content.txt	path	timeline|relationships|scenes|quests|world	implemented_reference_map	reference_extracted_pending_domain_review
WDM-ROUTE-f548b6a6779b	route	Her remaining weave is what	canon/canonical_story_tree/all_25_books_latest_full_cycle.txt|canon/canonical_story_tree/books/Book_22_The_Last_Open_Gate/book_content.txt	route	timeline|relationships|scenes|quests|world	implemented_reference_map	reference_extracted_pending_domain_review
WDM-ROUTE-b8a2aefa4031	route	keeps the last gate open	canon/canonical_story_tree/all_25_books_latest_full_cycle.txt|canon/canonical_story_tree/books/Book_22_The_Last_Open_Gate/book_content.txt	route	timeline|relationships|scenes|quests|world	implemented_reference_map	reference_extracted_pending_domain_review
WDM-ROUTE-955415c58a56	route	at all	canon/canonical_story_tree/all_25_books_latest_full_cycle.txt|canon/canonical_story_tree/books/Book_22_The_Last_Open_Gate/book_content.txt	route	timeline|relationships|scenes|quests|world	implemented_reference_map	reference_extracted_pending_domain_review
WDM-ROUTE-38a6d70f189f	route	They try to sever access	canon/canonical_story_tree/all_25_books_latest_full_cycle.txt|canon/canonical_story_tree/books/Book_22_The_Last_Open_Gate/book_content.txt	route	timeline|relationships|scenes|quests|world	implemented_reference_map	reference_extracted_pending_domain_review
WDM-ROUTE-9c397e51d42b	route	and collapse the final convergence	canon/canonical_story_tree/all_25_books_latest_full_cycle.txt|canon/canonical_story_tree/books/Book_22_The_Last_Open_Gate/book_content.txt	route	timeline|relationships|scenes|quests|world	implemented_reference_map	reference_extracted_pending_domain_review
WDM-ROUTE-a5253a75caf4	route	They weaponize false arrival	canon/canonical_story_tree/all_25_books_latest_full_cycle.txt|canon/canonical_story_tree/books/Book_22_The_Last_Open_Gate/book_content.txt	route	timeline|relationships|scenes|quests|world	implemented_reference_map	reference_extracted_pending_domain_review
WDM-ROUTE-e03d8ce048de	route	false beloveds	canon/canonical_story_tree/all_25_books_latest_full_cycle.txt|canon/canonical_story_tree/books/Book_22_The_Last_Open_Gate/book_content.txt	route	timeline|relationships|scenes|quests|world	implemented_reference_map	reference_extracted_pending_domain_review
WDM-ROUTE-07e1d446e076	route	and threshold confusion	canon/canonical_story_tree/all_25_books_latest_full_cycle.txt|canon/canonical_story_tree/books/Book_22_The_Last_Open_Gate/book_content.txt	route	timeline|relationships|scenes|quests|world	implemented_reference_map	reference_extracted_pending_domain_review
WDM-ROUTE-3f2ad79f50f4	route	"battle pressure
Gate-war under choice"	canon/canonical_story_tree/all_25_books_latest_full_cycle.txt|canon/canonical_story_tree/books/Book_22_The_Last_Open_Gate/book_content.txt	route	timeline|relationships|scenes|quests|world	implemented_reference_map	reference_extracted_pending_domain_review
WDM-ROUTE-9f85c6521b54	route	pressure	canon/canonical_story_tree/all_25_books_latest_full_cycle.txt|canon/canonical_story_tree/books/Book_22_The_Last_Open_Gate/book_content.txt	route	timeline|relationships|scenes|quests|world	implemented_reference_map	reference_extracted_pending_domain_review
WDM-ROUTE-be866e1e3465	route	character would truly use it	canon/canonical_story_tree/all_25_books_latest_full_cycle.txt|canon/canonical_story_tree/books/Book_22_The_Last_Open_Gate/book_content.txt	path	timeline|relationships|scenes|quests|world	implemented_reference_map	reference_extracted_pending_domain_review
WDM-ROUTE-d3d4ea702ee6	route	people should speak from debt	canon/canonical_story_tree/all_25_books_latest_full_cycle.txt|canon/canonical_story_tree/books/Book_22_The_Last_Open_Gate/book_content.txt	path	timeline|relationships|scenes|quests|world	implemented_reference_map	reference_extracted_pending_domain_review
WDM-ROUTE-00937900c754	route	consequence	canon/canonical_story_tree/all_25_books_latest_full_cycle.txt|canon/canonical_story_tree/books/Book_22_The_Last_Open_Gate/book_content.txt	path	timeline|relationships|scenes|quests|world	implemented_reference_map	reference_extracted_pending_domain_review
WDM-ROUTE-b1bed3db1a39	route	regret	canon/canonical_story_tree/all_25_books_latest_full_cycle.txt|canon/canonical_story_tree/books/Book_22_The_Last_Open_Gate/book_content.txt	path	timeline|relationships|scenes|quests|world	implemented_reference_map	reference_extracted_pending_domain_review
WDM-ROUTE-0096097b5f49	route	loyalty	canon/canonical_story_tree/all_25_books_latest_full_cycle.txt|canon/canonical_story_tree/books/Book_22_The_Last_Open_Gate/book_content.txt	path	timeline|relationships|scenes|quests|world	implemented_reference_map	reference_extracted_pending_domain_review
WDM-ROUTE-161d0d6e064a	route	and loss	canon/canonical_story_tree/all_25_books_latest_full_cycle.txt|canon/canonical_story_tree/books/Book_22_The_Last_Open_Gate/book_content.txt	path	timeline|relationships|scenes|quests|world	implemented_reference_map	reference_extracted_pending_domain_review
WDM-ROUTE-68ac4a63c23c	route	Threshold Tyrant	canon/canonical_story_tree/all_25_books_latest_full_cycle.txt|canon/canonical_story_tree/books/Book_22_The_Last_Open_Gate/book_content.txt	path	timeline|relationships|scenes|quests|world	implemented_reference_map	reference_extracted_pending_domain_review
WDM-ROUTE-095e2ba9efe7	route	their speech should reveal ownership	canon/canonical_story_tree/all_25_books_latest_full_cycle.txt|canon/canonical_story_tree/books/Book_22_The_Last_Open_Gate/book_content.txt	path	timeline|relationships|scenes|quests|world	implemented_reference_map	reference_extracted_pending_domain_review
WDM-ROUTE-9f9fd8e1f7a6	route	pathology	canon/canonical_story_tree/all_25_books_latest_full_cycle.txt|canon/canonical_story_tree/books/Book_22_The_Last_Open_Gate/book_content.txt	path	timeline|relationships|scenes|quests|world	implemented_reference_map	reference_extracted_pending_domain_review
WDM-ROUTE-618f7c50881f	route	they should sound offended that	canon/canonical_story_tree/all_25_books_latest_full_cycle.txt|canon/canonical_story_tree/books/Book_22_The_Last_Open_Gate/book_content.txt	path	timeline|relationships|scenes|quests|world	implemented_reference_map	reference_extracted_pending_domain_review
WDM-ROUTE-9ca4b07c1a4d	route	reality is not yielding to	canon/canonical_story_tree/all_25_books_latest_full_cycle.txt|canon/canonical_story_tree/books/Book_22_The_Last_Open_Gate/book_content.txt	path	timeline|relationships|scenes|quests|world	implemented_reference_map	reference_extracted_pending_domain_review
WDM-ROUTE-1e75306f98c6	route	possession	canon/canonical_story_tree/all_25_books_latest_full_cycle.txt|canon/canonical_story_tree/books/Book_22_The_Last_Open_Gate/book_content.txt	path	timeline|relationships|scenes|quests|world	implemented_reference_map	reference_extracted_pending_domain_review
WDM-ROUTE-febc55d01bed	route	The Last Open Gate	canon/canonical_story_tree/all_25_books_latest_full_cycle.txt|canon/canonical_story_tree/books/Book_22_The_Last_Open_Gate/book_content.txt	path	timeline|relationships|scenes|quests|world	implemented_reference_map	reference_extracted_pending_domain_review
WDM-ROUTE-901ca4a557f0	route	visibly alter outcomes	canon/canonical_story_tree/all_25_books_latest_full_cycle.txt|canon/canonical_story_tree/books/Book_22_The_Last_Open_Gate/book_content.txt	path	timeline|relationships|scenes|quests|world	implemented_reference_map	reference_extracted_pending_domain_review
WDM-ROUTE-098c46428a08	route	the scene is not finished	canon/canonical_story_tree/all_25_books_latest_full_cycle.txt|canon/canonical_story_tree/books/Book_22_The_Last_Open_Gate/book_content.txt	path	timeline|relationships|scenes|quests|world	implemented_reference_map	reference_extracted_pending_domain_review
WDM-ROUTE-11f3dc1fac02	route	if sacrifice does not leave	canon/canonical_story_tree/all_25_books_latest_full_cycle.txt|canon/canonical_story_tree/books/Book_22_The_Last_Open_Gate/book_content.txt	path	timeline|relationships|scenes|quests|world	implemented_reference_map	reference_extracted_pending_domain_review
WDM-ROUTE-d8f277b275d4	route	an alliance	canon/canonical_story_tree/all_25_books_latest_full_cycle.txt|canon/canonical_story_tree/books/Book_22_The_Last_Open_Gate/book_content.txt	path	timeline|relationships|scenes|quests|world	implemented_reference_map	reference_extracted_pending_domain_review
WDM-ROUTE-98909360c908	route	counsel	canon/canonical_story_tree/all_25_books_latest_full_cycle.txt|canon/canonical_story_tree/books/Book_22_The_Last_Open_Gate/book_content.txt	path	timeline|relationships|scenes|quests|world	implemented_reference_map	reference_extracted_pending_domain_review
WDM-ROUTE-5fa7f662bc9e	route	defense hole	canon/canonical_story_tree/all_25_books_latest_full_cycle.txt|canon/canonical_story_tree/books/Book_22_The_Last_Open_Gate/book_content.txt	path	timeline|relationships|scenes|quests|world	implemented_reference_map	reference_extracted_pending_domain_review
WDM-ROUTE-7b2746b0b261	route	sharpen it	canon/canonical_story_tree/all_25_books_latest_full_cycle.txt|canon/canonical_story_tree/books/Book_22_The_Last_Open_Gate/book_content.txt	path	timeline|relationships|scenes|quests|world	implemented_reference_map	reference_extracted_pending_domain_review
WDM-ROUTE-f6fbbe2874e6	route	if the tyrant sounds interchangeable	canon/canonical_story_tree/all_25_books_latest_full_cycle.txt|canon/canonical_story_tree/books/Book_22_The_Last_Open_Gate/book_content.txt	path	timeline|relationships|scenes|quests|world	implemented_reference_map	reference_extracted_pending_domain_review
WDM-ROUTE-742905d8be40	route	rewrite from ownership pathology	canon/canonical_story_tree/all_25_books_latest_full_cycle.txt|canon/canonical_story_tree/books/Book_22_The_Last_Open_Gate/book_content.txt	path	timeline|relationships|scenes|quests|world	implemented_reference_map	reference_extracted_pending_domain_review
WDM-ROUTE-5721b95005dd	route	B22	canon/canonical_story_tree/all_25_books_latest_full_cycle.txt|canon/canonical_story_tree/books/Book_22_The_Last_Open_Gate/book_content.txt	crossing|path	timeline|relationships|scenes|quests|world	implemented_reference_map	reference_extracted_pending_domain_review
WDM-ROUTE-845ef580f0d0	route	Gate	canon/canonical_story_tree/all_25_books_latest_full_cycle.txt|canon/canonical_story_tree/books/Book_22_The_Last_Open_Gate/book_content.txt	path	timeline|relationships|scenes|quests|world	implemented_reference_map	reference_extracted_pending_domain_review
WDM-ROUTE-4911173c4575	route	"Judgment
Function"	canon/canonical_story_tree/all_25_books_latest_full_cycle.txt|canon/canonical_story_tree/books/Book_22_The_Last_Open_Gate/book_content.txt	path	timeline|relationships|scenes|quests|world	implemented_reference_map	reference_extracted_pending_domain_review
WDM-ROUTE-327f3554df4d	route	S004 Mack-Booming-Voice-Rolls-Through-a-Sanctuary-Oriented-Toward-the-Open-Threshold	canon/canonical_story_tree/all_25_books_latest_full_cycle.txt|canon/canonical_story_tree/books/Book_22_The_Last_Open_Gate/book_content.txt	path	timeline|relationships|scenes|quests|world	implemented_reference_map	reference_extracted_pending_domain_review
WDM-ROUTE-55b9f6c723c8	route	through threshold strain	canon/canonical_story_tree/all_25_books_latest_full_cycle.txt|canon/canonical_story_tree/books/Book_22_The_Last_Open_Gate/book_content.txt	path	timeline|relationships|scenes|quests|world	implemented_reference_map	reference_extracted_pending_domain_review
WDM-ROUTE-e14bc3bfe1f4	route	S005 The-Ground-Grows-Approach-Paths-Holding-Rims-and-Waiting-Hollows-Out-of-the-Earth	canon/canonical_story_tree/all_25_books_latest_full_cycle.txt|canon/canonical_story_tree/books/Book_22_The_Last_Open_Gate/book_content.txt	path	timeline|relationships|scenes|quests|world	implemented_reference_map	reference_extracted_pending_domain_review
WDM-ROUTE-a7e1c2de9bb3	route	Life magic responds to threshold	canon/canonical_story_tree/all_25_books_latest_full_cycle.txt|canon/canonical_story_tree/books/Book_22_The_Last_Open_Gate/book_content.txt	path	timeline|relationships|scenes|quests|world	implemented_reference_map	reference_extracted_pending_domain_review
WDM-ROUTE-a18e2c816141	route	S006 Pip-Understands-That-an-Open-Gate-Is-Not-the-Same-As-a-Safe-One	canon/canonical_story_tree/all_25_books_latest_full_cycle.txt|canon/canonical_story_tree/books/Book_22_The_Last_Open_Gate/book_content.txt	path	timeline|relationships|scenes|quests|world	implemented_reference_map	reference_extracted_pending_domain_review
WDM-ROUTE-30f216930acf	route	S014 Pip-Feels-How-Openings-Can-Make-People-More-Fragile-Than-Walls-Do	canon/canonical_story_tree/all_25_books_latest_full_cycle.txt|canon/canonical_story_tree/books/Book_22_The_Last_Open_Gate/book_content.txt	path	timeline|relationships|scenes|quests|world	implemented_reference_map	reference_extracted_pending_domain_review
WDM-ROUTE-abb8775c5384	route	S015 Rylos-Reads-Which-Hopes-Are-Useful-and-Which-Are-Only-Projections	canon/canonical_story_tree/all_25_books_latest_full_cycle.txt|canon/canonical_story_tree/books/Book_22_The_Last_Open_Gate/book_content.txt	path	timeline|relationships|scenes|quests|world	implemented_reference_map	reference_extracted_pending_domain_review
WDM-ROUTE-df0142eb4d86	route	S016 Mack-Grows-Radial-Paths-Decision-Niches-and-Gathering-Rings-Out-of-the-Earth	canon/canonical_story_tree/all_25_books_latest_full_cycle.txt|canon/canonical_story_tree/books/Book_22_The_Last_Open_Gate/book_content.txt	path	timeline|relationships|scenes|quests|world	implemented_reference_map	reference_extracted_pending_domain_review
WDM-ROUTE-fded992ee828	route	Terrain becomes threshold architecture	canon/canonical_story_tree/all_25_books_latest_full_cycle.txt|canon/canonical_story_tree/books/Book_22_The_Last_Open_Gate/book_content.txt	path	timeline|relationships|scenes|quests|world	implemented_reference_map	reference_extracted_pending_domain_review
WDM-ROUTE-1e99770fc1fe	route	S017 The-Sanctuary-Uses-Living-Form-to-Teach-Approach-Without-Surrender	canon/canonical_story_tree/all_25_books_latest_full_cycle.txt|canon/canonical_story_tree/books/Book_22_The_Last_Open_Gate/book_content.txt	path	timeline|relationships|scenes|quests|world	implemented_reference_map	reference_extracted_pending_domain_review
WDM-ROUTE-56b053ef14bf	route	S039 Rylos-Reads-Where-the-Household-Is-Most-Likely-to-Fray-Under-Possibility	canon/canonical_story_tree/all_25_books_latest_full_cycle.txt|canon/canonical_story_tree/books/Book_22_The_Last_Open_Gate/book_content.txt	path	timeline|relationships|scenes|quests|world	implemented_reference_map	reference_extracted_pending_domain_review
WDM-ROUTE-81895f5736d5	route	S040 Mack-Grows-Holding-Grottos-Watch-Paths-and-Interim-Shelters-Out-of-the-Earth	canon/canonical_story_tree/all_25_books_latest_full_cycle.txt|canon/canonical_story_tree/books/Book_22_The_Last_Open_Gate/book_content.txt	path	timeline|relationships|scenes|quests|world	implemented_reference_map	reference_extracted_pending_domain_review
WDM-ROUTE-42aca62f32ba	route	S041 The-Sanctuary-Becomes-a-Living-School-of-Approach-Without-Rush	canon/canonical_story_tree/all_25_books_latest_full_cycle.txt|canon/canonical_story_tree/books/Book_22_The_Last_Open_Gate/book_content.txt	path	timeline|relationships|scenes|quests|world	implemented_reference_map	reference_extracted_pending_domain_review
WDM-ROUTE-2c414ae487c4	route	S088 Mack-Raises-Anchor-Roots-Holding-Rims-and-Counterpaths-From-the-Earth	canon/canonical_story_tree/all_25_books_latest_full_cycle.txt|canon/canonical_story_tree/books/Book_22_The_Last_Open_Gate/book_content.txt	crossing|path	timeline|relationships|scenes|quests|world	implemented_reference_map	reference_extracted_pending_domain_review
WDM-ROUTE-03d29d5c6abd	route	S089 The-Sanctuary-Acts-Like-a-Living-Brake-and-Guide-At-Once	canon/canonical_story_tree/all_25_books_latest_full_cycle.txt|canon/canonical_story_tree/books/Book_22_The_Last_Open_Gate/book_content.txt	path	timeline|relationships|scenes|quests|world	implemented_reference_map	reference_extracted_pending_domain_review
WDM-ROUTE-216910dd6c89	route	S090 Pip-Does-Not-Assume-Courage-or-Magic-Makes-Thresholds-Simple	canon/canonical_story_tree/all_25_books_latest_full_cycle.txt|canon/canonical_story_tree/books/Book_22_The_Last_Open_Gate/book_content.txt	path	timeline|relationships|scenes|quests|world	implemented_reference_map	reference_extracted_pending_domain_review
WDM-ROUTE-69b5feb610cf	route	S063 Rylos-Refuses-to-Let-Possibility-Override-Discernment	canon/canonical_story_tree/all_25_books_latest_full_cycle.txt|canon/canonical_story_tree/books/Book_22_The_Last_Open_Gate/book_content.txt	crossing	timeline|relationships|scenes|quests|world	implemented_reference_map	reference_extracted_pending_domain_review
WDM-ROUTE-0d5866242df3	route	Mature love remains corrective	canon/canonical_story_tree/all_25_books_latest_full_cycle.txt|canon/canonical_story_tree/books/Book_22_The_Last_Open_Gate/book_content.txt	crossing	timeline|relationships|scenes|quests|world	implemented_reference_map	reference_extracted_pending_domain_review
WDM-ROUTE-7c7543d3312f	route	S064 Mack-Supports-the-Moment-With-Land-Shaped-for-Steady-Approach-Not-Reckless-Crossing	canon/canonical_story_tree/all_25_books_latest_full_cycle.txt|canon/canonical_story_tree/books/Book_22_The_Last_Open_Gate/book_content.txt	crossing	timeline|relationships|scenes|quests|world	implemented_reference_map	reference_extracted_pending_domain_review
WDM-ROUTE-2a7f0bbd5df5	route	Terrain reinforces moral clarity	canon/canonical_story_tree/all_25_books_latest_full_cycle.txt|canon/canonical_story_tree/books/Book_22_The_Last_Open_Gate/book_content.txt	crossing	timeline|relationships|scenes|quests|world	implemented_reference_map	reference_extracted_pending_domain_review
WDM-ROUTE-4d182e6118a8	route	S065 Daisy-May-Lies-Silent-at-the-Center-and-Keeps-the-Resistance-Honest	canon/canonical_story_tree/all_25_books_latest_full_cycle.txt|canon/canonical_story_tree/books/Book_22_The_Last_Open_Gate/book_content.txt	crossing	timeline|relationships|scenes|quests|world	implemented_reference_map	reference_extracted_pending_domain_review
WDM-ROUTE-566f9d90b112	route	Her presence remains load-bearing	canon/canonical_story_tree/all_25_books_latest_full_cycle.txt|canon/canonical_story_tree/books/Book_22_The_Last_Open_Gate/book_content.txt	crossing	timeline|relationships|scenes|quests|world	implemented_reference_map	reference_extracted_pending_domain_review
WDM-ROUTE-d52987c0aeb1	route	S066 Majeski-Holds-the-Outer-Readiness-of-the-Household	canon/canonical_story_tree/all_25_books_latest_full_cycle.txt|canon/canonical_story_tree/books/Book_22_The_Last_Open_Gate/book_content.txt	crossing	timeline|relationships|scenes|quests|world	implemented_reference_map	reference_extracted_pending_domain_review
WDM-ROUTE-eecb04aab559	route	The First True Threshold Test	canon/canonical_story_tree/all_25_books_latest_full_cycle.txt|canon/canonical_story_tree/books/Book_22_The_Last_Open_Gate/book_content.txt	crossing	timeline|relationships|scenes|quests|world	implemented_reference_map	reference_extracted_pending_domain_review
WDM-ROUTE-18a671ac68fc	route	S085 The-Open-Gate-Presents-a-Moment-Where-Approach-Becomes-Decision-in-Real-Time	canon/canonical_story_tree/all_25_books_latest_full_cycle.txt|canon/canonical_story_tree/books/Book_22_The_Last_Open_Gate/book_content.txt	crossing	timeline|relationships|scenes|quests|world	implemented_reference_map	reference_extracted_pending_domain_review
WDM-ROUTE-c63d41bcc6b5	route	Escalation becomes immediate	canon/canonical_story_tree/all_25_books_latest_full_cycle.txt|canon/canonical_story_tree/books/Book_22_The_Last_Open_Gate/book_content.txt	crossing	timeline|relationships|scenes|quests|world	implemented_reference_map	reference_extracted_pending_domain_review
WDM-ROUTE-9a91c193c33c	route	S086 Pip-Feels-the-Pull-of-Crossing-Before-He-Can-Think-It-All-The-Way-Through	canon/canonical_story_tree/all_25_books_latest_full_cycle.txt|canon/canonical_story_tree/books/Book_22_The_Last_Open_Gate/book_content.txt	crossing	timeline|relationships|scenes|quests|world	implemented_reference_map	reference_extracted_pending_domain_review
WDM-ROUTE-53081431417e	route	Pair refinement continues	canon/canonical_story_tree/all_25_books_latest_full_cycle.txt|canon/canonical_story_tree/books/Book_22_The_Last_Open_Gate/book_content.txt	crossing	timeline|relationships|scenes|quests|world	implemented_reference_map	reference_extracted_pending_domain_review
WDM-ROUTE-4e0f2642c67c	route	S106 Mack-Blesses-Accurate-Love-Not-Open-Gate-Fantasy	canon/canonical_story_tree/all_25_books_latest_full_cycle.txt|canon/canonical_story_tree/books/Book_22_The_Last_Open_Gate/book_content.txt	crossing	timeline|relationships|scenes|quests|world	implemented_reference_map	reference_extracted_pending_domain_review
WDM-ROUTE-902baee91bb6	route	S107 The-Sanctuary-Proves-That-Love-Can-Stay-True-Without-Rushing-the-Crossing	canon/canonical_story_tree/all_25_books_latest_full_cycle.txt|canon/canonical_story_tree/books/Book_22_The_Last_Open_Gate/book_content.txt	crossing	timeline|relationships|scenes|quests|world	implemented_reference_map	reference_extracted_pending_domain_review
WDM-ROUTE-19aa9c2817b2	route	Setting truth shines	canon/canonical_story_tree/all_25_books_latest_full_cycle.txt|canon/canonical_story_tree/books/Book_22_The_Last_Open_Gate/book_content.txt	crossing	timeline|relationships|scenes|quests|world	implemented_reference_map	reference_extracted_pending_domain_review
WDM-ROUTE-7519ce4e22ba	route	S108 The-Beat-Ends-with-Love-Recast-Under-Threshold-Pressure	canon/canonical_story_tree/all_25_books_latest_full_cycle.txt|canon/canonical_story_tree/books/Book_22_The_Last_Open_Gate/book_content.txt	crossing	timeline|relationships|scenes|quests|world	implemented_reference_map	reference_extracted_pending_domain_review
WDM-ROUTE-7213698ae9ad	route	deepens honestly	canon/canonical_story_tree/all_25_books_latest_full_cycle.txt|canon/canonical_story_tree/books/Book_22_The_Last_Open_Gate/book_content.txt	crossing	timeline|relationships|scenes|quests|world	implemented_reference_map	reference_extracted_pending_domain_review
WDM-ROUTE-faa8443fdda7	route	Book Twenty-Two Locks Its First	canon/canonical_story_tree/all_25_books_latest_full_cycle.txt|canon/canonical_story_tree/books/Book_22_The_Last_Open_Gate/book_content.txt	crossing	timeline|relationships|scenes|quests|world	implemented_reference_map	reference_extracted_pending_domain_review
WDM-ROUTE-5d5d82b1f46e	route	"Gate Law
target"	canon/canonical_story_tree/all_25_books_latest_full_cycle.txt|canon/canonical_story_tree/books/Book_22_The_Last_Open_Gate/book_content.txt	crossing	timeline|relationships|scenes|quests|world	implemented_reference_map	reference_extracted_pending_domain_review
WDM-ROUTE-612a3db8450b	route	S039 Rylos-Reads-Where-the-Household-Is-Most-Likely-to-Mishear-the-World	canon/canonical_story_tree/all_25_books_latest_full_cycle.txt|canon/canonical_story_tree/books/Book_23_The_Final_Resonance/book_content.txt	corridor	timeline|relationships|scenes|quests|world	implemented_reference_map	reference_extracted_pending_domain_review
WDM-ROUTE-c1a53f7a3f64	route	S040 Mack-Grows-Calm-Listening-Grottos-Reply-Corridors-and-Interruptive-Root-Checks-Out-of-the-Earth	canon/canonical_story_tree/all_25_books_latest_full_cycle.txt|canon/canonical_story_tree/books/Book_23_The_Final_Resonance/book_content.txt	corridor	timeline|relationships|scenes|quests|world	implemented_reference_map	reference_extracted_pending_domain_review
WDM-ROUTE-44338c4ef8b9	route	S041 The-Sanctuary-Becomes-a-Living-School-of-Listening-Without-Self-Deception	canon/canonical_story_tree/all_25_books_latest_full_cycle.txt|canon/canonical_story_tree/books/Book_23_The_Final_Resonance/book_content.txt	corridor	timeline|relationships|scenes|quests|world	implemented_reference_map	reference_extracted_pending_domain_review
WDM-ROUTE-3edf116da56c	route	S004 Mack-Booming-Voice-Rolls-Through-a-Sanctuary-Already-Vibrating-With-Larger-Answer-Patterns	canon/canonical_story_tree/all_25_books_latest_full_cycle.txt|canon/canonical_story_tree/books/Book_23_The_Final_Resonance/book_content.txt	path	timeline|relationships|scenes|quests|world	implemented_reference_map	reference_extracted_pending_domain_review
WDM-ROUTE-31dbdeba0981	route	through world-scale reply	canon/canonical_story_tree/all_25_books_latest_full_cycle.txt|canon/canonical_story_tree/books/Book_23_The_Final_Resonance/book_content.txt	path	timeline|relationships|scenes|quests|world	implemented_reference_map	reference_extracted_pending_domain_review
WDM-ROUTE-7b9f1d463c5e	route	S005 The-Ground-Grows-Curved-Reply-Paths-Amplifying-Grottos-and-Holding-Rims-Out-of-the-Earth	canon/canonical_story_tree/all_25_books_latest_full_cycle.txt|canon/canonical_story_tree/books/Book_23_The_Final_Resonance/book_content.txt	path	timeline|relationships|scenes|quests|world	implemented_reference_map	reference_extracted_pending_domain_review
WDM-ROUTE-28bd94a83499	route	Life magic responds to resonance	canon/canonical_story_tree/all_25_books_latest_full_cycle.txt|canon/canonical_story_tree/books/Book_23_The_Final_Resonance/book_content.txt	path	timeline|relationships|scenes|quests|world	implemented_reference_map	reference_extracted_pending_domain_review
WDM-ROUTE-88bd991a5473	route	S006 Pip-Understands-That-Resonance-Is-Not-Agreement-But-Forceful-Correspondence	canon/canonical_story_tree/all_25_books_latest_full_cycle.txt|canon/canonical_story_tree/books/Book_23_The_Final_Resonance/book_content.txt	path	timeline|relationships|scenes|quests|world	implemented_reference_map	reference_extracted_pending_domain_review
WDM-ROUTE-b064964d416b	route	S015 Rylos-Reads-Which-Responses-Are-Truthful-and-Which-Are-Echo-Traps	canon/canonical_story_tree/all_25_books_latest_full_cycle.txt|canon/canonical_story_tree/books/Book_23_The_Final_Resonance/book_content.txt	path	timeline|relationships|scenes|quests|world	implemented_reference_map	reference_extracted_pending_domain_review
WDM-ROUTE-f23088844f27	route	S016 Mack-Grows-Listening-Rings-Reply-Hollows-and-Calibration-Paths-Out-of-the-Earth	canon/canonical_story_tree/all_25_books_latest_full_cycle.txt|canon/canonical_story_tree/books/Book_23_The_Final_Resonance/book_content.txt	path	timeline|relationships|scenes|quests|world	implemented_reference_map	reference_extracted_pending_domain_review
WDM-ROUTE-535db3bd4cb9	route	Terrain becomes resonance apparatus	canon/canonical_story_tree/all_25_books_latest_full_cycle.txt|canon/canonical_story_tree/books/Book_23_The_Final_Resonance/book_content.txt	path	timeline|relationships|scenes|quests|world	implemented_reference_map	reference_extracted_pending_domain_review
WDM-ROUTE-d637a1b666a6	route	S017 The-Sanctuary-Uses-Living-Form-to-Teach-Discernment-Under-Response	canon/canonical_story_tree/all_25_books_latest_full_cycle.txt|canon/canonical_story_tree/books/Book_23_The_Final_Resonance/book_content.txt	path	timeline|relationships|scenes|quests|world	implemented_reference_map	reference_extracted_pending_domain_review
WDM-ROUTE-02b69f0a0426	route	with devastating inevitability	canon/canonical_story_tree/all_25_books_latest_full_cycle.txt|canon/canonical_story_tree/books/Book_24_Born_To_Die/book_content.txt	route	timeline|relationships|scenes|quests|world	implemented_reference_map	reference_extracted_pending_domain_review
WDM-ROUTE-4efea10cfd29	route	Her lingering weave is fraying	canon/canonical_story_tree/all_25_books_latest_full_cycle.txt|canon/canonical_story_tree/books/Book_24_Born_To_Die/book_content.txt	route	timeline|relationships|scenes|quests|world	implemented_reference_map	reference_extracted_pending_domain_review
WDM-ROUTE-d02e9437e662	route	to its last useful coherence	canon/canonical_story_tree/all_25_books_latest_full_cycle.txt|canon/canonical_story_tree/books/Book_24_Born_To_Die/book_content.txt	route	timeline|relationships|scenes|quests|world	implemented_reference_map	reference_extracted_pending_domain_review
WDM-ROUTE-219e8b2437b4	route	Maximum anti-route	canon/canonical_story_tree/all_25_books_latest_full_cycle.txt|canon/canonical_story_tree/books/Book_24_Born_To_Die/book_content.txt	route	timeline|relationships|scenes|quests|world	implemented_reference_map	reference_extracted_pending_domain_review
WDM-ROUTE-f908cdefdbd4	route	anti-rescue	canon/canonical_story_tree/all_25_books_latest_full_cycle.txt|canon/canonical_story_tree/books/Book_24_Born_To_Die/book_content.txt	route	timeline|relationships|scenes|quests|world	implemented_reference_map	reference_extracted_pending_domain_review
WDM-ROUTE-11585dedd68e	route	anti-thread pressure	canon/canonical_story_tree/all_25_books_latest_full_cycle.txt|canon/canonical_story_tree/books/Book_24_Born_To_Die/book_content.txt	route	timeline|relationships|scenes|quests|world	implemented_reference_map	reference_extracted_pending_domain_review
WDM-ROUTE-29984b45cc15	route	They weaponize beloved presence and	canon/canonical_story_tree/all_25_books_latest_full_cycle.txt|canon/canonical_story_tree/books/Book_24_Born_To_Die/book_content.txt	route	timeline|relationships|scenes|quests|world	implemented_reference_map	reference_extracted_pending_domain_review
WDM-ROUTE-431ecd05d468	route	false return to make real	canon/canonical_story_tree/all_25_books_latest_full_cycle.txt|canon/canonical_story_tree/books/Book_24_Born_To_Die/book_content.txt	route	timeline|relationships|scenes|quests|world	implemented_reference_map	reference_extracted_pending_domain_review
WDM-ROUTE-45bfadc8470d	route	loss unbearable	canon/canonical_story_tree/all_25_books_latest_full_cycle.txt|canon/canonical_story_tree/books/Book_24_Born_To_Die/book_content.txt	corridor|route	timeline|relationships|scenes|quests|world	implemented_reference_map	reference_extracted_pending_domain_review
WDM-ROUTE-df19209934f9	route	"battle pressure
Terminal convergence war"	canon/canonical_story_tree/all_25_books_latest_full_cycle.txt|canon/canonical_story_tree/books/Book_24_Born_To_Die/book_content.txt	corridor|route	timeline|relationships|scenes|quests|world	implemented_reference_map	reference_extracted_pending_domain_review
WDM-ROUTE-179c264e7464	route	death line	canon/canonical_story_tree/all_25_books_latest_full_cycle.txt|canon/canonical_story_tree/books/Book_24_Born_To_Die/book_content.txt	corridor|route	timeline|relationships|scenes|quests|world	implemented_reference_map	reference_extracted_pending_domain_review
WDM-ROUTE-a77c801fe05b	route	not earlier substitute	canon/canonical_story_tree/all_25_books_latest_full_cycle.txt|canon/canonical_story_tree/books/Book_24_Born_To_Die/book_content.txt	route	timeline|relationships|scenes|quests|world	implemented_reference_map	reference_extracted_pending_domain_review
WDM-ROUTE-c4e2b442ea62	route	"Villain downfall candidate
One who"	canon/canonical_story_tree/all_25_books_latest_full_cycle.txt|canon/canonical_story_tree/books/Book_24_Born_To_Die/book_content.txt	route	timeline|relationships|scenes|quests|world	implemented_reference_map	reference_extracted_pending_domain_review
WDM-ROUTE-eaa1f4bef7ae	route	tries to prevent the trigger	canon/canonical_story_tree/all_25_books_latest_full_cycle.txt|canon/canonical_story_tree/books/Book_24_Born_To_Die/book_content.txt	route	timeline|relationships|scenes|quests|world	implemented_reference_map	reference_extracted_pending_domain_review
WDM-ROUTE-3d5346a8d0ec	route	by control rather than mercy	canon/canonical_story_tree/all_25_books_latest_full_cycle.txt|canon/canonical_story_tree/books/Book_24_Born_To_Die/book_content.txt	route	timeline|relationships|scenes|quests|world	implemented_reference_map	reference_extracted_pending_domain_review
WDM-ROUTE-d9d4d1afe22a	route	"Blood Cello setup consequence
No"	canon/canonical_story_tree/all_25_books_latest_full_cycle.txt|canon/canonical_story_tree/books/Book_24_Born_To_Die/book_content.txt	route	timeline|relationships|scenes|quests|world	implemented_reference_map	reference_extracted_pending_domain_review
WDM-ROUTE-49ecaa1f0c52	route	escape route remains	canon/canonical_story_tree/all_25_books_latest_full_cycle.txt|canon/canonical_story_tree/books/Book_24_Born_To_Die/book_content.txt	route	timeline|relationships|scenes|quests|world	implemented_reference_map	reference_extracted_pending_domain_review
WDM-ROUTE-9190f277cea2	route	only the trigger death can	canon/canonical_story_tree/all_25_books_latest_full_cycle.txt|canon/canonical_story_tree/books/Book_24_Born_To_Die/book_content.txt	route	timeline|relationships|scenes|quests|world	implemented_reference_map	reference_extracted_pending_domain_review
WDM-ROUTE-200244423b6f	route	open the next stage	canon/canonical_story_tree/all_25_books_latest_full_cycle.txt|canon/canonical_story_tree/books/Book_24_Born_To_Die/book_content.txt	route	timeline|relationships|scenes|quests|world	implemented_reference_map	reference_extracted_pending_domain_review
WDM-ROUTE-ceb9416c9bad	route	candidate escalations	canon/canonical_story_tree/all_25_books_latest_full_cycle.txt|canon/canonical_story_tree/books/Book_24_Born_To_Die/book_content.txt	route	timeline|relationships|scenes|quests|world	implemented_reference_map	reference_extracted_pending_domain_review
WDM-ROUTE-802735c317ae	route	Rylos accountability scene	canon/canonical_story_tree/all_25_books_latest_full_cycle.txt|canon/canonical_story_tree/books/Book_24_Born_To_Die/book_content.txt	route	timeline|relationships|scenes|quests|world	implemented_reference_map	reference_extracted_pending_domain_review
WDM-ROUTE-1055c1e3d252	route	Rylos shelter-restoration scene	canon/canonical_story_tree/all_25_books_latest_full_cycle.txt|canon/canonical_story_tree/books/Book_24_Born_To_Die/book_content.txt	route	timeline|relationships|scenes|quests|world	implemented_reference_map	reference_extracted_pending_domain_review
WDM-ROUTE-959b219d6f31	route	Rylos saves Pip under impossible	canon/canonical_story_tree/all_25_books_latest_full_cycle.txt|canon/canonical_story_tree/books/Book_24_Born_To_Die/book_content.txt	route	timeline|relationships|scenes|quests|world	implemented_reference_map	reference_extracted_pending_domain_review
WDM-ROUTE-dcefad2b359f	route	S004 Mack-Booming-Voice-Rolls-Through-a-Sanctuary-Built-Against-the-Knowledge-of-Death	canon/canonical_story_tree/all_25_books_latest_full_cycle.txt|canon/canonical_story_tree/books/Book_24_Born_To_Die/book_content.txt	route	timeline|relationships|scenes|quests|world	implemented_reference_map	reference_extracted_pending_domain_review
WDM-ROUTE-8a4186865bca	route	through terminal pressure	canon/canonical_story_tree/all_25_books_latest_full_cycle.txt|canon/canonical_story_tree/books/Book_24_Born_To_Die/book_content.txt	route	timeline|relationships|scenes|quests|world	implemented_reference_map	reference_extracted_pending_domain_review
WDM-ROUTE-dbd979eb74fd	route	S005 The-Ground-Grows-Holding-Terraces-Last-Routes-and-Protective-Grottos-Out-of-the-Earth	canon/canonical_story_tree/all_25_books_latest_full_cycle.txt|canon/canonical_story_tree/books/Book_24_Born_To_Die/book_content.txt	route	timeline|relationships|scenes|quests|world	implemented_reference_map	reference_extracted_pending_domain_review
WDM-ROUTE-156e23ab0d9c	route	Life magic responds to mortality	canon/canonical_story_tree/all_25_books_latest_full_cycle.txt|canon/canonical_story_tree/books/Book_24_Born_To_Die/book_content.txt	route	timeline|relationships|scenes|quests|world	implemented_reference_map	reference_extracted_pending_domain_review
WDM-ROUTE-de97a513204f	route	S006 Pip-Understands-That-Born-To-Die-Is-Not-Cynicism-But-World-Law-Arriving-Without-Filter	canon/canonical_story_tree/all_25_books_latest_full_cycle.txt|canon/canonical_story_tree/books/Book_24_Born_To_Die/book_content.txt	route	timeline|relationships|scenes|quests|world	implemented_reference_map	reference_extracted_pending_domain_review
WDM-ROUTE-530568b985e8	route	"Mystic wonder set piece
Approach"	canon/canonical_story_tree/all_25_books_latest_full_cycle.txt|canon/canonical_story_tree/books/Book_24_Born_To_Die/book_content.txt	corridor	timeline|relationships|scenes|quests|world	implemented_reference_map	reference_extracted_pending_domain_review
WDM-ROUTE-6707d9139a45	route	through near-unreal terrain where all	canon/canonical_story_tree/all_25_books_latest_full_cycle.txt|canon/canonical_story_tree/books/Book_24_Born_To_Die/book_content.txt	corridor	timeline|relationships|scenes|quests|world	implemented_reference_map	reference_extracted_pending_domain_review
WDM-ROUTE-4062a183ae21	route	prior wonders are wounded into	canon/canonical_story_tree/all_25_books_latest_full_cycle.txt|canon/canonical_story_tree/books/Book_24_Born_To_Die/book_content.txt	corridor	timeline|relationships|scenes|quests|world	implemented_reference_map	reference_extracted_pending_domain_review
WDM-ROUTE-2d0182a6d413	route	one final corridor	canon/canonical_story_tree/all_25_books_latest_full_cycle.txt|canon/canonical_story_tree/books/Book_24_Born_To_Die/book_content.txt	corridor	timeline|relationships|scenes|quests|world	implemented_reference_map	reference_extracted_pending_domain_review
WDM-ROUTE-1df18cde86ee	route	Emotional fracture	canon/canonical_story_tree/all_25_books_latest_full_cycle.txt|canon/canonical_story_tree/books/Book_24_Born_To_Die/book_content.txt	corridor	timeline|relationships|scenes|quests|world	implemented_reference_map	reference_extracted_pending_domain_review
WDM-ROUTE-eecef1b514fc	route	"reunion vector
Everything between Pip"	canon/canonical_story_tree/all_25_books_latest_full_cycle.txt|canon/canonical_story_tree/books/Book_24_Born_To_Die/book_content.txt	corridor	timeline|relationships|scenes|quests|world	implemented_reference_map	reference_extracted_pending_domain_review
WDM-ROUTE-3df104ab6c5a	route	and Rylos must become unbearably	canon/canonical_story_tree/all_25_books_latest_full_cycle.txt|canon/canonical_story_tree/books/Book_24_Born_To_Die/book_content.txt	corridor	timeline|relationships|scenes|quests|world	implemented_reference_map	reference_extracted_pending_domain_review
WDM-ROUTE-a798ad02a8d2	route	charged	canon/canonical_story_tree/all_25_books_latest_full_cycle.txt|canon/canonical_story_tree/books/Book_24_Born_To_Die/book_content.txt	corridor	timeline|relationships|scenes|quests|world	implemented_reference_map	reference_extracted_pending_domain_review
WDM-ROUTE-2f19e1b9f119	route	Major sacrifice or death candidate	canon/canonical_story_tree/all_25_books_latest_full_cycle.txt|canon/canonical_story_tree/books/Book_24_Born_To_Die/book_content.txt	corridor	timeline|relationships|scenes|quests|world	implemented_reference_map	reference_extracted_pending_domain_review
WDM-ROUTE-8f9bcbef1594	route	Rylos only as the trigger	canon/canonical_story_tree/all_25_books_latest_full_cycle.txt|canon/canonical_story_tree/books/Book_24_Born_To_Die/book_content.txt	corridor	timeline|relationships|scenes|quests|world	implemented_reference_map	reference_extracted_pending_domain_review
WDM-ROUTE-9cedcc5c703b	route	S038 Pip-Feels-How-Hard-It-Is-to-Sit-Eat-Rest-and-Speak-Normally-Under-It	canon/canonical_story_tree/all_25_books_latest_full_cycle.txt|canon/canonical_story_tree/books/Book_24_Born_To_Die/book_content.txt	path	timeline|relationships|scenes|quests|world	implemented_reference_map	reference_extracted_pending_domain_review
WDM-ROUTE-3f86f1ffa234	route	S039 Rylos-Reads-Where-the-Household-Is-Most-Likely-to-Break-Early	canon/canonical_story_tree/all_25_books_latest_full_cycle.txt|canon/canonical_story_tree/books/Book_24_Born_To_Die/book_content.txt	path	timeline|relationships|scenes|quests|world	implemented_reference_map	reference_extracted_pending_domain_review
WDM-ROUTE-ec371f58cf5b	route	S040 Mack-Grows-Steadying-Paths-Resting-Hollows-and-Witness-Spaces-Out-of-the-Earth	canon/canonical_story_tree/all_25_books_latest_full_cycle.txt|canon/canonical_story_tree/books/Book_24_Born_To_Die/book_content.txt	path	timeline|relationships|scenes|quests|world	implemented_reference_map	reference_extracted_pending_domain_review
WDM-ROUTE-5bb5ba070ec7	route	S041 The-Sanctuary-Becomes-a-Living-School-of-Holding-Life-Under-Death	canon/canonical_story_tree/all_25_books_latest_full_cycle.txt|canon/canonical_story_tree/books/Book_24_Born_To_Die/book_content.txt	path	timeline|relationships|scenes|quests|world	implemented_reference_map	reference_extracted_pending_domain_review
WDM-ROUTE-f80fc520f399	route	return answering wake with impossible	canon/canonical_story_tree/all_25_books_latest_full_cycle.txt|canon/canonical_story_tree/books/Book_25_Death_Is_Rebirth/book_content.txt	corridor	timeline|relationships|scenes|quests|world	implemented_reference_map	reference_extracted_pending_domain_review
WDM-ROUTE-f5b71425ba7f	route	earned beauty	canon/canonical_story_tree/all_25_books_latest_full_cycle.txt|canon/canonical_story_tree/books/Book_25_Death_Is_Rebirth/book_content.txt	corridor	timeline|relationships|scenes|quests|world	implemented_reference_map	reference_extracted_pending_domain_review
WDM-ROUTE-96f8843efe8a	route	Pip waking into reality and	canon/canonical_story_tree/all_25_books_latest_full_cycle.txt|canon/canonical_story_tree/books/Book_25_Death_Is_Rebirth/book_content.txt	corridor	timeline|relationships|scenes|quests|world	implemented_reference_map	reference_extracted_pending_domain_review
WDM-ROUTE-e6368b8e87d0	route	doubting sanity	canon/canonical_story_tree/all_25_books_latest_full_cycle.txt|canon/canonical_story_tree/books/Book_25_Death_Is_Rebirth/book_content.txt	corridor	timeline|relationships|scenes|quests|world	implemented_reference_map	reference_extracted_pending_domain_review
WDM-ROUTE-c3e57c6b3e64	route	"corrected dog-use framework
The waking"	canon/canonical_story_tree/all_25_books_latest_full_cycle.txt|canon/canonical_story_tree/books/Book_25_Death_Is_Rebirth/book_content.txt	corridor	timeline|relationships|scenes|quests|world	implemented_reference_map	reference_extracted_pending_domain_review
WDM-ROUTE-f74658f2e816	route	corridor should use Daisy May	canon/canonical_story_tree/all_25_books_latest_full_cycle.txt|canon/canonical_story_tree/books/Book_25_Death_Is_Rebirth/book_content.txt	corridor	timeline|relationships|scenes|quests|world	implemented_reference_map	reference_extracted_pending_domain_review
WDM-ROUTE-c5ce570388b8	route	and Majiskii as different forms	canon/canonical_story_tree/all_25_books_latest_full_cycle.txt|canon/canonical_story_tree/books/Book_25_Death_Is_Rebirth/book_content.txt	corridor	timeline|relationships|scenes|quests|world	implemented_reference_map	reference_extracted_pending_domain_review
WDM-ROUTE-576467096cc7	route	of proof	canon/canonical_story_tree/all_25_books_latest_full_cycle.txt|canon/canonical_story_tree/books/Book_25_Death_Is_Rebirth/book_content.txt	corridor	timeline|relationships|scenes|quests|world	implemented_reference_map	reference_extracted_pending_domain_review
WDM-ROUTE-3fae0ad123d9	route	Daisy May	canon/canonical_story_tree/all_25_books_latest_full_cycle.txt|canon/canonical_story_tree/books/Book_25_Death_Is_Rebirth/book_content.txt	corridor	timeline|relationships|scenes|quests|world	implemented_reference_map	reference_extracted_pending_domain_review
WDM-ROUTE-4bb44e191ab9	route	immediate affectionate life-presence	canon/canonical_story_tree/all_25_books_latest_full_cycle.txt|canon/canonical_story_tree/books/Book_25_Death_Is_Rebirth/book_content.txt	corridor	timeline|relationships|scenes|quests|world	implemented_reference_map	reference_extracted_pending_domain_review
WDM-ROUTE-b63dcf5ac3e6	route	bodily obvious love	canon/canonical_story_tree/all_25_books_latest_full_cycle.txt|canon/canonical_story_tree/books/Book_25_Death_Is_Rebirth/book_content.txt	corridor	timeline|relationships|scenes|quests|world	implemented_reference_map	reference_extracted_pending_domain_review
WDM-ROUTE-c30254478447	route	sweetness that interrupts disbelief	canon/canonical_story_tree/all_25_books_latest_full_cycle.txt|canon/canonical_story_tree/books/Book_25_Death_Is_Rebirth/book_content.txt	corridor	timeline|relationships|scenes|quests|world	implemented_reference_map	reference_extracted_pending_domain_review
WDM-ROUTE-968451ad7853	route	Blood Cello is grief-born	canon/canonical_story_tree/all_25_books_latest_full_cycle.txt|canon/canonical_story_tree/books/Book_25_Death_Is_Rebirth/book_content.txt	corridor	timeline|relationships|scenes|quests|world	implemented_reference_map	reference_extracted_pending_domain_review
WDM-ROUTE-c57d8c8a338d	route	not tactic-first	canon/canonical_story_tree/all_25_books_latest_full_cycle.txt|canon/canonical_story_tree/books/Book_25_Death_Is_Rebirth/book_content.txt	corridor	timeline|relationships|scenes|quests|world	implemented_reference_map	reference_extracted_pending_domain_review
WDM-ROUTE-ce3ba18a842e	route	Ursula's presence helps make return	canon/canonical_story_tree/all_25_books_latest_full_cycle.txt|canon/canonical_story_tree/books/Book_25_Death_Is_Rebirth/book_content.txt	corridor	timeline|relationships|scenes|quests|world	implemented_reference_map	reference_extracted_pending_domain_review
WDM-ROUTE-1a22bcb04132	route	holy and costly	canon/canonical_story_tree/all_25_books_latest_full_cycle.txt|canon/canonical_story_tree/books/Book_25_Death_Is_Rebirth/book_content.txt	corridor	timeline|relationships|scenes|quests|world	implemented_reference_map	reference_extracted_pending_domain_review
WDM-ROUTE-26186f41d6c1	route	her role is not ordinary	canon/canonical_story_tree/all_25_books_latest_full_cycle.txt|canon/canonical_story_tree/books/Book_25_Death_Is_Rebirth/book_content.txt	corridor	timeline|relationships|scenes|quests|world	implemented_reference_map	reference_extracted_pending_domain_review
WDM-ROUTE-60d69bc94f54	route	dialogue guidance	canon/canonical_story_tree/all_25_books_latest_full_cycle.txt|canon/canonical_story_tree/books/Book_25_Death_Is_Rebirth/book_content.txt	corridor	timeline|relationships|scenes|quests|world	implemented_reference_map	reference_extracted_pending_domain_review
WDM-ROUTE-2b930b0e9ab5	route	B25	canon/canonical_story_tree/all_25_books_latest_full_cycle.txt|canon/canonical_story_tree/books/Book_25_Death_Is_Rebirth/book_content.txt	corridor|crossing	timeline|relationships|scenes|quests|world	implemented_reference_map	reference_extracted_pending_domain_review
WDM-ROUTE-628a9aff5e2a	route	Waking	canon/canonical_story_tree/all_25_books_latest_full_cycle.txt|canon/canonical_story_tree/books/Book_25_Death_Is_Rebirth/book_content.txt	corridor	timeline|relationships|scenes|quests|world	implemented_reference_map	reference_extracted_pending_domain_review
WDM-ROUTE-bedde919836f	route	"Proof
Function"	canon/canonical_story_tree/all_25_books_latest_full_cycle.txt|canon/canonical_story_tree/books/Book_25_Death_Is_Rebirth/book_content.txt	corridor	timeline|relationships|scenes|quests|world	implemented_reference_map	reference_extracted_pending_domain_review
WDM-ROUTE-0b525130a3d5	route	The waking corridor already installed	canon/canonical_story_tree/all_25_books_latest_full_cycle.txt|canon/canonical_story_tree/books/Book_25_Death_Is_Rebirth/book_content.txt	corridor	timeline|relationships|scenes|quests|world	implemented_reference_map	reference_extracted_pending_domain_review
WDM-ROUTE-3a1f7035af3f	route	for Daisy May and Majiskii	canon/canonical_story_tree/all_25_books_latest_full_cycle.txt|canon/canonical_story_tree/books/Book_25_Death_Is_Rebirth/book_content.txt	corridor	timeline|relationships|scenes|quests|world	implemented_reference_map	reference_extracted_pending_domain_review
WDM-ROUTE-24748b6a5e41	route	remains intact	canon/canonical_story_tree/all_25_books_latest_full_cycle.txt|canon/canonical_story_tree/books/Book_25_Death_Is_Rebirth/book_content.txt	corridor	timeline|relationships|scenes|quests|world	implemented_reference_map	reference_extracted_pending_domain_review
WDM-ROUTE-9a54e418fc0f	route	but Ursula should also remain	canon/canonical_story_tree/all_25_books_latest_full_cycle.txt|canon/canonical_story_tree/books/Book_25_Death_Is_Rebirth/book_content.txt	corridor	timeline|relationships|scenes|quests|world	implemented_reference_map	reference_extracted_pending_domain_review
WDM-ROUTE-7a679906b452	route	present as world-truth beyond immediate	canon/canonical_story_tree/all_25_books_latest_full_cycle.txt|canon/canonical_story_tree/books/Book_25_Death_Is_Rebirth/book_content.txt	corridor	timeline|relationships|scenes|quests|world	implemented_reference_map	reference_extracted_pending_domain_review
WDM-ROUTE-b2961c982256	route	bodily proof	canon/canonical_story_tree/all_25_books_latest_full_cycle.txt|canon/canonical_story_tree/books/Book_25_Death_Is_Rebirth/book_content.txt	corridor	timeline|relationships|scenes|quests|world	implemented_reference_map	reference_extracted_pending_domain_review
WDM-ROUTE-effb487782d0	route	Daisy	canon/canonical_story_tree/all_25_books_latest_full_cycle.txt|canon/canonical_story_tree/books/Book_25_Death_Is_Rebirth/book_content.txt	corridor	timeline|relationships|scenes|quests|world	implemented_reference_map	reference_extracted_pending_domain_review
WDM-ROUTE-571fdc741a93	route	S004 Mack-Booming-Voice-Rolls-Through-a-Sanctuary-Holding-Both-End-and-Beginning-at-Once	canon/canonical_story_tree/all_25_books_latest_full_cycle.txt|canon/canonical_story_tree/books/Book_25_Death_Is_Rebirth/book_content.txt	crossing|path	timeline|relationships|scenes|quests|world	implemented_reference_map	reference_extracted_pending_domain_review
WDM-ROUTE-6535959023fd	route	through terminal transformation	canon/canonical_story_tree/all_25_books_latest_full_cycle.txt|canon/canonical_story_tree/books/Book_25_Death_Is_Rebirth/book_content.txt	crossing|path	timeline|relationships|scenes|quests|world	implemented_reference_map	reference_extracted_pending_domain_review
WDM-ROUTE-8be89992d954	route	S005 The-Ground-Grows-Crossing-Paths-Renewal-Hollows-and-Holding-Rims-Out-of-the-Earth	canon/canonical_story_tree/all_25_books_latest_full_cycle.txt|canon/canonical_story_tree/books/Book_25_Death_Is_Rebirth/book_content.txt	crossing|path	timeline|relationships|scenes|quests|world	implemented_reference_map	reference_extracted_pending_domain_review
WDM-ROUTE-f3fe8fcd3f25	route	Life magic responds to transformational	canon/canonical_story_tree/all_25_books_latest_full_cycle.txt|canon/canonical_story_tree/books/Book_25_Death_Is_Rebirth/book_content.txt	crossing|path	timeline|relationships|scenes|quests|world	implemented_reference_map	reference_extracted_pending_domain_review
WDM-ROUTE-612a9516458a	route	S006 Pip-Understands-That-Death-Is-Rebirth-Means-Change-Through-Loss-Not-Around-It	canon/canonical_story_tree/all_25_books_latest_full_cycle.txt|canon/canonical_story_tree/books/Book_25_Death_Is_Rebirth/book_content.txt	crossing|path	timeline|relationships|scenes|quests|world	implemented_reference_map	reference_extracted_pending_domain_review
WDM-ROUTE-9ede68e910ed	route	S015 Rylos-Reads-Which-Hopes-Are-About-Truth-and-Which-Are-About-Refusing-Loss	canon/canonical_story_tree/all_25_books_latest_full_cycle.txt|canon/canonical_story_tree/books/Book_25_Death_Is_Rebirth/book_content.txt	path	timeline|relationships|scenes|quests|world	implemented_reference_map	reference_extracted_pending_domain_review
WDM-ROUTE-ada50cd0d935	route	S016 Mack-Grows-Witness-Rings-Threshold-Paths-and-Renewal-Grottos-Out-of-the-Earth	canon/canonical_story_tree/all_25_books_latest_full_cycle.txt|canon/canonical_story_tree/books/Book_25_Death_Is_Rebirth/book_content.txt	path	timeline|relationships|scenes|quests|world	implemented_reference_map	reference_extracted_pending_domain_review
WDM-ROUTE-11473e61af1a	route	Terrain becomes rebirth architecture	canon/canonical_story_tree/all_25_books_latest_full_cycle.txt|canon/canonical_story_tree/books/Book_25_Death_Is_Rebirth/book_content.txt	path	timeline|relationships|scenes|quests|world	implemented_reference_map	reference_extracted_pending_domain_review
WDM-ROUTE-daca94c31e74	route	S017 The-Sanctuary-Uses-Living-Form-to-Teach-Continuity-Without-Cheap-Undoing	canon/canonical_story_tree/all_25_books_latest_full_cycle.txt|canon/canonical_story_tree/books/Book_25_Death_Is_Rebirth/book_content.txt	path	timeline|relationships|scenes|quests|world	implemented_reference_map	reference_extracted_pending_domain_review
WDM-ROUTE-a83bb637b192	route	S039 Rylos-Reads-Where-the-Household-Is-Most-Likely-to-Break-Into-Fantasy-or-Despair	canon/canonical_story_tree/all_25_books_latest_full_cycle.txt|canon/canonical_story_tree/books/Book_25_Death_Is_Rebirth/book_content.txt	path	timeline|relationships|scenes|quests|world	implemented_reference_map	reference_extracted_pending_domain_review
WDM-ROUTE-7dfd0398ad8f	route	S040 Mack-Grows-Steadying-Paths-Holding-Grottos-and-Witness-Terraces-Out-of-the-Earth	canon/canonical_story_tree/all_25_books_latest_full_cycle.txt|canon/canonical_story_tree/books/Book_25_Death_Is_Rebirth/book_content.txt	path	timeline|relationships|scenes|quests|world	implemented_reference_map	reference_extracted_pending_domain_review
WDM-ROUTE-af230d996034	route	S041 The-Sanctuary-Becomes-a-Living-School-of-Endurance-Through-Change	canon/canonical_story_tree/all_25_books_latest_full_cycle.txt|canon/canonical_story_tree/books/Book_25_Death_Is_Rebirth/book_content.txt	path	timeline|relationships|scenes|quests|world	implemented_reference_map	reference_extracted_pending_domain_review
WDM-ROUTE-e968e40c5889	route	reality holding after the first	canon/canonical_story_tree/all_25_books_latest_full_cycle.txt|canon/canonical_story_tree/books/Book_25_Death_Is_Rebirth/book_content.txt	crossing	timeline|relationships|scenes|quests|world	implemented_reference_map	reference_extracted_pending_domain_review
WDM-ROUTE-12339aa7a045	route	shock	canon/canonical_story_tree/all_25_books_latest_full_cycle.txt|canon/canonical_story_tree/books/Book_25_Death_Is_Rebirth/book_content.txt	crossing	timeline|relationships|scenes|quests|world	implemented_reference_map	reference_extracted_pending_domain_review
WDM-ROUTE-059b4e964679	route	Ursula	canon/canonical_story_tree/all_25_books_latest_full_cycle.txt|canon/canonical_story_tree/books/Book_25_Death_Is_Rebirth/book_content.txt	crossing	timeline|relationships|scenes|quests|world	implemented_reference_map	reference_extracted_pending_domain_review
WDM-ROUTE-4d14370ec32b	route	the larger dead-and-living order still	canon/canonical_story_tree/all_25_books_latest_full_cycle.txt|canon/canonical_story_tree/books/Book_25_Death_Is_Rebirth/book_content.txt	crossing	timeline|relationships|scenes|quests|world	implemented_reference_map	reference_extracted_pending_domain_review
WDM-ROUTE-6238eb5866c8	route	present in the changed world	canon/canonical_story_tree/all_25_books_latest_full_cycle.txt|canon/canonical_story_tree/books/Book_25_Death_Is_Rebirth/book_content.txt	crossing	timeline|relationships|scenes|quests|world	implemented_reference_map	reference_extracted_pending_domain_review
WDM-ROUTE-7ba7609652be	route	Rebirth	canon/canonical_story_tree/all_25_books_latest_full_cycle.txt|canon/canonical_story_tree/books/Book_25_Death_Is_Rebirth/book_content.txt	crossing	timeline|relationships|scenes|quests|world	implemented_reference_map	reference_extracted_pending_domain_review
WDM-ROUTE-20a9a4fc808e	route	"Obligation
Function"	canon/canonical_story_tree/all_25_books_latest_full_cycle.txt|canon/canonical_story_tree/books/Book_25_Death_Is_Rebirth/book_content.txt	crossing	timeline|relationships|scenes|quests|world	implemented_reference_map	reference_extracted_pending_domain_review
WDM-ROUTE-cedb1e46e35e	route	After the midpoint final-beat crossing	canon/canonical_story_tree/all_25_books_latest_full_cycle.txt|canon/canonical_story_tree/books/Book_25_Death_Is_Rebirth/book_content.txt	crossing	timeline|relationships|scenes|quests|world	implemented_reference_map	reference_extracted_pending_domain_review
WDM-ROUTE-3a02d0dc8297	route	the latter-half new-world introduction carries	canon/canonical_story_tree/all_25_books_latest_full_cycle.txt|canon/canonical_story_tree/books/Book_25_Death_Is_Rebirth/book_content.txt	crossing	timeline|relationships|scenes|quests|world	implemented_reference_map	reference_extracted_pending_domain_review
WDM-ROUTE-851c0b46147b	route	Ursula as continuing presence	canon/canonical_story_tree/all_25_books_latest_full_cycle.txt|canon/canonical_story_tree/books/Book_25_Death_Is_Rebirth/book_content.txt	crossing	timeline|relationships|scenes|quests|world	implemented_reference_map	reference_extracted_pending_domain_review
WDM-ROUTE-a423057e12f6	route	not one-book spectacle	canon/canonical_story_tree/all_25_books_latest_full_cycle.txt|canon/canonical_story_tree/books/Book_25_Death_Is_Rebirth/book_content.txt	crossing	timeline|relationships|scenes|quests|world	implemented_reference_map	reference_extracted_pending_domain_review
WDM-ROUTE-dabccd82ef2c	route	she is not	canon/canonical_story_tree/all_25_books_latest_full_cycle.txt|canon/canonical_story_tree/books/Book_25_Death_Is_Rebirth/book_content.txt	crossing	timeline|relationships|scenes|quests|world	implemented_reference_map	reference_extracted_pending_domain_review
WDM-ROUTE-a1127f53e4b9	route	finished	canon/canonical_story_tree/all_25_books_latest_full_cycle.txt|canon/canonical_story_tree/books/Book_25_Death_Is_Rebirth/book_content.txt	crossing	timeline|relationships|scenes|quests|world	implemented_reference_map	reference_extracted_pending_domain_review
WDM-ROUTE-dbd3deb31e7a	route	by appearing	canon/canonical_story_tree/all_25_books_latest_full_cycle.txt|canon/canonical_story_tree/books/Book_25_Death_Is_Rebirth/book_content.txt	crossing	timeline|relationships|scenes|quests|world	implemented_reference_map	reference_extracted_pending_domain_review
WDM-ROUTE-a834c9f9190c	route	rebirth expands responsibility	canon/canonical_story_tree/all_25_books_latest_full_cycle.txt|canon/canonical_story_tree/books/Book_25_Death_Is_Rebirth/book_content.txt	crossing	timeline|relationships|scenes|quests|world	implemented_reference_map	reference_extracted_pending_domain_review
WDM-ROUTE-97761e64c43a	route	S088 Mack-Raises-Emergency-Root-Braces-Holding-Rims-and-Crossing-Terraces-From-the-Earth	canon/canonical_story_tree/all_25_books_latest_full_cycle.txt|canon/canonical_story_tree/books/Book_25_Death_Is_Rebirth/book_content.txt	crossing	timeline|relationships|scenes|quests|world	implemented_reference_map	reference_extracted_pending_domain_review
WDM-ROUTE-44422499192e	route	S089 The-Sanctuary-Acts-Like-a-Living-System-Trying-to-Carry-Life-Through-Change-Without-Shattering	canon/canonical_story_tree/all_25_books_latest_full_cycle.txt|canon/canonical_story_tree/books/Book_25_Death_Is_Rebirth/book_content.txt	crossing	timeline|relationships|scenes|quests|world	implemented_reference_map	reference_extracted_pending_domain_review
WDM-ROUTE-e16306253cf8	route	This is part of the	canon/canonical_story_tree/all_25_books_latest_full_cycle.txt	route	timeline|relationships|scenes|quests|world	implemented_reference_map	reference_extracted_pending_domain_review
WDM-ROUTE-2041ad8f4722	route	deeper opening ladder that was	canon/canonical_story_tree/all_25_books_latest_full_cycle.txt	route	timeline|relationships|scenes|quests|world	implemented_reference_map	reference_extracted_pending_domain_review
WDM-ROUTE-87847990296c	route	still missing	canon/canonical_story_tree/all_25_books_latest_full_cycle.txt	route	timeline|relationships|scenes|quests|world	implemented_reference_map	reference_extracted_pending_domain_review
WDM-ROUTE-1683f4bf79e3	route	Blue	canon/canonical_story_tree/all_25_books_latest_full_cycle.txt	path|road	timeline|relationships|scenes|quests|world	implemented_reference_map	reference_extracted_pending_domain_review
WDM-ROUTE-a0ee35c0d1bb	route	Light	canon/canonical_story_tree/all_25_books_latest_full_cycle.txt	path|road	timeline|relationships|scenes|quests|world	implemented_reference_map	reference_extracted_pending_domain_review
WDM-ROUTE-4e6f0eea9793	route	Structural Spine	canon/canonical_story_tree/all_25_books_latest_full_cycle.txt	road	timeline|relationships|scenes|quests|world	implemented_reference_map	reference_extracted_pending_domain_review
WDM-ROUTE-07a17ebea092	route	"Purpose
Deferred pending full-cycle editorial"	canon/canonical_story_tree/all_25_books_latest_full_cycle.txt	road	timeline|relationships|scenes|quests|world	implemented_reference_map	reference_extracted_pending_domain_review
WDM-ROUTE-1a8db5ed8605	route	review	canon/canonical_story_tree/all_25_books_latest_full_cycle.txt	road	timeline|relationships|scenes|quests|world	implemented_reference_map	reference_extracted_pending_domain_review
WDM-ROUTE-3677568d74a2	route	guardian encounter	canon/canonical_story_tree/all_25_books_latest_full_cycle.txt	crossing	timeline|relationships|scenes|quests|world	implemented_reference_map	reference_extracted_pending_domain_review
WDM-ROUTE-7c56b4017b5b	route	opening combat pressure	canon/canonical_story_tree/all_25_books_latest_full_cycle.txt	crossing	timeline|relationships|scenes|quests|world	implemented_reference_map	reference_extracted_pending_domain_review
WDM-ROUTE-46101d15c7bf	route	perimeter watch stations	canon/canonical_story_tree/world/wowas_world_zone_map.json	route	timeline|relationships|scenes|quests|world	implemented_reference_map	reference_extracted_pending_domain_review
WDM-ROUTE-9a1222914d0c	route	resource extraction sites	canon/canonical_story_tree/world/wowas_world_zone_map.json	route	timeline|relationships|scenes|quests|world	implemented_reference_map	reference_extracted_pending_domain_review
WDM-ROUTE-664af84ca7a2	route	The Iron Accord	canon/canonical_story_tree/world/wowas_world_zone_map.json	route	timeline|relationships|scenes|quests|world	implemented_reference_map	reference_extracted_pending_domain_review
WDM-ROUTE-bda178e2bc5d	route	population	canon/canonical_story_tree/world/wowas_world_zone_map.json	crossing|route	timeline|relationships|scenes|quests|world	implemented_reference_map	reference_extracted_pending_domain_review
WDM-ROUTE-cc37f62d416d	route	estimate	canon/canonical_story_tree/world/wowas_world_zone_map.json	crossing|route	timeline|relationships|scenes|quests|world	implemented_reference_map	reference_extracted_pending_domain_review
WDM-ROUTE-dac3530c86bb	route	note	canon/canonical_story_tree/world/wowas_world_zone_map.json	crossing|route	timeline|relationships|scenes|quests|world	implemented_reference_map	reference_extracted_pending_domain_review
WDM-ROUTE-1f65aba11b21	route	presence disputed	canon/canonical_story_tree/world/wowas_world_zone_map.json	route	timeline|relationships|scenes|quests|world	implemented_reference_map	reference_extracted_pending_domain_review
WDM-ROUTE-e6440bf1c2d8	route	Iron Accord has supply route	canon/canonical_story_tree/world/wowas_world_zone_map.json	route	timeline|relationships|scenes|quests|world	implemented_reference_map	reference_extracted_pending_domain_review
WDM-ROUTE-d139f9255a58	route	agreements that require access	canon/canonical_story_tree/world/wowas_world_zone_map.json	route	timeline|relationships|scenes|quests|world	implemented_reference_map	reference_extracted_pending_domain_review
WDM-ROUTE-b377a7831bbc	route	this is the source of	canon/canonical_story_tree/world/wowas_world_zone_map.json	route	timeline|relationships|scenes|quests|world	implemented_reference_map	reference_extracted_pending_domain_review
WDM-ROUTE-5158164b2440	route	Corveth-Reval friction	canon/canonical_story_tree/world/wowas_world_zone_map.json	route	timeline|relationships|scenes|quests|world	implemented_reference_map	reference_extracted_pending_domain_review
WDM-ROUTE-45d29e2ea17d	route	Unaffiliated	canon/canonical_story_tree/world/wowas_world_zone_map.json	crossing|route	timeline|relationships|scenes|quests|world	implemented_reference_map	reference_extracted_pending_domain_review
WDM-ROUTE-e6d433f90f50	route	primarily labor-for-access arrangements	canon/canonical_story_tree/world/wowas_world_zone_map.json	route	timeline|relationships|scenes|quests|world	implemented_reference_map	reference_extracted_pending_domain_review
WDM-ROUTE-51713c6daa40	route	name	canon/canonical_story_tree/world/wowas_world_zone_map.json	crossing|road|route	timeline|relationships|scenes|quests|world	implemented_reference_map	reference_extracted_pending_domain_review
WDM-ROUTE-6dbb73c926b2	route	The Ashfield Perimeter	canon/canonical_story_tree/world/wowas_world_zone_map.json	route	timeline|relationships|scenes|quests|world	implemented_reference_map	reference_extracted_pending_domain_review
WDM-ROUTE-ef5a8104bcc7	route	type	canon/canonical_story_tree/world/wowas_world_zone_map.json	crossing|road|route	timeline|relationships|scenes|quests|world	implemented_reference_map	reference_extracted_pending_domain_review
WDM-ROUTE-da595a6d03dc	route	contested	canon/canonical_story_tree/world/wowas_world_zone_map.json	route	timeline|relationships|scenes|quests|world	implemented_reference_map	reference_extracted_pending_domain_review
WDM-ROUTE-6d7ec7cd5201	route	border	canon/canonical_story_tree/world/wowas_world_zone_map.json	route	timeline|relationships|scenes|quests|world	implemented_reference_map	reference_extracted_pending_domain_review
WDM-ROUTE-2ab0ef8867a3	route	description	canon/canonical_story_tree/world/wowas_world_zone_map.json	crossing|route	timeline|relationships|scenes|quests|world	implemented_reference_map	reference_extracted_pending_domain_review
WDM-ROUTE-08d1ee7d2b37	route	The zone of friction between	canon/canonical_story_tree/world/wowas_world_zone_map.json	route	timeline|relationships|scenes|quests|world	implemented_reference_map	reference_extracted_pending_domain_review
WDM-ROUTE-8a4632607b33	route	Ash-Born territory and Iron Accord	canon/canonical_story_tree/world/wowas_world_zone_map.json	route	timeline|relationships|scenes|quests|world	implemented_reference_map	reference_extracted_pending_domain_review
WDM-ROUTE-caf22c5e3c57	route	supply routes	canon/canonical_story_tree/world/wowas_world_zone_map.json	route	timeline|relationships|scenes|quests|world	implemented_reference_map	reference_extracted_pending_domain_review
WDM-ROUTE-86bba764d18d	route	Kyrveth's scouting range	canon/canonical_story_tree/world/wowas_world_zone_map.json	route	timeline|relationships|scenes|quests|world	implemented_reference_map	reference_extracted_pending_domain_review
WDM-ROUTE-42646051fc6d	route	Rovel's operational territory	canon/canonical_story_tree/world/wowas_world_zone_map.json	route	timeline|relationships|scenes|quests|world	implemented_reference_map	reference_extracted_pending_domain_review
WDM-ROUTE-5f360d8ffc30	route	The physical site of the	canon/canonical_story_tree/world/wowas_world_zone_map.json	route	timeline|relationships|scenes|quests|world	implemented_reference_map	reference_extracted_pending_domain_review
WDM-ROUTE-f529be515e04	route	Corveth-Reval authority dispute	canon/canonical_story_tree/world/wowas_world_zone_map.json	route	timeline|relationships|scenes|quests|world	implemented_reference_map	reference_extracted_pending_domain_review
WDM-ROUTE-b7fd58921f48	route	Where the Iron Accord's supply	canon/canonical_story_tree/world/wowas_world_zone_map.json	route	timeline|relationships|scenes|quests|world	implemented_reference_map	reference_extracted_pending_domain_review
WDM-ROUTE-9e3513912396	route	access and the Ash-Born's territorial	canon/canonical_story_tree/world/wowas_world_zone_map.json	route	timeline|relationships|scenes|quests|world	implemented_reference_map	reference_extracted_pending_domain_review
WDM-ROUTE-c1848cbe5b4a	route	control most visibly conflict	canon/canonical_story_tree/world/wowas_world_zone_map.json	route	timeline|relationships|scenes|quests|world	implemented_reference_map	reference_extracted_pending_domain_review
WDM-ROUTE-4ee505bae718	route	relevance	canon/canonical_story_tree/world/wowas_world_zone_map.json	crossing|route	timeline|relationships|scenes|quests|world	implemented_reference_map	reference_extracted_pending_domain_review
WDM-ROUTE-7398e20b4e74	route	Kyrveth's double-carrier scouting	canon/canonical_story_tree/world/wowas_world_zone_map.json	route	timeline|relationships|scenes|quests|world	implemented_reference_map	reference_extracted_pending_domain_review
WDM-ROUTE-024bb36589f0	route	Supply route incident that implicates	canon/canonical_story_tree/world/wowas_world_zone_map.json	route	timeline|relationships|scenes|quests|world	implemented_reference_map	reference_extracted_pending_domain_review
WDM-ROUTE-ff3828fe8c55	route	Pethran	canon/canonical_story_tree/world/wowas_world_zone_map.json	crossing|route	timeline|relationships|scenes|quests|world	implemented_reference_map	reference_extracted_pending_domain_review
WDM-ROUTE-99bd5fc2863a	route	loc	canon/canonical_story_tree/world/wowas_world_zone_map.json	crossing|route	timeline|relationships|scenes|quests|world	implemented_reference_map	reference_extracted_pending_domain_review
WDM-ROUTE-20f96a2d6f24	route	glass	canon/canonical_story_tree/world/wowas_world_zone_map.json	route	timeline|relationships|scenes|quests|world	implemented_reference_map	reference_extracted_pending_domain_review
WDM-ROUTE-7d2279c29ee5	route	palace	canon/canonical_story_tree/world/wowas_world_zone_map.json	route	timeline|relationships|scenes|quests|world	implemented_reference_map	reference_extracted_pending_domain_review
WDM-ROUTE-3d62b0e72218	route	The Glass Palace	canon/canonical_story_tree/world/wowas_world_zone_map.json	route	timeline|relationships|scenes|quests|world	implemented_reference_map	reference_extracted_pending_domain_review
WDM-ROUTE-7d824af834ce	route	canonical	canon/canonical_story_tree/world/wowas_world_zone_map.json	route	timeline|relationships|scenes|quests|world	implemented_reference_map	reference_extracted_pending_domain_review
WDM-ROUTE-d1260bc432e0	route	The Ironmarsh	canon/canonical_story_tree/world/wowas_world_zone_map.json	route	timeline|relationships|scenes|quests|world	implemented_reference_map	reference_extracted_pending_domain_review
WDM-ROUTE-d80bdf77f6bd	route	zone	canon/canonical_story_tree/world/wowas_world_zone_map.json	crossing|road|route	timeline|relationships|scenes|quests|world	implemented_reference_map	reference_extracted_pending_domain_review
WDM-ROUTE-39e2e03d2835	route	secondary	canon/canonical_story_tree/world/wowas_world_zone_map.json	route	timeline|relationships|scenes|quests|world	implemented_reference_map	reference_extracted_pending_domain_review
WDM-ROUTE-ceaeb2a84a5a	route	settlement	canon/canonical_story_tree/world/wowas_world_zone_map.json	road|route	timeline|relationships|scenes|quests|world	implemented_reference_map	reference_extracted_pending_domain_review
WDM-ROUTE-f0c8ce31bada	route	cluster	canon/canonical_story_tree/world/wowas_world_zone_map.json	road|route	timeline|relationships|scenes|quests|world	implemented_reference_map	reference_extracted_pending_domain_review
WDM-ROUTE-d1ca0ca8e08b	route	marshy lowland transitioning to firm	canon/canonical_story_tree/world/wowas_world_zone_map.json	route	timeline|relationships|scenes|quests|world	implemented_reference_map	reference_extracted_pending_domain_review
WDM-ROUTE-a2af1f3ac924	route	ground	canon/canonical_story_tree/world/wowas_world_zone_map.json	route	timeline|relationships|scenes|quests|world	implemented_reference_map	reference_extracted_pending_domain_review
WDM-ROUTE-55970575ceac	route	rich in mineral deposits	canon/canonical_story_tree/world/wowas_world_zone_map.json	route	timeline|relationships|scenes|quests|world	implemented_reference_map	reference_extracted_pending_domain_review
WDM-ROUTE-d68fcad660b9	route	unpleasant to traverse without route	canon/canonical_story_tree/world/wowas_world_zone_map.json	route	timeline|relationships|scenes|quests|world	implemented_reference_map	reference_extracted_pending_domain_review
WDM-ROUTE-dd7061591103	route	knowledge	canon/canonical_story_tree/world/wowas_world_zone_map.json	route	timeline|relationships|scenes|quests|world	implemented_reference_map	reference_extracted_pending_domain_review
WDM-ROUTE-9740cd03cd50	route	natural barrier properties	canon/canonical_story_tree/world/wowas_world_zone_map.json	route	timeline|relationships|scenes|quests|world	implemented_reference_map	reference_extracted_pending_domain_review
WDM-ROUTE-052aad752c8e	route	collapse	canon/canonical_story_tree/world/wowas_world_zone_map.json	road|route	timeline|relationships|scenes|quests|world	implemented_reference_map	reference_extracted_pending_domain_review
WDM-ROUTE-a3936619663e	route	change	canon/canonical_story_tree/world/wowas_world_zone_map.json	road|route	timeline|relationships|scenes|quests|world	implemented_reference_map	reference_extracted_pending_domain_review
WDM-ROUTE-b3f0cea10545	route	significant	canon/canonical_story_tree/world/wowas_world_zone_map.json	route	timeline|relationships|scenes|quests|world	implemented_reference_map	reference_extracted_pending_domain_review
WDM-ROUTE-f3d9f31bd5de	route	the marsh expanded during the	canon/canonical_story_tree/world/wowas_world_zone_map.json	route	timeline|relationships|scenes|quests|world	implemented_reference_map	reference_extracted_pending_domain_review
WDM-ROUTE-dd2d30334489	route	collapse event	canon/canonical_story_tree/world/wowas_world_zone_map.json	route	timeline|relationships|scenes|quests|world	implemented_reference_map	reference_extracted_pending_domain_review
WDM-ROUTE-0940f6ad93c1	route	what was firm ground is	canon/canonical_story_tree/world/wowas_world_zone_map.json	route	timeline|relationships|scenes|quests|world	implemented_reference_map	reference_extracted_pending_domain_review
WDM-ROUTE-b58d25d46259	route	now marsh	canon/canonical_story_tree/world/wowas_world_zone_map.json	route	timeline|relationships|scenes|quests|world	implemented_reference_map	reference_extracted_pending_domain_review
WDM-ROUTE-b82934932743	route	the expansion created natural barriers	canon/canonical_story_tree/world/wowas_world_zone_map.json	route	timeline|relationships|scenes|quests|world	implemented_reference_map	reference_extracted_pending_domain_review
WDM-ROUTE-3ce231d66d1c	route	primary	canon/canonical_story_tree/world/wowas_world_zone_map.json	crossing|road|route	timeline|relationships|scenes|quests|world	implemented_reference_map	reference_extracted_pending_domain_review
WDM-ROUTE-23d5504ad524	route	The Firm Ground Settlement	canon/canonical_story_tree/world/wowas_world_zone_map.json	route	timeline|relationships|scenes|quests|world	implemented_reference_map	reference_extracted_pending_domain_review
WDM-ROUTE-410cb0cdd4cb	route	The marsh expansion is what	canon/canonical_story_tree/world/wowas_world_zone_map.json	route	timeline|relationships|scenes|quests|world	implemented_reference_map	reference_extracted_pending_domain_review
WDM-ROUTE-4016eb79b056	route	the Iron Accord built their	canon/canonical_story_tree/world/wowas_world_zone_map.json	route	timeline|relationships|scenes|quests|world	implemented_reference_map	reference_extracted_pending_domain_review
WDM-ROUTE-40ae7bacc812	route	eastern settlements around	canon/canonical_story_tree/world/wowas_world_zone_map.json	route	timeline|relationships|scenes|quests|world	implemented_reference_map	reference_extracted_pending_domain_review
WDM-ROUTE-e46dafdbbe5b	route	they know the routes	canon/canonical_story_tree/world/wowas_world_zone_map.json	route	timeline|relationships|scenes|quests|world	implemented_reference_map	reference_extracted_pending_domain_review
WDM-ROUTE-1172b5ceef0b	route	key	canon/canonical_story_tree/world/wowas_world_zone_map.json	crossing|route	timeline|relationships|scenes|quests|world	implemented_reference_map	reference_extracted_pending_domain_review
WDM-ROUTE-8bcb0eab0cfe	route	firm	canon/canonical_story_tree/world/wowas_world_zone_map.json	route	timeline|relationships|scenes|quests|world	implemented_reference_map	reference_extracted_pending_domain_review
WDM-ROUTE-43cbc2b7fd57	route	that survived the marsh expansion	canon/canonical_story_tree/world/wowas_world_zone_map.json	route	timeline|relationships|scenes|quests|world	implemented_reference_map	reference_extracted_pending_domain_review
WDM-ROUTE-6f3d3529f338	route	Daevyn's primary medical operation area	canon/canonical_story_tree/world/wowas_world_zone_map.json	crossing|route	timeline|relationships|scenes|quests|world	implemented_reference_map	reference_extracted_pending_domain_review
WDM-ROUTE-144bb3aa092a	route	the marsh creates unique injury	canon/canonical_story_tree/world/wowas_world_zone_map.json	crossing|route	timeline|relationships|scenes|quests|world	implemented_reference_map	reference_extracted_pending_domain_review
WDM-ROUTE-e86194206384	route	patterns	canon/canonical_story_tree/world/wowas_world_zone_map.json	crossing|route	timeline|relationships|scenes|quests|world	implemented_reference_map	reference_extracted_pending_domain_review
WDM-ROUTE-a47b0414b6ad	route	Kyrel and Aenwyn's home settlement	canon/canonical_story_tree/world/wowas_world_zone_map.json	crossing|route	timeline|relationships|scenes|quests|world	implemented_reference_map	reference_extracted_pending_domain_review
WDM-ROUTE-fb3a22e6af7a	route	before the main narrative begins	canon/canonical_story_tree/world/wowas_world_zone_map.json	crossing|route	timeline|relationships|scenes|quests|world	implemented_reference_map	reference_extracted_pending_domain_review
WDM-ROUTE-bbc05e58e3c1	route	Pethran's supply routes include	canon/canonical_story_tree/world/wowas_world_zone_map.json	crossing|route	timeline|relationships|scenes|quests|world	implemented_reference_map	reference_extracted_pending_domain_review
WDM-ROUTE-46b44b0d9e03	route	critical marsh crossing here	canon/canonical_story_tree/world/wowas_world_zone_map.json	crossing|route	timeline|relationships|scenes|quests|world	implemented_reference_map	reference_extracted_pending_domain_review
WDM-ROUTE-19812ba3458f	route	Kyrel and Aenwyn's origin context	canon/canonical_story_tree/world/wowas_world_zone_map.json	crossing|route	timeline|relationships|scenes|quests|world	implemented_reference_map	reference_extracted_pending_domain_review
WDM-ROUTE-83b6136786fd	route	Pethran's supply route crossing	canon/canonical_story_tree/world/wowas_world_zone_map.json	crossing|route	timeline|relationships|scenes|quests|world	implemented_reference_map	reference_extracted_pending_domain_review
WDM-ROUTE-ff512d5cd3f7	route	Daevyn's field medicine context	canon/canonical_story_tree/world/wowas_world_zone_map.json	crossing|route	timeline|relationships|scenes|quests|world	implemented_reference_map	reference_extracted_pending_domain_review
WDM-ROUTE-946de4ca897c	route	marsh	canon/canonical_story_tree/world/wowas_world_zone_map.json	crossing|route	timeline|relationships|scenes|quests|world	implemented_reference_map	reference_extracted_pending_domain_review
WDM-ROUTE-9a6f9074c267	route	routes	canon/canonical_story_tree/world/wowas_world_zone_map.json	crossing|route	timeline|relationships|scenes|quests|world	implemented_reference_map	reference_extracted_pending_domain_review
WDM-ROUTE-5bd8f3218645	route	The Marsh Routes	canon/canonical_story_tree/world/wowas_world_zone_map.json|canonical_story_tree/world/wowas_world_zone_map.json	crossing|route	timeline|relationships|scenes|quests|world	implemented_reference_map	reference_extracted_pending_domain_review
WDM-ROUTE-3d4598b13378	route	transit	canon/canonical_story_tree/world/wowas_world_zone_map.json	crossing|route	timeline|relationships|scenes|quests|world	implemented_reference_map	reference_extracted_pending_domain_review
WDM-ROUTE-6338b84c39f1	route	The known safe routes through	canon/canonical_story_tree/world/wowas_world_zone_map.json	route	timeline|relationships|scenes|quests|world	implemented_reference_map	reference_extracted_pending_domain_review
WDM-ROUTE-7d47e5226f4c	route	Known to Iron Accord navigators	canon/canonical_story_tree/world/wowas_world_zone_map.json	route	timeline|relationships|scenes|quests|world	implemented_reference_map	reference_extracted_pending_domain_review
WDM-ROUTE-a7a3e3db252c	route	and Unbound nomads	canon/canonical_story_tree/world/wowas_world_zone_map.json	route	timeline|relationships|scenes|quests|world	implemented_reference_map	reference_extracted_pending_domain_review
WDM-ROUTE-f196ed0cc6aa	route	Unknown to most Ash-Born	canon/canonical_story_tree/world/wowas_world_zone_map.json	route	timeline|relationships|scenes|quests|world	implemented_reference_map	reference_extracted_pending_domain_review
WDM-ROUTE-01f7c723da23	route	which is	canon/canonical_story_tree/world/wowas_world_zone_map.json	route	timeline|relationships|scenes|quests|world	implemented_reference_map	reference_extracted_pending_domain_review
WDM-ROUTE-74204d6b5371	route	tactical weakness they are aware	canon/canonical_story_tree/world/wowas_world_zone_map.json	route	timeline|relationships|scenes|quests|world	implemented_reference_map	reference_extracted_pending_domain_review
WDM-ROUTE-8843cbe29e80	route	Seth's map includes the current	canon/canonical_story_tree/world/wowas_world_zone_map.json	route	timeline|relationships|scenes|quests|world	implemented_reference_map	reference_extracted_pending_domain_review
WDM-ROUTE-b497f5d595ba	route	they change seasonally and Seth	canon/canonical_story_tree/world/wowas_world_zone_map.json	route	timeline|relationships|scenes|quests|world	implemented_reference_map	reference_extracted_pending_domain_review
WDM-ROUTE-a2ab8d81c36d	route	updates them	canon/canonical_story_tree/world/wowas_world_zone_map.json	route	timeline|relationships|scenes|quests|world	implemented_reference_map	reference_extracted_pending_domain_review
WDM-ROUTE-14a8111b10a4	route	Seth's cartography	canon/canonical_story_tree/world/wowas_world_zone_map.json	route	timeline|relationships|scenes|quests|world	implemented_reference_map	reference_extracted_pending_domain_review
WDM-ROUTE-732c6a2d62e9	route	seasonal update	canon/canonical_story_tree/world/wowas_world_zone_map.json	route	timeline|relationships|scenes|quests|world	implemented_reference_map	reference_extracted_pending_domain_review
WDM-ROUTE-a76fac5a6625	route	Pethran's logistical vulnerability	canon/canonical_story_tree/world/wowas_world_zone_map.json	route	timeline|relationships|scenes|quests|world	implemented_reference_map	reference_extracted_pending_domain_review
WDM-ROUTE-967003d31bab	route	Verath's operational base for cross-faction	canon/canonical_story_tree/world/wowas_world_zone_map.json	route	timeline|relationships|scenes|quests|world	implemented_reference_map	reference_extracted_pending_domain_review
WDM-ROUTE-28c8205494c5	route	intelligence	canon/canonical_story_tree/world/wowas_world_zone_map.json	route	timeline|relationships|scenes|quests|world	implemented_reference_map	reference_extracted_pending_domain_review
WDM-ROUTE-cf6ca7967a80	route	Unbound	canon/canonical_story_tree/world/wowas_world_zone_map.json	crossing|route	timeline|relationships|scenes|quests|world	implemented_reference_map	reference_extracted_pending_domain_review
WDM-ROUTE-309f1b327b95	route	transit presence	canon/canonical_story_tree/world/wowas_world_zone_map.json	route	timeline|relationships|scenes|quests|world	implemented_reference_map	reference_extracted_pending_domain_review
WDM-ROUTE-23775a6ba11e	route	Thael's route passes through	canon/canonical_story_tree/world/wowas_world_zone_map.json	route	timeline|relationships|scenes|quests|world	implemented_reference_map	reference_extracted_pending_domain_review
WDM-ROUTE-7906097007ff	route	thornridge	canon/canonical_story_tree/world/wowas_world_zone_map.json	route	timeline|relationships|scenes|quests|world	implemented_reference_map	reference_extracted_pending_domain_review
WDM-ROUTE-55b02e5f5b94	route	watch	canon/canonical_story_tree/world/wowas_world_zone_map.json	route	timeline|relationships|scenes|quests|world	implemented_reference_map	reference_extracted_pending_domain_review
WDM-ROUTE-e688ec760ec1	route	The Thornridge Watch Stations	canon/canonical_story_tree/world/wowas_world_zone_map.json	route	timeline|relationships|scenes|quests|world	implemented_reference_map	reference_extracted_pending_domain_review
WDM-ROUTE-950e65aacf1d	route	the flat condition is new	canon/canonical_story_tree/world/wowas_world_zone_map.json	crossing|route	timeline|relationships|scenes|quests|world	implemented_reference_map	reference_extracted_pending_domain_review
WDM-ROUTE-9e887d181d72	route	faction	canon/canonical_story_tree/world/wowas_world_zone_map.json	crossing|route	timeline|relationships|scenes|quests|world	implemented_reference_map	reference_extracted_pending_domain_review
WDM-ROUTE-2ec52182adc4	route	The Unbound	canon/canonical_story_tree/world/wowas_world_zone_map.json	crossing|route	timeline|relationships|scenes|quests|world	implemented_reference_map	reference_extracted_pending_domain_review
WDM-ROUTE-93f447a81385	route	the Unbound know the crossing	canon/canonical_story_tree/world/wowas_world_zone_map.json	crossing|route	timeline|relationships|scenes|quests|world	implemented_reference_map	reference_extracted_pending_domain_review
WDM-ROUTE-dca0f6f424a6	route	settlements do not	canon/canonical_story_tree/world/wowas_world_zone_map.json	crossing|route	timeline|relationships|scenes|quests|world	implemented_reference_map	reference_extracted_pending_domain_review
WDM-ROUTE-e981bf353bc5	route	travelers between zones	canon/canonical_story_tree/world/wowas_world_zone_map.json	crossing|route	timeline|relationships|scenes|quests|world	implemented_reference_map	reference_extracted_pending_domain_review
WDM-ROUTE-759bce45d9ae	route	the outer territories	canon/canonical_story_tree/world/wowas_world_zone_map.json	crossing|route	timeline|relationships|scenes|quests|world	implemented_reference_map	reference_extracted_pending_domain_review
WDM-ROUTE-5b212b5cebe1	route	Thael and Drevyn both maintain	canon/canonical_story_tree/world/wowas_world_zone_map.json	crossing|route	timeline|relationships|scenes|quests|world	implemented_reference_map	reference_extracted_pending_domain_review
WDM-ROUTE-1d465db0d716	route	The Unbound consider it communal	canon/canonical_story_tree/world/wowas_world_zone_map.json	crossing|route	timeline|relationships|scenes|quests|world	implemented_reference_map	reference_extracted_pending_domain_review
WDM-ROUTE-233f988680eb	route	infrastructure	canon/canonical_story_tree/world/wowas_world_zone_map.json	crossing|route	timeline|relationships|scenes|quests|world	implemented_reference_map	reference_extracted_pending_domain_review
WDM-ROUTE-45759fae2182	route	Seth's map marks it	canon/canonical_story_tree/world/wowas_world_zone_map.json	crossing|route	timeline|relationships|scenes|quests|world	implemented_reference_map	reference_extracted_pending_domain_review
WDM-ROUTE-ce98b64f6a21	route	Thael's route	canon/canonical_story_tree/world/wowas_world_zone_map.json	crossing|route	timeline|relationships|scenes|quests|world	implemented_reference_map	reference_extracted_pending_domain_review
WDM-ROUTE-b81eb38562aa	route	Drevyn's nomadic territory	canon/canonical_story_tree/world/wowas_world_zone_map.json	route	timeline|relationships|scenes|quests|world	implemented_reference_map	reference_extracted_pending_domain_review
WDM-ROUTE-58cbec789b46	route	Transit context for outer-zone characters	canon/canonical_story_tree/world/wowas_world_zone_map.json	route	timeline|relationships|scenes|quests|world	implemented_reference_map	reference_extracted_pending_domain_review
WDM-ROUTE-4b51f2212c12	route	arriving mid-sequence	canon/canonical_story_tree/world/wowas_world_zone_map.json	route	timeline|relationships|scenes|quests|world	implemented_reference_map	reference_extracted_pending_domain_review
WDM-ROUTE-e5fedbde3199	route	Pethran's reception logistics	canon/canonical_story_tree/world/wowas_world_zone_map.json	route	timeline|relationships|scenes|quests|world	implemented_reference_map	reference_extracted_pending_domain_review
WDM-ROUTE-9121e552134a	route	outer-territory problem	canon/canonical_story_tree/world/wowas_world_zone_map.json	route	timeline|relationships|scenes|quests|world	implemented_reference_map	reference_extracted_pending_domain_review
WDM-ROUTE-92bee56573ef	route	connection	canon/canonical_story_tree/world/wowas_world_zone_map.json	route	timeline|relationships|scenes|quests|world	implemented_reference_map	reference_extracted_pending_domain_review
WDM-ROUTE-9da0a350eb6f	route	How zones connect	canon/canonical_story_tree/world/wowas_world_zone_map.json	route	timeline|relationships|scenes|quests|world	implemented_reference_map	reference_extracted_pending_domain_review
WDM-ROUTE-066e9d44b785	route	physical routes	canon/canonical_story_tree/world/wowas_world_zone_map.json	route	timeline|relationships|scenes|quests|world	implemented_reference_map	reference_extracted_pending_domain_review
WDM-ROUTE-805c536e548f	route	political relationships	canon/canonical_story_tree/world/wowas_world_zone_map.json	route	timeline|relationships|scenes|quests|world	implemented_reference_map	reference_extracted_pending_domain_review
WDM-ROUTE-ca06a04e50a9	route	and information flow	canon/canonical_story_tree/world/wowas_world_zone_map.json	route	timeline|relationships|scenes|quests|world	implemented_reference_map	reference_extracted_pending_domain_review
WDM-ROUTE-e2e44772db1a	route	heartland	canon/canonical_story_tree/world/wowas_world_zone_map.json	crossing|road|route	timeline|relationships|scenes|quests|world	implemented_reference_map	reference_extracted_pending_domain_review
WDM-ROUTE-a201733a3326	route	ashfields	canon/canonical_story_tree/world/wowas_world_zone_map.json	route	timeline|relationships|scenes|quests|world	implemented_reference_map	reference_extracted_pending_domain_review
WDM-ROUTE-3b81580f461a	route	The main route between the	canon/canonical_story_tree/world/wowas_world_zone_map.json	route	timeline|relationships|scenes|quests|world	implemented_reference_map	reference_extracted_pending_domain_review
WDM-ROUTE-4008880a1361	route	Heartland and the Ashfields	canon/canonical_story_tree/world/wowas_world_zone_map.json	route	timeline|relationships|scenes|quests|world	implemented_reference_map	reference_extracted_pending_domain_review
WDM-ROUTE-ed38b582eecf	route	Politically contested	canon/canonical_story_tree/world/wowas_world_zone_map.json	route	timeline|relationships|scenes|quests|world	implemented_reference_map	reference_extracted_pending_domain_review
WDM-ROUTE-5aeaccf9cbb8	route	Ash-Born consider it their approach	canon/canonical_story_tree/world/wowas_world_zone_map.json	route	timeline|relationships|scenes|quests|world	implemented_reference_map	reference_extracted_pending_domain_review
WDM-ROUTE-8f600fc4ddae	route	Iron Accord consider it their	canon/canonical_story_tree/world/wowas_world_zone_map.json	route	timeline|relationships|scenes|quests|world	implemented_reference_map	reference_extracted_pending_domain_review
WDM-ROUTE-fb40ab93b051	route	supply line	canon/canonical_story_tree/world/wowas_world_zone_map.json	route	timeline|relationships|scenes|quests|world	implemented_reference_map	reference_extracted_pending_domain_review
WDM-ROUTE-244892c25466	route	This is the physical site	canon/canonical_story_tree/world/wowas_world_zone_map.json	route	timeline|relationships|scenes|quests|world	implemented_reference_map	reference_extracted_pending_domain_review
WDM-ROUTE-66f9986ea6e6	route	of the Corveth-Reval friction	canon/canonical_story_tree/world/wowas_world_zone_map.json	route	timeline|relationships|scenes|quests|world	implemented_reference_map	reference_extracted_pending_domain_review
WDM-ROUTE-592e4773f53c	route	wowas	canon/canonical_story_tree/world/wowas_world_zone_map.json	crossing|route	timeline|relationships|scenes|quests|world	implemented_reference_map	reference_extracted_pending_domain_review
WDM-ROUTE-1ffa28f9706a	route	kyrveth	canon/canonical_story_tree/world/wowas_world_zone_map.json	route	timeline|relationships|scenes|quests|world	implemented_reference_map	reference_extracted_pending_domain_review
WDM-ROUTE-b8ed5b81785e	route	ashkoral	canon/canonical_story_tree/world/wowas_world_zone_map.json	route	timeline|relationships|scenes|quests|world	implemented_reference_map	reference_extracted_pending_domain_review
WDM-ROUTE-002cf595cb2d	route	stonehayne	canon/canonical_story_tree/world/wowas_world_zone_map.json	route	timeline|relationships|scenes|quests|world	implemented_reference_map	reference_extracted_pending_domain_review
WDM-ROUTE-399ddf71d8ed	route	onrylder	canon/canonical_story_tree/world/wowas_world_zone_map.json	crossing|route	timeline|relationships|scenes|quests|world	implemented_reference_map	reference_extracted_pending_domain_review
WDM-ROUTE-63c94b47d0a5	route	thorngrace	canon/canonical_story_tree/world/wowas_world_zone_map.json	crossing|route	timeline|relationships|scenes|quests|world	implemented_reference_map	reference_extracted_pending_domain_review
WDM-ROUTE-503bd8796d3e	route	stillwater	canon/canonical_story_tree/world/wowas_world_zone_map.json	route	timeline|relationships|scenes|quests|world	implemented_reference_map	reference_extracted_pending_domain_review
WDM-ROUTE-abf8e59fb9c8	route	water	canon/canonical_story_tree/world/wowas_world_zone_map.json	route	timeline|relationships|scenes|quests|world	implemented_reference_map	reference_extracted_pending_domain_review
WDM-ROUTE-094414fc6f69	route	cooperative	canon/canonical_story_tree/world/wowas_world_zone_map.json	route	timeline|relationships|scenes|quests|world	implemented_reference_map	reference_extracted_pending_domain_review
WDM-ROUTE-379efe9c4745	route	The agricultural supply route	canon/canonical_story_tree/world/wowas_world_zone_map.json	route	timeline|relationships|scenes|quests|world	implemented_reference_map	reference_extracted_pending_domain_review
WDM-ROUTE-16b1f549d9d0	route	cooperative because both factions benefit	canon/canonical_story_tree/world/wowas_world_zone_map.json	route	timeline|relationships|scenes|quests|world	implemented_reference_map	reference_extracted_pending_domain_review
WDM-ROUTE-f25ffdb024f1	route	from it	canon/canonical_story_tree/world/wowas_world_zone_map.json	route	timeline|relationships|scenes|quests|world	implemented_reference_map	reference_extracted_pending_domain_review
WDM-ROUTE-49c598ca16c6	route	Pethran's most important maintained route	canon/canonical_story_tree/world/wowas_world_zone_map.json	route	timeline|relationships|scenes|quests|world	implemented_reference_map	reference_extracted_pending_domain_review
WDM-ROUTE-9ca129b61421	route	renath	canon/canonical_story_tree/world/wowas_world_zone_map.json	route	timeline|relationships|scenes|quests|world	implemented_reference_map	reference_extracted_pending_domain_review
WDM-ROUTE-dbbbf088fd93	route	marso	canon/canonical_story_tree/world/wowas_world_zone_map.json	route	timeline|relationships|scenes|quests|world	implemented_reference_map	reference_extracted_pending_domain_review
WDM-ROUTE-a11613107338	route	ironmarsh	canon/canonical_story_tree/world/wowas_world_zone_map.json	crossing|route	timeline|relationships|scenes|quests|world	implemented_reference_map	reference_extracted_pending_domain_review
WDM-ROUTE-b95a181ee7fd	route	iron	canon/canonical_story_tree/world/wowas_world_zone_map.json	crossing|route	timeline|relationships|scenes|quests|world	implemented_reference_map	reference_extracted_pending_domain_review
WDM-ROUTE-a230ca43d482	route	accord	canon/canonical_story_tree/world/wowas_world_zone_map.json	crossing|route	timeline|relationships|scenes|quests|world	implemented_reference_map	reference_extracted_pending_domain_review
WDM-ROUTE-282a29018d98	route	Iron Accord maintained route through	canon/canonical_story_tree/world/wowas_world_zone_map.json	crossing|route	timeline|relationships|scenes|quests|world	implemented_reference_map	reference_extracted_pending_domain_review
WDM-ROUTE-c2950bdda2db	route	the marsh	canon/canonical_story_tree/world/wowas_world_zone_map.json	crossing|route	timeline|relationships|scenes|quests|world	implemented_reference_map	reference_extracted_pending_domain_review
WDM-ROUTE-c2752446e198	route	The knowledge of safe crossings	canon/canonical_story_tree/world/wowas_world_zone_map.json	crossing|route	timeline|relationships|scenes|quests|world	implemented_reference_map	reference_extracted_pending_domain_review
WDM-ROUTE-bc748596e443	route	is Iron Accord institutional knowledge	canon/canonical_story_tree/world/wowas_world_zone_map.json	crossing|route	timeline|relationships|scenes|quests|world	implemented_reference_map	reference_extracted_pending_domain_review
WDM-ROUTE-a220e862434d	route	seth	canon/canonical_story_tree/world/wowas_world_zone_map.json	crossing|route	timeline|relationships|scenes|quests|world	implemented_reference_map	reference_extracted_pending_domain_review
WDM-ROUTE-d8fe48f14b8b	route	velthane	canon/canonical_story_tree/world/wowas_world_zone_map.json	crossing|route	timeline|relationships|scenes|quests|world	implemented_reference_map	reference_extracted_pending_domain_review
WDM-ROUTE-6835379cdb95	route	ironsong	canon/canonical_story_tree/world/wowas_world_zone_map.json	crossing|route	timeline|relationships|scenes|quests|world	implemented_reference_map	reference_extracted_pending_domain_review
WDM-ROUTE-39c94c5340de	route	outer	canon/canonical_story_tree/world/wowas_world_zone_map.json	route	timeline|relationships|scenes|quests|world	implemented_reference_map	reference_extracted_pending_domain_review
WDM-ROUTE-4d24fc4ece66	route	territories	canon/canonical_story_tree/world/wowas_world_zone_map.json	route	timeline|relationships|scenes|quests|world	implemented_reference_map	reference_extracted_pending_domain_review
WDM-ROUTE-815f84181838	route	deepwood	canon/canonical_story_tree/world/wowas_world_zone_map.json	crossing|route	timeline|relationships|scenes|quests|world	implemented_reference_map	reference_extracted_pending_domain_review
WDM-ROUTE-3b038835d9da	route	remnant	canon/canonical_story_tree/world/wowas_world_zone_map.json	crossing|route	timeline|relationships|scenes|quests|world	implemented_reference_map	reference_extracted_pending_domain_review
WDM-ROUTE-5ac1e037b736	route	nomadic	canon/canonical_story_tree/world/wowas_world_zone_map.json	crossing|route	timeline|relationships|scenes|quests|world	implemented_reference_map	reference_extracted_pending_domain_review
WDM-ROUTE-00fe5a230801	route	The Unbound's primary nomadic circuit	canon/canonical_story_tree/world/wowas_world_zone_map.json	crossing|route	timeline|relationships|scenes|quests|world	implemented_reference_map	reference_extracted_pending_domain_review
WDM-ROUTE-75b9a617fa46	route	outer territories through the saltflat	canon/canonical_story_tree/world/wowas_world_zone_map.json	crossing|route	timeline|relationships|scenes|quests|world	implemented_reference_map	reference_extracted_pending_domain_review
WDM-ROUTE-24e6f12b4521	route	through the deepwood remnant	canon/canonical_story_tree/world/wowas_world_zone_map.json	crossing|route	timeline|relationships|scenes|quests|world	implemented_reference_map	reference_extracted_pending_domain_review
WDM-ROUTE-fdb991c3b814	route	to occasional settlement contact	canon/canonical_story_tree/world/wowas_world_zone_map.json	crossing|route	timeline|relationships|scenes|quests|world	implemented_reference_map	reference_extracted_pending_domain_review
WDM-ROUTE-d207fb593730	route	Drevyn's extended version	canon/canonical_story_tree/world/wowas_world_zone_map.json	crossing|route	timeline|relationships|scenes|quests|world	implemented_reference_map	reference_extracted_pending_domain_review
WDM-ROUTE-f49d37575248	route	thael	canon/canonical_story_tree/world/wowas_world_zone_map.json	crossing|route	timeline|relationships|scenes|quests|world	implemented_reference_map	reference_extracted_pending_domain_review
WDM-ROUTE-da7f0177aab4	route	drevyn	canon/canonical_story_tree/world/wowas_world_zone_map.json	route	timeline|relationships|scenes|quests|world	implemented_reference_map	reference_extracted_pending_domain_review
WDM-ROUTE-962f56b0ed42	route	naela	canon/canonical_story_tree/world/wowas_world_zone_map.json	route	timeline|relationships|scenes|quests|world	implemented_reference_map	reference_extracted_pending_domain_review
WDM-ROUTE-e2d3914282c8	route	severed	canon/canonical_story_tree/world/wowas_world_zone_map.json	route	timeline|relationships|scenes|quests|world	implemented_reference_map	reference_extracted_pending_domain_review
WDM-ROUTE-7632c006d290	route	covert	canon/canonical_story_tree/world/wowas_world_zone_map.json	route	timeline|relationships|scenes|quests|world	implemented_reference_map	reference_extracted_pending_domain_review
WDM-ROUTE-9049ef0db6a8	route	Verath's covert information route	canon/canonical_story_tree/world/wowas_world_zone_map.json	route	timeline|relationships|scenes|quests|world	implemented_reference_map	reference_extracted_pending_domain_review
WDM-ROUTE-cb73100e1b5c	route	Caera uses	canon/canonical_story_tree/world/wowas_world_zone_map.json	route	timeline|relationships|scenes|quests|world	implemented_reference_map	reference_extracted_pending_domain_review
WDM-ROUTE-def79784dfb5	route	version of this route for	canon/canonical_story_tree/world/wowas_world_zone_map.json	route	timeline|relationships|scenes|quests|world	implemented_reference_map	reference_extracted_pending_domain_review
WDM-ROUTE-df2986379b56	route	her cross-faction work	canon/canonical_story_tree/world/wowas_world_zone_map.json	route	timeline|relationships|scenes|quests|world	implemented_reference_map	reference_extracted_pending_domain_review
WDM-ROUTE-5d9559861bc8	route	Nirath's liaison work passes through	canon/canonical_story_tree/world/wowas_world_zone_map.json	route	timeline|relationships|scenes|quests|world	implemented_reference_map	reference_extracted_pending_domain_review
WDM-ROUTE-be6659fc6da3	route	here	canon/canonical_story_tree/world/wowas_world_zone_map.json	route	timeline|relationships|scenes|quests|world	implemented_reference_map	reference_extracted_pending_domain_review
WDM-ROUTE-00698a5f40e2	route	verath	canon/canonical_story_tree/world/wowas_world_zone_map.json	route	timeline|relationships|scenes|quests|world	implemented_reference_map	reference_extracted_pending_domain_review
WDM-ROUTE-d642707406d5	route	darkcurrent	canon/canonical_story_tree/world/wowas_world_zone_map.json	route	timeline|relationships|scenes|quests|world	implemented_reference_map	reference_extracted_pending_domain_review
WDM-ROUTE-681c6ddede3f	route	caera	canon/canonical_story_tree/world/wowas_world_zone_map.json	route	timeline|relationships|scenes|quests|world	implemented_reference_map	reference_extracted_pending_domain_review
WDM-ROUTE-efdd3cde01a0	route	relay	canon/canonical_story_tree/world/wowas_world_zone_map.json	route	timeline|relationships|scenes|quests|world	implemented_reference_map	reference_extracted_pending_domain_review
WDM-ROUTE-f72a6f3c5b65	route	Covers Heartland	canon/canonical_story_tree/world/wowas_world_zone_map.json	route	timeline|relationships|scenes|quests|world	implemented_reference_map	reference_extracted_pending_domain_review
WDM-ROUTE-b814700a2dd9	route	Still Water Basin	canon/canonical_story_tree/world/wowas_world_zone_map.json	route	timeline|relationships|scenes|quests|world	implemented_reference_map	reference_extracted_pending_domain_review
WDM-ROUTE-907cca92751d	route	all Iron Accord zones with	canon/canonical_story_tree/world/wowas_world_zone_map.json	route	timeline|relationships|scenes|quests|world	implemented_reference_map	reference_extracted_pending_domain_review
WDM-ROUTE-49323265bf18	route	extensions to Resonance and Meridian	canon/canonical_story_tree/world/wowas_world_zone_map.json	route	timeline|relationships|scenes|quests|world	implemented_reference_map	reference_extracted_pending_domain_review
WDM-ROUTE-097dbd8c4b11	route	diplomatic	canon/canonical_story_tree/world/wowas_world_zone_map.json	route	timeline|relationships|scenes|quests|world	implemented_reference_map	reference_extracted_pending_domain_review
WDM-ROUTE-31fb2e6e99cb	route	All zones including contested and	canon/canonical_story_tree/world/wowas_world_zone_map.json	route	timeline|relationships|scenes|quests|world	implemented_reference_map	reference_extracted_pending_domain_review
WDM-ROUTE-e792ec740804	route	the only person with full	canon/canonical_story_tree/world/wowas_world_zone_map.json	route	timeline|relationships|scenes|quests|world	implemented_reference_map	reference_extracted_pending_domain_review
WDM-ROUTE-5472de7038c9	route	coverage	canon/canonical_story_tree/world/wowas_world_zone_map.json	route	timeline|relationships|scenes|quests|world	implemented_reference_map	reference_extracted_pending_domain_review
WDM-ROUTE-6c6a12ef085f	route	wrenath	canon/canonical_story_tree/world/wowas_world_zone_map.json	route	timeline|relationships|scenes|quests|world	implemented_reference_map	reference_extracted_pending_domain_review
WDM-ROUTE-3b6d3d1329c8	route	network	canon/canonical_story_tree/world/wowas_world_zone_map.json	route	timeline|relationships|scenes|quests|world	implemented_reference_map	reference_extracted_pending_domain_review
WDM-ROUTE-1ae31ea38079	route	Heartland primary	canon/canonical_story_tree/world/wowas_world_zone_map.json	route	timeline|relationships|scenes|quests|world	implemented_reference_map	reference_extracted_pending_domain_review
WDM-ROUTE-edef23314cbd	route	relay nodes in all zones	canon/canonical_story_tree/world/wowas_world_zone_map.json	route	timeline|relationships|scenes|quests|world	implemented_reference_map	reference_extracted_pending_domain_review
WDM-ROUTE-bda8d17eb6c0	route	via Calevyn and Nirath	canon/canonical_story_tree/world/wowas_world_zone_map.json	route	timeline|relationships|scenes|quests|world	implemented_reference_map	reference_extracted_pending_domain_review
WDM-ROUTE-520c7855871f	route	may not fully perceive	canon/canonical_story_tree/world/wowas_world_zone_map.json	road	timeline|relationships|scenes|quests|world	implemented_reference_map	reference_extracted_pending_domain_review
WDM-ROUTE-de4c4b326e0c	route	zones	canon/canonical_story_tree/world/wowas_world_zone_map.json	road	timeline|relationships|scenes|quests|world	implemented_reference_map	reference_extracted_pending_domain_review
WDM-ROUTE-f02cc77f4d4c	route	The Heartland	canon/canonical_story_tree/world/wowas_world_zone_map.json	road	timeline|relationships|scenes|quests|world	implemented_reference_map	reference_extracted_pending_domain_review
WDM-ROUTE-1c4998de91bc	route	broad valley with river access	canon/canonical_story_tree/world/wowas_world_zone_map.json	road	timeline|relationships|scenes|quests|world	implemented_reference_map	reference_extracted_pending_domain_review
WDM-ROUTE-8342994ac149	route	moderate elevation	canon/canonical_story_tree/world/wowas_world_zone_map.json	road	timeline|relationships|scenes|quests|world	implemented_reference_map	reference_extracted_pending_domain_review
WDM-ROUTE-9ec6694970cb	route	defensible natural borders to north	canon/canonical_story_tree/world/wowas_world_zone_map.json	road	timeline|relationships|scenes|quests|world	implemented_reference_map	reference_extracted_pending_domain_review
WDM-ROUTE-f252272e491a	route	and east	canon/canonical_story_tree/world/wowas_world_zone_map.json	road	timeline|relationships|scenes|quests|world	implemented_reference_map	reference_extracted_pending_domain_review
WDM-ROUTE-1620af93be4e	route	minor	canon/canonical_story_tree/world/wowas_world_zone_map.json	road	timeline|relationships|scenes|quests|world	implemented_reference_map	reference_extracted_pending_domain_review
WDM-ROUTE-af68ae5620f6	route	the Heartland was the most	canon/canonical_story_tree/world/wowas_world_zone_map.json	road	timeline|relationships|scenes|quests|world	implemented_reference_map	reference_extracted_pending_domain_review
WDM-ROUTE-9d29aef135f8	route	stable zone during the collapse	canon/canonical_story_tree/world/wowas_world_zone_map.json	road	timeline|relationships|scenes|quests|world	implemented_reference_map	reference_extracted_pending_domain_review
WDM-ROUTE-b88546e5fb32	route	Pip finds Brenath	canon/canonical_story_tree/world/wowas_world_zone_map.json	crossing	timeline|relationships|scenes|quests|world	implemented_reference_map	reference_extracted_pending_domain_review
WDM-ROUTE-73cd063cfad8	route	The quiet conversation that doesn't	canon/canonical_story_tree/world/wowas_world_zone_map.json	crossing	timeline|relationships|scenes|quests|world	implemented_reference_map	reference_extracted_pending_domain_review
WDM-ROUTE-9577d4c7873c	route	solve anything and doesn't need	canon/canonical_story_tree/world/wowas_world_zone_map.json	crossing	timeline|relationships|scenes|quests|world	implemented_reference_map	reference_extracted_pending_domain_review
WDM-ROUTE-b5cd2cae333a	route	saltflat	canon/canonical_story_tree/world/wowas_world_zone_map.json	crossing	timeline|relationships|scenes|quests|world	implemented_reference_map	reference_extracted_pending_domain_review
WDM-ROUTE-e00dae280d1c	route	The Saltflat Crossing	canon/canonical_story_tree/world/wowas_world_zone_map.json	crossing	timeline|relationships|scenes|quests|world	implemented_reference_map	reference_extracted_pending_domain_review
WDM-ROUTE-603b37b55b48	route	salt flat expanse	canon/canonical_story_tree/world/wowas_world_zone_map.json	crossing	timeline|relationships|scenes|quests|world	implemented_reference_map	reference_extracted_pending_domain_review
WDM-ROUTE-d3a6d23fe5da	route	flat	canon/canonical_story_tree/world/wowas_world_zone_map.json	crossing	timeline|relationships|scenes|quests|world	implemented_reference_map	reference_extracted_pending_domain_review
WDM-ROUTE-d01d7dca01c2	route	navigable but exposed	canon/canonical_story_tree/world/wowas_world_zone_map.json	crossing	timeline|relationships|scenes|quests|world	implemented_reference_map	reference_extracted_pending_domain_review
WDM-ROUTE-008b922cbdd4	route	dramatic temperature variation between day	canon/canonical_story_tree/world/wowas_world_zone_map.json	crossing	timeline|relationships|scenes|quests|world	implemented_reference_map	reference_extracted_pending_domain_review
WDM-ROUTE-0709eba1dae0	route	and night	canon/canonical_story_tree/world/wowas_world_zone_map.json	crossing	timeline|relationships|scenes|quests|world	implemented_reference_map	reference_extracted_pending_domain_review
WDM-ROUTE-27de3c039ebf	route	minimal cover	canon/canonical_story_tree/world/wowas_world_zone_map.json	crossing	timeline|relationships|scenes|quests|world	implemented_reference_map	reference_extracted_pending_domain_review
WDM-ROUTE-0bd449c5e8f6	route	waypoint	canon/canonical_story_tree/world/wowas_world_zone_map.json	crossing	timeline|relationships|scenes|quests|world	implemented_reference_map	reference_extracted_pending_domain_review
WDM-ROUTE-376bec43780e	route	The Waypoint	canon/canonical_story_tree/world/wowas_world_zone_map.json	crossing	timeline|relationships|scenes|quests|world	implemented_reference_map	reference_extracted_pending_domain_review
WDM-ROUTE-ce337c47cb1f	route	shelter structure maintained by the	canon/canonical_story_tree/world/wowas_world_zone_map.json	crossing	timeline|relationships|scenes|quests|world	implemented_reference_map	reference_extracted_pending_domain_review
WDM-ROUTE-3c0cb8a19a65	route	Unbound at the midpoint of	canon/canonical_story_tree/world/wowas_world_zone_map.json	crossing	timeline|relationships|scenes|quests|world	implemented_reference_map	reference_extracted_pending_domain_review
WDM-ROUTE-b863e8d8f437	route	The only reliable rest point	canon/canonical_story_tree/world/wowas_world_zone_map.json	crossing	timeline|relationships|scenes|quests|world	implemented_reference_map	reference_extracted_pending_domain_review
WDM-ROUTE-f16a71f0d35e	route	between the Thornridge zone and	canon/canonical_story_tree/world/wowas_world_zone_map.json	crossing	timeline|relationships|scenes|quests|world	implemented_reference_map	reference_extracted_pending_domain_review
WDM-ROUTE-ddcd089038d6	route	glide attempts fail because the	canon/wowas_magic_system_patch_v10.md	path	timeline|relationships|scenes|quests|world	implemented_reference_map	reference_extracted_pending_domain_review
WDM-ROUTE-50629312ce22	route	air itself is wrong	canon/wowas_magic_system_patch_v10.md	path	timeline|relationships|scenes|quests|world	implemented_reference_map	reference_extracted_pending_domain_review
WDM-ROUTE-652027537314	route	In Lucent	canon/wowas_magic_system_patch_v10.md	path	timeline|relationships|scenes|quests|world	implemented_reference_map	reference_extracted_pending_domain_review
WDM-ROUTE-998d057b0d38	route	Ursula surface-state	canon/wowas_magic_system_patch_v10.md	path	timeline|relationships|scenes|quests|world	implemented_reference_map	reference_extracted_pending_domain_review
WDM-ROUTE-ca3fd28e41fe	route	lift returns and glide becomes	canon/wowas_magic_system_patch_v10.md	path	timeline|relationships|scenes|quests|world	implemented_reference_map	reference_extracted_pending_domain_review
WDM-ROUTE-192281398469	route	usable again	canon/wowas_magic_system_patch_v10.md	path	timeline|relationships|scenes|quests|world	implemented_reference_map	reference_extracted_pending_domain_review
WDM-ROUTE-6298743b0d72	route	In the hardest traversal sequences	canon/wowas_magic_system_patch_v10.md	path	timeline|relationships|scenes|quests|world	implemented_reference_map	reference_extracted_pending_domain_review
WDM-ROUTE-0b067c4dbf26	route	Pip cannot lay the return	canon/wowas_magic_system_patch_v10.md	path	timeline|relationships|scenes|quests|world	implemented_reference_map	reference_extracted_pending_domain_review
WDM-ROUTE-f8fa53010aa0	route	path for the party until	canon/wowas_magic_system_patch_v10.md	path	timeline|relationships|scenes|quests|world	implemented_reference_map	reference_extracted_pending_domain_review
WDM-ROUTE-d8d03d31da01	route	he has	canon/wowas_magic_system_patch_v10.md	path	timeline|relationships|scenes|quests|world	implemented_reference_map	reference_extracted_pending_domain_review
WDM-ROUTE-f87a74f2848e	route	stable anchor point	canon/wowas_magic_system_patch_v10.md	path	timeline|relationships|scenes|quests|world	implemented_reference_map	reference_extracted_pending_domain_review
WDM-ROUTE-5df591a3da6f	route	Alignment transfiguration changes not just	canon/wowas_magic_system_patch_v10.md	path	timeline|relationships|scenes|quests|world	implemented_reference_map	reference_extracted_pending_domain_review
WDM-ROUTE-dadef4bc2772	route	weapon class but terrain-solving style	canon/wowas_magic_system_patch_v10.md	path	timeline|relationships|scenes|quests|world	implemented_reference_map	reference_extracted_pending_domain_review
WDM-ROUTE-f1c40bba2dea	route	Rolzen	canon/wowas_magic_system_patch_v10.md	path	timeline|relationships|scenes|quests|world	implemented_reference_map	reference_extracted_pending_domain_review
WDM-ROUTE-b4888510261b	route	Rolzen is force-boom	canon/wowas_magic_system_patch_v10.md	path	timeline|relationships|scenes|quests|world	implemented_reference_map	reference_extracted_pending_domain_review
WDM-ROUTE-7a016e96f1c6	route	not fire	canon/wowas_magic_system_patch_v10.md	path	timeline|relationships|scenes|quests|world	implemented_reference_map	reference_extracted_pending_domain_review
