character_id	name	tier	volume	book_anchor	role	house_pressure	region	source_anchor	candidate_draws	selection_score	story_background_law	visual_status
WC00001	Aerfiracoriadria1	recurring-background	V1	B01	orchard guard	Mack-ground	diamond breakland	Vellin source orbit	90	77	averaged_background_story_orbit_aesthetic_origin_distance	pending_art_reference
WC00002	Ashagalenindraiel2	deep-background	V1	B02	sonomancy listener	Dervish-glass	black-heart ridge	Corrath source orbit	90	77	averaged_background_story_orbit_aesthetic_origin_distance	pending_art_reference
WC00003	Aermaelorcoriadion3	support	V1	B03	tunnel witness	Vayne	ash river	Dervish source orbit	90	77	averaged_background_story_orbit_aesthetic_origin_distance	pending_art_reference
WC00004	Aerdalencoriaion4	background	V1	B04	threshold mason	Null-Heart	morrow market	Pip source orbit	90	77	averaged_background_story_orbit_aesthetic_origin_distance	pending_art_reference
WC00005	Aerdalenhollowiel5	story	V1	B05	bookbinder	Iron-Song	root vale	Rolzen source orbit	90	77	averaged_background_story_orbit_aesthetic_origin_distance	pending_art_reference
WC00006	Brenhalorashion6	recurring-background	V1	B06	bridge keeper	Wren-Ash	ripper tunnel	Xethrolund source orbit	90	77	averaged_background_story_orbit_aesthetic_origin_distance	pending_art_reference
WC00007	Aerdalenaen7	deep-background	V1	B07	market singer	Thorn-Vayne	cello field	Rylos source orbit	90	77	averaged_background_story_orbit_aesthetic_origin_distance	pending_art_reference
WC00008	Aerdalenael8	support	V1	B08	glass forge worker	Marso-len	blue-light road	Kyreal source orbit	90	77	averaged_background_story_orbit_aesthetic_origin_distance	pending_art_reference
WC00009	Aermaelorcinderel9	background	V1	B09	ripper survivor	Rolzen-line	xeth glyph yard	Thessa source orbit	90	77	averaged_background_story_orbit_aesthetic_origin_distance	pending_art_reference
WC00010	Ashagalenelle10	story	V1	B10	map seller	Kyreal-pack	stone fen	Kael source orbit	90	77	averaged_background_story_orbit_aesthetic_origin_distance	pending_art_reference
WC00011	Ashaeliondalenen11	recurring-background	V1	B11	cellar cook	Xethrolund-glyph	pocket sanctuary	Pael source orbit	90	77	averaged_background_story_orbit_aesthetic_origin_distance	pending_art_reference
WC00012	Aeranorcoriaaria12	deep-background	V1	B12	triage helper	Pip-no-path	glass orchard	Soth source orbit	90	77	averaged_background_story_orbit_aesthetic_origin_distance	pending_art_reference
WC00013	Aerdalendria13	support	V1	B13	faction runner	Mack-ground	neith edge	Vellin source orbit	90	77	averaged_background_story_orbit_aesthetic_origin_distance	pending_art_reference
WC00014	Aerdalenen14	background	V1	B14	wolf-road scout	Dervish-glass	willow-stone county	Corrath source orbit	90	77	averaged_background_story_orbit_aesthetic_origin_distance	pending_art_reference
WC00015	Aerdalencoriaaelael15	story	V1	B15	glyph apprentice	Vayne	last open gate	Dervish source orbit	90	77	averaged_background_story_orbit_aesthetic_origin_distance	pending_art_reference
WC00016	Aerdalenion16	recurring-background	V1	B16	corridor child	Null-Heart	diamond breakland	Pip source orbit	90	77	averaged_background_story_orbit_aesthetic_origin_distance	pending_art_reference
WC00017	Aerdalenmireaen17	deep-background	V1	B17	field healer	Iron-Song	black-heart ridge	Rolzen source orbit	90	77	averaged_background_story_orbit_aesthetic_origin_distance	pending_art_reference
WC00018	Aerfiraianavel18	support	V1	B18	cavern farmer	Wren-Ash	ash river	Xethrolund source orbit	90	77	averaged_background_story_orbit_aesthetic_origin_distance	pending_art_reference
WC00019	Aerdalenavel19	background	V1	B19	garden watcher	Thorn-Vayne	morrow market	Rylos source orbit	90	77	averaged_background_story_orbit_aesthetic_origin_distance	pending_art_reference
WC00020	Aerdaleniel20	story	V1	B20	stone archivist	Marso-len	root vale	Kyreal source orbit	90	77	averaged_background_story_orbit_aesthetic_origin_distance	pending_art_reference
WC00021	Aeranoramarriverion21	recurring-background	V1	B21	orchard guard	Rolzen-line	ripper tunnel	Thessa source orbit	90	77	averaged_background_story_orbit_aesthetic_origin_distance	pending_art_reference
WC00022	Ashaelionen22	deep-background	V1	B22	sonomancy listener	Kyreal-pack	cello field	Kael source orbit	90	77	averaged_background_story_orbit_aesthetic_origin_distance	pending_art_reference
WC00023	Aerdalenelle23	support	V1	B23	tunnel witness	Xethrolund-glyph	blue-light road	Pael source orbit	90	77	averaged_background_story_orbit_aesthetic_origin_distance	pending_art_reference
WC00024	Ashagalendria24	background	V1	B24	threshold mason	Pip-no-path	xeth glyph yard	Soth source orbit	90	77	averaged_background_story_orbit_aesthetic_origin_distance	pending_art_reference
WC00025	Aerdalenevarael25	story	V1	B25	bookbinder	Mack-ground	stone fen	Vellin source orbit	90	77	averaged_background_story_orbit_aesthetic_origin_distance	pending_art_reference
WC00026	Aermaelorarel26	recurring-background	V1	B26	bridge keeper	Dervish-glass	pocket sanctuary	Corrath source orbit	90	77	averaged_background_story_orbit_aesthetic_origin_distance	pending_art_reference
WC00027	Aeranorarel27	deep-background	V1	B27	market singer	Vayne	glass orchard	Dervish source orbit	90	77	averaged_background_story_orbit_aesthetic_origin_distance	pending_art_reference
WC00028	Aerindradion28	support	V1	B28	glass forge worker	Null-Heart	neith edge	Pip source orbit	90	77	averaged_background_story_orbit_aesthetic_origin_distance	pending_art_reference
WC00029	Aerfiracoriaivyiel29	background	V1	B29	ripper survivor	Iron-Song	willow-stone county	Rolzen source orbit	90	77	averaged_background_story_orbit_aesthetic_origin_distance	pending_art_reference
WC00030	Aeranoriel30	story	V1	B30	map seller	Wren-Ash	last open gate	Xethrolund source orbit	90	77	averaged_background_story_orbit_aesthetic_origin_distance	pending_art_reference
WC00031	Aeranorcoriaion31	recurring-background	V1	B31	cellar cook	Thorn-Vayne	diamond breakland	Rylos source orbit	90	77	averaged_background_story_orbit_aesthetic_origin_distance	pending_art_reference
WC00032	Aeranorluthashdria32	deep-background	V1	B32	triage helper	Marso-len	black-heart ridge	Kyreal source orbit	90	77	averaged_background_story_orbit_aesthetic_origin_distance	pending_art_reference
WC00033	Aerindracoriaavel33	support	V1	B33	faction runner	Rolzen-line	ash river	Thessa source orbit	90	77	averaged_background_story_orbit_aesthetic_origin_distance	pending_art_reference
WC00034	Brenendardria34	background	V1	B01	wolf-road scout	Kyreal-pack	morrow market	Kael source orbit	90	77	averaged_background_story_orbit_aesthetic_origin_distance	pending_art_reference
WC00035	Aermaelorevaraiel35	story	V1	B02	glyph apprentice	Xethrolund-glyph	root vale	Pael source orbit	90	77	averaged_background_story_orbit_aesthetic_origin_distance	pending_art_reference
WC00036	Aerfiracoriabrinael36	recurring-background	V1	B03	corridor child	Pip-no-path	ripper tunnel	Soth source orbit	90	77	averaged_background_story_orbit_aesthetic_origin_distance	pending_art_reference
WC00037	Ashaelionquartziel37	deep-background	V1	B04	field healer	Mack-ground	cello field	Vellin source orbit	90	77	averaged_background_story_orbit_aesthetic_origin_distance	pending_art_reference
WC00038	Aerdalenamardion38	support	V1	B05	cavern farmer	Dervish-glass	blue-light road	Corrath source orbit	90	77	averaged_background_story_orbit_aesthetic_origin_distance	pending_art_reference
WC00039	Aermaeloramaraeliel39	background	V1	B06	garden watcher	Vayne	xeth glyph yard	Dervish source orbit	90	77	averaged_background_story_orbit_aesthetic_origin_distance	pending_art_reference
WC00040	Aerindraion40	story	V1	B07	stone archivist	Null-Heart	stone fen	Pip source orbit	90	77	averaged_background_story_orbit_aesthetic_origin_distance	pending_art_reference
WC00041	Aerdalenamarbriniel41	recurring-background	V1	B08	orchard guard	Iron-Song	pocket sanctuary	Rolzen source orbit	90	77	averaged_background_story_orbit_aesthetic_origin_distance	pending_art_reference
WC00042	Ashaavelindraael42	deep-background	V1	B09	sonomancy listener	Wren-Ash	glass orchard	Xethrolund source orbit	90	77	averaged_background_story_orbit_aesthetic_origin_distance	pending_art_reference
WC00043	Aerdalenianen43	support	V1	B10	tunnel witness	Thorn-Vayne	neith edge	Rylos source orbit	90	77	averaged_background_story_orbit_aesthetic_origin_distance	pending_art_reference
WC00044	Aerdalenamariel44	background	V1	B11	threshold mason	Marso-len	willow-stone county	Kyreal source orbit	90	77	averaged_background_story_orbit_aesthetic_origin_distance	pending_art_reference
WC00045	Ashajoraarel45	story	V1	B12	bookbinder	Rolzen-line	last open gate	Thessa source orbit	90	77	averaged_background_story_orbit_aesthetic_origin_distance	pending_art_reference
WC00046	Aerdalenianendaraen46	recurring-background	V1	B13	bridge keeper	Kyreal-pack	diamond breakland	Kael source orbit	90	77	averaged_background_story_orbit_aesthetic_origin_distance	pending_art_reference
WC00047	Aeranoramarelle47	deep-background	V1	B14	market singer	Xethrolund-glyph	black-heart ridge	Pael source orbit	90	77	averaged_background_story_orbit_aesthetic_origin_distance	pending_art_reference
WC00048	Aerdalenarel48	support	V1	B15	glass forge worker	Pip-no-path	ash river	Soth source orbit	90	77	averaged_background_story_orbit_aesthetic_origin_distance	pending_art_reference
WC00049	Aerdalenevaramossel49	background	V1	B16	ripper survivor	Mack-ground	morrow market	Vellin source orbit	90	77	averaged_background_story_orbit_aesthetic_origin_distance	pending_art_reference
WC00050	Aeranoraen50	story	V1	B17	map seller	Dervish-glass	root vale	Corrath source orbit	90	77	averaged_background_story_orbit_aesthetic_origin_distance	pending_art_reference
WC00051	Aeranorluthelle51	recurring-background	V1	B18	cellar cook	Vayne	ripper tunnel	Dervish source orbit	90	77	averaged_background_story_orbit_aesthetic_origin_distance	pending_art_reference
WC00052	Aeranorluthhaloren52	deep-background	V1	B19	triage helper	Null-Heart	cello field	Pip source orbit	90	77	averaged_background_story_orbit_aesthetic_origin_distance	pending_art_reference
WC00053	Aerdalenluthaeliven53	support	V1	B20	faction runner	Iron-Song	blue-light road	Rolzen source orbit	90	77	averaged_background_story_orbit_aesthetic_origin_distance	pending_art_reference
WC00054	Aerdalenamardria54	background	V1	B21	wolf-road scout	Wren-Ash	xeth glyph yard	Xethrolund source orbit	90	77	averaged_background_story_orbit_aesthetic_origin_distance	pending_art_reference
WC00055	Aerdalenevaraion55	story	V1	B22	glyph apprentice	Thorn-Vayne	stone fen	Rylos source orbit	90	77	averaged_background_story_orbit_aesthetic_origin_distance	pending_art_reference
WC00056	Aerindrael56	recurring-background	V1	B23	corridor child	Marso-len	pocket sanctuary	Kyreal source orbit	90	77	averaged_background_story_orbit_aesthetic_origin_distance	pending_art_reference
WC00057	Aerdalencoriaarel57	deep-background	V1	B24	field healer	Rolzen-line	glass orchard	Thessa source orbit	90	77	averaged_background_story_orbit_aesthetic_origin_distance	pending_art_reference
WC00058	Aerdalenamarel58	support	V1	B25	cavern farmer	Kyreal-pack	neith edge	Kael source orbit	90	77	averaged_background_story_orbit_aesthetic_origin_distance	pending_art_reference
WC00059	Aerdalenianmossaen59	background	V1	B26	garden watcher	Xethrolund-glyph	willow-stone county	Pael source orbit	90	77	averaged_background_story_orbit_aesthetic_origin_distance	pending_art_reference
WC00060	Aerdalengroveelle60	story	V1	B27	stone archivist	Pip-no-path	last open gate	Soth source orbit	90	77	averaged_background_story_orbit_aesthetic_origin_distance	pending_art_reference
WC00061	Aerfiraianiven61	recurring-background	V1	B28	orchard guard	Mack-ground	diamond breakland	Vellin source orbit	90	77	averaged_background_story_orbit_aesthetic_origin_distance	pending_art_reference
WC00062	Aerdalenluthaelaria62	deep-background	V1	B29	sonomancy listener	Dervish-glass	black-heart ridge	Corrath source orbit	90	77	averaged_background_story_orbit_aesthetic_origin_distance	pending_art_reference
WC00063	Aermaelorluthelle63	support	V1	B30	tunnel witness	Vayne	ash river	Dervish source orbit	90	77	averaged_background_story_orbit_aesthetic_origin_distance	pending_art_reference
WC00064	Aeranorianhaloraen64	background	V1	B31	threshold mason	Null-Heart	morrow market	Pip source orbit	90	77	averaged_background_story_orbit_aesthetic_origin_distance	pending_art_reference
WC00065	Aermaeloraen65	story	V1	B32	bookbinder	Iron-Song	root vale	Rolzen source orbit	90	77	averaged_background_story_orbit_aesthetic_origin_distance	pending_art_reference
WC00066	Aeranorianendariven66	recurring-background	V1	B33	bridge keeper	Wren-Ash	ripper tunnel	Xethrolund source orbit	90	77	averaged_background_story_orbit_aesthetic_origin_distance	pending_art_reference
WC00067	Aerdalenmarrowdion67	deep-background	V1	B01	market singer	Thorn-Vayne	cello field	Rylos source orbit	90	77	averaged_background_story_orbit_aesthetic_origin_distance	pending_art_reference
WC00068	Aeranormireiven68	support	V1	B02	glass forge worker	Marso-len	blue-light road	Kyreal source orbit	90	77	averaged_background_story_orbit_aesthetic_origin_distance	pending_art_reference
WC00069	Ashajoradalenen69	background	V1	B03	ripper survivor	Rolzen-line	xeth glyph yard	Thessa source orbit	90	77	averaged_background_story_orbit_aesthetic_origin_distance	pending_art_reference
WC00070	Aerdalenamarion70	story	V1	B04	map seller	Kyreal-pack	stone fen	Kael source orbit	90	77	averaged_background_story_orbit_aesthetic_origin_distance	pending_art_reference
WC00071	Aerindracoriaael71	recurring-background	V1	B05	cellar cook	Xethrolund-glyph	pocket sanctuary	Pael source orbit	90	77	averaged_background_story_orbit_aesthetic_origin_distance	pending_art_reference
WC00072	Aerindradria72	deep-background	V1	B06	triage helper	Pip-no-path	glass orchard	Soth source orbit	90	77	averaged_background_story_orbit_aesthetic_origin_distance	pending_art_reference
WC00073	Aeranorcoriael73	support	V1	B07	faction runner	Mack-ground	neith edge	Vellin source orbit	90	77	averaged_background_story_orbit_aesthetic_origin_distance	pending_art_reference
WC00074	Aeranorianael74	background	V1	B08	wolf-road scout	Dervish-glass	willow-stone county	Corrath source orbit	90	77	averaged_background_story_orbit_aesthetic_origin_distance	pending_art_reference
WC00075	Aerfiraevaraaelael75	story	V1	B09	glyph apprentice	Vayne	last open gate	Dervish source orbit	90	77	averaged_background_story_orbit_aesthetic_origin_distance	pending_art_reference
WC00076	Ashaavelanorel76	recurring-background	V1	B10	corridor child	Null-Heart	diamond breakland	Pip source orbit	90	77	averaged_background_story_orbit_aesthetic_origin_distance	pending_art_reference
WC00077	Aermaeloriel77	deep-background	V1	B11	field healer	Iron-Song	black-heart ridge	Rolzen source orbit	90	77	averaged_background_story_orbit_aesthetic_origin_distance	pending_art_reference
WC00078	Aeranoramaravel78	support	V1	B12	cavern farmer	Wren-Ash	ash river	Xethrolund source orbit	90	77	averaged_background_story_orbit_aesthetic_origin_distance	pending_art_reference
WC00079	Aerfiraamariel79	background	V1	B13	garden watcher	Thorn-Vayne	morrow market	Rylos source orbit	90	77	averaged_background_story_orbit_aesthetic_origin_distance	pending_art_reference
WC00080	Aerdalenamarhalorel80	story	V1	B14	stone archivist	Marso-len	root vale	Kyreal source orbit	90	77	averaged_background_story_orbit_aesthetic_origin_distance	pending_art_reference
WC00081	Aerdalenmossavel81	recurring-background	V1	B15	orchard guard	Rolzen-line	ripper tunnel	Thessa source orbit	90	77	averaged_background_story_orbit_aesthetic_origin_distance	pending_art_reference
WC00082	Aeranoramarbrinael82	deep-background	V1	B16	sonomancy listener	Kyreal-pack	cello field	Kael source orbit	90	77	averaged_background_story_orbit_aesthetic_origin_distance	pending_art_reference
WC00083	Aerdalenluthivyel83	support	V1	B17	tunnel witness	Xethrolund-glyph	blue-light road	Pael source orbit	90	77	averaged_background_story_orbit_aesthetic_origin_distance	pending_art_reference
WC00084	Ashaelionindraelle84	background	V1	B18	threshold mason	Pip-no-path	xeth glyph yard	Soth source orbit	90	77	averaged_background_story_orbit_aesthetic_origin_distance	pending_art_reference
WC00085	Aerfiraarel85	story	V1	B19	bookbinder	Mack-ground	stone fen	Vellin source orbit	90	77	averaged_background_story_orbit_aesthetic_origin_distance	pending_art_reference
WC00086	Aeranoriven86	recurring-background	V1	B20	bridge keeper	Dervish-glass	pocket sanctuary	Corrath source orbit	90	77	averaged_background_story_orbit_aesthetic_origin_distance	pending_art_reference
WC00087	Aerdalenianaelavel87	deep-background	V1	B21	market singer	Vayne	glass orchard	Dervish source orbit	90	77	averaged_background_story_orbit_aesthetic_origin_distance	pending_art_reference
WC00088	Aeranorianmarrowel88	support	V1	B22	glass forge worker	Null-Heart	neith edge	Pip source orbit	90	77	averaged_background_story_orbit_aesthetic_origin_distance	pending_art_reference
WC00089	Aeranorluthdria89	background	V1	B23	ripper survivor	Iron-Song	willow-stone county	Rolzen source orbit	90	77	averaged_background_story_orbit_aesthetic_origin_distance	pending_art_reference
WC00090	Aerdalenianavel90	story	V1	B24	map seller	Wren-Ash	last open gate	Xethrolund source orbit	90	77	averaged_background_story_orbit_aesthetic_origin_distance	pending_art_reference
WC00091	Brenendarnaradion91	recurring-background	V1	B25	cellar cook	Thorn-Vayne	diamond breakland	Rylos source orbit	90	77	averaged_background_story_orbit_aesthetic_origin_distance	pending_art_reference
WC00092	Aeranorevarahaloren92	deep-background	V1	B26	triage helper	Marso-len	black-heart ridge	Kyreal source orbit	90	77	averaged_background_story_orbit_aesthetic_origin_distance	pending_art_reference
WC00093	Aeranoramaraelion93	support	V1	B27	faction runner	Rolzen-line	ash river	Thessa source orbit	90	77	averaged_background_story_orbit_aesthetic_origin_distance	pending_art_reference
WC00094	Aerfiraluthdion94	background	V1	B28	wolf-road scout	Kyreal-pack	morrow market	Kael source orbit	90	77	averaged_background_story_orbit_aesthetic_origin_distance	pending_art_reference
WC00095	Aeranoravel95	story	V1	B29	glyph apprentice	Xethrolund-glyph	root vale	Pael source orbit	90	77	averaged_background_story_orbit_aesthetic_origin_distance	pending_art_reference
WC00096	Aerfiraamaravel96	recurring-background	V1	B30	corridor child	Pip-no-path	ripper tunnel	Soth source orbit	90	77	averaged_background_story_orbit_aesthetic_origin_distance	pending_art_reference
WC00097	Aerdalenamaraelion97	deep-background	V1	B31	field healer	Mack-ground	cello field	Vellin source orbit	90	77	averaged_background_story_orbit_aesthetic_origin_distance	pending_art_reference
WC00098	Ashaeliongroveaen98	support	V1	B32	cavern farmer	Dervish-glass	blue-light road	Corrath source orbit	90	77	averaged_background_story_orbit_aesthetic_origin_distance	pending_art_reference
WC00099	Aermaelorion99	background	V1	B33	garden watcher	Vayne	xeth glyph yard	Dervish source orbit	90	77	averaged_background_story_orbit_aesthetic_origin_distance	pending_art_reference
WC00100	Ashaelionfiraael100	story	V1	B01	stone archivist	Null-Heart	stone fen	Pip source orbit	90	77	averaged_background_story_orbit_aesthetic_origin_distance	pending_art_reference
WC00101	Aerindraevaraarel101	recurring-background	V1	B02	orchard guard	Iron-Song	pocket sanctuary	Rolzen source orbit	90	77	averaged_background_story_orbit_aesthetic_origin_distance	pending_art_reference
WC00102	Aeranorianiven102	deep-background	V1	B03	sonomancy listener	Wren-Ash	glass orchard	Xethrolund source orbit	90	77	averaged_background_story_orbit_aesthetic_origin_distance	pending_art_reference
WC00103	Aerfiraianendardion103	support	V1	B04	tunnel witness	Thorn-Vayne	neith edge	Rylos source orbit	90	77	averaged_background_story_orbit_aesthetic_origin_distance	pending_art_reference
WC00104	Aerindracoriaelle104	background	V1	B05	threshold mason	Marso-len	willow-stone county	Kyreal source orbit	90	77	averaged_background_story_orbit_aesthetic_origin_distance	pending_art_reference
WC00105	Aerfiraamarendarel105	story	V1	B06	bookbinder	Rolzen-line	last open gate	Thessa source orbit	90	77	averaged_background_story_orbit_aesthetic_origin_distance	pending_art_reference
WC00106	Aeranordria106	recurring-background	V1	B07	bridge keeper	Kyreal-pack	diamond breakland	Kael source orbit	90	77	averaged_background_story_orbit_aesthetic_origin_distance	pending_art_reference
WC00107	Aerdalenianhaloren107	deep-background	V1	B08	market singer	Xethrolund-glyph	black-heart ridge	Pael source orbit	90	77	averaged_background_story_orbit_aesthetic_origin_distance	pending_art_reference
WC00108	Ashagalenhollowarel108	support	V1	B09	glass forge worker	Pip-no-path	ash river	Soth source orbit	90	77	averaged_background_story_orbit_aesthetic_origin_distance	pending_art_reference
WC00109	Aerdalenamarmossion109	background	V1	B10	ripper survivor	Mack-ground	morrow market	Vellin source orbit	90	77	averaged_background_story_orbit_aesthetic_origin_distance	pending_art_reference
WC00110	Ashaelionael110	story	V1	B11	map seller	Dervish-glass	root vale	Corrath source orbit	90	77	averaged_background_story_orbit_aesthetic_origin_distance	pending_art_reference
WC00111	Aeranorcoriabellen111	recurring-background	V1	B12	cellar cook	Vayne	ripper tunnel	Dervish source orbit	90	77	averaged_background_story_orbit_aesthetic_origin_distance	pending_art_reference
WC00112	Aeranorcoriaiel112	deep-background	V1	B13	triage helper	Null-Heart	cello field	Pip source orbit	90	77	averaged_background_story_orbit_aesthetic_origin_distance	pending_art_reference
WC00113	Aerindracoriadion113	support	V1	B14	faction runner	Iron-Song	blue-light road	Rolzen source orbit	90	77	averaged_background_story_orbit_aesthetic_origin_distance	pending_art_reference
WC00114	Aeranorion114	background	V1	B15	wolf-road scout	Wren-Ash	xeth glyph yard	Xethrolund source orbit	90	77	averaged_background_story_orbit_aesthetic_origin_distance	pending_art_reference
WC00115	Aerdaleniven115	story	V1	B16	glyph apprentice	Thorn-Vayne	stone fen	Rylos source orbit	90	77	averaged_background_story_orbit_aesthetic_origin_distance	pending_art_reference
WC00116	Aeranoraria116	recurring-background	V1	B17	corridor child	Marso-len	pocket sanctuary	Kyreal source orbit	90	77	averaged_background_story_orbit_aesthetic_origin_distance	pending_art_reference
WC00117	Aerdalenluthdria117	deep-background	V1	B18	field healer	Rolzen-line	glass orchard	Thessa source orbit	90	77	averaged_background_story_orbit_aesthetic_origin_distance	pending_art_reference
WC00118	Aerindraiven118	support	V1	B19	cavern farmer	Kyreal-pack	neith edge	Kael source orbit	90	77	averaged_background_story_orbit_aesthetic_origin_distance	pending_art_reference
WC00119	Ashanaraanordria119	background	V1	B20	garden watcher	Xethrolund-glyph	willow-stone county	Pael source orbit	90	77	averaged_background_story_orbit_aesthetic_origin_distance	pending_art_reference
WC00120	Ashaelionel120	story	V1	B21	stone archivist	Pip-no-path	last open gate	Soth source orbit	90	77	averaged_background_story_orbit_aesthetic_origin_distance	pending_art_reference
WC00121	Aerfiraevaramossiel121	recurring-background	V1	B22	orchard guard	Mack-ground	diamond breakland	Vellin source orbit	90	77	averaged_background_story_orbit_aesthetic_origin_distance	pending_art_reference
WC00122	Aeranorluthhalorion122	deep-background	V1	B23	sonomancy listener	Dervish-glass	black-heart ridge	Corrath source orbit	90	77	averaged_background_story_orbit_aesthetic_origin_distance	pending_art_reference
WC00123	Aeranorevaraaeliven123	support	V1	B24	tunnel witness	Vayne	ash river	Dervish source orbit	90	77	averaged_background_story_orbit_aesthetic_origin_distance	pending_art_reference
WC00124	Aeranorevarael124	background	V1	B25	threshold mason	Null-Heart	morrow market	Pip source orbit	90	77	averaged_background_story_orbit_aesthetic_origin_distance	pending_art_reference
WC00125	Ashanaramarrowaen125	story	V1	B26	bookbinder	Iron-Song	root vale	Rolzen source orbit	90	77	averaged_background_story_orbit_aesthetic_origin_distance	pending_art_reference
WC00126	Ashajorafiraiandion126	recurring-background	V1	B27	bridge keeper	Wren-Ash	ripper tunnel	Xethrolund source orbit	90	77	averaged_background_story_orbit_aesthetic_origin_distance	pending_art_reference
WC00127	Aerindraavel127	deep-background	V1	B28	market singer	Thorn-Vayne	cello field	Rylos source orbit	90	77	averaged_background_story_orbit_aesthetic_origin_distance	pending_art_reference
WC00128	Aermaelorel128	support	V1	B29	glass forge worker	Marso-len	blue-light road	Kyreal source orbit	90	77	averaged_background_story_orbit_aesthetic_origin_distance	pending_art_reference
WC00129	Aeranoramararia129	background	V1	B30	ripper survivor	Rolzen-line	xeth glyph yard	Thessa source orbit	90	77	averaged_background_story_orbit_aesthetic_origin_distance	pending_art_reference
WC00130	Aerindraiankelanaen130	story	V1	B31	map seller	Kyreal-pack	stone fen	Kael source orbit	90	77	averaged_background_story_orbit_aesthetic_origin_distance	pending_art_reference
WC00131	Aerfiradria131	recurring-background	V1	B32	cellar cook	Xethrolund-glyph	pocket sanctuary	Pael source orbit	90	77	averaged_background_story_orbit_aesthetic_origin_distance	pending_art_reference
WC00132	Aerfiraianel132	deep-background	V1	B33	triage helper	Pip-no-path	glass orchard	Soth source orbit	90	77	averaged_background_story_orbit_aesthetic_origin_distance	pending_art_reference
WC00133	Aeranorcoriaael133	support	V1	B01	faction runner	Mack-ground	neith edge	Vellin source orbit	90	77	averaged_background_story_orbit_aesthetic_origin_distance	pending_art_reference
WC00134	Aermaeloramarel134	background	V1	B02	wolf-road scout	Dervish-glass	willow-stone county	Corrath source orbit	90	77	averaged_background_story_orbit_aesthetic_origin_distance	pending_art_reference
WC00135	Aeranorelle135	story	V1	B03	glyph apprentice	Vayne	last open gate	Dervish source orbit	90	77	averaged_background_story_orbit_aesthetic_origin_distance	pending_art_reference
WC00136	Aerfiraael136	recurring-background	V1	B04	corridor child	Null-Heart	diamond breakland	Pip source orbit	90	77	averaged_background_story_orbit_aesthetic_origin_distance	pending_art_reference
WC00137	Aerdalenamarivyion137	deep-background	V1	B05	field healer	Iron-Song	black-heart ridge	Rolzen source orbit	90	77	averaged_background_story_orbit_aesthetic_origin_distance	pending_art_reference
WC00138	Aerfiraiel138	support	V1	B06	cavern farmer	Wren-Ash	ash river	Xethrolund source orbit	90	77	averaged_background_story_orbit_aesthetic_origin_distance	pending_art_reference
WC00139	Aerindraluthdion139	background	V1	B07	garden watcher	Thorn-Vayne	morrow market	Rylos source orbit	90	77	averaged_background_story_orbit_aesthetic_origin_distance	pending_art_reference
WC00140	Aeranordion140	story	V1	B08	stone archivist	Marso-len	root vale	Kyreal source orbit	90	77	averaged_background_story_orbit_aesthetic_origin_distance	pending_art_reference
WC00141	Ashaavelmaelorelle141	recurring-background	V1	B09	orchard guard	Rolzen-line	ripper tunnel	Thessa source orbit	90	77	averaged_background_story_orbit_aesthetic_origin_distance	pending_art_reference
WC00142	Aeranorianavel142	deep-background	V1	B10	sonomancy listener	Kyreal-pack	cello field	Kael source orbit	90	77	averaged_background_story_orbit_aesthetic_origin_distance	pending_art_reference
WC00143	Aerfiraianaen143	support	V1	B11	tunnel witness	Xethrolund-glyph	blue-light road	Pael source orbit	90	77	averaged_background_story_orbit_aesthetic_origin_distance	pending_art_reference
WC00144	Aerdalenamaraelel144	background	V1	B12	threshold mason	Pip-no-path	xeth glyph yard	Soth source orbit	90	77	averaged_background_story_orbit_aesthetic_origin_distance	pending_art_reference
WC00145	Ashaelionanoriven145	story	V1	B13	bookbinder	Mack-ground	stone fen	Vellin source orbit	90	77	averaged_background_story_orbit_aesthetic_origin_distance	pending_art_reference
WC00146	Ashaaveldion146	recurring-background	V1	B14	bridge keeper	Dervish-glass	pocket sanctuary	Corrath source orbit	90	77	averaged_background_story_orbit_aesthetic_origin_distance	pending_art_reference
WC00147	Aerfiraevaraael147	deep-background	V1	B15	market singer	Vayne	glass orchard	Dervish source orbit	90	77	averaged_background_story_orbit_aesthetic_origin_distance	pending_art_reference
WC00148	Ashaelioncinderdion148	support	V1	B16	glass forge worker	Null-Heart	neith edge	Pip source orbit	90	77	averaged_background_story_orbit_aesthetic_origin_distance	pending_art_reference
WC00149	Aeranorevaraarel149	background	V1	B17	ripper survivor	Iron-Song	willow-stone county	Rolzen source orbit	90	77	averaged_background_story_orbit_aesthetic_origin_distance	pending_art_reference
WC00150	Aerdalenianaelion150	story	V1	B18	map seller	Wren-Ash	last open gate	Xethrolund source orbit	90	77	averaged_background_story_orbit_aesthetic_origin_distance	pending_art_reference
WC00151	Aerdalencoriael151	recurring-background	V1	B19	cellar cook	Thorn-Vayne	diamond breakland	Rylos source orbit	90	77	averaged_background_story_orbit_aesthetic_origin_distance	pending_art_reference
WC00152	Ashaavelion152	deep-background	V1	B20	triage helper	Marso-len	black-heart ridge	Kyreal source orbit	90	77	averaged_background_story_orbit_aesthetic_origin_distance	pending_art_reference
WC00153	Aerdalenianbrinael153	support	V1	B21	faction runner	Rolzen-line	ash river	Thessa source orbit	90	77	averaged_background_story_orbit_aesthetic_origin_distance	pending_art_reference
WC00154	Aerdalenorchardiel154	background	V1	B22	wolf-road scout	Kyreal-pack	morrow market	Kael source orbit	90	77	averaged_background_story_orbit_aesthetic_origin_distance	pending_art_reference
WC00155	Aerfiracoriaaelarel155	story	V1	B23	glyph apprentice	Xethrolund-glyph	root vale	Pael source orbit	90	77	averaged_background_story_orbit_aesthetic_origin_distance	pending_art_reference
WC00156	Ashaaveliven156	recurring-background	V1	B24	corridor child	Pip-no-path	ripper tunnel	Soth source orbit	90	77	averaged_background_story_orbit_aesthetic_origin_distance	pending_art_reference
WC00157	Aermaelordion157	deep-background	V1	B25	field healer	Mack-ground	cello field	Vellin source orbit	90	77	averaged_background_story_orbit_aesthetic_origin_distance	pending_art_reference
WC00158	Aerfiraluthiel158	support	V1	B26	cavern farmer	Dervish-glass	blue-light road	Corrath source orbit	90	77	averaged_background_story_orbit_aesthetic_origin_distance	pending_art_reference
WC00159	Aeranorcoriaen159	background	V1	B27	garden watcher	Vayne	xeth glyph yard	Dervish source orbit	90	77	averaged_background_story_orbit_aesthetic_origin_distance	pending_art_reference
WC00160	Aeranorcoriadria160	story	V1	B28	stone archivist	Null-Heart	stone fen	Pip source orbit	90	77	averaged_background_story_orbit_aesthetic_origin_distance	pending_art_reference
WC00161	Aeranorael161	recurring-background	V1	B29	orchard guard	Iron-Song	pocket sanctuary	Rolzen source orbit	90	77	averaged_background_story_orbit_aesthetic_origin_distance	pending_art_reference
WC00162	Aeranoramaren162	deep-background	V1	B30	sonomancy listener	Wren-Ash	glass orchard	Xethrolund source orbit	90	77	averaged_background_story_orbit_aesthetic_origin_distance	pending_art_reference
WC00163	Aerindraianaelelle163	support	V1	B31	tunnel witness	Thorn-Vayne	neith edge	Rylos source orbit	90	77	averaged_background_story_orbit_aesthetic_origin_distance	pending_art_reference
WC00164	Aeranoramarivyarel164	background	V1	B32	threshold mason	Marso-len	willow-stone county	Kyreal source orbit	90	77	averaged_background_story_orbit_aesthetic_origin_distance	pending_art_reference
WC00165	Aerfiradion165	story	V1	B33	bookbinder	Rolzen-line	last open gate	Thessa source orbit	90	77	averaged_background_story_orbit_aesthetic_origin_distance	pending_art_reference
WC00166	Aerdalenluthion166	recurring-background	V1	B01	bridge keeper	Kyreal-pack	diamond breakland	Kael source orbit	90	77	averaged_background_story_orbit_aesthetic_origin_distance	pending_art_reference
WC00167	Aerfiraianhalorarel167	deep-background	V1	B02	market singer	Xethrolund-glyph	black-heart ridge	Pael source orbit	90	77	averaged_background_story_orbit_aesthetic_origin_distance	pending_art_reference
WC00168	Aeranoramarel168	support	V1	B03	glass forge worker	Pip-no-path	ash river	Soth source orbit	90	77	averaged_background_story_orbit_aesthetic_origin_distance	pending_art_reference
WC00169	Ashaelionfiraelle169	background	V1	B04	ripper survivor	Mack-ground	morrow market	Vellin source orbit	90	77	averaged_background_story_orbit_aesthetic_origin_distance	pending_art_reference
WC00170	Aerfiracoriaelle170	story	V1	B05	map seller	Dervish-glass	root vale	Corrath source orbit	90	77	averaged_background_story_orbit_aesthetic_origin_distance	pending_art_reference
WC00171	Brenaeldria171	recurring-background	V1	B06	cellar cook	Vayne	ripper tunnel	Dervish source orbit	90	77	averaged_background_story_orbit_aesthetic_origin_distance	pending_art_reference
WC00172	Aermaelorluthaelen172	deep-background	V1	B07	triage helper	Null-Heart	cello field	Pip source orbit	90	77	averaged_background_story_orbit_aesthetic_origin_distance	pending_art_reference
WC00173	Aeranormireiel173	support	V1	B08	faction runner	Iron-Song	blue-light road	Rolzen source orbit	90	77	averaged_background_story_orbit_aesthetic_origin_distance	pending_art_reference
WC00174	Aerindraael174	background	V1	B09	wolf-road scout	Wren-Ash	xeth glyph yard	Xethrolund source orbit	90	77	averaged_background_story_orbit_aesthetic_origin_distance	pending_art_reference
WC00175	Aerfiraamarcrownaen175	story	V1	B10	glyph apprentice	Thorn-Vayne	stone fen	Rylos source orbit	90	77	averaged_background_story_orbit_aesthetic_origin_distance	pending_art_reference
WC00176	Aerdalenhollowen176	recurring-background	V1	B11	corridor child	Marso-len	pocket sanctuary	Kyreal source orbit	90	77	averaged_background_story_orbit_aesthetic_origin_distance	pending_art_reference
WC00177	Aerfiraamardria177	deep-background	V1	B12	field healer	Rolzen-line	glass orchard	Thessa source orbit	90	77	averaged_background_story_orbit_aesthetic_origin_distance	pending_art_reference
WC00178	Aerfiraamararia178	support	V1	B13	cavern farmer	Kyreal-pack	neith edge	Kael source orbit	90	77	averaged_background_story_orbit_aesthetic_origin_distance	pending_art_reference
WC00179	Aeranoramarael179	background	V1	B14	garden watcher	Xethrolund-glyph	willow-stone county	Pael source orbit	90	77	averaged_background_story_orbit_aesthetic_origin_distance	pending_art_reference
WC00180	Ashaelionmaeloravel180	story	V1	B15	stone archivist	Pip-no-path	last open gate	Soth source orbit	90	77	averaged_background_story_orbit_aesthetic_origin_distance	pending_art_reference
WC00181	Ashaeliondalenaria181	recurring-background	V1	B16	orchard guard	Mack-ground	diamond breakland	Vellin source orbit	90	77	averaged_background_story_orbit_aesthetic_origin_distance	pending_art_reference
WC00182	Aerindrafenavel182	deep-background	V1	B17	sonomancy listener	Dervish-glass	black-heart ridge	Corrath source orbit	90	77	averaged_background_story_orbit_aesthetic_origin_distance	pending_art_reference
WC00183	Aermaelorianelle183	support	V1	B18	tunnel witness	Vayne	ash river	Dervish source orbit	90	77	averaged_background_story_orbit_aesthetic_origin_distance	pending_art_reference
WC00184	Aerfiraianaria184	background	V1	B19	threshold mason	Null-Heart	morrow market	Pip source orbit	90	77	averaged_background_story_orbit_aesthetic_origin_distance	pending_art_reference
WC00185	Aerindraaen185	story	V1	B20	bookbinder	Iron-Song	root vale	Rolzen source orbit	90	77	averaged_background_story_orbit_aesthetic_origin_distance	pending_art_reference
WC00186	Aerfiraaen186	recurring-background	V1	B21	bridge keeper	Wren-Ash	ripper tunnel	Xethrolund source orbit	90	77	averaged_background_story_orbit_aesthetic_origin_distance	pending_art_reference
WC00187	Ashajoraael187	deep-background	V1	B22	market singer	Thorn-Vayne	cello field	Rylos source orbit	90	77	averaged_background_story_orbit_aesthetic_origin_distance	pending_art_reference
WC00188	Aeranorianforgedion188	support	V1	B23	glass forge worker	Marso-len	blue-light road	Kyreal source orbit	90	77	averaged_background_story_orbit_aesthetic_origin_distance	pending_art_reference
WC00189	Aerindraevaraaria189	background	V1	B24	ripper survivor	Rolzen-line	xeth glyph yard	Thessa source orbit	90	77	averaged_background_story_orbit_aesthetic_origin_distance	pending_art_reference
WC00190	Aermaeloramararia190	story	V1	B25	map seller	Kyreal-pack	stone fen	Kael source orbit	90	77	averaged_background_story_orbit_aesthetic_origin_distance	pending_art_reference
WC00191	Aerindrahollowael191	recurring-background	V1	B26	cellar cook	Xethrolund-glyph	pocket sanctuary	Pael source orbit	90	77	averaged_background_story_orbit_aesthetic_origin_distance	pending_art_reference
WC00192	Aeranorianlarkaen192	deep-background	V1	B27	triage helper	Pip-no-path	glass orchard	Soth source orbit	90	77	averaged_background_story_orbit_aesthetic_origin_distance	pending_art_reference
WC00193	Aerindraianaria193	support	V1	B28	faction runner	Mack-ground	neith edge	Vellin source orbit	90	77	averaged_background_story_orbit_aesthetic_origin_distance	pending_art_reference
WC00194	Aerfiraamarel194	background	V1	B29	wolf-road scout	Dervish-glass	willow-stone county	Corrath source orbit	90	77	averaged_background_story_orbit_aesthetic_origin_distance	pending_art_reference
WC00195	Aerindraamaravel195	story	V1	B30	glyph apprentice	Vayne	last open gate	Dervish source orbit	90	77	averaged_background_story_orbit_aesthetic_origin_distance	pending_art_reference
WC00196	Aerdalenevaraarel196	recurring-background	V1	B31	corridor child	Null-Heart	diamond breakland	Pip source orbit	90	77	averaged_background_story_orbit_aesthetic_origin_distance	pending_art_reference
WC00197	Aerfiraelle197	deep-background	V1	B32	field healer	Iron-Song	black-heart ridge	Rolzen source orbit	90	77	averaged_background_story_orbit_aesthetic_origin_distance	pending_art_reference
WC00198	Ashaavelmaeloriel198	support	V1	B33	cavern farmer	Wren-Ash	ash river	Xethrolund source orbit	90	77	averaged_background_story_orbit_aesthetic_origin_distance	pending_art_reference
WC00199	Ashanaraael199	background	V1	B01	garden watcher	Thorn-Vayne	morrow market	Rylos source orbit	90	77	averaged_background_story_orbit_aesthetic_origin_distance	pending_art_reference
WC00200	Aerindraelle200	story	V1	B02	stone archivist	Marso-len	root vale	Kyreal source orbit	90	77	averaged_background_story_orbit_aesthetic_origin_distance	pending_art_reference
WC00201	Ashaelioniven201	recurring-background	V1	B03	orchard guard	Rolzen-line	ripper tunnel	Thessa source orbit	90	77	averaged_background_story_orbit_aesthetic_origin_distance	pending_art_reference
WC00202	Ashaavelen202	deep-background	V1	B04	sonomancy listener	Kyreal-pack	cello field	Kael source orbit	90	77	averaged_background_story_orbit_aesthetic_origin_distance	pending_art_reference
WC00203	Aerindraianforgeion203	support	V1	B05	tunnel witness	Xethrolund-glyph	blue-light road	Pael source orbit	90	77	averaged_background_story_orbit_aesthetic_origin_distance	pending_art_reference
WC00204	Aeranorcoriaaelion204	background	V1	B06	threshold mason	Pip-no-path	xeth glyph yard	Soth source orbit	90	77	averaged_background_story_orbit_aesthetic_origin_distance	pending_art_reference
WC00205	Aerfiramireion205	story	V1	B07	bookbinder	Mack-ground	stone fen	Vellin source orbit	90	77	averaged_background_story_orbit_aesthetic_origin_distance	pending_art_reference
WC00206	Aerindraamarael206	recurring-background	V1	B08	bridge keeper	Dervish-glass	pocket sanctuary	Corrath source orbit	90	77	averaged_background_story_orbit_aesthetic_origin_distance	pending_art_reference
WC00207	Aerfiraamarkelanaen207	deep-background	V1	B09	market singer	Vayne	glass orchard	Dervish source orbit	90	77	averaged_background_story_orbit_aesthetic_origin_distance	pending_art_reference
WC00208	Ashagalenarel208	support	V1	B10	glass forge worker	Null-Heart	neith edge	Pip source orbit	90	77	averaged_background_story_orbit_aesthetic_origin_distance	pending_art_reference
WC00209	Aerfirahollowen209	background	V1	B11	ripper survivor	Iron-Song	willow-stone county	Rolzen source orbit	90	77	averaged_background_story_orbit_aesthetic_origin_distance	pending_art_reference
WC00210	Brenaelaveliven210	story	V1	B12	map seller	Wren-Ash	last open gate	Xethrolund source orbit	90	77	averaged_background_story_orbit_aesthetic_origin_distance	pending_art_reference
WC00211	Brenaeljoradion211	recurring-background	V1	B13	cellar cook	Thorn-Vayne	diamond breakland	Rylos source orbit	90	77	averaged_background_story_orbit_aesthetic_origin_distance	pending_art_reference
WC00212	Aermaelorcoriaelle212	deep-background	V1	B14	triage helper	Marso-len	black-heart ridge	Kyreal source orbit	90	77	averaged_background_story_orbit_aesthetic_origin_distance	pending_art_reference
WC00213	Aeranorianriveraria213	support	V1	B15	faction runner	Rolzen-line	ash river	Thessa source orbit	90	77	averaged_background_story_orbit_aesthetic_origin_distance	pending_art_reference
WC00214	Aerfiraluthkelanen214	background	V1	B16	wolf-road scout	Kyreal-pack	morrow market	Kael source orbit	90	77	averaged_background_story_orbit_aesthetic_origin_distance	pending_art_reference
WC00215	Aerdalenamarkelanen215	story	V1	B17	glyph apprentice	Xethrolund-glyph	root vale	Pael source orbit	90	77	averaged_background_story_orbit_aesthetic_origin_distance	pending_art_reference
WC00216	Aerdalenamarbellael216	recurring-background	V1	B18	corridor child	Pip-no-path	ripper tunnel	Soth source orbit	90	77	averaged_background_story_orbit_aesthetic_origin_distance	pending_art_reference
WC00217	Aeranorcoriabrinael217	deep-background	V1	B19	field healer	Mack-ground	cello field	Vellin source orbit	90	77	averaged_background_story_orbit_aesthetic_origin_distance	pending_art_reference
WC00218	Aerdalenevaraashen218	support	V1	B20	cavern farmer	Dervish-glass	blue-light road	Corrath source orbit	90	77	averaged_background_story_orbit_aesthetic_origin_distance	pending_art_reference
WC00219	Ashaavelriverel219	background	V1	B21	garden watcher	Vayne	xeth glyph yard	Dervish source orbit	90	77	averaged_background_story_orbit_aesthetic_origin_distance	pending_art_reference
WC00220	Ashaelionfirael220	story	V1	B22	stone archivist	Null-Heart	stone fen	Pip source orbit	90	77	averaged_background_story_orbit_aesthetic_origin_distance	pending_art_reference
WC00221	Aerfiraaria221	recurring-background	V1	B23	orchard guard	Iron-Song	pocket sanctuary	Rolzen source orbit	90	77	averaged_background_story_orbit_aesthetic_origin_distance	pending_art_reference
WC00222	Aerindraluthbelliel222	deep-background	V1	B24	sonomancy listener	Wren-Ash	glass orchard	Xethrolund source orbit	90	77	averaged_background_story_orbit_aesthetic_origin_distance	pending_art_reference
WC00223	Aeranorevaraaeliel223	support	V1	B25	tunnel witness	Thorn-Vayne	neith edge	Rylos source orbit	90	77	averaged_background_story_orbit_aesthetic_origin_distance	pending_art_reference
WC00224	Aeranoramardion224	background	V1	B26	threshold mason	Marso-len	willow-stone county	Kyreal source orbit	90	77	averaged_background_story_orbit_aesthetic_origin_distance	pending_art_reference
WC00225	Aermaelorianhalorel225	story	V1	B27	bookbinder	Rolzen-line	last open gate	Thessa source orbit	90	77	averaged_background_story_orbit_aesthetic_origin_distance	pending_art_reference
WC00226	Aeranorevaraael226	recurring-background	V1	B28	bridge keeper	Kyreal-pack	diamond breakland	Kael source orbit	90	77	averaged_background_story_orbit_aesthetic_origin_distance	pending_art_reference
WC00227	Ashaavelmaeloravel227	deep-background	V1	B29	market singer	Xethrolund-glyph	black-heart ridge	Pael source orbit	90	77	averaged_background_story_orbit_aesthetic_origin_distance	pending_art_reference
WC00228	Aerdalenevaraaelaen228	support	V1	B30	glass forge worker	Pip-no-path	ash river	Soth source orbit	90	77	averaged_background_story_orbit_aesthetic_origin_distance	pending_art_reference
WC00229	Ashaavelemberiel229	background	V1	B31	ripper survivor	Mack-ground	morrow market	Vellin source orbit	90	77	averaged_background_story_orbit_aesthetic_origin_distance	pending_art_reference
WC00230	Aermaelorianiel230	story	V1	B32	map seller	Dervish-glass	root vale	Corrath source orbit	90	77	averaged_background_story_orbit_aesthetic_origin_distance	pending_art_reference
WC00231	Aerdalencoriaiel231	recurring-background	V1	B33	cellar cook	Vayne	ripper tunnel	Dervish source orbit	90	77	averaged_background_story_orbit_aesthetic_origin_distance	pending_art_reference
WC00232	Aeranororcharddion232	deep-background	V1	B01	triage helper	Null-Heart	cello field	Pip source orbit	90	77	averaged_background_story_orbit_aesthetic_origin_distance	pending_art_reference
WC00233	Aerindraianelle233	support	V1	B02	faction runner	Iron-Song	blue-light road	Rolzen source orbit	90	77	averaged_background_story_orbit_aesthetic_origin_distance	pending_art_reference
WC00234	Ashanaraindraael234	background	V1	B03	wolf-road scout	Wren-Ash	xeth glyph yard	Xethrolund source orbit	90	77	averaged_background_story_orbit_aesthetic_origin_distance	pending_art_reference
WC00235	Aerindraamaraelaen235	story	V1	B04	glyph apprentice	Thorn-Vayne	stone fen	Rylos source orbit	90	77	averaged_background_story_orbit_aesthetic_origin_distance	pending_art_reference
WC00236	Aerdalenluthen236	recurring-background	V1	B05	corridor child	Marso-len	pocket sanctuary	Kyreal source orbit	90	77	averaged_background_story_orbit_aesthetic_origin_distance	pending_art_reference
WC00237	Aerdalenaria237	deep-background	V1	B06	field healer	Rolzen-line	glass orchard	Thessa source orbit	90	77	averaged_background_story_orbit_aesthetic_origin_distance	pending_art_reference
WC00238	Aerfiraianbrinavel238	support	V1	B07	cavern farmer	Kyreal-pack	neith edge	Kael source orbit	90	77	averaged_background_story_orbit_aesthetic_origin_distance	pending_art_reference
WC00239	Aeranorriverel239	background	V1	B08	garden watcher	Xethrolund-glyph	willow-stone county	Pael source orbit	90	77	averaged_background_story_orbit_aesthetic_origin_distance	pending_art_reference
WC00240	Aeranorgrovedion240	story	V1	B09	stone archivist	Pip-no-path	last open gate	Soth source orbit	90	77	averaged_background_story_orbit_aesthetic_origin_distance	pending_art_reference
WC00241	Aeranoriankelanelle241	recurring-background	V1	B10	orchard guard	Mack-ground	diamond breakland	Vellin source orbit	90	77	averaged_background_story_orbit_aesthetic_origin_distance	pending_art_reference
WC00242	Aerfiracoriaivyael242	deep-background	V1	B11	sonomancy listener	Dervish-glass	black-heart ridge	Corrath source orbit	90	77	averaged_background_story_orbit_aesthetic_origin_distance	pending_art_reference
WC00243	Aeranoramaraelen243	support	V1	B12	tunnel witness	Vayne	ash river	Dervish source orbit	90	77	averaged_background_story_orbit_aesthetic_origin_distance	pending_art_reference
WC00244	Caelcoriaion244	background	V1	B13	threshold mason	Null-Heart	morrow market	Pip source orbit	90	77	averaged_background_story_orbit_aesthetic_origin_distance	pending_art_reference
WC00245	Aerfirariverelle245	story	V1	B14	bookbinder	Iron-Song	root vale	Rolzen source orbit	90	77	averaged_background_story_orbit_aesthetic_origin_distance	pending_art_reference
WC00246	Aerdalencoriaelle246	recurring-background	V1	B15	bridge keeper	Wren-Ash	ripper tunnel	Xethrolund source orbit	90	77	averaged_background_story_orbit_aesthetic_origin_distance	pending_art_reference
WC00247	Ashanarael247	deep-background	V1	B16	market singer	Thorn-Vayne	cello field	Rylos source orbit	90	77	averaged_background_story_orbit_aesthetic_origin_distance	pending_art_reference
WC00248	Aeranorluthivyelle248	support	V1	B17	glass forge worker	Marso-len	blue-light road	Kyreal source orbit	90	77	averaged_background_story_orbit_aesthetic_origin_distance	pending_art_reference
WC00249	Aerfiracoriaaria249	background	V1	B18	ripper survivor	Rolzen-line	xeth glyph yard	Thessa source orbit	90	77	averaged_background_story_orbit_aesthetic_origin_distance	pending_art_reference
WC00250	Ashaavelfiraluthael250	story	V1	B19	map seller	Kyreal-pack	stone fen	Kael source orbit	90	77	averaged_background_story_orbit_aesthetic_origin_distance	pending_art_reference
WC00251	Aeranorluthendaraen251	recurring-background	V1	B20	cellar cook	Xethrolund-glyph	pocket sanctuary	Pael source orbit	90	77	averaged_background_story_orbit_aesthetic_origin_distance	pending_art_reference
WC00252	Ashaelionfiraiven252	deep-background	V1	B21	triage helper	Pip-no-path	glass orchard	Soth source orbit	90	77	averaged_background_story_orbit_aesthetic_origin_distance	pending_art_reference
WC00253	Aerdalencoriaael253	support	V1	B22	faction runner	Mack-ground	neith edge	Vellin source orbit	90	77	averaged_background_story_orbit_aesthetic_origin_distance	pending_art_reference
WC00254	Ashaeliondalendria254	background	V1	B23	wolf-road scout	Dervish-glass	willow-stone county	Corrath source orbit	90	77	averaged_background_story_orbit_aesthetic_origin_distance	pending_art_reference
WC00255	Aeranorluthaelael255	story	V1	B24	glyph apprentice	Vayne	last open gate	Dervish source orbit	90	77	averaged_background_story_orbit_aesthetic_origin_distance	pending_art_reference
WC00256	Aeranorbelldria256	recurring-background	V1	B25	corridor child	Null-Heart	diamond breakland	Pip source orbit	90	77	averaged_background_story_orbit_aesthetic_origin_distance	pending_art_reference
WC00257	Aerindrariveravel257	deep-background	V1	B26	field healer	Iron-Song	black-heart ridge	Rolzen source orbit	90	77	averaged_background_story_orbit_aesthetic_origin_distance	pending_art_reference
WC00258	Aeranorluthglassel258	support	V1	B27	cavern farmer	Wren-Ash	ash river	Xethrolund source orbit	90	77	averaged_background_story_orbit_aesthetic_origin_distance	pending_art_reference
WC00259	Aerindraevaraiel259	background	V1	B28	garden watcher	Thorn-Vayne	morrow market	Rylos source orbit	90	77	averaged_background_story_orbit_aesthetic_origin_distance	pending_art_reference
WC00260	Aerfiraianivyaria260	story	V1	B29	stone archivist	Marso-len	root vale	Kyreal source orbit	90	77	averaged_background_story_orbit_aesthetic_origin_distance	pending_art_reference
WC00261	Aermaelorcoriaaen261	recurring-background	V1	B30	orchard guard	Rolzen-line	ripper tunnel	Thessa source orbit	90	77	averaged_background_story_orbit_aesthetic_origin_distance	pending_art_reference
WC00262	Ashaeliondria262	deep-background	V1	B31	sonomancy listener	Kyreal-pack	cello field	Kael source orbit	90	77	averaged_background_story_orbit_aesthetic_origin_distance	pending_art_reference
WC00263	Aerdalendion263	support	V1	B32	tunnel witness	Xethrolund-glyph	blue-light road	Pael source orbit	90	77	averaged_background_story_orbit_aesthetic_origin_distance	pending_art_reference
WC00264	Aerfiraamarbrinion264	background	V1	B33	threshold mason	Pip-no-path	xeth glyph yard	Soth source orbit	90	77	averaged_background_story_orbit_aesthetic_origin_distance	pending_art_reference
WC00265	Aerfiraluthel265	story	V1	B01	bookbinder	Mack-ground	stone fen	Vellin source orbit	90	77	averaged_background_story_orbit_aesthetic_origin_distance	pending_art_reference
WC00266	Aerindraen266	recurring-background	V1	B02	bridge keeper	Dervish-glass	pocket sanctuary	Corrath source orbit	90	77	averaged_background_story_orbit_aesthetic_origin_distance	pending_art_reference
WC00267	Aerfiraamarlarkavel267	deep-background	V1	B03	market singer	Vayne	glass orchard	Dervish source orbit	90	77	averaged_background_story_orbit_aesthetic_origin_distance	pending_art_reference
WC00268	Aerindraianmarrowel268	support	V1	B04	glass forge worker	Null-Heart	neith edge	Pip source orbit	90	77	averaged_background_story_orbit_aesthetic_origin_distance	pending_art_reference
WC00269	Brenendarelionavel269	background	V1	B05	ripper survivor	Iron-Song	willow-stone county	Rolzen source orbit	90	77	averaged_background_story_orbit_aesthetic_origin_distance	pending_art_reference
WC00270	Aerfiraianhalorion270	story	V1	B06	map seller	Wren-Ash	last open gate	Xethrolund source orbit	90	77	averaged_background_story_orbit_aesthetic_origin_distance	pending_art_reference
WC00271	Aerfirabrookael271	recurring-background	V1	B07	cellar cook	Thorn-Vayne	diamond breakland	Rylos source orbit	90	77	averaged_background_story_orbit_aesthetic_origin_distance	pending_art_reference
WC00272	Aeranorianashen272	deep-background	V1	B08	triage helper	Marso-len	black-heart ridge	Kyreal source orbit	90	77	averaged_background_story_orbit_aesthetic_origin_distance	pending_art_reference
WC00273	Aeranorianaelel273	support	V1	B09	faction runner	Rolzen-line	ash river	Thessa source orbit	90	77	averaged_background_story_orbit_aesthetic_origin_distance	pending_art_reference
WC00274	Ashanaradalenianiel274	background	V1	B10	wolf-road scout	Kyreal-pack	morrow market	Kael source orbit	90	77	averaged_background_story_orbit_aesthetic_origin_distance	pending_art_reference
WC00275	Aeranorluthbrindria275	story	V1	B11	glyph apprentice	Xethrolund-glyph	root vale	Pael source orbit	90	77	averaged_background_story_orbit_aesthetic_origin_distance	pending_art_reference
WC00276	Aerfiracoriabellion276	recurring-background	V1	B12	corridor child	Pip-no-path	ripper tunnel	Soth source orbit	90	77	averaged_background_story_orbit_aesthetic_origin_distance	pending_art_reference
WC00277	Aerdalenianbrinaria277	deep-background	V1	B13	field healer	Mack-ground	cello field	Vellin source orbit	90	77	averaged_background_story_orbit_aesthetic_origin_distance	pending_art_reference
WC00278	Aerdaleniandion278	support	V1	B14	cavern farmer	Dervish-glass	blue-light road	Corrath source orbit	90	77	averaged_background_story_orbit_aesthetic_origin_distance	pending_art_reference
WC00279	Aeranorianhalorelle279	background	V1	B15	garden watcher	Vayne	xeth glyph yard	Dervish source orbit	90	77	averaged_background_story_orbit_aesthetic_origin_distance	pending_art_reference
WC00280	Aeranorianhalordion280	story	V1	B16	stone archivist	Null-Heart	stone fen	Pip source orbit	90	77	averaged_background_story_orbit_aesthetic_origin_distance	pending_art_reference
WC00281	Aermaeloramararel281	recurring-background	V1	B17	orchard guard	Iron-Song	pocket sanctuary	Rolzen source orbit	90	77	averaged_background_story_orbit_aesthetic_origin_distance	pending_art_reference
WC00282	Aerdalenianhaloriel282	deep-background	V1	B18	sonomancy listener	Wren-Ash	glass orchard	Xethrolund source orbit	90	77	averaged_background_story_orbit_aesthetic_origin_distance	pending_art_reference
WC00283	Aerfiracoriaarel283	support	V1	B19	tunnel witness	Thorn-Vayne	neith edge	Rylos source orbit	90	77	averaged_background_story_orbit_aesthetic_origin_distance	pending_art_reference
WC00284	Aerindraluthelle284	background	V1	B20	threshold mason	Marso-len	willow-stone county	Kyreal source orbit	90	77	averaged_background_story_orbit_aesthetic_origin_distance	pending_art_reference
WC00285	Aeranoramarendarion285	story	V1	B21	bookbinder	Rolzen-line	last open gate	Thessa source orbit	90	77	averaged_background_story_orbit_aesthetic_origin_distance	pending_art_reference
WC00286	Aeranorluthael286	recurring-background	V1	B22	bridge keeper	Kyreal-pack	diamond breakland	Kael source orbit	90	77	averaged_background_story_orbit_aesthetic_origin_distance	pending_art_reference
WC00287	Aeranorhollowdion287	deep-background	V1	B23	market singer	Xethrolund-glyph	black-heart ridge	Pael source orbit	90	77	averaged_background_story_orbit_aesthetic_origin_distance	pending_art_reference
WC00288	Aeranorluthlarkavel288	support	V1	B24	glass forge worker	Pip-no-path	ash river	Soth source orbit	90	77	averaged_background_story_orbit_aesthetic_origin_distance	pending_art_reference
WC00289	Aerfiraluthavel289	background	V1	B25	ripper survivor	Mack-ground	morrow market	Vellin source orbit	90	77	averaged_background_story_orbit_aesthetic_origin_distance	pending_art_reference
WC00290	Aeranorluthaelen290	story	V1	B26	map seller	Dervish-glass	root vale	Corrath source orbit	90	77	averaged_background_story_orbit_aesthetic_origin_distance	pending_art_reference
WC00291	Ashaaveldalenaen291	recurring-background	V1	B27	cellar cook	Vayne	ripper tunnel	Dervish source orbit	90	77	averaged_background_story_orbit_aesthetic_origin_distance	pending_art_reference
WC00292	Aeranoriankelandria292	deep-background	V1	B28	triage helper	Null-Heart	cello field	Pip source orbit	90	77	averaged_background_story_orbit_aesthetic_origin_distance	pending_art_reference
WC00293	Aerdalenianashdria293	support	V1	B29	faction runner	Iron-Song	blue-light road	Rolzen source orbit	90	77	averaged_background_story_orbit_aesthetic_origin_distance	pending_art_reference
WC00294	Ashaavelindraaria294	background	V1	B30	wolf-road scout	Wren-Ash	xeth glyph yard	Xethrolund source orbit	90	77	averaged_background_story_orbit_aesthetic_origin_distance	pending_art_reference
WC00295	Ashajoradion295	story	V1	B31	glyph apprentice	Thorn-Vayne	stone fen	Rylos source orbit	90	77	averaged_background_story_orbit_aesthetic_origin_distance	pending_art_reference
WC00296	Aerdaleniandria296	recurring-background	V1	B32	corridor child	Marso-len	pocket sanctuary	Kyreal source orbit	90	77	averaged_background_story_orbit_aesthetic_origin_distance	pending_art_reference
WC00297	Aermaeloraria297	deep-background	V1	B33	field healer	Rolzen-line	glass orchard	Thessa source orbit	90	77	averaged_background_story_orbit_aesthetic_origin_distance	pending_art_reference
WC00298	Ashaavelanoramarael298	support	V1	B01	cavern farmer	Kyreal-pack	neith edge	Kael source orbit	90	77	averaged_background_story_orbit_aesthetic_origin_distance	pending_art_reference
WC00299	Aerdalenluthaelaen299	background	V1	B02	garden watcher	Xethrolund-glyph	willow-stone county	Pael source orbit	90	77	averaged_background_story_orbit_aesthetic_origin_distance	pending_art_reference
WC00300	Ashaelionfenavel300	story	V1	B03	stone archivist	Pip-no-path	last open gate	Soth source orbit	90	77	averaged_background_story_orbit_aesthetic_origin_distance	pending_art_reference
WC00301	Aerfiraion301	recurring-background	V1	B04	orchard guard	Mack-ground	diamond breakland	Vellin source orbit	90	77	averaged_background_story_orbit_aesthetic_origin_distance	pending_art_reference
WC00302	Aeranorluthkelanel302	deep-background	V1	B05	sonomancy listener	Dervish-glass	black-heart ridge	Corrath source orbit	90	77	averaged_background_story_orbit_aesthetic_origin_distance	pending_art_reference
WC00303	Ashagalenfiraavel303	support	V1	B06	tunnel witness	Vayne	ash river	Dervish source orbit	90	77	averaged_background_story_orbit_aesthetic_origin_distance	pending_art_reference
WC00304	Aeranorevaraaria304	background	V1	B07	threshold mason	Null-Heart	morrow market	Pip source orbit	90	77	averaged_background_story_orbit_aesthetic_origin_distance	pending_art_reference
WC00305	Aerindraamariel305	story	V1	B08	bookbinder	Iron-Song	root vale	Rolzen source orbit	90	77	averaged_background_story_orbit_aesthetic_origin_distance	pending_art_reference
WC00306	Ashaavelanoravel306	recurring-background	V1	B09	bridge keeper	Wren-Ash	ripper tunnel	Xethrolund source orbit	90	77	averaged_background_story_orbit_aesthetic_origin_distance	pending_art_reference
WC00307	Aeranorcoriadion307	deep-background	V1	B10	market singer	Thorn-Vayne	cello field	Rylos source orbit	90	77	averaged_background_story_orbit_aesthetic_origin_distance	pending_art_reference
WC00308	Aeranorevaraivydion308	support	V1	B11	glass forge worker	Marso-len	blue-light road	Kyreal source orbit	90	77	averaged_background_story_orbit_aesthetic_origin_distance	pending_art_reference
WC00309	Aerfiraiven309	background	V1	B12	ripper survivor	Rolzen-line	xeth glyph yard	Thessa source orbit	90	77	averaged_background_story_orbit_aesthetic_origin_distance	pending_art_reference
WC00310	Aerindracoriael310	story	V1	B13	map seller	Kyreal-pack	stone fen	Kael source orbit	90	77	averaged_background_story_orbit_aesthetic_origin_distance	pending_art_reference
WC00311	Ashaelionbrookarel311	recurring-background	V1	B14	cellar cook	Xethrolund-glyph	pocket sanctuary	Pael source orbit	90	77	averaged_background_story_orbit_aesthetic_origin_distance	pending_art_reference
WC00312	Aerdalenbrookael312	deep-background	V1	B15	triage helper	Pip-no-path	glass orchard	Soth source orbit	90	77	averaged_background_story_orbit_aesthetic_origin_distance	pending_art_reference
WC00313	Ashaavelanoriven313	support	V1	B16	faction runner	Mack-ground	neith edge	Vellin source orbit	90	77	averaged_background_story_orbit_aesthetic_origin_distance	pending_art_reference
WC00314	Ashanaradaleniven314	background	V1	B17	wolf-road scout	Dervish-glass	willow-stone county	Corrath source orbit	90	77	averaged_background_story_orbit_aesthetic_origin_distance	pending_art_reference
WC00315	Aeranorluthaelaria315	story	V1	B18	glyph apprentice	Vayne	last open gate	Dervish source orbit	90	77	averaged_background_story_orbit_aesthetic_origin_distance	pending_art_reference
WC00316	Aerdalenamaren316	recurring-background	V1	B19	corridor child	Null-Heart	diamond breakland	Pip source orbit	90	77	averaged_background_story_orbit_aesthetic_origin_distance	pending_art_reference
WC00317	Aeranoramarkelanael317	deep-background	V1	B20	field healer	Iron-Song	black-heart ridge	Rolzen source orbit	90	77	averaged_background_story_orbit_aesthetic_origin_distance	pending_art_reference
WC00318	Ashaavelmireiel318	support	V1	B21	cavern farmer	Wren-Ash	ash river	Xethrolund source orbit	90	77	averaged_background_story_orbit_aesthetic_origin_distance	pending_art_reference
WC00319	Aerfiraianelle319	background	V1	B22	garden watcher	Thorn-Vayne	morrow market	Rylos source orbit	90	77	averaged_background_story_orbit_aesthetic_origin_distance	pending_art_reference
WC00320	Aerfiraianendarael320	story	V1	B23	stone archivist	Marso-len	root vale	Kyreal source orbit	90	77	averaged_background_story_orbit_aesthetic_origin_distance	pending_art_reference
WC00321	Aerfiraluthendarel321	recurring-background	V1	B24	orchard guard	Rolzen-line	ripper tunnel	Thessa source orbit	90	77	averaged_background_story_orbit_aesthetic_origin_distance	pending_art_reference
WC00322	Aerindraluthhalorel322	deep-background	V1	B25	sonomancy listener	Kyreal-pack	cello field	Kael source orbit	90	77	averaged_background_story_orbit_aesthetic_origin_distance	pending_art_reference
WC00323	Aeranorcoriaavel323	support	V1	B26	tunnel witness	Xethrolund-glyph	blue-light road	Pael source orbit	90	77	averaged_background_story_orbit_aesthetic_origin_distance	pending_art_reference
WC00324	Aeranorluthbellion324	background	V1	B27	threshold mason	Pip-no-path	xeth glyph yard	Soth source orbit	90	77	averaged_background_story_orbit_aesthetic_origin_distance	pending_art_reference
WC00325	Ashajoradalenarel325	story	V1	B28	bookbinder	Mack-ground	stone fen	Vellin source orbit	90	77	averaged_background_story_orbit_aesthetic_origin_distance	pending_art_reference
WC00326	Aerdalenluthael326	recurring-background	V1	B29	bridge keeper	Dervish-glass	pocket sanctuary	Corrath source orbit	90	77	averaged_background_story_orbit_aesthetic_origin_distance	pending_art_reference
WC00327	Aeranorianlarkavel327	deep-background	V1	B30	market singer	Vayne	glass orchard	Dervish source orbit	90	77	averaged_background_story_orbit_aesthetic_origin_distance	pending_art_reference
WC00328	Ashaavelanorluthaen328	support	V1	B31	glass forge worker	Null-Heart	neith edge	Pip source orbit	90	77	averaged_background_story_orbit_aesthetic_origin_distance	pending_art_reference
WC00329	Aerfiraamarkelaniel329	background	V1	B32	ripper survivor	Iron-Song	willow-stone county	Rolzen source orbit	90	77	averaged_background_story_orbit_aesthetic_origin_distance	pending_art_reference
WC00330	Aeranorianbellael330	story	V1	B33	map seller	Wren-Ash	last open gate	Xethrolund source orbit	90	77	averaged_background_story_orbit_aesthetic_origin_distance	pending_art_reference
WC00331	Aermaelordria331	recurring-background	V1	B01	cellar cook	Thorn-Vayne	diamond breakland	Rylos source orbit	90	77	averaged_background_story_orbit_aesthetic_origin_distance	pending_art_reference
WC00332	Aerindraiankelanen332	deep-background	V1	B02	triage helper	Marso-len	black-heart ridge	Kyreal source orbit	90	77	averaged_background_story_orbit_aesthetic_origin_distance	pending_art_reference
WC00333	Aerfiracoriaaen333	support	V1	B03	faction runner	Rolzen-line	ash river	Thessa source orbit	90	77	averaged_background_story_orbit_aesthetic_origin_distance	pending_art_reference
WC00334	Aerdalenianaeliven334	background	V1	B04	wolf-road scout	Kyreal-pack	morrow market	Kael source orbit	90	77	averaged_background_story_orbit_aesthetic_origin_distance	pending_art_reference
WC00335	Aermaelorcoriaivyen335	story	V1	B05	glyph apprentice	Xethrolund-glyph	root vale	Pael source orbit	90	77	averaged_background_story_orbit_aesthetic_origin_distance	pending_art_reference
WC00336	Aerfiraluthaelel336	recurring-background	V1	B06	corridor child	Pip-no-path	ripper tunnel	Soth source orbit	90	77	averaged_background_story_orbit_aesthetic_origin_distance	pending_art_reference
WC00337	Ashaeliongroveiel337	deep-background	V1	B07	field healer	Mack-ground	cello field	Vellin source orbit	90	77	averaged_background_story_orbit_aesthetic_origin_distance	pending_art_reference
WC00338	Aerfiraavel338	support	V1	B08	cavern farmer	Dervish-glass	blue-light road	Corrath source orbit	90	77	averaged_background_story_orbit_aesthetic_origin_distance	pending_art_reference
WC00339	Aerfiraquartzen339	background	V1	B09	garden watcher	Vayne	xeth glyph yard	Dervish source orbit	90	77	averaged_background_story_orbit_aesthetic_origin_distance	pending_art_reference
WC00340	Aerindralutharel340	story	V1	B10	stone archivist	Null-Heart	stone fen	Pip source orbit	90	77	averaged_background_story_orbit_aesthetic_origin_distance	pending_art_reference
WC00341	Aerdalenianbriniel341	recurring-background	V1	B11	orchard guard	Iron-Song	pocket sanctuary	Rolzen source orbit	90	77	averaged_background_story_orbit_aesthetic_origin_distance	pending_art_reference
WC00342	Aeranoramardria342	deep-background	V1	B12	sonomancy listener	Wren-Ash	glass orchard	Xethrolund source orbit	90	77	averaged_background_story_orbit_aesthetic_origin_distance	pending_art_reference
WC00343	Aeranoriandria343	support	V1	B13	tunnel witness	Thorn-Vayne	neith edge	Rylos source orbit	90	77	averaged_background_story_orbit_aesthetic_origin_distance	pending_art_reference
WC00344	Aeranorcoriaendaren344	background	V1	B14	threshold mason	Marso-len	willow-stone county	Kyreal source orbit	90	77	averaged_background_story_orbit_aesthetic_origin_distance	pending_art_reference
WC00345	Ashaelionglasselle345	story	V1	B15	bookbinder	Rolzen-line	last open gate	Thessa source orbit	90	77	averaged_background_story_orbit_aesthetic_origin_distance	pending_art_reference
WC00346	Aeranorcrownel346	recurring-background	V1	B16	bridge keeper	Kyreal-pack	diamond breakland	Kael source orbit	90	77	averaged_background_story_orbit_aesthetic_origin_distance	pending_art_reference
WC00347	Aeranorluthaelarel347	deep-background	V1	B17	market singer	Xethrolund-glyph	black-heart ridge	Pael source orbit	90	77	averaged_background_story_orbit_aesthetic_origin_distance	pending_art_reference
WC00348	Ashajoramiredria348	support	V1	B18	glass forge worker	Pip-no-path	ash river	Soth source orbit	90	77	averaged_background_story_orbit_aesthetic_origin_distance	pending_art_reference
WC00349	Ashajoradaleniel349	background	V1	B19	ripper survivor	Mack-ground	morrow market	Vellin source orbit	90	77	averaged_background_story_orbit_aesthetic_origin_distance	pending_art_reference
WC00350	Aeranorianhalorarel350	story	V1	B20	map seller	Dervish-glass	root vale	Corrath source orbit	90	77	averaged_background_story_orbit_aesthetic_origin_distance	pending_art_reference
WC00351	Brenkelangalenion351	recurring-background	V1	B21	cellar cook	Vayne	ripper tunnel	Dervish source orbit	90	77	averaged_background_story_orbit_aesthetic_origin_distance	pending_art_reference
WC00352	Aerindraiandion352	deep-background	V1	B22	triage helper	Null-Heart	cello field	Pip source orbit	90	77	averaged_background_story_orbit_aesthetic_origin_distance	pending_art_reference
WC00353	Aeranoriankelanen353	support	V1	B23	faction runner	Iron-Song	blue-light road	Rolzen source orbit	90	77	averaged_background_story_orbit_aesthetic_origin_distance	pending_art_reference
WC00354	Aeranoramararel354	background	V1	B24	wolf-road scout	Wren-Ash	xeth glyph yard	Xethrolund source orbit	90	77	averaged_background_story_orbit_aesthetic_origin_distance	pending_art_reference
WC00355	Aermaeloren355	story	V1	B25	glyph apprentice	Thorn-Vayne	stone fen	Rylos source orbit	90	77	averaged_background_story_orbit_aesthetic_origin_distance	pending_art_reference
WC00356	Brenaeldion356	recurring-background	V1	B26	corridor child	Marso-len	pocket sanctuary	Kyreal source orbit	90	77	averaged_background_story_orbit_aesthetic_origin_distance	pending_art_reference
WC00357	Aerdalenianaelelle357	deep-background	V1	B27	field healer	Rolzen-line	glass orchard	Thessa source orbit	90	77	averaged_background_story_orbit_aesthetic_origin_distance	pending_art_reference
WC00358	Aeranorluthhaloraen358	support	V1	B28	cavern farmer	Kyreal-pack	neith edge	Kael source orbit	90	77	averaged_background_story_orbit_aesthetic_origin_distance	pending_art_reference
WC00359	Aerdalenevaraael359	background	V1	B29	garden watcher	Xethrolund-glyph	willow-stone county	Pael source orbit	90	77	averaged_background_story_orbit_aesthetic_origin_distance	pending_art_reference
WC00360	Aerdalencoriaaelen360	story	V1	B30	stone archivist	Pip-no-path	last open gate	Soth source orbit	90	77	averaged_background_story_orbit_aesthetic_origin_distance	pending_art_reference
WC00361	Aeranorcairndria361	recurring-background	V1	B31	orchard guard	Mack-ground	diamond breakland	Vellin source orbit	90	77	averaged_background_story_orbit_aesthetic_origin_distance	pending_art_reference
WC00362	Aeranorfenaen362	deep-background	V1	B32	sonomancy listener	Dervish-glass	black-heart ridge	Corrath source orbit	90	77	averaged_background_story_orbit_aesthetic_origin_distance	pending_art_reference
WC00363	Aerindraluthaelarel363	support	V1	B33	tunnel witness	Vayne	ash river	Dervish source orbit	90	77	averaged_background_story_orbit_aesthetic_origin_distance	pending_art_reference
WC00364	Ashaavelfiraarel364	background	V1	B01	threshold mason	Null-Heart	morrow market	Pip source orbit	90	77	averaged_background_story_orbit_aesthetic_origin_distance	pending_art_reference
WC00365	Aerdalenamaraeliven365	story	V1	B02	bookbinder	Iron-Song	root vale	Rolzen source orbit	90	77	averaged_background_story_orbit_aesthetic_origin_distance	pending_art_reference
WC00366	Brenaelgalenel366	recurring-background	V1	B03	bridge keeper	Wren-Ash	ripper tunnel	Xethrolund source orbit	90	77	averaged_background_story_orbit_aesthetic_origin_distance	pending_art_reference
WC00367	Aeranorquartzelle367	deep-background	V1	B04	market singer	Thorn-Vayne	cello field	Rylos source orbit	90	77	averaged_background_story_orbit_aesthetic_origin_distance	pending_art_reference
WC00368	Aerdalenmiredria368	support	V1	B05	glass forge worker	Marso-len	blue-light road	Kyreal source orbit	90	77	averaged_background_story_orbit_aesthetic_origin_distance	pending_art_reference
WC00369	Ashaelioniel369	background	V1	B06	ripper survivor	Rolzen-line	xeth glyph yard	Thessa source orbit	90	77	averaged_background_story_orbit_aesthetic_origin_distance	pending_art_reference
WC00370	Aerdalenbellel370	story	V1	B07	map seller	Kyreal-pack	stone fen	Kael source orbit	90	77	averaged_background_story_orbit_aesthetic_origin_distance	pending_art_reference
WC00371	Aerfiramireel371	recurring-background	V1	B08	cellar cook	Xethrolund-glyph	pocket sanctuary	Pael source orbit	90	77	averaged_background_story_orbit_aesthetic_origin_distance	pending_art_reference
WC00372	Aeranorevaraion372	deep-background	V1	B09	triage helper	Pip-no-path	glass orchard	Soth source orbit	90	77	averaged_background_story_orbit_aesthetic_origin_distance	pending_art_reference
WC00373	Aerfirafenaria373	support	V1	B10	faction runner	Mack-ground	neith edge	Vellin source orbit	90	77	averaged_background_story_orbit_aesthetic_origin_distance	pending_art_reference
WC00374	Ashajorafiracoriael374	background	V1	B11	wolf-road scout	Dervish-glass	willow-stone county	Corrath source orbit	90	77	averaged_background_story_orbit_aesthetic_origin_distance	pending_art_reference
WC00375	Ashaaveldaleniel375	story	V1	B12	glyph apprentice	Vayne	last open gate	Dervish source orbit	90	77	averaged_background_story_orbit_aesthetic_origin_distance	pending_art_reference
WC00376	Aerdalenbellen376	recurring-background	V1	B13	corridor child	Null-Heart	diamond breakland	Pip source orbit	90	77	averaged_background_story_orbit_aesthetic_origin_distance	pending_art_reference
WC00377	Aerdalenamarashel377	deep-background	V1	B14	field healer	Iron-Song	black-heart ridge	Rolzen source orbit	90	77	averaged_background_story_orbit_aesthetic_origin_distance	pending_art_reference
WC00378	Ashajoraiven378	support	V1	B15	cavern farmer	Wren-Ash	ash river	Xethrolund source orbit	90	77	averaged_background_story_orbit_aesthetic_origin_distance	pending_art_reference
WC00379	Aerfiraevaraaeliven379	background	V1	B16	garden watcher	Thorn-Vayne	morrow market	Rylos source orbit	90	77	averaged_background_story_orbit_aesthetic_origin_distance	pending_art_reference
WC00380	Aerindraamaraen380	story	V1	B17	stone archivist	Marso-len	root vale	Kyreal source orbit	90	77	averaged_background_story_orbit_aesthetic_origin_distance	pending_art_reference
WC00381	Aeranorevarabrinel381	recurring-background	V1	B18	orchard guard	Rolzen-line	ripper tunnel	Thessa source orbit	90	77	averaged_background_story_orbit_aesthetic_origin_distance	pending_art_reference
WC00382	Aeranorevarabrookel382	deep-background	V1	B19	sonomancy listener	Kyreal-pack	cello field	Kael source orbit	90	77	averaged_background_story_orbit_aesthetic_origin_distance	pending_art_reference
WC00383	Aeranorcoriakelanel383	support	V1	B20	tunnel witness	Xethrolund-glyph	blue-light road	Pael source orbit	90	77	averaged_background_story_orbit_aesthetic_origin_distance	pending_art_reference
WC00384	Aeranorcoriabellion384	background	V1	B21	threshold mason	Pip-no-path	xeth glyph yard	Soth source orbit	90	77	averaged_background_story_orbit_aesthetic_origin_distance	pending_art_reference
WC00385	Ashagalendion385	story	V1	B22	bookbinder	Mack-ground	stone fen	Vellin source orbit	90	77	averaged_background_story_orbit_aesthetic_origin_distance	pending_art_reference
WC00386	Aerfiraamarion386	recurring-background	V1	B23	bridge keeper	Dervish-glass	pocket sanctuary	Corrath source orbit	90	77	averaged_background_story_orbit_aesthetic_origin_distance	pending_art_reference
WC00387	Aeranorianion387	deep-background	V1	B24	market singer	Vayne	glass orchard	Dervish source orbit	90	77	averaged_background_story_orbit_aesthetic_origin_distance	pending_art_reference
WC00388	Aerdalenluthbrinel388	support	V1	B25	glass forge worker	Null-Heart	neith edge	Pip source orbit	90	77	averaged_background_story_orbit_aesthetic_origin_distance	pending_art_reference
WC00389	Aeranorcairnarel389	background	V1	B26	ripper survivor	Iron-Song	willow-stone county	Rolzen source orbit	90	77	averaged_background_story_orbit_aesthetic_origin_distance	pending_art_reference
WC00390	Aerdalenamaraelaria390	story	V1	B27	map seller	Wren-Ash	last open gate	Xethrolund source orbit	90	77	averaged_background_story_orbit_aesthetic_origin_distance	pending_art_reference
WC00391	Aermaelorquartzel391	recurring-background	V1	B28	cellar cook	Thorn-Vayne	diamond breakland	Rylos source orbit	90	77	averaged_background_story_orbit_aesthetic_origin_distance	pending_art_reference
WC00392	Aerdalenamarelle392	deep-background	V1	B29	triage helper	Marso-len	black-heart ridge	Kyreal source orbit	90	77	averaged_background_story_orbit_aesthetic_origin_distance	pending_art_reference
WC00393	Aerfiraamarendarael393	support	V1	B30	faction runner	Rolzen-line	ash river	Thessa source orbit	90	77	averaged_background_story_orbit_aesthetic_origin_distance	pending_art_reference
WC00394	Aerindraorcharddion394	background	V1	B31	wolf-road scout	Kyreal-pack	morrow market	Kael source orbit	90	77	averaged_background_story_orbit_aesthetic_origin_distance	pending_art_reference
WC00395	Ashaelionbrookaen395	story	V1	B32	glyph apprentice	Xethrolund-glyph	root vale	Pael source orbit	90	77	averaged_background_story_orbit_aesthetic_origin_distance	pending_art_reference
WC00396	Ashanarafiraianaen396	recurring-background	V1	B33	corridor child	Pip-no-path	ripper tunnel	Soth source orbit	90	77	averaged_background_story_orbit_aesthetic_origin_distance	pending_art_reference
WC00397	Ashajoraen397	deep-background	V1	B01	field healer	Mack-ground	cello field	Vellin source orbit	90	77	averaged_background_story_orbit_aesthetic_origin_distance	pending_art_reference
WC00398	Ashajorael398	support	V1	B02	cavern farmer	Dervish-glass	blue-light road	Corrath source orbit	90	77	averaged_background_story_orbit_aesthetic_origin_distance	pending_art_reference
WC00399	Aerdalenianbrindion399	background	V1	B03	garden watcher	Vayne	xeth glyph yard	Dervish source orbit	90	77	averaged_background_story_orbit_aesthetic_origin_distance	pending_art_reference
WC00400	Aermaelorianaelelle400	story	V1	B04	stone archivist	Null-Heart	stone fen	Pip source orbit	90	77	averaged_background_story_orbit_aesthetic_origin_distance	pending_art_reference
WC00401	Ashaeliondalenel401	recurring-background	V1	B05	orchard guard	Iron-Song	pocket sanctuary	Rolzen source orbit	90	77	averaged_background_story_orbit_aesthetic_origin_distance	pending_art_reference
WC00402	Ashajorafenel402	deep-background	V1	B06	sonomancy listener	Wren-Ash	glass orchard	Xethrolund source orbit	90	77	averaged_background_story_orbit_aesthetic_origin_distance	pending_art_reference
WC00403	Aerindraevaraen403	support	V1	B07	tunnel witness	Thorn-Vayne	neith edge	Rylos source orbit	90	77	averaged_background_story_orbit_aesthetic_origin_distance	pending_art_reference
WC00404	Aeranorcoriaaeldria404	background	V1	B08	threshold mason	Marso-len	willow-stone county	Kyreal source orbit	90	77	averaged_background_story_orbit_aesthetic_origin_distance	pending_art_reference
WC00405	Ashaavelarel405	story	V1	B09	bookbinder	Rolzen-line	last open gate	Thessa source orbit	90	77	averaged_background_story_orbit_aesthetic_origin_distance	pending_art_reference
WC00406	Ashaelionanorarel406	recurring-background	V1	B10	bridge keeper	Kyreal-pack	diamond breakland	Kael source orbit	90	77	averaged_background_story_orbit_aesthetic_origin_distance	pending_art_reference
WC00407	Aeranoriandion407	deep-background	V1	B11	market singer	Xethrolund-glyph	black-heart ridge	Pael source orbit	90	77	averaged_background_story_orbit_aesthetic_origin_distance	pending_art_reference
WC00408	Ashajoradalendria408	support	V1	B12	glass forge worker	Pip-no-path	ash river	Soth source orbit	90	77	averaged_background_story_orbit_aesthetic_origin_distance	pending_art_reference
WC00409	Aeranorianendarael409	background	V1	B13	ripper survivor	Mack-ground	morrow market	Vellin source orbit	90	77	averaged_background_story_orbit_aesthetic_origin_distance	pending_art_reference
WC00410	Aeranorevaraelle410	story	V1	B14	map seller	Dervish-glass	root vale	Corrath source orbit	90	77	averaged_background_story_orbit_aesthetic_origin_distance	pending_art_reference
WC00411	Aeranorcoriaelle411	recurring-background	V1	B15	cellar cook	Vayne	ripper tunnel	Dervish source orbit	90	77	averaged_background_story_orbit_aesthetic_origin_distance	pending_art_reference
WC00412	Ashajoraashaen412	deep-background	V1	B16	triage helper	Null-Heart	cello field	Pip source orbit	90	77	averaged_background_story_orbit_aesthetic_origin_distance	pending_art_reference
WC00413	Aerdalenluthdion413	support	V1	B17	faction runner	Iron-Song	blue-light road	Rolzen source orbit	90	77	averaged_background_story_orbit_aesthetic_origin_distance	pending_art_reference
WC00414	Aerdalenamarbelliel414	background	V1	B18	wolf-road scout	Wren-Ash	xeth glyph yard	Xethrolund source orbit	90	77	averaged_background_story_orbit_aesthetic_origin_distance	pending_art_reference
WC00415	Aerfiraiancrownavel415	story	V1	B19	glyph apprentice	Thorn-Vayne	stone fen	Rylos source orbit	90	77	averaged_background_story_orbit_aesthetic_origin_distance	pending_art_reference
WC00416	Aerfiraluthdria416	recurring-background	V1	B20	corridor child	Marso-len	pocket sanctuary	Kyreal source orbit	90	77	averaged_background_story_orbit_aesthetic_origin_distance	pending_art_reference
WC00417	Aerfiralutharel417	deep-background	V1	B21	field healer	Rolzen-line	glass orchard	Thessa source orbit	90	77	averaged_background_story_orbit_aesthetic_origin_distance	pending_art_reference
WC00418	Aerfiraglassel418	support	V1	B22	cavern farmer	Kyreal-pack	neith edge	Kael source orbit	90	77	averaged_background_story_orbit_aesthetic_origin_distance	pending_art_reference
WC00419	Ashagalenindraen419	background	V1	B23	garden watcher	Xethrolund-glyph	willow-stone county	Pael source orbit	90	77	averaged_background_story_orbit_aesthetic_origin_distance	pending_art_reference
WC00420	Aeranoramarbriniven420	story	V1	B24	stone archivist	Pip-no-path	last open gate	Soth source orbit	90	77	averaged_background_story_orbit_aesthetic_origin_distance	pending_art_reference
WC00421	Ashajoraavel421	recurring-background	V1	B25	orchard guard	Mack-ground	diamond breakland	Vellin source orbit	90	77	averaged_background_story_orbit_aesthetic_origin_distance	pending_art_reference
WC00422	Aerfiraevaramossion422	deep-background	V1	B26	sonomancy listener	Dervish-glass	black-heart ridge	Corrath source orbit	90	77	averaged_background_story_orbit_aesthetic_origin_distance	pending_art_reference
WC00423	Aerdalenemberdion423	support	V1	B27	tunnel witness	Vayne	ash river	Dervish source orbit	90	77	averaged_background_story_orbit_aesthetic_origin_distance	pending_art_reference
WC00424	Aermaelorcoriaaria424	background	V1	B28	threshold mason	Null-Heart	morrow market	Pip source orbit	90	77	averaged_background_story_orbit_aesthetic_origin_distance	pending_art_reference
WC00425	Aerfiracairniel425	story	V1	B29	bookbinder	Iron-Song	root vale	Rolzen source orbit	90	77	averaged_background_story_orbit_aesthetic_origin_distance	pending_art_reference
WC00426	Aeranorcoriahaloren426	recurring-background	V1	B30	bridge keeper	Wren-Ash	ripper tunnel	Xethrolund source orbit	90	77	averaged_background_story_orbit_aesthetic_origin_distance	pending_art_reference
WC00427	Ashaavelmireaen427	deep-background	V1	B31	market singer	Thorn-Vayne	cello field	Rylos source orbit	90	77	averaged_background_story_orbit_aesthetic_origin_distance	pending_art_reference
WC00428	Aeranorcoriaarel428	support	V1	B32	glass forge worker	Marso-len	blue-light road	Kyreal source orbit	90	77	averaged_background_story_orbit_aesthetic_origin_distance	pending_art_reference
WC00429	Aerdalencoriafenaen429	background	V1	B33	ripper survivor	Rolzen-line	xeth glyph yard	Thessa source orbit	90	77	averaged_background_story_orbit_aesthetic_origin_distance	pending_art_reference
WC00430	Aeranorluthaelavel430	story	V1	B01	map seller	Kyreal-pack	stone fen	Kael source orbit	90	77	averaged_background_story_orbit_aesthetic_origin_distance	pending_art_reference
WC00431	Aerdalenianion431	recurring-background	V1	B02	cellar cook	Xethrolund-glyph	pocket sanctuary	Pael source orbit	90	77	averaged_background_story_orbit_aesthetic_origin_distance	pending_art_reference
WC00432	Ashaavelelle432	deep-background	V1	B03	triage helper	Pip-no-path	glass orchard	Soth source orbit	90	77	averaged_background_story_orbit_aesthetic_origin_distance	pending_art_reference
WC00433	Aerfiraianhaloraen433	support	V1	B04	faction runner	Mack-ground	neith edge	Vellin source orbit	90	77	averaged_background_story_orbit_aesthetic_origin_distance	pending_art_reference
WC00434	Aerdalenfenael434	background	V1	B05	wolf-road scout	Dervish-glass	willow-stone county	Corrath source orbit	90	77	averaged_background_story_orbit_aesthetic_origin_distance	pending_art_reference
WC00435	Aerfiraamarkelanion435	story	V1	B06	glyph apprentice	Vayne	last open gate	Dervish source orbit	90	77	averaged_background_story_orbit_aesthetic_origin_distance	pending_art_reference
WC00436	Ashaavelavel436	recurring-background	V1	B07	corridor child	Null-Heart	diamond breakland	Pip source orbit	90	77	averaged_background_story_orbit_aesthetic_origin_distance	pending_art_reference
WC00437	Aeranorianbrinael437	deep-background	V1	B08	field healer	Iron-Song	black-heart ridge	Rolzen source orbit	90	77	averaged_background_story_orbit_aesthetic_origin_distance	pending_art_reference
WC00438	Aerindraevaraaelion438	support	V1	B09	cavern farmer	Wren-Ash	ash river	Xethrolund source orbit	90	77	averaged_background_story_orbit_aesthetic_origin_distance	pending_art_reference
WC00439	Aerindraluthendaren439	background	V1	B10	garden watcher	Thorn-Vayne	morrow market	Rylos source orbit	90	77	averaged_background_story_orbit_aesthetic_origin_distance	pending_art_reference
WC00440	Aermaelorelle440	story	V1	B11	stone archivist	Marso-len	root vale	Kyreal source orbit	90	77	averaged_background_story_orbit_aesthetic_origin_distance	pending_art_reference
WC00441	Aerdalenevaraaen441	recurring-background	V1	B12	orchard guard	Rolzen-line	ripper tunnel	Thessa source orbit	90	77	averaged_background_story_orbit_aesthetic_origin_distance	pending_art_reference
WC00442	Aerindraamaraelaria442	deep-background	V1	B13	sonomancy listener	Kyreal-pack	cello field	Kael source orbit	90	77	averaged_background_story_orbit_aesthetic_origin_distance	pending_art_reference
WC00443	Ashaaveldalendion443	support	V1	B14	tunnel witness	Xethrolund-glyph	blue-light road	Pael source orbit	90	77	averaged_background_story_orbit_aesthetic_origin_distance	pending_art_reference
WC00444	Aeranorcoriabrinel444	background	V1	B15	threshold mason	Pip-no-path	xeth glyph yard	Soth source orbit	90	77	averaged_background_story_orbit_aesthetic_origin_distance	pending_art_reference
WC00445	Aerdalenmireel445	story	V1	B16	bookbinder	Mack-ground	stone fen	Vellin source orbit	90	77	averaged_background_story_orbit_aesthetic_origin_distance	pending_art_reference
WC00446	Ashanarafiraluthel446	recurring-background	V1	B17	bridge keeper	Dervish-glass	pocket sanctuary	Corrath source orbit	90	77	averaged_background_story_orbit_aesthetic_origin_distance	pending_art_reference
WC00447	Aeranoremberaria447	deep-background	V1	B18	market singer	Vayne	glass orchard	Dervish source orbit	90	77	averaged_background_story_orbit_aesthetic_origin_distance	pending_art_reference
WC00448	Aeranorluthbrookel448	support	V1	B19	glass forge worker	Null-Heart	neith edge	Pip source orbit	90	77	averaged_background_story_orbit_aesthetic_origin_distance	pending_art_reference
WC00449	Aerfiraluthen449	background	V1	B20	ripper survivor	Iron-Song	willow-stone county	Rolzen source orbit	90	77	averaged_background_story_orbit_aesthetic_origin_distance	pending_art_reference
WC00450	Ashajoramireelle450	story	V1	B21	map seller	Wren-Ash	last open gate	Xethrolund source orbit	90	77	averaged_background_story_orbit_aesthetic_origin_distance	pending_art_reference
WC00451	Aeranorcoriabellaen451	recurring-background	V1	B22	cellar cook	Thorn-Vayne	diamond breakland	Rylos source orbit	90	77	averaged_background_story_orbit_aesthetic_origin_distance	pending_art_reference
WC00452	Aerindracoriaashen452	deep-background	V1	B23	triage helper	Marso-len	black-heart ridge	Kyreal source orbit	90	77	averaged_background_story_orbit_aesthetic_origin_distance	pending_art_reference
WC00453	Aerfiraianendararia453	support	V1	B24	faction runner	Rolzen-line	ash river	Thessa source orbit	90	77	averaged_background_story_orbit_aesthetic_origin_distance	pending_art_reference
WC00454	Ashanaradalenavel454	background	V1	B25	wolf-road scout	Kyreal-pack	morrow market	Kael source orbit	90	77	averaged_background_story_orbit_aesthetic_origin_distance	pending_art_reference
WC00455	Ashagalenael455	story	V1	B26	glyph apprentice	Xethrolund-glyph	root vale	Pael source orbit	90	77	averaged_background_story_orbit_aesthetic_origin_distance	pending_art_reference
WC00456	Aerfiracoriaavel456	recurring-background	V1	B27	corridor child	Pip-no-path	ripper tunnel	Soth source orbit	90	77	averaged_background_story_orbit_aesthetic_origin_distance	pending_art_reference
WC00457	Ashaeliondalendion457	deep-background	V1	B28	field healer	Mack-ground	cello field	Vellin source orbit	90	77	averaged_background_story_orbit_aesthetic_origin_distance	pending_art_reference
WC00458	Brenaelavelel458	support	V1	B29	cavern farmer	Dervish-glass	blue-light road	Corrath source orbit	90	77	averaged_background_story_orbit_aesthetic_origin_distance	pending_art_reference
WC00459	Aerdalenel459	background	V1	B30	garden watcher	Vayne	xeth glyph yard	Dervish source orbit	90	77	averaged_background_story_orbit_aesthetic_origin_distance	pending_art_reference
WC00460	Aerfiraiandria460	story	V1	B31	stone archivist	Null-Heart	stone fen	Pip source orbit	90	77	averaged_background_story_orbit_aesthetic_origin_distance	pending_art_reference
WC00461	Ashaelionavel461	recurring-background	V1	B32	orchard guard	Iron-Song	pocket sanctuary	Rolzen source orbit	90	77	averaged_background_story_orbit_aesthetic_origin_distance	pending_art_reference
WC00462	Aeranorevaraaeldion462	deep-background	V1	B33	sonomancy listener	Wren-Ash	glass orchard	Xethrolund source orbit	90	77	averaged_background_story_orbit_aesthetic_origin_distance	pending_art_reference
WC00463	Aeranoramaraeldion463	support	V1	B01	tunnel witness	Thorn-Vayne	neith edge	Rylos source orbit	90	77	averaged_background_story_orbit_aesthetic_origin_distance	pending_art_reference
WC00464	Aerfiracairndion464	background	V1	B02	threshold mason	Marso-len	willow-stone county	Kyreal source orbit	90	77	averaged_background_story_orbit_aesthetic_origin_distance	pending_art_reference
WC00465	Aeranorianaelaria465	story	V1	B03	bookbinder	Rolzen-line	last open gate	Thessa source orbit	90	77	averaged_background_story_orbit_aesthetic_origin_distance	pending_art_reference
WC00466	Aerdalencrownion466	recurring-background	V1	B04	bridge keeper	Kyreal-pack	diamond breakland	Kael source orbit	90	77	averaged_background_story_orbit_aesthetic_origin_distance	pending_art_reference
WC00467	Aerdaleniancinderen467	deep-background	V1	B05	market singer	Xethrolund-glyph	black-heart ridge	Pael source orbit	90	77	averaged_background_story_orbit_aesthetic_origin_distance	pending_art_reference
WC00468	Aerindraianbrinaen468	support	V1	B06	glass forge worker	Pip-no-path	ash river	Soth source orbit	90	77	averaged_background_story_orbit_aesthetic_origin_distance	pending_art_reference
WC00469	Aeranoramaraen469	background	V1	B07	ripper survivor	Mack-ground	morrow market	Vellin source orbit	90	77	averaged_background_story_orbit_aesthetic_origin_distance	pending_art_reference
WC00470	Aerfiraevarahaloren470	story	V1	B08	map seller	Dervish-glass	root vale	Corrath source orbit	90	77	averaged_background_story_orbit_aesthetic_origin_distance	pending_art_reference
WC00471	Aerdalenluthaelarel471	recurring-background	V1	B09	cellar cook	Vayne	ripper tunnel	Dervish source orbit	90	77	averaged_background_story_orbit_aesthetic_origin_distance	pending_art_reference
WC00472	Aerfiraianbrookarel472	deep-background	V1	B10	triage helper	Null-Heart	cello field	Pip source orbit	90	77	averaged_background_story_orbit_aesthetic_origin_distance	pending_art_reference
WC00473	Ashaelionindraavel473	support	V1	B11	faction runner	Iron-Song	blue-light road	Rolzen source orbit	90	77	averaged_background_story_orbit_aesthetic_origin_distance	pending_art_reference
WC00474	Aeranorevaraen474	background	V1	B12	wolf-road scout	Wren-Ash	xeth glyph yard	Xethrolund source orbit	90	77	averaged_background_story_orbit_aesthetic_origin_distance	pending_art_reference
WC00475	Ashaaveliel475	story	V1	B13	glyph apprentice	Thorn-Vayne	stone fen	Rylos source orbit	90	77	averaged_background_story_orbit_aesthetic_origin_distance	pending_art_reference
WC00476	Ashaavelanoraria476	recurring-background	V1	B14	corridor child	Marso-len	pocket sanctuary	Kyreal source orbit	90	77	averaged_background_story_orbit_aesthetic_origin_distance	pending_art_reference
WC00477	Aeranorcoriaiven477	deep-background	V1	B15	field healer	Rolzen-line	glass orchard	Thessa source orbit	90	77	averaged_background_story_orbit_aesthetic_origin_distance	pending_art_reference
WC00478	Ashaelionmaeloren478	support	V1	B16	cavern farmer	Kyreal-pack	neith edge	Kael source orbit	90	77	averaged_background_story_orbit_aesthetic_origin_distance	pending_art_reference
WC00479	Aerindraianivyavel479	background	V1	B17	garden watcher	Xethrolund-glyph	willow-stone county	Pael source orbit	90	77	averaged_background_story_orbit_aesthetic_origin_distance	pending_art_reference
WC00480	Aerfiracoriaaelen480	story	V1	B18	stone archivist	Pip-no-path	last open gate	Soth source orbit	90	77	averaged_background_story_orbit_aesthetic_origin_distance	pending_art_reference
WC00481	Ashajoradalenel481	recurring-background	V1	B19	orchard guard	Mack-ground	diamond breakland	Vellin source orbit	90	77	averaged_background_story_orbit_aesthetic_origin_distance	pending_art_reference
WC00482	Aeranoramarendarael482	deep-background	V1	B20	sonomancy listener	Dervish-glass	black-heart ridge	Corrath source orbit	90	77	averaged_background_story_orbit_aesthetic_origin_distance	pending_art_reference
WC00483	Ashanaraanoraen483	support	V1	B21	tunnel witness	Vayne	ash river	Dervish source orbit	90	77	averaged_background_story_orbit_aesthetic_origin_distance	pending_art_reference
WC00484	Aeranorbellael484	background	V1	B22	threshold mason	Null-Heart	morrow market	Pip source orbit	90	77	averaged_background_story_orbit_aesthetic_origin_distance	pending_art_reference
WC00485	Aeranorluthivyiven485	story	V1	B23	bookbinder	Iron-Song	root vale	Rolzen source orbit	90	77	averaged_background_story_orbit_aesthetic_origin_distance	pending_art_reference
WC00486	Aerdalenianaeldria486	recurring-background	V1	B24	bridge keeper	Wren-Ash	ripper tunnel	Xethrolund source orbit	90	77	averaged_background_story_orbit_aesthetic_origin_distance	pending_art_reference
WC00487	Aermaeloravel487	deep-background	V1	B25	market singer	Thorn-Vayne	cello field	Rylos source orbit	90	77	averaged_background_story_orbit_aesthetic_origin_distance	pending_art_reference
WC00488	Aeranorianhaloriel488	support	V1	B26	glass forge worker	Marso-len	blue-light road	Kyreal source orbit	90	77	averaged_background_story_orbit_aesthetic_origin_distance	pending_art_reference
WC00489	Ashajoraanordria489	background	V1	B27	ripper survivor	Rolzen-line	xeth glyph yard	Thessa source orbit	90	77	averaged_background_story_orbit_aesthetic_origin_distance	pending_art_reference
WC00490	Aeranororchardion490	story	V1	B28	map seller	Kyreal-pack	stone fen	Kael source orbit	90	77	averaged_background_story_orbit_aesthetic_origin_distance	pending_art_reference
WC00491	Ashaavelmaeloren491	recurring-background	V1	B29	cellar cook	Xethrolund-glyph	pocket sanctuary	Pael source orbit	90	77	averaged_background_story_orbit_aesthetic_origin_distance	pending_art_reference
WC00492	Aerdalenluthel492	deep-background	V1	B30	triage helper	Pip-no-path	glass orchard	Soth source orbit	90	77	averaged_background_story_orbit_aesthetic_origin_distance	pending_art_reference
WC00493	Aerindrariverel493	support	V1	B31	faction runner	Mack-ground	neith edge	Vellin source orbit	90	77	averaged_background_story_orbit_aesthetic_origin_distance	pending_art_reference
WC00494	Aermaelorhollowion494	background	V1	B32	wolf-road scout	Dervish-glass	willow-stone county	Corrath source orbit	90	77	averaged_background_story_orbit_aesthetic_origin_distance	pending_art_reference
WC00495	Ashaavelanorianaen495	story	V1	B33	glyph apprentice	Vayne	last open gate	Dervish source orbit	90	77	averaged_background_story_orbit_aesthetic_origin_distance	pending_art_reference
WC00496	Aeranorglassen496	recurring-background	V1	B01	corridor child	Null-Heart	diamond breakland	Pip source orbit	90	77	averaged_background_story_orbit_aesthetic_origin_distance	pending_art_reference
WC00497	Aeranoramarkelanion497	deep-background	V1	B02	field healer	Iron-Song	black-heart ridge	Rolzen source orbit	90	77	averaged_background_story_orbit_aesthetic_origin_distance	pending_art_reference
WC00498	Aerfiraluthaelaria498	support	V1	B03	cavern farmer	Wren-Ash	ash river	Xethrolund source orbit	90	77	averaged_background_story_orbit_aesthetic_origin_distance	pending_art_reference
WC00499	Aeranoriankelanarel499	background	V1	B04	garden watcher	Thorn-Vayne	morrow market	Rylos source orbit	90	77	averaged_background_story_orbit_aesthetic_origin_distance	pending_art_reference
WC00500	Aeranorevaraaen500	story	V1	B05	stone archivist	Marso-len	root vale	Kyreal source orbit	90	77	averaged_background_story_orbit_aesthetic_origin_distance	pending_art_reference
WC00501	Aerindraiel501	recurring-background	V1	B06	orchard guard	Rolzen-line	ripper tunnel	Thessa source orbit	90	77	averaged_background_story_orbit_aesthetic_origin_distance	pending_art_reference
WC00502	Aeranorianaen502	deep-background	V1	B07	sonomancy listener	Kyreal-pack	cello field	Kael source orbit	90	77	averaged_background_story_orbit_aesthetic_origin_distance	pending_art_reference
WC00503	Aeranorevaraforgeel503	support	V1	B08	tunnel witness	Xethrolund-glyph	blue-light road	Pael source orbit	90	77	averaged_background_story_orbit_aesthetic_origin_distance	pending_art_reference
WC00504	Aeranoramarhalorael504	background	V1	B09	threshold mason	Pip-no-path	xeth glyph yard	Soth source orbit	90	77	averaged_background_story_orbit_aesthetic_origin_distance	pending_art_reference
WC00505	Ashaelionfiraianion505	story	V1	B10	bookbinder	Mack-ground	stone fen	Vellin source orbit	90	77	averaged_background_story_orbit_aesthetic_origin_distance	pending_art_reference
WC00506	Ashajoramaeloriven506	recurring-background	V1	B11	bridge keeper	Dervish-glass	pocket sanctuary	Corrath source orbit	90	77	averaged_background_story_orbit_aesthetic_origin_distance	pending_art_reference
WC00507	Aermaelorcoriaael507	deep-background	V1	B12	market singer	Vayne	glass orchard	Dervish source orbit	90	77	averaged_background_story_orbit_aesthetic_origin_distance	pending_art_reference
WC00508	Aeranorevaraendarel508	support	V1	B13	glass forge worker	Null-Heart	neith edge	Pip source orbit	90	77	averaged_background_story_orbit_aesthetic_origin_distance	pending_art_reference
WC00509	Caelianbrinelle509	background	V1	B14	ripper survivor	Iron-Song	willow-stone county	Rolzen source orbit	90	77	averaged_background_story_orbit_aesthetic_origin_distance	pending_art_reference
WC00510	Aeranorianlarkion510	story	V1	B15	map seller	Wren-Ash	last open gate	Xethrolund source orbit	90	77	averaged_background_story_orbit_aesthetic_origin_distance	pending_art_reference
WC00511	Aerfiracoriaaelavel511	recurring-background	V1	B16	cellar cook	Thorn-Vayne	diamond breakland	Rylos source orbit	90	77	averaged_background_story_orbit_aesthetic_origin_distance	pending_art_reference
WC00512	Ashaavelgroveaen512	deep-background	V1	B17	triage helper	Marso-len	black-heart ridge	Kyreal source orbit	90	77	averaged_background_story_orbit_aesthetic_origin_distance	pending_art_reference
WC00513	Aerfiraianaelaria513	support	V1	B18	faction runner	Rolzen-line	ash river	Thessa source orbit	90	77	averaged_background_story_orbit_aesthetic_origin_distance	pending_art_reference
WC00514	Aeranororchardiel514	background	V1	B19	wolf-road scout	Kyreal-pack	morrow market	Kael source orbit	90	77	averaged_background_story_orbit_aesthetic_origin_distance	pending_art_reference
WC00515	Aerindrafendion515	story	V1	B20	glyph apprentice	Xethrolund-glyph	root vale	Pael source orbit	90	77	averaged_background_story_orbit_aesthetic_origin_distance	pending_art_reference
WC00516	Ashagaleniven516	recurring-background	V1	B21	corridor child	Pip-no-path	ripper tunnel	Soth source orbit	90	77	averaged_background_story_orbit_aesthetic_origin_distance	pending_art_reference
WC00517	Aerdalencoriaaen517	deep-background	V1	B22	field healer	Mack-ground	cello field	Vellin source orbit	90	77	averaged_background_story_orbit_aesthetic_origin_distance	pending_art_reference
WC00518	Ashagalendalenaen518	support	V1	B23	cavern farmer	Dervish-glass	blue-light road	Corrath source orbit	90	77	averaged_background_story_orbit_aesthetic_origin_distance	pending_art_reference
WC00519	Ashaavelanorion519	background	V1	B24	garden watcher	Vayne	xeth glyph yard	Dervish source orbit	90	77	averaged_background_story_orbit_aesthetic_origin_distance	pending_art_reference
WC00520	Aermaelorael520	story	V1	B25	stone archivist	Null-Heart	stone fen	Pip source orbit	90	77	averaged_background_story_orbit_aesthetic_origin_distance	pending_art_reference
WC00521	Ashaelionindraael521	recurring-background	V1	B26	orchard guard	Iron-Song	pocket sanctuary	Rolzen source orbit	90	77	averaged_background_story_orbit_aesthetic_origin_distance	pending_art_reference
WC00522	Aermaeloremberen522	deep-background	V1	B27	sonomancy listener	Wren-Ash	glass orchard	Xethrolund source orbit	90	77	averaged_background_story_orbit_aesthetic_origin_distance	pending_art_reference
WC00523	Ashagalenfiraael523	support	V1	B28	tunnel witness	Thorn-Vayne	neith edge	Rylos source orbit	90	77	averaged_background_story_orbit_aesthetic_origin_distance	pending_art_reference
WC00524	Aerdalenianendaren524	background	V1	B29	threshold mason	Marso-len	willow-stone county	Kyreal source orbit	90	77	averaged_background_story_orbit_aesthetic_origin_distance	pending_art_reference
WC00525	Aeranoramarfenael525	story	V1	B30	bookbinder	Rolzen-line	last open gate	Thessa source orbit	90	77	averaged_background_story_orbit_aesthetic_origin_distance	pending_art_reference
WC00526	Aerdalenianaelaen526	recurring-background	V1	B31	bridge keeper	Kyreal-pack	diamond breakland	Kael source orbit	90	77	averaged_background_story_orbit_aesthetic_origin_distance	pending_art_reference
WC00527	Ashagalenaria527	deep-background	V1	B32	market singer	Xethrolund-glyph	black-heart ridge	Pael source orbit	90	77	averaged_background_story_orbit_aesthetic_origin_distance	pending_art_reference
WC00528	Aerfiracoriaael528	support	V1	B33	glass forge worker	Pip-no-path	ash river	Soth source orbit	90	77	averaged_background_story_orbit_aesthetic_origin_distance	pending_art_reference
WC00529	Aeranorianivyel529	background	V1	B01	ripper survivor	Mack-ground	morrow market	Vellin source orbit	90	77	averaged_background_story_orbit_aesthetic_origin_distance	pending_art_reference
WC00530	Aermaelorriveriel530	story	V1	B02	map seller	Dervish-glass	root vale	Corrath source orbit	90	77	averaged_background_story_orbit_aesthetic_origin_distance	pending_art_reference
WC00531	Ashaavelaria531	recurring-background	V1	B03	cellar cook	Vayne	ripper tunnel	Dervish source orbit	90	77	averaged_background_story_orbit_aesthetic_origin_distance	pending_art_reference
WC00532	Aeranorianendararel532	deep-background	V1	B04	triage helper	Null-Heart	cello field	Pip source orbit	90	77	averaged_background_story_orbit_aesthetic_origin_distance	pending_art_reference
WC00533	Aerdalenhollowdion533	support	V1	B05	faction runner	Iron-Song	blue-light road	Rolzen source orbit	90	77	averaged_background_story_orbit_aesthetic_origin_distance	pending_art_reference
WC00534	Aerdalenevaraiven534	background	V1	B06	wolf-road scout	Wren-Ash	xeth glyph yard	Xethrolund source orbit	90	77	averaged_background_story_orbit_aesthetic_origin_distance	pending_art_reference
WC00535	Aerdalenamararia535	story	V1	B07	glyph apprentice	Thorn-Vayne	stone fen	Rylos source orbit	90	77	averaged_background_story_orbit_aesthetic_origin_distance	pending_art_reference
WC00536	Aerdalencoriaen536	recurring-background	V1	B08	corridor child	Marso-len	pocket sanctuary	Kyreal source orbit	90	77	averaged_background_story_orbit_aesthetic_origin_distance	pending_art_reference
WC00537	Aeranorluthaelelle537	deep-background	V1	B09	field healer	Rolzen-line	glass orchard	Thessa source orbit	90	77	averaged_background_story_orbit_aesthetic_origin_distance	pending_art_reference
WC00538	Aerindraevarael538	support	V1	B10	cavern farmer	Kyreal-pack	neith edge	Kael source orbit	90	77	averaged_background_story_orbit_aesthetic_origin_distance	pending_art_reference
WC00539	Aeranorcairnel539	background	V1	B11	garden watcher	Xethrolund-glyph	willow-stone county	Pael source orbit	90	77	averaged_background_story_orbit_aesthetic_origin_distance	pending_art_reference
WC00540	Ashaelionaria540	story	V1	B12	stone archivist	Pip-no-path	last open gate	Soth source orbit	90	77	averaged_background_story_orbit_aesthetic_origin_distance	pending_art_reference
WC00541	Aeranorianendarelle541	recurring-background	V1	B13	orchard guard	Mack-ground	diamond breakland	Vellin source orbit	90	77	averaged_background_story_orbit_aesthetic_origin_distance	pending_art_reference
WC00542	Aermaelorcoriaaelel542	deep-background	V1	B14	sonomancy listener	Dervish-glass	black-heart ridge	Corrath source orbit	90	77	averaged_background_story_orbit_aesthetic_origin_distance	pending_art_reference
WC00543	Caelevarakelandria543	support	V1	B15	tunnel witness	Vayne	ash river	Dervish source orbit	90	77	averaged_background_story_orbit_aesthetic_origin_distance	pending_art_reference
WC00544	Aerdalencrownael544	background	V1	B16	threshold mason	Null-Heart	morrow market	Pip source orbit	90	77	averaged_background_story_orbit_aesthetic_origin_distance	pending_art_reference
WC00545	Aeranoramarbrinen545	story	V1	B17	bookbinder	Iron-Song	root vale	Rolzen source orbit	90	77	averaged_background_story_orbit_aesthetic_origin_distance	pending_art_reference
WC00546	Aerfiragroveelle546	recurring-background	V1	B18	bridge keeper	Wren-Ash	ripper tunnel	Xethrolund source orbit	90	77	averaged_background_story_orbit_aesthetic_origin_distance	pending_art_reference
WC00547	Aeranoramarlarkarel547	deep-background	V1	B19	market singer	Thorn-Vayne	cello field	Rylos source orbit	90	77	averaged_background_story_orbit_aesthetic_origin_distance	pending_art_reference
WC00548	Aerdalenianaeliel548	support	V1	B20	glass forge worker	Marso-len	blue-light road	Kyreal source orbit	90	77	averaged_background_story_orbit_aesthetic_origin_distance	pending_art_reference
WC00549	Aerindraluthion549	background	V1	B21	ripper survivor	Rolzen-line	xeth glyph yard	Thessa source orbit	90	77	averaged_background_story_orbit_aesthetic_origin_distance	pending_art_reference
WC00550	Aerfiraevarael550	story	V1	B22	map seller	Kyreal-pack	stone fen	Kael source orbit	90	77	averaged_background_story_orbit_aesthetic_origin_distance	pending_art_reference
WC00551	Aerdalenianashavel551	recurring-background	V1	B23	cellar cook	Xethrolund-glyph	pocket sanctuary	Pael source orbit	90	77	averaged_background_story_orbit_aesthetic_origin_distance	pending_art_reference
WC00552	Aeranorluthion552	deep-background	V1	B24	triage helper	Pip-no-path	glass orchard	Soth source orbit	90	77	averaged_background_story_orbit_aesthetic_origin_distance	pending_art_reference
WC00553	Aeranorianaria553	support	V1	B25	faction runner	Mack-ground	neith edge	Vellin source orbit	90	77	averaged_background_story_orbit_aesthetic_origin_distance	pending_art_reference
WC00554	Aerindraianel554	background	V1	B26	wolf-road scout	Dervish-glass	willow-stone county	Corrath source orbit	90	77	averaged_background_story_orbit_aesthetic_origin_distance	pending_art_reference
WC00555	Aerfiraluthglassel555	story	V1	B27	glyph apprentice	Vayne	last open gate	Dervish source orbit	90	77	averaged_background_story_orbit_aesthetic_origin_distance	pending_art_reference
WC00556	Aerdalencoriaiven556	recurring-background	V1	B28	corridor child	Null-Heart	diamond breakland	Pip source orbit	90	77	averaged_background_story_orbit_aesthetic_origin_distance	pending_art_reference
WC00557	Aerdalenianhalorael557	deep-background	V1	B29	field healer	Iron-Song	black-heart ridge	Rolzen source orbit	90	77	averaged_background_story_orbit_aesthetic_origin_distance	pending_art_reference
WC00558	Aerdalenmarrowaen558	support	V1	B30	cavern farmer	Wren-Ash	ash river	Xethrolund source orbit	90	77	averaged_background_story_orbit_aesthetic_origin_distance	pending_art_reference
WC00559	Aerdalenevaraiel559	background	V1	B31	garden watcher	Thorn-Vayne	morrow market	Rylos source orbit	90	77	averaged_background_story_orbit_aesthetic_origin_distance	pending_art_reference
WC00560	Aerdalenamaraen560	story	V1	B32	stone archivist	Marso-len	root vale	Kyreal source orbit	90	77	averaged_background_story_orbit_aesthetic_origin_distance	pending_art_reference
WC00561	Aerdalenluthbrinael561	recurring-background	V1	B33	orchard guard	Rolzen-line	ripper tunnel	Thessa source orbit	90	77	averaged_background_story_orbit_aesthetic_origin_distance	pending_art_reference
WC00562	Aerdalenglassavel562	deep-background	V1	B01	sonomancy listener	Kyreal-pack	cello field	Kael source orbit	90	77	averaged_background_story_orbit_aesthetic_origin_distance	pending_art_reference
WC00563	Ashaelionanoriel563	support	V1	B02	tunnel witness	Xethrolund-glyph	blue-light road	Pael source orbit	90	77	averaged_background_story_orbit_aesthetic_origin_distance	pending_art_reference
WC00564	Aeranorcoriabellel564	background	V1	B03	threshold mason	Pip-no-path	xeth glyph yard	Soth source orbit	90	77	averaged_background_story_orbit_aesthetic_origin_distance	pending_art_reference
WC00565	Aerindraarel565	story	V1	B04	bookbinder	Mack-ground	stone fen	Vellin source orbit	90	77	averaged_background_story_orbit_aesthetic_origin_distance	pending_art_reference
WC00566	Aerindracairnion566	recurring-background	V1	B05	bridge keeper	Dervish-glass	pocket sanctuary	Corrath source orbit	90	77	averaged_background_story_orbit_aesthetic_origin_distance	pending_art_reference
WC00567	Ashagalenindradria567	deep-background	V1	B06	market singer	Vayne	glass orchard	Dervish source orbit	90	77	averaged_background_story_orbit_aesthetic_origin_distance	pending_art_reference
WC00568	Aeranorcoriahalorel568	support	V1	B07	glass forge worker	Null-Heart	neith edge	Pip source orbit	90	77	averaged_background_story_orbit_aesthetic_origin_distance	pending_art_reference
WC00569	Aerdalenlutharel569	background	V1	B08	ripper survivor	Iron-Song	willow-stone county	Rolzen source orbit	90	77	averaged_background_story_orbit_aesthetic_origin_distance	pending_art_reference
WC00570	Ashagalenhollowdion570	story	V1	B09	map seller	Wren-Ash	last open gate	Xethrolund source orbit	90	77	averaged_background_story_orbit_aesthetic_origin_distance	pending_art_reference
WC00571	Aermaelorquartzaria571	recurring-background	V1	B10	cellar cook	Thorn-Vayne	diamond breakland	Rylos source orbit	90	77	averaged_background_story_orbit_aesthetic_origin_distance	pending_art_reference
WC00572	Ashanaraindraaen572	deep-background	V1	B11	triage helper	Marso-len	black-heart ridge	Kyreal source orbit	90	77	averaged_background_story_orbit_aesthetic_origin_distance	pending_art_reference
WC00573	Ashaaveldria573	support	V1	B12	faction runner	Rolzen-line	ash river	Thessa source orbit	90	77	averaged_background_story_orbit_aesthetic_origin_distance	pending_art_reference
WC00574	Aerindraamardion574	background	V1	B13	wolf-road scout	Kyreal-pack	morrow market	Kael source orbit	90	77	averaged_background_story_orbit_aesthetic_origin_distance	pending_art_reference
WC00575	Aeranorevaraaelarel575	story	V1	B14	glyph apprentice	Xethrolund-glyph	root vale	Pael source orbit	90	77	averaged_background_story_orbit_aesthetic_origin_distance	pending_art_reference
WC00576	Aerindraamaraelel576	recurring-background	V1	B15	corridor child	Pip-no-path	ripper tunnel	Soth source orbit	90	77	averaged_background_story_orbit_aesthetic_origin_distance	pending_art_reference
WC00577	Aerindracoriaaelion577	deep-background	V1	B16	field healer	Mack-ground	cello field	Vellin source orbit	90	77	averaged_background_story_orbit_aesthetic_origin_distance	pending_art_reference
WC00578	Aerdalenianiel578	support	V1	B17	cavern farmer	Dervish-glass	blue-light road	Corrath source orbit	90	77	averaged_background_story_orbit_aesthetic_origin_distance	pending_art_reference
WC00579	Aerfiraamarendariel579	background	V1	B18	garden watcher	Vayne	xeth glyph yard	Dervish source orbit	90	77	averaged_background_story_orbit_aesthetic_origin_distance	pending_art_reference
WC00580	Ashaavelcinderael580	story	V1	B19	stone archivist	Null-Heart	stone fen	Pip source orbit	90	77	averaged_background_story_orbit_aesthetic_origin_distance	pending_art_reference
WC00581	Aeranorevarabriniel581	recurring-background	V1	B20	orchard guard	Iron-Song	pocket sanctuary	Rolzen source orbit	90	77	averaged_background_story_orbit_aesthetic_origin_distance	pending_art_reference
WC00582	Ashaelionmaelorion582	deep-background	V1	B21	sonomancy listener	Wren-Ash	glass orchard	Xethrolund source orbit	90	77	averaged_background_story_orbit_aesthetic_origin_distance	pending_art_reference
WC00583	Aerindramarrowiven583	support	V1	B22	tunnel witness	Thorn-Vayne	neith edge	Rylos source orbit	90	77	averaged_background_story_orbit_aesthetic_origin_distance	pending_art_reference
WC00584	Aerindraluthivydria584	background	V1	B23	threshold mason	Marso-len	willow-stone county	Kyreal source orbit	90	77	averaged_background_story_orbit_aesthetic_origin_distance	pending_art_reference
WC00585	Aeranorcinderavel585	story	V1	B24	bookbinder	Rolzen-line	last open gate	Thessa source orbit	90	77	averaged_background_story_orbit_aesthetic_origin_distance	pending_art_reference
WC00586	Aerfiraianemberavel586	recurring-background	V1	B25	bridge keeper	Kyreal-pack	diamond breakland	Kael source orbit	90	77	averaged_background_story_orbit_aesthetic_origin_distance	pending_art_reference
WC00587	Aerfiraluthbrindria587	deep-background	V1	B26	market singer	Xethrolund-glyph	black-heart ridge	Pael source orbit	90	77	averaged_background_story_orbit_aesthetic_origin_distance	pending_art_reference
WC00588	Ashaelionfiraarel588	support	V1	B27	glass forge worker	Pip-no-path	ash river	Soth source orbit	90	77	averaged_background_story_orbit_aesthetic_origin_distance	pending_art_reference
WC00589	Aeranorcairnaen589	background	V1	B28	ripper survivor	Mack-ground	morrow market	Vellin source orbit	90	77	averaged_background_story_orbit_aesthetic_origin_distance	pending_art_reference
WC00590	Aerfiraevaradion590	story	V1	B29	map seller	Dervish-glass	root vale	Corrath source orbit	90	77	averaged_background_story_orbit_aesthetic_origin_distance	pending_art_reference
WC00591	Ashaavelmireavel591	recurring-background	V1	B30	cellar cook	Vayne	ripper tunnel	Dervish source orbit	90	77	averaged_background_story_orbit_aesthetic_origin_distance	pending_art_reference
WC00592	Aerindraluthaeldria592	deep-background	V1	B31	triage helper	Null-Heart	cello field	Pip source orbit	90	77	averaged_background_story_orbit_aesthetic_origin_distance	pending_art_reference
WC00593	Ashagalenel593	support	V1	B32	faction runner	Iron-Song	blue-light road	Rolzen source orbit	90	77	averaged_background_story_orbit_aesthetic_origin_distance	pending_art_reference
WC00594	Aerindracoriadria594	background	V1	B33	wolf-road scout	Wren-Ash	xeth glyph yard	Xethrolund source orbit	90	77	averaged_background_story_orbit_aesthetic_origin_distance	pending_art_reference
WC00595	Aeranorbrookel595	story	V1	B01	glyph apprentice	Thorn-Vayne	stone fen	Rylos source orbit	90	77	averaged_background_story_orbit_aesthetic_origin_distance	pending_art_reference
WC00596	Ashaelionmaelorael596	recurring-background	V1	B02	corridor child	Marso-len	pocket sanctuary	Kyreal source orbit	90	77	averaged_background_story_orbit_aesthetic_origin_distance	pending_art_reference
WC00597	Aerfiraashiven597	deep-background	V1	B03	field healer	Rolzen-line	glass orchard	Thessa source orbit	90	77	averaged_background_story_orbit_aesthetic_origin_distance	pending_art_reference
WC00598	Aerindraluthel598	support	V1	B04	cavern farmer	Kyreal-pack	neith edge	Kael source orbit	90	77	averaged_background_story_orbit_aesthetic_origin_distance	pending_art_reference
WC00599	Aerfirariverel599	background	V1	B05	garden watcher	Xethrolund-glyph	willow-stone county	Pael source orbit	90	77	averaged_background_story_orbit_aesthetic_origin_distance	pending_art_reference
WC00600	Aeranorianbrinen600	story	V1	B06	stone archivist	Pip-no-path	last open gate	Soth source orbit	90	77	averaged_background_story_orbit_aesthetic_origin_distance	pending_art_reference
WC00601	Caelamaren601	recurring-background	V1	B07	orchard guard	Mack-ground	diamond breakland	Vellin source orbit	90	77	averaged_background_story_orbit_aesthetic_origin_distance	pending_art_reference
WC00602	Ashagalenen602	deep-background	V1	B08	sonomancy listener	Dervish-glass	black-heart ridge	Corrath source orbit	90	77	averaged_background_story_orbit_aesthetic_origin_distance	pending_art_reference
WC00603	Aeranorevaraiel603	support	V1	B09	tunnel witness	Vayne	ash river	Dervish source orbit	90	77	averaged_background_story_orbit_aesthetic_origin_distance	pending_art_reference
WC00604	Aerfiralutharia604	background	V1	B10	threshold mason	Null-Heart	morrow market	Pip source orbit	90	77	averaged_background_story_orbit_aesthetic_origin_distance	pending_art_reference
WC00605	Ashaelionanoraen605	story	V1	B11	bookbinder	Iron-Song	root vale	Rolzen source orbit	90	77	averaged_background_story_orbit_aesthetic_origin_distance	pending_art_reference
WC00606	Brenaelcinderion606	recurring-background	V1	B12	bridge keeper	Wren-Ash	ripper tunnel	Xethrolund source orbit	90	77	averaged_background_story_orbit_aesthetic_origin_distance	pending_art_reference
WC00607	Caelamarlarkdria607	deep-background	V1	B13	market singer	Thorn-Vayne	cello field	Rylos source orbit	90	77	averaged_background_story_orbit_aesthetic_origin_distance	pending_art_reference
WC00608	Aeranorevaraiven608	support	V1	B14	glass forge worker	Marso-len	blue-light road	Kyreal source orbit	90	77	averaged_background_story_orbit_aesthetic_origin_distance	pending_art_reference
WC00609	Aeranorcoriafenaen609	background	V1	B15	ripper survivor	Rolzen-line	xeth glyph yard	Thessa source orbit	90	77	averaged_background_story_orbit_aesthetic_origin_distance	pending_art_reference
WC00610	Ashaelionivyiven610	story	V1	B16	map seller	Kyreal-pack	stone fen	Kael source orbit	90	77	averaged_background_story_orbit_aesthetic_origin_distance	pending_art_reference
WC00611	Aerindracoriaion611	recurring-background	V1	B17	cellar cook	Xethrolund-glyph	pocket sanctuary	Pael source orbit	90	77	averaged_background_story_orbit_aesthetic_origin_distance	pending_art_reference
WC00612	Aeranorbrookion612	deep-background	V1	B18	triage helper	Pip-no-path	glass orchard	Soth source orbit	90	77	averaged_background_story_orbit_aesthetic_origin_distance	pending_art_reference
WC00613	Ashagalenanoren613	support	V1	B19	faction runner	Mack-ground	neith edge	Vellin source orbit	90	77	averaged_background_story_orbit_aesthetic_origin_distance	pending_art_reference
WC00614	Ashaavelindraiven614	background	V1	B20	wolf-road scout	Dervish-glass	willow-stone county	Corrath source orbit	90	77	averaged_background_story_orbit_aesthetic_origin_distance	pending_art_reference
WC00615	Aeranorianaelael615	story	V1	B21	glyph apprentice	Vayne	last open gate	Dervish source orbit	90	77	averaged_background_story_orbit_aesthetic_origin_distance	pending_art_reference
WC00616	Aerfiraianendariel616	recurring-background	V1	B22	corridor child	Null-Heart	diamond breakland	Pip source orbit	90	77	averaged_background_story_orbit_aesthetic_origin_distance	pending_art_reference
WC00617	Aeranorevaraaelaria617	deep-background	V1	B23	field healer	Iron-Song	black-heart ridge	Rolzen source orbit	90	77	averaged_background_story_orbit_aesthetic_origin_distance	pending_art_reference
WC00618	Aerindraianendarael618	support	V1	B24	cavern farmer	Wren-Ash	ash river	Xethrolund source orbit	90	77	averaged_background_story_orbit_aesthetic_origin_distance	pending_art_reference
WC00619	Aerfiraevarabrinen619	background	V1	B25	garden watcher	Thorn-Vayne	morrow market	Rylos source orbit	90	77	averaged_background_story_orbit_aesthetic_origin_distance	pending_art_reference
WC00620	Aeranorcoriaashion620	story	V1	B26	stone archivist	Marso-len	root vale	Kyreal source orbit	90	77	averaged_background_story_orbit_aesthetic_origin_distance	pending_art_reference
WC00621	Aerindraevaraaelel621	recurring-background	V1	B27	orchard guard	Rolzen-line	ripper tunnel	Thessa source orbit	90	77	averaged_background_story_orbit_aesthetic_origin_distance	pending_art_reference
WC00622	Aeranorianendararia622	deep-background	V1	B28	sonomancy listener	Kyreal-pack	cello field	Kael source orbit	90	77	averaged_background_story_orbit_aesthetic_origin_distance	pending_art_reference
WC00623	Ashaavelindraiel623	support	V1	B29	tunnel witness	Xethrolund-glyph	blue-light road	Pael source orbit	90	77	averaged_background_story_orbit_aesthetic_origin_distance	pending_art_reference
WC00624	Brenbrinnaradria624	background	V1	B30	threshold mason	Pip-no-path	xeth glyph yard	Soth source orbit	90	77	averaged_background_story_orbit_aesthetic_origin_distance	pending_art_reference
WC00625	Aeranoriankelanavel625	story	V1	B31	bookbinder	Mack-ground	stone fen	Vellin source orbit	90	77	averaged_background_story_orbit_aesthetic_origin_distance	pending_art_reference
WC00626	Aerindraluthael626	recurring-background	V1	B32	bridge keeper	Dervish-glass	pocket sanctuary	Corrath source orbit	90	77	averaged_background_story_orbit_aesthetic_origin_distance	pending_art_reference
WC00627	Aeranormarrowael627	deep-background	V1	B33	market singer	Vayne	glass orchard	Dervish source orbit	90	77	averaged_background_story_orbit_aesthetic_origin_distance	pending_art_reference
WC00628	Aeranorluthhalorel628	support	V1	B01	glass forge worker	Null-Heart	neith edge	Pip source orbit	90	77	averaged_background_story_orbit_aesthetic_origin_distance	pending_art_reference
WC00629	Aerfiraiankelanelle629	background	V1	B02	ripper survivor	Iron-Song	willow-stone county	Rolzen source orbit	90	77	averaged_background_story_orbit_aesthetic_origin_distance	pending_art_reference
WC00630	Aerfiraevaraaelion630	story	V1	B03	map seller	Wren-Ash	last open gate	Xethrolund source orbit	90	77	averaged_background_story_orbit_aesthetic_origin_distance	pending_art_reference
WC00631	Aeranormarrowel631	recurring-background	V1	B04	cellar cook	Thorn-Vayne	diamond breakland	Rylos source orbit	90	77	averaged_background_story_orbit_aesthetic_origin_distance	pending_art_reference
WC00632	Aeranorhollowelle632	deep-background	V1	B05	triage helper	Marso-len	black-heart ridge	Kyreal source orbit	90	77	averaged_background_story_orbit_aesthetic_origin_distance	pending_art_reference
WC00633	Aerfiraluthkelanael633	support	V1	B06	faction runner	Rolzen-line	ash river	Thessa source orbit	90	77	averaged_background_story_orbit_aesthetic_origin_distance	pending_art_reference
WC00634	Ashaelionivyavel634	background	V1	B07	wolf-road scout	Kyreal-pack	morrow market	Kael source orbit	90	77	averaged_background_story_orbit_aesthetic_origin_distance	pending_art_reference
WC00635	Brenhalornaraion635	story	V1	B08	glyph apprentice	Xethrolund-glyph	root vale	Pael source orbit	90	77	averaged_background_story_orbit_aesthetic_origin_distance	pending_art_reference
WC00636	Aeranorcoriaglassel636	recurring-background	V1	B09	corridor child	Pip-no-path	ripper tunnel	Soth source orbit	90	77	averaged_background_story_orbit_aesthetic_origin_distance	pending_art_reference
WC00637	Ashanaraindraelle637	deep-background	V1	B10	field healer	Mack-ground	cello field	Vellin source orbit	90	77	averaged_background_story_orbit_aesthetic_origin_distance	pending_art_reference
WC00638	Aeranorluthmossen638	support	V1	B11	cavern farmer	Dervish-glass	blue-light road	Corrath source orbit	90	77	averaged_background_story_orbit_aesthetic_origin_distance	pending_art_reference
WC00639	Aermaelorquartzarel639	background	V1	B12	garden watcher	Vayne	xeth glyph yard	Dervish source orbit	90	77	averaged_background_story_orbit_aesthetic_origin_distance	pending_art_reference
WC00640	Aerdalenluthaeliel640	story	V1	B13	stone archivist	Null-Heart	stone fen	Pip source orbit	90	77	averaged_background_story_orbit_aesthetic_origin_distance	pending_art_reference
WC00641	Aerdalenamarashdion641	recurring-background	V1	B14	orchard guard	Iron-Song	pocket sanctuary	Rolzen source orbit	90	77	averaged_background_story_orbit_aesthetic_origin_distance	pending_art_reference
WC00642	Aerfiraevarabriniel642	deep-background	V1	B15	sonomancy listener	Wren-Ash	glass orchard	Xethrolund source orbit	90	77	averaged_background_story_orbit_aesthetic_origin_distance	pending_art_reference
WC00643	Aeranorluthglassiel643	support	V1	B16	tunnel witness	Thorn-Vayne	neith edge	Rylos source orbit	90	77	averaged_background_story_orbit_aesthetic_origin_distance	pending_art_reference
WC00644	Aerdalenluthendaren644	background	V1	B17	threshold mason	Marso-len	willow-stone county	Kyreal source orbit	90	77	averaged_background_story_orbit_aesthetic_origin_distance	pending_art_reference
WC00645	Aeranorianbrinel645	story	V1	B18	bookbinder	Rolzen-line	last open gate	Thessa source orbit	90	77	averaged_background_story_orbit_aesthetic_origin_distance	pending_art_reference
WC00646	Aerfiraorchardel646	recurring-background	V1	B19	bridge keeper	Kyreal-pack	diamond breakland	Kael source orbit	90	77	averaged_background_story_orbit_aesthetic_origin_distance	pending_art_reference
WC00647	Aeranorcairndion647	deep-background	V1	B20	market singer	Xethrolund-glyph	black-heart ridge	Pael source orbit	90	77	averaged_background_story_orbit_aesthetic_origin_distance	pending_art_reference
WC00648	Aeranoramarbellavel648	support	V1	B21	glass forge worker	Pip-no-path	ash river	Soth source orbit	90	77	averaged_background_story_orbit_aesthetic_origin_distance	pending_art_reference
WC00649	Aeranoramarendarel649	background	V1	B22	ripper survivor	Mack-ground	morrow market	Vellin source orbit	90	77	averaged_background_story_orbit_aesthetic_origin_distance	pending_art_reference
WC00650	Aerfiraevaraivyen650	story	V1	B23	map seller	Dervish-glass	root vale	Corrath source orbit	90	77	averaged_background_story_orbit_aesthetic_origin_distance	pending_art_reference
WC00651	Aeranorluthiel651	recurring-background	V1	B24	cellar cook	Vayne	ripper tunnel	Dervish source orbit	90	77	averaged_background_story_orbit_aesthetic_origin_distance	pending_art_reference
WC00652	Aeranorglassiel652	deep-background	V1	B25	triage helper	Null-Heart	cello field	Pip source orbit	90	77	averaged_background_story_orbit_aesthetic_origin_distance	pending_art_reference
WC00653	Brenhalorelionaria653	support	V1	B26	faction runner	Iron-Song	blue-light road	Rolzen source orbit	90	77	averaged_background_story_orbit_aesthetic_origin_distance	pending_art_reference
WC00654	Ashaelionfenion654	background	V1	B27	wolf-road scout	Wren-Ash	xeth glyph yard	Xethrolund source orbit	90	77	averaged_background_story_orbit_aesthetic_origin_distance	pending_art_reference
WC00655	Aeranorquartzel655	story	V1	B28	glyph apprentice	Thorn-Vayne	stone fen	Rylos source orbit	90	77	averaged_background_story_orbit_aesthetic_origin_distance	pending_art_reference
WC00656	Ashaaveldalenamaren656	recurring-background	V1	B29	corridor child	Marso-len	pocket sanctuary	Kyreal source orbit	90	77	averaged_background_story_orbit_aesthetic_origin_distance	pending_art_reference
WC00657	Aerindracoriaarel657	deep-background	V1	B30	field healer	Rolzen-line	glass orchard	Thessa source orbit	90	77	averaged_background_story_orbit_aesthetic_origin_distance	pending_art_reference
WC00658	Ashaavelanoren658	support	V1	B31	cavern farmer	Kyreal-pack	neith edge	Kael source orbit	90	77	averaged_background_story_orbit_aesthetic_origin_distance	pending_art_reference
WC00659	Aeranorcoriaaelavel659	background	V1	B32	garden watcher	Xethrolund-glyph	willow-stone county	Pael source orbit	90	77	averaged_background_story_orbit_aesthetic_origin_distance	pending_art_reference
WC00660	Aermaelorevaradion660	story	V1	B33	stone archivist	Pip-no-path	last open gate	Soth source orbit	90	77	averaged_background_story_orbit_aesthetic_origin_distance	pending_art_reference
WC00661	Aerfiraianivydion661	recurring-background	V1	B01	orchard guard	Mack-ground	diamond breakland	Vellin source orbit	90	77	averaged_background_story_orbit_aesthetic_origin_distance	pending_art_reference
WC00662	Aerindracoriabrinel662	deep-background	V1	B02	sonomancy listener	Dervish-glass	black-heart ridge	Corrath source orbit	90	77	averaged_background_story_orbit_aesthetic_origin_distance	pending_art_reference
WC00663	Aeranorianelle663	support	V1	B03	tunnel witness	Vayne	ash river	Dervish source orbit	90	77	averaged_background_story_orbit_aesthetic_origin_distance	pending_art_reference
WC00664	Aerdalenorchardael664	background	V1	B04	threshold mason	Null-Heart	morrow market	Pip source orbit	90	77	averaged_background_story_orbit_aesthetic_origin_distance	pending_art_reference
WC00665	Aerdalenevaradion665	story	V1	B05	bookbinder	Iron-Song	root vale	Rolzen source orbit	90	77	averaged_background_story_orbit_aesthetic_origin_distance	pending_art_reference
WC00666	Aeranorluthaeldria666	recurring-background	V1	B06	bridge keeper	Wren-Ash	ripper tunnel	Xethrolund source orbit	90	77	averaged_background_story_orbit_aesthetic_origin_distance	pending_art_reference
WC00667	Ashanaraion667	deep-background	V1	B07	market singer	Thorn-Vayne	cello field	Rylos source orbit	90	77	averaged_background_story_orbit_aesthetic_origin_distance	pending_art_reference
WC00668	Aermaelorhollowarel668	support	V1	B08	glass forge worker	Marso-len	blue-light road	Kyreal source orbit	90	77	averaged_background_story_orbit_aesthetic_origin_distance	pending_art_reference
WC00669	Aeranorcinderael669	background	V1	B09	ripper survivor	Rolzen-line	xeth glyph yard	Thessa source orbit	90	77	averaged_background_story_orbit_aesthetic_origin_distance	pending_art_reference
WC00670	Aeranorluthkelanaen670	story	V1	B10	map seller	Kyreal-pack	stone fen	Kael source orbit	90	77	averaged_background_story_orbit_aesthetic_origin_distance	pending_art_reference
WC00671	Aeranorriverion671	recurring-background	V1	B11	cellar cook	Xethrolund-glyph	pocket sanctuary	Pael source orbit	90	77	averaged_background_story_orbit_aesthetic_origin_distance	pending_art_reference
WC00672	Aerindracoriaaelaen672	deep-background	V1	B12	triage helper	Pip-no-path	glass orchard	Soth source orbit	90	77	averaged_background_story_orbit_aesthetic_origin_distance	pending_art_reference
WC00673	Aerdalencoriaivyaen673	support	V1	B13	faction runner	Mack-ground	neith edge	Vellin source orbit	90	77	averaged_background_story_orbit_aesthetic_origin_distance	pending_art_reference
WC00674	Ashagalenmaeloren674	background	V1	B14	wolf-road scout	Dervish-glass	willow-stone county	Corrath source orbit	90	77	averaged_background_story_orbit_aesthetic_origin_distance	pending_art_reference
WC00675	Aerfiramarrowaen675	story	V1	B15	glyph apprentice	Vayne	last open gate	Dervish source orbit	90	77	averaged_background_story_orbit_aesthetic_origin_distance	pending_art_reference
WC00676	Ashaavelaen676	recurring-background	V1	B16	corridor child	Null-Heart	diamond breakland	Pip source orbit	90	77	averaged_background_story_orbit_aesthetic_origin_distance	pending_art_reference
WC00677	Aerdalenluthavel677	deep-background	V1	B17	field healer	Iron-Song	black-heart ridge	Rolzen source orbit	90	77	averaged_background_story_orbit_aesthetic_origin_distance	pending_art_reference
WC00678	Aermaelormarrowaen678	support	V1	B18	cavern farmer	Wren-Ash	ash river	Xethrolund source orbit	90	77	averaged_background_story_orbit_aesthetic_origin_distance	pending_art_reference
WC00679	Aerfiraianiel679	background	V1	B19	garden watcher	Thorn-Vayne	morrow market	Rylos source orbit	90	77	averaged_background_story_orbit_aesthetic_origin_distance	pending_art_reference
WC00680	Aerdalenfenaen680	story	V1	B20	stone archivist	Marso-len	root vale	Kyreal source orbit	90	77	averaged_background_story_orbit_aesthetic_origin_distance	pending_art_reference
WC00681	Ashaavellarkiel681	recurring-background	V1	B21	orchard guard	Rolzen-line	ripper tunnel	Thessa source orbit	90	77	averaged_background_story_orbit_aesthetic_origin_distance	pending_art_reference
WC00682	Ashanaradaleniel682	deep-background	V1	B22	sonomancy listener	Kyreal-pack	cello field	Kael source orbit	90	77	averaged_background_story_orbit_aesthetic_origin_distance	pending_art_reference
WC00683	Aeranoriankelanel683	support	V1	B23	tunnel witness	Xethrolund-glyph	blue-light road	Pael source orbit	90	77	averaged_background_story_orbit_aesthetic_origin_distance	pending_art_reference
WC00684	Aerindraluthlarkel684	background	V1	B24	threshold mason	Pip-no-path	xeth glyph yard	Soth source orbit	90	77	averaged_background_story_orbit_aesthetic_origin_distance	pending_art_reference
WC00685	Aerfiraamarashaen685	story	V1	B25	bookbinder	Mack-ground	stone fen	Vellin source orbit	90	77	averaged_background_story_orbit_aesthetic_origin_distance	pending_art_reference
WC00686	Aerfiraluthael686	recurring-background	V1	B26	bridge keeper	Dervish-glass	pocket sanctuary	Corrath source orbit	90	77	averaged_background_story_orbit_aesthetic_origin_distance	pending_art_reference
WC00687	Aerfiramarrowion687	deep-background	V1	B27	market singer	Vayne	glass orchard	Dervish source orbit	90	77	averaged_background_story_orbit_aesthetic_origin_distance	pending_art_reference
WC00688	Aerdalenbellaen688	support	V1	B28	glass forge worker	Null-Heart	neith edge	Pip source orbit	90	77	averaged_background_story_orbit_aesthetic_origin_distance	pending_art_reference
WC00689	Aerfiraevaraiven689	background	V1	B29	ripper survivor	Iron-Song	willow-stone county	Rolzen source orbit	90	77	averaged_background_story_orbit_aesthetic_origin_distance	pending_art_reference
WC00690	Aerindraevaraaen690	story	V1	B30	map seller	Wren-Ash	last open gate	Xethrolund source orbit	90	77	averaged_background_story_orbit_aesthetic_origin_distance	pending_art_reference
WC00691	Ashaelionindradria691	recurring-background	V1	B31	cellar cook	Thorn-Vayne	diamond breakland	Rylos source orbit	90	77	averaged_background_story_orbit_aesthetic_origin_distance	pending_art_reference
WC00692	Aerfiraamarhaloren692	deep-background	V1	B32	triage helper	Marso-len	black-heart ridge	Kyreal source orbit	90	77	averaged_background_story_orbit_aesthetic_origin_distance	pending_art_reference
WC00693	Aeranoramarfenion693	support	V1	B33	faction runner	Rolzen-line	ash river	Thessa source orbit	90	77	averaged_background_story_orbit_aesthetic_origin_distance	pending_art_reference
WC00694	Aeranorevaradion694	background	V1	B01	wolf-road scout	Kyreal-pack	morrow market	Kael source orbit	90	77	averaged_background_story_orbit_aesthetic_origin_distance	pending_art_reference
WC00695	Aeranorianbrinarel695	story	V1	B02	glyph apprentice	Xethrolund-glyph	root vale	Pael source orbit	90	77	averaged_background_story_orbit_aesthetic_origin_distance	pending_art_reference
WC00696	Aerfiraluthaelion696	recurring-background	V1	B03	corridor child	Pip-no-path	ripper tunnel	Soth source orbit	90	77	averaged_background_story_orbit_aesthetic_origin_distance	pending_art_reference
WC00697	Aerfiraevaraavel697	deep-background	V1	B04	field healer	Mack-ground	cello field	Vellin source orbit	90	77	averaged_background_story_orbit_aesthetic_origin_distance	pending_art_reference
WC00698	Ashaavelanoriandion698	support	V1	B05	cavern farmer	Dervish-glass	blue-light road	Corrath source orbit	90	77	averaged_background_story_orbit_aesthetic_origin_distance	pending_art_reference
WC00699	Aeranorianaelashaen699	background	V1	B06	garden watcher	Vayne	xeth glyph yard	Dervish source orbit	90	77	averaged_background_story_orbit_aesthetic_origin_distance	pending_art_reference
WC00700	Aerindraluthdria700	story	V1	B07	stone archivist	Null-Heart	stone fen	Pip source orbit	90	77	averaged_background_story_orbit_aesthetic_origin_distance	pending_art_reference
WC00701	Ashaavelfiraael701	recurring-background	V1	B08	orchard guard	Iron-Song	pocket sanctuary	Rolzen source orbit	90	77	averaged_background_story_orbit_aesthetic_origin_distance	pending_art_reference
WC00702	Aeranorgroveiven702	deep-background	V1	B09	sonomancy listener	Wren-Ash	glass orchard	Xethrolund source orbit	90	77	averaged_background_story_orbit_aesthetic_origin_distance	pending_art_reference
WC00703	Aerfiraluthaelelle703	support	V1	B10	tunnel witness	Thorn-Vayne	neith edge	Rylos source orbit	90	77	averaged_background_story_orbit_aesthetic_origin_distance	pending_art_reference
WC00704	Aeranorianmossen704	background	V1	B11	threshold mason	Marso-len	willow-stone county	Kyreal source orbit	90	77	averaged_background_story_orbit_aesthetic_origin_distance	pending_art_reference
WC00705	Ashaavelglassiel705	story	V1	B12	bookbinder	Rolzen-line	last open gate	Thessa source orbit	90	77	averaged_background_story_orbit_aesthetic_origin_distance	pending_art_reference
WC00706	Ashanaraiel706	recurring-background	V1	B13	bridge keeper	Kyreal-pack	diamond breakland	Kael source orbit	90	77	averaged_background_story_orbit_aesthetic_origin_distance	pending_art_reference
WC00707	Ashagalenemberaen707	deep-background	V1	B14	market singer	Xethrolund-glyph	black-heart ridge	Pael source orbit	90	77	averaged_background_story_orbit_aesthetic_origin_distance	pending_art_reference
WC00708	Ashaavelanordria708	support	V1	B15	glass forge worker	Pip-no-path	ash river	Soth source orbit	90	77	averaged_background_story_orbit_aesthetic_origin_distance	pending_art_reference
WC00709	Aeranorcairnavel709	background	V1	B16	ripper survivor	Mack-ground	morrow market	Vellin source orbit	90	77	averaged_background_story_orbit_aesthetic_origin_distance	pending_art_reference
WC00710	Aeranorluthdion710	story	V1	B17	map seller	Dervish-glass	root vale	Corrath source orbit	90	77	averaged_background_story_orbit_aesthetic_origin_distance	pending_art_reference
WC00711	Aerfiraevaraiel711	recurring-background	V1	B18	cellar cook	Vayne	ripper tunnel	Dervish source orbit	90	77	averaged_background_story_orbit_aesthetic_origin_distance	pending_art_reference
WC00712	Aeranoramarmarrowen712	deep-background	V1	B19	triage helper	Null-Heart	cello field	Pip source orbit	90	77	averaged_background_story_orbit_aesthetic_origin_distance	pending_art_reference
WC00713	Ashagalenquartzaen713	support	V1	B20	faction runner	Iron-Song	blue-light road	Rolzen source orbit	90	77	averaged_background_story_orbit_aesthetic_origin_distance	pending_art_reference
WC00714	Ashaavelcairnion714	background	V1	B21	wolf-road scout	Wren-Ash	xeth glyph yard	Xethrolund source orbit	90	77	averaged_background_story_orbit_aesthetic_origin_distance	pending_art_reference
WC00715	Aerindraquartzel715	story	V1	B22	glyph apprentice	Thorn-Vayne	stone fen	Rylos source orbit	90	77	averaged_background_story_orbit_aesthetic_origin_distance	pending_art_reference
WC00716	Brenkelandion716	recurring-background	V1	B23	corridor child	Marso-len	pocket sanctuary	Kyreal source orbit	90	77	averaged_background_story_orbit_aesthetic_origin_distance	pending_art_reference
WC00717	Aerindracoriaen717	deep-background	V1	B24	field healer	Rolzen-line	glass orchard	Thessa source orbit	90	77	averaged_background_story_orbit_aesthetic_origin_distance	pending_art_reference
WC00718	Aerindraevaraion718	support	V1	B25	cavern farmer	Kyreal-pack	neith edge	Kael source orbit	90	77	averaged_background_story_orbit_aesthetic_origin_distance	pending_art_reference
WC00719	Ashaelionanoren719	background	V1	B26	garden watcher	Xethrolund-glyph	willow-stone county	Pael source orbit	90	77	averaged_background_story_orbit_aesthetic_origin_distance	pending_art_reference
WC00720	Brenaelarel720	story	V1	B27	stone archivist	Pip-no-path	last open gate	Soth source orbit	90	77	averaged_background_story_orbit_aesthetic_origin_distance	pending_art_reference
WC00721	Aeranorriveriven721	recurring-background	V1	B28	orchard guard	Mack-ground	diamond breakland	Vellin source orbit	90	77	averaged_background_story_orbit_aesthetic_origin_distance	pending_art_reference
WC00722	Aeranorhollowavel722	deep-background	V1	B29	sonomancy listener	Dervish-glass	black-heart ridge	Corrath source orbit	90	77	averaged_background_story_orbit_aesthetic_origin_distance	pending_art_reference
WC00723	Aeranoramarbellen723	support	V1	B30	tunnel witness	Vayne	ash river	Dervish source orbit	90	77	averaged_background_story_orbit_aesthetic_origin_distance	pending_art_reference
WC00724	Ashaavelasharel724	background	V1	B31	threshold mason	Null-Heart	morrow market	Pip source orbit	90	77	averaged_background_story_orbit_aesthetic_origin_distance	pending_art_reference
WC00725	Aeranorriveriel725	story	V1	B32	bookbinder	Iron-Song	root vale	Rolzen source orbit	90	77	averaged_background_story_orbit_aesthetic_origin_distance	pending_art_reference
WC00726	Aerdalenbrookdion726	recurring-background	V1	B33	bridge keeper	Wren-Ash	ripper tunnel	Xethrolund source orbit	90	77	averaged_background_story_orbit_aesthetic_origin_distance	pending_art_reference
WC00727	Aerindragroveiel727	deep-background	V1	B01	market singer	Thorn-Vayne	cello field	Rylos source orbit	90	77	averaged_background_story_orbit_aesthetic_origin_distance	pending_art_reference
WC00728	Aeranorcoriabriniel728	support	V1	B02	glass forge worker	Marso-len	blue-light road	Kyreal source orbit	90	77	averaged_background_story_orbit_aesthetic_origin_distance	pending_art_reference
WC00729	Aerindraivyael729	background	V1	B03	ripper survivor	Rolzen-line	xeth glyph yard	Thessa source orbit	90	77	averaged_background_story_orbit_aesthetic_origin_distance	pending_art_reference
WC00730	Aerdalencrownaria730	story	V1	B04	map seller	Kyreal-pack	stone fen	Kael source orbit	90	77	averaged_background_story_orbit_aesthetic_origin_distance	pending_art_reference
WC00731	Caelamarmossavel731	recurring-background	V1	B05	cellar cook	Xethrolund-glyph	pocket sanctuary	Pael source orbit	90	77	averaged_background_story_orbit_aesthetic_origin_distance	pending_art_reference
WC00732	Aeranoramarion732	deep-background	V1	B06	triage helper	Pip-no-path	glass orchard	Soth source orbit	90	77	averaged_background_story_orbit_aesthetic_origin_distance	pending_art_reference
WC00733	Ashajoraanorianael733	support	V1	B07	faction runner	Mack-ground	neith edge	Vellin source orbit	90	77	averaged_background_story_orbit_aesthetic_origin_distance	pending_art_reference
WC00734	Aeranorevaraaelavel734	background	V1	B08	wolf-road scout	Dervish-glass	willow-stone county	Corrath source orbit	90	77	averaged_background_story_orbit_aesthetic_origin_distance	pending_art_reference
WC00735	Ashajoradalenelle735	story	V1	B09	glyph apprentice	Vayne	last open gate	Dervish source orbit	90	77	averaged_background_story_orbit_aesthetic_origin_distance	pending_art_reference
WC00736	Ashagalenindrael736	recurring-background	V1	B10	corridor child	Null-Heart	diamond breakland	Pip source orbit	90	77	averaged_background_story_orbit_aesthetic_origin_distance	pending_art_reference
WC00737	Ashaavelanordion737	deep-background	V1	B11	field healer	Iron-Song	black-heart ridge	Rolzen source orbit	90	77	averaged_background_story_orbit_aesthetic_origin_distance	pending_art_reference
WC00738	Brenaelasharel738	support	V1	B12	cavern farmer	Wren-Ash	ash river	Xethrolund source orbit	90	77	averaged_background_story_orbit_aesthetic_origin_distance	pending_art_reference
WC00739	Aerdalenevaraelle739	background	V1	B13	garden watcher	Thorn-Vayne	morrow market	Rylos source orbit	90	77	averaged_background_story_orbit_aesthetic_origin_distance	pending_art_reference
WC00740	Ashaelionarel740	story	V1	B14	stone archivist	Marso-len	root vale	Kyreal source orbit	90	77	averaged_background_story_orbit_aesthetic_origin_distance	pending_art_reference
WC00741	Aeranoramarbrinion741	recurring-background	V1	B15	orchard guard	Rolzen-line	ripper tunnel	Thessa source orbit	90	77	averaged_background_story_orbit_aesthetic_origin_distance	pending_art_reference
WC00742	Aerfiraluthaen742	deep-background	V1	B16	sonomancy listener	Kyreal-pack	cello field	Kael source orbit	90	77	averaged_background_story_orbit_aesthetic_origin_distance	pending_art_reference
WC00743	Aerfiraluthhalorael743	support	V1	B17	tunnel witness	Xethrolund-glyph	blue-light road	Pael source orbit	90	77	averaged_background_story_orbit_aesthetic_origin_distance	pending_art_reference
WC00744	Aeranorluthavel744	background	V1	B18	threshold mason	Pip-no-path	xeth glyph yard	Soth source orbit	90	77	averaged_background_story_orbit_aesthetic_origin_distance	pending_art_reference
WC00745	Ashaavelfiramireael745	story	V1	B19	bookbinder	Mack-ground	stone fen	Vellin source orbit	90	77	averaged_background_story_orbit_aesthetic_origin_distance	pending_art_reference
WC00746	Aeranorluthel746	recurring-background	V1	B20	bridge keeper	Dervish-glass	pocket sanctuary	Corrath source orbit	90	77	averaged_background_story_orbit_aesthetic_origin_distance	pending_art_reference
WC00747	Aeranoramaraelaen747	deep-background	V1	B21	market singer	Vayne	glass orchard	Dervish source orbit	90	77	averaged_background_story_orbit_aesthetic_origin_distance	pending_art_reference
WC00748	Ashaaveldalenelle748	support	V1	B22	glass forge worker	Null-Heart	neith edge	Pip source orbit	90	77	averaged_background_story_orbit_aesthetic_origin_distance	pending_art_reference
WC00749	Aerindraaria749	background	V1	B23	ripper survivor	Iron-Song	willow-stone county	Rolzen source orbit	90	77	averaged_background_story_orbit_aesthetic_origin_distance	pending_art_reference
WC00750	Ashaavelanorelle750	story	V1	B24	map seller	Wren-Ash	last open gate	Xethrolund source orbit	90	77	averaged_background_story_orbit_aesthetic_origin_distance	pending_art_reference
WC00751	Aerdalenemberel751	recurring-background	V1	B25	cellar cook	Thorn-Vayne	diamond breakland	Rylos source orbit	90	77	averaged_background_story_orbit_aesthetic_origin_distance	pending_art_reference
WC00752	Aerdalenluthashen752	deep-background	V1	B26	triage helper	Marso-len	black-heart ridge	Kyreal source orbit	90	77	averaged_background_story_orbit_aesthetic_origin_distance	pending_art_reference
WC00753	Aerfiracoriamireael753	support	V1	B27	faction runner	Rolzen-line	ash river	Thessa source orbit	90	77	averaged_background_story_orbit_aesthetic_origin_distance	pending_art_reference
WC00754	Aerindracrowndion754	background	V1	B28	wolf-road scout	Kyreal-pack	morrow market	Kael source orbit	90	77	averaged_background_story_orbit_aesthetic_origin_distance	pending_art_reference
WC00755	Aerfiracoriaiel755	story	V1	B29	glyph apprentice	Xethrolund-glyph	root vale	Pael source orbit	90	77	averaged_background_story_orbit_aesthetic_origin_distance	pending_art_reference
WC00756	Aerfiraiancrownel756	recurring-background	V1	B30	corridor child	Pip-no-path	ripper tunnel	Soth source orbit	90	77	averaged_background_story_orbit_aesthetic_origin_distance	pending_art_reference
WC00757	Aerfiracoriahalorel757	deep-background	V1	B31	field healer	Mack-ground	cello field	Vellin source orbit	90	77	averaged_background_story_orbit_aesthetic_origin_distance	pending_art_reference
WC00758	Aerdalenluthhaloren758	support	V1	B32	cavern farmer	Dervish-glass	blue-light road	Corrath source orbit	90	77	averaged_background_story_orbit_aesthetic_origin_distance	pending_art_reference
WC00759	Aerdalenamariven759	background	V1	B33	garden watcher	Vayne	xeth glyph yard	Dervish source orbit	90	77	averaged_background_story_orbit_aesthetic_origin_distance	pending_art_reference
WC00760	Aermaelorlutharel760	story	V1	B01	stone archivist	Null-Heart	stone fen	Pip source orbit	90	77	averaged_background_story_orbit_aesthetic_origin_distance	pending_art_reference
WC00761	Aeranorluthen761	recurring-background	V1	B02	orchard guard	Iron-Song	pocket sanctuary	Rolzen source orbit	90	77	averaged_background_story_orbit_aesthetic_origin_distance	pending_art_reference
WC00762	Aerdalengrovearel762	deep-background	V1	B03	sonomancy listener	Wren-Ash	glass orchard	Xethrolund source orbit	90	77	averaged_background_story_orbit_aesthetic_origin_distance	pending_art_reference
WC00763	Aerfiracoriaaelelle763	support	V1	B04	tunnel witness	Thorn-Vayne	neith edge	Rylos source orbit	90	77	averaged_background_story_orbit_aesthetic_origin_distance	pending_art_reference
WC00764	Aerfiraamarbrindria764	background	V1	B05	threshold mason	Marso-len	willow-stone county	Kyreal source orbit	90	77	averaged_background_story_orbit_aesthetic_origin_distance	pending_art_reference
WC00765	Aerfiraevaraaelel765	story	V1	B06	bookbinder	Rolzen-line	last open gate	Thessa source orbit	90	77	averaged_background_story_orbit_aesthetic_origin_distance	pending_art_reference
WC00766	Aeranorglassion766	recurring-background	V1	B07	bridge keeper	Kyreal-pack	diamond breakland	Kael source orbit	90	77	averaged_background_story_orbit_aesthetic_origin_distance	pending_art_reference
WC00767	Ashajoraaria767	deep-background	V1	B08	market singer	Xethrolund-glyph	black-heart ridge	Pael source orbit	90	77	averaged_background_story_orbit_aesthetic_origin_distance	pending_art_reference
WC00768	Aerdalencoriaaria768	support	V1	B09	glass forge worker	Pip-no-path	ash river	Soth source orbit	90	77	averaged_background_story_orbit_aesthetic_origin_distance	pending_art_reference
WC00769	Aerfiraianendarel769	background	V1	B10	ripper survivor	Mack-ground	morrow market	Vellin source orbit	90	77	averaged_background_story_orbit_aesthetic_origin_distance	pending_art_reference
WC00770	Ashagalenanoraen770	story	V1	B11	map seller	Dervish-glass	root vale	Corrath source orbit	90	77	averaged_background_story_orbit_aesthetic_origin_distance	pending_art_reference
WC00771	Aermaelorianglassen771	recurring-background	V1	B12	cellar cook	Vayne	ripper tunnel	Dervish source orbit	90	77	averaged_background_story_orbit_aesthetic_origin_distance	pending_art_reference
WC00772	Aerindraianaeliven772	deep-background	V1	B13	triage helper	Null-Heart	cello field	Pip source orbit	90	77	averaged_background_story_orbit_aesthetic_origin_distance	pending_art_reference
WC00773	Caelamaraeliven773	support	V1	B14	faction runner	Iron-Song	blue-light road	Rolzen source orbit	90	77	averaged_background_story_orbit_aesthetic_origin_distance	pending_art_reference
WC00774	Aeranorianglassiel774	background	V1	B15	wolf-road scout	Wren-Ash	xeth glyph yard	Xethrolund source orbit	90	77	averaged_background_story_orbit_aesthetic_origin_distance	pending_art_reference
WC00775	Aerindramarrowel775	story	V1	B16	glyph apprentice	Thorn-Vayne	stone fen	Rylos source orbit	90	77	averaged_background_story_orbit_aesthetic_origin_distance	pending_art_reference
WC00776	Aerdalenamaraelelle776	recurring-background	V1	B17	corridor child	Marso-len	pocket sanctuary	Kyreal source orbit	90	77	averaged_background_story_orbit_aesthetic_origin_distance	pending_art_reference
WC00777	Aeranormossen777	deep-background	V1	B18	field healer	Rolzen-line	glass orchard	Thessa source orbit	90	77	averaged_background_story_orbit_aesthetic_origin_distance	pending_art_reference
WC00778	Aermaelorglassael778	support	V1	B19	cavern farmer	Kyreal-pack	neith edge	Kael source orbit	90	77	averaged_background_story_orbit_aesthetic_origin_distance	pending_art_reference
WC00779	Aerdalenmireion779	background	V1	B20	garden watcher	Xethrolund-glyph	willow-stone county	Pael source orbit	90	77	averaged_background_story_orbit_aesthetic_origin_distance	pending_art_reference
WC00780	Ashagalenanoravel780	story	V1	B21	stone archivist	Pip-no-path	last open gate	Soth source orbit	90	77	averaged_background_story_orbit_aesthetic_origin_distance	pending_art_reference
WC00781	Ashaavelanorriveren781	recurring-background	V1	B22	orchard guard	Mack-ground	diamond breakland	Vellin source orbit	90	77	averaged_background_story_orbit_aesthetic_origin_distance	pending_art_reference
WC00782	Aerindrahollowavel782	deep-background	V1	B23	sonomancy listener	Dervish-glass	black-heart ridge	Corrath source orbit	90	77	averaged_background_story_orbit_aesthetic_origin_distance	pending_art_reference
WC00783	Ashajoramireaen783	support	V1	B24	tunnel witness	Vayne	ash river	Dervish source orbit	90	77	averaged_background_story_orbit_aesthetic_origin_distance	pending_art_reference
WC00784	Ashaelionmaelordria784	background	V1	B25	threshold mason	Null-Heart	morrow market	Pip source orbit	90	77	averaged_background_story_orbit_aesthetic_origin_distance	pending_art_reference
WC00785	Aeranoramarbrindria785	story	V1	B26	bookbinder	Iron-Song	root vale	Rolzen source orbit	90	77	averaged_background_story_orbit_aesthetic_origin_distance	pending_art_reference
WC00786	Ashanaraanoravel786	recurring-background	V1	B27	bridge keeper	Wren-Ash	ripper tunnel	Xethrolund source orbit	90	77	averaged_background_story_orbit_aesthetic_origin_distance	pending_art_reference
WC00787	Aerdalenamaraeldria787	deep-background	V1	B28	market singer	Thorn-Vayne	cello field	Rylos source orbit	90	77	averaged_background_story_orbit_aesthetic_origin_distance	pending_art_reference
WC00788	Brenhalorbellaen788	support	V1	B29	glass forge worker	Marso-len	blue-light road	Kyreal source orbit	90	77	averaged_background_story_orbit_aesthetic_origin_distance	pending_art_reference
WC00789	Ashaaveldalenen789	background	V1	B30	ripper survivor	Rolzen-line	xeth glyph yard	Thessa source orbit	90	77	averaged_background_story_orbit_aesthetic_origin_distance	pending_art_reference
WC00790	Ashagalenmossarel790	story	V1	B31	map seller	Kyreal-pack	stone fen	Kael source orbit	90	77	averaged_background_story_orbit_aesthetic_origin_distance	pending_art_reference
WC00791	Ashanaraanoriven791	recurring-background	V1	B32	cellar cook	Xethrolund-glyph	pocket sanctuary	Pael source orbit	90	77	averaged_background_story_orbit_aesthetic_origin_distance	pending_art_reference
WC00792	Ashagalencairndria792	deep-background	V1	B33	triage helper	Pip-no-path	glass orchard	Soth source orbit	90	77	averaged_background_story_orbit_aesthetic_origin_distance	pending_art_reference
WC00793	Ashaavelmarrowen793	support	V1	B01	faction runner	Mack-ground	neith edge	Vellin source orbit	90	77	averaged_background_story_orbit_aesthetic_origin_distance	pending_art_reference
WC00794	Aeranoramarivyavel794	background	V1	B02	wolf-road scout	Dervish-glass	willow-stone county	Corrath source orbit	90	77	averaged_background_story_orbit_aesthetic_origin_distance	pending_art_reference
WC00795	Aerdalenamaravel795	story	V1	B03	glyph apprentice	Vayne	last open gate	Dervish source orbit	90	77	averaged_background_story_orbit_aesthetic_origin_distance	pending_art_reference
WC00796	Aeranorianaeldion796	recurring-background	V1	B04	corridor child	Null-Heart	diamond breakland	Pip source orbit	90	77	averaged_background_story_orbit_aesthetic_origin_distance	pending_art_reference
WC00797	Aerfiraiankelanaria797	deep-background	V1	B05	field healer	Iron-Song	black-heart ridge	Rolzen source orbit	90	77	averaged_background_story_orbit_aesthetic_origin_distance	pending_art_reference
WC00798	Aerdalenluthcrownel798	support	V1	B06	cavern farmer	Wren-Ash	ash river	Xethrolund source orbit	90	77	averaged_background_story_orbit_aesthetic_origin_distance	pending_art_reference
WC00799	Aerfiraianaeliven799	background	V1	B07	garden watcher	Thorn-Vayne	morrow market	Rylos source orbit	90	77	averaged_background_story_orbit_aesthetic_origin_distance	pending_art_reference
WC00800	Aeranorianasharia800	story	V1	B08	stone archivist	Marso-len	root vale	Kyreal source orbit	90	77	averaged_background_story_orbit_aesthetic_origin_distance	pending_art_reference
WC00801	Aerdalenevaraaelion801	recurring-background	V1	B09	orchard guard	Rolzen-line	ripper tunnel	Thessa source orbit	90	77	averaged_background_story_orbit_aesthetic_origin_distance	pending_art_reference
WC00802	Ashaelioncinderiel802	deep-background	V1	B10	sonomancy listener	Kyreal-pack	cello field	Kael source orbit	90	77	averaged_background_story_orbit_aesthetic_origin_distance	pending_art_reference
WC00803	Aeranorianhaloraria803	support	V1	B11	tunnel witness	Xethrolund-glyph	blue-light road	Pael source orbit	90	77	averaged_background_story_orbit_aesthetic_origin_distance	pending_art_reference
WC00804	Aeranorevarahalorel804	background	V1	B12	threshold mason	Pip-no-path	xeth glyph yard	Soth source orbit	90	77	averaged_background_story_orbit_aesthetic_origin_distance	pending_art_reference
WC00805	Ashaavelanorluthion805	story	V1	B13	bookbinder	Mack-ground	stone fen	Vellin source orbit	90	77	averaged_background_story_orbit_aesthetic_origin_distance	pending_art_reference
WC00806	Ashaavelbrookdria806	recurring-background	V1	B14	bridge keeper	Dervish-glass	pocket sanctuary	Corrath source orbit	90	77	averaged_background_story_orbit_aesthetic_origin_distance	pending_art_reference
WC00807	Aerdalenamarael807	deep-background	V1	B15	market singer	Vayne	glass orchard	Dervish source orbit	90	77	averaged_background_story_orbit_aesthetic_origin_distance	pending_art_reference
WC00808	Aerindraamargroveel808	support	V1	B16	glass forge worker	Null-Heart	neith edge	Pip source orbit	90	77	averaged_background_story_orbit_aesthetic_origin_distance	pending_art_reference
WC00809	Aerdalencoriaashiel809	background	V1	B17	ripper survivor	Iron-Song	willow-stone county	Rolzen source orbit	90	77	averaged_background_story_orbit_aesthetic_origin_distance	pending_art_reference
WC00810	Ashanarafenelle810	story	V1	B18	map seller	Wren-Ash	last open gate	Xethrolund source orbit	90	77	averaged_background_story_orbit_aesthetic_origin_distance	pending_art_reference
WC00811	Aerfiraevarabrinaen811	recurring-background	V1	B19	cellar cook	Thorn-Vayne	diamond breakland	Rylos source orbit	90	77	averaged_background_story_orbit_aesthetic_origin_distance	pending_art_reference
WC00812	Aerfiracoriaendaren812	deep-background	V1	B20	triage helper	Marso-len	black-heart ridge	Kyreal source orbit	90	77	averaged_background_story_orbit_aesthetic_origin_distance	pending_art_reference
WC00813	Aerdalenevaraavel813	support	V1	B21	faction runner	Rolzen-line	ash river	Thessa source orbit	90	77	averaged_background_story_orbit_aesthetic_origin_distance	pending_art_reference
WC00814	Aerdaleniankelanen814	background	V1	B22	wolf-road scout	Kyreal-pack	morrow market	Kael source orbit	90	77	averaged_background_story_orbit_aesthetic_origin_distance	pending_art_reference
WC00815	Aerfiraamardion815	story	V1	B23	glyph apprentice	Xethrolund-glyph	root vale	Pael source orbit	90	77	averaged_background_story_orbit_aesthetic_origin_distance	pending_art_reference
WC00816	Ashaavelfiraianaen816	recurring-background	V1	B24	corridor child	Pip-no-path	ripper tunnel	Soth source orbit	90	77	averaged_background_story_orbit_aesthetic_origin_distance	pending_art_reference
WC00817	Aerindraluthavel817	deep-background	V1	B25	field healer	Mack-ground	cello field	Vellin source orbit	90	77	averaged_background_story_orbit_aesthetic_origin_distance	pending_art_reference
WC00818	Aerdalenmireiel818	support	V1	B26	cavern farmer	Dervish-glass	blue-light road	Corrath source orbit	90	77	averaged_background_story_orbit_aesthetic_origin_distance	pending_art_reference
WC00819	Aerdalenevaraen819	background	V1	B27	garden watcher	Vayne	xeth glyph yard	Dervish source orbit	90	77	averaged_background_story_orbit_aesthetic_origin_distance	pending_art_reference
WC00820	Aeranoriangroveiel820	story	V1	B28	stone archivist	Null-Heart	stone fen	Pip source orbit	90	77	averaged_background_story_orbit_aesthetic_origin_distance	pending_art_reference
WC00821	Aerindraluthen821	recurring-background	V1	B29	orchard guard	Iron-Song	pocket sanctuary	Rolzen source orbit	90	77	averaged_background_story_orbit_aesthetic_origin_distance	pending_art_reference
WC00822	Ashaavelfiraianarel822	deep-background	V1	B30	sonomancy listener	Wren-Ash	glass orchard	Xethrolund source orbit	90	77	averaged_background_story_orbit_aesthetic_origin_distance	pending_art_reference
WC00823	Aeranorcoriaaeliel823	support	V1	B31	tunnel witness	Thorn-Vayne	neith edge	Rylos source orbit	90	77	averaged_background_story_orbit_aesthetic_origin_distance	pending_art_reference
WC00824	Aeranorianendaren824	background	V1	B32	threshold mason	Marso-len	willow-stone county	Kyreal source orbit	90	77	averaged_background_story_orbit_aesthetic_origin_distance	pending_art_reference
WC00825	Aeranoramarmirearia825	story	V1	B33	bookbinder	Rolzen-line	last open gate	Thessa source orbit	90	77	averaged_background_story_orbit_aesthetic_origin_distance	pending_art_reference
WC00826	Aerfiraamarael826	recurring-background	V1	B01	bridge keeper	Kyreal-pack	diamond breakland	Kael source orbit	90	77	averaged_background_story_orbit_aesthetic_origin_distance	pending_art_reference
WC00827	Aerfiraluthaeldria827	deep-background	V1	B02	market singer	Xethrolund-glyph	black-heart ridge	Pael source orbit	90	77	averaged_background_story_orbit_aesthetic_origin_distance	pending_art_reference
WC00828	Aerdalenquartzel828	support	V1	B03	glass forge worker	Pip-no-path	ash river	Soth source orbit	90	77	averaged_background_story_orbit_aesthetic_origin_distance	pending_art_reference
WC00829	Aeranorianmossael829	background	V1	B04	ripper survivor	Mack-ground	morrow market	Vellin source orbit	90	77	averaged_background_story_orbit_aesthetic_origin_distance	pending_art_reference
WC00830	Aerfiraamarkelanen830	story	V1	B05	map seller	Dervish-glass	root vale	Corrath source orbit	90	77	averaged_background_story_orbit_aesthetic_origin_distance	pending_art_reference
WC00831	Aerfiraevaralarken831	recurring-background	V1	B06	cellar cook	Vayne	ripper tunnel	Dervish source orbit	90	77	averaged_background_story_orbit_aesthetic_origin_distance	pending_art_reference
WC00832	Aerindracrowniel832	deep-background	V1	B07	triage helper	Null-Heart	cello field	Pip source orbit	90	77	averaged_background_story_orbit_aesthetic_origin_distance	pending_art_reference
WC00833	Ashaelionfiraavel833	support	V1	B08	faction runner	Iron-Song	blue-light road	Rolzen source orbit	90	77	averaged_background_story_orbit_aesthetic_origin_distance	pending_art_reference
WC00834	Ashaavelmirearia834	background	V1	B09	wolf-road scout	Wren-Ash	xeth glyph yard	Xethrolund source orbit	90	77	averaged_background_story_orbit_aesthetic_origin_distance	pending_art_reference
WC00835	Ashagalenfeniven835	story	V1	B10	glyph apprentice	Thorn-Vayne	stone fen	Rylos source orbit	90	77	averaged_background_story_orbit_aesthetic_origin_distance	pending_art_reference
WC00836	Aermaelorevaraarel836	recurring-background	V1	B11	corridor child	Marso-len	pocket sanctuary	Kyreal source orbit	90	77	averaged_background_story_orbit_aesthetic_origin_distance	pending_art_reference
WC00837	Aerdalenianbrinelle837	deep-background	V1	B12	field healer	Rolzen-line	glass orchard	Thessa source orbit	90	77	averaged_background_story_orbit_aesthetic_origin_distance	pending_art_reference
WC00838	Aeranorianaelaen838	support	V1	B13	cavern farmer	Kyreal-pack	neith edge	Kael source orbit	90	77	averaged_background_story_orbit_aesthetic_origin_distance	pending_art_reference
WC00839	Aeranoramaraelavel839	background	V1	B14	garden watcher	Xethrolund-glyph	willow-stone county	Pael source orbit	90	77	averaged_background_story_orbit_aesthetic_origin_distance	pending_art_reference
WC00840	Aeranormarrowiel840	story	V1	B15	stone archivist	Pip-no-path	last open gate	Soth source orbit	90	77	averaged_background_story_orbit_aesthetic_origin_distance	pending_art_reference
WC00841	Aeranoramarbrindion841	recurring-background	V1	B16	orchard guard	Mack-ground	diamond breakland	Vellin source orbit	90	77	averaged_background_story_orbit_aesthetic_origin_distance	pending_art_reference
WC00842	Aeranorcoriaaen842	deep-background	V1	B17	sonomancy listener	Dervish-glass	black-heart ridge	Corrath source orbit	90	77	averaged_background_story_orbit_aesthetic_origin_distance	pending_art_reference
WC00843	Aerindraamaraeliven843	support	V1	B18	tunnel witness	Vayne	ash river	Dervish source orbit	90	77	averaged_background_story_orbit_aesthetic_origin_distance	pending_art_reference
WC00844	Ashanaramaelorarel844	background	V1	B19	threshold mason	Null-Heart	morrow market	Pip source orbit	90	77	averaged_background_story_orbit_aesthetic_origin_distance	pending_art_reference
WC00845	Aerdalenluthmossen845	story	V1	B20	bookbinder	Iron-Song	root vale	Rolzen source orbit	90	77	averaged_background_story_orbit_aesthetic_origin_distance	pending_art_reference
WC00846	Aerindragrovedion846	recurring-background	V1	B21	bridge keeper	Wren-Ash	ripper tunnel	Xethrolund source orbit	90	77	averaged_background_story_orbit_aesthetic_origin_distance	pending_art_reference
WC00847	Aerfiraamarelle847	deep-background	V1	B22	market singer	Thorn-Vayne	cello field	Rylos source orbit	90	77	averaged_background_story_orbit_aesthetic_origin_distance	pending_art_reference
WC00848	Ashaelionaen848	support	V1	B23	glass forge worker	Marso-len	blue-light road	Kyreal source orbit	90	77	averaged_background_story_orbit_aesthetic_origin_distance	pending_art_reference
WC00849	Aerindraashael849	background	V1	B24	ripper survivor	Rolzen-line	xeth glyph yard	Thessa source orbit	90	77	averaged_background_story_orbit_aesthetic_origin_distance	pending_art_reference
WC00850	Aerdalenglassaria850	story	V1	B25	map seller	Kyreal-pack	stone fen	Kael source orbit	90	77	averaged_background_story_orbit_aesthetic_origin_distance	pending_art_reference
WC00851	Aeranoramarashaen851	recurring-background	V1	B26	cellar cook	Xethrolund-glyph	pocket sanctuary	Pael source orbit	90	77	averaged_background_story_orbit_aesthetic_origin_distance	pending_art_reference
WC00852	Aerindraluthbrinaen852	deep-background	V1	B27	triage helper	Pip-no-path	glass orchard	Soth source orbit	90	77	averaged_background_story_orbit_aesthetic_origin_distance	pending_art_reference
WC00853	Aermaeloriven853	support	V1	B28	faction runner	Mack-ground	neith edge	Vellin source orbit	90	77	averaged_background_story_orbit_aesthetic_origin_distance	pending_art_reference
WC00854	Aerdalenianael854	background	V1	B29	wolf-road scout	Dervish-glass	willow-stone county	Corrath source orbit	90	77	averaged_background_story_orbit_aesthetic_origin_distance	pending_art_reference
WC00855	Aerdalenluthlarkael855	story	V1	B30	glyph apprentice	Vayne	last open gate	Dervish source orbit	90	77	averaged_background_story_orbit_aesthetic_origin_distance	pending_art_reference
WC00856	Aeranoramariven856	recurring-background	V1	B31	corridor child	Null-Heart	diamond breakland	Pip source orbit	90	77	averaged_background_story_orbit_aesthetic_origin_distance	pending_art_reference
WC00857	Ashajoraanordion857	deep-background	V1	B32	field healer	Iron-Song	black-heart ridge	Rolzen source orbit	90	77	averaged_background_story_orbit_aesthetic_origin_distance	pending_art_reference
WC00858	Ashaelionhollowelle858	support	V1	B33	cavern farmer	Wren-Ash	ash river	Xethrolund source orbit	90	77	averaged_background_story_orbit_aesthetic_origin_distance	pending_art_reference
WC00859	Aeranoriancrownarel859	background	V1	B01	garden watcher	Thorn-Vayne	morrow market	Rylos source orbit	90	77	averaged_background_story_orbit_aesthetic_origin_distance	pending_art_reference
WC00860	Aerdalenluthmossion860	story	V1	B02	stone archivist	Marso-len	root vale	Kyreal source orbit	90	77	averaged_background_story_orbit_aesthetic_origin_distance	pending_art_reference
WC00861	Caelamaravel861	recurring-background	V1	B03	orchard guard	Rolzen-line	ripper tunnel	Thessa source orbit	90	77	averaged_background_story_orbit_aesthetic_origin_distance	pending_art_reference
WC00862	Aerdalenluthbrookel862	deep-background	V1	B04	sonomancy listener	Kyreal-pack	cello field	Kael source orbit	90	77	averaged_background_story_orbit_aesthetic_origin_distance	pending_art_reference
WC00863	Aermaelorianaen863	support	V1	B05	tunnel witness	Xethrolund-glyph	blue-light road	Pael source orbit	90	77	averaged_background_story_orbit_aesthetic_origin_distance	pending_art_reference
WC00864	Aerdalenluthaen864	background	V1	B06	threshold mason	Pip-no-path	xeth glyph yard	Soth source orbit	90	77	averaged_background_story_orbit_aesthetic_origin_distance	pending_art_reference
WC00865	Aerdalenevaraaria865	story	V1	B07	bookbinder	Mack-ground	stone fen	Vellin source orbit	90	77	averaged_background_story_orbit_aesthetic_origin_distance	pending_art_reference
WC00866	Aerfirafenion866	recurring-background	V1	B08	bridge keeper	Dervish-glass	pocket sanctuary	Corrath source orbit	90	77	averaged_background_story_orbit_aesthetic_origin_distance	pending_art_reference
WC00867	Aerdalenquartzaria867	deep-background	V1	B09	market singer	Vayne	glass orchard	Dervish source orbit	90	77	averaged_background_story_orbit_aesthetic_origin_distance	pending_art_reference
WC00868	Aerdalenianhalorion868	support	V1	B10	glass forge worker	Null-Heart	neith edge	Pip source orbit	90	77	averaged_background_story_orbit_aesthetic_origin_distance	pending_art_reference
WC00869	Aerfirariveren869	background	V1	B11	ripper survivor	Iron-Song	willow-stone county	Rolzen source orbit	90	77	averaged_background_story_orbit_aesthetic_origin_distance	pending_art_reference
WC00870	Ashajoradria870	story	V1	B12	map seller	Wren-Ash	last open gate	Xethrolund source orbit	90	77	averaged_background_story_orbit_aesthetic_origin_distance	pending_art_reference
WC00871	Aerdalenbrookion871	recurring-background	V1	B13	cellar cook	Thorn-Vayne	diamond breakland	Rylos source orbit	90	77	averaged_background_story_orbit_aesthetic_origin_distance	pending_art_reference
WC00872	Brenaelavelael872	deep-background	V1	B14	triage helper	Marso-len	black-heart ridge	Kyreal source orbit	90	77	averaged_background_story_orbit_aesthetic_origin_distance	pending_art_reference
WC00873	Ashagalenglassdion873	support	V1	B15	faction runner	Rolzen-line	ash river	Thessa source orbit	90	77	averaged_background_story_orbit_aesthetic_origin_distance	pending_art_reference
WC00874	Aerdalenglassdion874	background	V1	B16	wolf-road scout	Kyreal-pack	morrow market	Kael source orbit	90	77	averaged_background_story_orbit_aesthetic_origin_distance	pending_art_reference
WC00875	Aerfiraevaraaeldria875	story	V1	B17	glyph apprentice	Xethrolund-glyph	root vale	Pael source orbit	90	77	averaged_background_story_orbit_aesthetic_origin_distance	pending_art_reference
WC00876	Aerdalenevaraaelel876	recurring-background	V1	B18	corridor child	Pip-no-path	ripper tunnel	Soth source orbit	90	77	averaged_background_story_orbit_aesthetic_origin_distance	pending_art_reference
WC00877	Aeranorcoriaasharia877	deep-background	V1	B19	field healer	Mack-ground	cello field	Vellin source orbit	90	77	averaged_background_story_orbit_aesthetic_origin_distance	pending_art_reference
WC00878	Aerindraianashdria878	support	V1	B20	cavern farmer	Dervish-glass	blue-light road	Corrath source orbit	90	77	averaged_background_story_orbit_aesthetic_origin_distance	pending_art_reference
WC00879	Ashaavelmaelorael879	background	V1	B21	garden watcher	Vayne	xeth glyph yard	Dervish source orbit	90	77	averaged_background_story_orbit_aesthetic_origin_distance	pending_art_reference
WC00880	Ashaaveldalenaria880	story	V1	B22	stone archivist	Null-Heart	stone fen	Pip source orbit	90	77	averaged_background_story_orbit_aesthetic_origin_distance	pending_art_reference
WC00881	Ashaavelindraion881	recurring-background	V1	B23	orchard guard	Iron-Song	pocket sanctuary	Rolzen source orbit	90	77	averaged_background_story_orbit_aesthetic_origin_distance	pending_art_reference
WC00882	Aerindraiandria882	deep-background	V1	B24	sonomancy listener	Wren-Ash	glass orchard	Xethrolund source orbit	90	77	averaged_background_story_orbit_aesthetic_origin_distance	pending_art_reference
WC00883	Brenaelavelriverael883	support	V1	B25	tunnel witness	Thorn-Vayne	neith edge	Rylos source orbit	90	77	averaged_background_story_orbit_aesthetic_origin_distance	pending_art_reference
WC00884	Aerdalenluthaelen884	background	V1	B26	threshold mason	Marso-len	willow-stone county	Kyreal source orbit	90	77	averaged_background_story_orbit_aesthetic_origin_distance	pending_art_reference
WC00885	Aermaelorevaraaen885	story	V1	B27	bookbinder	Rolzen-line	last open gate	Thessa source orbit	90	77	averaged_background_story_orbit_aesthetic_origin_distance	pending_art_reference
WC00886	Aerdalenlutharia886	recurring-background	V1	B28	bridge keeper	Kyreal-pack	diamond breakland	Kael source orbit	90	77	averaged_background_story_orbit_aesthetic_origin_distance	pending_art_reference
WC00887	Aerindracoriamossen887	deep-background	V1	B29	market singer	Xethrolund-glyph	black-heart ridge	Pael source orbit	90	77	averaged_background_story_orbit_aesthetic_origin_distance	pending_art_reference
WC00888	Aeranorquartzael888	support	V1	B30	glass forge worker	Pip-no-path	ash river	Soth source orbit	90	77	averaged_background_story_orbit_aesthetic_origin_distance	pending_art_reference
WC00889	Aerfiracoriamossion889	background	V1	B31	ripper survivor	Mack-ground	morrow market	Vellin source orbit	90	77	averaged_background_story_orbit_aesthetic_origin_distance	pending_art_reference
WC00890	Aerfiraluthmossarel890	story	V1	B32	map seller	Dervish-glass	root vale	Corrath source orbit	90	77	averaged_background_story_orbit_aesthetic_origin_distance	pending_art_reference
WC00891	Ashaelionmaeloraen891	recurring-background	V1	B33	cellar cook	Vayne	ripper tunnel	Dervish source orbit	90	77	averaged_background_story_orbit_aesthetic_origin_distance	pending_art_reference
WC00892	Ashajoramaeloraen892	deep-background	V1	B01	triage helper	Null-Heart	cello field	Pip source orbit	90	77	averaged_background_story_orbit_aesthetic_origin_distance	pending_art_reference
WC00893	Ashaavelael893	support	V1	B02	faction runner	Iron-Song	blue-light road	Rolzen source orbit	90	77	averaged_background_story_orbit_aesthetic_origin_distance	pending_art_reference
WC00894	Aerdalencoriaaeliel894	background	V1	B03	wolf-road scout	Wren-Ash	xeth glyph yard	Xethrolund source orbit	90	77	averaged_background_story_orbit_aesthetic_origin_distance	pending_art_reference
WC00895	Ashanaramaelordria895	story	V1	B04	glyph apprentice	Thorn-Vayne	stone fen	Rylos source orbit	90	77	averaged_background_story_orbit_aesthetic_origin_distance	pending_art_reference
WC00896	Aermaeloramaren896	recurring-background	V1	B05	corridor child	Marso-len	pocket sanctuary	Kyreal source orbit	90	77	averaged_background_story_orbit_aesthetic_origin_distance	pending_art_reference
WC00897	Ashaavelfiraianiven897	deep-background	V1	B06	field healer	Rolzen-line	glass orchard	Thessa source orbit	90	77	averaged_background_story_orbit_aesthetic_origin_distance	pending_art_reference
WC00898	Aerindraevaraael898	support	V1	B07	cavern farmer	Kyreal-pack	neith edge	Kael source orbit	90	77	averaged_background_story_orbit_aesthetic_origin_distance	pending_art_reference
WC00899	Aerfirafenel899	background	V1	B08	garden watcher	Xethrolund-glyph	willow-stone county	Pael source orbit	90	77	averaged_background_story_orbit_aesthetic_origin_distance	pending_art_reference
WC00900	Aeranorcoriaaelarel900	story	V1	B09	stone archivist	Pip-no-path	last open gate	Soth source orbit	90	77	averaged_background_story_orbit_aesthetic_origin_distance	pending_art_reference
WC00901	Aerindracairniven901	recurring-background	V1	B10	orchard guard	Mack-ground	diamond breakland	Vellin source orbit	90	77	averaged_background_story_orbit_aesthetic_origin_distance	pending_art_reference
WC00902	Aerfiramireavel902	deep-background	V1	B11	sonomancy listener	Dervish-glass	black-heart ridge	Corrath source orbit	90	77	averaged_background_story_orbit_aesthetic_origin_distance	pending_art_reference
WC00903	Aerdalenmarrowelle903	support	V1	B12	tunnel witness	Vayne	ash river	Dervish source orbit	90	77	averaged_background_story_orbit_aesthetic_origin_distance	pending_art_reference
WC00904	Ashaelionforgedria904	background	V1	B13	threshold mason	Null-Heart	morrow market	Pip source orbit	90	77	averaged_background_story_orbit_aesthetic_origin_distance	pending_art_reference
WC00905	Aeranorevaraaelen905	story	V1	B14	bookbinder	Iron-Song	root vale	Rolzen source orbit	90	77	averaged_background_story_orbit_aesthetic_origin_distance	pending_art_reference
WC00906	Aerindraevaraelle906	recurring-background	V1	B15	bridge keeper	Wren-Ash	ripper tunnel	Xethrolund source orbit	90	77	averaged_background_story_orbit_aesthetic_origin_distance	pending_art_reference
WC00907	Aerdalenamaraelarel907	deep-background	V1	B16	market singer	Thorn-Vayne	cello field	Rylos source orbit	90	77	averaged_background_story_orbit_aesthetic_origin_distance	pending_art_reference
WC00908	Aeranorianbrinelle908	support	V1	B17	glass forge worker	Marso-len	blue-light road	Kyreal source orbit	90	77	averaged_background_story_orbit_aesthetic_origin_distance	pending_art_reference
WC00909	Aerindraianaelavel909	background	V1	B18	ripper survivor	Rolzen-line	xeth glyph yard	Thessa source orbit	90	77	averaged_background_story_orbit_aesthetic_origin_distance	pending_art_reference
WC00910	Aerindraamarion910	story	V1	B19	map seller	Kyreal-pack	stone fen	Kael source orbit	90	77	averaged_background_story_orbit_aesthetic_origin_distance	pending_art_reference
WC00911	Ashagalenindraarel911	recurring-background	V1	B20	cellar cook	Xethrolund-glyph	pocket sanctuary	Pael source orbit	90	77	averaged_background_story_orbit_aesthetic_origin_distance	pending_art_reference
WC00912	Aerfiraamarhaloraen912	deep-background	V1	B21	triage helper	Pip-no-path	glass orchard	Soth source orbit	90	77	averaged_background_story_orbit_aesthetic_origin_distance	pending_art_reference
WC00913	Aerdalenianel913	support	V1	B22	faction runner	Mack-ground	neith edge	Vellin source orbit	90	77	averaged_background_story_orbit_aesthetic_origin_distance	pending_art_reference
WC00914	Aeranorluthbrinavel914	background	V1	B23	wolf-road scout	Dervish-glass	willow-stone county	Corrath source orbit	90	77	averaged_background_story_orbit_aesthetic_origin_distance	pending_art_reference
WC00915	Aerfiraianbrinaria915	story	V1	B24	glyph apprentice	Vayne	last open gate	Dervish source orbit	90	77	averaged_background_story_orbit_aesthetic_origin_distance	pending_art_reference
WC00916	Aerindralarken916	recurring-background	V1	B25	corridor child	Null-Heart	diamond breakland	Pip source orbit	90	77	averaged_background_story_orbit_aesthetic_origin_distance	pending_art_reference
WC00917	Aerindraianmossel917	deep-background	V1	B26	field healer	Iron-Song	black-heart ridge	Rolzen source orbit	90	77	averaged_background_story_orbit_aesthetic_origin_distance	pending_art_reference
WC00918	Aerdalenbrookaen918	support	V1	B27	cavern farmer	Wren-Ash	ash river	Xethrolund source orbit	90	77	averaged_background_story_orbit_aesthetic_origin_distance	pending_art_reference
WC00919	Aermaeloremberdion919	background	V1	B28	garden watcher	Thorn-Vayne	morrow market	Rylos source orbit	90	77	averaged_background_story_orbit_aesthetic_origin_distance	pending_art_reference
WC00920	Aeranoramarbrinaria920	story	V1	B29	stone archivist	Marso-len	root vale	Kyreal source orbit	90	77	averaged_background_story_orbit_aesthetic_origin_distance	pending_art_reference
WC00921	Aeranorianbrinion921	recurring-background	V1	B30	orchard guard	Rolzen-line	ripper tunnel	Thessa source orbit	90	77	averaged_background_story_orbit_aesthetic_origin_distance	pending_art_reference
WC00922	Aeranorevaraaelael922	deep-background	V1	B31	sonomancy listener	Kyreal-pack	cello field	Kael source orbit	90	77	averaged_background_story_orbit_aesthetic_origin_distance	pending_art_reference
WC00923	Aeranorcoriaashel923	support	V1	B32	tunnel witness	Xethrolund-glyph	blue-light road	Pael source orbit	90	77	averaged_background_story_orbit_aesthetic_origin_distance	pending_art_reference
WC00924	Aerfiraamaraelaria924	background	V1	B33	threshold mason	Pip-no-path	xeth glyph yard	Soth source orbit	90	77	averaged_background_story_orbit_aesthetic_origin_distance	pending_art_reference
WC00925	Aerfiraiankelanaen925	story	V1	B01	bookbinder	Mack-ground	stone fen	Vellin source orbit	90	77	averaged_background_story_orbit_aesthetic_origin_distance	pending_art_reference
WC00926	Aerindrahollowaria926	recurring-background	V1	B02	bridge keeper	Dervish-glass	pocket sanctuary	Corrath source orbit	90	77	averaged_background_story_orbit_aesthetic_origin_distance	pending_art_reference
WC00927	Aerfiraluthion927	deep-background	V1	B03	market singer	Vayne	glass orchard	Dervish source orbit	90	77	averaged_background_story_orbit_aesthetic_origin_distance	pending_art_reference
WC00928	Aeranorluthhalorael928	support	V1	B04	glass forge worker	Null-Heart	neith edge	Pip source orbit	90	77	averaged_background_story_orbit_aesthetic_origin_distance	pending_art_reference
WC00929	Aerfirahollowiven929	background	V1	B05	ripper survivor	Iron-Song	willow-stone county	Rolzen source orbit	90	77	averaged_background_story_orbit_aesthetic_origin_distance	pending_art_reference
WC00930	Aeranoriankelanael930	story	V1	B06	map seller	Wren-Ash	last open gate	Xethrolund source orbit	90	77	averaged_background_story_orbit_aesthetic_origin_distance	pending_art_reference
WC00931	Ashaeliondion931	recurring-background	V1	B07	cellar cook	Thorn-Vayne	diamond breakland	Rylos source orbit	90	77	averaged_background_story_orbit_aesthetic_origin_distance	pending_art_reference
WC00932	Aeranorianivyiven932	deep-background	V1	B08	triage helper	Marso-len	black-heart ridge	Kyreal source orbit	90	77	averaged_background_story_orbit_aesthetic_origin_distance	pending_art_reference
WC00933	Aeranorluthkelanael933	support	V1	B09	faction runner	Rolzen-line	ash river	Thessa source orbit	90	77	averaged_background_story_orbit_aesthetic_origin_distance	pending_art_reference
WC00934	Aerdalenamarhaloren934	background	V1	B10	wolf-road scout	Kyreal-pack	morrow market	Kael source orbit	90	77	averaged_background_story_orbit_aesthetic_origin_distance	pending_art_reference
WC00935	Ashajoraion935	story	V1	B11	glyph apprentice	Xethrolund-glyph	root vale	Pael source orbit	90	77	averaged_background_story_orbit_aesthetic_origin_distance	pending_art_reference
WC00936	Aerdalenmarrowavel936	recurring-background	V1	B12	corridor child	Pip-no-path	ripper tunnel	Soth source orbit	90	77	averaged_background_story_orbit_aesthetic_origin_distance	pending_art_reference
WC00937	Aeranormireavel937	deep-background	V1	B13	field healer	Mack-ground	cello field	Vellin source orbit	90	77	averaged_background_story_orbit_aesthetic_origin_distance	pending_art_reference
WC00938	Ashanaraaria938	support	V1	B14	cavern farmer	Dervish-glass	blue-light road	Corrath source orbit	90	77	averaged_background_story_orbit_aesthetic_origin_distance	pending_art_reference
WC00939	Aeranormarrowarel939	background	V1	B15	garden watcher	Vayne	xeth glyph yard	Dervish source orbit	90	77	averaged_background_story_orbit_aesthetic_origin_distance	pending_art_reference
WC00940	Aermaelorluthdria940	story	V1	B16	stone archivist	Null-Heart	stone fen	Pip source orbit	90	77	averaged_background_story_orbit_aesthetic_origin_distance	pending_art_reference
WC00941	Ashaeliongroveael941	recurring-background	V1	B17	orchard guard	Iron-Song	pocket sanctuary	Rolzen source orbit	90	77	averaged_background_story_orbit_aesthetic_origin_distance	pending_art_reference
WC00942	Aermaeloremberdria942	deep-background	V1	B18	sonomancy listener	Wren-Ash	glass orchard	Xethrolund source orbit	90	77	averaged_background_story_orbit_aesthetic_origin_distance	pending_art_reference
WC00943	Aerdalenevaraaeliel943	support	V1	B19	tunnel witness	Thorn-Vayne	neith edge	Rylos source orbit	90	77	averaged_background_story_orbit_aesthetic_origin_distance	pending_art_reference
WC00944	Aerindraluthaeliven944	background	V1	B20	threshold mason	Marso-len	willow-stone county	Kyreal source orbit	90	77	averaged_background_story_orbit_aesthetic_origin_distance	pending_art_reference
WC00945	Aerfiraevaraaelaria945	story	V1	B21	bookbinder	Rolzen-line	last open gate	Thessa source orbit	90	77	averaged_background_story_orbit_aesthetic_origin_distance	pending_art_reference
WC00946	Brenbrinaen946	recurring-background	V1	B22	bridge keeper	Kyreal-pack	diamond breakland	Kael source orbit	90	77	averaged_background_story_orbit_aesthetic_origin_distance	pending_art_reference
WC00947	Ashaavelindraaen947	deep-background	V1	B23	market singer	Xethrolund-glyph	black-heart ridge	Pael source orbit	90	77	averaged_background_story_orbit_aesthetic_origin_distance	pending_art_reference
WC00948	Aerindrabrookion948	support	V1	B24	glass forge worker	Pip-no-path	ash river	Soth source orbit	90	77	averaged_background_story_orbit_aesthetic_origin_distance	pending_art_reference
WC00949	Aerindrafenaen949	background	V1	B25	ripper survivor	Mack-ground	morrow market	Vellin source orbit	90	77	averaged_background_story_orbit_aesthetic_origin_distance	pending_art_reference
WC00950	Aerfiraluthaeliven950	story	V1	B26	map seller	Dervish-glass	root vale	Corrath source orbit	90	77	averaged_background_story_orbit_aesthetic_origin_distance	pending_art_reference
WC00951	Ashaeliondalenavel951	recurring-background	V1	B27	cellar cook	Vayne	ripper tunnel	Dervish source orbit	90	77	averaged_background_story_orbit_aesthetic_origin_distance	pending_art_reference
WC00952	Aerdalenluthiel952	deep-background	V1	B28	triage helper	Null-Heart	cello field	Pip source orbit	90	77	averaged_background_story_orbit_aesthetic_origin_distance	pending_art_reference
WC00953	Aermaelorcoriaaelen953	support	V1	B29	faction runner	Iron-Song	blue-light road	Rolzen source orbit	90	77	averaged_background_story_orbit_aesthetic_origin_distance	pending_art_reference
WC00954	Aeranoramarkelaniel954	background	V1	B30	wolf-road scout	Wren-Ash	xeth glyph yard	Xethrolund source orbit	90	77	averaged_background_story_orbit_aesthetic_origin_distance	pending_art_reference
WC00955	Ashaavelfiraamarel955	story	V1	B31	glyph apprentice	Thorn-Vayne	stone fen	Rylos source orbit	90	77	averaged_background_story_orbit_aesthetic_origin_distance	pending_art_reference
WC00956	Aerfiraianarel956	recurring-background	V1	B32	corridor child	Marso-len	pocket sanctuary	Kyreal source orbit	90	77	averaged_background_story_orbit_aesthetic_origin_distance	pending_art_reference
WC00957	Ashaavelcrownaria957	deep-background	V1	B33	field healer	Rolzen-line	glass orchard	Thessa source orbit	90	77	averaged_background_story_orbit_aesthetic_origin_distance	pending_art_reference
WC00958	Aermaelorianbrinaen958	support	V1	B01	cavern farmer	Kyreal-pack	neith edge	Kael source orbit	90	77	averaged_background_story_orbit_aesthetic_origin_distance	pending_art_reference
WC00959	Aeranorcairnael959	background	V1	B02	garden watcher	Xethrolund-glyph	willow-stone county	Pael source orbit	90	77	averaged_background_story_orbit_aesthetic_origin_distance	pending_art_reference
WC00960	Aeranoramarhaloren960	story	V1	B03	stone archivist	Pip-no-path	last open gate	Soth source orbit	90	77	averaged_background_story_orbit_aesthetic_origin_distance	pending_art_reference
WC00961	Aermaelorevaradria961	recurring-background	V1	B04	orchard guard	Mack-ground	diamond breakland	Vellin source orbit	90	77	averaged_background_story_orbit_aesthetic_origin_distance	pending_art_reference
WC00962	Aermaeloramaravel962	deep-background	V1	B05	sonomancy listener	Dervish-glass	black-heart ridge	Corrath source orbit	90	77	averaged_background_story_orbit_aesthetic_origin_distance	pending_art_reference
WC00963	Aerdalenianelle963	support	V1	B06	tunnel witness	Vayne	ash river	Dervish source orbit	90	77	averaged_background_story_orbit_aesthetic_origin_distance	pending_art_reference
WC00964	Aerfiraianbrookaen964	background	V1	B07	threshold mason	Null-Heart	morrow market	Pip source orbit	90	77	averaged_background_story_orbit_aesthetic_origin_distance	pending_art_reference
WC00965	Aermaelormireelle965	story	V1	B08	bookbinder	Iron-Song	root vale	Rolzen source orbit	90	77	averaged_background_story_orbit_aesthetic_origin_distance	pending_art_reference
WC00966	Aermaeloramardion966	recurring-background	V1	B09	bridge keeper	Wren-Ash	ripper tunnel	Xethrolund source orbit	90	77	averaged_background_story_orbit_aesthetic_origin_distance	pending_art_reference
WC00967	Aerfiracoriaaeliven967	deep-background	V1	B10	market singer	Thorn-Vayne	cello field	Rylos source orbit	90	77	averaged_background_story_orbit_aesthetic_origin_distance	pending_art_reference
WC00968	Ashanaraavel968	support	V1	B11	glass forge worker	Marso-len	blue-light road	Kyreal source orbit	90	77	averaged_background_story_orbit_aesthetic_origin_distance	pending_art_reference
WC00969	Aeranoramarmireaen969	background	V1	B12	ripper survivor	Rolzen-line	xeth glyph yard	Thessa source orbit	90	77	averaged_background_story_orbit_aesthetic_origin_distance	pending_art_reference
WC00970	Aerfiraamaraelavel970	story	V1	B13	map seller	Kyreal-pack	stone fen	Kael source orbit	90	77	averaged_background_story_orbit_aesthetic_origin_distance	pending_art_reference
WC00971	Brenhalorcrowniel971	recurring-background	V1	B14	cellar cook	Xethrolund-glyph	pocket sanctuary	Pael source orbit	90	77	averaged_background_story_orbit_aesthetic_origin_distance	pending_art_reference
WC00972	Ashagalenriveren972	deep-background	V1	B15	triage helper	Pip-no-path	glass orchard	Soth source orbit	90	77	averaged_background_story_orbit_aesthetic_origin_distance	pending_art_reference
WC00973	Aerindramireion973	support	V1	B16	faction runner	Mack-ground	neith edge	Vellin source orbit	90	77	averaged_background_story_orbit_aesthetic_origin_distance	pending_art_reference
WC00974	Aeranoriancinderaen974	background	V1	B17	wolf-road scout	Dervish-glass	willow-stone county	Corrath source orbit	90	77	averaged_background_story_orbit_aesthetic_origin_distance	pending_art_reference
WC00975	Ashagalenriverelle975	story	V1	B18	glyph apprentice	Vayne	last open gate	Dervish source orbit	90	77	averaged_background_story_orbit_aesthetic_origin_distance	pending_art_reference
WC00976	Aeranorcrowndria976	recurring-background	V1	B19	corridor child	Null-Heart	diamond breakland	Pip source orbit	90	77	averaged_background_story_orbit_aesthetic_origin_distance	pending_art_reference
WC00977	Ashaelionanorelle977	deep-background	V1	B20	field healer	Iron-Song	black-heart ridge	Rolzen source orbit	90	77	averaged_background_story_orbit_aesthetic_origin_distance	pending_art_reference
WC00978	Aeranorianbellaria978	support	V1	B21	cavern farmer	Wren-Ash	ash river	Xethrolund source orbit	90	77	averaged_background_story_orbit_aesthetic_origin_distance	pending_art_reference
WC00979	Aerindrabrookdion979	background	V1	B22	garden watcher	Thorn-Vayne	morrow market	Rylos source orbit	90	77	averaged_background_story_orbit_aesthetic_origin_distance	pending_art_reference
WC00980	Aerfirariveraen980	story	V1	B23	stone archivist	Marso-len	root vale	Kyreal source orbit	90	77	averaged_background_story_orbit_aesthetic_origin_distance	pending_art_reference
WC00981	Aerdalenianhalorel981	recurring-background	V1	B24	orchard guard	Rolzen-line	ripper tunnel	Thessa source orbit	90	77	averaged_background_story_orbit_aesthetic_origin_distance	pending_art_reference
WC00982	Aerindraluthkelanel982	deep-background	V1	B25	sonomancy listener	Kyreal-pack	cello field	Kael source orbit	90	77	averaged_background_story_orbit_aesthetic_origin_distance	pending_art_reference
WC00983	Aerdalencoriabrinel983	support	V1	B26	tunnel witness	Xethrolund-glyph	blue-light road	Pael source orbit	90	77	averaged_background_story_orbit_aesthetic_origin_distance	pending_art_reference
WC00984	Aerdalencoriabellel984	background	V1	B27	threshold mason	Pip-no-path	xeth glyph yard	Soth source orbit	90	77	averaged_background_story_orbit_aesthetic_origin_distance	pending_art_reference
WC00985	Ashaavelgroveen985	story	V1	B28	bookbinder	Mack-ground	stone fen	Vellin source orbit	90	77	averaged_background_story_orbit_aesthetic_origin_distance	pending_art_reference
WC00986	Brenbrinnaraanoren986	recurring-background	V1	B29	bridge keeper	Dervish-glass	pocket sanctuary	Corrath source orbit	90	77	averaged_background_story_orbit_aesthetic_origin_distance	pending_art_reference
WC00987	Aerfiraianaelavel987	deep-background	V1	B30	market singer	Vayne	glass orchard	Dervish source orbit	90	77	averaged_background_story_orbit_aesthetic_origin_distance	pending_art_reference
WC00988	Aeranorlarkavel988	support	V1	B31	glass forge worker	Null-Heart	neith edge	Pip source orbit	90	77	averaged_background_story_orbit_aesthetic_origin_distance	pending_art_reference
WC00989	Aeranorluthbrinelle989	background	V1	B32	ripper survivor	Iron-Song	willow-stone county	Rolzen source orbit	90	77	averaged_background_story_orbit_aesthetic_origin_distance	pending_art_reference
WC00990	Aerdalenluthendarel990	story	V1	B33	map seller	Wren-Ash	last open gate	Xethrolund source orbit	90	77	averaged_background_story_orbit_aesthetic_origin_distance	pending_art_reference
WC00991	Ashajorafiraamarael991	recurring-background	V1	B01	cellar cook	Thorn-Vayne	diamond breakland	Rylos source orbit	90	77	averaged_background_story_orbit_aesthetic_origin_distance	pending_art_reference
WC00992	Aerfiraianaelen992	deep-background	V1	B02	triage helper	Marso-len	black-heart ridge	Kyreal source orbit	90	77	averaged_background_story_orbit_aesthetic_origin_distance	pending_art_reference
WC00993	Aeranorcoriaaelael993	support	V1	B03	faction runner	Rolzen-line	ash river	Thessa source orbit	90	77	averaged_background_story_orbit_aesthetic_origin_distance	pending_art_reference
WC00994	Ashaelionion994	background	V1	B04	wolf-road scout	Kyreal-pack	morrow market	Kael source orbit	90	77	averaged_background_story_orbit_aesthetic_origin_distance	pending_art_reference
WC00995	Brenkelangalenel995	story	V1	B05	glyph apprentice	Xethrolund-glyph	root vale	Pael source orbit	90	77	averaged_background_story_orbit_aesthetic_origin_distance	pending_art_reference
WC00996	Aeranorianbellion996	recurring-background	V1	B06	corridor child	Pip-no-path	ripper tunnel	Soth source orbit	90	77	averaged_background_story_orbit_aesthetic_origin_distance	pending_art_reference
WC00997	Aeranorevaraavel997	deep-background	V1	B07	field healer	Mack-ground	cello field	Vellin source orbit	90	77	averaged_background_story_orbit_aesthetic_origin_distance	pending_art_reference
WC00998	Ashaelionemberaen998	support	V1	B08	cavern farmer	Dervish-glass	blue-light road	Corrath source orbit	90	77	averaged_background_story_orbit_aesthetic_origin_distance	pending_art_reference
WC00999	Aeranoremberdria999	background	V1	B09	garden watcher	Vayne	xeth glyph yard	Dervish source orbit	90	77	averaged_background_story_orbit_aesthetic_origin_distance	pending_art_reference
WC01000	Aerfiraiangroveelle1000	story	V1	B10	stone archivist	Null-Heart	stone fen	Pip source orbit	90	77	averaged_background_story_orbit_aesthetic_origin_distance	pending_art_reference
WC01001	Aerindrafendria1001	recurring-background	V1	B11	orchard guard	Iron-Song	pocket sanctuary	Rolzen source orbit	90	77	averaged_background_story_orbit_aesthetic_origin_distance	pending_art_reference
WC01002	Aerdalenevaradria1002	deep-background	V1	B12	sonomancy listener	Wren-Ash	glass orchard	Xethrolund source orbit	90	77	averaged_background_story_orbit_aesthetic_origin_distance	pending_art_reference
WC01003	Aeranorianaelelle1003	support	V1	B13	tunnel witness	Thorn-Vayne	neith edge	Rylos source orbit	90	77	averaged_background_story_orbit_aesthetic_origin_distance	pending_art_reference
WC01004	Aerindraluthmossen1004	background	V1	B14	threshold mason	Marso-len	willow-stone county	Kyreal source orbit	90	77	averaged_background_story_orbit_aesthetic_origin_distance	pending_art_reference
WC01005	Ashaelionfiradion1005	story	V1	B15	bookbinder	Rolzen-line	last open gate	Thessa source orbit	90	77	averaged_background_story_orbit_aesthetic_origin_distance	pending_art_reference
WC01006	Ashaelionfiradria1006	recurring-background	V1	B16	bridge keeper	Kyreal-pack	diamond breakland	Kael source orbit	90	77	averaged_background_story_orbit_aesthetic_origin_distance	pending_art_reference
WC01007	Aeranorevarakelanen1007	deep-background	V1	B17	market singer	Xethrolund-glyph	black-heart ridge	Pael source orbit	90	77	averaged_background_story_orbit_aesthetic_origin_distance	pending_art_reference
WC01008	Ashajoraanorluthel1008	support	V1	B18	glass forge worker	Pip-no-path	ash river	Soth source orbit	90	77	averaged_background_story_orbit_aesthetic_origin_distance	pending_art_reference
WC01009	Aerfiraamaraen1009	background	V1	B19	ripper survivor	Mack-ground	morrow market	Vellin source orbit	90	77	averaged_background_story_orbit_aesthetic_origin_distance	pending_art_reference
WC01010	Brenkelaniven1010	story	V1	B20	map seller	Dervish-glass	root vale	Corrath source orbit	90	77	averaged_background_story_orbit_aesthetic_origin_distance	pending_art_reference
WC01011	Aerindracoriaiel1011	recurring-background	V1	B21	cellar cook	Vayne	ripper tunnel	Dervish source orbit	90	77	averaged_background_story_orbit_aesthetic_origin_distance	pending_art_reference
WC01012	Aeranorluthemberen1012	deep-background	V1	B22	triage helper	Null-Heart	cello field	Pip source orbit	90	77	averaged_background_story_orbit_aesthetic_origin_distance	pending_art_reference
WC01013	Aerfiraluthivydria1013	support	V1	B23	faction runner	Iron-Song	blue-light road	Rolzen source orbit	90	77	averaged_background_story_orbit_aesthetic_origin_distance	pending_art_reference
WC01014	Ashagalenfirael1014	background	V1	B24	wolf-road scout	Wren-Ash	xeth glyph yard	Xethrolund source orbit	90	77	averaged_background_story_orbit_aesthetic_origin_distance	pending_art_reference
WC01015	Ashagalenanordria1015	story	V1	B25	glyph apprentice	Thorn-Vayne	stone fen	Rylos source orbit	90	77	averaged_background_story_orbit_aesthetic_origin_distance	pending_art_reference
WC01016	Aeranorcoriaashelle1016	recurring-background	V1	B26	corridor child	Marso-len	pocket sanctuary	Kyreal source orbit	90	77	averaged_background_story_orbit_aesthetic_origin_distance	pending_art_reference
WC01017	Aeranorianriverdion1017	deep-background	V1	B27	field healer	Rolzen-line	glass orchard	Thessa source orbit	90	77	averaged_background_story_orbit_aesthetic_origin_distance	pending_art_reference
WC01018	Aerindraianbrookaen1018	support	V1	B28	cavern farmer	Kyreal-pack	neith edge	Kael source orbit	90	77	averaged_background_story_orbit_aesthetic_origin_distance	pending_art_reference
WC01019	Aeranorevaraivyavel1019	background	V1	B29	garden watcher	Xethrolund-glyph	willow-stone county	Pael source orbit	90	77	averaged_background_story_orbit_aesthetic_origin_distance	pending_art_reference
WC01020	Aerdalenianlarkdria1020	story	V1	B30	stone archivist	Pip-no-path	last open gate	Soth source orbit	90	77	averaged_background_story_orbit_aesthetic_origin_distance	pending_art_reference
WC01021	Aeranoramarbrinelle1021	recurring-background	V1	B31	orchard guard	Mack-ground	diamond breakland	Vellin source orbit	90	77	averaged_background_story_orbit_aesthetic_origin_distance	pending_art_reference
WC01022	Aeranorcoriaaelaria1022	deep-background	V1	B32	sonomancy listener	Dervish-glass	black-heart ridge	Corrath source orbit	90	77	averaged_background_story_orbit_aesthetic_origin_distance	pending_art_reference
WC01023	Aermaelorquartzelle1023	support	V1	B33	tunnel witness	Vayne	ash river	Dervish source orbit	90	77	averaged_background_story_orbit_aesthetic_origin_distance	pending_art_reference
WC01024	Ashaelioncinderiven1024	background	V1	B01	threshold mason	Null-Heart	morrow market	Pip source orbit	90	77	averaged_background_story_orbit_aesthetic_origin_distance	pending_art_reference
WC01025	Aeranorianhaloriven1025	story	V1	B02	bookbinder	Iron-Song	root vale	Rolzen source orbit	90	77	averaged_background_story_orbit_aesthetic_origin_distance	pending_art_reference
WC01026	Aeranorgroveelle1026	recurring-background	V1	B03	bridge keeper	Wren-Ash	ripper tunnel	Xethrolund source orbit	90	77	averaged_background_story_orbit_aesthetic_origin_distance	pending_art_reference
WC01027	Aerdalenianbrinen1027	deep-background	V1	B04	market singer	Thorn-Vayne	cello field	Rylos source orbit	90	77	averaged_background_story_orbit_aesthetic_origin_distance	pending_art_reference
WC01028	Ashanaraindraluthen1028	support	V1	B05	glass forge worker	Marso-len	blue-light road	Kyreal source orbit	90	77	averaged_background_story_orbit_aesthetic_origin_distance	pending_art_reference
WC01029	Ashajoraindraiven1029	background	V1	B06	ripper survivor	Rolzen-line	xeth glyph yard	Thessa source orbit	90	77	averaged_background_story_orbit_aesthetic_origin_distance	pending_art_reference
WC01030	Aeranorluthbrinaen1030	story	V1	B07	map seller	Kyreal-pack	stone fen	Kael source orbit	90	77	averaged_background_story_orbit_aesthetic_origin_distance	pending_art_reference
WC01031	Aeranorianel1031	recurring-background	V1	B08	cellar cook	Xethrolund-glyph	pocket sanctuary	Pael source orbit	90	77	averaged_background_story_orbit_aesthetic_origin_distance	pending_art_reference
WC01032	Ashaavelfenarel1032	deep-background	V1	B09	triage helper	Pip-no-path	glass orchard	Soth source orbit	90	77	averaged_background_story_orbit_aesthetic_origin_distance	pending_art_reference
WC01033	Aeranorluthashavel1033	support	V1	B10	faction runner	Mack-ground	neith edge	Vellin source orbit	90	77	averaged_background_story_orbit_aesthetic_origin_distance	pending_art_reference
WC01034	Ashaavelanorianion1034	background	V1	B11	wolf-road scout	Dervish-glass	willow-stone county	Corrath source orbit	90	77	averaged_background_story_orbit_aesthetic_origin_distance	pending_art_reference
WC01035	Aeranorluthbellaria1035	story	V1	B12	glyph apprentice	Vayne	last open gate	Dervish source orbit	90	77	averaged_background_story_orbit_aesthetic_origin_distance	pending_art_reference
WC01036	Ashagalenanorion1036	recurring-background	V1	B13	corridor child	Null-Heart	diamond breakland	Pip source orbit	90	77	averaged_background_story_orbit_aesthetic_origin_distance	pending_art_reference
WC01037	Aeranorianendarel1037	deep-background	V1	B14	field healer	Iron-Song	black-heart ridge	Rolzen source orbit	90	77	averaged_background_story_orbit_aesthetic_origin_distance	pending_art_reference
WC01038	Ashajorahollowelle1038	support	V1	B15	cavern farmer	Wren-Ash	ash river	Xethrolund source orbit	90	77	averaged_background_story_orbit_aesthetic_origin_distance	pending_art_reference
WC01039	Aeranoramarendaren1039	background	V1	B16	garden watcher	Thorn-Vayne	morrow market	Rylos source orbit	90	77	averaged_background_story_orbit_aesthetic_origin_distance	pending_art_reference
WC01040	Ashagalengroveiel1040	story	V1	B17	stone archivist	Marso-len	root vale	Kyreal source orbit	90	77	averaged_background_story_orbit_aesthetic_origin_distance	pending_art_reference
WC01041	Aeranorluthaelel1041	recurring-background	V1	B18	orchard guard	Rolzen-line	ripper tunnel	Thessa source orbit	90	77	averaged_background_story_orbit_aesthetic_origin_distance	pending_art_reference
WC01042	Ashaavelashiel1042	deep-background	V1	B19	sonomancy listener	Kyreal-pack	cello field	Kael source orbit	90	77	averaged_background_story_orbit_aesthetic_origin_distance	pending_art_reference
WC01043	Aeranorevaraivyaria1043	support	V1	B20	tunnel witness	Xethrolund-glyph	blue-light road	Pael source orbit	90	77	averaged_background_story_orbit_aesthetic_origin_distance	pending_art_reference
WC01044	Aerindraiankelanion1044	background	V1	B21	threshold mason	Pip-no-path	xeth glyph yard	Soth source orbit	90	77	averaged_background_story_orbit_aesthetic_origin_distance	pending_art_reference
WC01045	Ashaelionelle1045	story	V1	B22	bookbinder	Mack-ground	stone fen	Vellin source orbit	90	77	averaged_background_story_orbit_aesthetic_origin_distance	pending_art_reference
WC01046	Aeranoramarkelanaen1046	recurring-background	V1	B23	bridge keeper	Dervish-glass	pocket sanctuary	Corrath source orbit	90	77	averaged_background_story_orbit_aesthetic_origin_distance	pending_art_reference
WC01047	Aerdalenluthaelavel1047	deep-background	V1	B24	market singer	Vayne	glass orchard	Dervish source orbit	90	77	averaged_background_story_orbit_aesthetic_origin_distance	pending_art_reference
WC01048	Aeranorluthemberion1048	support	V1	B25	glass forge worker	Null-Heart	neith edge	Pip source orbit	90	77	averaged_background_story_orbit_aesthetic_origin_distance	pending_art_reference
WC01049	Ashanaramarrowaria1049	background	V1	B26	ripper survivor	Iron-Song	willow-stone county	Rolzen source orbit	90	77	averaged_background_story_orbit_aesthetic_origin_distance	pending_art_reference
WC01050	Aerdalenamarkelanel1050	story	V1	B27	map seller	Wren-Ash	last open gate	Xethrolund source orbit	90	77	averaged_background_story_orbit_aesthetic_origin_distance	pending_art_reference
WC01051	Aerindramarrowaria1051	recurring-background	V1	B28	cellar cook	Thorn-Vayne	diamond breakland	Rylos source orbit	90	77	averaged_background_story_orbit_aesthetic_origin_distance	pending_art_reference
WC01052	Ashaelionemberavel1052	deep-background	V1	B29	triage helper	Marso-len	black-heart ridge	Kyreal source orbit	90	77	averaged_background_story_orbit_aesthetic_origin_distance	pending_art_reference
WC01053	Aerfiraevarakelanel1053	support	V1	B30	faction runner	Rolzen-line	ash river	Thessa source orbit	90	77	averaged_background_story_orbit_aesthetic_origin_distance	pending_art_reference
WC01054	Aeranoramaraeliven1054	background	V1	B31	wolf-road scout	Kyreal-pack	morrow market	Kael source orbit	90	77	averaged_background_story_orbit_aesthetic_origin_distance	pending_art_reference
WC01055	Aeranorcairniel1055	story	V1	B32	glyph apprentice	Xethrolund-glyph	root vale	Pael source orbit	90	77	averaged_background_story_orbit_aesthetic_origin_distance	pending_art_reference
WC01056	Aeranorianglassael1056	recurring-background	V1	B33	corridor child	Pip-no-path	ripper tunnel	Soth source orbit	90	77	averaged_background_story_orbit_aesthetic_origin_distance	pending_art_reference
WC01057	Ashajorabrookiel1057	deep-background	V1	B01	field healer	Mack-ground	cello field	Vellin source orbit	90	77	averaged_background_story_orbit_aesthetic_origin_distance	pending_art_reference
WC01058	Aeranorluthcinderen1058	support	V1	B02	cavern farmer	Dervish-glass	blue-light road	Corrath source orbit	90	77	averaged_background_story_orbit_aesthetic_origin_distance	pending_art_reference
WC01059	Aeranorgroveen1059	background	V1	B03	garden watcher	Vayne	xeth glyph yard	Dervish source orbit	90	77	averaged_background_story_orbit_aesthetic_origin_distance	pending_art_reference
WC01060	Aeranorianarel1060	story	V1	B04	stone archivist	Null-Heart	stone fen	Pip source orbit	90	77	averaged_background_story_orbit_aesthetic_origin_distance	pending_art_reference
WC01061	Aeranorianbriniel1061	recurring-background	V1	B05	orchard guard	Iron-Song	pocket sanctuary	Rolzen source orbit	90	77	averaged_background_story_orbit_aesthetic_origin_distance	pending_art_reference
WC01062	Ashajorahollowael1062	deep-background	V1	B06	sonomancy listener	Wren-Ash	glass orchard	Xethrolund source orbit	90	77	averaged_background_story_orbit_aesthetic_origin_distance	pending_art_reference
WC01063	Aerindraamaraeliel1063	support	V1	B07	tunnel witness	Thorn-Vayne	neith edge	Rylos source orbit	90	77	averaged_background_story_orbit_aesthetic_origin_distance	pending_art_reference
WC01064	Aerindraianhaloren1064	background	V1	B08	threshold mason	Marso-len	willow-stone county	Kyreal source orbit	90	77	averaged_background_story_orbit_aesthetic_origin_distance	pending_art_reference
WC01065	Aerdalenamarbrinel1065	story	V1	B09	bookbinder	Rolzen-line	last open gate	Thessa source orbit	90	77	averaged_background_story_orbit_aesthetic_origin_distance	pending_art_reference
WC01066	Aermaelorianel1066	recurring-background	V1	B10	bridge keeper	Kyreal-pack	diamond breakland	Kael source orbit	90	77	averaged_background_story_orbit_aesthetic_origin_distance	pending_art_reference
WC01067	Aerdalenianivydria1067	deep-background	V1	B11	market singer	Xethrolund-glyph	black-heart ridge	Pael source orbit	90	77	averaged_background_story_orbit_aesthetic_origin_distance	pending_art_reference
WC01068	Aerfiracoriaion1068	support	V1	B12	glass forge worker	Pip-no-path	ash river	Soth source orbit	90	77	averaged_background_story_orbit_aesthetic_origin_distance	pending_art_reference
WC01069	Aeranorevaraaelel1069	background	V1	B13	ripper survivor	Mack-ground	morrow market	Vellin source orbit	90	77	averaged_background_story_orbit_aesthetic_origin_distance	pending_art_reference
WC01070	Aerfiraiandion1070	story	V1	B14	map seller	Dervish-glass	root vale	Corrath source orbit	90	77	averaged_background_story_orbit_aesthetic_origin_distance	pending_art_reference
WC01071	Aermaeloramariel1071	recurring-background	V1	B15	cellar cook	Vayne	ripper tunnel	Dervish source orbit	90	77	averaged_background_story_orbit_aesthetic_origin_distance	pending_art_reference
WC01072	Aerfiraevarakelanen1072	deep-background	V1	B16	triage helper	Null-Heart	cello field	Pip source orbit	90	77	averaged_background_story_orbit_aesthetic_origin_distance	pending_art_reference
WC01073	Ashaavelfiraavel1073	support	V1	B17	faction runner	Iron-Song	blue-light road	Rolzen source orbit	90	77	averaged_background_story_orbit_aesthetic_origin_distance	pending_art_reference
WC01074	Ashaavelmireel1074	background	V1	B18	wolf-road scout	Wren-Ash	xeth glyph yard	Xethrolund source orbit	90	77	averaged_background_story_orbit_aesthetic_origin_distance	pending_art_reference
WC01075	Aerfiraamarbellavel1075	story	V1	B19	glyph apprentice	Thorn-Vayne	stone fen	Rylos source orbit	90	77	averaged_background_story_orbit_aesthetic_origin_distance	pending_art_reference
WC01076	Aeranoramarbriniel1076	recurring-background	V1	B20	corridor child	Marso-len	pocket sanctuary	Kyreal source orbit	90	77	averaged_background_story_orbit_aesthetic_origin_distance	pending_art_reference
WC01077	Aerfiraamaren1077	deep-background	V1	B21	field healer	Rolzen-line	glass orchard	Thessa source orbit	90	77	averaged_background_story_orbit_aesthetic_origin_distance	pending_art_reference
WC01078	Aerdalenlarkion1078	support	V1	B22	cavern farmer	Kyreal-pack	neith edge	Kael source orbit	90	77	averaged_background_story_orbit_aesthetic_origin_distance	pending_art_reference
WC01079	Aeranorcoriaivyavel1079	background	V1	B23	garden watcher	Xethrolund-glyph	willow-stone county	Pael source orbit	90	77	averaged_background_story_orbit_aesthetic_origin_distance	pending_art_reference
WC01080	Aerfiraiankelanen1080	story	V1	B24	stone archivist	Pip-no-path	last open gate	Soth source orbit	90	77	averaged_background_story_orbit_aesthetic_origin_distance	pending_art_reference
WC01081	Aermaelorcoriaarel1081	recurring-background	V1	B25	orchard guard	Mack-ground	diamond breakland	Vellin source orbit	90	77	averaged_background_story_orbit_aesthetic_origin_distance	pending_art_reference
WC01082	Aerindraianhalorion1082	deep-background	V1	B26	sonomancy listener	Dervish-glass	black-heart ridge	Corrath source orbit	90	77	averaged_background_story_orbit_aesthetic_origin_distance	pending_art_reference
WC01083	Aeranorgroveiel1083	support	V1	B27	tunnel witness	Vayne	ash river	Dervish source orbit	90	77	averaged_background_story_orbit_aesthetic_origin_distance	pending_art_reference
WC01084	Aerdalenianaria1084	background	V1	B28	threshold mason	Null-Heart	morrow market	Pip source orbit	90	77	averaged_background_story_orbit_aesthetic_origin_distance	pending_art_reference
WC01085	Brenhalorgalenael1085	story	V1	B29	bookbinder	Iron-Song	root vale	Rolzen source orbit	90	77	averaged_background_story_orbit_aesthetic_origin_distance	pending_art_reference
WC01086	Aeranorevarabellen1086	recurring-background	V1	B30	bridge keeper	Wren-Ash	ripper tunnel	Xethrolund source orbit	90	77	averaged_background_story_orbit_aesthetic_origin_distance	pending_art_reference
WC01087	Aermaeloriandion1087	deep-background	V1	B31	market singer	Thorn-Vayne	cello field	Rylos source orbit	90	77	averaged_background_story_orbit_aesthetic_origin_distance	pending_art_reference
WC01088	Ashaelionindraion1088	support	V1	B32	glass forge worker	Marso-len	blue-light road	Kyreal source orbit	90	77	averaged_background_story_orbit_aesthetic_origin_distance	pending_art_reference
WC01089	Aerdalenmossel1089	background	V1	B33	ripper survivor	Rolzen-line	xeth glyph yard	Thessa source orbit	90	77	averaged_background_story_orbit_aesthetic_origin_distance	pending_art_reference
WC01090	Aeranorbellaria1090	story	V1	B01	map seller	Kyreal-pack	stone fen	Kael source orbit	90	77	averaged_background_story_orbit_aesthetic_origin_distance	pending_art_reference
WC01091	Aerfiraamaraelaen1091	recurring-background	V1	B02	cellar cook	Xethrolund-glyph	pocket sanctuary	Pael source orbit	90	77	averaged_background_story_orbit_aesthetic_origin_distance	pending_art_reference
WC01092	Aeranoramarbrinaen1092	deep-background	V1	B03	triage helper	Pip-no-path	glass orchard	Soth source orbit	90	77	averaged_background_story_orbit_aesthetic_origin_distance	pending_art_reference
WC01093	Aerfiraluthbrinavel1093	support	V1	B04	faction runner	Mack-ground	neith edge	Vellin source orbit	90	77	averaged_background_story_orbit_aesthetic_origin_distance	pending_art_reference
WC01094	Aermaelorianael1094	background	V1	B05	wolf-road scout	Dervish-glass	willow-stone county	Corrath source orbit	90	77	averaged_background_story_orbit_aesthetic_origin_distance	pending_art_reference
WC01095	Aerfiracoriaaelel1095	story	V1	B06	glyph apprentice	Vayne	last open gate	Dervish source orbit	90	77	averaged_background_story_orbit_aesthetic_origin_distance	pending_art_reference
WC01096	Ashaavelforgeael1096	recurring-background	V1	B07	corridor child	Null-Heart	diamond breakland	Pip source orbit	90	77	averaged_background_story_orbit_aesthetic_origin_distance	pending_art_reference
WC01097	Aeranorcoriaivyaria1097	deep-background	V1	B08	field healer	Iron-Song	black-heart ridge	Rolzen source orbit	90	77	averaged_background_story_orbit_aesthetic_origin_distance	pending_art_reference
WC01098	Aeranorquartzaen1098	support	V1	B09	cavern farmer	Wren-Ash	ash river	Xethrolund source orbit	90	77	averaged_background_story_orbit_aesthetic_origin_distance	pending_art_reference
WC01099	Aerfiraamarlarkiven1099	background	V1	B10	garden watcher	Thorn-Vayne	morrow market	Rylos source orbit	90	77	averaged_background_story_orbit_aesthetic_origin_distance	pending_art_reference
WC01100	Aeranorianbrinaria1100	story	V1	B11	stone archivist	Marso-len	root vale	Kyreal source orbit	90	77	averaged_background_story_orbit_aesthetic_origin_distance	pending_art_reference
WC01101	Aeranorianhollowel1101	recurring-background	V1	B12	orchard guard	Rolzen-line	ripper tunnel	Thessa source orbit	90	77	averaged_background_story_orbit_aesthetic_origin_distance	pending_art_reference
WC01102	Ashaavelfiraelle1102	deep-background	V1	B13	sonomancy listener	Kyreal-pack	cello field	Kael source orbit	90	77	averaged_background_story_orbit_aesthetic_origin_distance	pending_art_reference
WC01103	Brenendarion1103	support	V1	B14	tunnel witness	Xethrolund-glyph	blue-light road	Pael source orbit	90	77	averaged_background_story_orbit_aesthetic_origin_distance	pending_art_reference
WC01104	Aerdalencoriaavel1104	background	V1	B15	threshold mason	Pip-no-path	xeth glyph yard	Soth source orbit	90	77	averaged_background_story_orbit_aesthetic_origin_distance	pending_art_reference
WC01105	Ashaavelanorfenaria1105	story	V1	B16	bookbinder	Mack-ground	stone fen	Vellin source orbit	90	77	averaged_background_story_orbit_aesthetic_origin_distance	pending_art_reference
WC01106	Aeranorhollowael1106	recurring-background	V1	B17	bridge keeper	Dervish-glass	pocket sanctuary	Corrath source orbit	90	77	averaged_background_story_orbit_aesthetic_origin_distance	pending_art_reference
WC01107	Aeranoramarhaloraen1107	deep-background	V1	B18	market singer	Vayne	glass orchard	Dervish source orbit	90	77	averaged_background_story_orbit_aesthetic_origin_distance	pending_art_reference
WC01108	Aeranoriankelanion1108	support	V1	B19	glass forge worker	Null-Heart	neith edge	Pip source orbit	90	77	averaged_background_story_orbit_aesthetic_origin_distance	pending_art_reference
WC01109	Brenbrinavelavel1109	background	V1	B20	ripper survivor	Iron-Song	willow-stone county	Rolzen source orbit	90	77	averaged_background_story_orbit_aesthetic_origin_distance	pending_art_reference
WC01110	Aeranoramarbrinel1110	story	V1	B21	map seller	Wren-Ash	last open gate	Xethrolund source orbit	90	77	averaged_background_story_orbit_aesthetic_origin_distance	pending_art_reference
WC01111	Ashagalenfiradria1111	recurring-background	V1	B22	cellar cook	Thorn-Vayne	diamond breakland	Rylos source orbit	90	77	averaged_background_story_orbit_aesthetic_origin_distance	pending_art_reference
WC01112	Aerfiraamarendaren1112	deep-background	V1	B23	triage helper	Marso-len	black-heart ridge	Kyreal source orbit	90	77	averaged_background_story_orbit_aesthetic_origin_distance	pending_art_reference
WC01113	Aerindraamarendarel1113	support	V1	B24	faction runner	Rolzen-line	ash river	Thessa source orbit	90	77	averaged_background_story_orbit_aesthetic_origin_distance	pending_art_reference
WC01114	Aeranorglasselle1114	background	V1	B25	wolf-road scout	Kyreal-pack	morrow market	Kael source orbit	90	77	averaged_background_story_orbit_aesthetic_origin_distance	pending_art_reference
WC01115	Aerdalenriverdion1115	story	V1	B26	glyph apprentice	Xethrolund-glyph	root vale	Pael source orbit	90	77	averaged_background_story_orbit_aesthetic_origin_distance	pending_art_reference
WC01116	Aeranoramarglassel1116	recurring-background	V1	B27	corridor child	Pip-no-path	ripper tunnel	Soth source orbit	90	77	averaged_background_story_orbit_aesthetic_origin_distance	pending_art_reference
WC01117	Aeranoramarhalorion1117	deep-background	V1	B28	field healer	Mack-ground	cello field	Vellin source orbit	90	77	averaged_background_story_orbit_aesthetic_origin_distance	pending_art_reference
WC01118	Ashagalenmaeloravel1118	support	V1	B29	cavern farmer	Dervish-glass	blue-light road	Corrath source orbit	90	77	averaged_background_story_orbit_aesthetic_origin_distance	pending_art_reference
WC01119	Aerdalenluthlarkiel1119	background	V1	B30	garden watcher	Vayne	xeth glyph yard	Dervish source orbit	90	77	averaged_background_story_orbit_aesthetic_origin_distance	pending_art_reference
WC01120	Aerfiraevaradria1120	story	V1	B31	stone archivist	Null-Heart	stone fen	Pip source orbit	90	77	averaged_background_story_orbit_aesthetic_origin_distance	pending_art_reference
WC01121	Aeranorevaraashiel1121	recurring-background	V1	B32	orchard guard	Iron-Song	pocket sanctuary	Rolzen source orbit	90	77	averaged_background_story_orbit_aesthetic_origin_distance	pending_art_reference
WC01122	Ashaelionmireion1122	deep-background	V1	B33	sonomancy listener	Wren-Ash	glass orchard	Xethrolund source orbit	90	77	averaged_background_story_orbit_aesthetic_origin_distance	pending_art_reference
WC01123	Ashaelioncairnaria1123	support	V1	B01	tunnel witness	Thorn-Vayne	neith edge	Rylos source orbit	90	77	averaged_background_story_orbit_aesthetic_origin_distance	pending_art_reference
WC01124	Aerdalenianmossdria1124	background	V1	B02	threshold mason	Marso-len	willow-stone county	Kyreal source orbit	90	77	averaged_background_story_orbit_aesthetic_origin_distance	pending_art_reference
WC01125	Aerfiraamarbrinaria1125	story	V1	B03	bookbinder	Rolzen-line	last open gate	Thessa source orbit	90	77	averaged_background_story_orbit_aesthetic_origin_distance	pending_art_reference
WC01126	Ashagalenivyiven1126	recurring-background	V1	B04	bridge keeper	Kyreal-pack	diamond breakland	Kael source orbit	90	77	averaged_background_story_orbit_aesthetic_origin_distance	pending_art_reference
WC01127	Aerfiraevaraelle1127	deep-background	V1	B05	market singer	Xethrolund-glyph	black-heart ridge	Pael source orbit	90	77	averaged_background_story_orbit_aesthetic_origin_distance	pending_art_reference
WC01128	Ashaavelfiraianel1128	support	V1	B06	glass forge worker	Pip-no-path	ash river	Soth source orbit	90	77	averaged_background_story_orbit_aesthetic_origin_distance	pending_art_reference
WC01129	Aerdalenluthashael1129	background	V1	B07	ripper survivor	Mack-ground	morrow market	Vellin source orbit	90	77	averaged_background_story_orbit_aesthetic_origin_distance	pending_art_reference
WC01130	Aerdalenmiredion1130	story	V1	B08	map seller	Dervish-glass	root vale	Corrath source orbit	90	77	averaged_background_story_orbit_aesthetic_origin_distance	pending_art_reference
WC01131	Aerindraluthiel1131	recurring-background	V1	B09	cellar cook	Vayne	ripper tunnel	Dervish source orbit	90	77	averaged_background_story_orbit_aesthetic_origin_distance	pending_art_reference
WC01132	Aerdalenglasselle1132	deep-background	V1	B10	triage helper	Null-Heart	cello field	Pip source orbit	90	77	averaged_background_story_orbit_aesthetic_origin_distance	pending_art_reference
WC01133	Ashaelionfiraaen1133	support	V1	B11	faction runner	Iron-Song	blue-light road	Rolzen source orbit	90	77	averaged_background_story_orbit_aesthetic_origin_distance	pending_art_reference
WC01134	Ashajoramaeloraria1134	background	V1	B12	wolf-road scout	Wren-Ash	xeth glyph yard	Xethrolund source orbit	90	77	averaged_background_story_orbit_aesthetic_origin_distance	pending_art_reference
WC01135	Aerdalenbrookel1135	story	V1	B13	glyph apprentice	Thorn-Vayne	stone fen	Rylos source orbit	90	77	averaged_background_story_orbit_aesthetic_origin_distance	pending_art_reference
WC01136	Ashaavelmaeloraria1136	recurring-background	V1	B14	corridor child	Marso-len	pocket sanctuary	Kyreal source orbit	90	77	averaged_background_story_orbit_aesthetic_origin_distance	pending_art_reference
WC01137	Aerfiracinderarel1137	deep-background	V1	B15	field healer	Rolzen-line	glass orchard	Thessa source orbit	90	77	averaged_background_story_orbit_aesthetic_origin_distance	pending_art_reference
WC01138	Aeranoriangroveavel1138	support	V1	B16	cavern farmer	Kyreal-pack	neith edge	Kael source orbit	90	77	averaged_background_story_orbit_aesthetic_origin_distance	pending_art_reference
WC01139	Aerdalencairnion1139	background	V1	B17	garden watcher	Xethrolund-glyph	willow-stone county	Pael source orbit	90	77	averaged_background_story_orbit_aesthetic_origin_distance	pending_art_reference
WC01140	Aerfiraianendararel1140	story	V1	B18	stone archivist	Pip-no-path	last open gate	Soth source orbit	90	77	averaged_background_story_orbit_aesthetic_origin_distance	pending_art_reference
WC01141	Aerindraianarel1141	recurring-background	V1	B19	orchard guard	Mack-ground	diamond breakland	Vellin source orbit	90	77	averaged_background_story_orbit_aesthetic_origin_distance	pending_art_reference
WC01142	Ashajoraemberelle1142	deep-background	V1	B20	sonomancy listener	Dervish-glass	black-heart ridge	Corrath source orbit	90	77	averaged_background_story_orbit_aesthetic_origin_distance	pending_art_reference
WC01143	Aeranorianaeliven1143	support	V1	B21	tunnel witness	Vayne	ash river	Dervish source orbit	90	77	averaged_background_story_orbit_aesthetic_origin_distance	pending_art_reference
WC01144	Aermaelorcrownel1144	background	V1	B22	threshold mason	Null-Heart	morrow market	Pip source orbit	90	77	averaged_background_story_orbit_aesthetic_origin_distance	pending_art_reference
WC01145	Aerfiraluthhaloren1145	story	V1	B23	bookbinder	Iron-Song	root vale	Rolzen source orbit	90	77	averaged_background_story_orbit_aesthetic_origin_distance	pending_art_reference
WC01146	Aeranoramarbelldria1146	recurring-background	V1	B24	bridge keeper	Wren-Ash	ripper tunnel	Xethrolund source orbit	90	77	averaged_background_story_orbit_aesthetic_origin_distance	pending_art_reference
WC01147	Aeranorcoriaglassen1147	deep-background	V1	B25	market singer	Thorn-Vayne	cello field	Rylos source orbit	90	77	averaged_background_story_orbit_aesthetic_origin_distance	pending_art_reference
WC01148	Ashaelionanorel1148	support	V1	B26	glass forge worker	Marso-len	blue-light road	Kyreal source orbit	90	77	averaged_background_story_orbit_aesthetic_origin_distance	pending_art_reference
WC01149	Aermaelorianion1149	background	V1	B27	ripper survivor	Rolzen-line	xeth glyph yard	Thessa source orbit	90	77	averaged_background_story_orbit_aesthetic_origin_distance	pending_art_reference
WC01150	Aermaelorevaraion1150	story	V1	B28	map seller	Kyreal-pack	stone fen	Kael source orbit	90	77	averaged_background_story_orbit_aesthetic_origin_distance	pending_art_reference
WC01151	Ashaaveldalenianion1151	recurring-background	V1	B29	cellar cook	Xethrolund-glyph	pocket sanctuary	Pael source orbit	90	77	averaged_background_story_orbit_aesthetic_origin_distance	pending_art_reference
WC01152	Ashaaveldalendria1152	deep-background	V1	B30	triage helper	Pip-no-path	glass orchard	Soth source orbit	90	77	averaged_background_story_orbit_aesthetic_origin_distance	pending_art_reference
WC01153	Aerfiraianael1153	support	V1	B31	faction runner	Mack-ground	neith edge	Vellin source orbit	90	77	averaged_background_story_orbit_aesthetic_origin_distance	pending_art_reference
WC01154	Aerfiraluthivyavel1154	background	V1	B32	wolf-road scout	Dervish-glass	willow-stone county	Corrath source orbit	90	77	averaged_background_story_orbit_aesthetic_origin_distance	pending_art_reference
WC01155	Ashagalenmaelorelle1155	story	V1	B33	glyph apprentice	Vayne	last open gate	Dervish source orbit	90	77	averaged_background_story_orbit_aesthetic_origin_distance	pending_art_reference
WC01156	Ashajoramossael1156	recurring-background	V1	B01	corridor child	Null-Heart	diamond breakland	Pip source orbit	90	77	averaged_background_story_orbit_aesthetic_origin_distance	pending_art_reference
WC01157	Ashaavelgroveelle1157	deep-background	V1	B02	field healer	Iron-Song	black-heart ridge	Rolzen source orbit	90	77	averaged_background_story_orbit_aesthetic_origin_distance	pending_art_reference
WC01158	Ashagalencairnelle1158	support	V1	B03	cavern farmer	Wren-Ash	ash river	Xethrolund source orbit	90	77	averaged_background_story_orbit_aesthetic_origin_distance	pending_art_reference
WC01159	Aerfiraluthaelen1159	background	V1	B04	garden watcher	Thorn-Vayne	morrow market	Rylos source orbit	90	77	averaged_background_story_orbit_aesthetic_origin_distance	pending_art_reference
WC01160	Aeranorluthmossel1160	story	V1	B05	stone archivist	Marso-len	root vale	Kyreal source orbit	90	77	averaged_background_story_orbit_aesthetic_origin_distance	pending_art_reference
WC01161	Aerfiraluthmirearia1161	recurring-background	V1	B06	orchard guard	Rolzen-line	ripper tunnel	Thessa source orbit	90	77	averaged_background_story_orbit_aesthetic_origin_distance	pending_art_reference
WC01162	Aerindracrownaen1162	deep-background	V1	B07	sonomancy listener	Kyreal-pack	cello field	Kael source orbit	90	77	averaged_background_story_orbit_aesthetic_origin_distance	pending_art_reference
WC01163	Aerdalenianivyaria1163	support	V1	B08	tunnel witness	Xethrolund-glyph	blue-light road	Pael source orbit	90	77	averaged_background_story_orbit_aesthetic_origin_distance	pending_art_reference
WC01164	Ashaeliondalenelle1164	background	V1	B09	threshold mason	Pip-no-path	xeth glyph yard	Soth source orbit	90	77	averaged_background_story_orbit_aesthetic_origin_distance	pending_art_reference
WC01165	Aeranoramarbrinavel1165	story	V1	B10	bookbinder	Mack-ground	stone fen	Vellin source orbit	90	77	averaged_background_story_orbit_aesthetic_origin_distance	pending_art_reference
WC01166	Ashagalenanorarel1166	recurring-background	V1	B11	bridge keeper	Dervish-glass	pocket sanctuary	Corrath source orbit	90	77	averaged_background_story_orbit_aesthetic_origin_distance	pending_art_reference
WC01167	Ashaavelmaelorarel1167	deep-background	V1	B12	market singer	Vayne	glass orchard	Dervish source orbit	90	77	averaged_background_story_orbit_aesthetic_origin_distance	pending_art_reference
WC01168	Aerindraianaen1168	support	V1	B13	glass forge worker	Null-Heart	neith edge	Pip source orbit	90	77	averaged_background_story_orbit_aesthetic_origin_distance	pending_art_reference
WC01169	Aeranorcoriaaeldion1169	background	V1	B14	ripper survivor	Iron-Song	willow-stone county	Rolzen source orbit	90	77	averaged_background_story_orbit_aesthetic_origin_distance	pending_art_reference
WC01170	Aerdalenluthaelel1170	story	V1	B15	map seller	Wren-Ash	last open gate	Xethrolund source orbit	90	77	averaged_background_story_orbit_aesthetic_origin_distance	pending_art_reference
WC01171	Aerindraiancrownaen1171	recurring-background	V1	B16	cellar cook	Thorn-Vayne	diamond breakland	Rylos source orbit	90	77	averaged_background_story_orbit_aesthetic_origin_distance	pending_art_reference
WC01172	Brenaelorchardaria1172	deep-background	V1	B17	triage helper	Marso-len	black-heart ridge	Kyreal source orbit	90	77	averaged_background_story_orbit_aesthetic_origin_distance	pending_art_reference
WC01173	Aerfiraianhollowel1173	support	V1	B18	faction runner	Rolzen-line	ash river	Thessa source orbit	90	77	averaged_background_story_orbit_aesthetic_origin_distance	pending_art_reference
WC01174	Aerdalenluthbrinen1174	background	V1	B19	wolf-road scout	Kyreal-pack	morrow market	Kael source orbit	90	77	averaged_background_story_orbit_aesthetic_origin_distance	pending_art_reference
WC01175	Ashaavelfiraaen1175	story	V1	B20	glyph apprentice	Xethrolund-glyph	root vale	Pael source orbit	90	77	averaged_background_story_orbit_aesthetic_origin_distance	pending_art_reference
WC01176	Ashaelionindradion1176	recurring-background	V1	B21	corridor child	Pip-no-path	ripper tunnel	Soth source orbit	90	77	averaged_background_story_orbit_aesthetic_origin_distance	pending_art_reference
WC01177	Ashaeliongroveelle1177	deep-background	V1	B22	field healer	Mack-ground	cello field	Vellin source orbit	90	77	averaged_background_story_orbit_aesthetic_origin_distance	pending_art_reference
WC01178	Aerindraianbrindria1178	support	V1	B23	cavern farmer	Dervish-glass	blue-light road	Corrath source orbit	90	77	averaged_background_story_orbit_aesthetic_origin_distance	pending_art_reference
WC01179	Ashaavelhollowaria1179	background	V1	B24	garden watcher	Vayne	xeth glyph yard	Dervish source orbit	90	77	averaged_background_story_orbit_aesthetic_origin_distance	pending_art_reference
WC01180	Ashaelionforgearia1180	story	V1	B25	stone archivist	Null-Heart	stone fen	Pip source orbit	90	77	averaged_background_story_orbit_aesthetic_origin_distance	pending_art_reference
WC01181	Aerindraamaren1181	recurring-background	V1	B26	orchard guard	Iron-Song	pocket sanctuary	Rolzen source orbit	90	77	averaged_background_story_orbit_aesthetic_origin_distance	pending_art_reference
WC01182	Aeranorianlarkiel1182	deep-background	V1	B27	sonomancy listener	Wren-Ash	glass orchard	Xethrolund source orbit	90	77	averaged_background_story_orbit_aesthetic_origin_distance	pending_art_reference
WC01183	Aeranorbrookiven1183	support	V1	B28	tunnel witness	Thorn-Vayne	neith edge	Rylos source orbit	90	77	averaged_background_story_orbit_aesthetic_origin_distance	pending_art_reference
WC01184	Aeranoramarkelanen1184	background	V1	B29	threshold mason	Marso-len	willow-stone county	Kyreal source orbit	90	77	averaged_background_story_orbit_aesthetic_origin_distance	pending_art_reference
WC01185	Ashaavelindradion1185	story	V1	B30	bookbinder	Rolzen-line	last open gate	Thessa source orbit	90	77	averaged_background_story_orbit_aesthetic_origin_distance	pending_art_reference
WC01186	Aerfiraluthaelaen1186	recurring-background	V1	B31	bridge keeper	Kyreal-pack	diamond breakland	Kael source orbit	90	77	averaged_background_story_orbit_aesthetic_origin_distance	pending_art_reference
WC01187	Ashaavelel1187	deep-background	V1	B32	market singer	Xethrolund-glyph	black-heart ridge	Pael source orbit	90	77	averaged_background_story_orbit_aesthetic_origin_distance	pending_art_reference
WC01188	Aeranorianhaloravel1188	support	V1	B33	glass forge worker	Pip-no-path	ash river	Soth source orbit	90	77	averaged_background_story_orbit_aesthetic_origin_distance	pending_art_reference
WC01189	Aeranorevaraaelion1189	background	V1	B01	ripper survivor	Mack-ground	morrow market	Vellin source orbit	90	77	averaged_background_story_orbit_aesthetic_origin_distance	pending_art_reference
WC01190	Ashaelionanoravel1190	story	V1	B02	map seller	Dervish-glass	root vale	Corrath source orbit	90	77	averaged_background_story_orbit_aesthetic_origin_distance	pending_art_reference
WC01191	Aerfiraamarlarkdria1191	recurring-background	V1	B03	cellar cook	Vayne	ripper tunnel	Dervish source orbit	90	77	averaged_background_story_orbit_aesthetic_origin_distance	pending_art_reference
WC01192	Aeranorluthbrinen1192	deep-background	V1	B04	triage helper	Null-Heart	cello field	Pip source orbit	90	77	averaged_background_story_orbit_aesthetic_origin_distance	pending_art_reference
WC01193	Brenaelgalenael1193	support	V1	B05	faction runner	Iron-Song	blue-light road	Rolzen source orbit	90	77	averaged_background_story_orbit_aesthetic_origin_distance	pending_art_reference
WC01194	Brenhalorelle1194	background	V1	B06	wolf-road scout	Wren-Ash	xeth glyph yard	Xethrolund source orbit	90	77	averaged_background_story_orbit_aesthetic_origin_distance	pending_art_reference
WC01195	Ashaavelindraarel1195	story	V1	B07	glyph apprentice	Thorn-Vayne	stone fen	Rylos source orbit	90	77	averaged_background_story_orbit_aesthetic_origin_distance	pending_art_reference
WC01196	Aerdalencairndria1196	recurring-background	V1	B08	corridor child	Marso-len	pocket sanctuary	Kyreal source orbit	90	77	averaged_background_story_orbit_aesthetic_origin_distance	pending_art_reference
WC01197	Aerfiraianen1197	deep-background	V1	B09	field healer	Rolzen-line	glass orchard	Thessa source orbit	90	77	averaged_background_story_orbit_aesthetic_origin_distance	pending_art_reference
WC01198	Ashanaraasharel1198	support	V1	B10	cavern farmer	Kyreal-pack	neith edge	Kael source orbit	90	77	averaged_background_story_orbit_aesthetic_origin_distance	pending_art_reference
WC01199	Ashagalenfiraluthel1199	background	V1	B11	garden watcher	Xethrolund-glyph	willow-stone county	Pael source orbit	90	77	averaged_background_story_orbit_aesthetic_origin_distance	pending_art_reference
WC01200	Ashagalenmireaen1200	story	V1	B12	stone archivist	Pip-no-path	last open gate	Soth source orbit	90	77	averaged_background_story_orbit_aesthetic_origin_distance	pending_art_reference
WC01201	Darodalenaria1201	recurring-background	V1	B13	orchard guard	Mack-ground	diamond breakland	Vellin source orbit	90	77	averaged_background_story_orbit_aesthetic_origin_distance	pending_art_reference
WC01202	Aerfiracoriaaelaria1202	deep-background	V1	B14	sonomancy listener	Dervish-glass	black-heart ridge	Corrath source orbit	90	77	averaged_background_story_orbit_aesthetic_origin_distance	pending_art_reference
WC01203	Aerdalenamarbrinen1203	support	V1	B15	tunnel witness	Vayne	ash river	Dervish source orbit	90	77	averaged_background_story_orbit_aesthetic_origin_distance	pending_art_reference
WC01204	Caelamarbrinaveliel1204	background	V1	B16	threshold mason	Null-Heart	morrow market	Pip source orbit	90	77	averaged_background_story_orbit_aesthetic_origin_distance	pending_art_reference
WC01205	Aermaelorianivyiven1205	story	V1	B17	bookbinder	Iron-Song	root vale	Rolzen source orbit	90	77	averaged_background_story_orbit_aesthetic_origin_distance	pending_art_reference
WC01206	Aeranorluthbriniven1206	recurring-background	V1	B18	bridge keeper	Wren-Ash	ripper tunnel	Xethrolund source orbit	90	77	averaged_background_story_orbit_aesthetic_origin_distance	pending_art_reference
WC01207	Ashagalencairnaen1207	deep-background	V1	B19	market singer	Thorn-Vayne	cello field	Rylos source orbit	90	77	averaged_background_story_orbit_aesthetic_origin_distance	pending_art_reference
WC01208	Brenendarelle1208	support	V1	B20	glass forge worker	Marso-len	blue-light road	Kyreal source orbit	90	77	averaged_background_story_orbit_aesthetic_origin_distance	pending_art_reference
WC01209	Aerdalenianbrinavel1209	background	V1	B21	ripper survivor	Rolzen-line	xeth glyph yard	Thessa source orbit	90	77	averaged_background_story_orbit_aesthetic_origin_distance	pending_art_reference
WC01210	Aeranorianmarrowaen1210	story	V1	B22	map seller	Kyreal-pack	stone fen	Kael source orbit	90	77	averaged_background_story_orbit_aesthetic_origin_distance	pending_art_reference
WC01211	Ashaelionbrookdria1211	recurring-background	V1	B23	cellar cook	Xethrolund-glyph	pocket sanctuary	Pael source orbit	90	77	averaged_background_story_orbit_aesthetic_origin_distance	pending_art_reference
WC01212	Aermaelorianaelaen1212	deep-background	V1	B24	triage helper	Pip-no-path	glass orchard	Soth source orbit	90	77	averaged_background_story_orbit_aesthetic_origin_distance	pending_art_reference
WC01213	Aerindrafenel1213	support	V1	B25	faction runner	Mack-ground	neith edge	Vellin source orbit	90	77	averaged_background_story_orbit_aesthetic_origin_distance	pending_art_reference
WC01214	Aerdalenhollowael1214	background	V1	B26	wolf-road scout	Dervish-glass	willow-stone county	Corrath source orbit	90	77	averaged_background_story_orbit_aesthetic_origin_distance	pending_art_reference
WC01215	Aeranorluthglassael1215	story	V1	B27	glyph apprentice	Vayne	last open gate	Dervish source orbit	90	77	averaged_background_story_orbit_aesthetic_origin_distance	pending_art_reference
WC01216	Aerdalenluthaeldion1216	recurring-background	V1	B28	corridor child	Null-Heart	diamond breakland	Pip source orbit	90	77	averaged_background_story_orbit_aesthetic_origin_distance	pending_art_reference
WC01217	Ashagalenquartzdion1217	deep-background	V1	B29	field healer	Iron-Song	black-heart ridge	Rolzen source orbit	90	77	averaged_background_story_orbit_aesthetic_origin_distance	pending_art_reference
WC01218	Aerfiraluthbrinion1218	support	V1	B30	cavern farmer	Wren-Ash	ash river	Xethrolund source orbit	90	77	averaged_background_story_orbit_aesthetic_origin_distance	pending_art_reference
WC01219	Aerindraevaradion1219	background	V1	B31	garden watcher	Thorn-Vayne	morrow market	Rylos source orbit	90	77	averaged_background_story_orbit_aesthetic_origin_distance	pending_art_reference
WC01220	Aerindraianhalorael1220	story	V1	B32	stone archivist	Marso-len	root vale	Kyreal source orbit	90	77	averaged_background_story_orbit_aesthetic_origin_distance	pending_art_reference
WC01221	Aerdalenluthcairnel1221	recurring-background	V1	B33	orchard guard	Rolzen-line	ripper tunnel	Thessa source orbit	90	77	averaged_background_story_orbit_aesthetic_origin_distance	pending_art_reference
WC01222	Aerdalencrownaen1222	deep-background	V1	B01	sonomancy listener	Kyreal-pack	cello field	Kael source orbit	90	77	averaged_background_story_orbit_aesthetic_origin_distance	pending_art_reference
WC01223	Aerindraluthaen1223	support	V1	B02	tunnel witness	Xethrolund-glyph	blue-light road	Pael source orbit	90	77	averaged_background_story_orbit_aesthetic_origin_distance	pending_art_reference
WC01224	Aeranoramarbellel1224	background	V1	B03	threshold mason	Pip-no-path	xeth glyph yard	Soth source orbit	90	77	averaged_background_story_orbit_aesthetic_origin_distance	pending_art_reference
WC01225	Aerdalenriverion1225	story	V1	B04	bookbinder	Mack-ground	stone fen	Vellin source orbit	90	77	averaged_background_story_orbit_aesthetic_origin_distance	pending_art_reference
WC01226	Aeranorianendaraen1226	recurring-background	V1	B05	bridge keeper	Dervish-glass	pocket sanctuary	Corrath source orbit	90	77	averaged_background_story_orbit_aesthetic_origin_distance	pending_art_reference
WC01227	Aeranoramarlarkavel1227	deep-background	V1	B06	market singer	Vayne	glass orchard	Dervish source orbit	90	77	averaged_background_story_orbit_aesthetic_origin_distance	pending_art_reference
WC01228	Ashajoraanorelle1228	support	V1	B07	glass forge worker	Null-Heart	neith edge	Pip source orbit	90	77	averaged_background_story_orbit_aesthetic_origin_distance	pending_art_reference
WC01229	Aeranorianen1229	background	V1	B08	ripper survivor	Iron-Song	willow-stone county	Rolzen source orbit	90	77	averaged_background_story_orbit_aesthetic_origin_distance	pending_art_reference
WC01230	Aerdalenamarbrinion1230	story	V1	B09	map seller	Wren-Ash	last open gate	Xethrolund source orbit	90	77	averaged_background_story_orbit_aesthetic_origin_distance	pending_art_reference
WC01231	Aermaelorgroveion1231	recurring-background	V1	B10	cellar cook	Thorn-Vayne	diamond breakland	Rylos source orbit	90	77	averaged_background_story_orbit_aesthetic_origin_distance	pending_art_reference
WC01232	Aerfiraamarbriniven1232	deep-background	V1	B11	triage helper	Marso-len	black-heart ridge	Kyreal source orbit	90	77	averaged_background_story_orbit_aesthetic_origin_distance	pending_art_reference
WC01233	Aerdalenivyaen1233	support	V1	B12	faction runner	Rolzen-line	ash river	Thessa source orbit	90	77	averaged_background_story_orbit_aesthetic_origin_distance	pending_art_reference
WC01234	Aerfiraamaremberen1234	background	V1	B13	wolf-road scout	Kyreal-pack	morrow market	Kael source orbit	90	77	averaged_background_story_orbit_aesthetic_origin_distance	pending_art_reference
WC01235	Aeranorfendion1235	story	V1	B14	glyph apprentice	Xethrolund-glyph	root vale	Pael source orbit	90	77	averaged_background_story_orbit_aesthetic_origin_distance	pending_art_reference
WC01236	Aeranorcoriaaelel1236	recurring-background	V1	B15	corridor child	Pip-no-path	ripper tunnel	Soth source orbit	90	77	averaged_background_story_orbit_aesthetic_origin_distance	pending_art_reference
WC01237	Aerfiraianashel1237	deep-background	V1	B16	field healer	Mack-ground	cello field	Vellin source orbit	90	77	averaged_background_story_orbit_aesthetic_origin_distance	pending_art_reference
WC01238	Aeranorluthkelanen1238	support	V1	B17	cavern farmer	Dervish-glass	blue-light road	Corrath source orbit	90	77	averaged_background_story_orbit_aesthetic_origin_distance	pending_art_reference
WC01239	Aerdalenianarel1239	background	V1	B18	garden watcher	Vayne	xeth glyph yard	Dervish source orbit	90	77	averaged_background_story_orbit_aesthetic_origin_distance	pending_art_reference
WC01240	Caelamarbriniel1240	story	V1	B19	stone archivist	Null-Heart	stone fen	Pip source orbit	90	77	averaged_background_story_orbit_aesthetic_origin_distance	pending_art_reference
WC01241	Aermaelorluthiven1241	recurring-background	V1	B20	orchard guard	Iron-Song	pocket sanctuary	Rolzen source orbit	90	77	averaged_background_story_orbit_aesthetic_origin_distance	pending_art_reference
WC01242	Aeranorquartzen1242	deep-background	V1	B21	sonomancy listener	Wren-Ash	glass orchard	Xethrolund source orbit	90	77	averaged_background_story_orbit_aesthetic_origin_distance	pending_art_reference
WC01243	Brenaelmossavel1243	support	V1	B22	tunnel witness	Thorn-Vayne	neith edge	Rylos source orbit	90	77	averaged_background_story_orbit_aesthetic_origin_distance	pending_art_reference
WC01244	Ashajorafiraavel1244	background	V1	B23	threshold mason	Marso-len	willow-stone county	Kyreal source orbit	90	77	averaged_background_story_orbit_aesthetic_origin_distance	pending_art_reference
WC01245	Ashanaraanordion1245	story	V1	B24	bookbinder	Rolzen-line	last open gate	Thessa source orbit	90	77	averaged_background_story_orbit_aesthetic_origin_distance	pending_art_reference
WC01246	Aerindraamarbrinaen1246	recurring-background	V1	B25	bridge keeper	Kyreal-pack	diamond breakland	Kael source orbit	90	77	averaged_background_story_orbit_aesthetic_origin_distance	pending_art_reference
WC01247	Aerdalenianashen1247	deep-background	V1	B26	market singer	Xethrolund-glyph	black-heart ridge	Pael source orbit	90	77	averaged_background_story_orbit_aesthetic_origin_distance	pending_art_reference
WC01248	Ashanaraelle1248	support	V1	B27	glass forge worker	Pip-no-path	ash river	Soth source orbit	90	77	averaged_background_story_orbit_aesthetic_origin_distance	pending_art_reference
WC01249	Ashaavelbrookelle1249	background	V1	B28	ripper survivor	Mack-ground	morrow market	Vellin source orbit	90	77	averaged_background_story_orbit_aesthetic_origin_distance	pending_art_reference
WC01250	Aerfiraianendariven1250	story	V1	B29	map seller	Dervish-glass	root vale	Corrath source orbit	90	77	averaged_background_story_orbit_aesthetic_origin_distance	pending_art_reference
WC01251	Aerindraemberdion1251	recurring-background	V1	B30	cellar cook	Vayne	ripper tunnel	Dervish source orbit	90	77	averaged_background_story_orbit_aesthetic_origin_distance	pending_art_reference
WC01252	Aeranorianbrindria1252	deep-background	V1	B31	triage helper	Null-Heart	cello field	Pip source orbit	90	77	averaged_background_story_orbit_aesthetic_origin_distance	pending_art_reference
WC01253	Aeranorevaraendaren1253	support	V1	B32	faction runner	Iron-Song	blue-light road	Rolzen source orbit	90	77	averaged_background_story_orbit_aesthetic_origin_distance	pending_art_reference
WC01254	Ashaavelfenion1254	background	V1	B33	wolf-road scout	Wren-Ash	xeth glyph yard	Xethrolund source orbit	90	77	averaged_background_story_orbit_aesthetic_origin_distance	pending_art_reference
WC01255	Brenbrinaveliel1255	story	V1	B01	glyph apprentice	Thorn-Vayne	stone fen	Rylos source orbit	90	77	averaged_background_story_orbit_aesthetic_origin_distance	pending_art_reference
WC01256	Aeranoramarashelle1256	recurring-background	V1	B02	corridor child	Marso-len	pocket sanctuary	Kyreal source orbit	90	77	averaged_background_story_orbit_aesthetic_origin_distance	pending_art_reference
WC01257	Aeranorluthiven1257	deep-background	V1	B03	field healer	Rolzen-line	glass orchard	Thessa source orbit	90	77	averaged_background_story_orbit_aesthetic_origin_distance	pending_art_reference
WC01258	Aerfiraglassael1258	support	V1	B04	cavern farmer	Kyreal-pack	neith edge	Kael source orbit	90	77	averaged_background_story_orbit_aesthetic_origin_distance	pending_art_reference
WC01259	Aerindraluthivyavel1259	background	V1	B05	garden watcher	Xethrolund-glyph	willow-stone county	Pael source orbit	90	77	averaged_background_story_orbit_aesthetic_origin_distance	pending_art_reference
WC01260	Aeranorcoriaaeliven1260	story	V1	B06	stone archivist	Pip-no-path	last open gate	Soth source orbit	90	77	averaged_background_story_orbit_aesthetic_origin_distance	pending_art_reference
WC01261	Aeranorianbrindion1261	recurring-background	V1	B07	orchard guard	Mack-ground	diamond breakland	Vellin source orbit	90	77	averaged_background_story_orbit_aesthetic_origin_distance	pending_art_reference
WC01262	Aerfiraamaraelael1262	deep-background	V1	B08	sonomancy listener	Dervish-glass	black-heart ridge	Corrath source orbit	90	77	averaged_background_story_orbit_aesthetic_origin_distance	pending_art_reference
WC01263	Caelamarbrinen1263	support	V1	B09	tunnel witness	Vayne	ash river	Dervish source orbit	90	77	averaged_background_story_orbit_aesthetic_origin_distance	pending_art_reference
WC01264	Aerindralarkael1264	background	V1	B10	threshold mason	Null-Heart	morrow market	Pip source orbit	90	77	averaged_background_story_orbit_aesthetic_origin_distance	pending_art_reference
WC01265	Aerindrariverdion1265	story	V1	B11	bookbinder	Iron-Song	root vale	Rolzen source orbit	90	77	averaged_background_story_orbit_aesthetic_origin_distance	pending_art_reference
WC01266	Aerdalenemberiel1266	recurring-background	V1	B12	bridge keeper	Wren-Ash	ripper tunnel	Xethrolund source orbit	90	77	averaged_background_story_orbit_aesthetic_origin_distance	pending_art_reference
WC01267	Aeranorcoriabrinen1267	deep-background	V1	B13	market singer	Thorn-Vayne	cello field	Rylos source orbit	90	77	averaged_background_story_orbit_aesthetic_origin_distance	pending_art_reference
WC01268	Aerdalenriverarel1268	support	V1	B14	glass forge worker	Marso-len	blue-light road	Kyreal source orbit	90	77	averaged_background_story_orbit_aesthetic_origin_distance	pending_art_reference
WC01269	Aeranorluthcairnaen1269	background	V1	B15	ripper survivor	Rolzen-line	xeth glyph yard	Thessa source orbit	90	77	averaged_background_story_orbit_aesthetic_origin_distance	pending_art_reference
WC01270	Aerfiraianquartzaen1270	story	V1	B16	map seller	Kyreal-pack	stone fen	Kael source orbit	90	77	averaged_background_story_orbit_aesthetic_origin_distance	pending_art_reference
WC01271	Aermaelorcoriael1271	recurring-background	V1	B17	cellar cook	Xethrolund-glyph	pocket sanctuary	Pael source orbit	90	77	averaged_background_story_orbit_aesthetic_origin_distance	pending_art_reference
WC01272	Aerfiraianion1272	deep-background	V1	B18	triage helper	Pip-no-path	glass orchard	Soth source orbit	90	77	averaged_background_story_orbit_aesthetic_origin_distance	pending_art_reference
WC01273	Ashaavelfiradria1273	support	V1	B19	faction runner	Mack-ground	neith edge	Vellin source orbit	90	77	averaged_background_story_orbit_aesthetic_origin_distance	pending_art_reference
WC01274	Aeranorianbrinaen1274	background	V1	B20	wolf-road scout	Dervish-glass	willow-stone county	Corrath source orbit	90	77	averaged_background_story_orbit_aesthetic_origin_distance	pending_art_reference
WC01275	Aeranorianaelion1275	story	V1	B21	glyph apprentice	Vayne	last open gate	Dervish source orbit	90	77	averaged_background_story_orbit_aesthetic_origin_distance	pending_art_reference
WC01276	Ashajoraivyion1276	recurring-background	V1	B22	corridor child	Null-Heart	diamond breakland	Pip source orbit	90	77	averaged_background_story_orbit_aesthetic_origin_distance	pending_art_reference
WC01277	Aerdalenamarashion1277	deep-background	V1	B23	field healer	Iron-Song	black-heart ridge	Rolzen source orbit	90	77	averaged_background_story_orbit_aesthetic_origin_distance	pending_art_reference
WC01278	Ashagalenanorelle1278	support	V1	B24	cavern farmer	Wren-Ash	ash river	Xethrolund source orbit	90	77	averaged_background_story_orbit_aesthetic_origin_distance	pending_art_reference
WC01279	Aerdalenianlarken1279	background	V1	B25	garden watcher	Thorn-Vayne	morrow market	Rylos source orbit	90	77	averaged_background_story_orbit_aesthetic_origin_distance	pending_art_reference
WC01280	Aeranoramarmossion1280	story	V1	B26	stone archivist	Marso-len	root vale	Kyreal source orbit	90	77	averaged_background_story_orbit_aesthetic_origin_distance	pending_art_reference
WC01281	Aeranorluthkelanion1281	recurring-background	V1	B27	orchard guard	Rolzen-line	ripper tunnel	Thessa source orbit	90	77	averaged_background_story_orbit_aesthetic_origin_distance	pending_art_reference
WC01282	Aerdalenevarabrinel1282	deep-background	V1	B28	sonomancy listener	Kyreal-pack	cello field	Kael source orbit	90	77	averaged_background_story_orbit_aesthetic_origin_distance	pending_art_reference
WC01283	Aeranoramarkelanel1283	support	V1	B29	tunnel witness	Xethrolund-glyph	blue-light road	Pael source orbit	90	77	averaged_background_story_orbit_aesthetic_origin_distance	pending_art_reference
WC01284	Aerindracoriaaen1284	background	V1	B30	threshold mason	Pip-no-path	xeth glyph yard	Soth source orbit	90	77	averaged_background_story_orbit_aesthetic_origin_distance	pending_art_reference
WC01285	Aerdalenriverel1285	story	V1	B31	bookbinder	Mack-ground	stone fen	Vellin source orbit	90	77	averaged_background_story_orbit_aesthetic_origin_distance	pending_art_reference
WC01286	Aerdalenianhaloraen1286	recurring-background	V1	B32	bridge keeper	Dervish-glass	pocket sanctuary	Corrath source orbit	90	77	averaged_background_story_orbit_aesthetic_origin_distance	pending_art_reference
WC01287	Aerfiraevaralarkaen1287	deep-background	V1	B33	market singer	Vayne	glass orchard	Dervish source orbit	90	77	averaged_background_story_orbit_aesthetic_origin_distance	pending_art_reference
WC01288	Aerdalencrownavel1288	support	V1	B01	glass forge worker	Null-Heart	neith edge	Pip source orbit	90	77	averaged_background_story_orbit_aesthetic_origin_distance	pending_art_reference
WC01289	Aerdalenfenarel1289	background	V1	B02	ripper survivor	Iron-Song	willow-stone county	Rolzen source orbit	90	77	averaged_background_story_orbit_aesthetic_origin_distance	pending_art_reference
WC01290	Aeranoramaraelael1290	story	V1	B03	map seller	Wren-Ash	last open gate	Xethrolund source orbit	90	77	averaged_background_story_orbit_aesthetic_origin_distance	pending_art_reference
WC01291	Aerdalenamarbrinaen1291	recurring-background	V1	B04	cellar cook	Thorn-Vayne	diamond breakland	Rylos source orbit	90	77	averaged_background_story_orbit_aesthetic_origin_distance	pending_art_reference
WC01292	Aerdalencairndion1292	deep-background	V1	B05	triage helper	Marso-len	black-heart ridge	Kyreal source orbit	90	77	averaged_background_story_orbit_aesthetic_origin_distance	pending_art_reference
WC01293	Ashagalenanordion1293	support	V1	B06	faction runner	Rolzen-line	ash river	Thessa source orbit	90	77	averaged_background_story_orbit_aesthetic_origin_distance	pending_art_reference
WC01294	Caelamaraelarel1294	background	V1	B07	wolf-road scout	Kyreal-pack	morrow market	Kael source orbit	90	77	averaged_background_story_orbit_aesthetic_origin_distance	pending_art_reference
WC01295	Ashaelionindraaen1295	story	V1	B08	glyph apprentice	Xethrolund-glyph	root vale	Pael source orbit	90	77	averaged_background_story_orbit_aesthetic_origin_distance	pending_art_reference
WC01296	Aerindraianbrinaria1296	recurring-background	V1	B09	corridor child	Pip-no-path	ripper tunnel	Soth source orbit	90	77	averaged_background_story_orbit_aesthetic_origin_distance	pending_art_reference
WC01297	Aeranorianmossel1297	deep-background	V1	B10	field healer	Mack-ground	cello field	Vellin source orbit	90	77	averaged_background_story_orbit_aesthetic_origin_distance	pending_art_reference
WC01298	Aerfiraluthivyarel1298	support	V1	B11	cavern farmer	Dervish-glass	blue-light road	Corrath source orbit	90	77	averaged_background_story_orbit_aesthetic_origin_distance	pending_art_reference
WC01299	Ashanaraaen1299	background	V1	B12	garden watcher	Vayne	xeth glyph yard	Dervish source orbit	90	77	averaged_background_story_orbit_aesthetic_origin_distance	pending_art_reference
WC01300	Aerfiraevaraaeliel1300	story	V1	B13	stone archivist	Null-Heart	stone fen	Pip source orbit	90	77	averaged_background_story_orbit_aesthetic_origin_distance	pending_art_reference
WC01301	Ashaelionbrookel1301	recurring-background	V1	B14	orchard guard	Iron-Song	pocket sanctuary	Rolzen source orbit	90	77	averaged_background_story_orbit_aesthetic_origin_distance	pending_art_reference
WC01302	Aeranoramaraeliel1302	deep-background	V1	B15	sonomancy listener	Wren-Ash	glass orchard	Xethrolund source orbit	90	77	averaged_background_story_orbit_aesthetic_origin_distance	pending_art_reference
WC01303	Aeranorluthlarkiel1303	support	V1	B16	tunnel witness	Thorn-Vayne	neith edge	Rylos source orbit	90	77	averaged_background_story_orbit_aesthetic_origin_distance	pending_art_reference
WC01304	Aeranorcoriaforgeen1304	background	V1	B17	threshold mason	Marso-len	willow-stone county	Kyreal source orbit	90	77	averaged_background_story_orbit_aesthetic_origin_distance	pending_art_reference
WC01305	Aeranoriancairnel1305	story	V1	B18	bookbinder	Rolzen-line	last open gate	Thessa source orbit	90	77	averaged_background_story_orbit_aesthetic_origin_distance	pending_art_reference
WC01306	Ashaavelivyarel1306	recurring-background	V1	B19	bridge keeper	Kyreal-pack	diamond breakland	Kael source orbit	90	77	averaged_background_story_orbit_aesthetic_origin_distance	pending_art_reference
WC01307	Ashagalenindraaen1307	deep-background	V1	B20	market singer	Xethrolund-glyph	black-heart ridge	Pael source orbit	90	77	averaged_background_story_orbit_aesthetic_origin_distance	pending_art_reference
WC01308	Ashaavelcairnarel1308	support	V1	B21	glass forge worker	Pip-no-path	ash river	Soth source orbit	90	77	averaged_background_story_orbit_aesthetic_origin_distance	pending_art_reference
WC01309	Aerfiraevarabrinael1309	background	V1	B22	ripper survivor	Mack-ground	morrow market	Vellin source orbit	90	77	averaged_background_story_orbit_aesthetic_origin_distance	pending_art_reference
WC01310	Aeranoramarbrinarel1310	story	V1	B23	map seller	Dervish-glass	root vale	Corrath source orbit	90	77	averaged_background_story_orbit_aesthetic_origin_distance	pending_art_reference
WC01311	Aerdalenevaraaelen1311	recurring-background	V1	B24	cellar cook	Vayne	ripper tunnel	Dervish source orbit	90	77	averaged_background_story_orbit_aesthetic_origin_distance	pending_art_reference
WC01312	Aerindraluthhaloren1312	deep-background	V1	B25	triage helper	Null-Heart	cello field	Pip source orbit	90	77	averaged_background_story_orbit_aesthetic_origin_distance	pending_art_reference
WC01313	Aeranorianbriniven1313	support	V1	B26	faction runner	Iron-Song	blue-light road	Rolzen source orbit	90	77	averaged_background_story_orbit_aesthetic_origin_distance	pending_art_reference
WC01314	Ashagalenanorael1314	background	V1	B27	wolf-road scout	Wren-Ash	xeth glyph yard	Xethrolund source orbit	90	77	averaged_background_story_orbit_aesthetic_origin_distance	pending_art_reference
WC01315	Aerfiracoriabrinaen1315	story	V1	B28	glyph apprentice	Thorn-Vayne	stone fen	Rylos source orbit	90	77	averaged_background_story_orbit_aesthetic_origin_distance	pending_art_reference
WC01316	Ashagalenbrookion1316	recurring-background	V1	B29	corridor child	Marso-len	pocket sanctuary	Kyreal source orbit	90	77	averaged_background_story_orbit_aesthetic_origin_distance	pending_art_reference
WC01317	Aerfiraamariven1317	deep-background	V1	B30	field healer	Rolzen-line	glass orchard	Thessa source orbit	90	77	averaged_background_story_orbit_aesthetic_origin_distance	pending_art_reference
WC01318	Aermaelorglassel1318	support	V1	B31	cavern farmer	Kyreal-pack	neith edge	Kael source orbit	90	77	averaged_background_story_orbit_aesthetic_origin_distance	pending_art_reference
WC01319	Ashaelionanorluthel1319	background	V1	B32	garden watcher	Xethrolund-glyph	willow-stone county	Pael source orbit	90	77	averaged_background_story_orbit_aesthetic_origin_distance	pending_art_reference
WC01320	Aeranoramarbelliven1320	story	V1	B33	stone archivist	Pip-no-path	last open gate	Soth source orbit	90	77	averaged_background_story_orbit_aesthetic_origin_distance	pending_art_reference
WC01321	Aeranorlutharel1321	recurring-background	V1	B01	orchard guard	Mack-ground	diamond breakland	Vellin source orbit	90	77	averaged_background_story_orbit_aesthetic_origin_distance	pending_art_reference
WC01322	Ashaavelindraelle1322	deep-background	V1	B02	sonomancy listener	Dervish-glass	black-heart ridge	Corrath source orbit	90	77	averaged_background_story_orbit_aesthetic_origin_distance	pending_art_reference
WC01323	Aerdalencoriadion1323	support	V1	B03	tunnel witness	Vayne	ash river	Dervish source orbit	90	77	averaged_background_story_orbit_aesthetic_origin_distance	pending_art_reference
WC01324	Ashaavelcinderarel1324	background	V1	B04	threshold mason	Null-Heart	morrow market	Pip source orbit	90	77	averaged_background_story_orbit_aesthetic_origin_distance	pending_art_reference
WC01325	Ashaavelfiraiandion1325	story	V1	B05	bookbinder	Iron-Song	root vale	Rolzen source orbit	90	77	averaged_background_story_orbit_aesthetic_origin_distance	pending_art_reference
WC01326	Aerdalenquartziel1326	recurring-background	V1	B06	bridge keeper	Wren-Ash	ripper tunnel	Xethrolund source orbit	90	77	averaged_background_story_orbit_aesthetic_origin_distance	pending_art_reference
WC01327	Aeranoramarbellarel1327	deep-background	V1	B07	market singer	Thorn-Vayne	cello field	Rylos source orbit	90	77	averaged_background_story_orbit_aesthetic_origin_distance	pending_art_reference
WC01328	Aeranoramarivydion1328	support	V1	B08	glass forge worker	Marso-len	blue-light road	Kyreal source orbit	90	77	averaged_background_story_orbit_aesthetic_origin_distance	pending_art_reference
WC01329	Aeranorforgeel1329	background	V1	B09	ripper survivor	Rolzen-line	xeth glyph yard	Thessa source orbit	90	77	averaged_background_story_orbit_aesthetic_origin_distance	pending_art_reference
WC01330	Ashagalenasharel1330	story	V1	B10	map seller	Kyreal-pack	stone fen	Kael source orbit	90	77	averaged_background_story_orbit_aesthetic_origin_distance	pending_art_reference
WC01331	Aerdalenhollowaria1331	recurring-background	V1	B11	cellar cook	Xethrolund-glyph	pocket sanctuary	Pael source orbit	90	77	averaged_background_story_orbit_aesthetic_origin_distance	pending_art_reference
WC01332	Ashanaraindraiven1332	deep-background	V1	B12	triage helper	Pip-no-path	glass orchard	Soth source orbit	90	77	averaged_background_story_orbit_aesthetic_origin_distance	pending_art_reference
WC01333	Aermaelorcoriaion1333	support	V1	B13	faction runner	Mack-ground	neith edge	Vellin source orbit	90	77	averaged_background_story_orbit_aesthetic_origin_distance	pending_art_reference
WC01334	Aeranormireel1334	background	V1	B14	wolf-road scout	Dervish-glass	willow-stone county	Corrath source orbit	90	77	averaged_background_story_orbit_aesthetic_origin_distance	pending_art_reference
WC01335	Aerdalenamarcrownel1335	story	V1	B15	glyph apprentice	Vayne	last open gate	Dervish source orbit	90	77	averaged_background_story_orbit_aesthetic_origin_distance	pending_art_reference
WC01336	Ashagalendalenaria1336	recurring-background	V1	B16	corridor child	Null-Heart	diamond breakland	Pip source orbit	90	77	averaged_background_story_orbit_aesthetic_origin_distance	pending_art_reference
WC01337	Ashaavelemberelle1337	deep-background	V1	B17	field healer	Iron-Song	black-heart ridge	Rolzen source orbit	90	77	averaged_background_story_orbit_aesthetic_origin_distance	pending_art_reference
WC01338	Aerdalenquartzaen1338	support	V1	B18	cavern farmer	Wren-Ash	ash river	Xethrolund source orbit	90	77	averaged_background_story_orbit_aesthetic_origin_distance	pending_art_reference
WC01339	Aerdalenevarabrinen1339	background	V1	B19	garden watcher	Thorn-Vayne	morrow market	Rylos source orbit	90	77	averaged_background_story_orbit_aesthetic_origin_distance	pending_art_reference
WC01340	Ashanaraiven1340	story	V1	B20	stone archivist	Marso-len	root vale	Kyreal source orbit	90	77	averaged_background_story_orbit_aesthetic_origin_distance	pending_art_reference
WC01341	Aerfiraashavel1341	recurring-background	V1	B21	orchard guard	Rolzen-line	ripper tunnel	Thessa source orbit	90	77	averaged_background_story_orbit_aesthetic_origin_distance	pending_art_reference
WC01342	Caelamaraelgalenen1342	deep-background	V1	B22	sonomancy listener	Kyreal-pack	cello field	Kael source orbit	90	77	averaged_background_story_orbit_aesthetic_origin_distance	pending_art_reference
WC01343	Aerfirafenavel1343	support	V1	B23	tunnel witness	Xethrolund-glyph	blue-light road	Pael source orbit	90	77	averaged_background_story_orbit_aesthetic_origin_distance	pending_art_reference
WC01344	Aermaelorianavel1344	background	V1	B24	threshold mason	Pip-no-path	xeth glyph yard	Soth source orbit	90	77	averaged_background_story_orbit_aesthetic_origin_distance	pending_art_reference
WC01345	Brenendarglassiel1345	story	V1	B25	bookbinder	Mack-ground	stone fen	Vellin source orbit	90	77	averaged_background_story_orbit_aesthetic_origin_distance	pending_art_reference
WC01346	Aerdalenamarivyavel1346	recurring-background	V1	B26	bridge keeper	Dervish-glass	pocket sanctuary	Corrath source orbit	90	77	averaged_background_story_orbit_aesthetic_origin_distance	pending_art_reference
WC01347	Aermaelorbrookel1347	deep-background	V1	B27	market singer	Vayne	glass orchard	Dervish source orbit	90	77	averaged_background_story_orbit_aesthetic_origin_distance	pending_art_reference
WC01348	Ashaaveldalenianaen1348	support	V1	B28	glass forge worker	Null-Heart	neith edge	Pip source orbit	90	77	averaged_background_story_orbit_aesthetic_origin_distance	pending_art_reference
WC01349	Aerfiracairnen1349	background	V1	B29	ripper survivor	Iron-Song	willow-stone county	Rolzen source orbit	90	77	averaged_background_story_orbit_aesthetic_origin_distance	pending_art_reference
WC01350	Ashajoramaelorelle1350	story	V1	B30	map seller	Wren-Ash	last open gate	Xethrolund source orbit	90	77	averaged_background_story_orbit_aesthetic_origin_distance	pending_art_reference
WC01351	Aerfiraianbrinaen1351	recurring-background	V1	B31	cellar cook	Thorn-Vayne	diamond breakland	Rylos source orbit	90	77	averaged_background_story_orbit_aesthetic_origin_distance	pending_art_reference
WC01352	Ashaelionmarrowaen1352	deep-background	V1	B32	triage helper	Marso-len	black-heart ridge	Kyreal source orbit	90	77	averaged_background_story_orbit_aesthetic_origin_distance	pending_art_reference
WC01353	Brenbrinaria1353	support	V1	B33	faction runner	Rolzen-line	ash river	Thessa source orbit	90	77	averaged_background_story_orbit_aesthetic_origin_distance	pending_art_reference
WC01354	Aerfiraevaraaelen1354	background	V1	B01	wolf-road scout	Kyreal-pack	morrow market	Kael source orbit	90	77	averaged_background_story_orbit_aesthetic_origin_distance	pending_art_reference
WC01355	Aeranorcoriaivydria1355	story	V1	B02	glyph apprentice	Xethrolund-glyph	root vale	Pael source orbit	90	77	averaged_background_story_orbit_aesthetic_origin_distance	pending_art_reference
WC01356	Aerfiraianbellaria1356	recurring-background	V1	B03	corridor child	Pip-no-path	ripper tunnel	Soth source orbit	90	77	averaged_background_story_orbit_aesthetic_origin_distance	pending_art_reference
WC01357	Aerfiraianaelael1357	deep-background	V1	B04	field healer	Mack-ground	cello field	Vellin source orbit	90	77	averaged_background_story_orbit_aesthetic_origin_distance	pending_art_reference
WC01358	Aerfiraamarivyarel1358	support	V1	B05	cavern farmer	Dervish-glass	blue-light road	Corrath source orbit	90	77	averaged_background_story_orbit_aesthetic_origin_distance	pending_art_reference
WC01359	Ashanaraanoraria1359	background	V1	B06	garden watcher	Vayne	xeth glyph yard	Dervish source orbit	90	77	averaged_background_story_orbit_aesthetic_origin_distance	pending_art_reference
WC01360	Aermaeloramariven1360	story	V1	B07	stone archivist	Null-Heart	stone fen	Pip source orbit	90	77	averaged_background_story_orbit_aesthetic_origin_distance	pending_art_reference
WC01361	Aerfiraianendarelle1361	recurring-background	V1	B08	orchard guard	Iron-Song	pocket sanctuary	Rolzen source orbit	90	77	averaged_background_story_orbit_aesthetic_origin_distance	pending_art_reference
WC01362	Ashaaveldalenion1362	deep-background	V1	B09	sonomancy listener	Wren-Ash	glass orchard	Xethrolund source orbit	90	77	averaged_background_story_orbit_aesthetic_origin_distance	pending_art_reference
WC01363	Aerfiramarrowdria1363	support	V1	B10	tunnel witness	Thorn-Vayne	neith edge	Rylos source orbit	90	77	averaged_background_story_orbit_aesthetic_origin_distance	pending_art_reference
WC01364	Aerfiracoriadion1364	background	V1	B11	threshold mason	Marso-len	willow-stone county	Kyreal source orbit	90	77	averaged_background_story_orbit_aesthetic_origin_distance	pending_art_reference
WC01365	Aeranorevarabrinael1365	story	V1	B12	bookbinder	Rolzen-line	last open gate	Thessa source orbit	90	77	averaged_background_story_orbit_aesthetic_origin_distance	pending_art_reference
WC01366	Aermaelorbellel1366	recurring-background	V1	B13	bridge keeper	Kyreal-pack	diamond breakland	Kael source orbit	90	77	averaged_background_story_orbit_aesthetic_origin_distance	pending_art_reference
WC01367	Aerdalenmireelle1367	deep-background	V1	B14	market singer	Xethrolund-glyph	black-heart ridge	Pael source orbit	90	77	averaged_background_story_orbit_aesthetic_origin_distance	pending_art_reference
WC01368	Aeranoramarendaraen1368	support	V1	B15	glass forge worker	Pip-no-path	ash river	Soth source orbit	90	77	averaged_background_story_orbit_aesthetic_origin_distance	pending_art_reference
WC01369	Aerfiraamarhalorel1369	background	V1	B16	ripper survivor	Mack-ground	morrow market	Vellin source orbit	90	77	averaged_background_story_orbit_aesthetic_origin_distance	pending_art_reference
WC01370	Ashaelionmarrowavel1370	story	V1	B17	map seller	Dervish-glass	root vale	Corrath source orbit	90	77	averaged_background_story_orbit_aesthetic_origin_distance	pending_art_reference
WC01371	Aerfiracoriahaloren1371	recurring-background	V1	B18	cellar cook	Vayne	ripper tunnel	Dervish source orbit	90	77	averaged_background_story_orbit_aesthetic_origin_distance	pending_art_reference
WC01372	Aerindraamarelle1372	deep-background	V1	B19	triage helper	Null-Heart	cello field	Pip source orbit	90	77	averaged_background_story_orbit_aesthetic_origin_distance	pending_art_reference
WC01373	Aerindraianiel1373	support	V1	B20	faction runner	Iron-Song	blue-light road	Rolzen source orbit	90	77	averaged_background_story_orbit_aesthetic_origin_distance	pending_art_reference
WC01374	Ashaaveldalenael1374	background	V1	B21	wolf-road scout	Wren-Ash	xeth glyph yard	Xethrolund source orbit	90	77	averaged_background_story_orbit_aesthetic_origin_distance	pending_art_reference
WC01375	Aerindraamarbellaen1375	story	V1	B22	glyph apprentice	Thorn-Vayne	stone fen	Rylos source orbit	90	77	averaged_background_story_orbit_aesthetic_origin_distance	pending_art_reference
WC01376	Ashaelionanoraria1376	recurring-background	V1	B23	corridor child	Marso-len	pocket sanctuary	Kyreal source orbit	90	77	averaged_background_story_orbit_aesthetic_origin_distance	pending_art_reference
WC01377	Aerdalenashen1377	deep-background	V1	B24	field healer	Rolzen-line	glass orchard	Thessa source orbit	90	77	averaged_background_story_orbit_aesthetic_origin_distance	pending_art_reference
WC01378	Aerdalenamaraelavel1378	support	V1	B25	cavern farmer	Kyreal-pack	neith edge	Kael source orbit	90	77	averaged_background_story_orbit_aesthetic_origin_distance	pending_art_reference
WC01379	Aerdalenamarashavel1379	background	V1	B26	garden watcher	Xethrolund-glyph	willow-stone county	Pael source orbit	90	77	averaged_background_story_orbit_aesthetic_origin_distance	pending_art_reference
WC01380	Aeranorianlarkdria1380	story	V1	B27	stone archivist	Pip-no-path	last open gate	Soth source orbit	90	77	averaged_background_story_orbit_aesthetic_origin_distance	pending_art_reference
WC01381	Aerfiraluthmossdion1381	recurring-background	V1	B28	orchard guard	Mack-ground	diamond breakland	Vellin source orbit	90	77	averaged_background_story_orbit_aesthetic_origin_distance	pending_art_reference
WC01382	Aermaelorfenavel1382	deep-background	V1	B29	sonomancy listener	Dervish-glass	black-heart ridge	Corrath source orbit	90	77	averaged_background_story_orbit_aesthetic_origin_distance	pending_art_reference
WC01383	Ashagalendalenavel1383	support	V1	B30	tunnel witness	Vayne	ash river	Dervish source orbit	90	77	averaged_background_story_orbit_aesthetic_origin_distance	pending_art_reference
WC01384	Aermaelorevarael1384	background	V1	B31	threshold mason	Null-Heart	morrow market	Pip source orbit	90	77	averaged_background_story_orbit_aesthetic_origin_distance	pending_art_reference
WC01385	Aeranoramaraeldria1385	story	V1	B32	bookbinder	Iron-Song	root vale	Rolzen source orbit	90	77	averaged_background_story_orbit_aesthetic_origin_distance	pending_art_reference
WC01386	Aeranoramariel1386	recurring-background	V1	B33	bridge keeper	Wren-Ash	ripper tunnel	Xethrolund source orbit	90	77	averaged_background_story_orbit_aesthetic_origin_distance	pending_art_reference
WC01387	Aerdalenianbrinarel1387	deep-background	V1	B01	market singer	Thorn-Vayne	cello field	Rylos source orbit	90	77	averaged_background_story_orbit_aesthetic_origin_distance	pending_art_reference
WC01388	Ashaavelanorael1388	support	V1	B02	glass forge worker	Marso-len	blue-light road	Kyreal source orbit	90	77	averaged_background_story_orbit_aesthetic_origin_distance	pending_art_reference
WC01389	Aerindraevarafenaen1389	background	V1	B03	ripper survivor	Rolzen-line	xeth glyph yard	Thessa source orbit	90	77	averaged_background_story_orbit_aesthetic_origin_distance	pending_art_reference
WC01390	Ashaelionivyen1390	story	V1	B04	map seller	Kyreal-pack	stone fen	Kael source orbit	90	77	averaged_background_story_orbit_aesthetic_origin_distance	pending_art_reference
WC01391	Aerfiraianendaravel1391	recurring-background	V1	B05	cellar cook	Xethrolund-glyph	pocket sanctuary	Pael source orbit	90	77	averaged_background_story_orbit_aesthetic_origin_distance	pending_art_reference
WC01392	Aeranorianaelavel1392	deep-background	V1	B06	triage helper	Pip-no-path	glass orchard	Soth source orbit	90	77	averaged_background_story_orbit_aesthetic_origin_distance	pending_art_reference
WC01393	Ashajoraindraarel1393	support	V1	B07	faction runner	Mack-ground	neith edge	Vellin source orbit	90	77	averaged_background_story_orbit_aesthetic_origin_distance	pending_art_reference
WC01394	Ashaavelindradria1394	background	V1	B08	wolf-road scout	Dervish-glass	willow-stone county	Corrath source orbit	90	77	averaged_background_story_orbit_aesthetic_origin_distance	pending_art_reference
WC01395	Aerindraluthendarel1395	story	V1	B09	glyph apprentice	Vayne	last open gate	Dervish source orbit	90	77	averaged_background_story_orbit_aesthetic_origin_distance	pending_art_reference
WC01396	Aeranoriankelaniel1396	recurring-background	V1	B10	corridor child	Null-Heart	diamond breakland	Pip source orbit	90	77	averaged_background_story_orbit_aesthetic_origin_distance	pending_art_reference
WC01397	Aerfiraevaraivyion1397	deep-background	V1	B11	field healer	Iron-Song	black-heart ridge	Rolzen source orbit	90	77	averaged_background_story_orbit_aesthetic_origin_distance	pending_art_reference
WC01398	Aeranorianlarkael1398	support	V1	B12	cavern farmer	Wren-Ash	ash river	Xethrolund source orbit	90	77	averaged_background_story_orbit_aesthetic_origin_distance	pending_art_reference
WC01399	Ashagalenfiraaen1399	background	V1	B13	garden watcher	Thorn-Vayne	morrow market	Rylos source orbit	90	77	averaged_background_story_orbit_aesthetic_origin_distance	pending_art_reference
WC01400	Ashaelionbrookelle1400	story	V1	B14	stone archivist	Marso-len	root vale	Kyreal source orbit	90	77	averaged_background_story_orbit_aesthetic_origin_distance	pending_art_reference
WC01401	Aeranorforgeavel1401	recurring-background	V1	B15	orchard guard	Rolzen-line	ripper tunnel	Thessa source orbit	90	77	averaged_background_story_orbit_aesthetic_origin_distance	pending_art_reference
WC01402	Aerfiraianendarion1402	deep-background	V1	B16	sonomancy listener	Kyreal-pack	cello field	Kael source orbit	90	77	averaged_background_story_orbit_aesthetic_origin_distance	pending_art_reference
WC01403	Aerfiraiankelanel1403	support	V1	B17	tunnel witness	Xethrolund-glyph	blue-light road	Pael source orbit	90	77	averaged_background_story_orbit_aesthetic_origin_distance	pending_art_reference
WC01404	Aerindraiankelanael1404	background	V1	B18	threshold mason	Pip-no-path	xeth glyph yard	Soth source orbit	90	77	averaged_background_story_orbit_aesthetic_origin_distance	pending_art_reference
WC01405	Aeranorriverael1405	story	V1	B19	bookbinder	Mack-ground	stone fen	Vellin source orbit	90	77	averaged_background_story_orbit_aesthetic_origin_distance	pending_art_reference
WC01406	Ashaaveldalenluthel1406	recurring-background	V1	B20	bridge keeper	Dervish-glass	pocket sanctuary	Corrath source orbit	90	77	averaged_background_story_orbit_aesthetic_origin_distance	pending_art_reference
WC01407	Ashanarafendria1407	deep-background	V1	B21	market singer	Vayne	glass orchard	Dervish source orbit	90	77	averaged_background_story_orbit_aesthetic_origin_distance	pending_art_reference
WC01408	Aermaelorianaelaria1408	support	V1	B22	glass forge worker	Null-Heart	neith edge	Pip source orbit	90	77	averaged_background_story_orbit_aesthetic_origin_distance	pending_art_reference
WC01409	Aeranoramarivyelle1409	background	V1	B23	ripper survivor	Iron-Song	willow-stone county	Rolzen source orbit	90	77	averaged_background_story_orbit_aesthetic_origin_distance	pending_art_reference
WC01410	Aerfiraevarabrinel1410	story	V1	B24	map seller	Wren-Ash	last open gate	Xethrolund source orbit	90	77	averaged_background_story_orbit_aesthetic_origin_distance	pending_art_reference
WC01411	Ashagalenriverdria1411	recurring-background	V1	B25	cellar cook	Thorn-Vayne	diamond breakland	Rylos source orbit	90	77	averaged_background_story_orbit_aesthetic_origin_distance	pending_art_reference
WC01412	Ashaeliondalenaen1412	deep-background	V1	B26	triage helper	Marso-len	black-heart ridge	Kyreal source orbit	90	77	averaged_background_story_orbit_aesthetic_origin_distance	pending_art_reference
WC01413	Aeranorianmireael1413	support	V1	B27	faction runner	Rolzen-line	ash river	Thessa source orbit	90	77	averaged_background_story_orbit_aesthetic_origin_distance	pending_art_reference
WC01414	Aerdalenbelldion1414	background	V1	B28	wolf-road scout	Kyreal-pack	morrow market	Kael source orbit	90	77	averaged_background_story_orbit_aesthetic_origin_distance	pending_art_reference
WC01415	Aerfiracairnelle1415	story	V1	B29	glyph apprentice	Xethrolund-glyph	root vale	Pael source orbit	90	77	averaged_background_story_orbit_aesthetic_origin_distance	pending_art_reference
WC01416	Ashaavelanoramaraen1416	recurring-background	V1	B30	corridor child	Pip-no-path	ripper tunnel	Soth source orbit	90	77	averaged_background_story_orbit_aesthetic_origin_distance	pending_art_reference
WC01417	Ashaeliondaleniel1417	deep-background	V1	B31	field healer	Mack-ground	cello field	Vellin source orbit	90	77	averaged_background_story_orbit_aesthetic_origin_distance	pending_art_reference
WC01418	Ashaaveldalenavel1418	support	V1	B32	cavern farmer	Dervish-glass	blue-light road	Corrath source orbit	90	77	averaged_background_story_orbit_aesthetic_origin_distance	pending_art_reference
WC01419	Aerdalencoriadria1419	background	V1	B33	garden watcher	Vayne	xeth glyph yard	Dervish source orbit	90	77	averaged_background_story_orbit_aesthetic_origin_distance	pending_art_reference
WC01420	Ashagalendalenel1420	story	V1	B01	stone archivist	Null-Heart	stone fen	Pip source orbit	90	77	averaged_background_story_orbit_aesthetic_origin_distance	pending_art_reference
WC01421	Aerfiraluthashiel1421	recurring-background	V1	B02	orchard guard	Iron-Song	pocket sanctuary	Rolzen source orbit	90	77	averaged_background_story_orbit_aesthetic_origin_distance	pending_art_reference
WC01422	Aerindracoriaiven1422	deep-background	V1	B03	sonomancy listener	Wren-Ash	glass orchard	Xethrolund source orbit	90	77	averaged_background_story_orbit_aesthetic_origin_distance	pending_art_reference
WC01423	Aerindraquartziven1423	support	V1	B04	tunnel witness	Thorn-Vayne	neith edge	Rylos source orbit	90	77	averaged_background_story_orbit_aesthetic_origin_distance	pending_art_reference
WC01424	Brenbrinen1424	background	V1	B05	threshold mason	Marso-len	willow-stone county	Kyreal source orbit	90	77	averaged_background_story_orbit_aesthetic_origin_distance	pending_art_reference
WC01425	Ashanarafiraiel1425	story	V1	B06	bookbinder	Rolzen-line	last open gate	Thessa source orbit	90	77	averaged_background_story_orbit_aesthetic_origin_distance	pending_art_reference
WC01426	Ashaelionindraen1426	recurring-background	V1	B07	bridge keeper	Kyreal-pack	diamond breakland	Kael source orbit	90	77	averaged_background_story_orbit_aesthetic_origin_distance	pending_art_reference
WC01427	Aeranorcoriakelanen1427	deep-background	V1	B08	market singer	Xethrolund-glyph	black-heart ridge	Pael source orbit	90	77	averaged_background_story_orbit_aesthetic_origin_distance	pending_art_reference
WC01428	Ashaaveldaleniven1428	support	V1	B09	glass forge worker	Pip-no-path	ash river	Soth source orbit	90	77	averaged_background_story_orbit_aesthetic_origin_distance	pending_art_reference
WC01429	Ashanaraen1429	background	V1	B10	ripper survivor	Mack-ground	morrow market	Vellin source orbit	90	77	averaged_background_story_orbit_aesthetic_origin_distance	pending_art_reference
WC01430	Aerfirafeniel1430	story	V1	B11	map seller	Dervish-glass	root vale	Corrath source orbit	90	77	averaged_background_story_orbit_aesthetic_origin_distance	pending_art_reference
WC01431	Aerfiraevaracrownen1431	recurring-background	V1	B12	cellar cook	Vayne	ripper tunnel	Dervish source orbit	90	77	averaged_background_story_orbit_aesthetic_origin_distance	pending_art_reference
WC01432	Brenaelmireel1432	deep-background	V1	B13	triage helper	Null-Heart	cello field	Pip source orbit	90	77	averaged_background_story_orbit_aesthetic_origin_distance	pending_art_reference
WC01433	Aeranorluthivyen1433	support	V1	B14	faction runner	Iron-Song	blue-light road	Rolzen source orbit	90	77	averaged_background_story_orbit_aesthetic_origin_distance	pending_art_reference
WC01434	Aeranorluthbrindion1434	background	V1	B15	wolf-road scout	Wren-Ash	xeth glyph yard	Xethrolund source orbit	90	77	averaged_background_story_orbit_aesthetic_origin_distance	pending_art_reference
WC01435	Aerfiracoriabellaen1435	story	V1	B16	glyph apprentice	Thorn-Vayne	stone fen	Rylos source orbit	90	77	averaged_background_story_orbit_aesthetic_origin_distance	pending_art_reference
WC01436	Ashagalenaen1436	recurring-background	V1	B17	corridor child	Marso-len	pocket sanctuary	Kyreal source orbit	90	77	averaged_background_story_orbit_aesthetic_origin_distance	pending_art_reference
WC01437	Aerindraivyiven1437	deep-background	V1	B18	field healer	Rolzen-line	glass orchard	Thessa source orbit	90	77	averaged_background_story_orbit_aesthetic_origin_distance	pending_art_reference
WC01438	Aerindracoriaaria1438	support	V1	B19	cavern farmer	Kyreal-pack	neith edge	Kael source orbit	90	77	averaged_background_story_orbit_aesthetic_origin_distance	pending_art_reference
WC01439	Aermaeloramarael1439	background	V1	B20	garden watcher	Xethrolund-glyph	willow-stone county	Pael source orbit	90	77	averaged_background_story_orbit_aesthetic_origin_distance	pending_art_reference
WC01440	Aeranorquartzdion1440	story	V1	B21	stone archivist	Pip-no-path	last open gate	Soth source orbit	90	77	averaged_background_story_orbit_aesthetic_origin_distance	pending_art_reference
WC01441	Aerdalencairnarel1441	recurring-background	V1	B22	orchard guard	Mack-ground	diamond breakland	Vellin source orbit	90	77	averaged_background_story_orbit_aesthetic_origin_distance	pending_art_reference
WC01442	Aerindraluthaelael1442	deep-background	V1	B23	sonomancy listener	Dervish-glass	black-heart ridge	Corrath source orbit	90	77	averaged_background_story_orbit_aesthetic_origin_distance	pending_art_reference
WC01443	Ashanaramaeloraen1443	support	V1	B24	tunnel witness	Vayne	ash river	Dervish source orbit	90	77	averaged_background_story_orbit_aesthetic_origin_distance	pending_art_reference
WC01444	Aerindraorchardaria1444	background	V1	B25	threshold mason	Null-Heart	morrow market	Pip source orbit	90	77	averaged_background_story_orbit_aesthetic_origin_distance	pending_art_reference
WC01445	Aerindraluthbrinen1445	story	V1	B26	bookbinder	Iron-Song	root vale	Rolzen source orbit	90	77	averaged_background_story_orbit_aesthetic_origin_distance	pending_art_reference
WC01446	Aerdalenianbelldria1446	recurring-background	V1	B27	bridge keeper	Wren-Ash	ripper tunnel	Xethrolund source orbit	90	77	averaged_background_story_orbit_aesthetic_origin_distance	pending_art_reference
WC01447	Ashaavelriveraen1447	deep-background	V1	B28	market singer	Thorn-Vayne	cello field	Rylos source orbit	90	77	averaged_background_story_orbit_aesthetic_origin_distance	pending_art_reference
WC01448	Aeranorfenen1448	support	V1	B29	glass forge worker	Marso-len	blue-light road	Kyreal source orbit	90	77	averaged_background_story_orbit_aesthetic_origin_distance	pending_art_reference
WC01449	Aerfiraamarbrinaen1449	background	V1	B30	ripper survivor	Rolzen-line	xeth glyph yard	Thessa source orbit	90	77	averaged_background_story_orbit_aesthetic_origin_distance	pending_art_reference
WC01450	Ashaavelivyiven1450	story	V1	B31	map seller	Kyreal-pack	stone fen	Kael source orbit	90	77	averaged_background_story_orbit_aesthetic_origin_distance	pending_art_reference
WC01451	Ashajorafiraluthion1451	recurring-background	V1	B32	cellar cook	Xethrolund-glyph	pocket sanctuary	Pael source orbit	90	77	averaged_background_story_orbit_aesthetic_origin_distance	pending_art_reference
WC01452	Ashaavelcairnen1452	deep-background	V1	B33	triage helper	Pip-no-path	glass orchard	Soth source orbit	90	77	averaged_background_story_orbit_aesthetic_origin_distance	pending_art_reference
WC01453	Aermaelorluthael1453	support	V1	B01	faction runner	Mack-ground	neith edge	Vellin source orbit	90	77	averaged_background_story_orbit_aesthetic_origin_distance	pending_art_reference
WC01454	Aerdalenianashaen1454	background	V1	B02	wolf-road scout	Dervish-glass	willow-stone county	Corrath source orbit	90	77	averaged_background_story_orbit_aesthetic_origin_distance	pending_art_reference
WC01455	Brenaelnaraarel1455	story	V1	B03	glyph apprentice	Vayne	last open gate	Dervish source orbit	90	77	averaged_background_story_orbit_aesthetic_origin_distance	pending_art_reference
WC01456	Aermaelorianiven1456	recurring-background	V1	B04	corridor child	Null-Heart	diamond breakland	Pip source orbit	90	77	averaged_background_story_orbit_aesthetic_origin_distance	pending_art_reference
WC01457	Aeranorianforgeael1457	deep-background	V1	B05	field healer	Iron-Song	black-heart ridge	Rolzen source orbit	90	77	averaged_background_story_orbit_aesthetic_origin_distance	pending_art_reference
WC01458	Ashaavelhollowiel1458	support	V1	B06	cavern farmer	Wren-Ash	ash river	Xethrolund source orbit	90	77	averaged_background_story_orbit_aesthetic_origin_distance	pending_art_reference
WC01459	Ashanarafiraavel1459	background	V1	B07	garden watcher	Thorn-Vayne	morrow market	Rylos source orbit	90	77	averaged_background_story_orbit_aesthetic_origin_distance	pending_art_reference
WC01460	Aerdalenianaelael1460	story	V1	B08	stone archivist	Marso-len	root vale	Kyreal source orbit	90	77	averaged_background_story_orbit_aesthetic_origin_distance	pending_art_reference
WC01461	Aerfiraluthcairnael1461	recurring-background	V1	B09	orchard guard	Rolzen-line	ripper tunnel	Thessa source orbit	90	77	averaged_background_story_orbit_aesthetic_origin_distance	pending_art_reference
WC01462	Aeranorevarabrinion1462	deep-background	V1	B10	sonomancy listener	Kyreal-pack	cello field	Kael source orbit	90	77	averaged_background_story_orbit_aesthetic_origin_distance	pending_art_reference
WC01463	Aerfiracoriakelanel1463	support	V1	B11	tunnel witness	Xethrolund-glyph	blue-light road	Pael source orbit	90	77	averaged_background_story_orbit_aesthetic_origin_distance	pending_art_reference
WC01464	Aeranoramarhalorel1464	background	V1	B12	threshold mason	Pip-no-path	xeth glyph yard	Soth source orbit	90	77	averaged_background_story_orbit_aesthetic_origin_distance	pending_art_reference
WC01465	Aerdalencairnaria1465	story	V1	B13	bookbinder	Mack-ground	stone fen	Vellin source orbit	90	77	averaged_background_story_orbit_aesthetic_origin_distance	pending_art_reference
WC01466	Ashaaveldalenarel1466	recurring-background	V1	B14	bridge keeper	Dervish-glass	pocket sanctuary	Corrath source orbit	90	77	averaged_background_story_orbit_aesthetic_origin_distance	pending_art_reference
WC01467	Brenendarjoraiel1467	deep-background	V1	B15	market singer	Vayne	glass orchard	Dervish source orbit	90	77	averaged_background_story_orbit_aesthetic_origin_distance	pending_art_reference
WC01468	Aerfiraianaelel1468	support	V1	B16	glass forge worker	Null-Heart	neith edge	Pip source orbit	90	77	averaged_background_story_orbit_aesthetic_origin_distance	pending_art_reference
WC01469	Ashaavelemberion1469	background	V1	B17	ripper survivor	Iron-Song	willow-stone county	Rolzen source orbit	90	77	averaged_background_story_orbit_aesthetic_origin_distance	pending_art_reference
WC01470	Aerindraquartzaen1470	story	V1	B18	map seller	Wren-Ash	last open gate	Xethrolund source orbit	90	77	averaged_background_story_orbit_aesthetic_origin_distance	pending_art_reference
WC01471	Brenkelanaen1471	recurring-background	V1	B19	cellar cook	Thorn-Vayne	diamond breakland	Rylos source orbit	90	77	averaged_background_story_orbit_aesthetic_origin_distance	pending_art_reference
WC01472	Aeranorevaraasharel1472	deep-background	V1	B20	triage helper	Marso-len	black-heart ridge	Kyreal source orbit	90	77	averaged_background_story_orbit_aesthetic_origin_distance	pending_art_reference
WC01473	Aerindraevaraavel1473	support	V1	B21	faction runner	Rolzen-line	ash river	Thessa source orbit	90	77	averaged_background_story_orbit_aesthetic_origin_distance	pending_art_reference
WC01474	Ashajoradalenaen1474	background	V1	B22	wolf-road scout	Kyreal-pack	morrow market	Kael source orbit	90	77	averaged_background_story_orbit_aesthetic_origin_distance	pending_art_reference
WC01475	Aerfiracoriabrinen1475	story	V1	B23	glyph apprentice	Xethrolund-glyph	root vale	Pael source orbit	90	77	averaged_background_story_orbit_aesthetic_origin_distance	pending_art_reference
WC01476	Aeranoriankelanaria1476	recurring-background	V1	B24	corridor child	Pip-no-path	ripper tunnel	Soth source orbit	90	77	averaged_background_story_orbit_aesthetic_origin_distance	pending_art_reference
WC01477	Ashaelionbrookdion1477	deep-background	V1	B25	field healer	Mack-ground	cello field	Vellin source orbit	90	77	averaged_background_story_orbit_aesthetic_origin_distance	pending_art_reference
WC01478	Ashanaradalenaen1478	support	V1	B26	cavern farmer	Dervish-glass	blue-light road	Corrath source orbit	90	77	averaged_background_story_orbit_aesthetic_origin_distance	pending_art_reference
WC01479	Ashagalenmaeloraria1479	background	V1	B27	garden watcher	Vayne	xeth glyph yard	Dervish source orbit	90	77	averaged_background_story_orbit_aesthetic_origin_distance	pending_art_reference
WC01480	Ashagalenavel1480	story	V1	B28	stone archivist	Null-Heart	stone fen	Pip source orbit	90	77	averaged_background_story_orbit_aesthetic_origin_distance	pending_art_reference
WC01481	Aeranorluthashiel1481	recurring-background	V1	B29	orchard guard	Iron-Song	pocket sanctuary	Rolzen source orbit	90	77	averaged_background_story_orbit_aesthetic_origin_distance	pending_art_reference
WC01482	Ashajoramireael1482	deep-background	V1	B30	sonomancy listener	Wren-Ash	glass orchard	Xethrolund source orbit	90	77	averaged_background_story_orbit_aesthetic_origin_distance	pending_art_reference
WC01483	Aerindraevaradria1483	support	V1	B31	tunnel witness	Thorn-Vayne	neith edge	Rylos source orbit	90	77	averaged_background_story_orbit_aesthetic_origin_distance	pending_art_reference
WC01484	Aermaelorevaraelle1484	background	V1	B32	threshold mason	Marso-len	willow-stone county	Kyreal source orbit	90	77	averaged_background_story_orbit_aesthetic_origin_distance	pending_art_reference
WC01485	Aerdalenluthhalorel1485	story	V1	B33	bookbinder	Rolzen-line	last open gate	Thessa source orbit	90	77	averaged_background_story_orbit_aesthetic_origin_distance	pending_art_reference
WC01486	Aerfiraorchardaria1486	recurring-background	V1	B01	bridge keeper	Kyreal-pack	diamond breakland	Kael source orbit	90	77	averaged_background_story_orbit_aesthetic_origin_distance	pending_art_reference
WC01487	Aeranorianendardria1487	deep-background	V1	B02	market singer	Xethrolund-glyph	black-heart ridge	Pael source orbit	90	77	averaged_background_story_orbit_aesthetic_origin_distance	pending_art_reference
WC01488	Ashaavelanorarel1488	support	V1	B03	glass forge worker	Pip-no-path	ash river	Soth source orbit	90	77	averaged_background_story_orbit_aesthetic_origin_distance	pending_art_reference
WC01489	Ashaelionquartzdion1489	background	V1	B04	ripper survivor	Mack-ground	morrow market	Vellin source orbit	90	77	averaged_background_story_orbit_aesthetic_origin_distance	pending_art_reference
WC01490	Aerdalenluthashiven1490	story	V1	B05	map seller	Dervish-glass	root vale	Corrath source orbit	90	77	averaged_background_story_orbit_aesthetic_origin_distance	pending_art_reference
WC01491	Brenaelgalenion1491	recurring-background	V1	B06	cellar cook	Vayne	ripper tunnel	Dervish source orbit	90	77	averaged_background_story_orbit_aesthetic_origin_distance	pending_art_reference
WC01492	Aerfiraevaraaelarel1492	deep-background	V1	B07	triage helper	Null-Heart	cello field	Pip source orbit	90	77	averaged_background_story_orbit_aesthetic_origin_distance	pending_art_reference
WC01493	Aermaelormireiel1493	support	V1	B08	faction runner	Iron-Song	blue-light road	Rolzen source orbit	90	77	averaged_background_story_orbit_aesthetic_origin_distance	pending_art_reference
WC01494	Aeranorluthendariel1494	background	V1	B09	wolf-road scout	Wren-Ash	xeth glyph yard	Xethrolund source orbit	90	77	averaged_background_story_orbit_aesthetic_origin_distance	pending_art_reference
WC01495	Aeranorgroveael1495	story	V1	B10	glyph apprentice	Thorn-Vayne	stone fen	Rylos source orbit	90	77	averaged_background_story_orbit_aesthetic_origin_distance	pending_art_reference
WC01496	Aeranorcairniven1496	recurring-background	V1	B11	corridor child	Marso-len	pocket sanctuary	Kyreal source orbit	90	77	averaged_background_story_orbit_aesthetic_origin_distance	pending_art_reference
WC01497	Brenhalorgalenavel1497	deep-background	V1	B12	field healer	Rolzen-line	glass orchard	Thessa source orbit	90	77	averaged_background_story_orbit_aesthetic_origin_distance	pending_art_reference
WC01498	Aerfiralarkael1498	support	V1	B13	cavern farmer	Kyreal-pack	neith edge	Kael source orbit	90	77	averaged_background_story_orbit_aesthetic_origin_distance	pending_art_reference
WC01499	Aerfiraamarendaraen1499	background	V1	B14	garden watcher	Xethrolund-glyph	willow-stone county	Pael source orbit	90	77	averaged_background_story_orbit_aesthetic_origin_distance	pending_art_reference
WC01500	Aerfiraiancrownarel1500	story	V1	B15	stone archivist	Pip-no-path	last open gate	Soth source orbit	90	77	averaged_background_story_orbit_aesthetic_origin_distance	pending_art_reference
WC01501	Aermaelorianarel1501	recurring-background	V1	B16	orchard guard	Mack-ground	diamond breakland	Vellin source orbit	90	77	averaged_background_story_orbit_aesthetic_origin_distance	pending_art_reference
WC01502	Aerfiracoriabrinion1502	deep-background	V1	B17	sonomancy listener	Dervish-glass	black-heart ridge	Corrath source orbit	90	77	averaged_background_story_orbit_aesthetic_origin_distance	pending_art_reference
WC01503	Aerfiraemberelle1503	support	V1	B18	tunnel witness	Vayne	ash river	Dervish source orbit	90	77	averaged_background_story_orbit_aesthetic_origin_distance	pending_art_reference
WC01504	Ashaavelforgearel1504	background	V1	B19	threshold mason	Null-Heart	morrow market	Pip source orbit	90	77	averaged_background_story_orbit_aesthetic_origin_distance	pending_art_reference
WC01505	Ashaavelfiraluthiel1505	story	V1	B20	bookbinder	Iron-Song	root vale	Rolzen source orbit	90	77	averaged_background_story_orbit_aesthetic_origin_distance	pending_art_reference
WC01506	Aerfiraamaraelarel1506	recurring-background	V1	B21	bridge keeper	Wren-Ash	ripper tunnel	Xethrolund source orbit	90	77	averaged_background_story_orbit_aesthetic_origin_distance	pending_art_reference
WC01507	Aerfiraluthlarkiven1507	deep-background	V1	B22	market singer	Thorn-Vayne	cello field	Rylos source orbit	90	77	averaged_background_story_orbit_aesthetic_origin_distance	pending_art_reference
WC01508	Ashaeliondalenael1508	support	V1	B23	glass forge worker	Marso-len	blue-light road	Kyreal source orbit	90	77	averaged_background_story_orbit_aesthetic_origin_distance	pending_art_reference
WC01509	Brenendaravel1509	background	V1	B24	ripper survivor	Rolzen-line	xeth glyph yard	Thessa source orbit	90	77	averaged_background_story_orbit_aesthetic_origin_distance	pending_art_reference
WC01510	Ashaeliondaleniven1510	story	V1	B25	map seller	Kyreal-pack	stone fen	Kael source orbit	90	77	averaged_background_story_orbit_aesthetic_origin_distance	pending_art_reference
WC01511	Aerdalenmirearia1511	recurring-background	V1	B26	cellar cook	Xethrolund-glyph	pocket sanctuary	Pael source orbit	90	77	averaged_background_story_orbit_aesthetic_origin_distance	pending_art_reference
WC01512	Ashagalendalendria1512	deep-background	V1	B27	triage helper	Pip-no-path	glass orchard	Soth source orbit	90	77	averaged_background_story_orbit_aesthetic_origin_distance	pending_art_reference
WC01513	Caelianmossavel1513	support	V1	B28	faction runner	Mack-ground	neith edge	Vellin source orbit	90	77	averaged_background_story_orbit_aesthetic_origin_distance	pending_art_reference
WC01514	Aerindracairnaria1514	background	V1	B29	wolf-road scout	Dervish-glass	willow-stone county	Corrath source orbit	90	77	averaged_background_story_orbit_aesthetic_origin_distance	pending_art_reference
WC01515	Aerfiraianbellion1515	story	V1	B30	glyph apprentice	Vayne	last open gate	Dervish source orbit	90	77	averaged_background_story_orbit_aesthetic_origin_distance	pending_art_reference
WC01516	Aerfiraluthiven1516	recurring-background	V1	B31	corridor child	Null-Heart	diamond breakland	Pip source orbit	90	77	averaged_background_story_orbit_aesthetic_origin_distance	pending_art_reference
WC01517	Aeranoramarmossel1517	deep-background	V1	B32	field healer	Iron-Song	black-heart ridge	Rolzen source orbit	90	77	averaged_background_story_orbit_aesthetic_origin_distance	pending_art_reference
WC01518	Aeranoriancrownael1518	support	V1	B33	cavern farmer	Wren-Ash	ash river	Xethrolund source orbit	90	77	averaged_background_story_orbit_aesthetic_origin_distance	pending_art_reference
WC01519	Aerfiraianlarken1519	background	V1	B01	garden watcher	Thorn-Vayne	morrow market	Rylos source orbit	90	77	averaged_background_story_orbit_aesthetic_origin_distance	pending_art_reference
WC01520	Ashajoraindraiel1520	story	V1	B02	stone archivist	Marso-len	root vale	Kyreal source orbit	90	77	averaged_background_story_orbit_aesthetic_origin_distance	pending_art_reference
WC01521	Ashaelionglassdion1521	recurring-background	V1	B03	orchard guard	Rolzen-line	ripper tunnel	Thessa source orbit	90	77	averaged_background_story_orbit_aesthetic_origin_distance	pending_art_reference
WC01522	Aerindraamaraelion1522	deep-background	V1	B04	sonomancy listener	Kyreal-pack	cello field	Kael source orbit	90	77	averaged_background_story_orbit_aesthetic_origin_distance	pending_art_reference
WC01523	Ashaavelfiraiel1523	support	V1	B05	tunnel witness	Xethrolund-glyph	blue-light road	Pael source orbit	90	77	averaged_background_story_orbit_aesthetic_origin_distance	pending_art_reference
WC01524	Aerindragroveaen1524	background	V1	B06	threshold mason	Pip-no-path	xeth glyph yard	Soth source orbit	90	77	averaged_background_story_orbit_aesthetic_origin_distance	pending_art_reference
WC01525	Aerfirariverael1525	story	V1	B07	bookbinder	Mack-ground	stone fen	Vellin source orbit	90	77	averaged_background_story_orbit_aesthetic_origin_distance	pending_art_reference
WC01526	Ashaelionindraiven1526	recurring-background	V1	B08	bridge keeper	Dervish-glass	pocket sanctuary	Corrath source orbit	90	77	averaged_background_story_orbit_aesthetic_origin_distance	pending_art_reference
WC01527	Aeranormarrowion1527	deep-background	V1	B09	market singer	Vayne	glass orchard	Dervish source orbit	90	77	averaged_background_story_orbit_aesthetic_origin_distance	pending_art_reference
WC01528	Brenhalorion1528	support	V1	B10	glass forge worker	Null-Heart	neith edge	Pip source orbit	90	77	averaged_background_story_orbit_aesthetic_origin_distance	pending_art_reference
WC01529	Ashaelionindrael1529	background	V1	B11	ripper survivor	Iron-Song	willow-stone county	Rolzen source orbit	90	77	averaged_background_story_orbit_aesthetic_origin_distance	pending_art_reference
WC01530	Aermaelorluthaelion1530	story	V1	B12	map seller	Wren-Ash	last open gate	Xethrolund source orbit	90	77	averaged_background_story_orbit_aesthetic_origin_distance	pending_art_reference
WC01531	Aerdalenemberaria1531	recurring-background	V1	B13	cellar cook	Thorn-Vayne	diamond breakland	Rylos source orbit	90	77	averaged_background_story_orbit_aesthetic_origin_distance	pending_art_reference
WC01532	Aeranorluthasharel1532	deep-background	V1	B14	triage helper	Marso-len	black-heart ridge	Kyreal source orbit	90	77	averaged_background_story_orbit_aesthetic_origin_distance	pending_art_reference
WC01533	Aerfiraforgeavel1533	support	V1	B15	faction runner	Rolzen-line	ash river	Thessa source orbit	90	77	averaged_background_story_orbit_aesthetic_origin_distance	pending_art_reference
WC01534	Aerfiraianaeldria1534	background	V1	B16	wolf-road scout	Kyreal-pack	morrow market	Kael source orbit	90	77	averaged_background_story_orbit_aesthetic_origin_distance	pending_art_reference
WC01535	Aermaelorcairniel1535	story	V1	B17	glyph apprentice	Xethrolund-glyph	root vale	Pael source orbit	90	77	averaged_background_story_orbit_aesthetic_origin_distance	pending_art_reference
WC01536	Ashagalenfiradion1536	recurring-background	V1	B18	corridor child	Pip-no-path	ripper tunnel	Soth source orbit	90	77	averaged_background_story_orbit_aesthetic_origin_distance	pending_art_reference
WC01537	Aeranorianhalorael1537	deep-background	V1	B19	field healer	Mack-ground	cello field	Vellin source orbit	90	77	averaged_background_story_orbit_aesthetic_origin_distance	pending_art_reference
WC01538	Aeranorevaramossen1538	support	V1	B20	cavern farmer	Dervish-glass	blue-light road	Corrath source orbit	90	77	averaged_background_story_orbit_aesthetic_origin_distance	pending_art_reference
WC01539	Caelevaraaeldion1539	background	V1	B21	garden watcher	Vayne	xeth glyph yard	Dervish source orbit	90	77	averaged_background_story_orbit_aesthetic_origin_distance	pending_art_reference
WC01540	Aerfiraglassarel1540	story	V1	B22	stone archivist	Null-Heart	stone fen	Pip source orbit	90	77	averaged_background_story_orbit_aesthetic_origin_distance	pending_art_reference
WC01541	Aerdalencairniven1541	recurring-background	V1	B23	orchard guard	Iron-Song	pocket sanctuary	Rolzen source orbit	90	77	averaged_background_story_orbit_aesthetic_origin_distance	pending_art_reference
WC01542	Aeranorcoriabelliel1542	deep-background	V1	B24	sonomancy listener	Wren-Ash	glass orchard	Xethrolund source orbit	90	77	averaged_background_story_orbit_aesthetic_origin_distance	pending_art_reference
WC01543	Aerfiraianbrinelle1543	support	V1	B25	tunnel witness	Thorn-Vayne	neith edge	Rylos source orbit	90	77	averaged_background_story_orbit_aesthetic_origin_distance	pending_art_reference
WC01544	Ashajoraanoravel1544	background	V1	B26	threshold mason	Marso-len	willow-stone county	Kyreal source orbit	90	77	averaged_background_story_orbit_aesthetic_origin_distance	pending_art_reference
WC01545	Aerfiraianaelion1545	story	V1	B27	bookbinder	Rolzen-line	last open gate	Thessa source orbit	90	77	averaged_background_story_orbit_aesthetic_origin_distance	pending_art_reference
WC01546	Aerdalenianbrinaen1546	recurring-background	V1	B28	bridge keeper	Kyreal-pack	diamond breakland	Kael source orbit	90	77	averaged_background_story_orbit_aesthetic_origin_distance	pending_art_reference
WC01547	Aerindracairndion1547	deep-background	V1	B29	market singer	Xethrolund-glyph	black-heart ridge	Pael source orbit	90	77	averaged_background_story_orbit_aesthetic_origin_distance	pending_art_reference
WC01548	Ashaelionfendria1548	support	V1	B30	glass forge worker	Pip-no-path	ash river	Soth source orbit	90	77	averaged_background_story_orbit_aesthetic_origin_distance	pending_art_reference
WC01549	Aeranoramarforgeael1549	background	V1	B31	ripper survivor	Mack-ground	morrow market	Vellin source orbit	90	77	averaged_background_story_orbit_aesthetic_origin_distance	pending_art_reference
WC01550	Ashanaramaeloravel1550	story	V1	B32	map seller	Dervish-glass	root vale	Corrath source orbit	90	77	averaged_background_story_orbit_aesthetic_origin_distance	pending_art_reference
WC01551	Aermaelorquartzdion1551	recurring-background	V1	B33	cellar cook	Vayne	ripper tunnel	Dervish source orbit	90	77	averaged_background_story_orbit_aesthetic_origin_distance	pending_art_reference
WC01552	Aerfiraorchardiel1552	deep-background	V1	B01	triage helper	Null-Heart	cello field	Pip source orbit	90	77	averaged_background_story_orbit_aesthetic_origin_distance	pending_art_reference
WC01553	Ashanarafiraluthiel1553	support	V1	B02	faction runner	Iron-Song	blue-light road	Rolzen source orbit	90	77	averaged_background_story_orbit_aesthetic_origin_distance	pending_art_reference
WC01554	Aeranoramarendariel1554	background	V1	B03	wolf-road scout	Wren-Ash	xeth glyph yard	Xethrolund source orbit	90	77	averaged_background_story_orbit_aesthetic_origin_distance	pending_art_reference
WC01555	Ashaelionhollowen1555	story	V1	B04	glyph apprentice	Thorn-Vayne	stone fen	Rylos source orbit	90	77	averaged_background_story_orbit_aesthetic_origin_distance	pending_art_reference
WC01556	Aerindraianen1556	recurring-background	V1	B05	corridor child	Marso-len	pocket sanctuary	Kyreal source orbit	90	77	averaged_background_story_orbit_aesthetic_origin_distance	pending_art_reference
WC01557	Caelcoriaendardion1557	deep-background	V1	B06	field healer	Rolzen-line	glass orchard	Thessa source orbit	90	77	averaged_background_story_orbit_aesthetic_origin_distance	pending_art_reference
WC01558	Aerfiraevaraion1558	support	V1	B07	cavern farmer	Kyreal-pack	neith edge	Kael source orbit	90	77	averaged_background_story_orbit_aesthetic_origin_distance	pending_art_reference
WC01559	Aermaelorcairnion1559	background	V1	B08	garden watcher	Xethrolund-glyph	willow-stone county	Pael source orbit	90	77	averaged_background_story_orbit_aesthetic_origin_distance	pending_art_reference
WC01560	Aeranorluthlarkdria1560	story	V1	B09	stone archivist	Pip-no-path	last open gate	Soth source orbit	90	77	averaged_background_story_orbit_aesthetic_origin_distance	pending_art_reference
WC01561	Aeranorhollowdria1561	recurring-background	V1	B10	orchard guard	Mack-ground	diamond breakland	Vellin source orbit	90	77	averaged_background_story_orbit_aesthetic_origin_distance	pending_art_reference
WC01562	Ashaavelquartzdion1562	deep-background	V1	B11	sonomancy listener	Dervish-glass	black-heart ridge	Corrath source orbit	90	77	averaged_background_story_orbit_aesthetic_origin_distance	pending_art_reference
WC01563	Aerfiraluthbrinarel1563	support	V1	B12	tunnel witness	Vayne	ash river	Dervish source orbit	90	77	averaged_background_story_orbit_aesthetic_origin_distance	pending_art_reference
WC01564	Aeranorcoriaaelaen1564	background	V1	B13	threshold mason	Null-Heart	morrow market	Pip source orbit	90	77	averaged_background_story_orbit_aesthetic_origin_distance	pending_art_reference
WC01565	Ashaavelfirafenelle1565	story	V1	B14	bookbinder	Iron-Song	root vale	Rolzen source orbit	90	77	averaged_background_story_orbit_aesthetic_origin_distance	pending_art_reference
WC01566	Aerdalenluthelle1566	recurring-background	V1	B15	bridge keeper	Wren-Ash	ripper tunnel	Xethrolund source orbit	90	77	averaged_background_story_orbit_aesthetic_origin_distance	pending_art_reference
WC01567	Ashaavelmaeloraen1567	deep-background	V1	B16	market singer	Thorn-Vayne	cello field	Rylos source orbit	90	77	averaged_background_story_orbit_aesthetic_origin_distance	pending_art_reference
WC01568	Ashajoraanorel1568	support	V1	B17	glass forge worker	Marso-len	blue-light road	Kyreal source orbit	90	77	averaged_background_story_orbit_aesthetic_origin_distance	pending_art_reference
WC01569	Ashajorafiraen1569	background	V1	B18	ripper survivor	Rolzen-line	xeth glyph yard	Thessa source orbit	90	77	averaged_background_story_orbit_aesthetic_origin_distance	pending_art_reference
WC01570	Ashaavelcinderiven1570	story	V1	B19	map seller	Kyreal-pack	stone fen	Kael source orbit	90	77	averaged_background_story_orbit_aesthetic_origin_distance	pending_art_reference
WC01571	Aeranorianivyavel1571	recurring-background	V1	B20	cellar cook	Xethrolund-glyph	pocket sanctuary	Pael source orbit	90	77	averaged_background_story_orbit_aesthetic_origin_distance	pending_art_reference
WC01572	Aerdalencoriaaelaen1572	deep-background	V1	B21	triage helper	Pip-no-path	glass orchard	Soth source orbit	90	77	averaged_background_story_orbit_aesthetic_origin_distance	pending_art_reference
WC01573	Ashaavelmarrowarel1573	support	V1	B22	faction runner	Mack-ground	neith edge	Vellin source orbit	90	77	averaged_background_story_orbit_aesthetic_origin_distance	pending_art_reference
WC01574	Aerindraamararia1574	background	V1	B23	wolf-road scout	Dervish-glass	willow-stone county	Corrath source orbit	90	77	averaged_background_story_orbit_aesthetic_origin_distance	pending_art_reference
WC01575	Aeranoramarbellael1575	story	V1	B24	glyph apprentice	Vayne	last open gate	Dervish source orbit	90	77	averaged_background_story_orbit_aesthetic_origin_distance	pending_art_reference
WC01576	Aerfiraamararel1576	recurring-background	V1	B25	corridor child	Null-Heart	diamond breakland	Pip source orbit	90	77	averaged_background_story_orbit_aesthetic_origin_distance	pending_art_reference
WC01577	Aerfiracoriaivyaria1577	deep-background	V1	B26	field healer	Iron-Song	black-heart ridge	Rolzen source orbit	90	77	averaged_background_story_orbit_aesthetic_origin_distance	pending_art_reference
WC01578	Brenendarelionen1578	support	V1	B27	cavern farmer	Wren-Ash	ash river	Xethrolund source orbit	90	77	averaged_background_story_orbit_aesthetic_origin_distance	pending_art_reference
WC01579	Aeranoramarcrownen1579	background	V1	B28	garden watcher	Thorn-Vayne	morrow market	Rylos source orbit	90	77	averaged_background_story_orbit_aesthetic_origin_distance	pending_art_reference
WC01580	Ashanarafiramireaen1580	story	V1	B29	stone archivist	Marso-len	root vale	Kyreal source orbit	90	77	averaged_background_story_orbit_aesthetic_origin_distance	pending_art_reference
WC01581	Aerfiraashaen1581	recurring-background	V1	B30	orchard guard	Rolzen-line	ripper tunnel	Thessa source orbit	90	77	averaged_background_story_orbit_aesthetic_origin_distance	pending_art_reference
WC01582	Ashaelionanordion1582	deep-background	V1	B31	sonomancy listener	Kyreal-pack	cello field	Kael source orbit	90	77	averaged_background_story_orbit_aesthetic_origin_distance	pending_art_reference
WC01583	Ashaelionfiraiel1583	support	V1	B32	tunnel witness	Xethrolund-glyph	blue-light road	Pael source orbit	90	77	averaged_background_story_orbit_aesthetic_origin_distance	pending_art_reference
WC01584	Aerdalenamarbrinael1584	background	V1	B33	threshold mason	Pip-no-path	xeth glyph yard	Soth source orbit	90	77	averaged_background_story_orbit_aesthetic_origin_distance	pending_art_reference
WC01585	Ashajoraiel1585	story	V1	B01	bookbinder	Mack-ground	stone fen	Vellin source orbit	90	77	averaged_background_story_orbit_aesthetic_origin_distance	pending_art_reference
WC01586	Ashagalenanoriven1586	recurring-background	V1	B02	bridge keeper	Dervish-glass	pocket sanctuary	Corrath source orbit	90	77	averaged_background_story_orbit_aesthetic_origin_distance	pending_art_reference
WC01587	Ashaavelanorevarael1587	deep-background	V1	B03	market singer	Vayne	glass orchard	Dervish source orbit	90	77	averaged_background_story_orbit_aesthetic_origin_distance	pending_art_reference
WC01588	Aeranorianhalorel1588	support	V1	B04	glass forge worker	Null-Heart	neith edge	Pip source orbit	90	77	averaged_background_story_orbit_aesthetic_origin_distance	pending_art_reference
WC01589	Aerfirafeniven1589	background	V1	B05	ripper survivor	Iron-Song	willow-stone county	Rolzen source orbit	90	77	averaged_background_story_orbit_aesthetic_origin_distance	pending_art_reference
WC01590	Aerdalenianaelaria1590	story	V1	B06	map seller	Wren-Ash	last open gate	Xethrolund source orbit	90	77	averaged_background_story_orbit_aesthetic_origin_distance	pending_art_reference
WC01591	Aerfiraemberion1591	recurring-background	V1	B07	cellar cook	Thorn-Vayne	diamond breakland	Rylos source orbit	90	77	averaged_background_story_orbit_aesthetic_origin_distance	pending_art_reference
WC01592	Aeranorevaraashdria1592	deep-background	V1	B08	triage helper	Marso-len	black-heart ridge	Kyreal source orbit	90	77	averaged_background_story_orbit_aesthetic_origin_distance	pending_art_reference
WC01593	Aeranorforgeaen1593	support	V1	B09	faction runner	Rolzen-line	ash river	Thessa source orbit	90	77	averaged_background_story_orbit_aesthetic_origin_distance	pending_art_reference
WC01594	Ashajoraivyaen1594	background	V1	B10	wolf-road scout	Kyreal-pack	morrow market	Kael source orbit	90	77	averaged_background_story_orbit_aesthetic_origin_distance	pending_art_reference
WC01595	Brenbriniven1595	story	V1	B11	glyph apprentice	Xethrolund-glyph	root vale	Pael source orbit	90	77	averaged_background_story_orbit_aesthetic_origin_distance	pending_art_reference
WC01596	Ashaelionfendion1596	recurring-background	V1	B12	corridor child	Pip-no-path	ripper tunnel	Soth source orbit	90	77	averaged_background_story_orbit_aesthetic_origin_distance	pending_art_reference
WC01597	Aerfiraluthkelanel1597	deep-background	V1	B13	field healer	Mack-ground	cello field	Vellin source orbit	90	77	averaged_background_story_orbit_aesthetic_origin_distance	pending_art_reference
WC01598	Ashaaveldalenianiel1598	support	V1	B14	cavern farmer	Dervish-glass	blue-light road	Corrath source orbit	90	77	averaged_background_story_orbit_aesthetic_origin_distance	pending_art_reference
WC01599	Ashajoramaelorael1599	background	V1	B15	garden watcher	Vayne	xeth glyph yard	Dervish source orbit	90	77	averaged_background_story_orbit_aesthetic_origin_distance	pending_art_reference
WC01600	Ashajoraaen1600	story	V1	B16	stone archivist	Null-Heart	stone fen	Pip source orbit	90	77	averaged_background_story_orbit_aesthetic_origin_distance	pending_art_reference
WC01601	Aeranoriankelandion1601	recurring-background	V1	B17	orchard guard	Iron-Song	pocket sanctuary	Rolzen source orbit	90	77	averaged_background_story_orbit_aesthetic_origin_distance	pending_art_reference
WC01602	Ashaavelmaelorel1602	deep-background	V1	B18	sonomancy listener	Wren-Ash	glass orchard	Xethrolund source orbit	90	77	averaged_background_story_orbit_aesthetic_origin_distance	pending_art_reference
WC01603	Aeranoremberarel1603	support	V1	B19	tunnel witness	Thorn-Vayne	neith edge	Rylos source orbit	90	77	averaged_background_story_orbit_aesthetic_origin_distance	pending_art_reference
WC01604	Ashaavelanoraen1604	background	V1	B20	threshold mason	Marso-len	willow-stone county	Kyreal source orbit	90	77	averaged_background_story_orbit_aesthetic_origin_distance	pending_art_reference
WC01605	Aerdalenianbrinion1605	story	V1	B21	bookbinder	Rolzen-line	last open gate	Thessa source orbit	90	77	averaged_background_story_orbit_aesthetic_origin_distance	pending_art_reference
WC01606	Aeranorglassaria1606	recurring-background	V1	B22	bridge keeper	Kyreal-pack	diamond breakland	Kael source orbit	90	77	averaged_background_story_orbit_aesthetic_origin_distance	pending_art_reference
WC01607	Aermaelorianaeliven1607	deep-background	V1	B23	market singer	Xethrolund-glyph	black-heart ridge	Pael source orbit	90	77	averaged_background_story_orbit_aesthetic_origin_distance	pending_art_reference
WC01608	Aerindraianion1608	support	V1	B24	glass forge worker	Pip-no-path	ash river	Soth source orbit	90	77	averaged_background_story_orbit_aesthetic_origin_distance	pending_art_reference
WC01609	Aerfiraianhalorael1609	background	V1	B25	ripper survivor	Mack-ground	morrow market	Vellin source orbit	90	77	averaged_background_story_orbit_aesthetic_origin_distance	pending_art_reference
WC01610	Aerfiraevaraivyarel1610	story	V1	B26	map seller	Dervish-glass	root vale	Corrath source orbit	90	77	averaged_background_story_orbit_aesthetic_origin_distance	pending_art_reference
WC01611	Aeranormarrowelle1611	recurring-background	V1	B27	cellar cook	Vayne	ripper tunnel	Dervish source orbit	90	77	averaged_background_story_orbit_aesthetic_origin_distance	pending_art_reference
WC01612	Caelamariel1612	deep-background	V1	B28	triage helper	Null-Heart	cello field	Pip source orbit	90	77	averaged_background_story_orbit_aesthetic_origin_distance	pending_art_reference
WC01613	Ashaavelquartzaen1613	support	V1	B29	faction runner	Iron-Song	blue-light road	Rolzen source orbit	90	77	averaged_background_story_orbit_aesthetic_origin_distance	pending_art_reference
WC01614	Aerfiracoriaaeldion1614	background	V1	B30	wolf-road scout	Wren-Ash	xeth glyph yard	Xethrolund source orbit	90	77	averaged_background_story_orbit_aesthetic_origin_distance	pending_art_reference
WC01615	Aerfiraluthkelanaen1615	story	V1	B31	glyph apprentice	Thorn-Vayne	stone fen	Rylos source orbit	90	77	averaged_background_story_orbit_aesthetic_origin_distance	pending_art_reference
WC01616	Ashagalenmaelorel1616	recurring-background	V1	B32	corridor child	Marso-len	pocket sanctuary	Kyreal source orbit	90	77	averaged_background_story_orbit_aesthetic_origin_distance	pending_art_reference
WC01617	Ashaavelcrownel1617	deep-background	V1	B33	field healer	Rolzen-line	glass orchard	Thessa source orbit	90	77	averaged_background_story_orbit_aesthetic_origin_distance	pending_art_reference
WC01618	Aerdalenlarkael1618	support	V1	B01	cavern farmer	Kyreal-pack	neith edge	Kael source orbit	90	77	averaged_background_story_orbit_aesthetic_origin_distance	pending_art_reference
WC01619	Ashagalenbrookiven1619	background	V1	B02	garden watcher	Xethrolund-glyph	willow-stone county	Pael source orbit	90	77	averaged_background_story_orbit_aesthetic_origin_distance	pending_art_reference
WC01620	Aeranoremberelle1620	story	V1	B03	stone archivist	Pip-no-path	last open gate	Soth source orbit	90	77	averaged_background_story_orbit_aesthetic_origin_distance	pending_art_reference
WC01621	Aeranoramarashdion1621	recurring-background	V1	B04	orchard guard	Mack-ground	diamond breakland	Vellin source orbit	90	77	averaged_background_story_orbit_aesthetic_origin_distance	pending_art_reference
WC01622	Aerdalenevaraaelael1622	deep-background	V1	B05	sonomancy listener	Dervish-glass	black-heart ridge	Corrath source orbit	90	77	averaged_background_story_orbit_aesthetic_origin_distance	pending_art_reference
WC01623	Aerfiraquartzelle1623	support	V1	B06	tunnel witness	Vayne	ash river	Dervish source orbit	90	77	averaged_background_story_orbit_aesthetic_origin_distance	pending_art_reference
WC01624	Ashanarafiradria1624	background	V1	B07	threshold mason	Null-Heart	morrow market	Pip source orbit	90	77	averaged_background_story_orbit_aesthetic_origin_distance	pending_art_reference
WC01625	Aermaelorcoriaiel1625	story	V1	B08	bookbinder	Iron-Song	root vale	Rolzen source orbit	90	77	averaged_background_story_orbit_aesthetic_origin_distance	pending_art_reference
WC01626	Aerindraemberiel1626	recurring-background	V1	B09	bridge keeper	Wren-Ash	ripper tunnel	Xethrolund source orbit	90	77	averaged_background_story_orbit_aesthetic_origin_distance	pending_art_reference
WC01627	Brenbrinavelaria1627	deep-background	V1	B10	market singer	Thorn-Vayne	cello field	Rylos source orbit	90	77	averaged_background_story_orbit_aesthetic_origin_distance	pending_art_reference
WC01628	Aeranorcoriaashdion1628	support	V1	B11	glass forge worker	Marso-len	blue-light road	Kyreal source orbit	90	77	averaged_background_story_orbit_aesthetic_origin_distance	pending_art_reference
WC01629	Aermaelorianaelavel1629	background	V1	B12	ripper survivor	Rolzen-line	xeth glyph yard	Thessa source orbit	90	77	averaged_background_story_orbit_aesthetic_origin_distance	pending_art_reference
WC01630	Aeranorluthemberaen1630	story	V1	B13	map seller	Kyreal-pack	stone fen	Kael source orbit	90	77	averaged_background_story_orbit_aesthetic_origin_distance	pending_art_reference
WC01631	Ashagaleniel1631	recurring-background	V1	B14	cellar cook	Xethrolund-glyph	pocket sanctuary	Pael source orbit	90	77	averaged_background_story_orbit_aesthetic_origin_distance	pending_art_reference
WC01632	Aeranorianbrinavel1632	deep-background	V1	B15	triage helper	Pip-no-path	glass orchard	Soth source orbit	90	77	averaged_background_story_orbit_aesthetic_origin_distance	pending_art_reference
WC01633	Aerindramireael1633	support	V1	B16	faction runner	Mack-ground	neith edge	Vellin source orbit	90	77	averaged_background_story_orbit_aesthetic_origin_distance	pending_art_reference
WC01634	Ashaavelmaeloriven1634	background	V1	B17	wolf-road scout	Dervish-glass	willow-stone county	Corrath source orbit	90	77	averaged_background_story_orbit_aesthetic_origin_distance	pending_art_reference
WC01635	Aerdalenianaelivyen1635	story	V1	B18	glyph apprentice	Vayne	last open gate	Dervish source orbit	90	77	averaged_background_story_orbit_aesthetic_origin_distance	pending_art_reference
WC01636	Aerfiralarken1636	recurring-background	V1	B19	corridor child	Null-Heart	diamond breakland	Pip source orbit	90	77	averaged_background_story_orbit_aesthetic_origin_distance	pending_art_reference
WC01637	Aeranorluthforgeael1637	deep-background	V1	B20	field healer	Iron-Song	black-heart ridge	Rolzen source orbit	90	77	averaged_background_story_orbit_aesthetic_origin_distance	pending_art_reference
WC01638	Ashaavelmaelordion1638	support	V1	B21	cavern farmer	Wren-Ash	ash river	Xethrolund source orbit	90	77	averaged_background_story_orbit_aesthetic_origin_distance	pending_art_reference
WC01639	Aerindramarrowiel1639	background	V1	B22	garden watcher	Thorn-Vayne	morrow market	Rylos source orbit	90	77	averaged_background_story_orbit_aesthetic_origin_distance	pending_art_reference
WC01640	Aeranorcoriamossael1640	story	V1	B23	stone archivist	Marso-len	root vale	Kyreal source orbit	90	77	averaged_background_story_orbit_aesthetic_origin_distance	pending_art_reference
WC01641	Aerfiraamaraelion1641	recurring-background	V1	B24	orchard guard	Rolzen-line	ripper tunnel	Thessa source orbit	90	77	averaged_background_story_orbit_aesthetic_origin_distance	pending_art_reference
WC01642	Aerdalenbellavel1642	deep-background	V1	B25	sonomancy listener	Kyreal-pack	cello field	Kael source orbit	90	77	averaged_background_story_orbit_aesthetic_origin_distance	pending_art_reference
WC01643	Aerindraamarbrinel1643	support	V1	B26	tunnel witness	Xethrolund-glyph	blue-light road	Pael source orbit	90	77	averaged_background_story_orbit_aesthetic_origin_distance	pending_art_reference
WC01644	Aermaelorgroveaen1644	background	V1	B27	threshold mason	Pip-no-path	xeth glyph yard	Soth source orbit	90	77	averaged_background_story_orbit_aesthetic_origin_distance	pending_art_reference
WC01645	Aeranorlutharia1645	story	V1	B28	bookbinder	Mack-ground	stone fen	Vellin source orbit	90	77	averaged_background_story_orbit_aesthetic_origin_distance	pending_art_reference
WC01646	Aerindraianivyaen1646	recurring-background	V1	B29	bridge keeper	Dervish-glass	pocket sanctuary	Corrath source orbit	90	77	averaged_background_story_orbit_aesthetic_origin_distance	pending_art_reference
WC01647	Ashaelionanordria1647	deep-background	V1	B30	market singer	Vayne	glass orchard	Dervish source orbit	90	77	averaged_background_story_orbit_aesthetic_origin_distance	pending_art_reference
WC01648	Aeranorluthendarael1648	support	V1	B31	glass forge worker	Null-Heart	neith edge	Pip source orbit	90	77	averaged_background_story_orbit_aesthetic_origin_distance	pending_art_reference
WC01649	Ashaavelquartzaria1649	background	V1	B32	ripper survivor	Iron-Song	willow-stone county	Rolzen source orbit	90	77	averaged_background_story_orbit_aesthetic_origin_distance	pending_art_reference
WC01650	Aerfiraluthlarkael1650	story	V1	B33	map seller	Wren-Ash	last open gate	Xethrolund source orbit	90	77	averaged_background_story_orbit_aesthetic_origin_distance	pending_art_reference
WC01651	Aerfirabrookion1651	recurring-background	V1	B01	cellar cook	Thorn-Vayne	diamond breakland	Rylos source orbit	90	77	averaged_background_story_orbit_aesthetic_origin_distance	pending_art_reference
WC01652	Aerfiramireiel1652	deep-background	V1	B02	triage helper	Marso-len	black-heart ridge	Kyreal source orbit	90	77	averaged_background_story_orbit_aesthetic_origin_distance	pending_art_reference
WC01653	Aermaeloramaraen1653	support	V1	B03	faction runner	Rolzen-line	ash river	Thessa source orbit	90	77	averaged_background_story_orbit_aesthetic_origin_distance	pending_art_reference
WC01654	Aerfiraamaraeliven1654	background	V1	B04	wolf-road scout	Kyreal-pack	morrow market	Kael source orbit	90	77	averaged_background_story_orbit_aesthetic_origin_distance	pending_art_reference
WC01655	Aerdalenianforgeen1655	story	V1	B05	glyph apprentice	Xethrolund-glyph	root vale	Pael source orbit	90	77	averaged_background_story_orbit_aesthetic_origin_distance	pending_art_reference
WC01656	Aerfiraamarendarion1656	recurring-background	V1	B06	corridor child	Pip-no-path	ripper tunnel	Soth source orbit	90	77	averaged_background_story_orbit_aesthetic_origin_distance	pending_art_reference
WC01657	Aeranorianforgeion1657	deep-background	V1	B07	field healer	Mack-ground	cello field	Vellin source orbit	90	77	averaged_background_story_orbit_aesthetic_origin_distance	pending_art_reference
WC01658	Brenendarjorael1658	support	V1	B08	cavern farmer	Dervish-glass	blue-light road	Corrath source orbit	90	77	averaged_background_story_orbit_aesthetic_origin_distance	pending_art_reference
WC01659	Aermaelorbrookiven1659	background	V1	B09	garden watcher	Vayne	xeth glyph yard	Dervish source orbit	90	77	averaged_background_story_orbit_aesthetic_origin_distance	pending_art_reference
WC01660	Aerdalenglassarel1660	story	V1	B10	stone archivist	Null-Heart	stone fen	Pip source orbit	90	77	averaged_background_story_orbit_aesthetic_origin_distance	pending_art_reference
WC01661	Aerindraamararel1661	recurring-background	V1	B11	orchard guard	Iron-Song	pocket sanctuary	Rolzen source orbit	90	77	averaged_background_story_orbit_aesthetic_origin_distance	pending_art_reference
WC01662	Ashaelionanorael1662	deep-background	V1	B12	sonomancy listener	Wren-Ash	glass orchard	Xethrolund source orbit	90	77	averaged_background_story_orbit_aesthetic_origin_distance	pending_art_reference
WC01663	Ashaavelfiraaria1663	support	V1	B13	tunnel witness	Thorn-Vayne	neith edge	Rylos source orbit	90	77	averaged_background_story_orbit_aesthetic_origin_distance	pending_art_reference
WC01664	Aeranorfenelle1664	background	V1	B14	threshold mason	Marso-len	willow-stone county	Kyreal source orbit	90	77	averaged_background_story_orbit_aesthetic_origin_distance	pending_art_reference
WC01665	Ashagalenindradion1665	story	V1	B15	bookbinder	Rolzen-line	last open gate	Thessa source orbit	90	77	averaged_background_story_orbit_aesthetic_origin_distance	pending_art_reference
WC01666	Ashaelionfiraen1666	recurring-background	V1	B16	bridge keeper	Kyreal-pack	diamond breakland	Kael source orbit	90	77	averaged_background_story_orbit_aesthetic_origin_distance	pending_art_reference
WC01667	Brenbrinnaraaria1667	deep-background	V1	B17	market singer	Xethrolund-glyph	black-heart ridge	Pael source orbit	90	77	averaged_background_story_orbit_aesthetic_origin_distance	pending_art_reference
WC01668	Aeranoremberael1668	support	V1	B18	glass forge worker	Pip-no-path	ash river	Soth source orbit	90	77	averaged_background_story_orbit_aesthetic_origin_distance	pending_art_reference
WC01669	Ashanarabrookelle1669	background	V1	B19	ripper survivor	Mack-ground	morrow market	Vellin source orbit	90	77	averaged_background_story_orbit_aesthetic_origin_distance	pending_art_reference
WC01670	Aerfiraluthendaren1670	story	V1	B20	map seller	Dervish-glass	root vale	Corrath source orbit	90	77	averaged_background_story_orbit_aesthetic_origin_distance	pending_art_reference
WC01671	Aerindraquartziel1671	recurring-background	V1	B21	cellar cook	Vayne	ripper tunnel	Dervish source orbit	90	77	averaged_background_story_orbit_aesthetic_origin_distance	pending_art_reference
WC01672	Aermaelorcrowndion1672	deep-background	V1	B22	triage helper	Null-Heart	cello field	Pip source orbit	90	77	averaged_background_story_orbit_aesthetic_origin_distance	pending_art_reference
WC01673	Aeranorevaraivyen1673	support	V1	B23	faction runner	Iron-Song	blue-light road	Rolzen source orbit	90	77	averaged_background_story_orbit_aesthetic_origin_distance	pending_art_reference
WC01674	Aerfiraianhaloriel1674	background	V1	B24	wolf-road scout	Wren-Ash	xeth glyph yard	Xethrolund source orbit	90	77	averaged_background_story_orbit_aesthetic_origin_distance	pending_art_reference
WC01675	Ashagalendaleniven1675	story	V1	B25	glyph apprentice	Thorn-Vayne	stone fen	Rylos source orbit	90	77	averaged_background_story_orbit_aesthetic_origin_distance	pending_art_reference
WC01676	Ashanaragroveion1676	recurring-background	V1	B26	corridor child	Marso-len	pocket sanctuary	Kyreal source orbit	90	77	averaged_background_story_orbit_aesthetic_origin_distance	pending_art_reference
WC01677	Ashaelionlarkel1677	deep-background	V1	B27	field healer	Rolzen-line	glass orchard	Thessa source orbit	90	77	averaged_background_story_orbit_aesthetic_origin_distance	pending_art_reference
WC01678	Ashajoraelle1678	support	V1	B28	cavern farmer	Kyreal-pack	neith edge	Kael source orbit	90	77	averaged_background_story_orbit_aesthetic_origin_distance	pending_art_reference
WC01679	Aermaelorluthion1679	background	V1	B29	garden watcher	Xethrolund-glyph	willow-stone county	Pael source orbit	90	77	averaged_background_story_orbit_aesthetic_origin_distance	pending_art_reference
WC01680	Aeranorluthglassen1680	story	V1	B30	stone archivist	Pip-no-path	last open gate	Soth source orbit	90	77	averaged_background_story_orbit_aesthetic_origin_distance	pending_art_reference
WC01681	Aerindracoriaaeliel1681	recurring-background	V1	B31	orchard guard	Mack-ground	diamond breakland	Vellin source orbit	90	77	averaged_background_story_orbit_aesthetic_origin_distance	pending_art_reference
WC01682	Aeranorluthashael1682	deep-background	V1	B32	sonomancy listener	Dervish-glass	black-heart ridge	Corrath source orbit	90	77	averaged_background_story_orbit_aesthetic_origin_distance	pending_art_reference
WC01683	Aerfiraluthbriniven1683	support	V1	B33	tunnel witness	Vayne	ash river	Dervish source orbit	90	77	averaged_background_story_orbit_aesthetic_origin_distance	pending_art_reference
WC01684	Aerfiracrownaria1684	background	V1	B01	threshold mason	Null-Heart	morrow market	Pip source orbit	90	77	averaged_background_story_orbit_aesthetic_origin_distance	pending_art_reference
WC01685	Aeranorcoriaaelen1685	story	V1	B02	bookbinder	Iron-Song	root vale	Rolzen source orbit	90	77	averaged_background_story_orbit_aesthetic_origin_distance	pending_art_reference
WC01686	Aerfiraluthaelashel1686	recurring-background	V1	B03	bridge keeper	Wren-Ash	ripper tunnel	Xethrolund source orbit	90	77	averaged_background_story_orbit_aesthetic_origin_distance	pending_art_reference
WC01687	Brenendaren1687	deep-background	V1	B04	market singer	Thorn-Vayne	cello field	Rylos source orbit	90	77	averaged_background_story_orbit_aesthetic_origin_distance	pending_art_reference
WC01688	Aeranorluthkelaniel1688	support	V1	B05	glass forge worker	Marso-len	blue-light road	Kyreal source orbit	90	77	averaged_background_story_orbit_aesthetic_origin_distance	pending_art_reference
WC01689	Aerdalenamarmireaen1689	background	V1	B06	ripper survivor	Rolzen-line	xeth glyph yard	Thessa source orbit	90	77	averaged_background_story_orbit_aesthetic_origin_distance	pending_art_reference
WC01690	Ashajoramaelordria1690	story	V1	B07	map seller	Kyreal-pack	stone fen	Kael source orbit	90	77	averaged_background_story_orbit_aesthetic_origin_distance	pending_art_reference
WC01691	Aermaelorcairnael1691	recurring-background	V1	B08	cellar cook	Xethrolund-glyph	pocket sanctuary	Pael source orbit	90	77	averaged_background_story_orbit_aesthetic_origin_distance	pending_art_reference
WC01692	Aermaelorevaraaria1692	deep-background	V1	B09	triage helper	Pip-no-path	glass orchard	Soth source orbit	90	77	averaged_background_story_orbit_aesthetic_origin_distance	pending_art_reference
WC01693	Aermaelormireel1693	support	V1	B10	faction runner	Mack-ground	neith edge	Vellin source orbit	90	77	averaged_background_story_orbit_aesthetic_origin_distance	pending_art_reference
WC01694	Aeranorhollowel1694	background	V1	B11	wolf-road scout	Dervish-glass	willow-stone county	Corrath source orbit	90	77	averaged_background_story_orbit_aesthetic_origin_distance	pending_art_reference
WC01695	Aerdalengroveaen1695	story	V1	B12	glyph apprentice	Vayne	last open gate	Dervish source orbit	90	77	averaged_background_story_orbit_aesthetic_origin_distance	pending_art_reference
WC01696	Caelcoriabrookelle1696	recurring-background	V1	B13	corridor child	Null-Heart	diamond breakland	Pip source orbit	90	77	averaged_background_story_orbit_aesthetic_origin_distance	pending_art_reference
WC01697	Aermaelorianaelel1697	deep-background	V1	B14	field healer	Iron-Song	black-heart ridge	Rolzen source orbit	90	77	averaged_background_story_orbit_aesthetic_origin_distance	pending_art_reference
WC01698	Aerfiraemberavel1698	support	V1	B15	cavern farmer	Wren-Ash	ash river	Xethrolund source orbit	90	77	averaged_background_story_orbit_aesthetic_origin_distance	pending_art_reference
WC01699	Aeranorluthbelliven1699	background	V1	B16	garden watcher	Thorn-Vayne	morrow market	Rylos source orbit	90	77	averaged_background_story_orbit_aesthetic_origin_distance	pending_art_reference
WC01700	Aeranorluthaen1700	story	V1	B17	stone archivist	Marso-len	root vale	Kyreal source orbit	90	77	averaged_background_story_orbit_aesthetic_origin_distance	pending_art_reference
WC01701	Aerfiraamarhalorael1701	recurring-background	V2	B18	orchard guard	Rolzen-line	ripper tunnel	Thessa source orbit	90	77	averaged_background_story_orbit_aesthetic_origin_distance	pending_art_reference
WC01702	Ashajoramossiel1702	deep-background	V2	B19	sonomancy listener	Kyreal-pack	cello field	Kael source orbit	90	77	averaged_background_story_orbit_aesthetic_origin_distance	pending_art_reference
WC01703	Aerdalenianbrinel1703	support	V2	B20	tunnel witness	Xethrolund-glyph	blue-light road	Pael source orbit	90	77	averaged_background_story_orbit_aesthetic_origin_distance	pending_art_reference
WC01704	Brenaelcinderarel1704	background	V2	B21	threshold mason	Pip-no-path	xeth glyph yard	Soth source orbit	90	77	averaged_background_story_orbit_aesthetic_origin_distance	pending_art_reference
WC01705	Ashagalenquartzen1705	story	V2	B22	bookbinder	Mack-ground	stone fen	Vellin source orbit	90	77	averaged_background_story_orbit_aesthetic_origin_distance	pending_art_reference
WC01706	Aerdalenamaraelaen1706	recurring-background	V2	B23	bridge keeper	Dervish-glass	pocket sanctuary	Corrath source orbit	90	77	averaged_background_story_orbit_aesthetic_origin_distance	pending_art_reference
WC01707	Ashaavelmirearel1707	deep-background	V2	B24	market singer	Vayne	glass orchard	Dervish source orbit	90	77	averaged_background_story_orbit_aesthetic_origin_distance	pending_art_reference
WC01708	Aeranoriangrovearia1708	support	V2	B25	glass forge worker	Null-Heart	neith edge	Pip source orbit	90	77	averaged_background_story_orbit_aesthetic_origin_distance	pending_art_reference
WC01709	Aerdalenfeniven1709	background	V2	B26	ripper survivor	Iron-Song	willow-stone county	Rolzen source orbit	90	77	averaged_background_story_orbit_aesthetic_origin_distance	pending_art_reference
WC01710	Aermaeloramaraelael1710	story	V2	B27	map seller	Wren-Ash	last open gate	Xethrolund source orbit	90	77	averaged_background_story_orbit_aesthetic_origin_distance	pending_art_reference
WC01711	Aerfiraevaraaria1711	recurring-background	V2	B28	cellar cook	Thorn-Vayne	diamond breakland	Rylos source orbit	90	77	averaged_background_story_orbit_aesthetic_origin_distance	pending_art_reference
WC01712	Aermaeloramarelle1712	deep-background	V2	B29	triage helper	Marso-len	black-heart ridge	Kyreal source orbit	90	77	averaged_background_story_orbit_aesthetic_origin_distance	pending_art_reference
WC01713	Aerfiraiankelanion1713	support	V2	B30	faction runner	Rolzen-line	ash river	Thessa source orbit	90	77	averaged_background_story_orbit_aesthetic_origin_distance	pending_art_reference
WC01714	Aerdalenianaelarel1714	background	V2	B31	wolf-road scout	Kyreal-pack	morrow market	Kael source orbit	90	77	averaged_background_story_orbit_aesthetic_origin_distance	pending_art_reference
WC01715	Brenbrindria1715	story	V2	B32	glyph apprentice	Xethrolund-glyph	root vale	Pael source orbit	90	77	averaged_background_story_orbit_aesthetic_origin_distance	pending_art_reference
WC01716	Ashanaraindradion1716	recurring-background	V2	B33	corridor child	Pip-no-path	ripper tunnel	Soth source orbit	90	77	averaged_background_story_orbit_aesthetic_origin_distance	pending_art_reference
WC01717	Aeranoramarashel1717	deep-background	V2	B01	field healer	Mack-ground	cello field	Vellin source orbit	90	77	averaged_background_story_orbit_aesthetic_origin_distance	pending_art_reference
WC01718	Ashaavelfiraianelle1718	support	V2	B02	cavern farmer	Dervish-glass	blue-light road	Corrath source orbit	90	77	averaged_background_story_orbit_aesthetic_origin_distance	pending_art_reference
WC01719	Aermaelorevaraiven1719	background	V2	B03	garden watcher	Vayne	xeth glyph yard	Dervish source orbit	90	77	averaged_background_story_orbit_aesthetic_origin_distance	pending_art_reference
WC01720	Aerfiracoriaiven1720	story	V2	B04	stone archivist	Null-Heart	stone fen	Pip source orbit	90	77	averaged_background_story_orbit_aesthetic_origin_distance	pending_art_reference
WC01721	Ashagalenanoraria1721	recurring-background	V2	B05	orchard guard	Iron-Song	pocket sanctuary	Rolzen source orbit	90	77	averaged_background_story_orbit_aesthetic_origin_distance	pending_art_reference
WC01722	Aerdalenemberdria1722	deep-background	V2	B06	sonomancy listener	Wren-Ash	glass orchard	Xethrolund source orbit	90	77	averaged_background_story_orbit_aesthetic_origin_distance	pending_art_reference
WC01723	Aeranorluthlarkelle1723	support	V2	B07	tunnel witness	Thorn-Vayne	neith edge	Rylos source orbit	90	77	averaged_background_story_orbit_aesthetic_origin_distance	pending_art_reference
WC01724	Aeranorcoriaashiven1724	background	V2	B08	threshold mason	Marso-len	willow-stone county	Kyreal source orbit	90	77	averaged_background_story_orbit_aesthetic_origin_distance	pending_art_reference
WC01725	Aerfiraiancairnion1725	story	V2	B09	bookbinder	Rolzen-line	last open gate	Thessa source orbit	90	77	averaged_background_story_orbit_aesthetic_origin_distance	pending_art_reference
WC01726	Aeranorlarkion1726	recurring-background	V2	B10	bridge keeper	Kyreal-pack	diamond breakland	Kael source orbit	90	77	averaged_background_story_orbit_aesthetic_origin_distance	pending_art_reference
WC01727	Aeranorianivyarel1727	deep-background	V2	B11	market singer	Xethrolund-glyph	black-heart ridge	Pael source orbit	90	77	averaged_background_story_orbit_aesthetic_origin_distance	pending_art_reference
WC01728	Ashanarahollowen1728	support	V2	B12	glass forge worker	Pip-no-path	ash river	Soth source orbit	90	77	averaged_background_story_orbit_aesthetic_origin_distance	pending_art_reference
WC01729	Aeranorfenavel1729	background	V2	B13	ripper survivor	Mack-ground	morrow market	Vellin source orbit	90	77	averaged_background_story_orbit_aesthetic_origin_distance	pending_art_reference
WC01730	Brenaelnaraaria1730	story	V2	B14	map seller	Dervish-glass	root vale	Corrath source orbit	90	77	averaged_background_story_orbit_aesthetic_origin_distance	pending_art_reference
WC01731	Aerindraianbriniven1731	recurring-background	V2	B15	cellar cook	Vayne	ripper tunnel	Dervish source orbit	90	77	averaged_background_story_orbit_aesthetic_origin_distance	pending_art_reference
WC01732	Brenaeliven1732	deep-background	V2	B16	triage helper	Null-Heart	cello field	Pip source orbit	90	77	averaged_background_story_orbit_aesthetic_origin_distance	pending_art_reference
WC01733	Aerfiraamarbrinarel1733	support	V2	B17	faction runner	Iron-Song	blue-light road	Rolzen source orbit	90	77	averaged_background_story_orbit_aesthetic_origin_distance	pending_art_reference
WC01734	Caelamarglasselle1734	background	V2	B18	wolf-road scout	Wren-Ash	xeth glyph yard	Xethrolund source orbit	90	77	averaged_background_story_orbit_aesthetic_origin_distance	pending_art_reference
WC01735	Aerfiracoriael1735	story	V2	B19	glyph apprentice	Thorn-Vayne	stone fen	Rylos source orbit	90	77	averaged_background_story_orbit_aesthetic_origin_distance	pending_art_reference
WC01736	Ashaavelindrael1736	recurring-background	V2	B20	corridor child	Marso-len	pocket sanctuary	Kyreal source orbit	90	77	averaged_background_story_orbit_aesthetic_origin_distance	pending_art_reference
WC01737	Ashanaradalenluthen1737	deep-background	V2	B21	field healer	Rolzen-line	glass orchard	Thessa source orbit	90	77	averaged_background_story_orbit_aesthetic_origin_distance	pending_art_reference
WC01738	Aerdalenorchardel1738	support	V2	B22	cavern farmer	Kyreal-pack	neith edge	Kael source orbit	90	77	averaged_background_story_orbit_aesthetic_origin_distance	pending_art_reference
WC01739	Aermaelorfenaria1739	background	V2	B23	garden watcher	Xethrolund-glyph	willow-stone county	Pael source orbit	90	77	averaged_background_story_orbit_aesthetic_origin_distance	pending_art_reference
WC01740	Aeranoriancrowndria1740	story	V2	B24	stone archivist	Pip-no-path	last open gate	Soth source orbit	90	77	averaged_background_story_orbit_aesthetic_origin_distance	pending_art_reference
WC01741	Aeranorluthbriniel1741	recurring-background	V2	B25	orchard guard	Mack-ground	diamond breakland	Vellin source orbit	90	77	averaged_background_story_orbit_aesthetic_origin_distance	pending_art_reference
WC01742	Aerfiraamarkelanael1742	deep-background	V2	B26	sonomancy listener	Dervish-glass	black-heart ridge	Corrath source orbit	90	77	averaged_background_story_orbit_aesthetic_origin_distance	pending_art_reference
WC01743	Aermaelorluthiel1743	support	V2	B27	tunnel witness	Vayne	ash river	Dervish source orbit	90	77	averaged_background_story_orbit_aesthetic_origin_distance	pending_art_reference
WC01744	Aeranorianendaravel1744	background	V2	B28	threshold mason	Null-Heart	morrow market	Pip source orbit	90	77	averaged_background_story_orbit_aesthetic_origin_distance	pending_art_reference
WC01745	Brenhaloren1745	story	V2	B29	bookbinder	Iron-Song	root vale	Rolzen source orbit	90	77	averaged_background_story_orbit_aesthetic_origin_distance	pending_art_reference
WC01746	Ashaavelcairnaen1746	recurring-background	V2	B30	bridge keeper	Wren-Ash	ripper tunnel	Xethrolund source orbit	90	77	averaged_background_story_orbit_aesthetic_origin_distance	pending_art_reference
WC01747	Aeranorluthlarkarel1747	deep-background	V2	B31	market singer	Thorn-Vayne	cello field	Rylos source orbit	90	77	averaged_background_story_orbit_aesthetic_origin_distance	pending_art_reference
WC01748	Aerfiraamaraeliel1748	support	V2	B32	glass forge worker	Marso-len	blue-light road	Kyreal source orbit	90	77	averaged_background_story_orbit_aesthetic_origin_distance	pending_art_reference
WC01749	Ashaavelanorianaria1749	background	V2	B33	ripper survivor	Rolzen-line	xeth glyph yard	Thessa source orbit	90	77	averaged_background_story_orbit_aesthetic_origin_distance	pending_art_reference
WC01750	Aeranorlarkael1750	story	V2	B01	map seller	Kyreal-pack	stone fen	Kael source orbit	90	77	averaged_background_story_orbit_aesthetic_origin_distance	pending_art_reference
WC01751	Aerindralutharia1751	recurring-background	V2	B02	cellar cook	Xethrolund-glyph	pocket sanctuary	Pael source orbit	90	77	averaged_background_story_orbit_aesthetic_origin_distance	pending_art_reference
WC01752	Aeranorevarabellaen1752	deep-background	V2	B03	triage helper	Pip-no-path	glass orchard	Soth source orbit	90	77	averaged_background_story_orbit_aesthetic_origin_distance	pending_art_reference
WC01753	Aermaelorluthaelaen1753	support	V2	B04	faction runner	Mack-ground	neith edge	Vellin source orbit	90	77	averaged_background_story_orbit_aesthetic_origin_distance	pending_art_reference
WC01754	Ashaavelbrooken1754	background	V2	B05	wolf-road scout	Dervish-glass	willow-stone county	Corrath source orbit	90	77	averaged_background_story_orbit_aesthetic_origin_distance	pending_art_reference
WC01755	Ashagalendaleniel1755	story	V2	B06	glyph apprentice	Vayne	last open gate	Dervish source orbit	90	77	averaged_background_story_orbit_aesthetic_origin_distance	pending_art_reference
WC01756	Aermaelorlarken1756	recurring-background	V2	B07	corridor child	Null-Heart	diamond breakland	Pip source orbit	90	77	averaged_background_story_orbit_aesthetic_origin_distance	pending_art_reference
WC01757	Aeranoramarforgeel1757	deep-background	V2	B08	field healer	Iron-Song	black-heart ridge	Rolzen source orbit	90	77	averaged_background_story_orbit_aesthetic_origin_distance	pending_art_reference
WC01758	Aerdalenbrookavel1758	support	V2	B09	cavern farmer	Wren-Ash	ash river	Xethrolund source orbit	90	77	averaged_background_story_orbit_aesthetic_origin_distance	pending_art_reference
WC01759	Aerdalenbrookelle1759	background	V2	B10	garden watcher	Thorn-Vayne	morrow market	Rylos source orbit	90	77	averaged_background_story_orbit_aesthetic_origin_distance	pending_art_reference
WC01760	Ashajorafiraiel1760	story	V2	B11	stone archivist	Marso-len	root vale	Kyreal source orbit	90	77	averaged_background_story_orbit_aesthetic_origin_distance	pending_art_reference
WC01761	Ashaavelbelliel1761	recurring-background	V2	B12	orchard guard	Rolzen-line	ripper tunnel	Thessa source orbit	90	77	averaged_background_story_orbit_aesthetic_origin_distance	pending_art_reference
WC01762	Aeranorcoriabrinion1762	deep-background	V2	B13	sonomancy listener	Kyreal-pack	cello field	Kael source orbit	90	77	averaged_background_story_orbit_aesthetic_origin_distance	pending_art_reference
WC01763	Aerdalenianforgeel1763	support	V2	B14	tunnel witness	Xethrolund-glyph	blue-light road	Pael source orbit	90	77	averaged_background_story_orbit_aesthetic_origin_distance	pending_art_reference
WC01764	Ashagalenfiraelle1764	background	V2	B15	threshold mason	Pip-no-path	xeth glyph yard	Soth source orbit	90	77	averaged_background_story_orbit_aesthetic_origin_distance	pending_art_reference
WC01765	Aerdalenriverael1765	story	V2	B16	bookbinder	Mack-ground	stone fen	Vellin source orbit	90	77	averaged_background_story_orbit_aesthetic_origin_distance	pending_art_reference
WC01766	Aerfiraamarbrinavel1766	recurring-background	V2	B17	bridge keeper	Dervish-glass	pocket sanctuary	Corrath source orbit	90	77	averaged_background_story_orbit_aesthetic_origin_distance	pending_art_reference
WC01767	Ashaelioncairndria1767	deep-background	V2	B18	market singer	Vayne	glass orchard	Dervish source orbit	90	77	averaged_background_story_orbit_aesthetic_origin_distance	pending_art_reference
WC01768	Caelcoriaaen1768	support	V2	B19	glass forge worker	Null-Heart	neith edge	Pip source orbit	90	77	averaged_background_story_orbit_aesthetic_origin_distance	pending_art_reference
WC01769	Aerfiraamarashiel1769	background	V2	B20	ripper survivor	Iron-Song	willow-stone county	Rolzen source orbit	90	77	averaged_background_story_orbit_aesthetic_origin_distance	pending_art_reference
WC01770	Aerfiramarrowavel1770	story	V2	B21	map seller	Wren-Ash	last open gate	Xethrolund source orbit	90	77	averaged_background_story_orbit_aesthetic_origin_distance	pending_art_reference
WC01771	Ashagalencairniven1771	recurring-background	V2	B22	cellar cook	Thorn-Vayne	diamond breakland	Rylos source orbit	90	77	averaged_background_story_orbit_aesthetic_origin_distance	pending_art_reference
WC01772	Aeranorianaelarel1772	deep-background	V2	B23	triage helper	Marso-len	black-heart ridge	Kyreal source orbit	90	77	averaged_background_story_orbit_aesthetic_origin_distance	pending_art_reference
WC01773	Aerdalenianaen1773	support	V2	B24	faction runner	Rolzen-line	ash river	Thessa source orbit	90	77	averaged_background_story_orbit_aesthetic_origin_distance	pending_art_reference
WC01774	Ashajorafiraluthiel1774	background	V2	B25	wolf-road scout	Kyreal-pack	morrow market	Kael source orbit	90	77	averaged_background_story_orbit_aesthetic_origin_distance	pending_art_reference
WC01775	Aeranoramarivyen1775	story	V2	B26	glyph apprentice	Xethrolund-glyph	root vale	Pael source orbit	90	77	averaged_background_story_orbit_aesthetic_origin_distance	pending_art_reference
WC01776	Aeranoremberaen1776	recurring-background	V2	B27	corridor child	Pip-no-path	ripper tunnel	Soth source orbit	90	77	averaged_background_story_orbit_aesthetic_origin_distance	pending_art_reference
WC01777	Aermaelorianmossael1777	deep-background	V2	B28	field healer	Mack-ground	cello field	Vellin source orbit	90	77	averaged_background_story_orbit_aesthetic_origin_distance	pending_art_reference
WC01778	Ashajoraquartzaen1778	support	V2	B29	cavern farmer	Dervish-glass	blue-light road	Corrath source orbit	90	77	averaged_background_story_orbit_aesthetic_origin_distance	pending_art_reference
WC01779	Aeranormarrowiven1779	background	V2	B30	garden watcher	Vayne	xeth glyph yard	Dervish source orbit	90	77	averaged_background_story_orbit_aesthetic_origin_distance	pending_art_reference
WC01780	Aerfiraluthbrinelle1780	story	V2	B31	stone archivist	Null-Heart	stone fen	Pip source orbit	90	77	averaged_background_story_orbit_aesthetic_origin_distance	pending_art_reference
WC01781	Aerfiraevaraarel1781	recurring-background	V2	B32	orchard guard	Iron-Song	pocket sanctuary	Rolzen source orbit	90	77	averaged_background_story_orbit_aesthetic_origin_distance	pending_art_reference
WC01782	Aermaelorcoriaen1782	deep-background	V2	B33	sonomancy listener	Wren-Ash	glass orchard	Xethrolund source orbit	90	77	averaged_background_story_orbit_aesthetic_origin_distance	pending_art_reference
WC01783	Ashaavelriverael1783	support	V2	B01	tunnel witness	Thorn-Vayne	neith edge	Rylos source orbit	90	77	averaged_background_story_orbit_aesthetic_origin_distance	pending_art_reference
WC01784	Brenendariven1784	background	V2	B02	threshold mason	Marso-len	willow-stone county	Kyreal source orbit	90	77	averaged_background_story_orbit_aesthetic_origin_distance	pending_art_reference
WC01785	Aeranorianmireion1785	story	V2	B03	bookbinder	Rolzen-line	last open gate	Thessa source orbit	90	77	averaged_background_story_orbit_aesthetic_origin_distance	pending_art_reference
WC01786	Ashagalenmaelordria1786	recurring-background	V2	B04	bridge keeper	Kyreal-pack	diamond breakland	Kael source orbit	90	77	averaged_background_story_orbit_aesthetic_origin_distance	pending_art_reference
WC01787	Aerfiraevaraasharel1787	deep-background	V2	B05	market singer	Xethrolund-glyph	black-heart ridge	Pael source orbit	90	77	averaged_background_story_orbit_aesthetic_origin_distance	pending_art_reference
WC01788	Aeranorianael1788	support	V2	B06	glass forge worker	Pip-no-path	ash river	Soth source orbit	90	77	averaged_background_story_orbit_aesthetic_origin_distance	pending_art_reference
WC01789	Ashajoraanoriel1789	background	V2	B07	ripper survivor	Mack-ground	morrow market	Vellin source orbit	90	77	averaged_background_story_orbit_aesthetic_origin_distance	pending_art_reference
WC01790	Aerfiraamaraeldria1790	story	V2	B08	map seller	Dervish-glass	root vale	Corrath source orbit	90	77	averaged_background_story_orbit_aesthetic_origin_distance	pending_art_reference
WC01791	Aerdalenianbellen1791	recurring-background	V2	B09	cellar cook	Vayne	ripper tunnel	Dervish source orbit	90	77	averaged_background_story_orbit_aesthetic_origin_distance	pending_art_reference
WC01792	Aerdalenlarkelle1792	deep-background	V2	B10	triage helper	Null-Heart	cello field	Pip source orbit	90	77	averaged_background_story_orbit_aesthetic_origin_distance	pending_art_reference
WC01793	Aerfiraiankelaniven1793	support	V2	B11	faction runner	Iron-Song	blue-light road	Rolzen source orbit	90	77	averaged_background_story_orbit_aesthetic_origin_distance	pending_art_reference
WC01794	Ashanaradalenion1794	background	V2	B12	wolf-road scout	Wren-Ash	xeth glyph yard	Xethrolund source orbit	90	77	averaged_background_story_orbit_aesthetic_origin_distance	pending_art_reference
WC01795	Aermaelorevaraael1795	story	V2	B13	glyph apprentice	Thorn-Vayne	stone fen	Rylos source orbit	90	77	averaged_background_story_orbit_aesthetic_origin_distance	pending_art_reference
WC01796	Aerindraianaeldion1796	recurring-background	V2	B14	corridor child	Marso-len	pocket sanctuary	Kyreal source orbit	90	77	averaged_background_story_orbit_aesthetic_origin_distance	pending_art_reference
WC01797	Aerdalencinderen1797	deep-background	V2	B15	field healer	Rolzen-line	glass orchard	Thessa source orbit	90	77	averaged_background_story_orbit_aesthetic_origin_distance	pending_art_reference
WC01798	Aeranorbellion1798	support	V2	B16	cavern farmer	Kyreal-pack	neith edge	Kael source orbit	90	77	averaged_background_story_orbit_aesthetic_origin_distance	pending_art_reference
WC01799	Aerfirahollowel1799	background	V2	B17	garden watcher	Xethrolund-glyph	willow-stone county	Pael source orbit	90	77	averaged_background_story_orbit_aesthetic_origin_distance	pending_art_reference
WC01800	Ashajorariveravel1800	story	V2	B18	stone archivist	Pip-no-path	last open gate	Soth source orbit	90	77	averaged_background_story_orbit_aesthetic_origin_distance	pending_art_reference
WC01801	Ashaelionbrookael1801	recurring-background	V2	B19	orchard guard	Mack-ground	diamond breakland	Vellin source orbit	90	77	averaged_background_story_orbit_aesthetic_origin_distance	pending_art_reference
WC01802	Ashanarabrookiel1802	deep-background	V2	B20	sonomancy listener	Dervish-glass	black-heart ridge	Corrath source orbit	90	77	averaged_background_story_orbit_aesthetic_origin_distance	pending_art_reference
WC01803	Ashagalenindraavel1803	support	V2	B21	tunnel witness	Vayne	ash river	Dervish source orbit	90	77	averaged_background_story_orbit_aesthetic_origin_distance	pending_art_reference
WC01804	Aeranororchardaria1804	background	V2	B22	threshold mason	Null-Heart	morrow market	Pip source orbit	90	77	averaged_background_story_orbit_aesthetic_origin_distance	pending_art_reference
WC01805	Aermaelorluthdion1805	story	V2	B23	bookbinder	Iron-Song	root vale	Rolzen source orbit	90	77	averaged_background_story_orbit_aesthetic_origin_distance	pending_art_reference
WC01806	Aermaelormarrowdion1806	recurring-background	V2	B24	bridge keeper	Wren-Ash	ripper tunnel	Xethrolund source orbit	90	77	averaged_background_story_orbit_aesthetic_origin_distance	pending_art_reference
WC01807	Aeranorevaraglassen1807	deep-background	V2	B25	market singer	Thorn-Vayne	cello field	Rylos source orbit	90	77	averaged_background_story_orbit_aesthetic_origin_distance	pending_art_reference
WC01808	Ashaeliongrovearia1808	support	V2	B26	glass forge worker	Marso-len	blue-light road	Kyreal source orbit	90	77	averaged_background_story_orbit_aesthetic_origin_distance	pending_art_reference
WC01809	Aermaelorlutharia1809	background	V2	B27	ripper survivor	Rolzen-line	xeth glyph yard	Thessa source orbit	90	77	averaged_background_story_orbit_aesthetic_origin_distance	pending_art_reference
WC01810	Ashajoraasharel1810	story	V2	B28	map seller	Kyreal-pack	stone fen	Kael source orbit	90	77	averaged_background_story_orbit_aesthetic_origin_distance	pending_art_reference
WC01811	Ashaavelfiraiven1811	recurring-background	V2	B29	cellar cook	Xethrolund-glyph	pocket sanctuary	Pael source orbit	90	77	averaged_background_story_orbit_aesthetic_origin_distance	pending_art_reference
WC01812	Ashaavelanorluthael1812	deep-background	V2	B30	triage helper	Pip-no-path	glass orchard	Soth source orbit	90	77	averaged_background_story_orbit_aesthetic_origin_distance	pending_art_reference
WC01813	Aeranorriveraria1813	support	V2	B31	faction runner	Mack-ground	neith edge	Vellin source orbit	90	77	averaged_background_story_orbit_aesthetic_origin_distance	pending_art_reference
WC01814	Brenbrinavel1814	background	V2	B32	wolf-road scout	Dervish-glass	willow-stone county	Corrath source orbit	90	77	averaged_background_story_orbit_aesthetic_origin_distance	pending_art_reference
WC01815	Brenendargaleniven1815	story	V2	B33	glyph apprentice	Vayne	last open gate	Dervish source orbit	90	77	averaged_background_story_orbit_aesthetic_origin_distance	pending_art_reference
WC01816	Caelcoriagroveelle1816	recurring-background	V2	B01	corridor child	Null-Heart	diamond breakland	Pip source orbit	90	77	averaged_background_story_orbit_aesthetic_origin_distance	pending_art_reference
WC01817	Aeranorcoriamossion1817	deep-background	V2	B02	field healer	Iron-Song	black-heart ridge	Rolzen source orbit	90	77	averaged_background_story_orbit_aesthetic_origin_distance	pending_art_reference
WC01818	Aermaelorquartzavel1818	support	V2	B03	cavern farmer	Wren-Ash	ash river	Xethrolund source orbit	90	77	averaged_background_story_orbit_aesthetic_origin_distance	pending_art_reference
WC01819	Ashaavelanoramariel1819	background	V2	B04	garden watcher	Thorn-Vayne	morrow market	Rylos source orbit	90	77	averaged_background_story_orbit_aesthetic_origin_distance	pending_art_reference
WC01820	Aerfiraianbrinel1820	story	V2	B05	stone archivist	Marso-len	root vale	Kyreal source orbit	90	77	averaged_background_story_orbit_aesthetic_origin_distance	pending_art_reference
WC01821	Aeranorcinderaen1821	recurring-background	V2	B06	orchard guard	Rolzen-line	ripper tunnel	Thessa source orbit	90	77	averaged_background_story_orbit_aesthetic_origin_distance	pending_art_reference
WC01822	Aerfiraamarquartzel1822	deep-background	V2	B07	sonomancy listener	Kyreal-pack	cello field	Kael source orbit	90	77	averaged_background_story_orbit_aesthetic_origin_distance	pending_art_reference
WC01823	Aeranorianforgeel1823	support	V2	B08	tunnel witness	Xethrolund-glyph	blue-light road	Pael source orbit	90	77	averaged_background_story_orbit_aesthetic_origin_distance	pending_art_reference
WC01824	Aeranorevaracrownel1824	background	V2	B09	threshold mason	Pip-no-path	xeth glyph yard	Soth source orbit	90	77	averaged_background_story_orbit_aesthetic_origin_distance	pending_art_reference
WC01825	Ashaavelfiraen1825	story	V2	B10	bookbinder	Mack-ground	stone fen	Vellin source orbit	90	77	averaged_background_story_orbit_aesthetic_origin_distance	pending_art_reference
WC01826	Aerfiracairnael1826	recurring-background	V2	B11	bridge keeper	Dervish-glass	pocket sanctuary	Corrath source orbit	90	77	averaged_background_story_orbit_aesthetic_origin_distance	pending_art_reference
WC01827	Aeranorbrookael1827	deep-background	V2	B12	market singer	Vayne	glass orchard	Dervish source orbit	90	77	averaged_background_story_orbit_aesthetic_origin_distance	pending_art_reference
WC01828	Aerfiraevaragroveel1828	support	V2	B13	glass forge worker	Null-Heart	neith edge	Pip source orbit	90	77	averaged_background_story_orbit_aesthetic_origin_distance	pending_art_reference
WC01829	Aerfiraianivyiel1829	background	V2	B14	ripper survivor	Iron-Song	willow-stone county	Rolzen source orbit	90	77	averaged_background_story_orbit_aesthetic_origin_distance	pending_art_reference
WC01830	Aeranorluthendarel1830	story	V2	B15	map seller	Wren-Ash	last open gate	Xethrolund source orbit	90	77	averaged_background_story_orbit_aesthetic_origin_distance	pending_art_reference
WC01831	Aerdalenquartzion1831	recurring-background	V2	B16	cellar cook	Thorn-Vayne	diamond breakland	Rylos source orbit	90	77	averaged_background_story_orbit_aesthetic_origin_distance	pending_art_reference
WC01832	Aeranorriverelle1832	deep-background	V2	B17	triage helper	Marso-len	black-heart ridge	Kyreal source orbit	90	77	averaged_background_story_orbit_aesthetic_origin_distance	pending_art_reference
WC01833	Aerindraianmireael1833	support	V2	B18	faction runner	Rolzen-line	ash river	Thessa source orbit	90	77	averaged_background_story_orbit_aesthetic_origin_distance	pending_art_reference
WC01834	Brenbrinelionaria1834	background	V2	B19	wolf-road scout	Kyreal-pack	morrow market	Kael source orbit	90	77	averaged_background_story_orbit_aesthetic_origin_distance	pending_art_reference
WC01835	Aeranoriankelaniven1835	story	V2	B20	glyph apprentice	Xethrolund-glyph	root vale	Pael source orbit	90	77	averaged_background_story_orbit_aesthetic_origin_distance	pending_art_reference
WC01836	Aerdalenianaelel1836	recurring-background	V2	B21	corridor child	Pip-no-path	ripper tunnel	Soth source orbit	90	77	averaged_background_story_orbit_aesthetic_origin_distance	pending_art_reference
WC01837	Aerindracairnaen1837	deep-background	V2	B22	field healer	Mack-ground	cello field	Vellin source orbit	90	77	averaged_background_story_orbit_aesthetic_origin_distance	pending_art_reference
WC01838	Aerindraamarivyen1838	support	V2	B23	cavern farmer	Dervish-glass	blue-light road	Corrath source orbit	90	77	averaged_background_story_orbit_aesthetic_origin_distance	pending_art_reference
WC01839	Aerindraluthaeldion1839	background	V2	B24	garden watcher	Vayne	xeth glyph yard	Dervish source orbit	90	77	averaged_background_story_orbit_aesthetic_origin_distance	pending_art_reference
WC01840	Aerindraianiven1840	story	V2	B25	stone archivist	Null-Heart	stone fen	Pip source orbit	90	77	averaged_background_story_orbit_aesthetic_origin_distance	pending_art_reference
WC01841	Aerfiraevaraen1841	recurring-background	V2	B26	orchard guard	Iron-Song	pocket sanctuary	Rolzen source orbit	90	77	averaged_background_story_orbit_aesthetic_origin_distance	pending_art_reference
WC01842	Aerindraemberdria1842	deep-background	V2	B27	sonomancy listener	Wren-Ash	glass orchard	Xethrolund source orbit	90	77	averaged_background_story_orbit_aesthetic_origin_distance	pending_art_reference
WC01843	Aerindraemberiven1843	support	V2	B28	tunnel witness	Thorn-Vayne	neith edge	Rylos source orbit	90	77	averaged_background_story_orbit_aesthetic_origin_distance	pending_art_reference
WC01844	Aerfiraevaraendaren1844	background	V2	B29	threshold mason	Marso-len	willow-stone county	Kyreal source orbit	90	77	averaged_background_story_orbit_aesthetic_origin_distance	pending_art_reference
WC01845	Aerindracoriafenael1845	story	V2	B30	bookbinder	Rolzen-line	last open gate	Thessa source orbit	90	77	averaged_background_story_orbit_aesthetic_origin_distance	pending_art_reference
WC01846	Ashaavelfiraianael1846	recurring-background	V2	B31	bridge keeper	Kyreal-pack	diamond breakland	Kael source orbit	90	77	averaged_background_story_orbit_aesthetic_origin_distance	pending_art_reference
WC01847	Aeranoramarcinderen1847	deep-background	V2	B32	market singer	Xethrolund-glyph	black-heart ridge	Pael source orbit	90	77	averaged_background_story_orbit_aesthetic_origin_distance	pending_art_reference
WC01848	Aerfiraamarglassaen1848	support	V2	B33	glass forge worker	Pip-no-path	ash river	Soth source orbit	90	77	averaged_background_story_orbit_aesthetic_origin_distance	pending_art_reference
WC01849	Aeranorcoriaendarel1849	background	V2	B01	ripper survivor	Mack-ground	morrow market	Vellin source orbit	90	77	averaged_background_story_orbit_aesthetic_origin_distance	pending_art_reference
WC01850	Aerfirahollowiel1850	story	V2	B02	map seller	Dervish-glass	root vale	Corrath source orbit	90	77	averaged_background_story_orbit_aesthetic_origin_distance	pending_art_reference
WC01851	Ashaelionfenaen1851	recurring-background	V2	B03	cellar cook	Vayne	ripper tunnel	Dervish source orbit	90	77	averaged_background_story_orbit_aesthetic_origin_distance	pending_art_reference
WC01852	Aermaelorianaeldria1852	deep-background	V2	B04	triage helper	Null-Heart	cello field	Pip source orbit	90	77	averaged_background_story_orbit_aesthetic_origin_distance	pending_art_reference
WC01853	Aeranorianiel1853	support	V2	B05	faction runner	Iron-Song	blue-light road	Rolzen source orbit	90	77	averaged_background_story_orbit_aesthetic_origin_distance	pending_art_reference
WC01854	Aeranoremberen1854	background	V2	B06	wolf-road scout	Wren-Ash	xeth glyph yard	Xethrolund source orbit	90	77	averaged_background_story_orbit_aesthetic_origin_distance	pending_art_reference
WC01855	Ashaelionhollowarel1855	story	V2	B07	glyph apprentice	Thorn-Vayne	stone fen	Rylos source orbit	90	77	averaged_background_story_orbit_aesthetic_origin_distance	pending_art_reference
WC01856	Ashagalenanorel1856	recurring-background	V2	B08	corridor child	Marso-len	pocket sanctuary	Kyreal source orbit	90	77	averaged_background_story_orbit_aesthetic_origin_distance	pending_art_reference
WC01857	Aerfiraashdria1857	deep-background	V2	B09	field healer	Rolzen-line	glass orchard	Thessa source orbit	90	77	averaged_background_story_orbit_aesthetic_origin_distance	pending_art_reference
WC01858	Aerdalenbellion1858	support	V2	B10	cavern farmer	Kyreal-pack	neith edge	Kael source orbit	90	77	averaged_background_story_orbit_aesthetic_origin_distance	pending_art_reference
WC01859	Aerdalencairnel1859	background	V2	B11	garden watcher	Xethrolund-glyph	willow-stone county	Pael source orbit	90	77	averaged_background_story_orbit_aesthetic_origin_distance	pending_art_reference
WC01860	Aerfiraemberiel1860	story	V2	B12	stone archivist	Pip-no-path	last open gate	Soth source orbit	90	77	averaged_background_story_orbit_aesthetic_origin_distance	pending_art_reference
WC01861	Ashaelionmaeloraria1861	recurring-background	V2	B13	orchard guard	Mack-ground	diamond breakland	Vellin source orbit	90	77	averaged_background_story_orbit_aesthetic_origin_distance	pending_art_reference
WC01862	Aerfirafenaen1862	deep-background	V2	B14	sonomancy listener	Dervish-glass	black-heart ridge	Corrath source orbit	90	77	averaged_background_story_orbit_aesthetic_origin_distance	pending_art_reference
WC01863	Ashaavelfenavel1863	support	V2	B15	tunnel witness	Vayne	ash river	Dervish source orbit	90	77	averaged_background_story_orbit_aesthetic_origin_distance	pending_art_reference
WC01864	Aeranorianbrookavel1864	background	V2	B16	threshold mason	Null-Heart	morrow market	Pip source orbit	90	77	averaged_background_story_orbit_aesthetic_origin_distance	pending_art_reference
WC01865	Aeranoramarivyiven1865	story	V2	B17	bookbinder	Iron-Song	root vale	Rolzen source orbit	90	77	averaged_background_story_orbit_aesthetic_origin_distance	pending_art_reference
WC01866	Caelevaraaeljoraion1866	recurring-background	V2	B18	bridge keeper	Wren-Ash	ripper tunnel	Xethrolund source orbit	90	77	averaged_background_story_orbit_aesthetic_origin_distance	pending_art_reference
WC01867	Aeranorevaracrownen1867	deep-background	V2	B19	market singer	Thorn-Vayne	cello field	Rylos source orbit	90	77	averaged_background_story_orbit_aesthetic_origin_distance	pending_art_reference
WC01868	Ashagalengroveel1868	support	V2	B20	glass forge worker	Marso-len	blue-light road	Kyreal source orbit	90	77	averaged_background_story_orbit_aesthetic_origin_distance	pending_art_reference
WC01869	Aerfiracoriafenaen1869	background	V2	B21	ripper survivor	Rolzen-line	xeth glyph yard	Thessa source orbit	90	77	averaged_background_story_orbit_aesthetic_origin_distance	pending_art_reference
WC01870	Ashanaraindraen1870	story	V2	B22	map seller	Kyreal-pack	stone fen	Kael source orbit	90	77	averaged_background_story_orbit_aesthetic_origin_distance	pending_art_reference
WC01871	Aerfiraamarivyaen1871	recurring-background	V2	B23	cellar cook	Xethrolund-glyph	pocket sanctuary	Pael source orbit	90	77	averaged_background_story_orbit_aesthetic_origin_distance	pending_art_reference
WC01872	Ashaavelfeniven1872	deep-background	V2	B24	triage helper	Pip-no-path	glass orchard	Soth source orbit	90	77	averaged_background_story_orbit_aesthetic_origin_distance	pending_art_reference
WC01873	Aeranorcairnion1873	support	V2	B25	faction runner	Mack-ground	neith edge	Vellin source orbit	90	77	averaged_background_story_orbit_aesthetic_origin_distance	pending_art_reference
WC01874	Aerindrafenael1874	background	V2	B26	wolf-road scout	Dervish-glass	willow-stone county	Corrath source orbit	90	77	averaged_background_story_orbit_aesthetic_origin_distance	pending_art_reference
WC01875	Aeranorianglassaria1875	story	V2	B27	glyph apprentice	Vayne	last open gate	Dervish source orbit	90	77	averaged_background_story_orbit_aesthetic_origin_distance	pending_art_reference
WC01876	Aerindraianbriniel1876	recurring-background	V2	B28	corridor child	Null-Heart	diamond breakland	Pip source orbit	90	77	averaged_background_story_orbit_aesthetic_origin_distance	pending_art_reference
WC01877	Aeranorriveravel1877	deep-background	V2	B29	field healer	Iron-Song	black-heart ridge	Rolzen source orbit	90	77	averaged_background_story_orbit_aesthetic_origin_distance	pending_art_reference
WC01878	Aermaelorianendarel1878	support	V2	B30	cavern farmer	Wren-Ash	ash river	Xethrolund source orbit	90	77	averaged_background_story_orbit_aesthetic_origin_distance	pending_art_reference
WC01879	Aerfiraianbrindria1879	background	V2	B31	garden watcher	Thorn-Vayne	morrow market	Rylos source orbit	90	77	averaged_background_story_orbit_aesthetic_origin_distance	pending_art_reference
WC01880	Aerfiracoriaendarel1880	story	V2	B32	stone archivist	Marso-len	root vale	Kyreal source orbit	90	77	averaged_background_story_orbit_aesthetic_origin_distance	pending_art_reference
WC01881	Aerfiraianbrinion1881	recurring-background	V2	B33	orchard guard	Rolzen-line	ripper tunnel	Thessa source orbit	90	77	averaged_background_story_orbit_aesthetic_origin_distance	pending_art_reference
WC01882	Aeranorianemberion1882	deep-background	V2	B01	sonomancy listener	Kyreal-pack	cello field	Kael source orbit	90	77	averaged_background_story_orbit_aesthetic_origin_distance	pending_art_reference
WC01883	Aeranorluthbrinel1883	support	V2	B02	tunnel witness	Xethrolund-glyph	blue-light road	Pael source orbit	90	77	averaged_background_story_orbit_aesthetic_origin_distance	pending_art_reference
WC01884	Aerfiraluthhalorel1884	background	V2	B03	threshold mason	Pip-no-path	xeth glyph yard	Soth source orbit	90	77	averaged_background_story_orbit_aesthetic_origin_distance	pending_art_reference
WC01885	Aeranorcoriaashaen1885	story	V2	B04	bookbinder	Mack-ground	stone fen	Vellin source orbit	90	77	averaged_background_story_orbit_aesthetic_origin_distance	pending_art_reference
WC01886	Ashagalendalenarel1886	recurring-background	V2	B05	bridge keeper	Dervish-glass	pocket sanctuary	Corrath source orbit	90	77	averaged_background_story_orbit_aesthetic_origin_distance	pending_art_reference
WC01887	Aerfiramarrowaria1887	deep-background	V2	B06	market singer	Vayne	glass orchard	Dervish source orbit	90	77	averaged_background_story_orbit_aesthetic_origin_distance	pending_art_reference
WC01888	Aerfiraevaraaen1888	support	V2	B07	glass forge worker	Null-Heart	neith edge	Pip source orbit	90	77	averaged_background_story_orbit_aesthetic_origin_distance	pending_art_reference
WC01889	Aerindraianivyelle1889	background	V2	B08	ripper survivor	Iron-Song	willow-stone county	Rolzen source orbit	90	77	averaged_background_story_orbit_aesthetic_origin_distance	pending_art_reference
WC01890	Aerfiraevarabrinion1890	story	V2	B09	map seller	Wren-Ash	last open gate	Xethrolund source orbit	90	77	averaged_background_story_orbit_aesthetic_origin_distance	pending_art_reference
WC01891	Aerfiraluthbellaen1891	recurring-background	V2	B10	cellar cook	Thorn-Vayne	diamond breakland	Rylos source orbit	90	77	averaged_background_story_orbit_aesthetic_origin_distance	pending_art_reference
WC01892	Ashajoramaeloravel1892	deep-background	V2	B11	triage helper	Marso-len	black-heart ridge	Kyreal source orbit	90	77	averaged_background_story_orbit_aesthetic_origin_distance	pending_art_reference
WC01893	Brenbrinavelen1893	support	V2	B12	faction runner	Rolzen-line	ash river	Thessa source orbit	90	77	averaged_background_story_orbit_aesthetic_origin_distance	pending_art_reference
WC01894	Aerfiraianbriniven1894	background	V2	B13	wolf-road scout	Kyreal-pack	morrow market	Kael source orbit	90	77	averaged_background_story_orbit_aesthetic_origin_distance	pending_art_reference
WC01895	Ashagalengroveavel1895	story	V2	B14	glyph apprentice	Xethrolund-glyph	root vale	Pael source orbit	90	77	averaged_background_story_orbit_aesthetic_origin_distance	pending_art_reference
WC01896	Aeranoramarlarkion1896	recurring-background	V2	B15	corridor child	Pip-no-path	ripper tunnel	Soth source orbit	90	77	averaged_background_story_orbit_aesthetic_origin_distance	pending_art_reference
WC01897	Aeranorluthivyion1897	deep-background	V2	B16	field healer	Mack-ground	cello field	Vellin source orbit	90	77	averaged_background_story_orbit_aesthetic_origin_distance	pending_art_reference
WC01898	Aerfiraianivyiven1898	support	V2	B17	cavern farmer	Dervish-glass	blue-light road	Corrath source orbit	90	77	averaged_background_story_orbit_aesthetic_origin_distance	pending_art_reference
WC01899	Aerindraamaraeldion1899	background	V2	B18	garden watcher	Vayne	xeth glyph yard	Dervish source orbit	90	77	averaged_background_story_orbit_aesthetic_origin_distance	pending_art_reference
WC01900	Ashajoraanorael1900	story	V2	B19	stone archivist	Null-Heart	stone fen	Pip source orbit	90	77	averaged_background_story_orbit_aesthetic_origin_distance	pending_art_reference
WC01901	Aerdalenamararel1901	recurring-background	V2	B20	orchard guard	Iron-Song	pocket sanctuary	Rolzen source orbit	90	77	averaged_background_story_orbit_aesthetic_origin_distance	pending_art_reference
WC01902	Ashaavelmaelorion1902	deep-background	V2	B21	sonomancy listener	Wren-Ash	glass orchard	Xethrolund source orbit	90	77	averaged_background_story_orbit_aesthetic_origin_distance	pending_art_reference
WC01903	Aeranorianaeliel1903	support	V2	B22	tunnel witness	Thorn-Vayne	neith edge	Rylos source orbit	90	77	averaged_background_story_orbit_aesthetic_origin_distance	pending_art_reference
WC01904	Brenkelandria1904	background	V2	B23	threshold mason	Marso-len	willow-stone county	Kyreal source orbit	90	77	averaged_background_story_orbit_aesthetic_origin_distance	pending_art_reference
WC01905	Aerindracinderavel1905	story	V2	B24	bookbinder	Rolzen-line	last open gate	Thessa source orbit	90	77	averaged_background_story_orbit_aesthetic_origin_distance	pending_art_reference
WC01906	Aeranoriankelanaen1906	recurring-background	V2	B25	bridge keeper	Kyreal-pack	diamond breakland	Kael source orbit	90	77	averaged_background_story_orbit_aesthetic_origin_distance	pending_art_reference
WC01907	Aeranorianaeldria1907	deep-background	V2	B26	market singer	Xethrolund-glyph	black-heart ridge	Pael source orbit	90	77	averaged_background_story_orbit_aesthetic_origin_distance	pending_art_reference
WC01908	Aeranorcoriabrinaen1908	support	V2	B27	glass forge worker	Pip-no-path	ash river	Soth source orbit	90	77	averaged_background_story_orbit_aesthetic_origin_distance	pending_art_reference
WC01909	Aerindraluthbrinel1909	background	V2	B28	ripper survivor	Mack-ground	morrow market	Vellin source orbit	90	77	averaged_background_story_orbit_aesthetic_origin_distance	pending_art_reference
WC01910	Aeranoramarasharel1910	story	V2	B29	map seller	Dervish-glass	root vale	Corrath source orbit	90	77	averaged_background_story_orbit_aesthetic_origin_distance	pending_art_reference
WC01911	Ashanarariveraen1911	recurring-background	V2	B30	cellar cook	Vayne	ripper tunnel	Dervish source orbit	90	77	averaged_background_story_orbit_aesthetic_origin_distance	pending_art_reference
WC01912	Ashanaraanoriandion1912	deep-background	V2	B31	triage helper	Null-Heart	cello field	Pip source orbit	90	77	averaged_background_story_orbit_aesthetic_origin_distance	pending_art_reference
WC01913	Brenhalorelionel1913	support	V2	B32	faction runner	Iron-Song	blue-light road	Rolzen source orbit	90	77	averaged_background_story_orbit_aesthetic_origin_distance	pending_art_reference
WC01914	Ashajorariverael1914	background	V2	B33	wolf-road scout	Wren-Ash	xeth glyph yard	Xethrolund source orbit	90	77	averaged_background_story_orbit_aesthetic_origin_distance	pending_art_reference
WC01915	Aeranorevaralarkaen1915	story	V2	B01	glyph apprentice	Thorn-Vayne	stone fen	Rylos source orbit	90	77	averaged_background_story_orbit_aesthetic_origin_distance	pending_art_reference
WC01916	Ashagalenbrookaria1916	recurring-background	V2	B02	corridor child	Marso-len	pocket sanctuary	Kyreal source orbit	90	77	averaged_background_story_orbit_aesthetic_origin_distance	pending_art_reference
WC01917	Aerfiraianaeldion1917	deep-background	V2	B03	field healer	Rolzen-line	glass orchard	Thessa source orbit	90	77	averaged_background_story_orbit_aesthetic_origin_distance	pending_art_reference
WC01918	Ashaaveldalenamarel1918	support	V2	B04	cavern farmer	Kyreal-pack	neith edge	Kael source orbit	90	77	averaged_background_story_orbit_aesthetic_origin_distance	pending_art_reference
WC01919	Aerfirafenael1919	background	V2	B05	garden watcher	Xethrolund-glyph	willow-stone county	Pael source orbit	90	77	averaged_background_story_orbit_aesthetic_origin_distance	pending_art_reference
WC01920	Brenbrinavelmireaen1920	story	V2	B06	stone archivist	Pip-no-path	last open gate	Soth source orbit	90	77	averaged_background_story_orbit_aesthetic_origin_distance	pending_art_reference
WC01921	Aeranorriveren1921	recurring-background	V2	B07	orchard guard	Mack-ground	diamond breakland	Vellin source orbit	90	77	averaged_background_story_orbit_aesthetic_origin_distance	pending_art_reference
WC01922	Aeranoramarivyion1922	deep-background	V2	B08	sonomancy listener	Dervish-glass	black-heart ridge	Corrath source orbit	90	77	averaged_background_story_orbit_aesthetic_origin_distance	pending_art_reference
WC01923	Aeranoremberdion1923	support	V2	B09	tunnel witness	Vayne	ash river	Dervish source orbit	90	77	averaged_background_story_orbit_aesthetic_origin_distance	pending_art_reference
WC01924	Aerfiraglassion1924	background	V2	B10	threshold mason	Null-Heart	morrow market	Pip source orbit	90	77	averaged_background_story_orbit_aesthetic_origin_distance	pending_art_reference
WC01925	Aeranoramarmossdria1925	story	V2	B11	bookbinder	Iron-Song	root vale	Rolzen source orbit	90	77	averaged_background_story_orbit_aesthetic_origin_distance	pending_art_reference
WC01926	Ashaavelriveravel1926	recurring-background	V2	B12	bridge keeper	Wren-Ash	ripper tunnel	Xethrolund source orbit	90	77	averaged_background_story_orbit_aesthetic_origin_distance	pending_art_reference
WC01927	Aerindraamaraeldria1927	deep-background	V2	B13	market singer	Thorn-Vayne	cello field	Rylos source orbit	90	77	averaged_background_story_orbit_aesthetic_origin_distance	pending_art_reference
WC01928	Aerfirahollowarel1928	support	V2	B14	glass forge worker	Marso-len	blue-light road	Kyreal source orbit	90	77	averaged_background_story_orbit_aesthetic_origin_distance	pending_art_reference
WC01929	Aermaelorivyion1929	background	V2	B15	ripper survivor	Rolzen-line	xeth glyph yard	Thessa source orbit	90	77	averaged_background_story_orbit_aesthetic_origin_distance	pending_art_reference
WC01930	Ashaavelindraamarel1930	story	V2	B16	map seller	Kyreal-pack	stone fen	Kael source orbit	90	77	averaged_background_story_orbit_aesthetic_origin_distance	pending_art_reference
WC01931	Ashaavelemberdria1931	recurring-background	V2	B17	cellar cook	Xethrolund-glyph	pocket sanctuary	Pael source orbit	90	77	averaged_background_story_orbit_aesthetic_origin_distance	pending_art_reference
WC01932	Aerfiraamarbellaen1932	deep-background	V2	B18	triage helper	Pip-no-path	glass orchard	Soth source orbit	90	77	averaged_background_story_orbit_aesthetic_origin_distance	pending_art_reference
WC01933	Aerfiracairnion1933	support	V2	B19	faction runner	Mack-ground	neith edge	Vellin source orbit	90	77	averaged_background_story_orbit_aesthetic_origin_distance	pending_art_reference
WC01934	Aerdalenluthbrinaen1934	background	V2	B20	wolf-road scout	Dervish-glass	willow-stone county	Corrath source orbit	90	77	averaged_background_story_orbit_aesthetic_origin_distance	pending_art_reference
WC01935	Aeranoramaraelaria1935	story	V2	B21	glyph apprentice	Vayne	last open gate	Dervish source orbit	90	77	averaged_background_story_orbit_aesthetic_origin_distance	pending_art_reference
WC01936	Ashaavelashion1936	recurring-background	V2	B22	corridor child	Null-Heart	diamond breakland	Pip source orbit	90	77	averaged_background_story_orbit_aesthetic_origin_distance	pending_art_reference
WC01937	Ashajoramarrowdion1937	deep-background	V2	B23	field healer	Iron-Song	black-heart ridge	Rolzen source orbit	90	77	averaged_background_story_orbit_aesthetic_origin_distance	pending_art_reference
WC01938	Aerfiragroveaen1938	support	V2	B24	cavern farmer	Wren-Ash	ash river	Xethrolund source orbit	90	77	averaged_background_story_orbit_aesthetic_origin_distance	pending_art_reference
WC01939	Aerindramarrowdion1939	background	V2	B25	garden watcher	Thorn-Vayne	morrow market	Rylos source orbit	90	77	averaged_background_story_orbit_aesthetic_origin_distance	pending_art_reference
WC01940	Aerfiraluthforgeel1940	story	V2	B26	stone archivist	Marso-len	root vale	Kyreal source orbit	90	77	averaged_background_story_orbit_aesthetic_origin_distance	pending_art_reference
WC01941	Aerdalenianendarel1941	recurring-background	V2	B27	orchard guard	Rolzen-line	ripper tunnel	Thessa source orbit	90	77	averaged_background_story_orbit_aesthetic_origin_distance	pending_art_reference
WC01942	Caelamarbrinion1942	deep-background	V2	B28	sonomancy listener	Kyreal-pack	cello field	Kael source orbit	90	77	averaged_background_story_orbit_aesthetic_origin_distance	pending_art_reference
WC01943	Aerfiraamarashel1943	support	V2	B29	tunnel witness	Xethrolund-glyph	blue-light road	Pael source orbit	90	77	averaged_background_story_orbit_aesthetic_origin_distance	pending_art_reference
WC01944	Aerfiraluthbrinaria1944	background	V2	B30	threshold mason	Pip-no-path	xeth glyph yard	Soth source orbit	90	77	averaged_background_story_orbit_aesthetic_origin_distance	pending_art_reference
WC01945	Ashaeliondalenarel1945	story	V2	B31	bookbinder	Mack-ground	stone fen	Vellin source orbit	90	77	averaged_background_story_orbit_aesthetic_origin_distance	pending_art_reference
WC01946	Aerfiraianmossavel1946	recurring-background	V2	B32	bridge keeper	Dervish-glass	pocket sanctuary	Corrath source orbit	90	77	averaged_background_story_orbit_aesthetic_origin_distance	pending_art_reference
WC01947	Aeranorevaraaelaen1947	deep-background	V2	B33	market singer	Vayne	glass orchard	Dervish source orbit	90	77	averaged_background_story_orbit_aesthetic_origin_distance	pending_art_reference
WC01948	Aerdalenianmarrowel1948	support	V2	B01	glass forge worker	Null-Heart	neith edge	Pip source orbit	90	77	averaged_background_story_orbit_aesthetic_origin_distance	pending_art_reference
WC01949	Aerdalenianiven1949	background	V2	B02	ripper survivor	Iron-Song	willow-stone county	Rolzen source orbit	90	77	averaged_background_story_orbit_aesthetic_origin_distance	pending_art_reference
WC01950	Aeranormarrowaen1950	story	V2	B03	map seller	Wren-Ash	last open gate	Xethrolund source orbit	90	77	averaged_background_story_orbit_aesthetic_origin_distance	pending_art_reference
WC01951	Aerfiraluthaelavel1951	recurring-background	V2	B04	cellar cook	Thorn-Vayne	diamond breakland	Rylos source orbit	90	77	averaged_background_story_orbit_aesthetic_origin_distance	pending_art_reference
WC01952	Aermaelorianivydria1952	deep-background	V2	B05	triage helper	Marso-len	black-heart ridge	Kyreal source orbit	90	77	averaged_background_story_orbit_aesthetic_origin_distance	pending_art_reference
WC01953	Aeranorluthriverel1953	support	V2	B06	faction runner	Rolzen-line	ash river	Thessa source orbit	90	77	averaged_background_story_orbit_aesthetic_origin_distance	pending_art_reference
WC01954	Aerindralarkiel1954	background	V2	B07	wolf-road scout	Kyreal-pack	morrow market	Kael source orbit	90	77	averaged_background_story_orbit_aesthetic_origin_distance	pending_art_reference
WC01955	Aeranorluthbrinarel1955	story	V2	B08	glyph apprentice	Xethrolund-glyph	root vale	Pael source orbit	90	77	averaged_background_story_orbit_aesthetic_origin_distance	pending_art_reference
WC01956	Aerfirabrookaen1956	recurring-background	V2	B09	corridor child	Pip-no-path	ripper tunnel	Soth source orbit	90	77	averaged_background_story_orbit_aesthetic_origin_distance	pending_art_reference
WC01957	Aerindraamarmossion1957	deep-background	V2	B10	field healer	Mack-ground	cello field	Vellin source orbit	90	77	averaged_background_story_orbit_aesthetic_origin_distance	pending_art_reference
WC01958	Ashajoraemberavel1958	support	V2	B11	cavern farmer	Dervish-glass	blue-light road	Corrath source orbit	90	77	averaged_background_story_orbit_aesthetic_origin_distance	pending_art_reference
WC01959	Aerfiraianlarkdion1959	background	V2	B12	garden watcher	Vayne	xeth glyph yard	Dervish source orbit	90	77	averaged_background_story_orbit_aesthetic_origin_distance	pending_art_reference
WC01960	Aeranorbelliven1960	story	V2	B13	stone archivist	Null-Heart	stone fen	Pip source orbit	90	77	averaged_background_story_orbit_aesthetic_origin_distance	pending_art_reference
WC01961	Ashaavelbrookaria1961	recurring-background	V2	B14	orchard guard	Iron-Song	pocket sanctuary	Rolzen source orbit	90	77	averaged_background_story_orbit_aesthetic_origin_distance	pending_art_reference
WC01962	Aerfiragroveiven1962	deep-background	V2	B15	sonomancy listener	Wren-Ash	glass orchard	Xethrolund source orbit	90	77	averaged_background_story_orbit_aesthetic_origin_distance	pending_art_reference
WC01963	Aerdalenmarrowiven1963	support	V2	B16	tunnel witness	Thorn-Vayne	neith edge	Rylos source orbit	90	77	averaged_background_story_orbit_aesthetic_origin_distance	pending_art_reference
WC01964	Aeranorianhaloren1964	background	V2	B17	threshold mason	Marso-len	willow-stone county	Kyreal source orbit	90	77	averaged_background_story_orbit_aesthetic_origin_distance	pending_art_reference
WC01965	Aerfiraluthmireion1965	story	V2	B18	bookbinder	Rolzen-line	last open gate	Thessa source orbit	90	77	averaged_background_story_orbit_aesthetic_origin_distance	pending_art_reference
WC01966	Aermaelorlarkion1966	recurring-background	V2	B19	bridge keeper	Kyreal-pack	diamond breakland	Kael source orbit	90	77	averaged_background_story_orbit_aesthetic_origin_distance	pending_art_reference
WC01967	Aerindracoriaaelen1967	deep-background	V2	B20	market singer	Xethrolund-glyph	black-heart ridge	Pael source orbit	90	77	averaged_background_story_orbit_aesthetic_origin_distance	pending_art_reference
WC01968	Aeranorluthbellavel1968	support	V2	B21	glass forge worker	Pip-no-path	ash river	Soth source orbit	90	77	averaged_background_story_orbit_aesthetic_origin_distance	pending_art_reference
WC01969	Aerfiraevaraivyael1969	background	V2	B22	ripper survivor	Mack-ground	morrow market	Vellin source orbit	90	77	averaged_background_story_orbit_aesthetic_origin_distance	pending_art_reference
WC01970	Aeranorcairnelle1970	story	V2	B23	map seller	Dervish-glass	root vale	Corrath source orbit	90	77	averaged_background_story_orbit_aesthetic_origin_distance	pending_art_reference
WC01971	Aeranorianaelen1971	recurring-background	V2	B24	cellar cook	Vayne	ripper tunnel	Dervish source orbit	90	77	averaged_background_story_orbit_aesthetic_origin_distance	pending_art_reference
WC01972	Aeranorglassdion1972	deep-background	V2	B25	triage helper	Null-Heart	cello field	Pip source orbit	90	77	averaged_background_story_orbit_aesthetic_origin_distance	pending_art_reference
WC01973	Aerfiraluthivyen1973	support	V2	B26	faction runner	Iron-Song	blue-light road	Rolzen source orbit	90	77	averaged_background_story_orbit_aesthetic_origin_distance	pending_art_reference
WC01974	Aeranorbrooken1974	background	V2	B27	wolf-road scout	Wren-Ash	xeth glyph yard	Xethrolund source orbit	90	77	averaged_background_story_orbit_aesthetic_origin_distance	pending_art_reference
WC01975	Caelamarhaloraen1975	story	V2	B28	glyph apprentice	Thorn-Vayne	stone fen	Rylos source orbit	90	77	averaged_background_story_orbit_aesthetic_origin_distance	pending_art_reference
WC01976	Aeranorluthmossiel1976	recurring-background	V2	B29	corridor child	Marso-len	pocket sanctuary	Kyreal source orbit	90	77	averaged_background_story_orbit_aesthetic_origin_distance	pending_art_reference
WC01977	Aerindraluthaeliel1977	deep-background	V2	B30	field healer	Rolzen-line	glass orchard	Thessa source orbit	90	77	averaged_background_story_orbit_aesthetic_origin_distance	pending_art_reference
WC01978	Caelamarion1978	support	V2	B31	cavern farmer	Kyreal-pack	neith edge	Kael source orbit	90	77	averaged_background_story_orbit_aesthetic_origin_distance	pending_art_reference
WC01979	Ashaelionmarrowiven1979	background	V2	B32	garden watcher	Xethrolund-glyph	willow-stone county	Pael source orbit	90	77	averaged_background_story_orbit_aesthetic_origin_distance	pending_art_reference
WC01980	Brenhalordria1980	story	V2	B33	stone archivist	Pip-no-path	last open gate	Soth source orbit	90	77	averaged_background_story_orbit_aesthetic_origin_distance	pending_art_reference
WC01981	Aerdalencairnen1981	recurring-background	V2	B01	orchard guard	Mack-ground	diamond breakland	Vellin source orbit	90	77	averaged_background_story_orbit_aesthetic_origin_distance	pending_art_reference
WC01982	Aerdaleniankelanion1982	deep-background	V2	B02	sonomancy listener	Dervish-glass	black-heart ridge	Corrath source orbit	90	77	averaged_background_story_orbit_aesthetic_origin_distance	pending_art_reference
WC01983	Ashanaraindraavel1983	support	V2	B03	tunnel witness	Vayne	ash river	Dervish source orbit	90	77	averaged_background_story_orbit_aesthetic_origin_distance	pending_art_reference
WC01984	Ashaelionfiraiven1984	background	V2	B04	threshold mason	Null-Heart	morrow market	Pip source orbit	90	77	averaged_background_story_orbit_aesthetic_origin_distance	pending_art_reference
WC01985	Aeranoramarforgeen1985	story	V2	B05	bookbinder	Iron-Song	root vale	Rolzen source orbit	90	77	averaged_background_story_orbit_aesthetic_origin_distance	pending_art_reference
WC01986	Aerfiramarrowdion1986	recurring-background	V2	B06	bridge keeper	Wren-Ash	ripper tunnel	Xethrolund source orbit	90	77	averaged_background_story_orbit_aesthetic_origin_distance	pending_art_reference
WC01987	Aerfiraianbellen1987	deep-background	V2	B07	market singer	Thorn-Vayne	cello field	Rylos source orbit	90	77	averaged_background_story_orbit_aesthetic_origin_distance	pending_art_reference
WC01988	Ashajoramarrowaria1988	support	V2	B08	glass forge worker	Marso-len	blue-light road	Kyreal source orbit	90	77	averaged_background_story_orbit_aesthetic_origin_distance	pending_art_reference
WC01989	Aermaelormossel1989	background	V2	B09	ripper survivor	Rolzen-line	xeth glyph yard	Thessa source orbit	90	77	averaged_background_story_orbit_aesthetic_origin_distance	pending_art_reference
WC01990	Aermaelorbellael1990	story	V2	B10	map seller	Kyreal-pack	stone fen	Kael source orbit	90	77	averaged_background_story_orbit_aesthetic_origin_distance	pending_art_reference
WC01991	Ashaavelmaelordria1991	recurring-background	V2	B11	cellar cook	Xethrolund-glyph	pocket sanctuary	Pael source orbit	90	77	averaged_background_story_orbit_aesthetic_origin_distance	pending_art_reference
WC01992	Aermaelorcoriaael1992	deep-background	V2	B12	triage helper	Pip-no-path	glass orchard	Soth source orbit	90	77	averaged_background_story_orbit_aesthetic_origin_distance	pending_art_reference
WC01993	Aerfiraamarmossavel1993	support	V2	B13	faction runner	Mack-ground	neith edge	Vellin source orbit	90	77	averaged_background_story_orbit_aesthetic_origin_distance	pending_art_reference
WC01994	Aerdalenamarmossaen1994	background	V2	B14	wolf-road scout	Dervish-glass	willow-stone county	Corrath source orbit	90	77	averaged_background_story_orbit_aesthetic_origin_distance	pending_art_reference
WC01995	Aerindracoriaaelel1995	story	V2	B15	glyph apprentice	Vayne	last open gate	Dervish source orbit	90	77	averaged_background_story_orbit_aesthetic_origin_distance	pending_art_reference
WC01996	Ashaavelivyaria1996	recurring-background	V2	B16	corridor child	Null-Heart	diamond breakland	Pip source orbit	90	77	averaged_background_story_orbit_aesthetic_origin_distance	pending_art_reference
WC01997	Aeranorluthbrinaria1997	deep-background	V2	B17	field healer	Iron-Song	black-heart ridge	Rolzen source orbit	90	77	averaged_background_story_orbit_aesthetic_origin_distance	pending_art_reference
WC01998	Aerindraianbrinael1998	support	V2	B18	cavern farmer	Wren-Ash	ash river	Xethrolund source orbit	90	77	averaged_background_story_orbit_aesthetic_origin_distance	pending_art_reference
WC01999	Ashaavelhollowavel1999	background	V2	B19	garden watcher	Thorn-Vayne	morrow market	Rylos source orbit	90	77	averaged_background_story_orbit_aesthetic_origin_distance	pending_art_reference
WC02000	Aerindraianmossaria2000	story	V2	B20	stone archivist	Marso-len	root vale	Kyreal source orbit	90	77	averaged_background_story_orbit_aesthetic_origin_distance	pending_art_reference
WC02001	Aeranormossavel2001	recurring-background	V2	B21	orchard guard	Rolzen-line	ripper tunnel	Thessa source orbit	90	77	averaged_background_story_orbit_aesthetic_origin_distance	pending_art_reference
WC02002	Aeranorluthbrookael2002	deep-background	V2	B22	sonomancy listener	Kyreal-pack	cello field	Kael source orbit	90	77	averaged_background_story_orbit_aesthetic_origin_distance	pending_art_reference
WC02003	Aerindraianavel2003	support	V2	B23	tunnel witness	Xethrolund-glyph	blue-light road	Pael source orbit	90	77	averaged_background_story_orbit_aesthetic_origin_distance	pending_art_reference
WC02004	Ashaelionmaelorelle2004	background	V2	B24	threshold mason	Pip-no-path	xeth glyph yard	Soth source orbit	90	77	averaged_background_story_orbit_aesthetic_origin_distance	pending_art_reference
WC02005	Aerindraluthashavel2005	story	V2	B25	bookbinder	Mack-ground	stone fen	Vellin source orbit	90	77	averaged_background_story_orbit_aesthetic_origin_distance	pending_art_reference
WC02006	Aerindracairnael2006	recurring-background	V2	B26	bridge keeper	Dervish-glass	pocket sanctuary	Corrath source orbit	90	77	averaged_background_story_orbit_aesthetic_origin_distance	pending_art_reference
WC02007	Ashaavelcairniven2007	deep-background	V2	B27	market singer	Vayne	glass orchard	Dervish source orbit	90	77	averaged_background_story_orbit_aesthetic_origin_distance	pending_art_reference
WC02008	Aeranorluthemberel2008	support	V2	B28	glass forge worker	Null-Heart	neith edge	Pip source orbit	90	77	averaged_background_story_orbit_aesthetic_origin_distance	pending_art_reference
WC02009	Aerfiraamarbrindion2009	background	V2	B29	ripper survivor	Iron-Song	willow-stone county	Rolzen source orbit	90	77	averaged_background_story_orbit_aesthetic_origin_distance	pending_art_reference
WC02010	Aerdalencoriaaelel2010	story	V2	B30	map seller	Wren-Ash	last open gate	Xethrolund source orbit	90	77	averaged_background_story_orbit_aesthetic_origin_distance	pending_art_reference
WC02011	Aerindraluthaelavel2011	recurring-background	V2	B31	cellar cook	Thorn-Vayne	diamond breakland	Rylos source orbit	90	77	averaged_background_story_orbit_aesthetic_origin_distance	pending_art_reference
WC02012	Aerdalenfenelle2012	deep-background	V2	B32	triage helper	Marso-len	black-heart ridge	Kyreal source orbit	90	77	averaged_background_story_orbit_aesthetic_origin_distance	pending_art_reference
WC02013	Aerfiraianmireel2013	support	V2	B33	faction runner	Rolzen-line	ash river	Thessa source orbit	90	77	averaged_background_story_orbit_aesthetic_origin_distance	pending_art_reference
WC02014	Aerdalenamaraelen2014	background	V2	B01	wolf-road scout	Kyreal-pack	morrow market	Kael source orbit	90	77	averaged_background_story_orbit_aesthetic_origin_distance	pending_art_reference
WC02015	Aerdalencoriaivyen2015	story	V2	B02	glyph apprentice	Xethrolund-glyph	root vale	Pael source orbit	90	77	averaged_background_story_orbit_aesthetic_origin_distance	pending_art_reference
WC02016	Aeranorcorialarkael2016	recurring-background	V2	B03	corridor child	Pip-no-path	ripper tunnel	Soth source orbit	90	77	averaged_background_story_orbit_aesthetic_origin_distance	pending_art_reference
WC02017	Aeranorcoriaashael2017	deep-background	V2	B04	field healer	Mack-ground	cello field	Vellin source orbit	90	77	averaged_background_story_orbit_aesthetic_origin_distance	pending_art_reference
WC02018	Aeranormiredion2018	support	V2	B05	cavern farmer	Dervish-glass	blue-light road	Corrath source orbit	90	77	averaged_background_story_orbit_aesthetic_origin_distance	pending_art_reference
WC02019	Aeranormarrowen2019	background	V2	B06	garden watcher	Vayne	xeth glyph yard	Dervish source orbit	90	77	averaged_background_story_orbit_aesthetic_origin_distance	pending_art_reference
WC02020	Ashagalenmaelorion2020	story	V2	B07	stone archivist	Null-Heart	stone fen	Pip source orbit	90	77	averaged_background_story_orbit_aesthetic_origin_distance	pending_art_reference
WC02021	Aermaelorluthen2021	recurring-background	V2	B08	orchard guard	Iron-Song	pocket sanctuary	Rolzen source orbit	90	77	averaged_background_story_orbit_aesthetic_origin_distance	pending_art_reference
WC02022	Aerfiraamaraelelle2022	deep-background	V2	B09	sonomancy listener	Wren-Ash	glass orchard	Xethrolund source orbit	90	77	averaged_background_story_orbit_aesthetic_origin_distance	pending_art_reference
WC02023	Aeranorianlarkdion2023	support	V2	B10	tunnel witness	Thorn-Vayne	neith edge	Rylos source orbit	90	77	averaged_background_story_orbit_aesthetic_origin_distance	pending_art_reference
WC02024	Aeranorianforgeen2024	background	V2	B11	threshold mason	Marso-len	willow-stone county	Kyreal source orbit	90	77	averaged_background_story_orbit_aesthetic_origin_distance	pending_art_reference
WC02025	Aeranorivyavel2025	story	V2	B12	bookbinder	Rolzen-line	last open gate	Thessa source orbit	90	77	averaged_background_story_orbit_aesthetic_origin_distance	pending_art_reference
WC02026	Aeranorlarkel2026	recurring-background	V2	B13	bridge keeper	Kyreal-pack	diamond breakland	Kael source orbit	90	77	averaged_background_story_orbit_aesthetic_origin_distance	pending_art_reference
WC02027	Aerindraamaraelen2027	deep-background	V2	B14	market singer	Xethrolund-glyph	black-heart ridge	Pael source orbit	90	77	averaged_background_story_orbit_aesthetic_origin_distance	pending_art_reference
WC02028	Aerfiraevaraaelaen2028	support	V2	B15	glass forge worker	Pip-no-path	ash river	Soth source orbit	90	77	averaged_background_story_orbit_aesthetic_origin_distance	pending_art_reference
WC02029	Aerindracoriaashael2029	background	V2	B16	ripper survivor	Mack-ground	morrow market	Vellin source orbit	90	77	averaged_background_story_orbit_aesthetic_origin_distance	pending_art_reference
WC02030	Aeranorianforgeiven2030	story	V2	B17	map seller	Dervish-glass	root vale	Corrath source orbit	90	77	averaged_background_story_orbit_aesthetic_origin_distance	pending_art_reference
WC02031	Aeranorianlarkarel2031	recurring-background	V2	B18	cellar cook	Vayne	ripper tunnel	Dervish source orbit	90	77	averaged_background_story_orbit_aesthetic_origin_distance	pending_art_reference
WC02032	Aeranorlarkelle2032	deep-background	V2	B19	triage helper	Null-Heart	cello field	Pip source orbit	90	77	averaged_background_story_orbit_aesthetic_origin_distance	pending_art_reference
WC02033	Caelamardion2033	support	V2	B20	faction runner	Iron-Song	blue-light road	Rolzen source orbit	90	77	averaged_background_story_orbit_aesthetic_origin_distance	pending_art_reference
WC02034	Ashaavelmireael2034	background	V2	B21	wolf-road scout	Wren-Ash	xeth glyph yard	Xethrolund source orbit	90	77	averaged_background_story_orbit_aesthetic_origin_distance	pending_art_reference
WC02035	Ashagalendalenianel2035	story	V2	B22	glyph apprentice	Thorn-Vayne	stone fen	Rylos source orbit	90	77	averaged_background_story_orbit_aesthetic_origin_distance	pending_art_reference
WC02036	Aerindraluthaelelle2036	recurring-background	V2	B23	corridor child	Marso-len	pocket sanctuary	Kyreal source orbit	90	77	averaged_background_story_orbit_aesthetic_origin_distance	pending_art_reference
WC02037	Aerdalenianfenelle2037	deep-background	V2	B24	field healer	Rolzen-line	glass orchard	Thessa source orbit	90	77	averaged_background_story_orbit_aesthetic_origin_distance	pending_art_reference
WC02038	Ashaelionmaeloriven2038	support	V2	B25	cavern farmer	Kyreal-pack	neith edge	Kael source orbit	90	77	averaged_background_story_orbit_aesthetic_origin_distance	pending_art_reference
WC02039	Aerfiraevaraivyaen2039	background	V2	B26	garden watcher	Xethrolund-glyph	willow-stone county	Pael source orbit	90	77	averaged_background_story_orbit_aesthetic_origin_distance	pending_art_reference
WC02040	Aerdalenamarcrownen2040	story	V2	B27	stone archivist	Pip-no-path	last open gate	Soth source orbit	90	77	averaged_background_story_orbit_aesthetic_origin_distance	pending_art_reference
WC02041	Aerfiraianforgeiel2041	recurring-background	V2	B28	orchard guard	Mack-ground	diamond breakland	Vellin source orbit	90	77	averaged_background_story_orbit_aesthetic_origin_distance	pending_art_reference
WC02042	Aerdalencairnaen2042	deep-background	V2	B29	sonomancy listener	Dervish-glass	black-heart ridge	Corrath source orbit	90	77	averaged_background_story_orbit_aesthetic_origin_distance	pending_art_reference
WC02043	Aerfiraianglassen2043	support	V2	B30	tunnel witness	Vayne	ash river	Dervish source orbit	90	77	averaged_background_story_orbit_aesthetic_origin_distance	pending_art_reference
WC02044	Aerfirabellaria2044	background	V2	B31	threshold mason	Null-Heart	morrow market	Pip source orbit	90	77	averaged_background_story_orbit_aesthetic_origin_distance	pending_art_reference
WC02045	Aerindraianashiven2045	story	V2	B32	bookbinder	Iron-Song	root vale	Rolzen source orbit	90	77	averaged_background_story_orbit_aesthetic_origin_distance	pending_art_reference
WC02046	Brenhaloravelion2046	recurring-background	V2	B33	bridge keeper	Wren-Ash	ripper tunnel	Xethrolund source orbit	90	77	averaged_background_story_orbit_aesthetic_origin_distance	pending_art_reference
WC02047	Aeranorbrookdion2047	deep-background	V2	B01	market singer	Thorn-Vayne	cello field	Rylos source orbit	90	77	averaged_background_story_orbit_aesthetic_origin_distance	pending_art_reference
WC02048	Ashaelionfiraaria2048	support	V2	B02	glass forge worker	Marso-len	blue-light road	Kyreal source orbit	90	77	averaged_background_story_orbit_aesthetic_origin_distance	pending_art_reference
WC02049	Ashaavelindraen2049	background	V2	B03	ripper survivor	Rolzen-line	xeth glyph yard	Thessa source orbit	90	77	averaged_background_story_orbit_aesthetic_origin_distance	pending_art_reference
WC02050	Aermaelorbellaria2050	story	V2	B04	map seller	Kyreal-pack	stone fen	Kael source orbit	90	77	averaged_background_story_orbit_aesthetic_origin_distance	pending_art_reference
WC02051	Aeranorfenael2051	recurring-background	V2	B05	cellar cook	Xethrolund-glyph	pocket sanctuary	Pael source orbit	90	77	averaged_background_story_orbit_aesthetic_origin_distance	pending_art_reference
WC02052	Aeranorbrookaria2052	deep-background	V2	B06	triage helper	Pip-no-path	glass orchard	Soth source orbit	90	77	averaged_background_story_orbit_aesthetic_origin_distance	pending_art_reference
WC02053	Aerfiraamarivyavel2053	support	V2	B07	faction runner	Mack-ground	neith edge	Vellin source orbit	90	77	averaged_background_story_orbit_aesthetic_origin_distance	pending_art_reference
WC02054	Aeranormirearia2054	background	V2	B08	wolf-road scout	Dervish-glass	willow-stone county	Corrath source orbit	90	77	averaged_background_story_orbit_aesthetic_origin_distance	pending_art_reference
WC02055	Ashaavelcairndion2055	story	V2	B09	glyph apprentice	Vayne	last open gate	Dervish source orbit	90	77	averaged_background_story_orbit_aesthetic_origin_distance	pending_art_reference
WC02056	Ashaelionanorion2056	recurring-background	V2	B10	corridor child	Null-Heart	diamond breakland	Pip source orbit	90	77	averaged_background_story_orbit_aesthetic_origin_distance	pending_art_reference
WC02057	Aerindraamarhalorel2057	deep-background	V2	B11	field healer	Iron-Song	black-heart ridge	Rolzen source orbit	90	77	averaged_background_story_orbit_aesthetic_origin_distance	pending_art_reference
WC02058	Aerfiraluthkelanion2058	support	V2	B12	cavern farmer	Wren-Ash	ash river	Xethrolund source orbit	90	77	averaged_background_story_orbit_aesthetic_origin_distance	pending_art_reference
WC02059	Aeranorluthbelldria2059	background	V2	B13	garden watcher	Thorn-Vayne	morrow market	Rylos source orbit	90	77	averaged_background_story_orbit_aesthetic_origin_distance	pending_art_reference
WC02060	Aerdalenianendarion2060	story	V2	B14	stone archivist	Marso-len	root vale	Kyreal source orbit	90	77	averaged_background_story_orbit_aesthetic_origin_distance	pending_art_reference
WC02061	Aerdalenluthaelion2061	recurring-background	V2	B15	orchard guard	Rolzen-line	ripper tunnel	Thessa source orbit	90	77	averaged_background_story_orbit_aesthetic_origin_distance	pending_art_reference
WC02062	Aerindraluthbrinael2062	deep-background	V2	B16	sonomancy listener	Kyreal-pack	cello field	Kael source orbit	90	77	averaged_background_story_orbit_aesthetic_origin_distance	pending_art_reference
WC02063	Aerdalenluthashion2063	support	V2	B17	tunnel witness	Xethrolund-glyph	blue-light road	Pael source orbit	90	77	averaged_background_story_orbit_aesthetic_origin_distance	pending_art_reference
WC02064	Ashajoraindraelle2064	background	V2	B18	threshold mason	Pip-no-path	xeth glyph yard	Soth source orbit	90	77	averaged_background_story_orbit_aesthetic_origin_distance	pending_art_reference
WC02065	Ashagalendalenen2065	story	V2	B19	bookbinder	Mack-ground	stone fen	Vellin source orbit	90	77	averaged_background_story_orbit_aesthetic_origin_distance	pending_art_reference
WC02066	Aerfirahollowaria2066	recurring-background	V2	B20	bridge keeper	Dervish-glass	pocket sanctuary	Corrath source orbit	90	77	averaged_background_story_orbit_aesthetic_origin_distance	pending_art_reference
WC02067	Ashaavelriveren2067	deep-background	V2	B21	market singer	Vayne	glass orchard	Dervish source orbit	90	77	averaged_background_story_orbit_aesthetic_origin_distance	pending_art_reference
WC02068	Aeranorianhalorion2068	support	V2	B22	glass forge worker	Null-Heart	neith edge	Pip source orbit	90	77	averaged_background_story_orbit_aesthetic_origin_distance	pending_art_reference
WC02069	Caelcoriahalorelle2069	background	V2	B23	ripper survivor	Iron-Song	willow-stone county	Rolzen source orbit	90	77	averaged_background_story_orbit_aesthetic_origin_distance	pending_art_reference
WC02070	Aerindraluthlarkion2070	story	V2	B24	map seller	Wren-Ash	last open gate	Xethrolund source orbit	90	77	averaged_background_story_orbit_aesthetic_origin_distance	pending_art_reference
WC02071	Aerfirabrookel2071	recurring-background	V2	B25	cellar cook	Thorn-Vayne	diamond breakland	Rylos source orbit	90	77	averaged_background_story_orbit_aesthetic_origin_distance	pending_art_reference
WC02072	Aeranormireelle2072	deep-background	V2	B26	triage helper	Marso-len	black-heart ridge	Kyreal source orbit	90	77	averaged_background_story_orbit_aesthetic_origin_distance	pending_art_reference
WC02073	Aerindraluthfenel2073	support	V2	B27	faction runner	Rolzen-line	ash river	Thessa source orbit	90	77	averaged_background_story_orbit_aesthetic_origin_distance	pending_art_reference
WC02074	Ashagalenivyaen2074	background	V2	B28	wolf-road scout	Kyreal-pack	morrow market	Kael source orbit	90	77	averaged_background_story_orbit_aesthetic_origin_distance	pending_art_reference
WC02075	Aerdalencairnelle2075	story	V2	B29	glyph apprentice	Xethrolund-glyph	root vale	Pael source orbit	90	77	averaged_background_story_orbit_aesthetic_origin_distance	pending_art_reference
WC02076	Aerindraluthlarkael2076	recurring-background	V2	B30	corridor child	Pip-no-path	ripper tunnel	Soth source orbit	90	77	averaged_background_story_orbit_aesthetic_origin_distance	pending_art_reference
WC02077	Aerfiraianbrinael2077	deep-background	V2	B31	field healer	Mack-ground	cello field	Vellin source orbit	90	77	averaged_background_story_orbit_aesthetic_origin_distance	pending_art_reference
WC02078	Aerfiraianashdria2078	support	V2	B32	cavern farmer	Dervish-glass	blue-light road	Corrath source orbit	90	77	averaged_background_story_orbit_aesthetic_origin_distance	pending_art_reference
WC02079	Aeranoramarhaloriel2079	background	V2	B33	garden watcher	Vayne	xeth glyph yard	Dervish source orbit	90	77	averaged_background_story_orbit_aesthetic_origin_distance	pending_art_reference
WC02080	Aerdalenlarkiven2080	story	V2	B01	stone archivist	Null-Heart	stone fen	Pip source orbit	90	77	averaged_background_story_orbit_aesthetic_origin_distance	pending_art_reference
WC02081	Ashanarafiraael2081	recurring-background	V2	B02	orchard guard	Iron-Song	pocket sanctuary	Rolzen source orbit	90	77	averaged_background_story_orbit_aesthetic_origin_distance	pending_art_reference
WC02082	Aeranorbrookdria2082	deep-background	V2	B03	sonomancy listener	Wren-Ash	glass orchard	Xethrolund source orbit	90	77	averaged_background_story_orbit_aesthetic_origin_distance	pending_art_reference
WC02083	Aeranoramaraelelle2083	support	V2	B04	tunnel witness	Thorn-Vayne	neith edge	Rylos source orbit	90	77	averaged_background_story_orbit_aesthetic_origin_distance	pending_art_reference
WC02084	Aerindraevaraashen2084	background	V2	B05	threshold mason	Marso-len	willow-stone county	Kyreal source orbit	90	77	averaged_background_story_orbit_aesthetic_origin_distance	pending_art_reference
WC02085	Aeranorevaracairnel2085	story	V2	B06	bookbinder	Rolzen-line	last open gate	Thessa source orbit	90	77	averaged_background_story_orbit_aesthetic_origin_distance	pending_art_reference
WC02086	Aerindrabellion2086	recurring-background	V2	B07	bridge keeper	Kyreal-pack	diamond breakland	Kael source orbit	90	77	averaged_background_story_orbit_aesthetic_origin_distance	pending_art_reference
WC02087	Aeranorianashdria2087	deep-background	V2	B08	market singer	Xethrolund-glyph	black-heart ridge	Pael source orbit	90	77	averaged_background_story_orbit_aesthetic_origin_distance	pending_art_reference
WC02088	Ashajorafiraevarael2088	support	V2	B09	glass forge worker	Pip-no-path	ash river	Soth source orbit	90	77	averaged_background_story_orbit_aesthetic_origin_distance	pending_art_reference
WC02089	Aerdalenluthaelael2089	background	V2	B10	ripper survivor	Mack-ground	morrow market	Vellin source orbit	90	77	averaged_background_story_orbit_aesthetic_origin_distance	pending_art_reference
WC02090	Aeranoramarivydria2090	story	V2	B11	map seller	Dervish-glass	root vale	Corrath source orbit	90	77	averaged_background_story_orbit_aesthetic_origin_distance	pending_art_reference
WC02091	Aerindraamaraelarel2091	recurring-background	V2	B12	cellar cook	Vayne	ripper tunnel	Dervish source orbit	90	77	averaged_background_story_orbit_aesthetic_origin_distance	pending_art_reference
WC02092	Ashaavelforgeavel2092	deep-background	V2	B13	triage helper	Null-Heart	cello field	Pip source orbit	90	77	averaged_background_story_orbit_aesthetic_origin_distance	pending_art_reference
WC02093	Aerindraamarivyiven2093	support	V2	B14	faction runner	Iron-Song	blue-light road	Rolzen source orbit	90	77	averaged_background_story_orbit_aesthetic_origin_distance	pending_art_reference
WC02094	Ashanarafenion2094	background	V2	B15	wolf-road scout	Wren-Ash	xeth glyph yard	Xethrolund source orbit	90	77	averaged_background_story_orbit_aesthetic_origin_distance	pending_art_reference
WC02095	Aerindragroveael2095	story	V2	B16	glyph apprentice	Thorn-Vayne	stone fen	Rylos source orbit	90	77	averaged_background_story_orbit_aesthetic_origin_distance	pending_art_reference
WC02096	Ashaelionindraaria2096	recurring-background	V2	B17	corridor child	Marso-len	pocket sanctuary	Kyreal source orbit	90	77	averaged_background_story_orbit_aesthetic_origin_distance	pending_art_reference
WC02097	Ashaavelbellion2097	deep-background	V2	B18	field healer	Rolzen-line	glass orchard	Thessa source orbit	90	77	averaged_background_story_orbit_aesthetic_origin_distance	pending_art_reference
WC02098	Aerindracrownion2098	support	V2	B19	cavern farmer	Kyreal-pack	neith edge	Kael source orbit	90	77	averaged_background_story_orbit_aesthetic_origin_distance	pending_art_reference
WC02099	Aeranormireael2099	background	V2	B20	garden watcher	Xethrolund-glyph	willow-stone county	Pael source orbit	90	77	averaged_background_story_orbit_aesthetic_origin_distance	pending_art_reference
WC02100	Ashagalenhollowavel2100	story	V2	B21	stone archivist	Pip-no-path	last open gate	Soth source orbit	90	77	averaged_background_story_orbit_aesthetic_origin_distance	pending_art_reference
WC02101	Aerfiracoriaashiel2101	recurring-background	V2	B22	orchard guard	Mack-ground	diamond breakland	Vellin source orbit	90	77	averaged_background_story_orbit_aesthetic_origin_distance	pending_art_reference
WC02102	Aerfiraamarivyion2102	deep-background	V2	B23	sonomancy listener	Dervish-glass	black-heart ridge	Corrath source orbit	90	77	averaged_background_story_orbit_aesthetic_origin_distance	pending_art_reference
WC02103	Brenaelnaraael2103	support	V2	B24	tunnel witness	Vayne	ash river	Dervish source orbit	90	77	averaged_background_story_orbit_aesthetic_origin_distance	pending_art_reference
WC02104	Ashajoraanoren2104	background	V2	B25	threshold mason	Null-Heart	morrow market	Pip source orbit	90	77	averaged_background_story_orbit_aesthetic_origin_distance	pending_art_reference
WC02105	Aerfiracoriaivyen2105	story	V2	B26	bookbinder	Iron-Song	root vale	Rolzen source orbit	90	77	averaged_background_story_orbit_aesthetic_origin_distance	pending_art_reference
WC02106	Aermaelorluthbrinen2106	recurring-background	V2	B27	bridge keeper	Wren-Ash	ripper tunnel	Xethrolund source orbit	90	77	averaged_background_story_orbit_aesthetic_origin_distance	pending_art_reference
WC02107	Aerdalenianbrindria2107	deep-background	V2	B28	market singer	Thorn-Vayne	cello field	Rylos source orbit	90	77	averaged_background_story_orbit_aesthetic_origin_distance	pending_art_reference
WC02108	Aerfirahollowdria2108	support	V2	B29	glass forge worker	Marso-len	blue-light road	Kyreal source orbit	90	77	averaged_background_story_orbit_aesthetic_origin_distance	pending_art_reference
WC02109	Aerfiraiankelanavel2109	background	V2	B30	ripper survivor	Rolzen-line	xeth glyph yard	Thessa source orbit	90	77	averaged_background_story_orbit_aesthetic_origin_distance	pending_art_reference
WC02110	Aerfiraluthbrinaen2110	story	V2	B31	map seller	Kyreal-pack	stone fen	Kael source orbit	90	77	averaged_background_story_orbit_aesthetic_origin_distance	pending_art_reference
WC02111	Ashanaraanoramarion2111	recurring-background	V2	B32	cellar cook	Xethrolund-glyph	pocket sanctuary	Pael source orbit	90	77	averaged_background_story_orbit_aesthetic_origin_distance	pending_art_reference
WC02112	Ashajoracairniven2112	deep-background	V2	B33	triage helper	Pip-no-path	glass orchard	Soth source orbit	90	77	averaged_background_story_orbit_aesthetic_origin_distance	pending_art_reference
WC02113	Ashajoramarrowen2113	support	V2	B01	faction runner	Mack-ground	neith edge	Vellin source orbit	90	77	averaged_background_story_orbit_aesthetic_origin_distance	pending_art_reference
WC02114	Aerdalenhollowion2114	background	V2	B02	wolf-road scout	Dervish-glass	willow-stone county	Corrath source orbit	90	77	averaged_background_story_orbit_aesthetic_origin_distance	pending_art_reference
WC02115	Ashaavelanoriel2115	story	V2	B03	glyph apprentice	Vayne	last open gate	Dervish source orbit	90	77	averaged_background_story_orbit_aesthetic_origin_distance	pending_art_reference
WC02116	Ashaelioncinderaria2116	recurring-background	V2	B04	corridor child	Null-Heart	diamond breakland	Pip source orbit	90	77	averaged_background_story_orbit_aesthetic_origin_distance	pending_art_reference
WC02117	Aerdalenluthivyael2117	deep-background	V2	B05	field healer	Iron-Song	black-heart ridge	Rolzen source orbit	90	77	averaged_background_story_orbit_aesthetic_origin_distance	pending_art_reference
WC02118	Ashaavelhollowelle2118	support	V2	B06	cavern farmer	Wren-Ash	ash river	Xethrolund source orbit	90	77	averaged_background_story_orbit_aesthetic_origin_distance	pending_art_reference
WC02119	Aeranorluthlarken2119	background	V2	B07	garden watcher	Thorn-Vayne	morrow market	Rylos source orbit	90	77	averaged_background_story_orbit_aesthetic_origin_distance	pending_art_reference
WC02120	Aeranorluthasharia2120	story	V2	B08	stone archivist	Marso-len	root vale	Kyreal source orbit	90	77	averaged_background_story_orbit_aesthetic_origin_distance	pending_art_reference
WC02121	Aerdalencinderavel2121	recurring-background	V2	B09	orchard guard	Rolzen-line	ripper tunnel	Thessa source orbit	90	77	averaged_background_story_orbit_aesthetic_origin_distance	pending_art_reference
WC02122	Aeranorcrownavel2122	deep-background	V2	B10	sonomancy listener	Kyreal-pack	cello field	Kael source orbit	90	77	averaged_background_story_orbit_aesthetic_origin_distance	pending_art_reference
WC02123	Aerindraianashael2123	support	V2	B11	tunnel witness	Xethrolund-glyph	blue-light road	Pael source orbit	90	77	averaged_background_story_orbit_aesthetic_origin_distance	pending_art_reference
WC02124	Aerfiracorialarkion2124	background	V2	B12	threshold mason	Pip-no-path	xeth glyph yard	Soth source orbit	90	77	averaged_background_story_orbit_aesthetic_origin_distance	pending_art_reference
WC02125	Ashanaradion2125	story	V2	B13	bookbinder	Mack-ground	stone fen	Vellin source orbit	90	77	averaged_background_story_orbit_aesthetic_origin_distance	pending_art_reference
WC02126	Aerindraianforgeaen2126	recurring-background	V2	B14	bridge keeper	Dervish-glass	pocket sanctuary	Corrath source orbit	90	77	averaged_background_story_orbit_aesthetic_origin_distance	pending_art_reference
WC02127	Aermaeloramarion2127	deep-background	V2	B15	market singer	Vayne	glass orchard	Dervish source orbit	90	77	averaged_background_story_orbit_aesthetic_origin_distance	pending_art_reference
WC02128	Ashajoradalendion2128	support	V2	B16	glass forge worker	Null-Heart	neith edge	Pip source orbit	90	77	averaged_background_story_orbit_aesthetic_origin_distance	pending_art_reference
WC02129	Aeranorluthivyiel2129	background	V2	B17	ripper survivor	Iron-Song	willow-stone county	Rolzen source orbit	90	77	averaged_background_story_orbit_aesthetic_origin_distance	pending_art_reference
WC02130	Aerfiraamarglassel2130	story	V2	B18	map seller	Wren-Ash	last open gate	Xethrolund source orbit	90	77	averaged_background_story_orbit_aesthetic_origin_distance	pending_art_reference
WC02131	Aerindramarrowion2131	recurring-background	V2	B19	cellar cook	Thorn-Vayne	diamond breakland	Rylos source orbit	90	77	averaged_background_story_orbit_aesthetic_origin_distance	pending_art_reference
WC02132	Aeranorriverdion2132	deep-background	V2	B20	triage helper	Marso-len	black-heart ridge	Kyreal source orbit	90	77	averaged_background_story_orbit_aesthetic_origin_distance	pending_art_reference
WC02133	Aerindraamarriverel2133	support	V2	B21	faction runner	Rolzen-line	ash river	Thessa source orbit	90	77	averaged_background_story_orbit_aesthetic_origin_distance	pending_art_reference
WC02134	Aerindralarkelle2134	background	V2	B22	wolf-road scout	Kyreal-pack	morrow market	Kael source orbit	90	77	averaged_background_story_orbit_aesthetic_origin_distance	pending_art_reference
WC02135	Brenaelgalenaria2135	story	V2	B23	glyph apprentice	Xethrolund-glyph	root vale	Pael source orbit	90	77	averaged_background_story_orbit_aesthetic_origin_distance	pending_art_reference
WC02136	Aerfiraemberaen2136	recurring-background	V2	B24	corridor child	Pip-no-path	ripper tunnel	Soth source orbit	90	77	averaged_background_story_orbit_aesthetic_origin_distance	pending_art_reference
WC02137	Aerfiraamarhalorion2137	deep-background	V2	B25	field healer	Mack-ground	cello field	Vellin source orbit	90	77	averaged_background_story_orbit_aesthetic_origin_distance	pending_art_reference
WC02138	Aerfiraamarivyen2138	support	V2	B26	cavern farmer	Dervish-glass	blue-light road	Corrath source orbit	90	77	averaged_background_story_orbit_aesthetic_origin_distance	pending_art_reference
WC02139	Brenaeliel2139	background	V2	B27	garden watcher	Vayne	xeth glyph yard	Dervish source orbit	90	77	averaged_background_story_orbit_aesthetic_origin_distance	pending_art_reference
WC02140	Aerfirabellarel2140	story	V2	B28	stone archivist	Null-Heart	stone fen	Pip source orbit	90	77	averaged_background_story_orbit_aesthetic_origin_distance	pending_art_reference
WC02141	Ashaavelmarrowaria2141	recurring-background	V2	B29	orchard guard	Iron-Song	pocket sanctuary	Rolzen source orbit	90	77	averaged_background_story_orbit_aesthetic_origin_distance	pending_art_reference
WC02142	Ashagalenfiraaria2142	deep-background	V2	B30	sonomancy listener	Wren-Ash	glass orchard	Xethrolund source orbit	90	77	averaged_background_story_orbit_aesthetic_origin_distance	pending_art_reference
WC02143	Aeranoriancrownelle2143	support	V2	B31	tunnel witness	Thorn-Vayne	neith edge	Rylos source orbit	90	77	averaged_background_story_orbit_aesthetic_origin_distance	pending_art_reference
WC02144	Brenendarnaraael2144	background	V2	B32	threshold mason	Marso-len	willow-stone county	Kyreal source orbit	90	77	averaged_background_story_orbit_aesthetic_origin_distance	pending_art_reference
WC02145	Aerdalenashavel2145	story	V2	B33	bookbinder	Rolzen-line	last open gate	Thessa source orbit	90	77	averaged_background_story_orbit_aesthetic_origin_distance	pending_art_reference
WC02146	Ashajoramaelorianel2146	recurring-background	V2	B01	bridge keeper	Kyreal-pack	diamond breakland	Kael source orbit	90	77	averaged_background_story_orbit_aesthetic_origin_distance	pending_art_reference
WC02147	Aerfirariveriel2147	deep-background	V2	B02	market singer	Xethrolund-glyph	black-heart ridge	Pael source orbit	90	77	averaged_background_story_orbit_aesthetic_origin_distance	pending_art_reference
WC02148	Ashajorafiradria2148	support	V2	B03	glass forge worker	Pip-no-path	ash river	Soth source orbit	90	77	averaged_background_story_orbit_aesthetic_origin_distance	pending_art_reference
WC02149	Aermaelorriveraen2149	background	V2	B04	ripper survivor	Mack-ground	morrow market	Vellin source orbit	90	77	averaged_background_story_orbit_aesthetic_origin_distance	pending_art_reference
WC02150	Aermaeloramarbrinen2150	story	V2	B05	map seller	Dervish-glass	root vale	Corrath source orbit	90	77	averaged_background_story_orbit_aesthetic_origin_distance	pending_art_reference
WC02151	Aeranorevarabrinen2151	recurring-background	V2	B06	cellar cook	Vayne	ripper tunnel	Dervish source orbit	90	77	averaged_background_story_orbit_aesthetic_origin_distance	pending_art_reference
WC02152	Caelcoriakelanarel2152	deep-background	V2	B07	triage helper	Null-Heart	cello field	Pip source orbit	90	77	averaged_background_story_orbit_aesthetic_origin_distance	pending_art_reference
WC02153	Aermaelormiredion2153	support	V2	B08	faction runner	Iron-Song	blue-light road	Rolzen source orbit	90	77	averaged_background_story_orbit_aesthetic_origin_distance	pending_art_reference
WC02154	Aerindramarrowdria2154	background	V2	B09	wolf-road scout	Wren-Ash	xeth glyph yard	Xethrolund source orbit	90	77	averaged_background_story_orbit_aesthetic_origin_distance	pending_art_reference
WC02155	Ashagalenhollowdria2155	story	V2	B10	glyph apprentice	Thorn-Vayne	stone fen	Rylos source orbit	90	77	averaged_background_story_orbit_aesthetic_origin_distance	pending_art_reference
WC02156	Brenaelglassaen2156	recurring-background	V2	B11	corridor child	Marso-len	pocket sanctuary	Kyreal source orbit	90	77	averaged_background_story_orbit_aesthetic_origin_distance	pending_art_reference
WC02157	Ashaavelfirael2157	deep-background	V2	B12	field healer	Rolzen-line	glass orchard	Thessa source orbit	90	77	averaged_background_story_orbit_aesthetic_origin_distance	pending_art_reference
WC02158	Aermaelorianaria2158	support	V2	B13	cavern farmer	Kyreal-pack	neith edge	Kael source orbit	90	77	averaged_background_story_orbit_aesthetic_origin_distance	pending_art_reference
WC02159	Aeranoramarivyaen2159	background	V2	B14	garden watcher	Xethrolund-glyph	willow-stone county	Pael source orbit	90	77	averaged_background_story_orbit_aesthetic_origin_distance	pending_art_reference
WC02160	Aeranoramaraelarel2160	story	V2	B15	stone archivist	Pip-no-path	last open gate	Soth source orbit	90	77	averaged_background_story_orbit_aesthetic_origin_distance	pending_art_reference
WC02161	Aeranorcoriaivyiel2161	recurring-background	V2	B16	orchard guard	Mack-ground	diamond breakland	Vellin source orbit	90	77	averaged_background_story_orbit_aesthetic_origin_distance	pending_art_reference
WC02162	Ashaavelmarrowiel2162	deep-background	V2	B17	sonomancy listener	Dervish-glass	black-heart ridge	Corrath source orbit	90	77	averaged_background_story_orbit_aesthetic_origin_distance	pending_art_reference
WC02163	Aerindraamarhaloren2163	support	V2	B18	tunnel witness	Vayne	ash river	Dervish source orbit	90	77	averaged_background_story_orbit_aesthetic_origin_distance	pending_art_reference
WC02164	Ashaavelindraianel2164	background	V2	B19	threshold mason	Null-Heart	morrow market	Pip source orbit	90	77	averaged_background_story_orbit_aesthetic_origin_distance	pending_art_reference
WC02165	Brenkelanavelael2165	story	V2	B20	bookbinder	Iron-Song	root vale	Rolzen source orbit	90	77	averaged_background_story_orbit_aesthetic_origin_distance	pending_art_reference
WC02166	Brenendarforgeael2166	recurring-background	V2	B21	bridge keeper	Wren-Ash	ripper tunnel	Xethrolund source orbit	90	77	averaged_background_story_orbit_aesthetic_origin_distance	pending_art_reference
WC02167	Brenaelforgeion2167	deep-background	V2	B22	market singer	Thorn-Vayne	cello field	Rylos source orbit	90	77	averaged_background_story_orbit_aesthetic_origin_distance	pending_art_reference
WC02168	Aerindrahollowen2168	support	V2	B23	glass forge worker	Marso-len	blue-light road	Kyreal source orbit	90	77	averaged_background_story_orbit_aesthetic_origin_distance	pending_art_reference
WC02169	Brenbrinavelbellen2169	background	V2	B24	ripper survivor	Rolzen-line	xeth glyph yard	Thessa source orbit	90	77	averaged_background_story_orbit_aesthetic_origin_distance	pending_art_reference
WC02170	Aerfiralarkaria2170	story	V2	B25	map seller	Kyreal-pack	stone fen	Kael source orbit	90	77	averaged_background_story_orbit_aesthetic_origin_distance	pending_art_reference
WC02171	Aeranorhollowaria2171	recurring-background	V2	B26	cellar cook	Xethrolund-glyph	pocket sanctuary	Pael source orbit	90	77	averaged_background_story_orbit_aesthetic_origin_distance	pending_art_reference
WC02172	Daroanoramararia2172	deep-background	V2	B27	triage helper	Pip-no-path	glass orchard	Soth source orbit	90	77	averaged_background_story_orbit_aesthetic_origin_distance	pending_art_reference
WC02173	Aerdaleniankelanaen2173	support	V2	B28	faction runner	Mack-ground	neith edge	Vellin source orbit	90	77	averaged_background_story_orbit_aesthetic_origin_distance	pending_art_reference
WC02174	Ashaelionemberdria2174	background	V2	B29	wolf-road scout	Dervish-glass	willow-stone county	Corrath source orbit	90	77	averaged_background_story_orbit_aesthetic_origin_distance	pending_art_reference
WC02175	Brenaelavelanorelle2175	story	V2	B30	glyph apprentice	Vayne	last open gate	Dervish source orbit	90	77	averaged_background_story_orbit_aesthetic_origin_distance	pending_art_reference
WC02176	Aerdalenlarkarel2176	recurring-background	V2	B31	corridor child	Null-Heart	diamond breakland	Pip source orbit	90	77	averaged_background_story_orbit_aesthetic_origin_distance	pending_art_reference
WC02177	Aerdalenfenavel2177	deep-background	V2	B32	field healer	Iron-Song	black-heart ridge	Rolzen source orbit	90	77	averaged_background_story_orbit_aesthetic_origin_distance	pending_art_reference
WC02178	Aerindragroveavel2178	support	V2	B33	cavern farmer	Wren-Ash	ash river	Xethrolund source orbit	90	77	averaged_background_story_orbit_aesthetic_origin_distance	pending_art_reference
WC02179	Aeranoriancrownen2179	background	V2	B01	garden watcher	Thorn-Vayne	morrow market	Rylos source orbit	90	77	averaged_background_story_orbit_aesthetic_origin_distance	pending_art_reference
WC02180	Aerdalenluthmossel2180	story	V2	B02	stone archivist	Marso-len	root vale	Kyreal source orbit	90	77	averaged_background_story_orbit_aesthetic_origin_distance	pending_art_reference
WC02181	Aeranorcoriafenaria2181	recurring-background	V2	B03	orchard guard	Rolzen-line	ripper tunnel	Thessa source orbit	90	77	averaged_background_story_orbit_aesthetic_origin_distance	pending_art_reference
WC02182	Aerfiraluthbrinael2182	deep-background	V2	B04	sonomancy listener	Kyreal-pack	cello field	Kael source orbit	90	77	averaged_background_story_orbit_aesthetic_origin_distance	pending_art_reference
WC02183	Aerdalenmireavel2183	support	V2	B05	tunnel witness	Xethrolund-glyph	blue-light road	Pael source orbit	90	77	averaged_background_story_orbit_aesthetic_origin_distance	pending_art_reference
WC02184	Aeranoramaraen2184	background	V2	B06	threshold mason	Pip-no-path	xeth glyph yard	Soth source orbit	90	77	averaged_background_story_orbit_aesthetic_origin_distance	pending_art_reference
WC02185	Aerdalenfenion2185	story	V2	B07	bookbinder	Mack-ground	stone fen	Vellin source orbit	90	77	averaged_background_story_orbit_aesthetic_origin_distance	pending_art_reference
WC02186	Aerdalenluthmossaen2186	recurring-background	V2	B08	bridge keeper	Dervish-glass	pocket sanctuary	Corrath source orbit	90	77	averaged_background_story_orbit_aesthetic_origin_distance	pending_art_reference
WC02187	Ashanarafiraiven2187	deep-background	V2	B09	market singer	Vayne	glass orchard	Dervish source orbit	90	77	averaged_background_story_orbit_aesthetic_origin_distance	pending_art_reference
WC02188	Aerindraluthaelel2188	support	V2	B10	glass forge worker	Null-Heart	neith edge	Pip source orbit	90	77	averaged_background_story_orbit_aesthetic_origin_distance	pending_art_reference
WC02189	Aerdalenianforgeiel2189	background	V2	B11	ripper survivor	Iron-Song	willow-stone county	Rolzen source orbit	90	77	averaged_background_story_orbit_aesthetic_origin_distance	pending_art_reference
WC02190	Aerfiraiancrownaria2190	story	V2	B12	map seller	Wren-Ash	last open gate	Xethrolund source orbit	90	77	averaged_background_story_orbit_aesthetic_origin_distance	pending_art_reference
WC02191	Aerfiraluthendaraen2191	recurring-background	V2	B13	cellar cook	Thorn-Vayne	diamond breakland	Rylos source orbit	90	77	averaged_background_story_orbit_aesthetic_origin_distance	pending_art_reference
WC02192	Aerfiraluthelle2192	deep-background	V2	B14	triage helper	Marso-len	black-heart ridge	Kyreal source orbit	90	77	averaged_background_story_orbit_aesthetic_origin_distance	pending_art_reference
WC02193	Ashagalenanoriel2193	support	V2	B15	faction runner	Rolzen-line	ash river	Thessa source orbit	90	77	averaged_background_story_orbit_aesthetic_origin_distance	pending_art_reference
WC02194	Aerfiraglassdion2194	background	V2	B16	wolf-road scout	Kyreal-pack	morrow market	Kael source orbit	90	77	averaged_background_story_orbit_aesthetic_origin_distance	pending_art_reference
WC02195	Ashaavelmarrowaen2195	story	V2	B17	glyph apprentice	Xethrolund-glyph	root vale	Pael source orbit	90	77	averaged_background_story_orbit_aesthetic_origin_distance	pending_art_reference
WC02196	Aeranorgroveaen2196	recurring-background	V2	B18	corridor child	Pip-no-path	ripper tunnel	Soth source orbit	90	77	averaged_background_story_orbit_aesthetic_origin_distance	pending_art_reference
WC02197	Aerfiraevaraendarel2197	deep-background	V2	B19	field healer	Mack-ground	cello field	Vellin source orbit	90	77	averaged_background_story_orbit_aesthetic_origin_distance	pending_art_reference
WC02198	Aerindrahollowiel2198	support	V2	B20	cavern farmer	Dervish-glass	blue-light road	Corrath source orbit	90	77	averaged_background_story_orbit_aesthetic_origin_distance	pending_art_reference
WC02199	Ashaelioncairnel2199	background	V2	B21	garden watcher	Vayne	xeth glyph yard	Dervish source orbit	90	77	averaged_background_story_orbit_aesthetic_origin_distance	pending_art_reference
WC02200	Ashaelionashael2200	story	V2	B22	stone archivist	Null-Heart	stone fen	Pip source orbit	90	77	averaged_background_story_orbit_aesthetic_origin_distance	pending_art_reference
WC02201	Aerindraamarivydion2201	recurring-background	V2	B23	orchard guard	Iron-Song	pocket sanctuary	Rolzen source orbit	90	77	averaged_background_story_orbit_aesthetic_origin_distance	pending_art_reference
WC02202	Ashagalenindraael2202	deep-background	V2	B24	sonomancy listener	Wren-Ash	glass orchard	Xethrolund source orbit	90	77	averaged_background_story_orbit_aesthetic_origin_distance	pending_art_reference
WC02203	Ashaavelhollowael2203	support	V2	B25	tunnel witness	Thorn-Vayne	neith edge	Rylos source orbit	90	77	averaged_background_story_orbit_aesthetic_origin_distance	pending_art_reference
WC02204	Aerfiraamarashiven2204	background	V2	B26	threshold mason	Marso-len	willow-stone county	Kyreal source orbit	90	77	averaged_background_story_orbit_aesthetic_origin_distance	pending_art_reference
WC02205	Aerdalenforgeaen2205	story	V2	B27	bookbinder	Rolzen-line	last open gate	Thessa source orbit	90	77	averaged_background_story_orbit_aesthetic_origin_distance	pending_art_reference
WC02206	Aerfiralarkel2206	recurring-background	V2	B28	bridge keeper	Kyreal-pack	diamond breakland	Kael source orbit	90	77	averaged_background_story_orbit_aesthetic_origin_distance	pending_art_reference
WC02207	Brenbrinavelael2207	deep-background	V2	B29	market singer	Xethrolund-glyph	black-heart ridge	Pael source orbit	90	77	averaged_background_story_orbit_aesthetic_origin_distance	pending_art_reference
WC02208	Aerdalenluthlarkaen2208	support	V2	B30	glass forge worker	Pip-no-path	ash river	Soth source orbit	90	77	averaged_background_story_orbit_aesthetic_origin_distance	pending_art_reference
WC02209	Aerdalenianashion2209	background	V2	B31	ripper survivor	Mack-ground	morrow market	Vellin source orbit	90	77	averaged_background_story_orbit_aesthetic_origin_distance	pending_art_reference
WC02210	Aerfiraamarashen2210	story	V2	B32	map seller	Dervish-glass	root vale	Corrath source orbit	90	77	averaged_background_story_orbit_aesthetic_origin_distance	pending_art_reference
WC02211	Aerindraianbrinarel2211	recurring-background	V2	B33	cellar cook	Vayne	ripper tunnel	Dervish source orbit	90	77	averaged_background_story_orbit_aesthetic_origin_distance	pending_art_reference
WC02212	Aerfiralarkelle2212	deep-background	V2	B01	triage helper	Null-Heart	cello field	Pip source orbit	90	77	averaged_background_story_orbit_aesthetic_origin_distance	pending_art_reference
WC02213	Aeranorcoriaashen2213	support	V2	B02	faction runner	Iron-Song	blue-light road	Rolzen source orbit	90	77	averaged_background_story_orbit_aesthetic_origin_distance	pending_art_reference
WC02214	Aerindraevaraiven2214	background	V2	B03	wolf-road scout	Wren-Ash	xeth glyph yard	Xethrolund source orbit	90	77	averaged_background_story_orbit_aesthetic_origin_distance	pending_art_reference
WC02215	Aerindraemberion2215	story	V2	B04	glyph apprentice	Thorn-Vayne	stone fen	Rylos source orbit	90	77	averaged_background_story_orbit_aesthetic_origin_distance	pending_art_reference
WC02216	Aerfiraianbrindion2216	recurring-background	V2	B05	corridor child	Marso-len	pocket sanctuary	Kyreal source orbit	90	77	averaged_background_story_orbit_aesthetic_origin_distance	pending_art_reference
WC02217	Aerfiraiancairniel2217	deep-background	V2	B06	field healer	Rolzen-line	glass orchard	Thessa source orbit	90	77	averaged_background_story_orbit_aesthetic_origin_distance	pending_art_reference
WC02218	Aerindraianendaraen2218	support	V2	B07	cavern farmer	Kyreal-pack	neith edge	Kael source orbit	90	77	averaged_background_story_orbit_aesthetic_origin_distance	pending_art_reference
WC02219	Aerindraluthivyaen2219	background	V2	B08	garden watcher	Xethrolund-glyph	willow-stone county	Pael source orbit	90	77	averaged_background_story_orbit_aesthetic_origin_distance	pending_art_reference
WC02220	Ashajoramireavel2220	story	V2	B09	stone archivist	Pip-no-path	last open gate	Soth source orbit	90	77	averaged_background_story_orbit_aesthetic_origin_distance	pending_art_reference
WC02221	Brenbrinelle2221	recurring-background	V2	B10	orchard guard	Mack-ground	diamond breakland	Vellin source orbit	90	77	averaged_background_story_orbit_aesthetic_origin_distance	pending_art_reference
WC02222	Ashaavelgroveiel2222	deep-background	V2	B11	sonomancy listener	Dervish-glass	black-heart ridge	Corrath source orbit	90	77	averaged_background_story_orbit_aesthetic_origin_distance	pending_art_reference
WC02223	Aerfirabrookiel2223	support	V2	B12	tunnel witness	Vayne	ash river	Dervish source orbit	90	77	averaged_background_story_orbit_aesthetic_origin_distance	pending_art_reference
WC02224	Aerfiracrownael2224	background	V2	B13	threshold mason	Null-Heart	morrow market	Pip source orbit	90	77	averaged_background_story_orbit_aesthetic_origin_distance	pending_art_reference
WC02225	Brenbringlassel2225	story	V2	B14	bookbinder	Iron-Song	root vale	Rolzen source orbit	90	77	averaged_background_story_orbit_aesthetic_origin_distance	pending_art_reference
WC02226	Aeranorianglassarel2226	recurring-background	V2	B15	bridge keeper	Wren-Ash	ripper tunnel	Xethrolund source orbit	90	77	averaged_background_story_orbit_aesthetic_origin_distance	pending_art_reference
WC02227	Ashajoracairnavel2227	deep-background	V2	B16	market singer	Thorn-Vayne	cello field	Rylos source orbit	90	77	averaged_background_story_orbit_aesthetic_origin_distance	pending_art_reference
WC02228	Aerfiracoriaivydion2228	support	V2	B17	glass forge worker	Marso-len	blue-light road	Kyreal source orbit	90	77	averaged_background_story_orbit_aesthetic_origin_distance	pending_art_reference
WC02229	Aerindraivyion2229	background	V2	B18	ripper survivor	Rolzen-line	xeth glyph yard	Thessa source orbit	90	77	averaged_background_story_orbit_aesthetic_origin_distance	pending_art_reference
WC02230	Ashajoraanorarel2230	story	V2	B19	map seller	Kyreal-pack	stone fen	Kael source orbit	90	77	averaged_background_story_orbit_aesthetic_origin_distance	pending_art_reference
WC02231	Brenendarjoradion2231	recurring-background	V2	B20	cellar cook	Xethrolund-glyph	pocket sanctuary	Pael source orbit	90	77	averaged_background_story_orbit_aesthetic_origin_distance	pending_art_reference
WC02232	Aeranorluthlarkaen2232	deep-background	V2	B21	triage helper	Pip-no-path	glass orchard	Soth source orbit	90	77	averaged_background_story_orbit_aesthetic_origin_distance	pending_art_reference
WC02233	Brenaellarkelle2233	support	V2	B22	faction runner	Mack-ground	neith edge	Vellin source orbit	90	77	averaged_background_story_orbit_aesthetic_origin_distance	pending_art_reference
WC02234	Ashajoramaelorarel2234	background	V2	B23	wolf-road scout	Dervish-glass	willow-stone county	Corrath source orbit	90	77	averaged_background_story_orbit_aesthetic_origin_distance	pending_art_reference
WC02235	Aerfiraamarbrinel2235	story	V2	B24	glyph apprentice	Vayne	last open gate	Dervish source orbit	90	77	averaged_background_story_orbit_aesthetic_origin_distance	pending_art_reference
WC02236	Aeranoramargroveiel2236	recurring-background	V2	B25	corridor child	Null-Heart	diamond breakland	Pip source orbit	90	77	averaged_background_story_orbit_aesthetic_origin_distance	pending_art_reference
WC02237	Aeranorluthcinderel2237	deep-background	V2	B26	field healer	Iron-Song	black-heart ridge	Rolzen source orbit	90	77	averaged_background_story_orbit_aesthetic_origin_distance	pending_art_reference
WC02238	Aermaelorcoriaavel2238	support	V2	B27	cavern farmer	Wren-Ash	ash river	Xethrolund source orbit	90	77	averaged_background_story_orbit_aesthetic_origin_distance	pending_art_reference
WC02239	Caelamaraelen2239	background	V2	B28	garden watcher	Thorn-Vayne	morrow market	Rylos source orbit	90	77	averaged_background_story_orbit_aesthetic_origin_distance	pending_art_reference
WC02240	Aerdalenamarivyael2240	story	V2	B29	stone archivist	Marso-len	root vale	Kyreal source orbit	90	77	averaged_background_story_orbit_aesthetic_origin_distance	pending_art_reference
WC02241	Ashagalenmaelordion2241	recurring-background	V2	B30	orchard guard	Rolzen-line	ripper tunnel	Thessa source orbit	90	77	averaged_background_story_orbit_aesthetic_origin_distance	pending_art_reference
WC02242	Aerfiraluthmarrowel2242	deep-background	V2	B31	sonomancy listener	Kyreal-pack	cello field	Kael source orbit	90	77	averaged_background_story_orbit_aesthetic_origin_distance	pending_art_reference
WC02243	Aerfiraianivyel2243	support	V2	B32	tunnel witness	Xethrolund-glyph	blue-light road	Pael source orbit	90	77	averaged_background_story_orbit_aesthetic_origin_distance	pending_art_reference
WC02244	Brenaeljoramireelle2244	background	V2	B33	threshold mason	Pip-no-path	xeth glyph yard	Soth source orbit	90	77	averaged_background_story_orbit_aesthetic_origin_distance	pending_art_reference
WC02245	Aerindraluthashaen2245	story	V2	B01	bookbinder	Mack-ground	stone fen	Vellin source orbit	90	77	averaged_background_story_orbit_aesthetic_origin_distance	pending_art_reference
WC02246	Aeranoramarmossavel2246	recurring-background	V2	B02	bridge keeper	Dervish-glass	pocket sanctuary	Corrath source orbit	90	77	averaged_background_story_orbit_aesthetic_origin_distance	pending_art_reference
WC02247	Ashaavelhollowiven2247	deep-background	V2	B03	market singer	Vayne	glass orchard	Dervish source orbit	90	77	averaged_background_story_orbit_aesthetic_origin_distance	pending_art_reference
WC02248	Ashanaraindraianaen2248	support	V2	B04	glass forge worker	Null-Heart	neith edge	Pip source orbit	90	77	averaged_background_story_orbit_aesthetic_origin_distance	pending_art_reference
WC02249	Aerfiraevaraivyiel2249	background	V2	B05	ripper survivor	Iron-Song	willow-stone county	Rolzen source orbit	90	77	averaged_background_story_orbit_aesthetic_origin_distance	pending_art_reference
WC02250	Brenendararia2250	story	V2	B06	map seller	Wren-Ash	last open gate	Xethrolund source orbit	90	77	averaged_background_story_orbit_aesthetic_origin_distance	pending_art_reference
WC02251	Ashaelionanoramarel2251	recurring-background	V2	B07	cellar cook	Thorn-Vayne	diamond breakland	Rylos source orbit	90	77	averaged_background_story_orbit_aesthetic_origin_distance	pending_art_reference
WC02252	Ashaelionbrookavel2252	deep-background	V2	B08	triage helper	Marso-len	black-heart ridge	Kyreal source orbit	90	77	averaged_background_story_orbit_aesthetic_origin_distance	pending_art_reference
WC02253	Aermaelorianaelael2253	support	V2	B09	faction runner	Rolzen-line	ash river	Thessa source orbit	90	77	averaged_background_story_orbit_aesthetic_origin_distance	pending_art_reference
WC02254	Aeranorcrowniel2254	background	V2	B10	wolf-road scout	Kyreal-pack	morrow market	Kael source orbit	90	77	averaged_background_story_orbit_aesthetic_origin_distance	pending_art_reference
WC02255	Brenbrinavelfiraaen2255	story	V2	B11	glyph apprentice	Xethrolund-glyph	root vale	Pael source orbit	90	77	averaged_background_story_orbit_aesthetic_origin_distance	pending_art_reference
WC02256	Aerdalenemberavel2256	recurring-background	V2	B12	corridor child	Pip-no-path	ripper tunnel	Soth source orbit	90	77	averaged_background_story_orbit_aesthetic_origin_distance	pending_art_reference
WC02257	Brenbrinel2257	deep-background	V2	B13	field healer	Mack-ground	cello field	Vellin source orbit	90	77	averaged_background_story_orbit_aesthetic_origin_distance	pending_art_reference
WC02258	Aeranorevaraaeldria2258	support	V2	B14	cavern farmer	Dervish-glass	blue-light road	Corrath source orbit	90	77	averaged_background_story_orbit_aesthetic_origin_distance	pending_art_reference
WC02259	Aeranorluthaeldion2259	background	V2	B15	garden watcher	Vayne	xeth glyph yard	Dervish source orbit	90	77	averaged_background_story_orbit_aesthetic_origin_distance	pending_art_reference
WC02260	Aerfiralarkdria2260	story	V2	B16	stone archivist	Null-Heart	stone fen	Pip source orbit	90	77	averaged_background_story_orbit_aesthetic_origin_distance	pending_art_reference
WC02261	Aerindraianivydion2261	recurring-background	V2	B17	orchard guard	Iron-Song	pocket sanctuary	Rolzen source orbit	90	77	averaged_background_story_orbit_aesthetic_origin_distance	pending_art_reference
WC02262	Aeranorluthcrowniel2262	deep-background	V2	B18	sonomancy listener	Wren-Ash	glass orchard	Xethrolund source orbit	90	77	averaged_background_story_orbit_aesthetic_origin_distance	pending_art_reference
WC02263	Ashanarafirael2263	support	V2	B19	tunnel witness	Thorn-Vayne	neith edge	Rylos source orbit	90	77	averaged_background_story_orbit_aesthetic_origin_distance	pending_art_reference
WC02264	Aerindracoriabrinen2264	background	V2	B20	threshold mason	Marso-len	willow-stone county	Kyreal source orbit	90	77	averaged_background_story_orbit_aesthetic_origin_distance	pending_art_reference
WC02265	Aerindraluthcairnel2265	story	V2	B21	bookbinder	Rolzen-line	last open gate	Thessa source orbit	90	77	averaged_background_story_orbit_aesthetic_origin_distance	pending_art_reference
WC02266	Ashaavelfiraarel2266	recurring-background	V2	B22	bridge keeper	Kyreal-pack	diamond breakland	Kael source orbit	90	77	averaged_background_story_orbit_aesthetic_origin_distance	pending_art_reference
WC02267	Aerindracoriaelle2267	deep-background	V2	B23	market singer	Xethrolund-glyph	black-heart ridge	Pael source orbit	90	77	averaged_background_story_orbit_aesthetic_origin_distance	pending_art_reference
WC02268	Aerindraianlarkaen2268	support	V2	B24	glass forge worker	Pip-no-path	ash river	Soth source orbit	90	77	averaged_background_story_orbit_aesthetic_origin_distance	pending_art_reference
WC02269	Ashagalendalenelle2269	background	V2	B25	ripper survivor	Mack-ground	morrow market	Vellin source orbit	90	77	averaged_background_story_orbit_aesthetic_origin_distance	pending_art_reference
WC02270	Aerindraluthivyen2270	story	V2	B26	map seller	Dervish-glass	root vale	Corrath source orbit	90	77	averaged_background_story_orbit_aesthetic_origin_distance	pending_art_reference
WC02271	Aerdalencorialarken2271	recurring-background	V2	B27	cellar cook	Vayne	ripper tunnel	Dervish source orbit	90	77	averaged_background_story_orbit_aesthetic_origin_distance	pending_art_reference
WC02272	Aerdalenorcharddion2272	deep-background	V2	B28	triage helper	Null-Heart	cello field	Pip source orbit	90	77	averaged_background_story_orbit_aesthetic_origin_distance	pending_art_reference
WC02273	Brenbringalenael2273	support	V2	B29	faction runner	Iron-Song	blue-light road	Rolzen source orbit	90	77	averaged_background_story_orbit_aesthetic_origin_distance	pending_art_reference
WC02274	Caelevaraarel2274	background	V2	B30	wolf-road scout	Wren-Ash	xeth glyph yard	Xethrolund source orbit	90	77	averaged_background_story_orbit_aesthetic_origin_distance	pending_art_reference
WC02275	Ashaavelriveriven2275	story	V2	B31	glyph apprentice	Thorn-Vayne	stone fen	Rylos source orbit	90	77	averaged_background_story_orbit_aesthetic_origin_distance	pending_art_reference
WC02276	Aeranorianmossiel2276	recurring-background	V2	B32	corridor child	Marso-len	pocket sanctuary	Kyreal source orbit	90	77	averaged_background_story_orbit_aesthetic_origin_distance	pending_art_reference
WC02277	Aeranorcoriafenelle2277	deep-background	V2	B33	field healer	Rolzen-line	glass orchard	Thessa source orbit	90	77	averaged_background_story_orbit_aesthetic_origin_distance	pending_art_reference
WC02278	Ashaavelashiven2278	support	V2	B01	cavern farmer	Kyreal-pack	neith edge	Kael source orbit	90	77	averaged_background_story_orbit_aesthetic_origin_distance	pending_art_reference
WC02279	Ashaelionmarrowen2279	background	V2	B02	garden watcher	Xethrolund-glyph	willow-stone county	Pael source orbit	90	77	averaged_background_story_orbit_aesthetic_origin_distance	pending_art_reference
WC02280	Aerindraevarabrinen2280	story	V2	B03	stone archivist	Pip-no-path	last open gate	Soth source orbit	90	77	averaged_background_story_orbit_aesthetic_origin_distance	pending_art_reference
WC02281	Aermaelorcoriaiven2281	recurring-background	V2	B04	orchard guard	Mack-ground	diamond breakland	Vellin source orbit	90	77	averaged_background_story_orbit_aesthetic_origin_distance	pending_art_reference
WC02282	Aerdalenhollowavel2282	deep-background	V2	B05	sonomancy listener	Dervish-glass	black-heart ridge	Corrath source orbit	90	77	averaged_background_story_orbit_aesthetic_origin_distance	pending_art_reference
WC02283	Aerdalenbrookiel2283	support	V2	B06	tunnel witness	Vayne	ash river	Dervish source orbit	90	77	averaged_background_story_orbit_aesthetic_origin_distance	pending_art_reference
WC02284	Aerindraarel2284	background	V2	B07	threshold mason	Null-Heart	morrow market	Pip source orbit	90	77	averaged_background_story_orbit_aesthetic_origin_distance	pending_art_reference
WC02285	Aerindraamarashdria2285	story	V2	B08	bookbinder	Iron-Song	root vale	Rolzen source orbit	90	77	averaged_background_story_orbit_aesthetic_origin_distance	pending_art_reference
WC02286	Aerfiraamaraelen2286	recurring-background	V2	B09	bridge keeper	Wren-Ash	ripper tunnel	Xethrolund source orbit	90	77	averaged_background_story_orbit_aesthetic_origin_distance	pending_art_reference
WC02287	Aerfiraianhaloren2287	deep-background	V2	B10	market singer	Thorn-Vayne	cello field	Rylos source orbit	90	77	averaged_background_story_orbit_aesthetic_origin_distance	pending_art_reference
WC02288	Brenaelelionanorael2288	support	V2	B11	glass forge worker	Marso-len	blue-light road	Kyreal source orbit	90	77	averaged_background_story_orbit_aesthetic_origin_distance	pending_art_reference
WC02289	Aerfiracinderion2289	background	V2	B12	ripper survivor	Rolzen-line	xeth glyph yard	Thessa source orbit	90	77	averaged_background_story_orbit_aesthetic_origin_distance	pending_art_reference
WC02290	Aerfiraianendaraen2290	story	V2	B13	map seller	Kyreal-pack	stone fen	Kael source orbit	90	77	averaged_background_story_orbit_aesthetic_origin_distance	pending_art_reference
WC02291	Aerfiracairnel2291	recurring-background	V2	B14	cellar cook	Xethrolund-glyph	pocket sanctuary	Pael source orbit	90	77	averaged_background_story_orbit_aesthetic_origin_distance	pending_art_reference
WC02292	Aerindraemberaria2292	deep-background	V2	B15	triage helper	Pip-no-path	glass orchard	Soth source orbit	90	77	averaged_background_story_orbit_aesthetic_origin_distance	pending_art_reference
WC02293	Ashaavelemberiven2293	support	V2	B16	faction runner	Mack-ground	neith edge	Vellin source orbit	90	77	averaged_background_story_orbit_aesthetic_origin_distance	pending_art_reference
WC02294	Aerfiraevaraaria2294	background	V2	B17	wolf-road scout	Dervish-glass	willow-stone county	Corrath source orbit	90	77	averaged_background_story_orbit_aesthetic_origin_distance	pending_art_reference
WC02295	Ashanarafiradion2295	story	V2	B18	glyph apprentice	Vayne	last open gate	Dervish source orbit	90	77	averaged_background_story_orbit_aesthetic_origin_distance	pending_art_reference
WC02296	Ashaavelfiraion2296	recurring-background	V2	B19	corridor child	Null-Heart	diamond breakland	Pip source orbit	90	77	averaged_background_story_orbit_aesthetic_origin_distance	pending_art_reference
WC02297	Aerfiracoriaforgeel2297	deep-background	V2	B20	field healer	Iron-Song	black-heart ridge	Rolzen source orbit	90	77	averaged_background_story_orbit_aesthetic_origin_distance	pending_art_reference
WC02298	Aeranormarrowavel2298	support	V2	B21	cavern farmer	Wren-Ash	ash river	Xethrolund source orbit	90	77	averaged_background_story_orbit_aesthetic_origin_distance	pending_art_reference
WC02299	Caelamarkelanarel2299	background	V2	B22	garden watcher	Thorn-Vayne	morrow market	Rylos source orbit	90	77	averaged_background_story_orbit_aesthetic_origin_distance	pending_art_reference
WC02300	Aerindracoriaaelael2300	story	V2	B23	stone archivist	Marso-len	root vale	Kyreal source orbit	90	77	averaged_background_story_orbit_aesthetic_origin_distance	pending_art_reference
WC02301	Aeranorashaen2301	recurring-background	V2	B24	orchard guard	Rolzen-line	ripper tunnel	Thessa source orbit	90	77	averaged_background_story_orbit_aesthetic_origin_distance	pending_art_reference
WC02302	Aerindraiankelanel2302	deep-background	V2	B25	sonomancy listener	Kyreal-pack	cello field	Kael source orbit	90	77	averaged_background_story_orbit_aesthetic_origin_distance	pending_art_reference
WC02303	Brenkelanion2303	support	V2	B26	tunnel witness	Xethrolund-glyph	blue-light road	Pael source orbit	90	77	averaged_background_story_orbit_aesthetic_origin_distance	pending_art_reference
WC02304	Aerfiragroveavel2304	background	V2	B27	threshold mason	Pip-no-path	xeth glyph yard	Soth source orbit	90	77	averaged_background_story_orbit_aesthetic_origin_distance	pending_art_reference
WC02305	Ashaeliongrovedria2305	story	V2	B28	bookbinder	Mack-ground	stone fen	Vellin source orbit	90	77	averaged_background_story_orbit_aesthetic_origin_distance	pending_art_reference
WC02306	Ashajoraquartzdria2306	recurring-background	V2	B29	bridge keeper	Dervish-glass	pocket sanctuary	Corrath source orbit	90	77	averaged_background_story_orbit_aesthetic_origin_distance	pending_art_reference
WC02307	Aerindraianglassaen2307	deep-background	V2	B30	market singer	Vayne	glass orchard	Dervish source orbit	90	77	averaged_background_story_orbit_aesthetic_origin_distance	pending_art_reference
WC02308	Brenaeljoraivydion2308	support	V2	B31	glass forge worker	Null-Heart	neith edge	Pip source orbit	90	77	averaged_background_story_orbit_aesthetic_origin_distance	pending_art_reference
WC02309	Aerdalenhollowdria2309	background	V2	B32	ripper survivor	Iron-Song	willow-stone county	Rolzen source orbit	90	77	averaged_background_story_orbit_aesthetic_origin_distance	pending_art_reference
WC02310	Aeranorevarabellel2310	story	V2	B33	map seller	Wren-Ash	last open gate	Xethrolund source orbit	90	77	averaged_background_story_orbit_aesthetic_origin_distance	pending_art_reference
WC02311	Aerdalenamarion2311	recurring-background	V2	B01	cellar cook	Thorn-Vayne	diamond breakland	Rylos source orbit	90	77	averaged_background_story_orbit_aesthetic_origin_distance	pending_art_reference
WC02312	Aerfirahollowelle2312	deep-background	V2	B02	triage helper	Marso-len	black-heart ridge	Kyreal source orbit	90	77	averaged_background_story_orbit_aesthetic_origin_distance	pending_art_reference
WC02313	Aerdalencoriaaelion2313	support	V2	B03	faction runner	Rolzen-line	ash river	Thessa source orbit	90	77	averaged_background_story_orbit_aesthetic_origin_distance	pending_art_reference
WC02314	Brenbrinarel2314	background	V2	B04	wolf-road scout	Kyreal-pack	morrow market	Kael source orbit	90	77	averaged_background_story_orbit_aesthetic_origin_distance	pending_art_reference
WC02315	Aerfiracoriaivyiven2315	story	V2	B05	glyph apprentice	Xethrolund-glyph	root vale	Pael source orbit	90	77	averaged_background_story_orbit_aesthetic_origin_distance	pending_art_reference
WC02316	Brenaelavelindraiel2316	recurring-background	V2	B06	corridor child	Pip-no-path	ripper tunnel	Soth source orbit	90	77	averaged_background_story_orbit_aesthetic_origin_distance	pending_art_reference
WC02317	Aerfiraiancinderael2317	deep-background	V2	B07	field healer	Mack-ground	cello field	Vellin source orbit	90	77	averaged_background_story_orbit_aesthetic_origin_distance	pending_art_reference
WC02318	Aerindramiredion2318	support	V2	B08	cavern farmer	Dervish-glass	blue-light road	Corrath source orbit	90	77	averaged_background_story_orbit_aesthetic_origin_distance	pending_art_reference
WC02319	Ashagalenindraion2319	background	V2	B09	garden watcher	Vayne	xeth glyph yard	Dervish source orbit	90	77	averaged_background_story_orbit_aesthetic_origin_distance	pending_art_reference
WC02320	Ashaavelasharia2320	story	V2	B10	stone archivist	Null-Heart	stone fen	Pip source orbit	90	77	averaged_background_story_orbit_aesthetic_origin_distance	pending_art_reference
WC02321	Aerfiracairnarel2321	recurring-background	V2	B11	orchard guard	Iron-Song	pocket sanctuary	Rolzen source orbit	90	77	averaged_background_story_orbit_aesthetic_origin_distance	pending_art_reference
WC02322	Aerfiraamarbelldion2322	deep-background	V2	B12	sonomancy listener	Wren-Ash	glass orchard	Xethrolund source orbit	90	77	averaged_background_story_orbit_aesthetic_origin_distance	pending_art_reference
WC02323	Aerdalenamaraeliel2323	support	V2	B13	tunnel witness	Thorn-Vayne	neith edge	Rylos source orbit	90	77	averaged_background_story_orbit_aesthetic_origin_distance	pending_art_reference
WC02324	Aermaelorianhaloren2324	background	V2	B14	threshold mason	Marso-len	willow-stone county	Kyreal source orbit	90	77	averaged_background_story_orbit_aesthetic_origin_distance	pending_art_reference
WC02325	Ashaavelglassdion2325	story	V2	B15	bookbinder	Rolzen-line	last open gate	Thessa source orbit	90	77	averaged_background_story_orbit_aesthetic_origin_distance	pending_art_reference
WC02326	Ashaavelforgedria2326	recurring-background	V2	B16	bridge keeper	Kyreal-pack	diamond breakland	Kael source orbit	90	77	averaged_background_story_orbit_aesthetic_origin_distance	pending_art_reference
WC02327	Ashaavelfiraamariel2327	deep-background	V2	B17	market singer	Xethrolund-glyph	black-heart ridge	Pael source orbit	90	77	averaged_background_story_orbit_aesthetic_origin_distance	pending_art_reference
WC02328	Aerdalengroveion2328	support	V2	B18	glass forge worker	Pip-no-path	ash river	Soth source orbit	90	77	averaged_background_story_orbit_aesthetic_origin_distance	pending_art_reference
WC02329	Aerdalenamarivyel2329	background	V2	B19	ripper survivor	Mack-ground	morrow market	Vellin source orbit	90	77	averaged_background_story_orbit_aesthetic_origin_distance	pending_art_reference
WC02330	Aerdalenfeniel2330	story	V2	B20	map seller	Dervish-glass	root vale	Corrath source orbit	90	77	averaged_background_story_orbit_aesthetic_origin_distance	pending_art_reference
WC02331	Aeranoremberiel2331	recurring-background	V2	B21	cellar cook	Vayne	ripper tunnel	Dervish source orbit	90	77	averaged_background_story_orbit_aesthetic_origin_distance	pending_art_reference
WC02332	Ashajoracinderaen2332	deep-background	V2	B22	triage helper	Null-Heart	cello field	Pip source orbit	90	77	averaged_background_story_orbit_aesthetic_origin_distance	pending_art_reference
WC02333	Aerfiraamarbrinen2333	support	V2	B23	faction runner	Iron-Song	blue-light road	Rolzen source orbit	90	77	averaged_background_story_orbit_aesthetic_origin_distance	pending_art_reference
WC02334	Aeranorbrookarel2334	background	V2	B24	wolf-road scout	Wren-Ash	xeth glyph yard	Xethrolund source orbit	90	77	averaged_background_story_orbit_aesthetic_origin_distance	pending_art_reference
WC02335	Aerfiraevarabellaen2335	story	V2	B25	glyph apprentice	Thorn-Vayne	stone fen	Rylos source orbit	90	77	averaged_background_story_orbit_aesthetic_origin_distance	pending_art_reference
WC02336	Aeranorhollowarel2336	recurring-background	V2	B26	corridor child	Marso-len	pocket sanctuary	Kyreal source orbit	90	77	averaged_background_story_orbit_aesthetic_origin_distance	pending_art_reference
WC02337	Ashajorafiraion2337	deep-background	V2	B27	field healer	Rolzen-line	glass orchard	Thessa source orbit	90	77	averaged_background_story_orbit_aesthetic_origin_distance	pending_art_reference
WC02338	Aerindraamaraelavel2338	support	V2	B28	cavern farmer	Kyreal-pack	neith edge	Kael source orbit	90	77	averaged_background_story_orbit_aesthetic_origin_distance	pending_art_reference
WC02339	Aerdalencoriaaelaen2339	background	V2	B29	garden watcher	Xethrolund-glyph	willow-stone county	Pael source orbit	90	77	averaged_background_story_orbit_aesthetic_origin_distance	pending_art_reference
WC02340	Aerindraianbrinen2340	story	V2	B30	stone archivist	Pip-no-path	last open gate	Soth source orbit	90	77	averaged_background_story_orbit_aesthetic_origin_distance	pending_art_reference
WC02341	Aerdalenfendria2341	recurring-background	V2	B31	orchard guard	Mack-ground	diamond breakland	Vellin source orbit	90	77	averaged_background_story_orbit_aesthetic_origin_distance	pending_art_reference
WC02342	Brenkelangaleniven2342	deep-background	V2	B32	sonomancy listener	Dervish-glass	black-heart ridge	Corrath source orbit	90	77	averaged_background_story_orbit_aesthetic_origin_distance	pending_art_reference
WC02343	Aerdalenluthcrownen2343	support	V2	B33	tunnel witness	Vayne	ash river	Dervish source orbit	90	77	averaged_background_story_orbit_aesthetic_origin_distance	pending_art_reference
WC02344	Aermaelorglassaria2344	background	V2	B01	threshold mason	Null-Heart	morrow market	Pip source orbit	90	77	averaged_background_story_orbit_aesthetic_origin_distance	pending_art_reference
WC02345	Aermaelorhollowdion2345	story	V2	B02	bookbinder	Iron-Song	root vale	Rolzen source orbit	90	77	averaged_background_story_orbit_aesthetic_origin_distance	pending_art_reference
WC02346	Aerindraianaeldria2346	recurring-background	V2	B03	bridge keeper	Wren-Ash	ripper tunnel	Xethrolund source orbit	90	77	averaged_background_story_orbit_aesthetic_origin_distance	pending_art_reference
WC02347	Aerfiraianhalordria2347	deep-background	V2	B04	market singer	Thorn-Vayne	cello field	Rylos source orbit	90	77	averaged_background_story_orbit_aesthetic_origin_distance	pending_art_reference
WC02348	Aerfiraamarashdion2348	support	V2	B05	glass forge worker	Marso-len	blue-light road	Kyreal source orbit	90	77	averaged_background_story_orbit_aesthetic_origin_distance	pending_art_reference
WC02349	Aeranorcinderel2349	background	V2	B06	ripper survivor	Rolzen-line	xeth glyph yard	Thessa source orbit	90	77	averaged_background_story_orbit_aesthetic_origin_distance	pending_art_reference
WC02350	Ashaelioncinderarel2350	story	V2	B07	map seller	Kyreal-pack	stone fen	Kael source orbit	90	77	averaged_background_story_orbit_aesthetic_origin_distance	pending_art_reference
WC02351	Aermaelorianivyaen2351	recurring-background	V2	B08	cellar cook	Xethrolund-glyph	pocket sanctuary	Pael source orbit	90	77	averaged_background_story_orbit_aesthetic_origin_distance	pending_art_reference
WC02352	Ashaavelfiraluthion2352	deep-background	V2	B09	triage helper	Pip-no-path	glass orchard	Soth source orbit	90	77	averaged_background_story_orbit_aesthetic_origin_distance	pending_art_reference
WC02353	Aerfirahollowael2353	support	V2	B10	faction runner	Mack-ground	neith edge	Vellin source orbit	90	77	averaged_background_story_orbit_aesthetic_origin_distance	pending_art_reference
WC02354	Aerfiraamarael2354	background	V2	B11	wolf-road scout	Dervish-glass	willow-stone county	Corrath source orbit	90	77	averaged_background_story_orbit_aesthetic_origin_distance	pending_art_reference
WC02355	Brenaelelionarel2355	story	V2	B12	glyph apprentice	Vayne	last open gate	Dervish source orbit	90	77	averaged_background_story_orbit_aesthetic_origin_distance	pending_art_reference
WC02356	Ashaavelmossael2356	recurring-background	V2	B13	corridor child	Null-Heart	diamond breakland	Pip source orbit	90	77	averaged_background_story_orbit_aesthetic_origin_distance	pending_art_reference
WC02357	Ashagalendalendion2357	deep-background	V2	B14	field healer	Iron-Song	black-heart ridge	Rolzen source orbit	90	77	averaged_background_story_orbit_aesthetic_origin_distance	pending_art_reference
WC02358	Aerfiraianglassel2358	support	V2	B15	cavern farmer	Wren-Ash	ash river	Xethrolund source orbit	90	77	averaged_background_story_orbit_aesthetic_origin_distance	pending_art_reference
WC02359	Aeranorianbellen2359	background	V2	B16	garden watcher	Thorn-Vayne	morrow market	Rylos source orbit	90	77	averaged_background_story_orbit_aesthetic_origin_distance	pending_art_reference
WC02360	Aerdalenhollowaen2360	story	V2	B17	stone archivist	Marso-len	root vale	Kyreal source orbit	90	77	averaged_background_story_orbit_aesthetic_origin_distance	pending_art_reference
WC02361	Aeranoramarriverel2361	recurring-background	V2	B18	orchard guard	Rolzen-line	ripper tunnel	Thessa source orbit	90	77	averaged_background_story_orbit_aesthetic_origin_distance	pending_art_reference
WC02362	Aerindraorchardaen2362	deep-background	V2	B19	sonomancy listener	Kyreal-pack	cello field	Kael source orbit	90	77	averaged_background_story_orbit_aesthetic_origin_distance	pending_art_reference
WC02363	Aerdalenriveraen2363	support	V2	B20	tunnel witness	Xethrolund-glyph	blue-light road	Pael source orbit	90	77	averaged_background_story_orbit_aesthetic_origin_distance	pending_art_reference
WC02364	Aerdaleniankelanel2364	background	V2	B21	threshold mason	Pip-no-path	xeth glyph yard	Soth source orbit	90	77	averaged_background_story_orbit_aesthetic_origin_distance	pending_art_reference
WC02365	Aerfiraluthashaen2365	story	V2	B22	bookbinder	Mack-ground	stone fen	Vellin source orbit	90	77	averaged_background_story_orbit_aesthetic_origin_distance	pending_art_reference
WC02366	Brenbrinnaradion2366	recurring-background	V2	B23	bridge keeper	Dervish-glass	pocket sanctuary	Corrath source orbit	90	77	averaged_background_story_orbit_aesthetic_origin_distance	pending_art_reference
WC02367	Ashajoramaeloren2367	deep-background	V2	B24	market singer	Vayne	glass orchard	Dervish source orbit	90	77	averaged_background_story_orbit_aesthetic_origin_distance	pending_art_reference
WC02368	Ashajoracinderiel2368	support	V2	B25	glass forge worker	Null-Heart	neith edge	Pip source orbit	90	77	averaged_background_story_orbit_aesthetic_origin_distance	pending_art_reference
WC02369	Aeranoramarivyiel2369	background	V2	B26	ripper survivor	Iron-Song	willow-stone county	Rolzen source orbit	90	77	averaged_background_story_orbit_aesthetic_origin_distance	pending_art_reference
WC02370	Ashagalenmireiel2370	story	V2	B27	map seller	Wren-Ash	last open gate	Xethrolund source orbit	90	77	averaged_background_story_orbit_aesthetic_origin_distance	pending_art_reference
WC02371	Aeranoremberion2371	recurring-background	V2	B28	cellar cook	Thorn-Vayne	diamond breakland	Rylos source orbit	90	77	averaged_background_story_orbit_aesthetic_origin_distance	pending_art_reference
WC02372	Aeranorevaraivyarel2372	deep-background	V2	B29	triage helper	Marso-len	black-heart ridge	Kyreal source orbit	90	77	averaged_background_story_orbit_aesthetic_origin_distance	pending_art_reference
WC02373	Brenaelaria2373	support	V2	B30	faction runner	Rolzen-line	ash river	Thessa source orbit	90	77	averaged_background_story_orbit_aesthetic_origin_distance	pending_art_reference
WC02374	Aerdalenianaelen2374	background	V2	B31	wolf-road scout	Kyreal-pack	morrow market	Kael source orbit	90	77	averaged_background_story_orbit_aesthetic_origin_distance	pending_art_reference
WC02375	Ashanarafiraamariel2375	story	V2	B32	glyph apprentice	Xethrolund-glyph	root vale	Pael source orbit	90	77	averaged_background_story_orbit_aesthetic_origin_distance	pending_art_reference
WC02376	Aeranorluthlarkel2376	recurring-background	V2	B33	corridor child	Pip-no-path	ripper tunnel	Soth source orbit	90	77	averaged_background_story_orbit_aesthetic_origin_distance	pending_art_reference
WC02377	Ashagalenfiraiel2377	deep-background	V2	B01	field healer	Mack-ground	cello field	Vellin source orbit	90	77	averaged_background_story_orbit_aesthetic_origin_distance	pending_art_reference
WC02378	Ashaeliongroveavel2378	support	V2	B02	cavern farmer	Dervish-glass	blue-light road	Corrath source orbit	90	77	averaged_background_story_orbit_aesthetic_origin_distance	pending_art_reference
WC02379	Aeranoriancrowndion2379	background	V2	B03	garden watcher	Vayne	xeth glyph yard	Dervish source orbit	90	77	averaged_background_story_orbit_aesthetic_origin_distance	pending_art_reference
WC02380	Aerfirabelliven2380	story	V2	B04	stone archivist	Null-Heart	stone fen	Pip source orbit	90	77	averaged_background_story_orbit_aesthetic_origin_distance	pending_art_reference
WC02381	Ashaelionmaelorel2381	recurring-background	V2	B05	orchard guard	Iron-Song	pocket sanctuary	Rolzen source orbit	90	77	averaged_background_story_orbit_aesthetic_origin_distance	pending_art_reference
WC02382	Ashajorafiraamaren2382	deep-background	V2	B06	sonomancy listener	Wren-Ash	glass orchard	Xethrolund source orbit	90	77	averaged_background_story_orbit_aesthetic_origin_distance	pending_art_reference
WC02383	Aeranorianendariel2383	support	V2	B07	tunnel witness	Thorn-Vayne	neith edge	Rylos source orbit	90	77	averaged_background_story_orbit_aesthetic_origin_distance	pending_art_reference
WC02384	Aerdalenluthivyarel2384	background	V2	B08	threshold mason	Marso-len	willow-stone county	Kyreal source orbit	90	77	averaged_background_story_orbit_aesthetic_origin_distance	pending_art_reference
WC02385	Aerindraivyavel2385	story	V2	B09	bookbinder	Rolzen-line	last open gate	Thessa source orbit	90	77	averaged_background_story_orbit_aesthetic_origin_distance	pending_art_reference
WC02386	Ashagalenivydria2386	recurring-background	V2	B10	bridge keeper	Kyreal-pack	diamond breakland	Kael source orbit	90	77	averaged_background_story_orbit_aesthetic_origin_distance	pending_art_reference
WC02387	Ashagalenmaeloraen2387	deep-background	V2	B11	market singer	Xethrolund-glyph	black-heart ridge	Pael source orbit	90	77	averaged_background_story_orbit_aesthetic_origin_distance	pending_art_reference
WC02388	Aerfiramarrowael2388	support	V2	B12	glass forge worker	Pip-no-path	ash river	Soth source orbit	90	77	averaged_background_story_orbit_aesthetic_origin_distance	pending_art_reference
WC02389	Aerdalencairnavel2389	background	V2	B13	ripper survivor	Mack-ground	morrow market	Vellin source orbit	90	77	averaged_background_story_orbit_aesthetic_origin_distance	pending_art_reference
WC02390	Caelevaraaelarel2390	story	V2	B14	map seller	Dervish-glass	root vale	Corrath source orbit	90	77	averaged_background_story_orbit_aesthetic_origin_distance	pending_art_reference
WC02391	Aeranorluthendaren2391	recurring-background	V2	B15	cellar cook	Vayne	ripper tunnel	Dervish source orbit	90	77	averaged_background_story_orbit_aesthetic_origin_distance	pending_art_reference
WC02392	Aerindraianendaren2392	deep-background	V2	B16	triage helper	Null-Heart	cello field	Pip source orbit	90	77	averaged_background_story_orbit_aesthetic_origin_distance	pending_art_reference
WC02393	Aeranorluthmossdria2393	support	V2	B17	faction runner	Iron-Song	blue-light road	Rolzen source orbit	90	77	averaged_background_story_orbit_aesthetic_origin_distance	pending_art_reference
WC02394	Aerdalenemberiven2394	background	V2	B18	wolf-road scout	Wren-Ash	xeth glyph yard	Xethrolund source orbit	90	77	averaged_background_story_orbit_aesthetic_origin_distance	pending_art_reference
WC02395	Brenendaraen2395	story	V2	B19	glyph apprentice	Thorn-Vayne	stone fen	Rylos source orbit	90	77	averaged_background_story_orbit_aesthetic_origin_distance	pending_art_reference
WC02396	Aeranorianivyelle2396	recurring-background	V2	B20	corridor child	Marso-len	pocket sanctuary	Kyreal source orbit	90	77	averaged_background_story_orbit_aesthetic_origin_distance	pending_art_reference
WC02397	Aeranorevaradria2397	deep-background	V2	B21	field healer	Rolzen-line	glass orchard	Thessa source orbit	90	77	averaged_background_story_orbit_aesthetic_origin_distance	pending_art_reference
WC02398	Ashaelioncinderen2398	support	V2	B22	cavern farmer	Kyreal-pack	neith edge	Kael source orbit	90	77	averaged_background_story_orbit_aesthetic_origin_distance	pending_art_reference
WC02399	Brenhaloravel2399	background	V2	B23	garden watcher	Xethrolund-glyph	willow-stone county	Pael source orbit	90	77	averaged_background_story_orbit_aesthetic_origin_distance	pending_art_reference
WC02400	Aerindraquartzelle2400	story	V2	B24	stone archivist	Pip-no-path	last open gate	Soth source orbit	90	77	averaged_background_story_orbit_aesthetic_origin_distance	pending_art_reference
WC02401	Aerfiraianhalordion2401	recurring-background	V2	B25	orchard guard	Mack-ground	diamond breakland	Vellin source orbit	90	77	averaged_background_story_orbit_aesthetic_origin_distance	pending_art_reference
WC02402	Ashaavelanorfenavel2402	deep-background	V2	B26	sonomancy listener	Dervish-glass	black-heart ridge	Corrath source orbit	90	77	averaged_background_story_orbit_aesthetic_origin_distance	pending_art_reference
WC02403	Aerdalenevarabellen2403	support	V2	B27	tunnel witness	Vayne	ash river	Dervish source orbit	90	77	averaged_background_story_orbit_aesthetic_origin_distance	pending_art_reference
WC02404	Aerfirabellion2404	background	V2	B28	threshold mason	Null-Heart	morrow market	Pip source orbit	90	77	averaged_background_story_orbit_aesthetic_origin_distance	pending_art_reference
WC02405	Aerindraamarkelanen2405	story	V2	B29	bookbinder	Iron-Song	root vale	Rolzen source orbit	90	77	averaged_background_story_orbit_aesthetic_origin_distance	pending_art_reference
WC02406	Ashaelioncairnaen2406	recurring-background	V2	B30	bridge keeper	Wren-Ash	ripper tunnel	Xethrolund source orbit	90	77	averaged_background_story_orbit_aesthetic_origin_distance	pending_art_reference
WC02407	Aeranormarrowdion2407	deep-background	V2	B31	market singer	Thorn-Vayne	cello field	Rylos source orbit	90	77	averaged_background_story_orbit_aesthetic_origin_distance	pending_art_reference
WC02408	Aeranorevaraashdion2408	support	V2	B32	glass forge worker	Marso-len	blue-light road	Kyreal source orbit	90	77	averaged_background_story_orbit_aesthetic_origin_distance	pending_art_reference
WC02409	Aerdalenforgeael2409	background	V2	B33	ripper survivor	Rolzen-line	xeth glyph yard	Thessa source orbit	90	77	averaged_background_story_orbit_aesthetic_origin_distance	pending_art_reference
WC02410	Aerindraamarel2410	story	V2	B01	map seller	Kyreal-pack	stone fen	Kael source orbit	90	77	averaged_background_story_orbit_aesthetic_origin_distance	pending_art_reference
WC02411	Aerindrariveraria2411	recurring-background	V2	B02	cellar cook	Xethrolund-glyph	pocket sanctuary	Pael source orbit	90	77	averaged_background_story_orbit_aesthetic_origin_distance	pending_art_reference
WC02412	Aerdalengroveael2412	deep-background	V2	B03	triage helper	Pip-no-path	glass orchard	Soth source orbit	90	77	averaged_background_story_orbit_aesthetic_origin_distance	pending_art_reference
WC02413	Aeranorfenion2413	support	V2	B04	faction runner	Mack-ground	neith edge	Vellin source orbit	90	77	averaged_background_story_orbit_aesthetic_origin_distance	pending_art_reference
WC02414	Aerindraamarashavel2414	background	V2	B05	wolf-road scout	Dervish-glass	willow-stone county	Corrath source orbit	90	77	averaged_background_story_orbit_aesthetic_origin_distance	pending_art_reference
WC02415	Aermaeloriankelanel2415	story	V2	B06	glyph apprentice	Vayne	last open gate	Dervish source orbit	90	77	averaged_background_story_orbit_aesthetic_origin_distance	pending_art_reference
WC02416	Aerindraamaraelelle2416	recurring-background	V2	B07	corridor child	Null-Heart	diamond breakland	Pip source orbit	90	77	averaged_background_story_orbit_aesthetic_origin_distance	pending_art_reference
WC02417	Aerindraianhalorel2417	deep-background	V2	B08	field healer	Iron-Song	black-heart ridge	Rolzen source orbit	90	77	averaged_background_story_orbit_aesthetic_origin_distance	pending_art_reference
WC02418	Aerdalenamarendarel2418	support	V2	B09	cavern farmer	Wren-Ash	ash river	Xethrolund source orbit	90	77	averaged_background_story_orbit_aesthetic_origin_distance	pending_art_reference
WC02419	Ashagalenion2419	background	V2	B10	garden watcher	Thorn-Vayne	morrow market	Rylos source orbit	90	77	averaged_background_story_orbit_aesthetic_origin_distance	pending_art_reference
WC02420	Aerfiraluthaelael2420	story	V2	B11	stone archivist	Marso-len	root vale	Kyreal source orbit	90	77	averaged_background_story_orbit_aesthetic_origin_distance	pending_art_reference
WC02421	Aeranorcoriamireael2421	recurring-background	V2	B12	orchard guard	Rolzen-line	ripper tunnel	Thessa source orbit	90	77	averaged_background_story_orbit_aesthetic_origin_distance	pending_art_reference
WC02422	Aeranorluthbrinael2422	deep-background	V2	B13	sonomancy listener	Kyreal-pack	cello field	Kael source orbit	90	77	averaged_background_story_orbit_aesthetic_origin_distance	pending_art_reference
WC02423	Aerfiraamarashel2423	support	V2	B14	tunnel witness	Xethrolund-glyph	blue-light road	Pael source orbit	90	77	averaged_background_story_orbit_aesthetic_origin_distance	pending_art_reference
WC02424	Aeranorluthglassion2424	background	V2	B15	threshold mason	Pip-no-path	xeth glyph yard	Soth source orbit	90	77	averaged_background_story_orbit_aesthetic_origin_distance	pending_art_reference
WC02425	Aerdalenianmossavel2425	story	V2	B16	bookbinder	Mack-ground	stone fen	Vellin source orbit	90	77	averaged_background_story_orbit_aesthetic_origin_distance	pending_art_reference
WC02426	Aeranorhollowael2426	recurring-background	V2	B17	bridge keeper	Dervish-glass	pocket sanctuary	Corrath source orbit	90	77	averaged_background_story_orbit_aesthetic_origin_distance	pending_art_reference
WC02427	Aerdalenmarrowaria2427	deep-background	V2	B18	market singer	Vayne	glass orchard	Dervish source orbit	90	77	averaged_background_story_orbit_aesthetic_origin_distance	pending_art_reference
WC02428	Aeranorcoriabrookel2428	support	V2	B19	glass forge worker	Null-Heart	neith edge	Pip source orbit	90	77	averaged_background_story_orbit_aesthetic_origin_distance	pending_art_reference
WC02429	Ashaaveldalenel2429	background	V2	B20	ripper survivor	Iron-Song	willow-stone county	Rolzen source orbit	90	77	averaged_background_story_orbit_aesthetic_origin_distance	pending_art_reference
WC02430	Aerfiraamarkelanel2430	story	V2	B21	map seller	Wren-Ash	last open gate	Xethrolund source orbit	90	77	averaged_background_story_orbit_aesthetic_origin_distance	pending_art_reference
WC02431	Brenhaloraen2431	recurring-background	V2	B22	cellar cook	Thorn-Vayne	diamond breakland	Rylos source orbit	90	77	averaged_background_story_orbit_aesthetic_origin_distance	pending_art_reference
WC02432	Ashajoraindraianiel2432	deep-background	V2	B23	triage helper	Marso-len	black-heart ridge	Kyreal source orbit	90	77	averaged_background_story_orbit_aesthetic_origin_distance	pending_art_reference
WC02433	Aeranorluthbrinion2433	support	V2	B24	faction runner	Rolzen-line	ash river	Thessa source orbit	90	77	averaged_background_story_orbit_aesthetic_origin_distance	pending_art_reference
WC02434	Brenhalorarel2434	background	V2	B25	wolf-road scout	Kyreal-pack	morrow market	Kael source orbit	90	77	averaged_background_story_orbit_aesthetic_origin_distance	pending_art_reference
WC02435	Ashaavelemberaen2435	story	V2	B26	glyph apprentice	Xethrolund-glyph	root vale	Pael source orbit	90	77	averaged_background_story_orbit_aesthetic_origin_distance	pending_art_reference
WC02436	Aeranorianlarkaria2436	recurring-background	V2	B27	corridor child	Pip-no-path	ripper tunnel	Soth source orbit	90	77	averaged_background_story_orbit_aesthetic_origin_distance	pending_art_reference
WC02437	Ashaelionemberiel2437	deep-background	V2	B28	field healer	Mack-ground	cello field	Vellin source orbit	90	77	averaged_background_story_orbit_aesthetic_origin_distance	pending_art_reference
WC02438	Aerfiraamarasharel2438	support	V2	B29	cavern farmer	Dervish-glass	blue-light road	Corrath source orbit	90	77	averaged_background_story_orbit_aesthetic_origin_distance	pending_art_reference
WC02439	Aerdalenianbelliel2439	background	V2	B30	garden watcher	Vayne	xeth glyph yard	Dervish source orbit	90	77	averaged_background_story_orbit_aesthetic_origin_distance	pending_art_reference
WC02440	Aeranorluthgroveiel2440	story	V2	B31	stone archivist	Null-Heart	stone fen	Pip source orbit	90	77	averaged_background_story_orbit_aesthetic_origin_distance	pending_art_reference
WC02441	Aeranorcoriaivydion2441	recurring-background	V2	B32	orchard guard	Iron-Song	pocket sanctuary	Rolzen source orbit	90	77	averaged_background_story_orbit_aesthetic_origin_distance	pending_art_reference
WC02442	Aerindraael2442	deep-background	V2	B33	sonomancy listener	Wren-Ash	glass orchard	Xethrolund source orbit	90	77	averaged_background_story_orbit_aesthetic_origin_distance	pending_art_reference
WC02443	Aerdalenquartzdria2443	support	V2	B01	tunnel witness	Thorn-Vayne	neith edge	Rylos source orbit	90	77	averaged_background_story_orbit_aesthetic_origin_distance	pending_art_reference
WC02444	Aeranorcoriaivyiven2444	background	V2	B02	threshold mason	Marso-len	willow-stone county	Kyreal source orbit	90	77	averaged_background_story_orbit_aesthetic_origin_distance	pending_art_reference
WC02445	Ashanaraindraiel2445	story	V2	B03	bookbinder	Rolzen-line	last open gate	Thessa source orbit	90	77	averaged_background_story_orbit_aesthetic_origin_distance	pending_art_reference
WC02446	Aeranoriangroveaen2446	recurring-background	V2	B04	bridge keeper	Kyreal-pack	diamond breakland	Kael source orbit	90	77	averaged_background_story_orbit_aesthetic_origin_distance	pending_art_reference
WC02447	Ashaelionquartzaen2447	deep-background	V2	B05	market singer	Xethrolund-glyph	black-heart ridge	Pael source orbit	90	77	averaged_background_story_orbit_aesthetic_origin_distance	pending_art_reference
WC02448	Ashagalenmaeloriven2448	support	V2	B06	glass forge worker	Pip-no-path	ash river	Soth source orbit	90	77	averaged_background_story_orbit_aesthetic_origin_distance	pending_art_reference
WC02449	Brenendarel2449	background	V2	B07	ripper survivor	Mack-ground	morrow market	Vellin source orbit	90	77	averaged_background_story_orbit_aesthetic_origin_distance	pending_art_reference
WC02450	Aerfiraevaraashiven2450	story	V2	B08	map seller	Dervish-glass	root vale	Corrath source orbit	90	77	averaged_background_story_orbit_aesthetic_origin_distance	pending_art_reference
WC02451	Aermaeloramardion2451	recurring-background	V2	B09	cellar cook	Vayne	ripper tunnel	Dervish source orbit	90	77	averaged_background_story_orbit_aesthetic_origin_distance	pending_art_reference
WC02452	Ashagalenivyavel2452	deep-background	V2	B10	triage helper	Null-Heart	cello field	Pip source orbit	90	77	averaged_background_story_orbit_aesthetic_origin_distance	pending_art_reference
WC02453	Aerindrahollowelle2453	support	V2	B11	faction runner	Iron-Song	blue-light road	Rolzen source orbit	90	77	averaged_background_story_orbit_aesthetic_origin_distance	pending_art_reference
WC02454	Aeranoramarbelliel2454	background	V2	B12	wolf-road scout	Wren-Ash	xeth glyph yard	Xethrolund source orbit	90	77	averaged_background_story_orbit_aesthetic_origin_distance	pending_art_reference
WC02455	Aeranoremberel2455	story	V2	B13	glyph apprentice	Thorn-Vayne	stone fen	Rylos source orbit	90	77	averaged_background_story_orbit_aesthetic_origin_distance	pending_art_reference
WC02456	Aerfiraevaraashdion2456	recurring-background	V2	B14	corridor child	Marso-len	pocket sanctuary	Kyreal source orbit	90	77	averaged_background_story_orbit_aesthetic_origin_distance	pending_art_reference
WC02457	Aeranorivyiven2457	deep-background	V2	B15	field healer	Rolzen-line	glass orchard	Thessa source orbit	90	77	averaged_background_story_orbit_aesthetic_origin_distance	pending_art_reference
WC02458	Aerindracrownael2458	support	V2	B16	cavern farmer	Kyreal-pack	neith edge	Kael source orbit	90	77	averaged_background_story_orbit_aesthetic_origin_distance	pending_art_reference
WC02459	Aerfiramirearia2459	background	V2	B17	garden watcher	Xethrolund-glyph	willow-stone county	Pael source orbit	90	77	averaged_background_story_orbit_aesthetic_origin_distance	pending_art_reference
WC02460	Brenaeljoraael2460	story	V2	B18	stone archivist	Pip-no-path	last open gate	Soth source orbit	90	77	averaged_background_story_orbit_aesthetic_origin_distance	pending_art_reference
WC02461	Aeranorcoriaashiel2461	recurring-background	V2	B19	orchard guard	Mack-ground	diamond breakland	Vellin source orbit	90	77	averaged_background_story_orbit_aesthetic_origin_distance	pending_art_reference
WC02462	Aerfiraianashael2462	deep-background	V2	B20	sonomancy listener	Dervish-glass	black-heart ridge	Corrath source orbit	90	77	averaged_background_story_orbit_aesthetic_origin_distance	pending_art_reference
WC02463	Aeranoriancrowniven2463	support	V2	B21	tunnel witness	Vayne	ash river	Dervish source orbit	90	77	averaged_background_story_orbit_aesthetic_origin_distance	pending_art_reference
WC02464	Aerfiraamargroveaen2464	background	V2	B22	threshold mason	Null-Heart	morrow market	Pip source orbit	90	77	averaged_background_story_orbit_aesthetic_origin_distance	pending_art_reference
WC02465	Aermaeloriankelanen2465	story	V2	B23	bookbinder	Iron-Song	root vale	Rolzen source orbit	90	77	averaged_background_story_orbit_aesthetic_origin_distance	pending_art_reference
WC02466	Aeranorluthdion2466	recurring-background	V2	B24	bridge keeper	Wren-Ash	ripper tunnel	Xethrolund source orbit	90	77	averaged_background_story_orbit_aesthetic_origin_distance	pending_art_reference
WC02467	Aeranoramarlarkdria2467	deep-background	V2	B25	market singer	Thorn-Vayne	cello field	Rylos source orbit	90	77	averaged_background_story_orbit_aesthetic_origin_distance	pending_art_reference
WC02468	Aeranorfeniven2468	support	V2	B26	glass forge worker	Marso-len	blue-light road	Kyreal source orbit	90	77	averaged_background_story_orbit_aesthetic_origin_distance	pending_art_reference
WC02469	Aerfiracoriamireaen2469	background	V2	B27	ripper survivor	Rolzen-line	xeth glyph yard	Thessa source orbit	90	77	averaged_background_story_orbit_aesthetic_origin_distance	pending_art_reference
WC02470	Ashanaraanorarel2470	story	V2	B28	map seller	Kyreal-pack	stone fen	Kael source orbit	90	77	averaged_background_story_orbit_aesthetic_origin_distance	pending_art_reference
WC02471	Aeranorfenaria2471	recurring-background	V2	B29	cellar cook	Xethrolund-glyph	pocket sanctuary	Pael source orbit	90	77	averaged_background_story_orbit_aesthetic_origin_distance	pending_art_reference
WC02472	Aeranorluthcrownaen2472	deep-background	V2	B30	triage helper	Pip-no-path	glass orchard	Soth source orbit	90	77	averaged_background_story_orbit_aesthetic_origin_distance	pending_art_reference
WC02473	Aeranorluthmossavel2473	support	V2	B31	faction runner	Mack-ground	neith edge	Vellin source orbit	90	77	averaged_background_story_orbit_aesthetic_origin_distance	pending_art_reference
WC02474	Aerindrahollowion2474	background	V2	B32	wolf-road scout	Dervish-glass	willow-stone county	Corrath source orbit	90	77	averaged_background_story_orbit_aesthetic_origin_distance	pending_art_reference
WC02475	Ashanaradalenianaen2475	story	V2	B33	glyph apprentice	Vayne	last open gate	Dervish source orbit	90	77	averaged_background_story_orbit_aesthetic_origin_distance	pending_art_reference
WC02476	Aeranorianmarrowiel2476	recurring-background	V2	B01	corridor child	Null-Heart	diamond breakland	Pip source orbit	90	77	averaged_background_story_orbit_aesthetic_origin_distance	pending_art_reference
WC02477	Aerindraamarbrinion2477	deep-background	V2	B02	field healer	Iron-Song	black-heart ridge	Rolzen source orbit	90	77	averaged_background_story_orbit_aesthetic_origin_distance	pending_art_reference
WC02478	Aerdalenamarglassel2478	support	V2	B03	cavern farmer	Wren-Ash	ash river	Xethrolund source orbit	90	77	averaged_background_story_orbit_aesthetic_origin_distance	pending_art_reference
WC02479	Aerdalenluthkelanen2479	background	V2	B04	garden watcher	Thorn-Vayne	morrow market	Rylos source orbit	90	77	averaged_background_story_orbit_aesthetic_origin_distance	pending_art_reference
WC02480	Aerindraevaraashael2480	story	V2	B05	stone archivist	Marso-len	root vale	Kyreal source orbit	90	77	averaged_background_story_orbit_aesthetic_origin_distance	pending_art_reference
WC02481	Aerdalencinderaen2481	recurring-background	V2	B06	orchard guard	Rolzen-line	ripper tunnel	Thessa source orbit	90	77	averaged_background_story_orbit_aesthetic_origin_distance	pending_art_reference
WC02482	Aeranoramargroveel2482	deep-background	V2	B07	sonomancy listener	Kyreal-pack	cello field	Kael source orbit	90	77	averaged_background_story_orbit_aesthetic_origin_distance	pending_art_reference
WC02483	Aerdalenriveravel2483	support	V2	B08	tunnel witness	Xethrolund-glyph	blue-light road	Pael source orbit	90	77	averaged_background_story_orbit_aesthetic_origin_distance	pending_art_reference
WC02484	Aeranorluthlarkaria2484	background	V2	B09	threshold mason	Pip-no-path	xeth glyph yard	Soth source orbit	90	77	averaged_background_story_orbit_aesthetic_origin_distance	pending_art_reference
WC02485	Aerindraianbrinavel2485	story	V2	B10	bookbinder	Mack-ground	stone fen	Vellin source orbit	90	77	averaged_background_story_orbit_aesthetic_origin_distance	pending_art_reference
WC02486	Ashaavelanorluthel2486	recurring-background	V2	B11	bridge keeper	Dervish-glass	pocket sanctuary	Corrath source orbit	90	77	averaged_background_story_orbit_aesthetic_origin_distance	pending_art_reference
WC02487	Ashajorahollowen2487	deep-background	V2	B12	market singer	Vayne	glass orchard	Dervish source orbit	90	77	averaged_background_story_orbit_aesthetic_origin_distance	pending_art_reference
WC02488	Caelianbrinael2488	support	V2	B13	glass forge worker	Null-Heart	neith edge	Pip source orbit	90	77	averaged_background_story_orbit_aesthetic_origin_distance	pending_art_reference
WC02489	Ashaelionemberaria2489	background	V2	B14	ripper survivor	Iron-Song	willow-stone county	Rolzen source orbit	90	77	averaged_background_story_orbit_aesthetic_origin_distance	pending_art_reference
WC02490	Aerdalenianlarkaria2490	story	V2	B15	map seller	Wren-Ash	last open gate	Xethrolund source orbit	90	77	averaged_background_story_orbit_aesthetic_origin_distance	pending_art_reference
WC02491	Aeranormarrowaria2491	recurring-background	V2	B16	cellar cook	Thorn-Vayne	diamond breakland	Rylos source orbit	90	77	averaged_background_story_orbit_aesthetic_origin_distance	pending_art_reference
WC02492	Aeranorluthashen2492	deep-background	V2	B17	triage helper	Marso-len	black-heart ridge	Kyreal source orbit	90	77	averaged_background_story_orbit_aesthetic_origin_distance	pending_art_reference
WC02493	Ashagalencrowndion2493	support	V2	B18	faction runner	Rolzen-line	ash river	Thessa source orbit	90	77	averaged_background_story_orbit_aesthetic_origin_distance	pending_art_reference
WC02494	Ashaelionforgeaen2494	background	V2	B19	wolf-road scout	Kyreal-pack	morrow market	Kael source orbit	90	77	averaged_background_story_orbit_aesthetic_origin_distance	pending_art_reference
WC02495	Aeranorluthaeliven2495	story	V2	B20	glyph apprentice	Xethrolund-glyph	root vale	Pael source orbit	90	77	averaged_background_story_orbit_aesthetic_origin_distance	pending_art_reference
WC02496	Aerindraianendarel2496	recurring-background	V2	B21	corridor child	Pip-no-path	ripper tunnel	Soth source orbit	90	77	averaged_background_story_orbit_aesthetic_origin_distance	pending_art_reference
WC02497	Ashagalenindraelle2497	deep-background	V2	B22	field healer	Mack-ground	cello field	Vellin source orbit	90	77	averaged_background_story_orbit_aesthetic_origin_distance	pending_art_reference
WC02498	Aerfiraianasharel2498	support	V2	B23	cavern farmer	Dervish-glass	blue-light road	Corrath source orbit	90	77	averaged_background_story_orbit_aesthetic_origin_distance	pending_art_reference
WC02499	Aeranorluthbelliel2499	background	V2	B24	garden watcher	Vayne	xeth glyph yard	Dervish source orbit	90	77	averaged_background_story_orbit_aesthetic_origin_distance	pending_art_reference
WC02500	Brenaeljorafiraael2500	story	V2	B25	stone archivist	Null-Heart	stone fen	Pip source orbit	90	77	averaged_background_story_orbit_aesthetic_origin_distance	pending_art_reference
WC02501	Aerfiramireiven2501	recurring-background	V2	B26	orchard guard	Iron-Song	pocket sanctuary	Rolzen source orbit	90	77	averaged_background_story_orbit_aesthetic_origin_distance	pending_art_reference
WC02502	Aerindraamariven2502	deep-background	V2	B27	sonomancy listener	Wren-Ash	glass orchard	Xethrolund source orbit	90	77	averaged_background_story_orbit_aesthetic_origin_distance	pending_art_reference
WC02503	Aerdalenbrookiven2503	support	V2	B28	tunnel witness	Thorn-Vayne	neith edge	Rylos source orbit	90	77	averaged_background_story_orbit_aesthetic_origin_distance	pending_art_reference
WC02504	Aerdalencoriabrinen2504	background	V2	B29	threshold mason	Marso-len	willow-stone county	Kyreal source orbit	90	77	averaged_background_story_orbit_aesthetic_origin_distance	pending_art_reference
WC02505	Aermaelorianfenion2505	story	V2	B30	bookbinder	Rolzen-line	last open gate	Thessa source orbit	90	77	averaged_background_story_orbit_aesthetic_origin_distance	pending_art_reference
WC02506	Aerindralarkel2506	recurring-background	V2	B31	bridge keeper	Kyreal-pack	diamond breakland	Kael source orbit	90	77	averaged_background_story_orbit_aesthetic_origin_distance	pending_art_reference
WC02507	Aerfiracoriaashiven2507	deep-background	V2	B32	market singer	Xethrolund-glyph	black-heart ridge	Pael source orbit	90	77	averaged_background_story_orbit_aesthetic_origin_distance	pending_art_reference
WC02508	Aerdalenemberael2508	support	V2	B33	glass forge worker	Pip-no-path	ash river	Soth source orbit	90	77	averaged_background_story_orbit_aesthetic_origin_distance	pending_art_reference
WC02509	Aerfiraluthivyael2509	background	V2	B01	ripper survivor	Mack-ground	morrow market	Vellin source orbit	90	77	averaged_background_story_orbit_aesthetic_origin_distance	pending_art_reference
WC02510	Aerfiracoriakelanen2510	story	V2	B02	map seller	Dervish-glass	root vale	Corrath source orbit	90	77	averaged_background_story_orbit_aesthetic_origin_distance	pending_art_reference
WC02511	Aermaelormarrowelle2511	recurring-background	V2	B03	cellar cook	Vayne	ripper tunnel	Dervish source orbit	90	77	averaged_background_story_orbit_aesthetic_origin_distance	pending_art_reference
WC02512	Aeranorianbrooken2512	deep-background	V2	B04	triage helper	Null-Heart	cello field	Pip source orbit	90	77	averaged_background_story_orbit_aesthetic_origin_distance	pending_art_reference
WC02513	Aerfiraianaelarel2513	support	V2	B05	faction runner	Iron-Song	blue-light road	Rolzen source orbit	90	77	averaged_background_story_orbit_aesthetic_origin_distance	pending_art_reference
WC02514	Aerindraianlarkdion2514	background	V2	B06	wolf-road scout	Wren-Ash	xeth glyph yard	Xethrolund source orbit	90	77	averaged_background_story_orbit_aesthetic_origin_distance	pending_art_reference
WC02515	Aeranorluthbellaen2515	story	V2	B07	glyph apprentice	Thorn-Vayne	stone fen	Rylos source orbit	90	77	averaged_background_story_orbit_aesthetic_origin_distance	pending_art_reference
WC02516	Aeranorianashiel2516	recurring-background	V2	B08	corridor child	Marso-len	pocket sanctuary	Kyreal source orbit	90	77	averaged_background_story_orbit_aesthetic_origin_distance	pending_art_reference
WC02517	Aerdalenmossdria2517	deep-background	V2	B09	field healer	Rolzen-line	glass orchard	Thessa source orbit	90	77	averaged_background_story_orbit_aesthetic_origin_distance	pending_art_reference
WC02518	Ashaavelcinderen2518	support	V2	B10	cavern farmer	Kyreal-pack	neith edge	Kael source orbit	90	77	averaged_background_story_orbit_aesthetic_origin_distance	pending_art_reference
WC02519	Ashaavelindraluthel2519	background	V2	B11	garden watcher	Xethrolund-glyph	willow-stone county	Pael source orbit	90	77	averaged_background_story_orbit_aesthetic_origin_distance	pending_art_reference
WC02520	Ashajoradalenavel2520	story	V2	B12	stone archivist	Pip-no-path	last open gate	Soth source orbit	90	77	averaged_background_story_orbit_aesthetic_origin_distance	pending_art_reference
WC02521	Aeranorianmosselle2521	recurring-background	V2	B13	orchard guard	Mack-ground	diamond breakland	Vellin source orbit	90	77	averaged_background_story_orbit_aesthetic_origin_distance	pending_art_reference
WC02522	Caelcoriaforgeael2522	deep-background	V2	B14	sonomancy listener	Dervish-glass	black-heart ridge	Corrath source orbit	90	77	averaged_background_story_orbit_aesthetic_origin_distance	pending_art_reference
WC02523	Caelamaraelcinderel2523	support	V2	B15	tunnel witness	Vayne	ash river	Dervish source orbit	90	77	averaged_background_story_orbit_aesthetic_origin_distance	pending_art_reference
WC02524	Ashaelionashiven2524	background	V2	B16	threshold mason	Null-Heart	morrow market	Pip source orbit	90	77	averaged_background_story_orbit_aesthetic_origin_distance	pending_art_reference
WC02525	Aerdalenamarivyiven2525	story	V2	B17	bookbinder	Iron-Song	root vale	Rolzen source orbit	90	77	averaged_background_story_orbit_aesthetic_origin_distance	pending_art_reference
WC02526	Brenendarmossel2526	recurring-background	V2	B18	bridge keeper	Wren-Ash	ripper tunnel	Xethrolund source orbit	90	77	averaged_background_story_orbit_aesthetic_origin_distance	pending_art_reference
WC02527	Aerfiraquartziel2527	deep-background	V2	B19	market singer	Thorn-Vayne	cello field	Rylos source orbit	90	77	averaged_background_story_orbit_aesthetic_origin_distance	pending_art_reference
WC02528	Aerfiraianmossiel2528	support	V2	B20	glass forge worker	Marso-len	blue-light road	Kyreal source orbit	90	77	averaged_background_story_orbit_aesthetic_origin_distance	pending_art_reference
WC02529	Aerdalenianriveraen2529	background	V2	B21	ripper survivor	Rolzen-line	xeth glyph yard	Thessa source orbit	90	77	averaged_background_story_orbit_aesthetic_origin_distance	pending_art_reference
WC02530	Ashajoraivyiven2530	story	V2	B22	map seller	Kyreal-pack	stone fen	Kael source orbit	90	77	averaged_background_story_orbit_aesthetic_origin_distance	pending_art_reference
WC02531	Aermaelorhollowaria2531	recurring-background	V2	B23	cellar cook	Xethrolund-glyph	pocket sanctuary	Pael source orbit	90	77	averaged_background_story_orbit_aesthetic_origin_distance	pending_art_reference
WC02532	Aeranoriancrownavel2532	deep-background	V2	B24	triage helper	Pip-no-path	glass orchard	Soth source orbit	90	77	averaged_background_story_orbit_aesthetic_origin_distance	pending_art_reference
WC02533	Ashanaragrovedria2533	support	V2	B25	faction runner	Mack-ground	neith edge	Vellin source orbit	90	77	averaged_background_story_orbit_aesthetic_origin_distance	pending_art_reference
WC02534	Aermaelormirearia2534	background	V2	B26	wolf-road scout	Dervish-glass	willow-stone county	Corrath source orbit	90	77	averaged_background_story_orbit_aesthetic_origin_distance	pending_art_reference
WC02535	Aerindraamarlarkel2535	story	V2	B27	glyph apprentice	Vayne	last open gate	Dervish source orbit	90	77	averaged_background_story_orbit_aesthetic_origin_distance	pending_art_reference
WC02536	Aerindraevaraaeliel2536	recurring-background	V2	B28	corridor child	Null-Heart	diamond breakland	Pip source orbit	90	77	averaged_background_story_orbit_aesthetic_origin_distance	pending_art_reference
WC02537	Caelamaraelnaradria2537	deep-background	V2	B29	field healer	Iron-Song	black-heart ridge	Rolzen source orbit	90	77	averaged_background_story_orbit_aesthetic_origin_distance	pending_art_reference
WC02538	Aerfiracoriaaelael2538	support	V2	B30	cavern farmer	Wren-Ash	ash river	Xethrolund source orbit	90	77	averaged_background_story_orbit_aesthetic_origin_distance	pending_art_reference
WC02539	Aerdalenamarendaren2539	background	V2	B31	garden watcher	Thorn-Vayne	morrow market	Rylos source orbit	90	77	averaged_background_story_orbit_aesthetic_origin_distance	pending_art_reference
WC02540	Brenkelanavelarel2540	story	V2	B32	stone archivist	Marso-len	root vale	Kyreal source orbit	90	77	averaged_background_story_orbit_aesthetic_origin_distance	pending_art_reference
WC02541	Aeranoramarcairnion2541	recurring-background	V2	B33	orchard guard	Rolzen-line	ripper tunnel	Thessa source orbit	90	77	averaged_background_story_orbit_aesthetic_origin_distance	pending_art_reference
WC02542	Aeranorianbrookael2542	deep-background	V2	B01	sonomancy listener	Kyreal-pack	cello field	Kael source orbit	90	77	averaged_background_story_orbit_aesthetic_origin_distance	pending_art_reference
WC02543	Aerindraluthbrinion2543	support	V2	B02	tunnel witness	Xethrolund-glyph	blue-light road	Pael source orbit	90	77	averaged_background_story_orbit_aesthetic_origin_distance	pending_art_reference
WC02544	Aerindraamaraelael2544	background	V2	B03	threshold mason	Pip-no-path	xeth glyph yard	Soth source orbit	90	77	averaged_background_story_orbit_aesthetic_origin_distance	pending_art_reference
WC02545	Ashagalenquartzarel2545	story	V2	B04	bookbinder	Mack-ground	stone fen	Vellin source orbit	90	77	averaged_background_story_orbit_aesthetic_origin_distance	pending_art_reference
WC02546	Aerfirariveraria2546	recurring-background	V2	B05	bridge keeper	Dervish-glass	pocket sanctuary	Corrath source orbit	90	77	averaged_background_story_orbit_aesthetic_origin_distance	pending_art_reference
WC02547	Aerindraquartzion2547	deep-background	V2	B06	market singer	Vayne	glass orchard	Dervish source orbit	90	77	averaged_background_story_orbit_aesthetic_origin_distance	pending_art_reference
WC02548	Brenhaloraria2548	support	V2	B07	glass forge worker	Null-Heart	neith edge	Pip source orbit	90	77	averaged_background_story_orbit_aesthetic_origin_distance	pending_art_reference
WC02549	Aerfiracairndria2549	background	V2	B08	ripper survivor	Iron-Song	willow-stone county	Rolzen source orbit	90	77	averaged_background_story_orbit_aesthetic_origin_distance	pending_art_reference
WC02550	Aerfiraquartzavel2550	story	V2	B09	map seller	Wren-Ash	last open gate	Xethrolund source orbit	90	77	averaged_background_story_orbit_aesthetic_origin_distance	pending_art_reference
WC02551	Ashajorafiraiven2551	recurring-background	V2	B10	cellar cook	Thorn-Vayne	diamond breakland	Rylos source orbit	90	77	averaged_background_story_orbit_aesthetic_origin_distance	pending_art_reference
WC02552	Aerdalenamarasharel2552	deep-background	V2	B11	triage helper	Marso-len	black-heart ridge	Kyreal source orbit	90	77	averaged_background_story_orbit_aesthetic_origin_distance	pending_art_reference
WC02553	Ashaelioncrowndion2553	support	V2	B12	faction runner	Rolzen-line	ash river	Thessa source orbit	90	77	averaged_background_story_orbit_aesthetic_origin_distance	pending_art_reference
WC02554	Aerdalencrownelle2554	background	V2	B13	wolf-road scout	Kyreal-pack	morrow market	Kael source orbit	90	77	averaged_background_story_orbit_aesthetic_origin_distance	pending_art_reference
WC02555	Aerfiraiancinderen2555	story	V2	B14	glyph apprentice	Xethrolund-glyph	root vale	Pael source orbit	90	77	averaged_background_story_orbit_aesthetic_origin_distance	pending_art_reference
WC02556	Ashaavelfenelle2556	recurring-background	V2	B15	corridor child	Pip-no-path	ripper tunnel	Soth source orbit	90	77	averaged_background_story_orbit_aesthetic_origin_distance	pending_art_reference
WC02557	Aeranorianmossion2557	deep-background	V2	B16	field healer	Mack-ground	cello field	Vellin source orbit	90	77	averaged_background_story_orbit_aesthetic_origin_distance	pending_art_reference
WC02558	Aermaelorevaraashen2558	support	V2	B17	cavern farmer	Dervish-glass	blue-light road	Corrath source orbit	90	77	averaged_background_story_orbit_aesthetic_origin_distance	pending_art_reference
WC02559	Ashaavelhollowel2559	background	V2	B18	garden watcher	Vayne	xeth glyph yard	Dervish source orbit	90	77	averaged_background_story_orbit_aesthetic_origin_distance	pending_art_reference
WC02560	Aermaeloramardria2560	story	V2	B19	stone archivist	Null-Heart	stone fen	Pip source orbit	90	77	averaged_background_story_orbit_aesthetic_origin_distance	pending_art_reference
WC02561	Ashajoraanoraria2561	recurring-background	V2	B20	orchard guard	Iron-Song	pocket sanctuary	Rolzen source orbit	90	77	averaged_background_story_orbit_aesthetic_origin_distance	pending_art_reference
WC02562	Aerdalenemberen2562	deep-background	V2	B21	sonomancy listener	Wren-Ash	glass orchard	Xethrolund source orbit	90	77	averaged_background_story_orbit_aesthetic_origin_distance	pending_art_reference
WC02563	Aerfiraluthbelldion2563	support	V2	B22	tunnel witness	Thorn-Vayne	neith edge	Rylos source orbit	90	77	averaged_background_story_orbit_aesthetic_origin_distance	pending_art_reference
WC02564	Aeranorianasharel2564	background	V2	B23	threshold mason	Marso-len	willow-stone county	Kyreal source orbit	90	77	averaged_background_story_orbit_aesthetic_origin_distance	pending_art_reference
WC02565	Aeranoramarfenaria2565	story	V2	B24	bookbinder	Rolzen-line	last open gate	Thessa source orbit	90	77	averaged_background_story_orbit_aesthetic_origin_distance	pending_art_reference
WC02566	Ashaelionasharel2566	recurring-background	V2	B25	bridge keeper	Kyreal-pack	diamond breakland	Kael source orbit	90	77	averaged_background_story_orbit_aesthetic_origin_distance	pending_art_reference
WC02567	Aeranorevaraivyiven2567	deep-background	V2	B26	market singer	Xethrolund-glyph	black-heart ridge	Pael source orbit	90	77	averaged_background_story_orbit_aesthetic_origin_distance	pending_art_reference
WC02568	Aerfiraluthhaloraen2568	support	V2	B27	glass forge worker	Pip-no-path	ash river	Soth source orbit	90	77	averaged_background_story_orbit_aesthetic_origin_distance	pending_art_reference
WC02569	Aeranorianivyion2569	background	V2	B28	ripper survivor	Mack-ground	morrow market	Vellin source orbit	90	77	averaged_background_story_orbit_aesthetic_origin_distance	pending_art_reference
WC02570	Aerdalenluthivyiven2570	story	V2	B29	map seller	Dervish-glass	root vale	Corrath source orbit	90	77	averaged_background_story_orbit_aesthetic_origin_distance	pending_art_reference
WC02571	Aerfiraluthglassen2571	recurring-background	V2	B30	cellar cook	Vayne	ripper tunnel	Dervish source orbit	90	77	averaged_background_story_orbit_aesthetic_origin_distance	pending_art_reference
WC02572	Aeranorcoriaemberen2572	deep-background	V2	B31	triage helper	Null-Heart	cello field	Pip source orbit	90	77	averaged_background_story_orbit_aesthetic_origin_distance	pending_art_reference
WC02573	Aerdalenhollowelle2573	support	V2	B32	faction runner	Iron-Song	blue-light road	Rolzen source orbit	90	77	averaged_background_story_orbit_aesthetic_origin_distance	pending_art_reference
WC02574	Ashaavelcairnael2574	background	V2	B33	wolf-road scout	Wren-Ash	xeth glyph yard	Xethrolund source orbit	90	77	averaged_background_story_orbit_aesthetic_origin_distance	pending_art_reference
WC02575	Aerdalenianion2575	story	V2	B01	glyph apprentice	Thorn-Vayne	stone fen	Rylos source orbit	90	77	averaged_background_story_orbit_aesthetic_origin_distance	pending_art_reference
WC02576	Ashajoragroveel2576	recurring-background	V2	B02	corridor child	Marso-len	pocket sanctuary	Kyreal source orbit	90	77	averaged_background_story_orbit_aesthetic_origin_distance	pending_art_reference
WC02577	Aerdalenmossarel2577	deep-background	V2	B03	field healer	Rolzen-line	glass orchard	Thessa source orbit	90	77	averaged_background_story_orbit_aesthetic_origin_distance	pending_art_reference
WC02578	Aermaelorcrownion2578	support	V2	B04	cavern farmer	Kyreal-pack	neith edge	Kael source orbit	90	77	averaged_background_story_orbit_aesthetic_origin_distance	pending_art_reference
WC02579	Aermaelorluthashaen2579	background	V2	B05	garden watcher	Xethrolund-glyph	willow-stone county	Pael source orbit	90	77	averaged_background_story_orbit_aesthetic_origin_distance	pending_art_reference
WC02580	Ashagalencairnavel2580	story	V2	B06	stone archivist	Pip-no-path	last open gate	Soth source orbit	90	77	averaged_background_story_orbit_aesthetic_origin_distance	pending_art_reference
WC02581	Aerindracairnen2581	recurring-background	V2	B07	orchard guard	Mack-ground	diamond breakland	Vellin source orbit	90	77	averaged_background_story_orbit_aesthetic_origin_distance	pending_art_reference
WC02582	Aeranorluthivyel2582	deep-background	V2	B08	sonomancy listener	Dervish-glass	black-heart ridge	Corrath source orbit	90	77	averaged_background_story_orbit_aesthetic_origin_distance	pending_art_reference
WC02583	Ashagalenfenaen2583	support	V2	B09	tunnel witness	Vayne	ash river	Dervish source orbit	90	77	averaged_background_story_orbit_aesthetic_origin_distance	pending_art_reference
WC02584	Ashanaraashiven2584	background	V2	B10	threshold mason	Null-Heart	morrow market	Pip source orbit	90	77	averaged_background_story_orbit_aesthetic_origin_distance	pending_art_reference
WC02585	Ashaavelemberavel2585	story	V2	B11	bookbinder	Iron-Song	root vale	Rolzen source orbit	90	77	averaged_background_story_orbit_aesthetic_origin_distance	pending_art_reference
WC02586	Aerdalengroveiel2586	recurring-background	V2	B12	bridge keeper	Wren-Ash	ripper tunnel	Xethrolund source orbit	90	77	averaged_background_story_orbit_aesthetic_origin_distance	pending_art_reference
WC02587	Aerindraluthcrownen2587	deep-background	V2	B13	market singer	Thorn-Vayne	cello field	Rylos source orbit	90	77	averaged_background_story_orbit_aesthetic_origin_distance	pending_art_reference
WC02588	Aeranorluthivydion2588	support	V2	B14	glass forge worker	Marso-len	blue-light road	Kyreal source orbit	90	77	averaged_background_story_orbit_aesthetic_origin_distance	pending_art_reference
WC02589	Aeranoramarfenavel2589	background	V2	B15	ripper survivor	Rolzen-line	xeth glyph yard	Thessa source orbit	90	77	averaged_background_story_orbit_aesthetic_origin_distance	pending_art_reference
WC02590	Brenhalorelionelle2590	story	V2	B16	map seller	Kyreal-pack	stone fen	Kael source orbit	90	77	averaged_background_story_orbit_aesthetic_origin_distance	pending_art_reference
WC02591	Aerdalenevaraivyaen2591	recurring-background	V2	B17	cellar cook	Xethrolund-glyph	pocket sanctuary	Pael source orbit	90	77	averaged_background_story_orbit_aesthetic_origin_distance	pending_art_reference
WC02592	Ashagalenmiredria2592	deep-background	V2	B18	triage helper	Pip-no-path	glass orchard	Soth source orbit	90	77	averaged_background_story_orbit_aesthetic_origin_distance	pending_art_reference
WC02593	Aeranorianashavel2593	support	V2	B19	faction runner	Mack-ground	neith edge	Vellin source orbit	90	77	averaged_background_story_orbit_aesthetic_origin_distance	pending_art_reference
WC02594	Ashaavelanorianael2594	background	V2	B20	wolf-road scout	Dervish-glass	willow-stone county	Corrath source orbit	90	77	averaged_background_story_orbit_aesthetic_origin_distance	pending_art_reference
WC02595	Aerdalenianendarael2595	story	V2	B21	glyph apprentice	Vayne	last open gate	Dervish source orbit	90	77	averaged_background_story_orbit_aesthetic_origin_distance	pending_art_reference
WC02596	Aerindraamardria2596	recurring-background	V2	B22	corridor child	Null-Heart	diamond breakland	Pip source orbit	90	77	averaged_background_story_orbit_aesthetic_origin_distance	pending_art_reference
WC02597	Ashaavelbrookdion2597	deep-background	V2	B23	field healer	Iron-Song	black-heart ridge	Rolzen source orbit	90	77	averaged_background_story_orbit_aesthetic_origin_distance	pending_art_reference
WC02598	Aerdalenemberaen2598	support	V2	B24	cavern farmer	Wren-Ash	ash river	Xethrolund source orbit	90	77	averaged_background_story_orbit_aesthetic_origin_distance	pending_art_reference
WC02599	Aerfiraianbelldria2599	background	V2	B25	garden watcher	Thorn-Vayne	morrow market	Rylos source orbit	90	77	averaged_background_story_orbit_aesthetic_origin_distance	pending_art_reference
WC02600	Aerdalenamaraelael2600	story	V2	B26	stone archivist	Marso-len	root vale	Kyreal source orbit	90	77	averaged_background_story_orbit_aesthetic_origin_distance	pending_art_reference
WC02601	Caelianaen2601	recurring-background	V2	B27	orchard guard	Rolzen-line	ripper tunnel	Thessa source orbit	90	77	averaged_background_story_orbit_aesthetic_origin_distance	pending_art_reference
WC02602	Ashaelioncinderelle2602	deep-background	V2	B28	sonomancy listener	Kyreal-pack	cello field	Kael source orbit	90	77	averaged_background_story_orbit_aesthetic_origin_distance	pending_art_reference
WC02603	Ashanaraemberdion2603	support	V2	B29	tunnel witness	Xethrolund-glyph	blue-light road	Pael source orbit	90	77	averaged_background_story_orbit_aesthetic_origin_distance	pending_art_reference
WC02604	Ashaavelfeniel2604	background	V2	B30	threshold mason	Pip-no-path	xeth glyph yard	Soth source orbit	90	77	averaged_background_story_orbit_aesthetic_origin_distance	pending_art_reference
WC02605	Ashagalenfiraarel2605	story	V2	B31	bookbinder	Mack-ground	stone fen	Vellin source orbit	90	77	averaged_background_story_orbit_aesthetic_origin_distance	pending_art_reference
WC02606	Aerdalenamarmossaen2606	recurring-background	V2	B32	bridge keeper	Dervish-glass	pocket sanctuary	Corrath source orbit	90	77	averaged_background_story_orbit_aesthetic_origin_distance	pending_art_reference
WC02607	Ashaavelfendria2607	deep-background	V2	B33	market singer	Vayne	glass orchard	Dervish source orbit	90	77	averaged_background_story_orbit_aesthetic_origin_distance	pending_art_reference
WC02608	Ashajoraashelle2608	support	V2	B01	glass forge worker	Null-Heart	neith edge	Pip source orbit	90	77	averaged_background_story_orbit_aesthetic_origin_distance	pending_art_reference
WC02609	Ashaavelmarrowel2609	background	V2	B02	ripper survivor	Iron-Song	willow-stone county	Rolzen source orbit	90	77	averaged_background_story_orbit_aesthetic_origin_distance	pending_art_reference
WC02610	Aeranorcoriabellael2610	story	V2	B03	map seller	Wren-Ash	last open gate	Xethrolund source orbit	90	77	averaged_background_story_orbit_aesthetic_origin_distance	pending_art_reference
WC02611	Ashaelionmirearel2611	recurring-background	V2	B04	cellar cook	Thorn-Vayne	diamond breakland	Rylos source orbit	90	77	averaged_background_story_orbit_aesthetic_origin_distance	pending_art_reference
WC02612	Aermaelorhollowiel2612	deep-background	V2	B05	triage helper	Marso-len	black-heart ridge	Kyreal source orbit	90	77	averaged_background_story_orbit_aesthetic_origin_distance	pending_art_reference
WC02613	Aerdaleniankelanael2613	support	V2	B06	faction runner	Rolzen-line	ash river	Thessa source orbit	90	77	averaged_background_story_orbit_aesthetic_origin_distance	pending_art_reference
WC02614	Aermaelororchardiel2614	background	V2	B07	wolf-road scout	Kyreal-pack	morrow market	Kael source orbit	90	77	averaged_background_story_orbit_aesthetic_origin_distance	pending_art_reference
WC02615	Brenkelanarel2615	story	V2	B08	glyph apprentice	Xethrolund-glyph	root vale	Pael source orbit	90	77	averaged_background_story_orbit_aesthetic_origin_distance	pending_art_reference
WC02616	Aermaelorianlarkel2616	recurring-background	V2	B09	corridor child	Pip-no-path	ripper tunnel	Soth source orbit	90	77	averaged_background_story_orbit_aesthetic_origin_distance	pending_art_reference
WC02617	Ashajorafiraelle2617	deep-background	V2	B10	field healer	Mack-ground	cello field	Vellin source orbit	90	77	averaged_background_story_orbit_aesthetic_origin_distance	pending_art_reference
WC02618	Brenhalorbellaria2618	support	V2	B11	cavern farmer	Dervish-glass	blue-light road	Corrath source orbit	90	77	averaged_background_story_orbit_aesthetic_origin_distance	pending_art_reference
WC02619	Aerdalenianlarkelle2619	background	V2	B12	garden watcher	Vayne	xeth glyph yard	Dervish source orbit	90	77	averaged_background_story_orbit_aesthetic_origin_distance	pending_art_reference
WC02620	Aerfiracoriaen2620	story	V2	B13	stone archivist	Null-Heart	stone fen	Pip source orbit	90	77	averaged_background_story_orbit_aesthetic_origin_distance	pending_art_reference
WC02621	Ashaavelindraianen2621	recurring-background	V2	B14	orchard guard	Iron-Song	pocket sanctuary	Rolzen source orbit	90	77	averaged_background_story_orbit_aesthetic_origin_distance	pending_art_reference
WC02622	Ashaelionanorianen2622	deep-background	V2	B15	sonomancy listener	Wren-Ash	glass orchard	Xethrolund source orbit	90	77	averaged_background_story_orbit_aesthetic_origin_distance	pending_art_reference
WC02623	Ashagalenmireion2623	support	V2	B16	tunnel witness	Thorn-Vayne	neith edge	Rylos source orbit	90	77	averaged_background_story_orbit_aesthetic_origin_distance	pending_art_reference
WC02624	Aerdalenluthaeldria2624	background	V2	B17	threshold mason	Marso-len	willow-stone county	Kyreal source orbit	90	77	averaged_background_story_orbit_aesthetic_origin_distance	pending_art_reference
WC02625	Ashaelionlarkdion2625	story	V2	B18	bookbinder	Rolzen-line	last open gate	Thessa source orbit	90	77	averaged_background_story_orbit_aesthetic_origin_distance	pending_art_reference
WC02626	Aermaeloramaraelaen2626	recurring-background	V2	B19	bridge keeper	Kyreal-pack	diamond breakland	Kael source orbit	90	77	averaged_background_story_orbit_aesthetic_origin_distance	pending_art_reference
WC02627	Aermaelorianforgeen2627	deep-background	V2	B20	market singer	Xethrolund-glyph	black-heart ridge	Pael source orbit	90	77	averaged_background_story_orbit_aesthetic_origin_distance	pending_art_reference
WC02628	Aeranorianaelavel2628	support	V2	B21	glass forge worker	Pip-no-path	ash river	Soth source orbit	90	77	averaged_background_story_orbit_aesthetic_origin_distance	pending_art_reference
WC02629	Brenkelanel2629	background	V2	B22	ripper survivor	Mack-ground	morrow market	Vellin source orbit	90	77	averaged_background_story_orbit_aesthetic_origin_distance	pending_art_reference
WC02630	Ashajorabrookaen2630	story	V2	B23	map seller	Dervish-glass	root vale	Corrath source orbit	90	77	averaged_background_story_orbit_aesthetic_origin_distance	pending_art_reference
WC02631	Aerdalenevaralarken2631	recurring-background	V2	B24	cellar cook	Vayne	ripper tunnel	Dervish source orbit	90	77	averaged_background_story_orbit_aesthetic_origin_distance	pending_art_reference
WC02632	Aerfiracrowniel2632	deep-background	V2	B25	triage helper	Null-Heart	cello field	Pip source orbit	90	77	averaged_background_story_orbit_aesthetic_origin_distance	pending_art_reference
WC02633	Aermaeloramaraelen2633	support	V2	B26	faction runner	Iron-Song	blue-light road	Rolzen source orbit	90	77	averaged_background_story_orbit_aesthetic_origin_distance	pending_art_reference
WC02634	Aerfiraianglasselle2634	background	V2	B27	wolf-road scout	Wren-Ash	xeth glyph yard	Xethrolund source orbit	90	77	averaged_background_story_orbit_aesthetic_origin_distance	pending_art_reference
WC02635	Aeranorluthglassaen2635	story	V2	B28	glyph apprentice	Thorn-Vayne	stone fen	Rylos source orbit	90	77	averaged_background_story_orbit_aesthetic_origin_distance	pending_art_reference
WC02636	Aerfiracoriaashdion2636	recurring-background	V2	B29	corridor child	Marso-len	pocket sanctuary	Kyreal source orbit	90	77	averaged_background_story_orbit_aesthetic_origin_distance	pending_art_reference
WC02637	Aerfiraluthaeliel2637	deep-background	V2	B30	field healer	Rolzen-line	glass orchard	Thessa source orbit	90	77	averaged_background_story_orbit_aesthetic_origin_distance	pending_art_reference
WC02638	Aeranoramarbrookaen2638	support	V2	B31	cavern farmer	Kyreal-pack	neith edge	Kael source orbit	90	77	averaged_background_story_orbit_aesthetic_origin_distance	pending_art_reference
WC02639	Aeranorluthivyaen2639	background	V2	B32	garden watcher	Xethrolund-glyph	willow-stone county	Pael source orbit	90	77	averaged_background_story_orbit_aesthetic_origin_distance	pending_art_reference
WC02640	Aerfiraamarcrownen2640	story	V2	B33	stone archivist	Pip-no-path	last open gate	Soth source orbit	90	77	averaged_background_story_orbit_aesthetic_origin_distance	pending_art_reference
WC02641	Aerindraluthashiel2641	recurring-background	V2	B01	orchard guard	Mack-ground	diamond breakland	Vellin source orbit	90	77	averaged_background_story_orbit_aesthetic_origin_distance	pending_art_reference
WC02642	Aeranorhollowaen2642	deep-background	V2	B02	sonomancy listener	Dervish-glass	black-heart ridge	Corrath source orbit	90	77	averaged_background_story_orbit_aesthetic_origin_distance	pending_art_reference
WC02643	Brenbrinforgeel2643	support	V2	B03	tunnel witness	Vayne	ash river	Dervish source orbit	90	77	averaged_background_story_orbit_aesthetic_origin_distance	pending_art_reference
WC02644	Ashaelionfiraluthel2644	background	V2	B04	threshold mason	Null-Heart	morrow market	Pip source orbit	90	77	averaged_background_story_orbit_aesthetic_origin_distance	pending_art_reference
WC02645	Ashaavelindraavel2645	story	V2	B05	bookbinder	Iron-Song	root vale	Rolzen source orbit	90	77	averaged_background_story_orbit_aesthetic_origin_distance	pending_art_reference
WC02646	Aerindraianlarken2646	recurring-background	V2	B06	bridge keeper	Wren-Ash	ripper tunnel	Xethrolund source orbit	90	77	averaged_background_story_orbit_aesthetic_origin_distance	pending_art_reference
WC02647	Aerindraquartzdion2647	deep-background	V2	B07	market singer	Thorn-Vayne	cello field	Rylos source orbit	90	77	averaged_background_story_orbit_aesthetic_origin_distance	pending_art_reference
WC02648	Aermaeloriandria2648	support	V2	B08	glass forge worker	Marso-len	blue-light road	Kyreal source orbit	90	77	averaged_background_story_orbit_aesthetic_origin_distance	pending_art_reference
WC02649	Aerdalenivyion2649	background	V2	B09	ripper survivor	Rolzen-line	xeth glyph yard	Thessa source orbit	90	77	averaged_background_story_orbit_aesthetic_origin_distance	pending_art_reference
WC02650	Aerindralarkion2650	story	V2	B10	map seller	Kyreal-pack	stone fen	Kael source orbit	90	77	averaged_background_story_orbit_aesthetic_origin_distance	pending_art_reference
WC02651	Aerdalenianforgeaen2651	recurring-background	V2	B11	cellar cook	Xethrolund-glyph	pocket sanctuary	Pael source orbit	90	77	averaged_background_story_orbit_aesthetic_origin_distance	pending_art_reference
WC02652	Ashagalenhollowiven2652	deep-background	V2	B12	triage helper	Pip-no-path	glass orchard	Soth source orbit	90	77	averaged_background_story_orbit_aesthetic_origin_distance	pending_art_reference
WC02653	Aeranorianforgeavel2653	support	V2	B13	faction runner	Mack-ground	neith edge	Vellin source orbit	90	77	averaged_background_story_orbit_aesthetic_origin_distance	pending_art_reference
WC02654	Aerindramireel2654	background	V2	B14	wolf-road scout	Dervish-glass	willow-stone county	Corrath source orbit	90	77	averaged_background_story_orbit_aesthetic_origin_distance	pending_art_reference
WC02655	Aerfiraianlarkel2655	story	V2	B15	glyph apprentice	Vayne	last open gate	Dervish source orbit	90	77	averaged_background_story_orbit_aesthetic_origin_distance	pending_art_reference
WC02656	Aermaelorbellarel2656	recurring-background	V2	B16	corridor child	Null-Heart	diamond breakland	Pip source orbit	90	77	averaged_background_story_orbit_aesthetic_origin_distance	pending_art_reference
WC02657	Ashagalenemberdion2657	deep-background	V2	B17	field healer	Iron-Song	black-heart ridge	Rolzen source orbit	90	77	averaged_background_story_orbit_aesthetic_origin_distance	pending_art_reference
WC02658	Aerdalenluthkelanel2658	support	V2	B18	cavern farmer	Wren-Ash	ash river	Xethrolund source orbit	90	77	averaged_background_story_orbit_aesthetic_origin_distance	pending_art_reference
WC02659	Aermaelorgroveelle2659	background	V2	B19	garden watcher	Thorn-Vayne	morrow market	Rylos source orbit	90	77	averaged_background_story_orbit_aesthetic_origin_distance	pending_art_reference
WC02660	Aerfiraamarcinderel2660	story	V2	B20	stone archivist	Marso-len	root vale	Kyreal source orbit	90	77	averaged_background_story_orbit_aesthetic_origin_distance	pending_art_reference
WC02661	Ashaelionindraiel2661	recurring-background	V2	B21	orchard guard	Rolzen-line	ripper tunnel	Thessa source orbit	90	77	averaged_background_story_orbit_aesthetic_origin_distance	pending_art_reference
WC02662	Ashaavelanorbellaen2662	deep-background	V2	B22	sonomancy listener	Kyreal-pack	cello field	Kael source orbit	90	77	averaged_background_story_orbit_aesthetic_origin_distance	pending_art_reference
WC02663	Aerfiraluthhalorion2663	support	V2	B23	tunnel witness	Xethrolund-glyph	blue-light road	Pael source orbit	90	77	averaged_background_story_orbit_aesthetic_origin_distance	pending_art_reference
WC02664	Aeranorluthaelion2664	background	V2	B24	threshold mason	Pip-no-path	xeth glyph yard	Soth source orbit	90	77	averaged_background_story_orbit_aesthetic_origin_distance	pending_art_reference
WC02665	Ashagalenanorianion2665	story	V2	B25	bookbinder	Mack-ground	stone fen	Vellin source orbit	90	77	averaged_background_story_orbit_aesthetic_origin_distance	pending_art_reference
WC02666	Ashagalenfiraen2666	recurring-background	V2	B26	bridge keeper	Dervish-glass	pocket sanctuary	Corrath source orbit	90	77	averaged_background_story_orbit_aesthetic_origin_distance	pending_art_reference
WC02667	Aermaelormarrowael2667	deep-background	V2	B27	market singer	Vayne	glass orchard	Dervish source orbit	90	77	averaged_background_story_orbit_aesthetic_origin_distance	pending_art_reference
WC02668	Ashanaraarel2668	support	V2	B28	glass forge worker	Null-Heart	neith edge	Pip source orbit	90	77	averaged_background_story_orbit_aesthetic_origin_distance	pending_art_reference
WC02669	Aerindraluthiven2669	background	V2	B29	ripper survivor	Iron-Song	willow-stone county	Rolzen source orbit	90	77	averaged_background_story_orbit_aesthetic_origin_distance	pending_art_reference
WC02670	Ashaelionmaeloriel2670	story	V2	B30	map seller	Wren-Ash	last open gate	Xethrolund source orbit	90	77	averaged_background_story_orbit_aesthetic_origin_distance	pending_art_reference
WC02671	Darodaleniven2671	recurring-background	V2	B31	cellar cook	Thorn-Vayne	diamond breakland	Rylos source orbit	90	77	averaged_background_story_orbit_aesthetic_origin_distance	pending_art_reference
WC02672	Aerdalenianmossiven2672	deep-background	V2	B32	triage helper	Marso-len	black-heart ridge	Kyreal source orbit	90	77	averaged_background_story_orbit_aesthetic_origin_distance	pending_art_reference
WC02673	Aeranorianriverael2673	support	V2	B33	faction runner	Rolzen-line	ash river	Thessa source orbit	90	77	averaged_background_story_orbit_aesthetic_origin_distance	pending_art_reference
WC02674	Aerfiracoriaemberen2674	background	V2	B01	wolf-road scout	Kyreal-pack	morrow market	Kael source orbit	90	77	averaged_background_story_orbit_aesthetic_origin_distance	pending_art_reference
WC02675	Aerdalenluthivyen2675	story	V2	B02	glyph apprentice	Xethrolund-glyph	root vale	Pael source orbit	90	77	averaged_background_story_orbit_aesthetic_origin_distance	pending_art_reference
WC02676	Aerfiraamaraelel2676	recurring-background	V2	B03	corridor child	Pip-no-path	ripper tunnel	Soth source orbit	90	77	averaged_background_story_orbit_aesthetic_origin_distance	pending_art_reference
WC02677	Brenendarael2677	deep-background	V2	B04	field healer	Mack-ground	cello field	Vellin source orbit	90	77	averaged_background_story_orbit_aesthetic_origin_distance	pending_art_reference
WC02678	Aeranorianmossiven2678	support	V2	B05	cavern farmer	Dervish-glass	blue-light road	Corrath source orbit	90	77	averaged_background_story_orbit_aesthetic_origin_distance	pending_art_reference
WC02679	Ashagalenmireael2679	background	V2	B06	garden watcher	Vayne	xeth glyph yard	Dervish source orbit	90	77	averaged_background_story_orbit_aesthetic_origin_distance	pending_art_reference
WC02680	Aerdalenorcharden2680	story	V2	B07	stone archivist	Null-Heart	stone fen	Pip source orbit	90	77	averaged_background_story_orbit_aesthetic_origin_distance	pending_art_reference
WC02681	Aeranorcairnen2681	recurring-background	V2	B08	orchard guard	Iron-Song	pocket sanctuary	Rolzen source orbit	90	77	averaged_background_story_orbit_aesthetic_origin_distance	pending_art_reference
WC02682	Aerfiragrovearel2682	deep-background	V2	B09	sonomancy listener	Wren-Ash	glass orchard	Xethrolund source orbit	90	77	averaged_background_story_orbit_aesthetic_origin_distance	pending_art_reference
WC02683	Aeranorquartzarel2683	support	V2	B10	tunnel witness	Thorn-Vayne	neith edge	Rylos source orbit	90	77	averaged_background_story_orbit_aesthetic_origin_distance	pending_art_reference
WC02684	Aerdalenriveriel2684	background	V2	B11	threshold mason	Marso-len	willow-stone county	Kyreal source orbit	90	77	averaged_background_story_orbit_aesthetic_origin_distance	pending_art_reference
WC02685	Aeranorianriverel2685	story	V2	B12	bookbinder	Rolzen-line	last open gate	Thessa source orbit	90	77	averaged_background_story_orbit_aesthetic_origin_distance	pending_art_reference
WC02686	Aerfiraianaelaen2686	recurring-background	V2	B13	bridge keeper	Kyreal-pack	diamond breakland	Kael source orbit	90	77	averaged_background_story_orbit_aesthetic_origin_distance	pending_art_reference
WC02687	Aerfiraluthcinderen2687	deep-background	V2	B14	market singer	Xethrolund-glyph	black-heart ridge	Pael source orbit	90	77	averaged_background_story_orbit_aesthetic_origin_distance	pending_art_reference
WC02688	Aermaeloremberel2688	support	V2	B15	glass forge worker	Pip-no-path	ash river	Soth source orbit	90	77	averaged_background_story_orbit_aesthetic_origin_distance	pending_art_reference
WC02689	Aerfiraianmossael2689	background	V2	B16	ripper survivor	Mack-ground	morrow market	Vellin source orbit	90	77	averaged_background_story_orbit_aesthetic_origin_distance	pending_art_reference
WC02690	Aerindracairniel2690	story	V2	B17	map seller	Dervish-glass	root vale	Corrath source orbit	90	77	averaged_background_story_orbit_aesthetic_origin_distance	pending_art_reference
WC02691	Aeranorianorcharden2691	recurring-background	V2	B18	cellar cook	Vayne	ripper tunnel	Dervish source orbit	90	77	averaged_background_story_orbit_aesthetic_origin_distance	pending_art_reference
WC02692	Aerfiraiangroveen2692	deep-background	V2	B19	triage helper	Null-Heart	cello field	Pip source orbit	90	77	averaged_background_story_orbit_aesthetic_origin_distance	pending_art_reference
WC02693	Ashagalenbrookaen2693	support	V2	B20	faction runner	Iron-Song	blue-light road	Rolzen source orbit	90	77	averaged_background_story_orbit_aesthetic_origin_distance	pending_art_reference
WC02694	Ashajorafiraiandria2694	background	V2	B21	wolf-road scout	Wren-Ash	xeth glyph yard	Xethrolund source orbit	90	77	averaged_background_story_orbit_aesthetic_origin_distance	pending_art_reference
WC02695	Aerdalenquartzael2695	story	V2	B22	glyph apprentice	Thorn-Vayne	stone fen	Rylos source orbit	90	77	averaged_background_story_orbit_aesthetic_origin_distance	pending_art_reference
WC02696	Aerdalenluthashdion2696	recurring-background	V2	B23	corridor child	Marso-len	pocket sanctuary	Kyreal source orbit	90	77	averaged_background_story_orbit_aesthetic_origin_distance	pending_art_reference
WC02697	Aerfiraluthbriniel2697	deep-background	V2	B24	field healer	Rolzen-line	glass orchard	Thessa source orbit	90	77	averaged_background_story_orbit_aesthetic_origin_distance	pending_art_reference
WC02698	Brenendaravelelle2698	support	V2	B25	cavern farmer	Kyreal-pack	neith edge	Kael source orbit	90	77	averaged_background_story_orbit_aesthetic_origin_distance	pending_art_reference
WC02699	Ashaeliongroveiven2699	background	V2	B26	garden watcher	Xethrolund-glyph	willow-stone county	Pael source orbit	90	77	averaged_background_story_orbit_aesthetic_origin_distance	pending_art_reference
WC02700	Aeranoramarglassen2700	story	V2	B27	stone archivist	Pip-no-path	last open gate	Soth source orbit	90	77	averaged_background_story_orbit_aesthetic_origin_distance	pending_art_reference
WC02701	Ashagalenemberaria2701	recurring-background	V2	B28	orchard guard	Mack-ground	diamond breakland	Vellin source orbit	90	77	averaged_background_story_orbit_aesthetic_origin_distance	pending_art_reference
WC02702	Aerdalenianforgeion2702	deep-background	V2	B29	sonomancy listener	Dervish-glass	black-heart ridge	Corrath source orbit	90	77	averaged_background_story_orbit_aesthetic_origin_distance	pending_art_reference
WC02703	Brenaelavelanoravel2703	support	V2	B30	tunnel witness	Vayne	ash river	Dervish source orbit	90	77	averaged_background_story_orbit_aesthetic_origin_distance	pending_art_reference
WC02704	Ashagalenfiraiven2704	background	V2	B31	threshold mason	Null-Heart	morrow market	Pip source orbit	90	77	averaged_background_story_orbit_aesthetic_origin_distance	pending_art_reference
WC02705	Ashajoraquartzavel2705	story	V2	B32	bookbinder	Iron-Song	root vale	Rolzen source orbit	90	77	averaged_background_story_orbit_aesthetic_origin_distance	pending_art_reference
WC02706	Ashagalenriveravel2706	recurring-background	V2	B33	bridge keeper	Wren-Ash	ripper tunnel	Xethrolund source orbit	90	77	averaged_background_story_orbit_aesthetic_origin_distance	pending_art_reference
WC02707	Aeranorianhalordria2707	deep-background	V2	B01	market singer	Thorn-Vayne	cello field	Rylos source orbit	90	77	averaged_background_story_orbit_aesthetic_origin_distance	pending_art_reference
WC02708	Aerdalenluthaelelle2708	support	V2	B02	glass forge worker	Marso-len	blue-light road	Kyreal source orbit	90	77	averaged_background_story_orbit_aesthetic_origin_distance	pending_art_reference
WC02709	Aeranorivyel2709	background	V2	B03	ripper survivor	Rolzen-line	xeth glyph yard	Thessa source orbit	90	77	averaged_background_story_orbit_aesthetic_origin_distance	pending_art_reference
WC02710	Ashagalenashiven2710	story	V2	B04	map seller	Kyreal-pack	stone fen	Kael source orbit	90	77	averaged_background_story_orbit_aesthetic_origin_distance	pending_art_reference
WC02711	Ashaavelbrookiven2711	recurring-background	V2	B05	cellar cook	Xethrolund-glyph	pocket sanctuary	Pael source orbit	90	77	averaged_background_story_orbit_aesthetic_origin_distance	pending_art_reference
WC02712	Ashagalencairnen2712	deep-background	V2	B06	triage helper	Pip-no-path	glass orchard	Soth source orbit	90	77	averaged_background_story_orbit_aesthetic_origin_distance	pending_art_reference
WC02713	Aeranorcoriamossaen2713	support	V2	B07	faction runner	Mack-ground	neith edge	Vellin source orbit	90	77	averaged_background_story_orbit_aesthetic_origin_distance	pending_art_reference
WC02714	Ashaelionmarrowarel2714	background	V2	B08	wolf-road scout	Dervish-glass	willow-stone county	Corrath source orbit	90	77	averaged_background_story_orbit_aesthetic_origin_distance	pending_art_reference
WC02715	Ashaavelcairnelle2715	story	V2	B09	glyph apprentice	Vayne	last open gate	Dervish source orbit	90	77	averaged_background_story_orbit_aesthetic_origin_distance	pending_art_reference
WC02716	Aerfiraorcharden2716	recurring-background	V2	B10	corridor child	Null-Heart	diamond breakland	Pip source orbit	90	77	averaged_background_story_orbit_aesthetic_origin_distance	pending_art_reference
WC02717	Aeranoramarcinderel2717	deep-background	V2	B11	field healer	Iron-Song	black-heart ridge	Rolzen source orbit	90	77	averaged_background_story_orbit_aesthetic_origin_distance	pending_art_reference
WC02718	Brenaeljoradaleniel2718	support	V2	B12	cavern farmer	Wren-Ash	ash river	Xethrolund source orbit	90	77	averaged_background_story_orbit_aesthetic_origin_distance	pending_art_reference
WC02719	Aerfiraianbrinen2719	background	V2	B13	garden watcher	Thorn-Vayne	morrow market	Rylos source orbit	90	77	averaged_background_story_orbit_aesthetic_origin_distance	pending_art_reference
WC02720	Aeranoramarmossaria2720	story	V2	B14	stone archivist	Marso-len	root vale	Kyreal source orbit	90	77	averaged_background_story_orbit_aesthetic_origin_distance	pending_art_reference
WC02721	Ashagalencrowniel2721	recurring-background	V2	B15	orchard guard	Rolzen-line	ripper tunnel	Thessa source orbit	90	77	averaged_background_story_orbit_aesthetic_origin_distance	pending_art_reference
WC02722	Aerindraianbrookel2722	deep-background	V2	B16	sonomancy listener	Kyreal-pack	cello field	Kael source orbit	90	77	averaged_background_story_orbit_aesthetic_origin_distance	pending_art_reference
WC02723	Aeranoriankelanaria2723	support	V2	B17	tunnel witness	Xethrolund-glyph	blue-light road	Pael source orbit	90	77	averaged_background_story_orbit_aesthetic_origin_distance	pending_art_reference
WC02724	Ashaelioncairniel2724	background	V2	B18	threshold mason	Pip-no-path	xeth glyph yard	Soth source orbit	90	77	averaged_background_story_orbit_aesthetic_origin_distance	pending_art_reference
WC02725	Ashaelionbrookiven2725	story	V2	B19	bookbinder	Mack-ground	stone fen	Vellin source orbit	90	77	averaged_background_story_orbit_aesthetic_origin_distance	pending_art_reference
WC02726	Ashaavelanorianel2726	recurring-background	V2	B20	bridge keeper	Dervish-glass	pocket sanctuary	Corrath source orbit	90	77	averaged_background_story_orbit_aesthetic_origin_distance	pending_art_reference
WC02727	Ashaavelriverarel2727	deep-background	V2	B21	market singer	Vayne	glass orchard	Dervish source orbit	90	77	averaged_background_story_orbit_aesthetic_origin_distance	pending_art_reference
WC02728	Aeranorlarkaen2728	support	V2	B22	glass forge worker	Null-Heart	neith edge	Pip source orbit	90	77	averaged_background_story_orbit_aesthetic_origin_distance	pending_art_reference
WC02729	Aerfiraamaraeldion2729	background	V2	B23	ripper survivor	Iron-Song	willow-stone county	Rolzen source orbit	90	77	averaged_background_story_orbit_aesthetic_origin_distance	pending_art_reference
WC02730	Aerdalenianbellion2730	story	V2	B24	map seller	Wren-Ash	last open gate	Xethrolund source orbit	90	77	averaged_background_story_orbit_aesthetic_origin_distance	pending_art_reference
WC02731	Ashaelionmaeloriven2731	recurring-background	V2	B25	cellar cook	Thorn-Vayne	diamond breakland	Rylos source orbit	90	77	averaged_background_story_orbit_aesthetic_origin_distance	pending_art_reference
WC02732	Aeranorcoriamossen2732	deep-background	V2	B26	triage helper	Marso-len	black-heart ridge	Kyreal source orbit	90	77	averaged_background_story_orbit_aesthetic_origin_distance	pending_art_reference
WC02733	Ashaelionlarkiel2733	support	V2	B27	faction runner	Rolzen-line	ash river	Thessa source orbit	90	77	averaged_background_story_orbit_aesthetic_origin_distance	pending_art_reference
WC02734	Aerfiracrownelle2734	background	V2	B28	wolf-road scout	Kyreal-pack	morrow market	Kael source orbit	90	77	averaged_background_story_orbit_aesthetic_origin_distance	pending_art_reference
WC02735	Aerindraamarbrinen2735	story	V2	B29	glyph apprentice	Xethrolund-glyph	root vale	Pael source orbit	90	77	averaged_background_story_orbit_aesthetic_origin_distance	pending_art_reference
WC02736	Aerfiraamarlarkaria2736	recurring-background	V2	B30	corridor child	Pip-no-path	ripper tunnel	Soth source orbit	90	77	averaged_background_story_orbit_aesthetic_origin_distance	pending_art_reference
WC02737	Aermaelorluthavel2737	deep-background	V2	B31	field healer	Mack-ground	cello field	Vellin source orbit	90	77	averaged_background_story_orbit_aesthetic_origin_distance	pending_art_reference
WC02738	Aerdalenevaraivyen2738	support	V2	B32	cavern farmer	Dervish-glass	blue-light road	Corrath source orbit	90	77	averaged_background_story_orbit_aesthetic_origin_distance	pending_art_reference
WC02739	Aerfiraianaelelle2739	background	V2	B33	garden watcher	Vayne	xeth glyph yard	Dervish source orbit	90	77	averaged_background_story_orbit_aesthetic_origin_distance	pending_art_reference
WC02740	Ashagalendalenion2740	story	V2	B01	stone archivist	Null-Heart	stone fen	Pip source orbit	90	77	averaged_background_story_orbit_aesthetic_origin_distance	pending_art_reference
WC02741	Aerdalenluthbriniel2741	recurring-background	V2	B02	orchard guard	Iron-Song	pocket sanctuary	Rolzen source orbit	90	77	averaged_background_story_orbit_aesthetic_origin_distance	pending_art_reference
WC02742	Aermaelorquartziven2742	deep-background	V2	B03	sonomancy listener	Wren-Ash	glass orchard	Xethrolund source orbit	90	77	averaged_background_story_orbit_aesthetic_origin_distance	pending_art_reference
WC02743	Ashaavelfenel2743	support	V2	B04	tunnel witness	Thorn-Vayne	neith edge	Rylos source orbit	90	77	averaged_background_story_orbit_aesthetic_origin_distance	pending_art_reference
WC02744	Aeranoravel2744	background	V2	B05	threshold mason	Marso-len	willow-stone county	Kyreal source orbit	90	77	averaged_background_story_orbit_aesthetic_origin_distance	pending_art_reference
WC02745	Aerfiraiankelanael2745	story	V2	B06	bookbinder	Rolzen-line	last open gate	Thessa source orbit	90	77	averaged_background_story_orbit_aesthetic_origin_distance	pending_art_reference
WC02746	Aerindraianael2746	recurring-background	V2	B07	bridge keeper	Kyreal-pack	diamond breakland	Kael source orbit	90	77	averaged_background_story_orbit_aesthetic_origin_distance	pending_art_reference
WC02747	Ashajoraindraavel2747	deep-background	V2	B08	market singer	Xethrolund-glyph	black-heart ridge	Pael source orbit	90	77	averaged_background_story_orbit_aesthetic_origin_distance	pending_art_reference
WC02748	Aerindraluthbellaen2748	support	V2	B09	glass forge worker	Pip-no-path	ash river	Soth source orbit	90	77	averaged_background_story_orbit_aesthetic_origin_distance	pending_art_reference
WC02749	Ashajoramarrowiel2749	background	V2	B10	ripper survivor	Mack-ground	morrow market	Vellin source orbit	90	77	averaged_background_story_orbit_aesthetic_origin_distance	pending_art_reference
WC02750	Aeranorluthivyarel2750	story	V2	B11	map seller	Dervish-glass	root vale	Corrath source orbit	90	77	averaged_background_story_orbit_aesthetic_origin_distance	pending_art_reference
WC02751	Aeranoramaraeliven2751	recurring-background	V2	B12	cellar cook	Vayne	ripper tunnel	Dervish source orbit	90	77	averaged_background_story_orbit_aesthetic_origin_distance	pending_art_reference
WC02752	Aerfiraiankelandria2752	deep-background	V2	B13	triage helper	Null-Heart	cello field	Pip source orbit	90	77	averaged_background_story_orbit_aesthetic_origin_distance	pending_art_reference
WC02753	Aerfiraevaraivydria2753	support	V2	B14	faction runner	Iron-Song	blue-light road	Rolzen source orbit	90	77	averaged_background_story_orbit_aesthetic_origin_distance	pending_art_reference
WC02754	Ashaelionfenel2754	background	V2	B15	wolf-road scout	Wren-Ash	xeth glyph yard	Xethrolund source orbit	90	77	averaged_background_story_orbit_aesthetic_origin_distance	pending_art_reference
WC02755	Brenaelcinderiel2755	story	V2	B16	glyph apprentice	Thorn-Vayne	stone fen	Rylos source orbit	90	77	averaged_background_story_orbit_aesthetic_origin_distance	pending_art_reference
WC02756	Aeranorianashdion2756	recurring-background	V2	B17	corridor child	Marso-len	pocket sanctuary	Kyreal source orbit	90	77	averaged_background_story_orbit_aesthetic_origin_distance	pending_art_reference
WC02757	Aerdalenivyen2757	deep-background	V2	B18	field healer	Rolzen-line	glass orchard	Thessa source orbit	90	77	averaged_background_story_orbit_aesthetic_origin_distance	pending_art_reference
WC02758	Aerdalendria2758	support	V2	B19	cavern farmer	Kyreal-pack	neith edge	Kael source orbit	90	77	averaged_background_story_orbit_aesthetic_origin_distance	pending_art_reference
WC02759	Aeranorevarabrinaen2759	background	V2	B20	garden watcher	Xethrolund-glyph	willow-stone county	Pael source orbit	90	77	averaged_background_story_orbit_aesthetic_origin_distance	pending_art_reference
WC02760	Caelcoriadion2760	story	V2	B21	stone archivist	Pip-no-path	last open gate	Soth source orbit	90	77	averaged_background_story_orbit_aesthetic_origin_distance	pending_art_reference
WC02761	Brenendarelionaen2761	recurring-background	V2	B22	orchard guard	Mack-ground	diamond breakland	Vellin source orbit	90	77	averaged_background_story_orbit_aesthetic_origin_distance	pending_art_reference
WC02762	Ashagalenmarrowelle2762	deep-background	V2	B23	sonomancy listener	Dervish-glass	black-heart ridge	Corrath source orbit	90	77	averaged_background_story_orbit_aesthetic_origin_distance	pending_art_reference
WC02763	Aerindraianlarkarel2763	support	V2	B24	tunnel witness	Vayne	ash river	Dervish source orbit	90	77	averaged_background_story_orbit_aesthetic_origin_distance	pending_art_reference
WC02764	Aerindraglassel2764	background	V2	B25	threshold mason	Null-Heart	morrow market	Pip source orbit	90	77	averaged_background_story_orbit_aesthetic_origin_distance	pending_art_reference
WC02765	Aeranorluthdion2765	story	V2	B26	bookbinder	Iron-Song	root vale	Rolzen source orbit	90	77	averaged_background_story_orbit_aesthetic_origin_distance	pending_art_reference
WC02766	Aerfiraianglassarel2766	recurring-background	V2	B27	bridge keeper	Wren-Ash	ripper tunnel	Xethrolund source orbit	90	77	averaged_background_story_orbit_aesthetic_origin_distance	pending_art_reference
WC02767	Aerindraianbellen2767	deep-background	V2	B28	market singer	Thorn-Vayne	cello field	Rylos source orbit	90	77	averaged_background_story_orbit_aesthetic_origin_distance	pending_art_reference
WC02768	Aerdaleniankelaniel2768	support	V2	B29	glass forge worker	Marso-len	blue-light road	Kyreal source orbit	90	77	averaged_background_story_orbit_aesthetic_origin_distance	pending_art_reference
WC02769	Brenaelavel2769	background	V2	B30	ripper survivor	Rolzen-line	xeth glyph yard	Thessa source orbit	90	77	averaged_background_story_orbit_aesthetic_origin_distance	pending_art_reference
WC02770	Ashaavelivydria2770	story	V2	B31	map seller	Kyreal-pack	stone fen	Kael source orbit	90	77	averaged_background_story_orbit_aesthetic_origin_distance	pending_art_reference
WC02771	Aerfiracoriaashaen2771	recurring-background	V2	B32	cellar cook	Xethrolund-glyph	pocket sanctuary	Pael source orbit	90	77	averaged_background_story_orbit_aesthetic_origin_distance	pending_art_reference
WC02772	Aerdalengroveel2772	deep-background	V2	B33	triage helper	Pip-no-path	glass orchard	Soth source orbit	90	77	averaged_background_story_orbit_aesthetic_origin_distance	pending_art_reference
WC02773	Aeranorhollowion2773	support	V2	B01	faction runner	Mack-ground	neith edge	Vellin source orbit	90	77	averaged_background_story_orbit_aesthetic_origin_distance	pending_art_reference
WC02774	Aerfiraianforgeaen2774	background	V2	B02	wolf-road scout	Dervish-glass	willow-stone county	Corrath source orbit	90	77	averaged_background_story_orbit_aesthetic_origin_distance	pending_art_reference
WC02775	Aermaelorgroveavel2775	story	V2	B03	glyph apprentice	Vayne	last open gate	Dervish source orbit	90	77	averaged_background_story_orbit_aesthetic_origin_distance	pending_art_reference
WC02776	Ashajorafiraaria2776	recurring-background	V2	B04	corridor child	Null-Heart	diamond breakland	Pip source orbit	90	77	averaged_background_story_orbit_aesthetic_origin_distance	pending_art_reference
WC02777	Caelamarhalorion2777	deep-background	V2	B05	field healer	Iron-Song	black-heart ridge	Rolzen source orbit	90	77	averaged_background_story_orbit_aesthetic_origin_distance	pending_art_reference
WC02778	Aerfiraluthbellaria2778	support	V2	B06	cavern farmer	Wren-Ash	ash river	Xethrolund source orbit	90	77	averaged_background_story_orbit_aesthetic_origin_distance	pending_art_reference
WC02779	Aeranoramarlarken2779	background	V2	B07	garden watcher	Thorn-Vayne	morrow market	Rylos source orbit	90	77	averaged_background_story_orbit_aesthetic_origin_distance	pending_art_reference
WC02780	Aerdalencoriaashion2780	story	V2	B08	stone archivist	Marso-len	root vale	Kyreal source orbit	90	77	averaged_background_story_orbit_aesthetic_origin_distance	pending_art_reference
WC02781	Aeranorluthfenaria2781	recurring-background	V2	B09	orchard guard	Rolzen-line	ripper tunnel	Thessa source orbit	90	77	averaged_background_story_orbit_aesthetic_origin_distance	pending_art_reference
WC02782	Ashaelionforgeelle2782	deep-background	V2	B10	sonomancy listener	Kyreal-pack	cello field	Kael source orbit	90	77	averaged_background_story_orbit_aesthetic_origin_distance	pending_art_reference
WC02783	Aerindraevaraaelael2783	support	V2	B11	tunnel witness	Xethrolund-glyph	blue-light road	Pael source orbit	90	77	averaged_background_story_orbit_aesthetic_origin_distance	pending_art_reference
WC02784	Aeranorbrookavel2784	background	V2	B12	threshold mason	Pip-no-path	xeth glyph yard	Soth source orbit	90	77	averaged_background_story_orbit_aesthetic_origin_distance	pending_art_reference
WC02785	Aerdalenfenaria2785	story	V2	B13	bookbinder	Mack-ground	stone fen	Vellin source orbit	90	77	averaged_background_story_orbit_aesthetic_origin_distance	pending_art_reference
WC02786	Ashaavelbrookarel2786	recurring-background	V2	B14	bridge keeper	Dervish-glass	pocket sanctuary	Corrath source orbit	90	77	averaged_background_story_orbit_aesthetic_origin_distance	pending_art_reference
WC02787	Ashaavelhollowarel2787	deep-background	V2	B15	market singer	Vayne	glass orchard	Dervish source orbit	90	77	averaged_background_story_orbit_aesthetic_origin_distance	pending_art_reference
WC02788	Aerfiraglassavel2788	support	V2	B16	glass forge worker	Null-Heart	neith edge	Pip source orbit	90	77	averaged_background_story_orbit_aesthetic_origin_distance	pending_art_reference
WC02789	Aerfiraael2789	background	V2	B17	ripper survivor	Iron-Song	willow-stone county	Rolzen source orbit	90	77	averaged_background_story_orbit_aesthetic_origin_distance	pending_art_reference
WC02790	Ashanaradalenelle2790	story	V2	B18	map seller	Wren-Ash	last open gate	Xethrolund source orbit	90	77	averaged_background_story_orbit_aesthetic_origin_distance	pending_art_reference
WC02791	Aeranorianglassaen2791	recurring-background	V2	B19	cellar cook	Thorn-Vayne	diamond breakland	Rylos source orbit	90	77	averaged_background_story_orbit_aesthetic_origin_distance	pending_art_reference
WC02792	Aerdalenriverelle2792	deep-background	V2	B20	triage helper	Marso-len	black-heart ridge	Kyreal source orbit	90	77	averaged_background_story_orbit_aesthetic_origin_distance	pending_art_reference
WC02793	Ashaavelfiradion2793	support	V2	B21	faction runner	Rolzen-line	ash river	Thessa source orbit	90	77	averaged_background_story_orbit_aesthetic_origin_distance	pending_art_reference
WC02794	Aerindraorchardelle2794	background	V2	B22	wolf-road scout	Kyreal-pack	morrow market	Kael source orbit	90	77	averaged_background_story_orbit_aesthetic_origin_distance	pending_art_reference
WC02795	Aerfiraianmossen2795	story	V2	B23	glyph apprentice	Xethrolund-glyph	root vale	Pael source orbit	90	77	averaged_background_story_orbit_aesthetic_origin_distance	pending_art_reference
WC02796	Ashaavelfendion2796	recurring-background	V2	B24	corridor child	Pip-no-path	ripper tunnel	Soth source orbit	90	77	averaged_background_story_orbit_aesthetic_origin_distance	pending_art_reference
WC02797	Ashanaradalendion2797	deep-background	V2	B25	field healer	Mack-ground	cello field	Vellin source orbit	90	77	averaged_background_story_orbit_aesthetic_origin_distance	pending_art_reference
WC02798	Aermaelorianashen2798	support	V2	B26	cavern farmer	Dervish-glass	blue-light road	Corrath source orbit	90	77	averaged_background_story_orbit_aesthetic_origin_distance	pending_art_reference
WC02799	Aerindramarrowen2799	background	V2	B27	garden watcher	Vayne	xeth glyph yard	Dervish source orbit	90	77	averaged_background_story_orbit_aesthetic_origin_distance	pending_art_reference
WC02800	Aeranorianendardion2800	story	V2	B28	stone archivist	Null-Heart	stone fen	Pip source orbit	90	77	averaged_background_story_orbit_aesthetic_origin_distance	pending_art_reference
WC02801	Ashaavelmarrowion2801	recurring-background	V2	B29	orchard guard	Iron-Song	pocket sanctuary	Rolzen source orbit	90	77	averaged_background_story_orbit_aesthetic_origin_distance	pending_art_reference
WC02802	Aerindraquartzen2802	deep-background	V2	B30	sonomancy listener	Wren-Ash	glass orchard	Xethrolund source orbit	90	77	averaged_background_story_orbit_aesthetic_origin_distance	pending_art_reference
WC02803	Ashagalenanorianen2803	support	V2	B31	tunnel witness	Thorn-Vayne	neith edge	Rylos source orbit	90	77	averaged_background_story_orbit_aesthetic_origin_distance	pending_art_reference
WC02804	Aerindrariveriel2804	background	V2	B32	threshold mason	Marso-len	willow-stone county	Kyreal source orbit	90	77	averaged_background_story_orbit_aesthetic_origin_distance	pending_art_reference
WC02805	Aerfiracoriaaelion2805	story	V2	B33	bookbinder	Rolzen-line	last open gate	Thessa source orbit	90	77	averaged_background_story_orbit_aesthetic_origin_distance	pending_art_reference
WC02806	Aeranorcrownion2806	recurring-background	V2	B01	bridge keeper	Kyreal-pack	diamond breakland	Kael source orbit	90	77	averaged_background_story_orbit_aesthetic_origin_distance	pending_art_reference
WC02807	Caelamarelle2807	deep-background	V2	B02	market singer	Xethrolund-glyph	black-heart ridge	Pael source orbit	90	77	averaged_background_story_orbit_aesthetic_origin_distance	pending_art_reference
WC02808	Aerfiraquartzaria2808	support	V2	B03	glass forge worker	Pip-no-path	ash river	Soth source orbit	90	77	averaged_background_story_orbit_aesthetic_origin_distance	pending_art_reference
WC02809	Aeranorevaraivyael2809	background	V2	B04	ripper survivor	Mack-ground	morrow market	Vellin source orbit	90	77	averaged_background_story_orbit_aesthetic_origin_distance	pending_art_reference
WC02810	Aerfiraamarivyiven2810	story	V2	B05	map seller	Dervish-glass	root vale	Corrath source orbit	90	77	averaged_background_story_orbit_aesthetic_origin_distance	pending_art_reference
WC02811	Ashajoraindraaen2811	recurring-background	V2	B06	cellar cook	Vayne	ripper tunnel	Dervish source orbit	90	77	averaged_background_story_orbit_aesthetic_origin_distance	pending_art_reference
WC02812	Aerfiraianhaloriven2812	deep-background	V2	B07	triage helper	Null-Heart	cello field	Pip source orbit	90	77	averaged_background_story_orbit_aesthetic_origin_distance	pending_art_reference
WC02813	Aerfiraianivydria2813	support	V2	B08	faction runner	Iron-Song	blue-light road	Rolzen source orbit	90	77	averaged_background_story_orbit_aesthetic_origin_distance	pending_art_reference
WC02814	Ashajoramaelorel2814	background	V2	B09	wolf-road scout	Wren-Ash	xeth glyph yard	Xethrolund source orbit	90	77	averaged_background_story_orbit_aesthetic_origin_distance	pending_art_reference
WC02815	Caelcoriabrinavel2815	story	V2	B10	glyph apprentice	Thorn-Vayne	stone fen	Rylos source orbit	90	77	averaged_background_story_orbit_aesthetic_origin_distance	pending_art_reference
WC02816	Aeranoramarmossdion2816	recurring-background	V2	B11	corridor child	Marso-len	pocket sanctuary	Kyreal source orbit	90	77	averaged_background_story_orbit_aesthetic_origin_distance	pending_art_reference
WC02817	Ashaelionbellion2817	deep-background	V2	B12	field healer	Rolzen-line	glass orchard	Thessa source orbit	90	77	averaged_background_story_orbit_aesthetic_origin_distance	pending_art_reference
WC02818	Brenaelaen2818	support	V2	B13	cavern farmer	Kyreal-pack	neith edge	Kael source orbit	90	77	averaged_background_story_orbit_aesthetic_origin_distance	pending_art_reference
WC02819	Aerdalenevaraashaen2819	background	V2	B14	garden watcher	Xethrolund-glyph	willow-stone county	Pael source orbit	90	77	averaged_background_story_orbit_aesthetic_origin_distance	pending_art_reference
WC02820	Aeranorianglassiven2820	story	V2	B15	stone archivist	Pip-no-path	last open gate	Soth source orbit	90	77	averaged_background_story_orbit_aesthetic_origin_distance	pending_art_reference
WC02821	Ashaeliongroveion2821	recurring-background	V2	B16	orchard guard	Mack-ground	diamond breakland	Vellin source orbit	90	77	averaged_background_story_orbit_aesthetic_origin_distance	pending_art_reference
WC02822	Aerindraianivyaria2822	deep-background	V2	B17	sonomancy listener	Dervish-glass	black-heart ridge	Corrath source orbit	90	77	averaged_background_story_orbit_aesthetic_origin_distance	pending_art_reference
WC02823	Aermaelormarrowiel2823	support	V2	B18	tunnel witness	Vayne	ash river	Dervish source orbit	90	77	averaged_background_story_orbit_aesthetic_origin_distance	pending_art_reference
WC02824	Aerfiracrownion2824	background	V2	B19	threshold mason	Null-Heart	morrow market	Pip source orbit	90	77	averaged_background_story_orbit_aesthetic_origin_distance	pending_art_reference
WC02825	Aerindraianforgeen2825	story	V2	B20	bookbinder	Iron-Song	root vale	Rolzen source orbit	90	77	averaged_background_story_orbit_aesthetic_origin_distance	pending_art_reference
WC02826	Aerindraianlarkiven2826	recurring-background	V2	B21	bridge keeper	Wren-Ash	ripper tunnel	Xethrolund source orbit	90	77	averaged_background_story_orbit_aesthetic_origin_distance	pending_art_reference
WC02827	Aeranorquartziel2827	deep-background	V2	B22	market singer	Thorn-Vayne	cello field	Rylos source orbit	90	77	averaged_background_story_orbit_aesthetic_origin_distance	pending_art_reference
WC02828	Aerindraianashiel2828	support	V2	B23	glass forge worker	Marso-len	blue-light road	Kyreal source orbit	90	77	averaged_background_story_orbit_aesthetic_origin_distance	pending_art_reference
WC02829	Daroanordria2829	background	V2	B24	ripper survivor	Rolzen-line	xeth glyph yard	Thessa source orbit	90	77	averaged_background_story_orbit_aesthetic_origin_distance	pending_art_reference
WC02830	Aerfiraorchardion2830	story	V2	B25	map seller	Kyreal-pack	stone fen	Kael source orbit	90	77	averaged_background_story_orbit_aesthetic_origin_distance	pending_art_reference
WC02831	Aeranorluthivyavel2831	recurring-background	V2	B26	cellar cook	Xethrolund-glyph	pocket sanctuary	Pael source orbit	90	77	averaged_background_story_orbit_aesthetic_origin_distance	pending_art_reference
WC02832	Brenbrinnarariveren2832	deep-background	V2	B27	triage helper	Pip-no-path	glass orchard	Soth source orbit	90	77	averaged_background_story_orbit_aesthetic_origin_distance	pending_art_reference
WC02833	Aeranorcairnaria2833	support	V2	B28	faction runner	Mack-ground	neith edge	Vellin source orbit	90	77	averaged_background_story_orbit_aesthetic_origin_distance	pending_art_reference
WC02834	Ashaavelgrovedria2834	background	V2	B29	wolf-road scout	Dervish-glass	willow-stone county	Corrath source orbit	90	77	averaged_background_story_orbit_aesthetic_origin_distance	pending_art_reference
WC02835	Aermaeloriancrownel2835	story	V2	B30	glyph apprentice	Vayne	last open gate	Dervish source orbit	90	77	averaged_background_story_orbit_aesthetic_origin_distance	pending_art_reference
WC02836	Ashajoraashel2836	recurring-background	V2	B31	corridor child	Null-Heart	diamond breakland	Pip source orbit	90	77	averaged_background_story_orbit_aesthetic_origin_distance	pending_art_reference
WC02837	Aeranorevaraashael2837	deep-background	V2	B32	field healer	Iron-Song	black-heart ridge	Rolzen source orbit	90	77	averaged_background_story_orbit_aesthetic_origin_distance	pending_art_reference
WC02838	Aerfiracorialarkael2838	support	V2	B33	cavern farmer	Wren-Ash	ash river	Xethrolund source orbit	90	77	averaged_background_story_orbit_aesthetic_origin_distance	pending_art_reference
WC02839	Aerfiramarrowiel2839	background	V2	B01	garden watcher	Thorn-Vayne	morrow market	Rylos source orbit	90	77	averaged_background_story_orbit_aesthetic_origin_distance	pending_art_reference
WC02840	Aerdalenluthbrinion2840	story	V2	B02	stone archivist	Marso-len	root vale	Kyreal source orbit	90	77	averaged_background_story_orbit_aesthetic_origin_distance	pending_art_reference
WC02841	Aerdalenamarfenaria2841	recurring-background	V2	B03	orchard guard	Rolzen-line	ripper tunnel	Thessa source orbit	90	77	averaged_background_story_orbit_aesthetic_origin_distance	pending_art_reference
WC02842	Aerfiraamaremberel2842	deep-background	V2	B04	sonomancy listener	Kyreal-pack	cello field	Kael source orbit	90	77	averaged_background_story_orbit_aesthetic_origin_distance	pending_art_reference
WC02843	Aerindraluthaelion2843	support	V2	B05	tunnel witness	Xethrolund-glyph	blue-light road	Pael source orbit	90	77	averaged_background_story_orbit_aesthetic_origin_distance	pending_art_reference
WC02844	Aerfiraamarlarkael2844	background	V2	B06	threshold mason	Pip-no-path	xeth glyph yard	Soth source orbit	90	77	averaged_background_story_orbit_aesthetic_origin_distance	pending_art_reference
WC02845	Ashaavelgrovedria2845	story	V2	B07	bookbinder	Mack-ground	stone fen	Vellin source orbit	90	77	averaged_background_story_orbit_aesthetic_origin_distance	pending_art_reference
WC02846	Aerfiraiven2846	recurring-background	V2	B08	bridge keeper	Dervish-glass	pocket sanctuary	Corrath source orbit	90	77	averaged_background_story_orbit_aesthetic_origin_distance	pending_art_reference
WC02847	Ashajoradaleniven2847	deep-background	V2	B09	market singer	Vayne	glass orchard	Dervish source orbit	90	77	averaged_background_story_orbit_aesthetic_origin_distance	pending_art_reference
WC02848	Aerdalenglassaen2848	support	V2	B10	glass forge worker	Null-Heart	neith edge	Pip source orbit	90	77	averaged_background_story_orbit_aesthetic_origin_distance	pending_art_reference
WC02849	Ashaelionfiraion2849	background	V2	B11	ripper survivor	Iron-Song	willow-stone county	Rolzen source orbit	90	77	averaged_background_story_orbit_aesthetic_origin_distance	pending_art_reference
WC02850	Aerindraianlarkel2850	story	V2	B12	map seller	Wren-Ash	last open gate	Xethrolund source orbit	90	77	averaged_background_story_orbit_aesthetic_origin_distance	pending_art_reference
WC02851	Ashaavelfenen2851	recurring-background	V2	B13	cellar cook	Thorn-Vayne	diamond breakland	Rylos source orbit	90	77	averaged_background_story_orbit_aesthetic_origin_distance	pending_art_reference
WC02852	Brenaeljorabrookaen2852	deep-background	V2	B14	triage helper	Marso-len	black-heart ridge	Kyreal source orbit	90	77	averaged_background_story_orbit_aesthetic_origin_distance	pending_art_reference
WC02853	Ashagalenlarkiel2853	support	V2	B15	faction runner	Rolzen-line	ash river	Thessa source orbit	90	77	averaged_background_story_orbit_aesthetic_origin_distance	pending_art_reference
WC02854	Aerindraamargroveen2854	background	V2	B16	wolf-road scout	Kyreal-pack	morrow market	Kael source orbit	90	77	averaged_background_story_orbit_aesthetic_origin_distance	pending_art_reference
WC02855	Aermaelorianendaren2855	story	V2	B17	glyph apprentice	Xethrolund-glyph	root vale	Pael source orbit	90	77	averaged_background_story_orbit_aesthetic_origin_distance	pending_art_reference
WC02856	Ashajoramireiel2856	recurring-background	V2	B18	corridor child	Pip-no-path	ripper tunnel	Soth source orbit	90	77	averaged_background_story_orbit_aesthetic_origin_distance	pending_art_reference
WC02857	Aerindracairnavel2857	deep-background	V2	B19	field healer	Mack-ground	cello field	Vellin source orbit	90	77	averaged_background_story_orbit_aesthetic_origin_distance	pending_art_reference
WC02858	Aerfiraevaraivyiven2858	support	V2	B20	cavern farmer	Dervish-glass	blue-light road	Corrath source orbit	90	77	averaged_background_story_orbit_aesthetic_origin_distance	pending_art_reference
WC02859	Ashagalenmaelorael2859	background	V2	B21	garden watcher	Vayne	xeth glyph yard	Dervish source orbit	90	77	averaged_background_story_orbit_aesthetic_origin_distance	pending_art_reference
WC02860	Aerdalenglassdria2860	story	V2	B22	stone archivist	Null-Heart	stone fen	Pip source orbit	90	77	averaged_background_story_orbit_aesthetic_origin_distance	pending_art_reference
WC02861	Aerdalenamaraeldion2861	recurring-background	V2	B23	orchard guard	Iron-Song	pocket sanctuary	Rolzen source orbit	90	77	averaged_background_story_orbit_aesthetic_origin_distance	pending_art_reference
WC02862	Aerfiracoriabriniel2862	deep-background	V2	B24	sonomancy listener	Wren-Ash	glass orchard	Xethrolund source orbit	90	77	averaged_background_story_orbit_aesthetic_origin_distance	pending_art_reference
WC02863	Aerfiraluthglassiel2863	support	V2	B25	tunnel witness	Thorn-Vayne	neith edge	Rylos source orbit	90	77	averaged_background_story_orbit_aesthetic_origin_distance	pending_art_reference
WC02864	Aeranorluthforgeen2864	background	V2	B26	threshold mason	Marso-len	willow-stone county	Kyreal source orbit	90	77	averaged_background_story_orbit_aesthetic_origin_distance	pending_art_reference
WC02865	Ashaelionmaelordion2865	story	V2	B27	bookbinder	Rolzen-line	last open gate	Thessa source orbit	90	77	averaged_background_story_orbit_aesthetic_origin_distance	pending_art_reference
WC02866	Aerfiralarkel2866	recurring-background	V2	B28	bridge keeper	Kyreal-pack	diamond breakland	Kael source orbit	90	77	averaged_background_story_orbit_aesthetic_origin_distance	pending_art_reference
WC02867	Aermaelorcoriaashen2867	deep-background	V2	B29	market singer	Xethrolund-glyph	black-heart ridge	Pael source orbit	90	77	averaged_background_story_orbit_aesthetic_origin_distance	pending_art_reference
WC02868	Brenendarivydion2868	support	V2	B30	glass forge worker	Pip-no-path	ash river	Soth source orbit	90	77	averaged_background_story_orbit_aesthetic_origin_distance	pending_art_reference
WC02869	Brenaeljorafiradion2869	background	V2	B31	ripper survivor	Mack-ground	morrow market	Vellin source orbit	90	77	averaged_background_story_orbit_aesthetic_origin_distance	pending_art_reference
WC02870	Aerfiraianmossiven2870	story	V2	B32	map seller	Dervish-glass	root vale	Corrath source orbit	90	77	averaged_background_story_orbit_aesthetic_origin_distance	pending_art_reference
WC02871	Ashajorariveraen2871	recurring-background	V2	B33	cellar cook	Vayne	ripper tunnel	Dervish source orbit	90	77	averaged_background_story_orbit_aesthetic_origin_distance	pending_art_reference
WC02872	Aerindrabelldion2872	deep-background	V2	B01	triage helper	Null-Heart	cello field	Pip source orbit	90	77	averaged_background_story_orbit_aesthetic_origin_distance	pending_art_reference
WC02873	Aeranoramarashen2873	support	V2	B02	faction runner	Iron-Song	blue-light road	Rolzen source orbit	90	77	averaged_background_story_orbit_aesthetic_origin_distance	pending_art_reference
WC02874	Aeranorluthaeliel2874	background	V2	B03	wolf-road scout	Wren-Ash	xeth glyph yard	Xethrolund source orbit	90	77	averaged_background_story_orbit_aesthetic_origin_distance	pending_art_reference
WC02875	Brenaelgalenindraen2875	story	V2	B04	glyph apprentice	Thorn-Vayne	stone fen	Rylos source orbit	90	77	averaged_background_story_orbit_aesthetic_origin_distance	pending_art_reference
WC02876	Ashagalenanormireen2876	recurring-background	V2	B05	corridor child	Marso-len	pocket sanctuary	Kyreal source orbit	90	77	averaged_background_story_orbit_aesthetic_origin_distance	pending_art_reference
WC02877	Ashajoraindraamaren2877	deep-background	V2	B06	field healer	Rolzen-line	glass orchard	Thessa source orbit	90	77	averaged_background_story_orbit_aesthetic_origin_distance	pending_art_reference
WC02878	Aerdalenglassel2878	support	V2	B07	cavern farmer	Kyreal-pack	neith edge	Kael source orbit	90	77	averaged_background_story_orbit_aesthetic_origin_distance	pending_art_reference
WC02879	Ashanaramaelorianel2879	background	V2	B08	garden watcher	Xethrolund-glyph	willow-stone county	Pael source orbit	90	77	averaged_background_story_orbit_aesthetic_origin_distance	pending_art_reference
WC02880	Aerfiragrovedion2880	story	V2	B09	stone archivist	Pip-no-path	last open gate	Soth source orbit	90	77	averaged_background_story_orbit_aesthetic_origin_distance	pending_art_reference
WC02881	Ashanarafiraion2881	recurring-background	V2	B10	orchard guard	Mack-ground	diamond breakland	Vellin source orbit	90	77	averaged_background_story_orbit_aesthetic_origin_distance	pending_art_reference
WC02882	Aerdalenevaraashion2882	deep-background	V2	B11	sonomancy listener	Dervish-glass	black-heart ridge	Corrath source orbit	90	77	averaged_background_story_orbit_aesthetic_origin_distance	pending_art_reference
WC02883	Aerdalenianbriniven2883	support	V2	B12	tunnel witness	Vayne	ash river	Dervish source orbit	90	77	averaged_background_story_orbit_aesthetic_origin_distance	pending_art_reference
WC02884	Aeranorbellel2884	background	V2	B13	threshold mason	Null-Heart	morrow market	Pip source orbit	90	77	averaged_background_story_orbit_aesthetic_origin_distance	pending_art_reference
WC02885	Aerdalenluthaeliven2885	story	V2	B14	bookbinder	Iron-Song	root vale	Rolzen source orbit	90	77	averaged_background_story_orbit_aesthetic_origin_distance	pending_art_reference
WC02886	Aerfiraianlarkiven2886	recurring-background	V2	B15	bridge keeper	Wren-Ash	ripper tunnel	Xethrolund source orbit	90	77	averaged_background_story_orbit_aesthetic_origin_distance	pending_art_reference
WC02887	Ashanarafiraianiel2887	deep-background	V2	B16	market singer	Thorn-Vayne	cello field	Rylos source orbit	90	77	averaged_background_story_orbit_aesthetic_origin_distance	pending_art_reference
WC02888	Ashaavelgroveael2888	support	V2	B17	glass forge worker	Marso-len	blue-light road	Kyreal source orbit	90	77	averaged_background_story_orbit_aesthetic_origin_distance	pending_art_reference
WC02889	Ashajoraindraivyael2889	background	V2	B18	ripper survivor	Rolzen-line	xeth glyph yard	Thessa source orbit	90	77	averaged_background_story_orbit_aesthetic_origin_distance	pending_art_reference
WC02890	Ashaelionmossiven2890	story	V2	B19	map seller	Kyreal-pack	stone fen	Kael source orbit	90	77	averaged_background_story_orbit_aesthetic_origin_distance	pending_art_reference
WC02891	Aerdalenhollowel2891	recurring-background	V2	B20	cellar cook	Xethrolund-glyph	pocket sanctuary	Pael source orbit	90	77	averaged_background_story_orbit_aesthetic_origin_distance	pending_art_reference
WC02892	Aerindraianhaloraen2892	deep-background	V2	B21	triage helper	Pip-no-path	glass orchard	Soth source orbit	90	77	averaged_background_story_orbit_aesthetic_origin_distance	pending_art_reference
WC02893	Ashaavelquartzarel2893	support	V2	B22	faction runner	Mack-ground	neith edge	Vellin source orbit	90	77	averaged_background_story_orbit_aesthetic_origin_distance	pending_art_reference
WC02894	Aerindracoriaion2894	background	V2	B23	wolf-road scout	Dervish-glass	willow-stone county	Corrath source orbit	90	77	averaged_background_story_orbit_aesthetic_origin_distance	pending_art_reference
WC02895	Aeranoramarcrownion2895	story	V2	B24	glyph apprentice	Vayne	last open gate	Dervish source orbit	90	77	averaged_background_story_orbit_aesthetic_origin_distance	pending_art_reference
WC02896	Ashanaraanorianarel2896	recurring-background	V2	B25	corridor child	Null-Heart	diamond breakland	Pip source orbit	90	77	averaged_background_story_orbit_aesthetic_origin_distance	pending_art_reference
WC02897	Brenaelorcharddria2897	deep-background	V2	B26	field healer	Iron-Song	black-heart ridge	Rolzen source orbit	90	77	averaged_background_story_orbit_aesthetic_origin_distance	pending_art_reference
WC02898	Aeranorianendarion2898	support	V2	B27	cavern farmer	Wren-Ash	ash river	Xethrolund source orbit	90	77	averaged_background_story_orbit_aesthetic_origin_distance	pending_art_reference
WC02899	Aeranorcorialarken2899	background	V2	B28	garden watcher	Thorn-Vayne	morrow market	Rylos source orbit	90	77	averaged_background_story_orbit_aesthetic_origin_distance	pending_art_reference
WC02900	Aermaelorianaelion2900	story	V2	B29	stone archivist	Marso-len	root vale	Kyreal source orbit	90	77	averaged_background_story_orbit_aesthetic_origin_distance	pending_art_reference
WC02901	Aerindraevarafenel2901	recurring-background	V2	B30	orchard guard	Rolzen-line	ripper tunnel	Thessa source orbit	90	77	averaged_background_story_orbit_aesthetic_origin_distance	pending_art_reference
WC02902	Aerdalenorchardavel2902	deep-background	V2	B31	sonomancy listener	Kyreal-pack	cello field	Kael source orbit	90	77	averaged_background_story_orbit_aesthetic_origin_distance	pending_art_reference
WC02903	Aeranorianashel2903	support	V2	B32	tunnel witness	Xethrolund-glyph	blue-light road	Pael source orbit	90	77	averaged_background_story_orbit_aesthetic_origin_distance	pending_art_reference
WC02904	Aerindraamarbellel2904	background	V2	B33	threshold mason	Pip-no-path	xeth glyph yard	Soth source orbit	90	77	averaged_background_story_orbit_aesthetic_origin_distance	pending_art_reference
WC02905	Aerdalenarel2905	story	V2	B01	bookbinder	Mack-ground	stone fen	Vellin source orbit	90	77	averaged_background_story_orbit_aesthetic_origin_distance	pending_art_reference
WC02906	Ashanaraanorevarael2906	recurring-background	V2	B02	bridge keeper	Dervish-glass	pocket sanctuary	Corrath source orbit	90	77	averaged_background_story_orbit_aesthetic_origin_distance	pending_art_reference
WC02907	Aerfiraluthlarkaen2907	deep-background	V2	B03	market singer	Vayne	glass orchard	Dervish source orbit	90	77	averaged_background_story_orbit_aesthetic_origin_distance	pending_art_reference
WC02908	Aerfiraianquartzel2908	support	V2	B04	glass forge worker	Null-Heart	neith edge	Pip source orbit	90	77	averaged_background_story_orbit_aesthetic_origin_distance	pending_art_reference
WC02909	Aeranorhollowen2909	background	V2	B05	ripper survivor	Iron-Song	willow-stone county	Rolzen source orbit	90	77	averaged_background_story_orbit_aesthetic_origin_distance	pending_art_reference
WC02910	Brenaeleliondria2910	story	V2	B06	map seller	Wren-Ash	last open gate	Xethrolund source orbit	90	77	averaged_background_story_orbit_aesthetic_origin_distance	pending_art_reference
WC02911	Ashagalenriveriven2911	recurring-background	V2	B07	cellar cook	Thorn-Vayne	diamond breakland	Rylos source orbit	90	77	averaged_background_story_orbit_aesthetic_origin_distance	pending_art_reference
WC02912	Aerfirahollowdion2912	deep-background	V2	B08	triage helper	Marso-len	black-heart ridge	Kyreal source orbit	90	77	averaged_background_story_orbit_aesthetic_origin_distance	pending_art_reference
WC02913	Ashanaradria2913	support	V2	B09	faction runner	Rolzen-line	ash river	Thessa source orbit	90	77	averaged_background_story_orbit_aesthetic_origin_distance	pending_art_reference
WC02914	Aerdalenlarkdion2914	background	V2	B10	wolf-road scout	Kyreal-pack	morrow market	Kael source orbit	90	77	averaged_background_story_orbit_aesthetic_origin_distance	pending_art_reference
WC02915	Aerfiracoriaivydria2915	story	V2	B11	glyph apprentice	Xethrolund-glyph	root vale	Pael source orbit	90	77	averaged_background_story_orbit_aesthetic_origin_distance	pending_art_reference
WC02916	Aeranorianbellel2916	recurring-background	V2	B12	corridor child	Pip-no-path	ripper tunnel	Soth source orbit	90	77	averaged_background_story_orbit_aesthetic_origin_distance	pending_art_reference
WC02917	Ashagalenmaeloriel2917	deep-background	V2	B13	field healer	Mack-ground	cello field	Vellin source orbit	90	77	averaged_background_story_orbit_aesthetic_origin_distance	pending_art_reference
WC02918	Ashaavelbrookavel2918	support	V2	B14	cavern farmer	Dervish-glass	blue-light road	Corrath source orbit	90	77	averaged_background_story_orbit_aesthetic_origin_distance	pending_art_reference
WC02919	Aerdalenmarrowen2919	background	V2	B15	garden watcher	Vayne	xeth glyph yard	Dervish source orbit	90	77	averaged_background_story_orbit_aesthetic_origin_distance	pending_art_reference
WC02920	Aerindraianendariel2920	story	V2	B16	stone archivist	Null-Heart	stone fen	Pip source orbit	90	77	averaged_background_story_orbit_aesthetic_origin_distance	pending_art_reference
WC02921	Aerdalenianivyiel2921	recurring-background	V2	B17	orchard guard	Iron-Song	pocket sanctuary	Rolzen source orbit	90	77	averaged_background_story_orbit_aesthetic_origin_distance	pending_art_reference
WC02922	Aeranoramarlarkiel2922	deep-background	V2	B18	sonomancy listener	Wren-Ash	glass orchard	Xethrolund source orbit	90	77	averaged_background_story_orbit_aesthetic_origin_distance	pending_art_reference
WC02923	Aerdalenamarlarkiel2923	support	V2	B19	tunnel witness	Thorn-Vayne	neith edge	Rylos source orbit	90	77	averaged_background_story_orbit_aesthetic_origin_distance	pending_art_reference
WC02924	Brenaeljoradalenaen2924	background	V2	B20	threshold mason	Marso-len	willow-stone county	Kyreal source orbit	90	77	averaged_background_story_orbit_aesthetic_origin_distance	pending_art_reference
WC02925	Aeranorluthmireel2925	story	V2	B21	bookbinder	Rolzen-line	last open gate	Thessa source orbit	90	77	averaged_background_story_orbit_aesthetic_origin_distance	pending_art_reference
WC02926	Ashaavelforgeiven2926	recurring-background	V2	B22	bridge keeper	Kyreal-pack	diamond breakland	Kael source orbit	90	77	averaged_background_story_orbit_aesthetic_origin_distance	pending_art_reference
WC02927	Aerdalenianivyen2927	deep-background	V2	B23	market singer	Xethrolund-glyph	black-heart ridge	Pael source orbit	90	77	averaged_background_story_orbit_aesthetic_origin_distance	pending_art_reference
WC02928	Aerfiraianhaloravel2928	support	V2	B24	glass forge worker	Pip-no-path	ash river	Soth source orbit	90	77	averaged_background_story_orbit_aesthetic_origin_distance	pending_art_reference
WC02929	Brenaellarkdria2929	background	V2	B25	ripper survivor	Mack-ground	morrow market	Vellin source orbit	90	77	averaged_background_story_orbit_aesthetic_origin_distance	pending_art_reference
WC02930	Aerdalenianmossarel2930	story	V2	B26	map seller	Dervish-glass	root vale	Corrath source orbit	90	77	averaged_background_story_orbit_aesthetic_origin_distance	pending_art_reference
WC02931	Ashaelionriveraen2931	recurring-background	V2	B27	cellar cook	Vayne	ripper tunnel	Dervish source orbit	90	77	averaged_background_story_orbit_aesthetic_origin_distance	pending_art_reference
WC02932	Brenendarjoraion2932	deep-background	V2	B28	triage helper	Null-Heart	cello field	Pip source orbit	90	77	averaged_background_story_orbit_aesthetic_origin_distance	pending_art_reference
WC02933	Aeranorianforgearel2933	support	V2	B29	faction runner	Iron-Song	blue-light road	Rolzen source orbit	90	77	averaged_background_story_orbit_aesthetic_origin_distance	pending_art_reference
WC02934	Aeranoramarcrowniel2934	background	V2	B30	wolf-road scout	Wren-Ash	xeth glyph yard	Xethrolund source orbit	90	77	averaged_background_story_orbit_aesthetic_origin_distance	pending_art_reference
WC02935	Aerindradria2935	story	V2	B31	glyph apprentice	Thorn-Vayne	stone fen	Rylos source orbit	90	77	averaged_background_story_orbit_aesthetic_origin_distance	pending_art_reference
WC02936	Aerfirariveriven2936	recurring-background	V2	B32	corridor child	Marso-len	pocket sanctuary	Kyreal source orbit	90	77	averaged_background_story_orbit_aesthetic_origin_distance	pending_art_reference
WC02937	Ashaavelanorivydria2937	deep-background	V2	B33	field healer	Rolzen-line	glass orchard	Thessa source orbit	90	77	averaged_background_story_orbit_aesthetic_origin_distance	pending_art_reference
WC02938	Ashagalenfiraianael2938	support	V2	B01	cavern farmer	Kyreal-pack	neith edge	Kael source orbit	90	77	averaged_background_story_orbit_aesthetic_origin_distance	pending_art_reference
WC02939	Aerdalenmireael2939	background	V2	B02	garden watcher	Xethrolund-glyph	willow-stone county	Pael source orbit	90	77	averaged_background_story_orbit_aesthetic_origin_distance	pending_art_reference
WC02940	Aerfiraianendaren2940	story	V2	B03	stone archivist	Pip-no-path	last open gate	Soth source orbit	90	77	averaged_background_story_orbit_aesthetic_origin_distance	pending_art_reference
WC02941	Aeranorcoriaaelelle2941	recurring-background	V2	B04	orchard guard	Mack-ground	diamond breakland	Vellin source orbit	90	77	averaged_background_story_orbit_aesthetic_origin_distance	pending_art_reference
WC02942	Ashaavelmarrowdion2942	deep-background	V2	B05	sonomancy listener	Dervish-glass	black-heart ridge	Corrath source orbit	90	77	averaged_background_story_orbit_aesthetic_origin_distance	pending_art_reference
WC02943	Brenendararel2943	support	V2	B06	tunnel witness	Vayne	ash river	Dervish source orbit	90	77	averaged_background_story_orbit_aesthetic_origin_distance	pending_art_reference
WC02944	Ashanaramossarel2944	background	V2	B07	threshold mason	Null-Heart	morrow market	Pip source orbit	90	77	averaged_background_story_orbit_aesthetic_origin_distance	pending_art_reference
WC02945	Brenhalororchardel2945	story	V2	B08	bookbinder	Iron-Song	root vale	Rolzen source orbit	90	77	averaged_background_story_orbit_aesthetic_origin_distance	pending_art_reference
WC02946	Aerindragroveelle2946	recurring-background	V2	B09	bridge keeper	Wren-Ash	ripper tunnel	Xethrolund source orbit	90	77	averaged_background_story_orbit_aesthetic_origin_distance	pending_art_reference
WC02947	Ashaavelhollowaen2947	deep-background	V2	B10	market singer	Thorn-Vayne	cello field	Rylos source orbit	90	77	averaged_background_story_orbit_aesthetic_origin_distance	pending_art_reference
WC02948	Brenkelanelle2948	support	V2	B11	glass forge worker	Marso-len	blue-light road	Kyreal source orbit	90	77	averaged_background_story_orbit_aesthetic_origin_distance	pending_art_reference
WC02949	Ashagalenfiraianel2949	background	V2	B12	ripper survivor	Rolzen-line	xeth glyph yard	Thessa source orbit	90	77	averaged_background_story_orbit_aesthetic_origin_distance	pending_art_reference
WC02950	Aerfirabellael2950	story	V2	B13	map seller	Kyreal-pack	stone fen	Kael source orbit	90	77	averaged_background_story_orbit_aesthetic_origin_distance	pending_art_reference
WC02951	Ashagalenemberiven2951	recurring-background	V2	B14	cellar cook	Xethrolund-glyph	pocket sanctuary	Pael source orbit	90	77	averaged_background_story_orbit_aesthetic_origin_distance	pending_art_reference
WC02952	Ashaelionmaelorarel2952	deep-background	V2	B15	triage helper	Pip-no-path	glass orchard	Soth source orbit	90	77	averaged_background_story_orbit_aesthetic_origin_distance	pending_art_reference
WC02953	Aerindraianaelaen2953	support	V2	B16	faction runner	Mack-ground	neith edge	Vellin source orbit	90	77	averaged_background_story_orbit_aesthetic_origin_distance	pending_art_reference
WC02954	Ashaavelemberen2954	background	V2	B17	wolf-road scout	Dervish-glass	willow-stone county	Corrath source orbit	90	77	averaged_background_story_orbit_aesthetic_origin_distance	pending_art_reference
WC02955	Ashajoracairniel2955	story	V2	B18	glyph apprentice	Vayne	last open gate	Dervish source orbit	90	77	averaged_background_story_orbit_aesthetic_origin_distance	pending_art_reference
WC02956	Aerfiraorchardiven2956	recurring-background	V2	B19	corridor child	Null-Heart	diamond breakland	Pip source orbit	90	77	averaged_background_story_orbit_aesthetic_origin_distance	pending_art_reference
WC02957	Aerfiracoriamossel2957	deep-background	V2	B20	field healer	Iron-Song	black-heart ridge	Rolzen source orbit	90	77	averaged_background_story_orbit_aesthetic_origin_distance	pending_art_reference
WC02958	Ashajorafiradion2958	support	V2	B21	cavern farmer	Wren-Ash	ash river	Xethrolund source orbit	90	77	averaged_background_story_orbit_aesthetic_origin_distance	pending_art_reference
WC02959	Ashajoraanoraen2959	background	V2	B22	garden watcher	Thorn-Vayne	morrow market	Rylos source orbit	90	77	averaged_background_story_orbit_aesthetic_origin_distance	pending_art_reference
WC02960	Brenhaloravelen2960	story	V2	B23	stone archivist	Marso-len	root vale	Kyreal source orbit	90	77	averaged_background_story_orbit_aesthetic_origin_distance	pending_art_reference
WC02961	Ashaelionbelldion2961	recurring-background	V2	B24	orchard guard	Rolzen-line	ripper tunnel	Thessa source orbit	90	77	averaged_background_story_orbit_aesthetic_origin_distance	pending_art_reference
WC02962	Aerdalenianbrookel2962	deep-background	V2	B25	sonomancy listener	Kyreal-pack	cello field	Kael source orbit	90	77	averaged_background_story_orbit_aesthetic_origin_distance	pending_art_reference
WC02963	Ashagalenemberiel2963	support	V2	B26	tunnel witness	Xethrolund-glyph	blue-light road	Pael source orbit	90	77	averaged_background_story_orbit_aesthetic_origin_distance	pending_art_reference
WC02964	Aerdalenluthbellael2964	background	V2	B27	threshold mason	Pip-no-path	xeth glyph yard	Soth source orbit	90	77	averaged_background_story_orbit_aesthetic_origin_distance	pending_art_reference
WC02965	Ashajoraanoriven2965	story	V2	B28	bookbinder	Mack-ground	stone fen	Vellin source orbit	90	77	averaged_background_story_orbit_aesthetic_origin_distance	pending_art_reference
WC02966	Ashaavelmaelorianel2966	recurring-background	V2	B29	bridge keeper	Dervish-glass	pocket sanctuary	Corrath source orbit	90	77	averaged_background_story_orbit_aesthetic_origin_distance	pending_art_reference
WC02967	Ashaavelindraianael2967	deep-background	V2	B30	market singer	Vayne	glass orchard	Dervish source orbit	90	77	averaged_background_story_orbit_aesthetic_origin_distance	pending_art_reference
WC02968	Ashaavelfiraianavel2968	support	V2	B31	glass forge worker	Null-Heart	neith edge	Pip source orbit	90	77	averaged_background_story_orbit_aesthetic_origin_distance	pending_art_reference
WC02969	Ashaavelanorfeniven2969	background	V2	B32	ripper survivor	Iron-Song	willow-stone county	Rolzen source orbit	90	77	averaged_background_story_orbit_aesthetic_origin_distance	pending_art_reference
WC02970	Aerfiraluthendarion2970	story	V2	B33	map seller	Wren-Ash	last open gate	Xethrolund source orbit	90	77	averaged_background_story_orbit_aesthetic_origin_distance	pending_art_reference
WC02971	Ashanaradalenianion2971	recurring-background	V2	B01	cellar cook	Thorn-Vayne	diamond breakland	Rylos source orbit	90	77	averaged_background_story_orbit_aesthetic_origin_distance	pending_art_reference
WC02972	Ashanarabrookavel2972	deep-background	V2	B02	triage helper	Marso-len	black-heart ridge	Kyreal source orbit	90	77	averaged_background_story_orbit_aesthetic_origin_distance	pending_art_reference
WC02973	Ashaavelcrowndion2973	support	V2	B03	faction runner	Rolzen-line	ash river	Thessa source orbit	90	77	averaged_background_story_orbit_aesthetic_origin_distance	pending_art_reference
WC02974	Ashaavelforgeaen2974	background	V2	B04	wolf-road scout	Kyreal-pack	morrow market	Kael source orbit	90	77	averaged_background_story_orbit_aesthetic_origin_distance	pending_art_reference
WC02975	Aerfiramireelle2975	story	V2	B05	glyph apprentice	Xethrolund-glyph	root vale	Pael source orbit	90	77	averaged_background_story_orbit_aesthetic_origin_distance	pending_art_reference
WC02976	Ashaavelriverelle2976	recurring-background	V2	B06	corridor child	Pip-no-path	ripper tunnel	Soth source orbit	90	77	averaged_background_story_orbit_aesthetic_origin_distance	pending_art_reference
WC02977	Aeranorluthivyaria2977	deep-background	V2	B07	field healer	Mack-ground	cello field	Vellin source orbit	90	77	averaged_background_story_orbit_aesthetic_origin_distance	pending_art_reference
WC02978	Brenaelbellion2978	support	V2	B08	cavern farmer	Dervish-glass	blue-light road	Corrath source orbit	90	77	averaged_background_story_orbit_aesthetic_origin_distance	pending_art_reference
WC02979	Ashagalencairnael2979	background	V2	B09	garden watcher	Vayne	xeth glyph yard	Dervish source orbit	90	77	averaged_background_story_orbit_aesthetic_origin_distance	pending_art_reference
WC02980	Aerfiraiankelandion2980	story	V2	B10	stone archivist	Null-Heart	stone fen	Pip source orbit	90	77	averaged_background_story_orbit_aesthetic_origin_distance	pending_art_reference
WC02981	Aerindraianbrinelle2981	recurring-background	V2	B11	orchard guard	Iron-Song	pocket sanctuary	Rolzen source orbit	90	77	averaged_background_story_orbit_aesthetic_origin_distance	pending_art_reference
WC02982	Ashaaveldalenluthen2982	deep-background	V2	B12	sonomancy listener	Wren-Ash	glass orchard	Xethrolund source orbit	90	77	averaged_background_story_orbit_aesthetic_origin_distance	pending_art_reference
WC02983	Ashagalendalenael2983	support	V2	B13	tunnel witness	Thorn-Vayne	neith edge	Rylos source orbit	90	77	averaged_background_story_orbit_aesthetic_origin_distance	pending_art_reference
WC02984	Aerindraamarendaren2984	background	V2	B14	threshold mason	Marso-len	willow-stone county	Kyreal source orbit	90	77	averaged_background_story_orbit_aesthetic_origin_distance	pending_art_reference
WC02985	Aerindraevarabrinel2985	story	V2	B15	bookbinder	Rolzen-line	last open gate	Thessa source orbit	90	77	averaged_background_story_orbit_aesthetic_origin_distance	pending_art_reference
WC02986	Aerfiraorchardael2986	recurring-background	V2	B16	bridge keeper	Kyreal-pack	diamond breakland	Kael source orbit	90	77	averaged_background_story_orbit_aesthetic_origin_distance	pending_art_reference
WC02987	Aeranorfeniel2987	deep-background	V2	B17	market singer	Xethrolund-glyph	black-heart ridge	Pael source orbit	90	77	averaged_background_story_orbit_aesthetic_origin_distance	pending_art_reference
WC02988	Aerindramarrowael2988	support	V2	B18	glass forge worker	Pip-no-path	ash river	Soth source orbit	90	77	averaged_background_story_orbit_aesthetic_origin_distance	pending_art_reference
WC02989	Aerfiraamarforgeael2989	background	V2	B19	ripper survivor	Mack-ground	morrow market	Vellin source orbit	90	77	averaged_background_story_orbit_aesthetic_origin_distance	pending_art_reference
WC02990	Aerindrahollowdion2990	story	V2	B20	map seller	Dervish-glass	root vale	Corrath source orbit	90	77	averaged_background_story_orbit_aesthetic_origin_distance	pending_art_reference
WC02991	Aeranorianbellarel2991	recurring-background	V2	B21	cellar cook	Vayne	ripper tunnel	Dervish source orbit	90	77	averaged_background_story_orbit_aesthetic_origin_distance	pending_art_reference
WC02992	Brenaeljoraion2992	deep-background	V2	B22	triage helper	Null-Heart	cello field	Pip source orbit	90	77	averaged_background_story_orbit_aesthetic_origin_distance	pending_art_reference
WC02993	Aermaelorianaelarel2993	support	V2	B23	faction runner	Iron-Song	blue-light road	Rolzen source orbit	90	77	averaged_background_story_orbit_aesthetic_origin_distance	pending_art_reference
WC02994	Aerfiraiancrowndion2994	background	V2	B24	wolf-road scout	Wren-Ash	xeth glyph yard	Xethrolund source orbit	90	77	averaged_background_story_orbit_aesthetic_origin_distance	pending_art_reference
WC02995	Aerindraluthlarkaen2995	story	V2	B25	glyph apprentice	Thorn-Vayne	stone fen	Rylos source orbit	90	77	averaged_background_story_orbit_aesthetic_origin_distance	pending_art_reference
WC02996	Aeranorluthhaloriel2996	recurring-background	V2	B26	corridor child	Marso-len	pocket sanctuary	Kyreal source orbit	90	77	averaged_background_story_orbit_aesthetic_origin_distance	pending_art_reference
WC02997	Aerdalenivydria2997	deep-background	V2	B27	field healer	Rolzen-line	glass orchard	Thessa source orbit	90	77	averaged_background_story_orbit_aesthetic_origin_distance	pending_art_reference
WC02998	Ashaavelanoramarion2998	support	V2	B28	cavern farmer	Kyreal-pack	neith edge	Kael source orbit	90	77	averaged_background_story_orbit_aesthetic_origin_distance	pending_art_reference
WC02999	Brenaelavelanordria2999	background	V2	B29	garden watcher	Xethrolund-glyph	willow-stone county	Pael source orbit	90	77	averaged_background_story_orbit_aesthetic_origin_distance	pending_art_reference
WC03000	Aerdalengrovedion3000	story	V2	B30	stone archivist	Pip-no-path	last open gate	Soth source orbit	90	77	averaged_background_story_orbit_aesthetic_origin_distance	pending_art_reference
WC03001	Aerindrahollowiven3001	recurring-background	V2	B31	orchard guard	Mack-ground	diamond breakland	Vellin source orbit	90	77	averaged_background_story_orbit_aesthetic_origin_distance	pending_art_reference
WC03002	Ashaavelanorianavel3002	deep-background	V2	B32	sonomancy listener	Dervish-glass	black-heart ridge	Corrath source orbit	90	77	averaged_background_story_orbit_aesthetic_origin_distance	pending_art_reference
WC03003	Aerfiraluthaelen3003	support	V2	B33	tunnel witness	Vayne	ash river	Dervish source orbit	90	77	averaged_background_story_orbit_aesthetic_origin_distance	pending_art_reference
WC03004	Aerfiraevaraaelavel3004	background	V2	B01	threshold mason	Null-Heart	morrow market	Pip source orbit	90	77	averaged_background_story_orbit_aesthetic_origin_distance	pending_art_reference
WC03005	Aerfiramiredion3005	story	V2	B02	bookbinder	Iron-Song	root vale	Rolzen source orbit	90	77	averaged_background_story_orbit_aesthetic_origin_distance	pending_art_reference
WC03006	Aeranorluthbellarel3006	recurring-background	V2	B03	bridge keeper	Wren-Ash	ripper tunnel	Xethrolund source orbit	90	77	averaged_background_story_orbit_aesthetic_origin_distance	pending_art_reference
WC03007	Caelcoriaaeliven3007	deep-background	V2	B04	market singer	Thorn-Vayne	cello field	Rylos source orbit	90	77	averaged_background_story_orbit_aesthetic_origin_distance	pending_art_reference
WC03008	Ashagalengroveael3008	support	V2	B05	glass forge worker	Marso-len	blue-light road	Kyreal source orbit	90	77	averaged_background_story_orbit_aesthetic_origin_distance	pending_art_reference
WC03009	Aerindramossion3009	background	V2	B06	ripper survivor	Rolzen-line	xeth glyph yard	Thessa source orbit	90	77	averaged_background_story_orbit_aesthetic_origin_distance	pending_art_reference
WC03010	Aerdalenorchardion3010	story	V2	B07	map seller	Kyreal-pack	stone fen	Kael source orbit	90	77	averaged_background_story_orbit_aesthetic_origin_distance	pending_art_reference
WC03011	Aeranorcoriaivyaen3011	recurring-background	V2	B08	cellar cook	Xethrolund-glyph	pocket sanctuary	Pael source orbit	90	77	averaged_background_story_orbit_aesthetic_origin_distance	pending_art_reference
WC03012	Aeranoramarbellaen3012	deep-background	V2	B09	triage helper	Pip-no-path	glass orchard	Soth source orbit	90	77	averaged_background_story_orbit_aesthetic_origin_distance	pending_art_reference
WC03013	Aermaelorluthel3013	support	V2	B10	faction runner	Mack-ground	neith edge	Vellin source orbit	90	77	averaged_background_story_orbit_aesthetic_origin_distance	pending_art_reference
WC03014	Aermaelorriverael3014	background	V2	B11	wolf-road scout	Dervish-glass	willow-stone county	Corrath source orbit	90	77	averaged_background_story_orbit_aesthetic_origin_distance	pending_art_reference
WC03015	Aerfiraluthlarkel3015	story	V2	B12	glyph apprentice	Vayne	last open gate	Dervish source orbit	90	77	averaged_background_story_orbit_aesthetic_origin_distance	pending_art_reference
WC03016	Aeranorglassiven3016	recurring-background	V2	B13	corridor child	Null-Heart	diamond breakland	Pip source orbit	90	77	averaged_background_story_orbit_aesthetic_origin_distance	pending_art_reference
WC03017	Aerfiraianivyion3017	deep-background	V2	B14	field healer	Iron-Song	black-heart ridge	Rolzen source orbit	90	77	averaged_background_story_orbit_aesthetic_origin_distance	pending_art_reference
WC03018	Aerdalenamarlarkion3018	support	V2	B15	cavern farmer	Wren-Ash	ash river	Xethrolund source orbit	90	77	averaged_background_story_orbit_aesthetic_origin_distance	pending_art_reference
WC03019	Brenaelavelaria3019	background	V2	B16	garden watcher	Thorn-Vayne	morrow market	Rylos source orbit	90	77	averaged_background_story_orbit_aesthetic_origin_distance	pending_art_reference
WC03020	Aeranorevarakelanel3020	story	V2	B17	stone archivist	Marso-len	root vale	Kyreal source orbit	90	77	averaged_background_story_orbit_aesthetic_origin_distance	pending_art_reference
WC03021	Aermaelorforgeavel3021	recurring-background	V2	B18	orchard guard	Rolzen-line	ripper tunnel	Thessa source orbit	90	77	averaged_background_story_orbit_aesthetic_origin_distance	pending_art_reference
WC03022	Aeranordion3022	deep-background	V2	B19	sonomancy listener	Kyreal-pack	cello field	Kael source orbit	90	77	averaged_background_story_orbit_aesthetic_origin_distance	pending_art_reference
WC03023	Ashaavelquartzelle3023	support	V2	B20	tunnel witness	Xethrolund-glyph	blue-light road	Pael source orbit	90	77	averaged_background_story_orbit_aesthetic_origin_distance	pending_art_reference
WC03024	Aerindraamarglassel3024	background	V2	B21	threshold mason	Pip-no-path	xeth glyph yard	Soth source orbit	90	77	averaged_background_story_orbit_aesthetic_origin_distance	pending_art_reference
WC03025	Aerfiracairnaria3025	story	V2	B22	bookbinder	Mack-ground	stone fen	Vellin source orbit	90	77	averaged_background_story_orbit_aesthetic_origin_distance	pending_art_reference
WC03026	Aeranorevarael3026	recurring-background	V2	B23	bridge keeper	Dervish-glass	pocket sanctuary	Corrath source orbit	90	77	averaged_background_story_orbit_aesthetic_origin_distance	pending_art_reference
WC03027	Aerdalenbrookaria3027	deep-background	V2	B24	market singer	Vayne	glass orchard	Dervish source orbit	90	77	averaged_background_story_orbit_aesthetic_origin_distance	pending_art_reference
WC03028	Aerdaleniangroveael3028	support	V2	B25	glass forge worker	Null-Heart	neith edge	Pip source orbit	90	77	averaged_background_story_orbit_aesthetic_origin_distance	pending_art_reference
WC03029	Aerdalenriveriven3029	background	V2	B26	ripper survivor	Iron-Song	willow-stone county	Rolzen source orbit	90	77	averaged_background_story_orbit_aesthetic_origin_distance	pending_art_reference
WC03030	Aeranorbrookaen3030	story	V2	B27	map seller	Wren-Ash	last open gate	Xethrolund source orbit	90	77	averaged_background_story_orbit_aesthetic_origin_distance	pending_art_reference
WC03031	Aermaelormarrowion3031	recurring-background	V2	B28	cellar cook	Thorn-Vayne	diamond breakland	Rylos source orbit	90	77	averaged_background_story_orbit_aesthetic_origin_distance	pending_art_reference
WC03032	Ashaavelquartzavel3032	deep-background	V2	B29	triage helper	Marso-len	black-heart ridge	Kyreal source orbit	90	77	averaged_background_story_orbit_aesthetic_origin_distance	pending_art_reference
WC03033	Aermaelorluthaen3033	support	V2	B30	faction runner	Rolzen-line	ash river	Thessa source orbit	90	77	averaged_background_story_orbit_aesthetic_origin_distance	pending_art_reference
WC03034	Aerfiraorcharddion3034	background	V2	B31	wolf-road scout	Kyreal-pack	morrow market	Kael source orbit	90	77	averaged_background_story_orbit_aesthetic_origin_distance	pending_art_reference
WC03035	Ashanaraindraianiel3035	story	V2	B32	glyph apprentice	Xethrolund-glyph	root vale	Pael source orbit	90	77	averaged_background_story_orbit_aesthetic_origin_distance	pending_art_reference
WC03036	Brenaelforgeen3036	recurring-background	V2	B33	corridor child	Pip-no-path	ripper tunnel	Soth source orbit	90	77	averaged_background_story_orbit_aesthetic_origin_distance	pending_art_reference
WC03037	Aerdalenluthivyaria3037	deep-background	V2	B01	field healer	Mack-ground	cello field	Vellin source orbit	90	77	averaged_background_story_orbit_aesthetic_origin_distance	pending_art_reference
WC03038	Brenkelanen3038	support	V2	B02	cavern farmer	Dervish-glass	blue-light road	Corrath source orbit	90	77	averaged_background_story_orbit_aesthetic_origin_distance	pending_art_reference
WC03039	Aermaelormarrowarel3039	background	V2	B03	garden watcher	Vayne	xeth glyph yard	Dervish source orbit	90	77	averaged_background_story_orbit_aesthetic_origin_distance	pending_art_reference
WC03040	Aerdalenglassen3040	story	V2	B04	stone archivist	Null-Heart	stone fen	Pip source orbit	90	77	averaged_background_story_orbit_aesthetic_origin_distance	pending_art_reference
WC03041	Aeranoraria3041	recurring-background	V2	B05	orchard guard	Iron-Song	pocket sanctuary	Rolzen source orbit	90	77	averaged_background_story_orbit_aesthetic_origin_distance	pending_art_reference
WC03042	Aeranorgrovearel3042	deep-background	V2	B06	sonomancy listener	Wren-Ash	glass orchard	Xethrolund source orbit	90	77	averaged_background_story_orbit_aesthetic_origin_distance	pending_art_reference
WC03043	Aerfiraemberdria3043	support	V2	B07	tunnel witness	Thorn-Vayne	neith edge	Rylos source orbit	90	77	averaged_background_story_orbit_aesthetic_origin_distance	pending_art_reference
WC03044	Caelcoriaaelnaraion3044	background	V2	B08	threshold mason	Marso-len	willow-stone county	Kyreal source orbit	90	77	averaged_background_story_orbit_aesthetic_origin_distance	pending_art_reference
WC03045	Aerfiraamarfenel3045	story	V2	B09	bookbinder	Rolzen-line	last open gate	Thessa source orbit	90	77	averaged_background_story_orbit_aesthetic_origin_distance	pending_art_reference
WC03046	Aermaeloren3046	recurring-background	V2	B10	bridge keeper	Kyreal-pack	diamond breakland	Kael source orbit	90	77	averaged_background_story_orbit_aesthetic_origin_distance	pending_art_reference
WC03047	Aerfiraluthashen3047	deep-background	V2	B11	market singer	Xethrolund-glyph	black-heart ridge	Pael source orbit	90	77	averaged_background_story_orbit_aesthetic_origin_distance	pending_art_reference
WC03048	Aerindraianbellavel3048	support	V2	B12	glass forge worker	Pip-no-path	ash river	Soth source orbit	90	77	averaged_background_story_orbit_aesthetic_origin_distance	pending_art_reference
WC03049	Aerindraluthashael3049	background	V2	B13	ripper survivor	Mack-ground	morrow market	Vellin source orbit	90	77	averaged_background_story_orbit_aesthetic_origin_distance	pending_art_reference
WC03050	Aerdalencairniel3050	story	V2	B14	map seller	Dervish-glass	root vale	Corrath source orbit	90	77	averaged_background_story_orbit_aesthetic_origin_distance	pending_art_reference
WC03051	Aerindraluthkelanen3051	recurring-background	V2	B15	cellar cook	Vayne	ripper tunnel	Dervish source orbit	90	77	averaged_background_story_orbit_aesthetic_origin_distance	pending_art_reference
WC03052	Aerdalenamaremberen3052	deep-background	V2	B16	triage helper	Null-Heart	cello field	Pip source orbit	90	77	averaged_background_story_orbit_aesthetic_origin_distance	pending_art_reference
WC03053	Aermaelorianmossen3053	support	V2	B17	faction runner	Iron-Song	blue-light road	Rolzen source orbit	90	77	averaged_background_story_orbit_aesthetic_origin_distance	pending_art_reference
WC03054	Aerfiraamarcrowniel3054	background	V2	B18	wolf-road scout	Wren-Ash	xeth glyph yard	Xethrolund source orbit	90	77	averaged_background_story_orbit_aesthetic_origin_distance	pending_art_reference
WC03055	Aerindrabrookel3055	story	V2	B19	glyph apprentice	Thorn-Vayne	stone fen	Rylos source orbit	90	77	averaged_background_story_orbit_aesthetic_origin_distance	pending_art_reference
WC03056	Aerindrahollowdria3056	recurring-background	V2	B20	corridor child	Marso-len	pocket sanctuary	Kyreal source orbit	90	77	averaged_background_story_orbit_aesthetic_origin_distance	pending_art_reference
WC03057	Aerdalencinderiven3057	deep-background	V2	B21	field healer	Rolzen-line	glass orchard	Thessa source orbit	90	77	averaged_background_story_orbit_aesthetic_origin_distance	pending_art_reference
WC03058	Aeranorluthel3058	support	V2	B22	cavern farmer	Kyreal-pack	neith edge	Kael source orbit	90	77	averaged_background_story_orbit_aesthetic_origin_distance	pending_art_reference
WC03059	Aerindraamarmossaen3059	background	V2	B23	garden watcher	Xethrolund-glyph	willow-stone county	Pael source orbit	90	77	averaged_background_story_orbit_aesthetic_origin_distance	pending_art_reference
WC03060	Aeranoravel3060	story	V2	B24	stone archivist	Pip-no-path	last open gate	Soth source orbit	90	77	averaged_background_story_orbit_aesthetic_origin_distance	pending_art_reference
WC03061	Aeranormiredria3061	recurring-background	V2	B25	orchard guard	Mack-ground	diamond breakland	Vellin source orbit	90	77	averaged_background_story_orbit_aesthetic_origin_distance	pending_art_reference
WC03062	Aermaelorianivyaria3062	deep-background	V2	B26	sonomancy listener	Dervish-glass	black-heart ridge	Corrath source orbit	90	77	averaged_background_story_orbit_aesthetic_origin_distance	pending_art_reference
WC03063	Aerdalenamarglassen3063	support	V2	B27	tunnel witness	Vayne	ash river	Dervish source orbit	90	77	averaged_background_story_orbit_aesthetic_origin_distance	pending_art_reference
WC03064	Ashagalenashdria3064	background	V2	B28	threshold mason	Null-Heart	morrow market	Pip source orbit	90	77	averaged_background_story_orbit_aesthetic_origin_distance	pending_art_reference
WC03065	Aeranorianelle3065	story	V2	B29	bookbinder	Iron-Song	root vale	Rolzen source orbit	90	77	averaged_background_story_orbit_aesthetic_origin_distance	pending_art_reference
WC03066	Brenaelavelion3066	recurring-background	V2	B30	bridge keeper	Wren-Ash	ripper tunnel	Xethrolund source orbit	90	77	averaged_background_story_orbit_aesthetic_origin_distance	pending_art_reference
WC03067	Aerfiraianbelliven3067	deep-background	V2	B31	market singer	Thorn-Vayne	cello field	Rylos source orbit	90	77	averaged_background_story_orbit_aesthetic_origin_distance	pending_art_reference
WC03068	Aerindracoriaivyiel3068	support	V2	B32	glass forge worker	Marso-len	blue-light road	Kyreal source orbit	90	77	averaged_background_story_orbit_aesthetic_origin_distance	pending_art_reference
WC03069	Aeranorforgeael3069	background	V2	B33	ripper survivor	Rolzen-line	xeth glyph yard	Thessa source orbit	90	77	averaged_background_story_orbit_aesthetic_origin_distance	pending_art_reference
WC03070	Aeranorglassel3070	story	V2	B01	map seller	Kyreal-pack	stone fen	Kael source orbit	90	77	averaged_background_story_orbit_aesthetic_origin_distance	pending_art_reference
WC03071	Aerfiraamarforgeaen3071	recurring-background	V2	B02	cellar cook	Xethrolund-glyph	pocket sanctuary	Pael source orbit	90	77	averaged_background_story_orbit_aesthetic_origin_distance	pending_art_reference
WC03072	Ashajorafiraianaria3072	deep-background	V2	B03	triage helper	Pip-no-path	glass orchard	Soth source orbit	90	77	averaged_background_story_orbit_aesthetic_origin_distance	pending_art_reference
WC03073	Ashaavelemberarel3073	support	V2	B04	faction runner	Mack-ground	neith edge	Vellin source orbit	90	77	averaged_background_story_orbit_aesthetic_origin_distance	pending_art_reference
WC03074	Brenhalorbelliel3074	background	V2	B05	wolf-road scout	Dervish-glass	willow-stone county	Corrath source orbit	90	77	averaged_background_story_orbit_aesthetic_origin_distance	pending_art_reference
WC03075	Ashanaramaelorelle3075	story	V2	B06	glyph apprentice	Vayne	last open gate	Dervish source orbit	90	77	averaged_background_story_orbit_aesthetic_origin_distance	pending_art_reference
WC03076	Aeranorianaelfenaen3076	recurring-background	V2	B07	corridor child	Null-Heart	diamond breakland	Pip source orbit	90	77	averaged_background_story_orbit_aesthetic_origin_distance	pending_art_reference
WC03077	Aerfirahollowavel3077	deep-background	V2	B08	field healer	Iron-Song	black-heart ridge	Rolzen source orbit	90	77	averaged_background_story_orbit_aesthetic_origin_distance	pending_art_reference
WC03078	Aerdaleniancrownael3078	support	V2	B09	cavern farmer	Wren-Ash	ash river	Xethrolund source orbit	90	77	averaged_background_story_orbit_aesthetic_origin_distance	pending_art_reference
WC03079	Brenendarelionael3079	background	V2	B10	garden watcher	Thorn-Vayne	morrow market	Rylos source orbit	90	77	averaged_background_story_orbit_aesthetic_origin_distance	pending_art_reference
WC03080	Aerindrahollowaen3080	story	V2	B11	stone archivist	Marso-len	root vale	Kyreal source orbit	90	77	averaged_background_story_orbit_aesthetic_origin_distance	pending_art_reference
WC03081	Aeranorivyaen3081	recurring-background	V2	B12	orchard guard	Rolzen-line	ripper tunnel	Thessa source orbit	90	77	averaged_background_story_orbit_aesthetic_origin_distance	pending_art_reference
WC03082	Ashaelionivyiel3082	deep-background	V2	B13	sonomancy listener	Kyreal-pack	cello field	Kael source orbit	90	77	averaged_background_story_orbit_aesthetic_origin_distance	pending_art_reference
WC03083	Aermaelorianbrinion3083	support	V2	B14	tunnel witness	Xethrolund-glyph	blue-light road	Pael source orbit	90	77	averaged_background_story_orbit_aesthetic_origin_distance	pending_art_reference
WC03084	Ashaelionhollowdion3084	background	V2	B15	threshold mason	Pip-no-path	xeth glyph yard	Soth source orbit	90	77	averaged_background_story_orbit_aesthetic_origin_distance	pending_art_reference
WC03085	Aermaelorfenel3085	story	V2	B16	bookbinder	Mack-ground	stone fen	Vellin source orbit	90	77	averaged_background_story_orbit_aesthetic_origin_distance	pending_art_reference
WC03086	Ashanaraemberen3086	recurring-background	V2	B17	bridge keeper	Dervish-glass	pocket sanctuary	Corrath source orbit	90	77	averaged_background_story_orbit_aesthetic_origin_distance	pending_art_reference
WC03087	Ashagalenmireen3087	deep-background	V2	B18	market singer	Vayne	glass orchard	Dervish source orbit	90	77	averaged_background_story_orbit_aesthetic_origin_distance	pending_art_reference
WC03088	Aerindraglassavel3088	support	V2	B19	glass forge worker	Null-Heart	neith edge	Pip source orbit	90	77	averaged_background_story_orbit_aesthetic_origin_distance	pending_art_reference
WC03089	Aeranorriverarel3089	background	V2	B20	ripper survivor	Iron-Song	willow-stone county	Rolzen source orbit	90	77	averaged_background_story_orbit_aesthetic_origin_distance	pending_art_reference
WC03090	Aerindraemberaen3090	story	V2	B21	map seller	Wren-Ash	last open gate	Xethrolund source orbit	90	77	averaged_background_story_orbit_aesthetic_origin_distance	pending_art_reference
WC03091	Aerdalenmarrowel3091	recurring-background	V2	B22	cellar cook	Thorn-Vayne	diamond breakland	Rylos source orbit	90	77	averaged_background_story_orbit_aesthetic_origin_distance	pending_art_reference
WC03092	Aeranoraen3092	deep-background	V2	B23	triage helper	Marso-len	black-heart ridge	Kyreal source orbit	90	77	averaged_background_story_orbit_aesthetic_origin_distance	pending_art_reference
WC03093	Ashanaralarkiel3093	support	V2	B24	faction runner	Rolzen-line	ash river	Thessa source orbit	90	77	averaged_background_story_orbit_aesthetic_origin_distance	pending_art_reference
WC03094	Aerfiraglassiel3094	background	V2	B25	wolf-road scout	Kyreal-pack	morrow market	Kael source orbit	90	77	averaged_background_story_orbit_aesthetic_origin_distance	pending_art_reference
WC03095	Aeranoraen3095	story	V2	B26	glyph apprentice	Xethrolund-glyph	root vale	Pael source orbit	90	77	averaged_background_story_orbit_aesthetic_origin_distance	pending_art_reference
WC03096	Ashajoracairnelle3096	recurring-background	V2	B27	corridor child	Pip-no-path	ripper tunnel	Soth source orbit	90	77	averaged_background_story_orbit_aesthetic_origin_distance	pending_art_reference
WC03097	Brenbrinbellarel3097	deep-background	V2	B28	field healer	Mack-ground	cello field	Vellin source orbit	90	77	averaged_background_story_orbit_aesthetic_origin_distance	pending_art_reference
WC03098	Brenhalorjoraael3098	support	V2	B29	cavern farmer	Dervish-glass	blue-light road	Corrath source orbit	90	77	averaged_background_story_orbit_aesthetic_origin_distance	pending_art_reference
WC03099	Aerfiragrovedria3099	background	V2	B30	garden watcher	Vayne	xeth glyph yard	Dervish source orbit	90	77	averaged_background_story_orbit_aesthetic_origin_distance	pending_art_reference
WC03100	Aerfiraianhalorelle3100	story	V2	B31	stone archivist	Null-Heart	stone fen	Pip source orbit	90	77	averaged_background_story_orbit_aesthetic_origin_distance	pending_art_reference
WC03101	Aerdalenluthiven3101	recurring-background	V2	B32	orchard guard	Iron-Song	pocket sanctuary	Rolzen source orbit	90	77	averaged_background_story_orbit_aesthetic_origin_distance	pending_art_reference
WC03102	Aeranorluthlarkdion3102	deep-background	V2	B33	sonomancy listener	Wren-Ash	glass orchard	Xethrolund source orbit	90	77	averaged_background_story_orbit_aesthetic_origin_distance	pending_art_reference
WC03103	Aerdalengrovedria3103	support	V2	B01	tunnel witness	Thorn-Vayne	neith edge	Rylos source orbit	90	77	averaged_background_story_orbit_aesthetic_origin_distance	pending_art_reference
WC03104	Aerfiraluthaelarel3104	background	V2	B02	threshold mason	Marso-len	willow-stone county	Kyreal source orbit	90	77	averaged_background_story_orbit_aesthetic_origin_distance	pending_art_reference
WC03105	Aeranorluthmireion3105	story	V2	B03	bookbinder	Rolzen-line	last open gate	Thessa source orbit	90	77	averaged_background_story_orbit_aesthetic_origin_distance	pending_art_reference
WC03106	Aerdalencrownel3106	recurring-background	V2	B04	bridge keeper	Kyreal-pack	diamond breakland	Kael source orbit	90	77	averaged_background_story_orbit_aesthetic_origin_distance	pending_art_reference
WC03107	Ashaavelmarrowavel3107	deep-background	V2	B05	market singer	Xethrolund-glyph	black-heart ridge	Pael source orbit	90	77	averaged_background_story_orbit_aesthetic_origin_distance	pending_art_reference
WC03108	Ashajoraanorianion3108	support	V2	B06	glass forge worker	Pip-no-path	ash river	Soth source orbit	90	77	averaged_background_story_orbit_aesthetic_origin_distance	pending_art_reference
WC03109	Aeranorluthavel3109	background	V2	B07	ripper survivor	Mack-ground	morrow market	Vellin source orbit	90	77	averaged_background_story_orbit_aesthetic_origin_distance	pending_art_reference
WC03110	Caelluthhaloriven3110	story	V2	B08	map seller	Dervish-glass	root vale	Corrath source orbit	90	77	averaged_background_story_orbit_aesthetic_origin_distance	pending_art_reference
WC03111	Ashaavelcairnavel3111	recurring-background	V2	B09	cellar cook	Vayne	ripper tunnel	Dervish source orbit	90	77	averaged_background_story_orbit_aesthetic_origin_distance	pending_art_reference
WC03112	Aerindraluthgroveen3112	deep-background	V2	B10	triage helper	Null-Heart	cello field	Pip source orbit	90	77	averaged_background_story_orbit_aesthetic_origin_distance	pending_art_reference
WC03113	Aeranoramarmossiven3113	support	V2	B11	faction runner	Iron-Song	blue-light road	Rolzen source orbit	90	77	averaged_background_story_orbit_aesthetic_origin_distance	pending_art_reference
WC03114	Aeranoramarlarkelle3114	background	V2	B12	wolf-road scout	Wren-Ash	xeth glyph yard	Xethrolund source orbit	90	77	averaged_background_story_orbit_aesthetic_origin_distance	pending_art_reference
WC03115	Ashaavelmireen3115	story	V2	B13	glyph apprentice	Thorn-Vayne	stone fen	Rylos source orbit	90	77	averaged_background_story_orbit_aesthetic_origin_distance	pending_art_reference
WC03116	Brenkelanavelavel3116	recurring-background	V2	B14	corridor child	Marso-len	pocket sanctuary	Kyreal source orbit	90	77	averaged_background_story_orbit_aesthetic_origin_distance	pending_art_reference
WC03117	Aeranorcinderdria3117	deep-background	V2	B15	field healer	Rolzen-line	glass orchard	Thessa source orbit	90	77	averaged_background_story_orbit_aesthetic_origin_distance	pending_art_reference
WC03118	Ashaavelmossiven3118	support	V2	B16	cavern farmer	Kyreal-pack	neith edge	Kael source orbit	90	77	averaged_background_story_orbit_aesthetic_origin_distance	pending_art_reference
WC03119	Aermaelorfenael3119	background	V2	B17	garden watcher	Xethrolund-glyph	willow-stone county	Pael source orbit	90	77	averaged_background_story_orbit_aesthetic_origin_distance	pending_art_reference
WC03120	Brenaelavelmireaen3120	story	V2	B18	stone archivist	Pip-no-path	last open gate	Soth source orbit	90	77	averaged_background_story_orbit_aesthetic_origin_distance	pending_art_reference
WC03121	Aerdalenluthashelle3121	recurring-background	V2	B19	orchard guard	Mack-ground	diamond breakland	Vellin source orbit	90	77	averaged_background_story_orbit_aesthetic_origin_distance	pending_art_reference
WC03122	Aerfiraianforgeel3122	deep-background	V2	B20	sonomancy listener	Dervish-glass	black-heart ridge	Corrath source orbit	90	77	averaged_background_story_orbit_aesthetic_origin_distance	pending_art_reference
WC03123	Aeranorbrookiel3123	support	V2	B21	tunnel witness	Vayne	ash river	Dervish source orbit	90	77	averaged_background_story_orbit_aesthetic_origin_distance	pending_art_reference
WC03124	Ashaavelindraianion3124	background	V2	B22	threshold mason	Null-Heart	morrow market	Pip source orbit	90	77	averaged_background_story_orbit_aesthetic_origin_distance	pending_art_reference
WC03125	Ashaelionfirafeniel3125	story	V2	B23	bookbinder	Iron-Song	root vale	Rolzen source orbit	90	77	averaged_background_story_orbit_aesthetic_origin_distance	pending_art_reference
WC03126	Aerfiraluthlarken3126	recurring-background	V2	B24	bridge keeper	Wren-Ash	ripper tunnel	Xethrolund source orbit	90	77	averaged_background_story_orbit_aesthetic_origin_distance	pending_art_reference
WC03127	Aerfiragroveiel3127	deep-background	V2	B25	market singer	Thorn-Vayne	cello field	Rylos source orbit	90	77	averaged_background_story_orbit_aesthetic_origin_distance	pending_art_reference
WC03128	Ashaavelmaelorael3128	support	V2	B26	glass forge worker	Marso-len	blue-light road	Kyreal source orbit	90	77	averaged_background_story_orbit_aesthetic_origin_distance	pending_art_reference
WC03129	Ashaavellarkiven3129	background	V2	B27	ripper survivor	Rolzen-line	xeth glyph yard	Thessa source orbit	90	77	averaged_background_story_orbit_aesthetic_origin_distance	pending_art_reference
WC03130	Caelamarel3130	story	V2	B28	map seller	Kyreal-pack	stone fen	Kael source orbit	90	77	averaged_background_story_orbit_aesthetic_origin_distance	pending_art_reference
WC03131	Aerindraamarashaen3131	recurring-background	V2	B29	cellar cook	Xethrolund-glyph	pocket sanctuary	Pael source orbit	90	77	averaged_background_story_orbit_aesthetic_origin_distance	pending_art_reference
WC03132	Ashagalenindraiven3132	deep-background	V2	B30	triage helper	Pip-no-path	glass orchard	Soth source orbit	90	77	averaged_background_story_orbit_aesthetic_origin_distance	pending_art_reference
WC03133	Aeranorianashaen3133	support	V2	B31	faction runner	Mack-ground	neith edge	Vellin source orbit	90	77	averaged_background_story_orbit_aesthetic_origin_distance	pending_art_reference
WC03134	Ashaaveliel3134	background	V2	B32	wolf-road scout	Dervish-glass	willow-stone county	Corrath source orbit	90	77	averaged_background_story_orbit_aesthetic_origin_distance	pending_art_reference
WC03135	Aeranorgroveavel3135	story	V2	B33	glyph apprentice	Vayne	last open gate	Dervish source orbit	90	77	averaged_background_story_orbit_aesthetic_origin_distance	pending_art_reference
WC03136	Ashaavelfiraluthen3136	recurring-background	V2	B01	corridor child	Null-Heart	diamond breakland	Pip source orbit	90	77	averaged_background_story_orbit_aesthetic_origin_distance	pending_art_reference
WC03137	Aeranorluthmossion3137	deep-background	V2	B02	field healer	Iron-Song	black-heart ridge	Rolzen source orbit	90	77	averaged_background_story_orbit_aesthetic_origin_distance	pending_art_reference
WC03138	Aerdalenquartzavel3138	support	V2	B03	cavern farmer	Wren-Ash	ash river	Xethrolund source orbit	90	77	averaged_background_story_orbit_aesthetic_origin_distance	pending_art_reference
WC03139	Aermaeloravel3139	background	V2	B04	garden watcher	Thorn-Vayne	morrow market	Rylos source orbit	90	77	averaged_background_story_orbit_aesthetic_origin_distance	pending_art_reference
WC03140	Aeranoramarivyael3140	story	V2	B05	stone archivist	Marso-len	root vale	Kyreal source orbit	90	77	averaged_background_story_orbit_aesthetic_origin_distance	pending_art_reference
WC03141	Aermaelorianfenaria3141	recurring-background	V2	B06	orchard guard	Rolzen-line	ripper tunnel	Thessa source orbit	90	77	averaged_background_story_orbit_aesthetic_origin_distance	pending_art_reference
WC03142	Ashaavelforgedion3142	deep-background	V2	B07	sonomancy listener	Kyreal-pack	cello field	Kael source orbit	90	77	averaged_background_story_orbit_aesthetic_origin_distance	pending_art_reference
WC03143	Ashagalenemberelle3143	support	V2	B08	tunnel witness	Xethrolund-glyph	blue-light road	Pael source orbit	90	77	averaged_background_story_orbit_aesthetic_origin_distance	pending_art_reference
WC03144	Ashaelionhollowiel3144	background	V2	B09	threshold mason	Pip-no-path	xeth glyph yard	Soth source orbit	90	77	averaged_background_story_orbit_aesthetic_origin_distance	pending_art_reference
WC03145	Aeranorianivyaen3145	story	V2	B10	bookbinder	Mack-ground	stone fen	Vellin source orbit	90	77	averaged_background_story_orbit_aesthetic_origin_distance	pending_art_reference
WC03146	Ashanaraanoramarael3146	recurring-background	V2	B11	bridge keeper	Dervish-glass	pocket sanctuary	Corrath source orbit	90	77	averaged_background_story_orbit_aesthetic_origin_distance	pending_art_reference
WC03147	Ashanaradalenen3147	deep-background	V2	B12	market singer	Vayne	glass orchard	Dervish source orbit	90	77	averaged_background_story_orbit_aesthetic_origin_distance	pending_art_reference
WC03148	Aerdalenlarkavel3148	support	V2	B13	glass forge worker	Null-Heart	neith edge	Pip source orbit	90	77	averaged_background_story_orbit_aesthetic_origin_distance	pending_art_reference
WC03149	Aerdalenamarivyiel3149	background	V2	B14	ripper survivor	Iron-Song	willow-stone county	Rolzen source orbit	90	77	averaged_background_story_orbit_aesthetic_origin_distance	pending_art_reference
WC03150	Ashagalenmireelle3150	story	V2	B15	map seller	Wren-Ash	last open gate	Xethrolund source orbit	90	77	averaged_background_story_orbit_aesthetic_origin_distance	pending_art_reference
WC03151	Ashaelioncairniven3151	recurring-background	V2	B16	cellar cook	Thorn-Vayne	diamond breakland	Rylos source orbit	90	77	averaged_background_story_orbit_aesthetic_origin_distance	pending_art_reference
WC03152	Ashanarafiraaen3152	deep-background	V2	B17	triage helper	Marso-len	black-heart ridge	Kyreal source orbit	90	77	averaged_background_story_orbit_aesthetic_origin_distance	pending_art_reference
WC03153	Aeranoramarmireion3153	support	V2	B18	faction runner	Rolzen-line	ash river	Thessa source orbit	90	77	averaged_background_story_orbit_aesthetic_origin_distance	pending_art_reference
WC03154	Caelianendaren3154	background	V2	B19	wolf-road scout	Kyreal-pack	morrow market	Kael source orbit	90	77	averaged_background_story_orbit_aesthetic_origin_distance	pending_art_reference
WC03155	Aerdalenamarivyarel3155	story	V2	B20	glyph apprentice	Xethrolund-glyph	root vale	Pael source orbit	90	77	averaged_background_story_orbit_aesthetic_origin_distance	pending_art_reference
WC03156	Aerindraluthaelaria3156	recurring-background	V2	B21	corridor child	Pip-no-path	ripper tunnel	Soth source orbit	90	77	averaged_background_story_orbit_aesthetic_origin_distance	pending_art_reference
WC03157	Aerdalenluthmossael3157	deep-background	V2	B22	field healer	Mack-ground	cello field	Vellin source orbit	90	77	averaged_background_story_orbit_aesthetic_origin_distance	pending_art_reference
WC03158	Aeranorcoriaiel3158	support	V2	B23	cavern farmer	Dervish-glass	blue-light road	Corrath source orbit	90	77	averaged_background_story_orbit_aesthetic_origin_distance	pending_art_reference
WC03159	Aerdalenianglassiel3159	background	V2	B24	garden watcher	Vayne	xeth glyph yard	Dervish source orbit	90	77	averaged_background_story_orbit_aesthetic_origin_distance	pending_art_reference
WC03160	Ashajoraanorion3160	story	V2	B25	stone archivist	Null-Heart	stone fen	Pip source orbit	90	77	averaged_background_story_orbit_aesthetic_origin_distance	pending_art_reference
WC03161	Aermaelorfendria3161	recurring-background	V2	B26	orchard guard	Iron-Song	pocket sanctuary	Rolzen source orbit	90	77	averaged_background_story_orbit_aesthetic_origin_distance	pending_art_reference
WC03162	Caelcoriabelldion3162	deep-background	V2	B27	sonomancy listener	Wren-Ash	glass orchard	Xethrolund source orbit	90	77	averaged_background_story_orbit_aesthetic_origin_distance	pending_art_reference
WC03163	Aermaelorianen3163	support	V2	B28	tunnel witness	Thorn-Vayne	neith edge	Rylos source orbit	90	77	averaged_background_story_orbit_aesthetic_origin_distance	pending_art_reference
WC03164	Ashaelionquartzavel3164	background	V2	B29	threshold mason	Marso-len	willow-stone county	Kyreal source orbit	90	77	averaged_background_story_orbit_aesthetic_origin_distance	pending_art_reference
WC03165	Ashaavelfiraashaen3165	story	V2	B30	bookbinder	Rolzen-line	last open gate	Thessa source orbit	90	77	averaged_background_story_orbit_aesthetic_origin_distance	pending_art_reference
WC03166	Aerdalenglassion3166	recurring-background	V2	B31	bridge keeper	Kyreal-pack	diamond breakland	Kael source orbit	90	77	averaged_background_story_orbit_aesthetic_origin_distance	pending_art_reference
WC03167	Caelcoriahalorarel3167	deep-background	V2	B32	market singer	Xethrolund-glyph	black-heart ridge	Pael source orbit	90	77	averaged_background_story_orbit_aesthetic_origin_distance	pending_art_reference
WC03168	Aeranorianaelashiel3168	support	V2	B33	glass forge worker	Pip-no-path	ash river	Soth source orbit	90	77	averaged_background_story_orbit_aesthetic_origin_distance	pending_art_reference
WC03169	Aerindraevaraivyael3169	background	V2	B01	ripper survivor	Mack-ground	morrow market	Vellin source orbit	90	77	averaged_background_story_orbit_aesthetic_origin_distance	pending_art_reference
WC03170	Aerdalenfendion3170	story	V2	B02	map seller	Dervish-glass	root vale	Corrath source orbit	90	77	averaged_background_story_orbit_aesthetic_origin_distance	pending_art_reference
WC03171	Aerfiraamarlarken3171	recurring-background	V2	B03	cellar cook	Vayne	ripper tunnel	Dervish source orbit	90	77	averaged_background_story_orbit_aesthetic_origin_distance	pending_art_reference
WC03172	Ashaavelivyavel3172	deep-background	V2	B04	triage helper	Null-Heart	cello field	Pip source orbit	90	77	averaged_background_story_orbit_aesthetic_origin_distance	pending_art_reference
WC03173	Ashagalenbrookavel3173	support	V2	B05	faction runner	Iron-Song	blue-light road	Rolzen source orbit	90	77	averaged_background_story_orbit_aesthetic_origin_distance	pending_art_reference
WC03174	Aerfiraianlarkelle3174	background	V2	B06	wolf-road scout	Wren-Ash	xeth glyph yard	Xethrolund source orbit	90	77	averaged_background_story_orbit_aesthetic_origin_distance	pending_art_reference
WC03175	Aerfiraianaelashiel3175	story	V2	B07	glyph apprentice	Thorn-Vayne	stone fen	Rylos source orbit	90	77	averaged_background_story_orbit_aesthetic_origin_distance	pending_art_reference
WC03176	Ashajoradalenael3176	recurring-background	V2	B08	corridor child	Marso-len	pocket sanctuary	Kyreal source orbit	90	77	averaged_background_story_orbit_aesthetic_origin_distance	pending_art_reference
WC03177	Ashaavelanorianarel3177	deep-background	V2	B09	field healer	Rolzen-line	glass orchard	Thessa source orbit	90	77	averaged_background_story_orbit_aesthetic_origin_distance	pending_art_reference
WC03178	Aeranorluthbrookaen3178	support	V2	B10	cavern farmer	Kyreal-pack	neith edge	Kael source orbit	90	77	averaged_background_story_orbit_aesthetic_origin_distance	pending_art_reference
WC03179	Caelevaraion3179	background	V2	B11	garden watcher	Xethrolund-glyph	willow-stone county	Pael source orbit	90	77	averaged_background_story_orbit_aesthetic_origin_distance	pending_art_reference
WC03180	Aerfiramarrowelle3180	story	V2	B12	stone archivist	Pip-no-path	last open gate	Soth source orbit	90	77	averaged_background_story_orbit_aesthetic_origin_distance	pending_art_reference
WC03181	Aeranorriverdria3181	recurring-background	V2	B13	orchard guard	Mack-ground	diamond breakland	Vellin source orbit	90	77	averaged_background_story_orbit_aesthetic_origin_distance	pending_art_reference
WC03182	Aermaelormireavel3182	deep-background	V2	B14	sonomancy listener	Dervish-glass	black-heart ridge	Corrath source orbit	90	77	averaged_background_story_orbit_aesthetic_origin_distance	pending_art_reference
WC03183	Aerdalenaen3183	support	V2	B15	tunnel witness	Vayne	ash river	Dervish source orbit	90	77	averaged_background_story_orbit_aesthetic_origin_distance	pending_art_reference
WC03184	Aerdalenarel3184	background	V2	B16	threshold mason	Null-Heart	morrow market	Pip source orbit	90	77	averaged_background_story_orbit_aesthetic_origin_distance	pending_art_reference
WC03185	Aermaelorevaraaelen3185	story	V2	B17	bookbinder	Iron-Song	root vale	Rolzen source orbit	90	77	averaged_background_story_orbit_aesthetic_origin_distance	pending_art_reference
WC03186	Aeranorianglassen3186	recurring-background	V2	B18	bridge keeper	Wren-Ash	ripper tunnel	Xethrolund source orbit	90	77	averaged_background_story_orbit_aesthetic_origin_distance	pending_art_reference
WC03187	Aerindraluthaelen3187	deep-background	V2	B19	market singer	Thorn-Vayne	cello field	Rylos source orbit	90	77	averaged_background_story_orbit_aesthetic_origin_distance	pending_art_reference
WC03188	Aerindramiredria3188	support	V2	B20	glass forge worker	Marso-len	blue-light road	Kyreal source orbit	90	77	averaged_background_story_orbit_aesthetic_origin_distance	pending_art_reference
WC03189	Aerfiracinderael3189	background	V2	B21	ripper survivor	Rolzen-line	xeth glyph yard	Thessa source orbit	90	77	averaged_background_story_orbit_aesthetic_origin_distance	pending_art_reference
WC03190	Aeranorcoriael3190	story	V2	B22	map seller	Kyreal-pack	stone fen	Kael source orbit	90	77	averaged_background_story_orbit_aesthetic_origin_distance	pending_art_reference
WC03191	Ashaavelfiraamarael3191	recurring-background	V2	B23	cellar cook	Xethrolund-glyph	pocket sanctuary	Pael source orbit	90	77	averaged_background_story_orbit_aesthetic_origin_distance	pending_art_reference
WC03192	Aeranorquartzion3192	deep-background	V2	B24	triage helper	Pip-no-path	glass orchard	Soth source orbit	90	77	averaged_background_story_orbit_aesthetic_origin_distance	pending_art_reference
WC03193	Aerdalenianivyaen3193	support	V2	B25	faction runner	Mack-ground	neith edge	Vellin source orbit	90	77	averaged_background_story_orbit_aesthetic_origin_distance	pending_art_reference
WC03194	Brenbrinavelelle3194	background	V2	B26	wolf-road scout	Dervish-glass	willow-stone county	Corrath source orbit	90	77	averaged_background_story_orbit_aesthetic_origin_distance	pending_art_reference
WC03195	Ashajorafenelle3195	story	V2	B27	glyph apprentice	Vayne	last open gate	Dervish source orbit	90	77	averaged_background_story_orbit_aesthetic_origin_distance	pending_art_reference
WC03196	Aeranororcharddria3196	recurring-background	V2	B28	corridor child	Null-Heart	diamond breakland	Pip source orbit	90	77	averaged_background_story_orbit_aesthetic_origin_distance	pending_art_reference
WC03197	Aerindraluthforgeel3197	deep-background	V2	B29	field healer	Iron-Song	black-heart ridge	Rolzen source orbit	90	77	averaged_background_story_orbit_aesthetic_origin_distance	pending_art_reference
WC03198	Aerdalenluthbellel3198	support	V2	B30	cavern farmer	Wren-Ash	ash river	Xethrolund source orbit	90	77	averaged_background_story_orbit_aesthetic_origin_distance	pending_art_reference
WC03199	Ashagalenhollowaen3199	background	V2	B31	garden watcher	Thorn-Vayne	morrow market	Rylos source orbit	90	77	averaged_background_story_orbit_aesthetic_origin_distance	pending_art_reference
WC03200	Aerfiraianforgeion3200	story	V2	B32	stone archivist	Marso-len	root vale	Kyreal source orbit	90	77	averaged_background_story_orbit_aesthetic_origin_distance	pending_art_reference
WC03201	Aeranoramaraelel3201	recurring-background	V2	B33	orchard guard	Rolzen-line	ripper tunnel	Thessa source orbit	90	77	averaged_background_story_orbit_aesthetic_origin_distance	pending_art_reference
WC03202	Aerfiraamarbrinael3202	deep-background	V2	B01	sonomancy listener	Kyreal-pack	cello field	Kael source orbit	90	77	averaged_background_story_orbit_aesthetic_origin_distance	pending_art_reference
WC03203	Aerfiraamarmossael3203	support	V2	B02	tunnel witness	Xethrolund-glyph	blue-light road	Pael source orbit	90	77	averaged_background_story_orbit_aesthetic_origin_distance	pending_art_reference
WC03204	Aerdalenianbellaria3204	background	V2	B03	threshold mason	Pip-no-path	xeth glyph yard	Soth source orbit	90	77	averaged_background_story_orbit_aesthetic_origin_distance	pending_art_reference
WC03205	Aeranorevaraion3205	story	V2	B04	bookbinder	Mack-ground	stone fen	Vellin source orbit	90	77	averaged_background_story_orbit_aesthetic_origin_distance	pending_art_reference
WC03206	Aerdalencoriael3206	recurring-background	V2	B05	bridge keeper	Dervish-glass	pocket sanctuary	Corrath source orbit	90	77	averaged_background_story_orbit_aesthetic_origin_distance	pending_art_reference
WC03207	Aerfiracorialarkaen3207	deep-background	V2	B06	market singer	Vayne	glass orchard	Dervish source orbit	90	77	averaged_background_story_orbit_aesthetic_origin_distance	pending_art_reference
WC03208	Aerindraianbrookael3208	support	V2	B07	glass forge worker	Null-Heart	neith edge	Pip source orbit	90	77	averaged_background_story_orbit_aesthetic_origin_distance	pending_art_reference
WC03209	Aerfiraianashdion3209	background	V2	B08	ripper survivor	Iron-Song	willow-stone county	Rolzen source orbit	90	77	averaged_background_story_orbit_aesthetic_origin_distance	pending_art_reference
WC03210	Brenbringaleniven3210	story	V2	B09	map seller	Wren-Ash	last open gate	Xethrolund source orbit	90	77	averaged_background_story_orbit_aesthetic_origin_distance	pending_art_reference
WC03211	Aerdalengrovearia3211	recurring-background	V2	B10	cellar cook	Thorn-Vayne	diamond breakland	Rylos source orbit	90	77	averaged_background_story_orbit_aesthetic_origin_distance	pending_art_reference
WC03212	Aerfirafenelle3212	deep-background	V2	B11	triage helper	Marso-len	black-heart ridge	Kyreal source orbit	90	77	averaged_background_story_orbit_aesthetic_origin_distance	pending_art_reference
WC03213	Ashajoralarkelle3213	support	V2	B12	faction runner	Rolzen-line	ash river	Thessa source orbit	90	77	averaged_background_story_orbit_aesthetic_origin_distance	pending_art_reference
WC03214	Ashaavelashaen3214	background	V2	B13	wolf-road scout	Kyreal-pack	morrow market	Kael source orbit	90	77	averaged_background_story_orbit_aesthetic_origin_distance	pending_art_reference
WC03215	Aeranorhollowiel3215	story	V2	B14	glyph apprentice	Xethrolund-glyph	root vale	Pael source orbit	90	77	averaged_background_story_orbit_aesthetic_origin_distance	pending_art_reference
WC03216	Aerdalencorialarkel3216	recurring-background	V2	B15	corridor child	Pip-no-path	ripper tunnel	Soth source orbit	90	77	averaged_background_story_orbit_aesthetic_origin_distance	pending_art_reference
WC03217	Ashaelionbrookiel3217	deep-background	V2	B16	field healer	Mack-ground	cello field	Vellin source orbit	90	77	averaged_background_story_orbit_aesthetic_origin_distance	pending_art_reference
WC03218	Darofiraluthasharel3218	support	V2	B17	cavern farmer	Dervish-glass	blue-light road	Corrath source orbit	90	77	averaged_background_story_orbit_aesthetic_origin_distance	pending_art_reference
WC03219	Aermaelorianaeldion3219	background	V2	B18	garden watcher	Vayne	xeth glyph yard	Dervish source orbit	90	77	averaged_background_story_orbit_aesthetic_origin_distance	pending_art_reference
WC03220	Ashagalenfiraion3220	story	V2	B19	stone archivist	Null-Heart	stone fen	Pip source orbit	90	77	averaged_background_story_orbit_aesthetic_origin_distance	pending_art_reference
WC03221	Ashanaradalenaria3221	recurring-background	V2	B20	orchard guard	Iron-Song	pocket sanctuary	Rolzen source orbit	90	77	averaged_background_story_orbit_aesthetic_origin_distance	pending_art_reference
WC03222	Ashaavelindraluthen3222	deep-background	V2	B21	sonomancy listener	Wren-Ash	glass orchard	Xethrolund source orbit	90	77	averaged_background_story_orbit_aesthetic_origin_distance	pending_art_reference
WC03223	Aerdalenquartziven3223	support	V2	B22	tunnel witness	Thorn-Vayne	neith edge	Rylos source orbit	90	77	averaged_background_story_orbit_aesthetic_origin_distance	pending_art_reference
WC03224	Brenendarjoraaria3224	background	V2	B23	threshold mason	Marso-len	willow-stone county	Kyreal source orbit	90	77	averaged_background_story_orbit_aesthetic_origin_distance	pending_art_reference
WC03225	Aerfiracoriakelanel3225	story	V2	B24	bookbinder	Rolzen-line	last open gate	Thessa source orbit	90	77	averaged_background_story_orbit_aesthetic_origin_distance	pending_art_reference
WC03226	Ashajorafiraluthael3226	recurring-background	V2	B25	bridge keeper	Kyreal-pack	diamond breakland	Kael source orbit	90	77	averaged_background_story_orbit_aesthetic_origin_distance	pending_art_reference
WC03227	Aerfiraaen3227	deep-background	V2	B26	market singer	Xethrolund-glyph	black-heart ridge	Pael source orbit	90	77	averaged_background_story_orbit_aesthetic_origin_distance	pending_art_reference
WC03228	Aermaelorgroveael3228	support	V2	B27	glass forge worker	Pip-no-path	ash river	Soth source orbit	90	77	averaged_background_story_orbit_aesthetic_origin_distance	pending_art_reference
WC03229	Aeranorcoriaivyael3229	background	V2	B28	ripper survivor	Mack-ground	morrow market	Vellin source orbit	90	77	averaged_background_story_orbit_aesthetic_origin_distance	pending_art_reference
WC03230	Aerfiraianforgedria3230	story	V2	B29	map seller	Dervish-glass	root vale	Corrath source orbit	90	77	averaged_background_story_orbit_aesthetic_origin_distance	pending_art_reference
WC03231	Aerfiracoriacrownen3231	recurring-background	V2	B30	cellar cook	Vayne	ripper tunnel	Dervish source orbit	90	77	averaged_background_story_orbit_aesthetic_origin_distance	pending_art_reference
WC03232	Aerfiralarkdion3232	deep-background	V2	B31	triage helper	Null-Heart	cello field	Pip source orbit	90	77	averaged_background_story_orbit_aesthetic_origin_distance	pending_art_reference
WC03233	Aermaelorianivyen3233	support	V2	B32	faction runner	Iron-Song	blue-light road	Rolzen source orbit	90	77	averaged_background_story_orbit_aesthetic_origin_distance	pending_art_reference
WC03234	Ashagalenmirearia3234	background	V2	B33	wolf-road scout	Wren-Ash	xeth glyph yard	Xethrolund source orbit	90	77	averaged_background_story_orbit_aesthetic_origin_distance	pending_art_reference
WC03235	Brenaelgalendion3235	story	V2	B01	glyph apprentice	Thorn-Vayne	stone fen	Rylos source orbit	90	77	averaged_background_story_orbit_aesthetic_origin_distance	pending_art_reference
WC03236	Ashagalengrovearia3236	recurring-background	V2	B02	corridor child	Marso-len	pocket sanctuary	Kyreal source orbit	90	77	averaged_background_story_orbit_aesthetic_origin_distance	pending_art_reference
WC03237	Ashagalenglassaria3237	deep-background	V2	B03	field healer	Rolzen-line	glass orchard	Thessa source orbit	90	77	averaged_background_story_orbit_aesthetic_origin_distance	pending_art_reference
WC03238	Aerindralarkaria3238	support	V2	B04	cavern farmer	Kyreal-pack	neith edge	Kael source orbit	90	77	averaged_background_story_orbit_aesthetic_origin_distance	pending_art_reference
WC03239	Ashaelionmaelorarel3239	background	V2	B05	garden watcher	Xethrolund-glyph	willow-stone county	Pael source orbit	90	77	averaged_background_story_orbit_aesthetic_origin_distance	pending_art_reference
WC03240	Ashaavelfiraianiel3240	story	V2	B06	stone archivist	Pip-no-path	last open gate	Soth source orbit	90	77	averaged_background_story_orbit_aesthetic_origin_distance	pending_art_reference
WC03241	Aerfiraluthhaloriel3241	recurring-background	V2	B07	orchard guard	Mack-ground	diamond breakland	Vellin source orbit	90	77	averaged_background_story_orbit_aesthetic_origin_distance	pending_art_reference
WC03242	Aeranorriveraen3242	deep-background	V2	B08	sonomancy listener	Dervish-glass	black-heart ridge	Corrath source orbit	90	77	averaged_background_story_orbit_aesthetic_origin_distance	pending_art_reference
WC03243	Brenendarforgeion3243	support	V2	B09	tunnel witness	Vayne	ash river	Dervish source orbit	90	77	averaged_background_story_orbit_aesthetic_origin_distance	pending_art_reference
WC03244	Aerdalenlarkaria3244	background	V2	B10	threshold mason	Null-Heart	morrow market	Pip source orbit	90	77	averaged_background_story_orbit_aesthetic_origin_distance	pending_art_reference
WC03245	Aeranoraen3245	story	V2	B11	bookbinder	Iron-Song	root vale	Rolzen source orbit	90	77	averaged_background_story_orbit_aesthetic_origin_distance	pending_art_reference
WC03246	Brenaelnaraanoravel3246	recurring-background	V2	B12	bridge keeper	Wren-Ash	ripper tunnel	Xethrolund source orbit	90	77	averaged_background_story_orbit_aesthetic_origin_distance	pending_art_reference
WC03247	Caelianaelarel3247	deep-background	V2	B13	market singer	Thorn-Vayne	cello field	Rylos source orbit	90	77	averaged_background_story_orbit_aesthetic_origin_distance	pending_art_reference
WC03248	Ashanaraanorion3248	support	V2	B14	glass forge worker	Marso-len	blue-light road	Kyreal source orbit	90	77	averaged_background_story_orbit_aesthetic_origin_distance	pending_art_reference
WC03249	Aerindracinderel3249	background	V2	B15	ripper survivor	Rolzen-line	xeth glyph yard	Thessa source orbit	90	77	averaged_background_story_orbit_aesthetic_origin_distance	pending_art_reference
WC03250	Aerindracrownaria3250	story	V2	B16	map seller	Kyreal-pack	stone fen	Kael source orbit	90	77	averaged_background_story_orbit_aesthetic_origin_distance	pending_art_reference
WC03251	Aerindraluthaelaen3251	recurring-background	V2	B17	cellar cook	Xethrolund-glyph	pocket sanctuary	Pael source orbit	90	77	averaged_background_story_orbit_aesthetic_origin_distance	pending_art_reference
WC03252	Aermaelormarrowaria3252	deep-background	V2	B18	triage helper	Pip-no-path	glass orchard	Soth source orbit	90	77	averaged_background_story_orbit_aesthetic_origin_distance	pending_art_reference
WC03253	Aerfiraianashavel3253	support	V2	B19	faction runner	Mack-ground	neith edge	Vellin source orbit	90	77	averaged_background_story_orbit_aesthetic_origin_distance	pending_art_reference
WC03254	Aermaeloramarashaen3254	background	V2	B20	wolf-road scout	Dervish-glass	willow-stone county	Corrath source orbit	90	77	averaged_background_story_orbit_aesthetic_origin_distance	pending_art_reference
WC03255	Ashajoramaeloriel3255	story	V2	B21	glyph apprentice	Vayne	last open gate	Dervish source orbit	90	77	averaged_background_story_orbit_aesthetic_origin_distance	pending_art_reference
WC03256	Ashaavelcinderion3256	recurring-background	V2	B22	corridor child	Null-Heart	diamond breakland	Pip source orbit	90	77	averaged_background_story_orbit_aesthetic_origin_distance	pending_art_reference
WC03257	Aerindraluthashel3257	deep-background	V2	B23	field healer	Iron-Song	black-heart ridge	Rolzen source orbit	90	77	averaged_background_story_orbit_aesthetic_origin_distance	pending_art_reference
WC03258	Brenaelelionen3258	support	V2	B24	cavern farmer	Wren-Ash	ash river	Xethrolund source orbit	90	77	averaged_background_story_orbit_aesthetic_origin_distance	pending_art_reference
WC03259	Aermaelorbrookdion3259	background	V2	B25	garden watcher	Thorn-Vayne	morrow market	Rylos source orbit	90	77	averaged_background_story_orbit_aesthetic_origin_distance	pending_art_reference
WC03260	Aerfiraianmossion3260	story	V2	B26	stone archivist	Marso-len	root vale	Kyreal source orbit	90	77	averaged_background_story_orbit_aesthetic_origin_distance	pending_art_reference
WC03261	Aerfiraamarmireion3261	recurring-background	V2	B27	orchard guard	Rolzen-line	ripper tunnel	Thessa source orbit	90	77	averaged_background_story_orbit_aesthetic_origin_distance	pending_art_reference
WC03262	Aeranorbellaen3262	deep-background	V2	B28	sonomancy listener	Kyreal-pack	cello field	Kael source orbit	90	77	averaged_background_story_orbit_aesthetic_origin_distance	pending_art_reference
WC03263	Aerdalenianivyel3263	support	V2	B29	tunnel witness	Xethrolund-glyph	blue-light road	Pael source orbit	90	77	averaged_background_story_orbit_aesthetic_origin_distance	pending_art_reference
WC03264	Ashaavelfiraamaraen3264	background	V2	B30	threshold mason	Pip-no-path	xeth glyph yard	Soth source orbit	90	77	averaged_background_story_orbit_aesthetic_origin_distance	pending_art_reference
WC03265	Aerindraen3265	story	V2	B31	bookbinder	Mack-ground	stone fen	Vellin source orbit	90	77	averaged_background_story_orbit_aesthetic_origin_distance	pending_art_reference
WC03266	Aeranoramarmossaen3266	recurring-background	V2	B32	bridge keeper	Dervish-glass	pocket sanctuary	Corrath source orbit	90	77	averaged_background_story_orbit_aesthetic_origin_distance	pending_art_reference
WC03267	Ashajoracairndria3267	deep-background	V2	B33	market singer	Vayne	glass orchard	Dervish source orbit	90	77	averaged_background_story_orbit_aesthetic_origin_distance	pending_art_reference
WC03268	Aeranorbellavel3268	support	V2	B01	glass forge worker	Null-Heart	neith edge	Pip source orbit	90	77	averaged_background_story_orbit_aesthetic_origin_distance	pending_art_reference
WC03269	Ashajoraemberel3269	background	V2	B02	ripper survivor	Iron-Song	willow-stone county	Rolzen source orbit	90	77	averaged_background_story_orbit_aesthetic_origin_distance	pending_art_reference
WC03270	Aerfiraluthglassael3270	story	V2	B03	map seller	Wren-Ash	last open gate	Xethrolund source orbit	90	77	averaged_background_story_orbit_aesthetic_origin_distance	pending_art_reference
WC03271	Aerfiraarel3271	recurring-background	V2	B04	cellar cook	Thorn-Vayne	diamond breakland	Rylos source orbit	90	77	averaged_background_story_orbit_aesthetic_origin_distance	pending_art_reference
WC03272	Brenendarorchardael3272	deep-background	V2	B05	triage helper	Marso-len	black-heart ridge	Kyreal source orbit	90	77	averaged_background_story_orbit_aesthetic_origin_distance	pending_art_reference
WC03273	Aerfiraevarariverel3273	support	V2	B06	faction runner	Rolzen-line	ash river	Thessa source orbit	90	77	averaged_background_story_orbit_aesthetic_origin_distance	pending_art_reference
WC03274	Caelamarkelandria3274	background	V2	B07	wolf-road scout	Kyreal-pack	morrow market	Kael source orbit	90	77	averaged_background_story_orbit_aesthetic_origin_distance	pending_art_reference
WC03275	Aerindracoriaivyen3275	story	V2	B08	glyph apprentice	Xethrolund-glyph	root vale	Pael source orbit	90	77	averaged_background_story_orbit_aesthetic_origin_distance	pending_art_reference
WC03276	Ashaelionfenelle3276	recurring-background	V2	B09	corridor child	Pip-no-path	ripper tunnel	Soth source orbit	90	77	averaged_background_story_orbit_aesthetic_origin_distance	pending_art_reference
WC03277	Aermaelorluthaelel3277	deep-background	V2	B10	field healer	Mack-ground	cello field	Vellin source orbit	90	77	averaged_background_story_orbit_aesthetic_origin_distance	pending_art_reference
WC03278	Aeranoramarmossen3278	support	V2	B11	cavern farmer	Dervish-glass	blue-light road	Corrath source orbit	90	77	averaged_background_story_orbit_aesthetic_origin_distance	pending_art_reference
WC03279	Aerdalenquartzen3279	background	V2	B12	garden watcher	Vayne	xeth glyph yard	Dervish source orbit	90	77	averaged_background_story_orbit_aesthetic_origin_distance	pending_art_reference
WC03280	Aeranorcrowniven3280	story	V2	B13	stone archivist	Null-Heart	stone fen	Pip source orbit	90	77	averaged_background_story_orbit_aesthetic_origin_distance	pending_art_reference
WC03281	Ashaelionmarrowaria3281	recurring-background	V2	B14	orchard guard	Iron-Song	pocket sanctuary	Rolzen source orbit	90	77	averaged_background_story_orbit_aesthetic_origin_distance	pending_art_reference
WC03282	Aerdalengroveen3282	deep-background	V2	B15	sonomancy listener	Wren-Ash	glass orchard	Xethrolund source orbit	90	77	averaged_background_story_orbit_aesthetic_origin_distance	pending_art_reference
WC03283	Aerdalenbrookdria3283	support	V2	B16	tunnel witness	Thorn-Vayne	neith edge	Rylos source orbit	90	77	averaged_background_story_orbit_aesthetic_origin_distance	pending_art_reference
WC03284	Aerfirafendion3284	background	V2	B17	threshold mason	Marso-len	willow-stone county	Kyreal source orbit	90	77	averaged_background_story_orbit_aesthetic_origin_distance	pending_art_reference
WC03285	Aerdalenluthfenael3285	story	V2	B18	bookbinder	Rolzen-line	last open gate	Thessa source orbit	90	77	averaged_background_story_orbit_aesthetic_origin_distance	pending_art_reference
WC03286	Aerdalenlarkel3286	recurring-background	V2	B19	bridge keeper	Kyreal-pack	diamond breakland	Kael source orbit	90	77	averaged_background_story_orbit_aesthetic_origin_distance	pending_art_reference
WC03287	Aermaelorfendion3287	deep-background	V2	B20	market singer	Xethrolund-glyph	black-heart ridge	Pael source orbit	90	77	averaged_background_story_orbit_aesthetic_origin_distance	pending_art_reference
WC03288	Ashaelionhollowdria3288	support	V2	B21	glass forge worker	Pip-no-path	ash river	Soth source orbit	90	77	averaged_background_story_orbit_aesthetic_origin_distance	pending_art_reference
WC03289	Ashaelionemberdion3289	background	V2	B22	ripper survivor	Mack-ground	morrow market	Vellin source orbit	90	77	averaged_background_story_orbit_aesthetic_origin_distance	pending_art_reference
WC03290	Aerindramireelle3290	story	V2	B23	map seller	Dervish-glass	root vale	Corrath source orbit	90	77	averaged_background_story_orbit_aesthetic_origin_distance	pending_art_reference
WC03291	Ashajoracairnaen3291	recurring-background	V2	B24	cellar cook	Vayne	ripper tunnel	Dervish source orbit	90	77	averaged_background_story_orbit_aesthetic_origin_distance	pending_art_reference
WC03292	Aerfiraaen3292	deep-background	V2	B25	triage helper	Null-Heart	cello field	Pip source orbit	90	77	averaged_background_story_orbit_aesthetic_origin_distance	pending_art_reference
WC03293	Aermaelorianbrinen3293	support	V2	B26	faction runner	Iron-Song	blue-light road	Rolzen source orbit	90	77	averaged_background_story_orbit_aesthetic_origin_distance	pending_art_reference
WC03294	Aermaelorianaeliel3294	background	V2	B27	wolf-road scout	Wren-Ash	xeth glyph yard	Xethrolund source orbit	90	77	averaged_background_story_orbit_aesthetic_origin_distance	pending_art_reference
WC03295	Ashagalenfendria3295	story	V2	B28	glyph apprentice	Thorn-Vayne	stone fen	Rylos source orbit	90	77	averaged_background_story_orbit_aesthetic_origin_distance	pending_art_reference
WC03296	Ashaavelbrookel3296	recurring-background	V2	B29	corridor child	Marso-len	pocket sanctuary	Kyreal source orbit	90	77	averaged_background_story_orbit_aesthetic_origin_distance	pending_art_reference
WC03297	Aerfiraianriverdion3297	deep-background	V2	B30	field healer	Rolzen-line	glass orchard	Thessa source orbit	90	77	averaged_background_story_orbit_aesthetic_origin_distance	pending_art_reference
WC03298	Ashajoraashdria3298	support	V2	B31	cavern farmer	Kyreal-pack	neith edge	Kael source orbit	90	77	averaged_background_story_orbit_aesthetic_origin_distance	pending_art_reference
WC03299	Aeranorianmossaen3299	background	V2	B32	garden watcher	Xethrolund-glyph	willow-stone county	Pael source orbit	90	77	averaged_background_story_orbit_aesthetic_origin_distance	pending_art_reference
WC03300	Aerfiraamarbelliven3300	story	V2	B33	stone archivist	Pip-no-path	last open gate	Soth source orbit	90	77	averaged_background_story_orbit_aesthetic_origin_distance	pending_art_reference
WC03301	Aeranoriancinderiel3301	recurring-background	V2	B01	orchard guard	Mack-ground	diamond breakland	Vellin source orbit	90	77	averaged_background_story_orbit_aesthetic_origin_distance	pending_art_reference
WC03302	Aerfiraevaramossael3302	deep-background	V2	B02	sonomancy listener	Dervish-glass	black-heart ridge	Corrath source orbit	90	77	averaged_background_story_orbit_aesthetic_origin_distance	pending_art_reference
WC03303	Aeranorcoriacrownen3303	support	V2	B03	tunnel witness	Vayne	ash river	Dervish source orbit	90	77	averaged_background_story_orbit_aesthetic_origin_distance	pending_art_reference
WC03304	Aerfirabellel3304	background	V2	B04	threshold mason	Null-Heart	morrow market	Pip source orbit	90	77	averaged_background_story_orbit_aesthetic_origin_distance	pending_art_reference
WC03305	Ashanaraanorfendion3305	story	V2	B05	bookbinder	Iron-Song	root vale	Rolzen source orbit	90	77	averaged_background_story_orbit_aesthetic_origin_distance	pending_art_reference
WC03306	Aeranorgroveiel3306	recurring-background	V2	B06	bridge keeper	Wren-Ash	ripper tunnel	Xethrolund source orbit	90	77	averaged_background_story_orbit_aesthetic_origin_distance	pending_art_reference
WC03307	Aeranoravel3307	deep-background	V2	B07	market singer	Thorn-Vayne	cello field	Rylos source orbit	90	77	averaged_background_story_orbit_aesthetic_origin_distance	pending_art_reference
WC03308	Aermaelorriverdria3308	support	V2	B08	glass forge worker	Marso-len	blue-light road	Kyreal source orbit	90	77	averaged_background_story_orbit_aesthetic_origin_distance	pending_art_reference
WC03309	Ashaavelanormossael3309	background	V2	B09	ripper survivor	Rolzen-line	xeth glyph yard	Thessa source orbit	90	77	averaged_background_story_orbit_aesthetic_origin_distance	pending_art_reference
WC03310	Aerdalenbellael3310	story	V2	B10	map seller	Kyreal-pack	stone fen	Kael source orbit	90	77	averaged_background_story_orbit_aesthetic_origin_distance	pending_art_reference
WC03311	Aerindracairnel3311	recurring-background	V2	B11	cellar cook	Xethrolund-glyph	pocket sanctuary	Pael source orbit	90	77	averaged_background_story_orbit_aesthetic_origin_distance	pending_art_reference
WC03312	Aerfirabrookion3312	deep-background	V2	B12	triage helper	Pip-no-path	glass orchard	Soth source orbit	90	77	averaged_background_story_orbit_aesthetic_origin_distance	pending_art_reference
WC03313	Aerdalenarel3313	support	V2	B13	faction runner	Mack-ground	neith edge	Vellin source orbit	90	77	averaged_background_story_orbit_aesthetic_origin_distance	pending_art_reference
WC03314	Aerfiraianivyavel3314	background	V2	B14	wolf-road scout	Dervish-glass	willow-stone county	Corrath source orbit	90	77	averaged_background_story_orbit_aesthetic_origin_distance	pending_art_reference
WC03315	Ashagalenhollowiel3315	story	V2	B15	glyph apprentice	Vayne	last open gate	Dervish source orbit	90	77	averaged_background_story_orbit_aesthetic_origin_distance	pending_art_reference
WC03316	Aerindraianbrookiel3316	recurring-background	V2	B16	corridor child	Null-Heart	diamond breakland	Pip source orbit	90	77	averaged_background_story_orbit_aesthetic_origin_distance	pending_art_reference
WC03317	Aerfiraevarahalorel3317	deep-background	V2	B17	field healer	Iron-Song	black-heart ridge	Rolzen source orbit	90	77	averaged_background_story_orbit_aesthetic_origin_distance	pending_art_reference
WC03318	Aerdalenluthbellion3318	support	V2	B18	cavern farmer	Wren-Ash	ash river	Xethrolund source orbit	90	77	averaged_background_story_orbit_aesthetic_origin_distance	pending_art_reference
WC03319	Aerindramarrowelle3319	background	V2	B19	garden watcher	Thorn-Vayne	morrow market	Rylos source orbit	90	77	averaged_background_story_orbit_aesthetic_origin_distance	pending_art_reference
WC03320	Aermaelorluthashael3320	story	V2	B20	stone archivist	Marso-len	root vale	Kyreal source orbit	90	77	averaged_background_story_orbit_aesthetic_origin_distance	pending_art_reference
WC03321	Aerfiracinderaen3321	recurring-background	V2	B21	orchard guard	Rolzen-line	ripper tunnel	Thessa source orbit	90	77	averaged_background_story_orbit_aesthetic_origin_distance	pending_art_reference
WC03322	Brenkelanelionen3322	deep-background	V2	B22	sonomancy listener	Kyreal-pack	cello field	Kael source orbit	90	77	averaged_background_story_orbit_aesthetic_origin_distance	pending_art_reference
WC03323	Brenaelbellarel3323	support	V2	B23	tunnel witness	Xethrolund-glyph	blue-light road	Pael source orbit	90	77	averaged_background_story_orbit_aesthetic_origin_distance	pending_art_reference
WC03324	Ashagalenfeniel3324	background	V2	B24	threshold mason	Pip-no-path	xeth glyph yard	Soth source orbit	90	77	averaged_background_story_orbit_aesthetic_origin_distance	pending_art_reference
WC03325	Caelevarabrinavel3325	story	V2	B25	bookbinder	Mack-ground	stone fen	Vellin source orbit	90	77	averaged_background_story_orbit_aesthetic_origin_distance	pending_art_reference
WC03326	Ashaelionindraarel3326	recurring-background	V2	B26	bridge keeper	Dervish-glass	pocket sanctuary	Corrath source orbit	90	77	averaged_background_story_orbit_aesthetic_origin_distance	pending_art_reference
WC03327	Aeranorcorialarkaen3327	deep-background	V2	B27	market singer	Vayne	glass orchard	Dervish source orbit	90	77	averaged_background_story_orbit_aesthetic_origin_distance	pending_art_reference
WC03328	Ashaavelanorlarkaen3328	support	V2	B28	glass forge worker	Null-Heart	neith edge	Pip source orbit	90	77	averaged_background_story_orbit_aesthetic_origin_distance	pending_art_reference
WC03329	Aerdalenluthen3329	background	V2	B29	ripper survivor	Iron-Song	willow-stone county	Rolzen source orbit	90	77	averaged_background_story_orbit_aesthetic_origin_distance	pending_art_reference
WC03330	Brenbrinforgedria3330	story	V2	B30	map seller	Wren-Ash	last open gate	Xethrolund source orbit	90	77	averaged_background_story_orbit_aesthetic_origin_distance	pending_art_reference
WC03331	Aerindrabrookaria3331	recurring-background	V2	B31	cellar cook	Thorn-Vayne	diamond breakland	Rylos source orbit	90	77	averaged_background_story_orbit_aesthetic_origin_distance	pending_art_reference
WC03332	Aerindraianasharel3332	deep-background	V2	B32	triage helper	Marso-len	black-heart ridge	Kyreal source orbit	90	77	averaged_background_story_orbit_aesthetic_origin_distance	pending_art_reference
WC03333	Ashaelionorchardiel3333	support	V2	B33	faction runner	Rolzen-line	ash river	Thessa source orbit	90	77	averaged_background_story_orbit_aesthetic_origin_distance	pending_art_reference
WC03334	Aerdalencrowniel3334	background	V2	B01	wolf-road scout	Kyreal-pack	morrow market	Kael source orbit	90	77	averaged_background_story_orbit_aesthetic_origin_distance	pending_art_reference
WC03335	Ashagalenmarrowavel3335	story	V2	B02	glyph apprentice	Xethrolund-glyph	root vale	Pael source orbit	90	77	averaged_background_story_orbit_aesthetic_origin_distance	pending_art_reference
WC03336	Brenbrinmossen3336	recurring-background	V2	B03	corridor child	Pip-no-path	ripper tunnel	Soth source orbit	90	77	averaged_background_story_orbit_aesthetic_origin_distance	pending_art_reference
WC03337	Ashanaraemberelle3337	deep-background	V2	B04	field healer	Mack-ground	cello field	Vellin source orbit	90	77	averaged_background_story_orbit_aesthetic_origin_distance	pending_art_reference
WC03338	Aerindrariverelle3338	support	V2	B05	cavern farmer	Dervish-glass	blue-light road	Corrath source orbit	90	77	averaged_background_story_orbit_aesthetic_origin_distance	pending_art_reference
WC03339	Ashaelioncairnael3339	background	V2	B06	garden watcher	Vayne	xeth glyph yard	Dervish source orbit	90	77	averaged_background_story_orbit_aesthetic_origin_distance	pending_art_reference
WC03340	Aeranorglassarel3340	story	V2	B07	stone archivist	Null-Heart	stone fen	Pip source orbit	90	77	averaged_background_story_orbit_aesthetic_origin_distance	pending_art_reference
WC03341	Aeranorluthmosselle3341	recurring-background	V2	B08	orchard guard	Iron-Song	pocket sanctuary	Rolzen source orbit	90	77	averaged_background_story_orbit_aesthetic_origin_distance	pending_art_reference
WC03342	Aerfiraquartziven3342	deep-background	V2	B09	sonomancy listener	Wren-Ash	glass orchard	Xethrolund source orbit	90	77	averaged_background_story_orbit_aesthetic_origin_distance	pending_art_reference
WC03343	Caelevarahalorelle3343	support	V2	B10	tunnel witness	Thorn-Vayne	neith edge	Rylos source orbit	90	77	averaged_background_story_orbit_aesthetic_origin_distance	pending_art_reference
WC03344	Aerfiraluthforgeen3344	background	V2	B11	threshold mason	Marso-len	willow-stone county	Kyreal source orbit	90	77	averaged_background_story_orbit_aesthetic_origin_distance	pending_art_reference
WC03345	Aerfiraianhollowion3345	story	V2	B12	bookbinder	Rolzen-line	last open gate	Thessa source orbit	90	77	averaged_background_story_orbit_aesthetic_origin_distance	pending_art_reference
WC03346	Aeranordria3346	recurring-background	V2	B13	bridge keeper	Kyreal-pack	diamond breakland	Kael source orbit	90	77	averaged_background_story_orbit_aesthetic_origin_distance	pending_art_reference
WC03347	Ashanaraemberaen3347	deep-background	V2	B14	market singer	Xethrolund-glyph	black-heart ridge	Pael source orbit	90	77	averaged_background_story_orbit_aesthetic_origin_distance	pending_art_reference
WC03348	Aermaelorevaraael3348	support	V2	B15	glass forge worker	Pip-no-path	ash river	Soth source orbit	90	77	averaged_background_story_orbit_aesthetic_origin_distance	pending_art_reference
WC03349	Aeranorevaramossael3349	background	V2	B16	ripper survivor	Mack-ground	morrow market	Vellin source orbit	90	77	averaged_background_story_orbit_aesthetic_origin_distance	pending_art_reference
WC03350	Aeranorianivyen3350	story	V2	B17	map seller	Dervish-glass	root vale	Corrath source orbit	90	77	averaged_background_story_orbit_aesthetic_origin_distance	pending_art_reference
WC03351	Brenaelforgeel3351	recurring-background	V2	B18	cellar cook	Vayne	ripper tunnel	Dervish source orbit	90	77	averaged_background_story_orbit_aesthetic_origin_distance	pending_art_reference
WC03352	Aerdalenamargroveen3352	deep-background	V2	B19	triage helper	Null-Heart	cello field	Pip source orbit	90	77	averaged_background_story_orbit_aesthetic_origin_distance	pending_art_reference
WC03353	Brenkelanavelel3353	support	V2	B20	faction runner	Iron-Song	blue-light road	Rolzen source orbit	90	77	averaged_background_story_orbit_aesthetic_origin_distance	pending_art_reference
WC03354	Aerfiraquartzarel3354	background	V2	B21	wolf-road scout	Wren-Ash	xeth glyph yard	Xethrolund source orbit	90	77	averaged_background_story_orbit_aesthetic_origin_distance	pending_art_reference
WC03355	Aeranoramarlarkaen3355	story	V2	B22	glyph apprentice	Thorn-Vayne	stone fen	Rylos source orbit	90	77	averaged_background_story_orbit_aesthetic_origin_distance	pending_art_reference
WC03356	Brenaelnaraanorael3356	recurring-background	V2	B23	corridor child	Marso-len	pocket sanctuary	Kyreal source orbit	90	77	averaged_background_story_orbit_aesthetic_origin_distance	pending_art_reference
WC03357	Ashajoradalenluthen3357	deep-background	V2	B24	field healer	Rolzen-line	glass orchard	Thessa source orbit	90	77	averaged_background_story_orbit_aesthetic_origin_distance	pending_art_reference
WC03358	Aermaelorlarkael3358	support	V2	B25	cavern farmer	Kyreal-pack	neith edge	Kael source orbit	90	77	averaged_background_story_orbit_aesthetic_origin_distance	pending_art_reference
WC03359	Aerindrafenion3359	background	V2	B26	garden watcher	Xethrolund-glyph	willow-stone county	Pael source orbit	90	77	averaged_background_story_orbit_aesthetic_origin_distance	pending_art_reference
WC03360	Aerdalenluthglassen3360	story	V2	B27	stone archivist	Pip-no-path	last open gate	Soth source orbit	90	77	averaged_background_story_orbit_aesthetic_origin_distance	pending_art_reference
WC03361	Ashaelionbrookaria3361	recurring-background	V2	B28	orchard guard	Mack-ground	diamond breakland	Vellin source orbit	90	77	averaged_background_story_orbit_aesthetic_origin_distance	pending_art_reference
WC03362	Aeranoriancinderael3362	deep-background	V2	B29	sonomancy listener	Dervish-glass	black-heart ridge	Corrath source orbit	90	77	averaged_background_story_orbit_aesthetic_origin_distance	pending_art_reference
WC03363	Ashagalenfenavel3363	support	V2	B30	tunnel witness	Vayne	ash river	Dervish source orbit	90	77	averaged_background_story_orbit_aesthetic_origin_distance	pending_art_reference
WC03364	Aerindrabellel3364	background	V2	B31	threshold mason	Null-Heart	morrow market	Pip source orbit	90	77	averaged_background_story_orbit_aesthetic_origin_distance	pending_art_reference
WC03365	Aerfiracoriaashdria3365	story	V2	B32	bookbinder	Iron-Song	root vale	Rolzen source orbit	90	77	averaged_background_story_orbit_aesthetic_origin_distance	pending_art_reference
WC03366	Aerfiraluthbelliven3366	recurring-background	V2	B33	bridge keeper	Wren-Ash	ripper tunnel	Xethrolund source orbit	90	77	averaged_background_story_orbit_aesthetic_origin_distance	pending_art_reference
WC03367	Aeranorianbelliven3367	deep-background	V2	B01	market singer	Thorn-Vayne	cello field	Rylos source orbit	90	77	averaged_background_story_orbit_aesthetic_origin_distance	pending_art_reference
WC03368	Aerindraamarashdion3368	support	V2	B02	glass forge worker	Marso-len	blue-light road	Kyreal source orbit	90	77	averaged_background_story_orbit_aesthetic_origin_distance	pending_art_reference
WC03369	Aerdalencinderel3369	background	V2	B03	ripper survivor	Rolzen-line	xeth glyph yard	Thessa source orbit	90	77	averaged_background_story_orbit_aesthetic_origin_distance	pending_art_reference
WC03370	Aerfiracrownel3370	story	V2	B04	map seller	Kyreal-pack	stone fen	Kael source orbit	90	77	averaged_background_story_orbit_aesthetic_origin_distance	pending_art_reference
WC03371	Aeranoramarashavel3371	recurring-background	V2	B05	cellar cook	Xethrolund-glyph	pocket sanctuary	Pael source orbit	90	77	averaged_background_story_orbit_aesthetic_origin_distance	pending_art_reference
WC03372	Ashaelionfenen3372	deep-background	V2	B06	triage helper	Pip-no-path	glass orchard	Soth source orbit	90	77	averaged_background_story_orbit_aesthetic_origin_distance	pending_art_reference
WC03373	Ashanaraemberarel3373	support	V2	B07	faction runner	Mack-ground	neith edge	Vellin source orbit	90	77	averaged_background_story_orbit_aesthetic_origin_distance	pending_art_reference
WC03374	Ashaavelfiraianaria3374	background	V2	B08	wolf-road scout	Dervish-glass	willow-stone county	Corrath source orbit	90	77	averaged_background_story_orbit_aesthetic_origin_distance	pending_art_reference
WC03375	Aerindraianbrinel3375	story	V2	B09	glyph apprentice	Vayne	last open gate	Dervish source orbit	90	77	averaged_background_story_orbit_aesthetic_origin_distance	pending_art_reference
WC03376	Ashagalenforgearia3376	recurring-background	V2	B10	corridor child	Null-Heart	diamond breakland	Pip source orbit	90	77	averaged_background_story_orbit_aesthetic_origin_distance	pending_art_reference
WC03377	Aeranormireaen3377	deep-background	V2	B11	field healer	Iron-Song	black-heart ridge	Rolzen source orbit	90	77	averaged_background_story_orbit_aesthetic_origin_distance	pending_art_reference
WC03378	Aerfiraamarglassion3378	support	V2	B12	cavern farmer	Wren-Ash	ash river	Xethrolund source orbit	90	77	averaged_background_story_orbit_aesthetic_origin_distance	pending_art_reference
WC03379	Aeranoramarelle3379	background	V2	B13	garden watcher	Thorn-Vayne	morrow market	Rylos source orbit	90	77	averaged_background_story_orbit_aesthetic_origin_distance	pending_art_reference
WC03380	Aerdaleniankelanael3380	story	V2	B14	stone archivist	Marso-len	root vale	Kyreal source orbit	90	77	averaged_background_story_orbit_aesthetic_origin_distance	pending_art_reference
WC03381	Brenaelael3381	recurring-background	V2	B15	orchard guard	Rolzen-line	ripper tunnel	Thessa source orbit	90	77	averaged_background_story_orbit_aesthetic_origin_distance	pending_art_reference
WC03382	Ashaavelindraianaen3382	deep-background	V2	B16	sonomancy listener	Kyreal-pack	cello field	Kael source orbit	90	77	averaged_background_story_orbit_aesthetic_origin_distance	pending_art_reference
WC03383	Aeranoramarasharia3383	support	V2	B17	tunnel witness	Xethrolund-glyph	blue-light road	Pael source orbit	90	77	averaged_background_story_orbit_aesthetic_origin_distance	pending_art_reference
WC03384	Aerdalengroveavel3384	background	V2	B18	threshold mason	Pip-no-path	xeth glyph yard	Soth source orbit	90	77	averaged_background_story_orbit_aesthetic_origin_distance	pending_art_reference
WC03385	Ashajoraquartzarel3385	story	V2	B19	bookbinder	Mack-ground	stone fen	Vellin source orbit	90	77	averaged_background_story_orbit_aesthetic_origin_distance	pending_art_reference
WC03386	Brenbrinjoradalenen3386	recurring-background	V2	B20	bridge keeper	Dervish-glass	pocket sanctuary	Corrath source orbit	90	77	averaged_background_story_orbit_aesthetic_origin_distance	pending_art_reference
WC03387	Aerfirabrookaria3387	deep-background	V2	B21	market singer	Vayne	glass orchard	Dervish source orbit	90	77	averaged_background_story_orbit_aesthetic_origin_distance	pending_art_reference
WC03388	Brenbrinael3388	support	V2	B22	glass forge worker	Null-Heart	neith edge	Pip source orbit	90	77	averaged_background_story_orbit_aesthetic_origin_distance	pending_art_reference
WC03389	Aermaelorcairnen3389	background	V2	B23	ripper survivor	Iron-Song	willow-stone county	Rolzen source orbit	90	77	averaged_background_story_orbit_aesthetic_origin_distance	pending_art_reference
WC03390	Ashaelionmireiel3390	story	V2	B24	map seller	Wren-Ash	last open gate	Xethrolund source orbit	90	77	averaged_background_story_orbit_aesthetic_origin_distance	pending_art_reference
WC03391	Ashagalenriverarel3391	recurring-background	V2	B25	cellar cook	Thorn-Vayne	diamond breakland	Rylos source orbit	90	77	averaged_background_story_orbit_aesthetic_origin_distance	pending_art_reference
WC03392	Aeranorianivyarel3392	deep-background	V2	B26	triage helper	Marso-len	black-heart ridge	Kyreal source orbit	90	77	averaged_background_story_orbit_aesthetic_origin_distance	pending_art_reference
WC03393	Aerfiraamarfenael3393	support	V2	B27	faction runner	Rolzen-line	ash river	Thessa source orbit	90	77	averaged_background_story_orbit_aesthetic_origin_distance	pending_art_reference
WC03394	Aerindraorchardiel3394	background	V2	B28	wolf-road scout	Kyreal-pack	morrow market	Kael source orbit	90	77	averaged_background_story_orbit_aesthetic_origin_distance	pending_art_reference
WC03395	Aeranorluthivydria3395	story	V2	B29	glyph apprentice	Xethrolund-glyph	root vale	Pael source orbit	90	77	averaged_background_story_orbit_aesthetic_origin_distance	pending_art_reference
WC03396	Aerfiraluthlarkaria3396	recurring-background	V2	B30	corridor child	Pip-no-path	ripper tunnel	Soth source orbit	90	77	averaged_background_story_orbit_aesthetic_origin_distance	pending_art_reference
WC03397	Aerindraamarbrinael3397	deep-background	V2	B31	field healer	Mack-ground	cello field	Vellin source orbit	90	77	averaged_background_story_orbit_aesthetic_origin_distance	pending_art_reference
WC03398	Brenaelelionel3398	support	V2	B32	cavern farmer	Dervish-glass	blue-light road	Corrath source orbit	90	77	averaged_background_story_orbit_aesthetic_origin_distance	pending_art_reference
WC03399	Aermaelorcoriadria3399	background	V2	B33	garden watcher	Vayne	xeth glyph yard	Dervish source orbit	90	77	averaged_background_story_orbit_aesthetic_origin_distance	pending_art_reference
WC03400	Aeranorluthiven3400	story	V2	B01	stone archivist	Null-Heart	stone fen	Pip source orbit	90	77	averaged_background_story_orbit_aesthetic_origin_distance	pending_art_reference
WC03401	Ashaelionmarrowel3401	recurring-background	V3	B02	orchard guard	Iron-Song	pocket sanctuary	Rolzen source orbit	90	77	averaged_background_story_orbit_aesthetic_origin_distance	pending_art_reference
WC03402	Aeranorianbellelle3402	deep-background	V3	B03	sonomancy listener	Wren-Ash	glass orchard	Xethrolund source orbit	90	77	averaged_background_story_orbit_aesthetic_origin_distance	pending_art_reference
WC03403	Aerfiraianbelldion3403	support	V3	B04	tunnel witness	Thorn-Vayne	neith edge	Rylos source orbit	90	77	averaged_background_story_orbit_aesthetic_origin_distance	pending_art_reference
WC03404	Ashaavelanorianiel3404	background	V3	B05	threshold mason	Marso-len	willow-stone county	Kyreal source orbit	90	77	averaged_background_story_orbit_aesthetic_origin_distance	pending_art_reference
WC03405	Aerfiraianfenaria3405	story	V3	B06	bookbinder	Rolzen-line	last open gate	Thessa source orbit	90	77	averaged_background_story_orbit_aesthetic_origin_distance	pending_art_reference
WC03406	Ashajoraanorevarael3406	recurring-background	V3	B07	bridge keeper	Kyreal-pack	diamond breakland	Kael source orbit	90	77	averaged_background_story_orbit_aesthetic_origin_distance	pending_art_reference
WC03407	Aerfiraianforgearel3407	deep-background	V3	B08	market singer	Xethrolund-glyph	black-heart ridge	Pael source orbit	90	77	averaged_background_story_orbit_aesthetic_origin_distance	pending_art_reference
WC03408	Ashajorafiraarel3408	support	V3	B09	glass forge worker	Pip-no-path	ash river	Soth source orbit	90	77	averaged_background_story_orbit_aesthetic_origin_distance	pending_art_reference
WC03409	Aerindraianaelion3409	background	V3	B10	ripper survivor	Mack-ground	morrow market	Vellin source orbit	90	77	averaged_background_story_orbit_aesthetic_origin_distance	pending_art_reference
WC03410	Ashanarabrookaen3410	story	V3	B11	map seller	Dervish-glass	root vale	Corrath source orbit	90	77	averaged_background_story_orbit_aesthetic_origin_distance	pending_art_reference
WC03411	Aerindraianglassen3411	recurring-background	V3	B12	cellar cook	Vayne	ripper tunnel	Dervish source orbit	90	77	averaged_background_story_orbit_aesthetic_origin_distance	pending_art_reference
WC03412	Aerfiracoriaaeldria3412	deep-background	V3	B13	triage helper	Null-Heart	cello field	Pip source orbit	90	77	averaged_background_story_orbit_aesthetic_origin_distance	pending_art_reference
WC03413	Aermaelorluthivyen3413	support	V3	B14	faction runner	Iron-Song	blue-light road	Rolzen source orbit	90	77	averaged_background_story_orbit_aesthetic_origin_distance	pending_art_reference
WC03414	Ashagalenriverael3414	background	V3	B15	wolf-road scout	Wren-Ash	xeth glyph yard	Xethrolund source orbit	90	77	averaged_background_story_orbit_aesthetic_origin_distance	pending_art_reference
WC03415	Aerfiracoriaaelaen3415	story	V3	B16	glyph apprentice	Thorn-Vayne	stone fen	Rylos source orbit	90	77	averaged_background_story_orbit_aesthetic_origin_distance	pending_art_reference
WC03416	Aerdalenmireen3416	recurring-background	V3	B17	corridor child	Marso-len	pocket sanctuary	Kyreal source orbit	90	77	averaged_background_story_orbit_aesthetic_origin_distance	pending_art_reference
WC03417	Aeranormossarel3417	deep-background	V3	B18	field healer	Rolzen-line	glass orchard	Thessa source orbit	90	77	averaged_background_story_orbit_aesthetic_origin_distance	pending_art_reference
WC03418	Ashagalenforgedria3418	support	V3	B19	cavern farmer	Kyreal-pack	neith edge	Kael source orbit	90	77	averaged_background_story_orbit_aesthetic_origin_distance	pending_art_reference
WC03419	Aerindrafenaria3419	background	V3	B20	garden watcher	Xethrolund-glyph	willow-stone county	Pael source orbit	90	77	averaged_background_story_orbit_aesthetic_origin_distance	pending_art_reference
WC03420	Ashaavelhollowaen3420	story	V3	B21	stone archivist	Pip-no-path	last open gate	Soth source orbit	90	77	averaged_background_story_orbit_aesthetic_origin_distance	pending_art_reference
WC03421	Aerindracairndria3421	recurring-background	V3	B22	orchard guard	Mack-ground	diamond breakland	Vellin source orbit	90	77	averaged_background_story_orbit_aesthetic_origin_distance	pending_art_reference
WC03422	Aermaelorluthaelael3422	deep-background	V3	B23	sonomancy listener	Dervish-glass	black-heart ridge	Corrath source orbit	90	77	averaged_background_story_orbit_aesthetic_origin_distance	pending_art_reference
WC03423	Aerindraluthglassen3423	support	V3	B24	tunnel witness	Vayne	ash river	Dervish source orbit	90	77	averaged_background_story_orbit_aesthetic_origin_distance	pending_art_reference
WC03424	Aerindradria3424	background	V3	B25	threshold mason	Null-Heart	morrow market	Pip source orbit	90	77	averaged_background_story_orbit_aesthetic_origin_distance	pending_art_reference
WC03425	Aerindraianaelarel3425	story	V3	B26	bookbinder	Iron-Song	root vale	Rolzen source orbit	90	77	averaged_background_story_orbit_aesthetic_origin_distance	pending_art_reference
WC03426	Aermaelorluthlarken3426	recurring-background	V3	B27	bridge keeper	Wren-Ash	ripper tunnel	Xethrolund source orbit	90	77	averaged_background_story_orbit_aesthetic_origin_distance	pending_art_reference
WC03427	Aeranorevaraelle3427	deep-background	V3	B28	market singer	Thorn-Vayne	cello field	Rylos source orbit	90	77	averaged_background_story_orbit_aesthetic_origin_distance	pending_art_reference
WC03428	Aerindrahollowarel3428	support	V3	B29	glass forge worker	Marso-len	blue-light road	Kyreal source orbit	90	77	averaged_background_story_orbit_aesthetic_origin_distance	pending_art_reference
WC03429	Aerfiraashion3429	background	V3	B30	ripper survivor	Rolzen-line	xeth glyph yard	Thessa source orbit	90	77	averaged_background_story_orbit_aesthetic_origin_distance	pending_art_reference
WC03430	Aermaelorluthion3430	story	V3	B31	map seller	Kyreal-pack	stone fen	Kael source orbit	90	77	averaged_background_story_orbit_aesthetic_origin_distance	pending_art_reference
WC03431	Aerdalenfenel3431	recurring-background	V3	B32	cellar cook	Xethrolund-glyph	pocket sanctuary	Pael source orbit	90	77	averaged_background_story_orbit_aesthetic_origin_distance	pending_art_reference
WC03432	Ashagalenfenen3432	deep-background	V3	B33	triage helper	Pip-no-path	glass orchard	Soth source orbit	90	77	averaged_background_story_orbit_aesthetic_origin_distance	pending_art_reference
WC03433	Ashaelionanorfenel3433	support	V3	B01	faction runner	Mack-ground	neith edge	Vellin source orbit	90	77	averaged_background_story_orbit_aesthetic_origin_distance	pending_art_reference
WC03434	Ashajoraemberarel3434	background	V3	B02	wolf-road scout	Dervish-glass	willow-stone county	Corrath source orbit	90	77	averaged_background_story_orbit_aesthetic_origin_distance	pending_art_reference
WC03435	Aermaeloramarbellel3435	story	V3	B03	glyph apprentice	Vayne	last open gate	Dervish source orbit	90	77	averaged_background_story_orbit_aesthetic_origin_distance	pending_art_reference
WC03436	Ashaavelcinderel3436	recurring-background	V3	B04	corridor child	Null-Heart	diamond breakland	Pip source orbit	90	77	averaged_background_story_orbit_aesthetic_origin_distance	pending_art_reference
WC03437	Aerfirariveravel3437	deep-background	V3	B05	field healer	Iron-Song	black-heart ridge	Rolzen source orbit	90	77	averaged_background_story_orbit_aesthetic_origin_distance	pending_art_reference
WC03438	Ashagalenfendion3438	support	V3	B06	cavern farmer	Wren-Ash	ash river	Xethrolund source orbit	90	77	averaged_background_story_orbit_aesthetic_origin_distance	pending_art_reference
WC03439	Ashajorafiraaen3439	background	V3	B07	garden watcher	Thorn-Vayne	morrow market	Rylos source orbit	90	77	averaged_background_story_orbit_aesthetic_origin_distance	pending_art_reference
WC03440	Aeranorluthmossaria3440	story	V3	B08	stone archivist	Marso-len	root vale	Kyreal source orbit	90	77	averaged_background_story_orbit_aesthetic_origin_distance	pending_art_reference
WC03441	Aerfiracoriabrinel3441	recurring-background	V3	B09	orchard guard	Rolzen-line	ripper tunnel	Thessa source orbit	90	77	averaged_background_story_orbit_aesthetic_origin_distance	pending_art_reference
WC03442	Aeranoramaremberel3442	deep-background	V3	B10	sonomancy listener	Kyreal-pack	cello field	Kael source orbit	90	77	averaged_background_story_orbit_aesthetic_origin_distance	pending_art_reference
WC03443	Ashajorabrookdion3443	support	V3	B11	tunnel witness	Xethrolund-glyph	blue-light road	Pael source orbit	90	77	averaged_background_story_orbit_aesthetic_origin_distance	pending_art_reference
WC03444	Aermaelorevaraavel3444	background	V3	B12	threshold mason	Pip-no-path	xeth glyph yard	Soth source orbit	90	77	averaged_background_story_orbit_aesthetic_origin_distance	pending_art_reference
WC03445	Aerdalenianivyavel3445	story	V3	B13	bookbinder	Mack-ground	stone fen	Vellin source orbit	90	77	averaged_background_story_orbit_aesthetic_origin_distance	pending_art_reference
WC03446	Aerdalenluthivyavel3446	recurring-background	V3	B14	bridge keeper	Dervish-glass	pocket sanctuary	Corrath source orbit	90	77	averaged_background_story_orbit_aesthetic_origin_distance	pending_art_reference
WC03447	Ashaavelcairniven3447	deep-background	V3	B15	market singer	Vayne	glass orchard	Dervish source orbit	90	77	averaged_background_story_orbit_aesthetic_origin_distance	pending_art_reference
WC03448	Aerfiraluthgroveion3448	support	V3	B16	glass forge worker	Null-Heart	neith edge	Pip source orbit	90	77	averaged_background_story_orbit_aesthetic_origin_distance	pending_art_reference
WC03449	Aerfiracairniven3449	background	V3	B17	ripper survivor	Iron-Song	willow-stone county	Rolzen source orbit	90	77	averaged_background_story_orbit_aesthetic_origin_distance	pending_art_reference
WC03450	Aeranoriancrownel3450	story	V3	B18	map seller	Wren-Ash	last open gate	Xethrolund source orbit	90	77	averaged_background_story_orbit_aesthetic_origin_distance	pending_art_reference
WC03451	Brenaelavelmireen3451	recurring-background	V3	B19	cellar cook	Thorn-Vayne	diamond breakland	Rylos source orbit	90	77	averaged_background_story_orbit_aesthetic_origin_distance	pending_art_reference
WC03452	Aeranorevaraashen3452	deep-background	V3	B20	triage helper	Marso-len	black-heart ridge	Kyreal source orbit	90	77	averaged_background_story_orbit_aesthetic_origin_distance	pending_art_reference
WC03453	Aerdalenamarmireael3453	support	V3	B21	faction runner	Rolzen-line	ash river	Thessa source orbit	90	77	averaged_background_story_orbit_aesthetic_origin_distance	pending_art_reference
WC03454	Ashagalencinderavel3454	background	V3	B22	wolf-road scout	Kyreal-pack	morrow market	Kael source orbit	90	77	averaged_background_story_orbit_aesthetic_origin_distance	pending_art_reference
WC03455	Ashajorabrookavel3455	story	V3	B23	glyph apprentice	Xethrolund-glyph	root vale	Pael source orbit	90	77	averaged_background_story_orbit_aesthetic_origin_distance	pending_art_reference
WC03456	Aerfiraianhalorel3456	recurring-background	V3	B24	corridor child	Pip-no-path	ripper tunnel	Soth source orbit	90	77	averaged_background_story_orbit_aesthetic_origin_distance	pending_art_reference
WC03457	Ashajorafiraianaen3457	deep-background	V3	B25	field healer	Mack-ground	cello field	Vellin source orbit	90	77	averaged_background_story_orbit_aesthetic_origin_distance	pending_art_reference
WC03458	Aeranorevaraashiven3458	support	V3	B26	cavern farmer	Dervish-glass	blue-light road	Corrath source orbit	90	77	averaged_background_story_orbit_aesthetic_origin_distance	pending_art_reference
WC03459	Aerdalenbrookarel3459	background	V3	B27	garden watcher	Vayne	xeth glyph yard	Dervish source orbit	90	77	averaged_background_story_orbit_aesthetic_origin_distance	pending_art_reference
WC03460	Aeranorlarkiven3460	story	V3	B28	stone archivist	Null-Heart	stone fen	Pip source orbit	90	77	averaged_background_story_orbit_aesthetic_origin_distance	pending_art_reference
WC03461	Aerfiraamarivyelle3461	recurring-background	V3	B29	orchard guard	Iron-Song	pocket sanctuary	Rolzen source orbit	90	77	averaged_background_story_orbit_aesthetic_origin_distance	pending_art_reference
WC03462	Ashajorahollowel3462	deep-background	V3	B30	sonomancy listener	Wren-Ash	glass orchard	Xethrolund source orbit	90	77	averaged_background_story_orbit_aesthetic_origin_distance	pending_art_reference
WC03463	Ashaelionfenaria3463	support	V3	B31	tunnel witness	Thorn-Vayne	neith edge	Rylos source orbit	90	77	averaged_background_story_orbit_aesthetic_origin_distance	pending_art_reference
WC03464	Aeranorcoriaivyen3464	background	V3	B32	threshold mason	Marso-len	willow-stone county	Kyreal source orbit	90	77	averaged_background_story_orbit_aesthetic_origin_distance	pending_art_reference
WC03465	Ashaelionglassiel3465	story	V3	B33	bookbinder	Rolzen-line	last open gate	Thessa source orbit	90	77	averaged_background_story_orbit_aesthetic_origin_distance	pending_art_reference
WC03466	Aeranorglassaria3466	recurring-background	V3	B01	bridge keeper	Kyreal-pack	diamond breakland	Kael source orbit	90	77	averaged_background_story_orbit_aesthetic_origin_distance	pending_art_reference
WC03467	Ashaavelael3467	deep-background	V3	B02	market singer	Xethrolund-glyph	black-heart ridge	Pael source orbit	90	77	averaged_background_story_orbit_aesthetic_origin_distance	pending_art_reference
WC03468	Aerfiragrovearia3468	support	V3	B03	glass forge worker	Pip-no-path	ash river	Soth source orbit	90	77	averaged_background_story_orbit_aesthetic_origin_distance	pending_art_reference
WC03469	Aerfiraluthashael3469	background	V3	B04	ripper survivor	Mack-ground	morrow market	Vellin source orbit	90	77	averaged_background_story_orbit_aesthetic_origin_distance	pending_art_reference
WC03470	Aerfiraianivyarel3470	story	V3	B05	map seller	Dervish-glass	root vale	Corrath source orbit	90	77	averaged_background_story_orbit_aesthetic_origin_distance	pending_art_reference
WC03471	Aeranorbrookelle3471	recurring-background	V3	B06	cellar cook	Vayne	ripper tunnel	Dervish source orbit	90	77	averaged_background_story_orbit_aesthetic_origin_distance	pending_art_reference
WC03472	Aermaelorglassdion3472	deep-background	V3	B07	triage helper	Null-Heart	cello field	Pip source orbit	90	77	averaged_background_story_orbit_aesthetic_origin_distance	pending_art_reference
WC03473	Aeranoriandion3473	support	V3	B08	faction runner	Iron-Song	blue-light road	Rolzen source orbit	90	77	averaged_background_story_orbit_aesthetic_origin_distance	pending_art_reference
WC03474	Ashaavelanoramaren3474	background	V3	B09	wolf-road scout	Wren-Ash	xeth glyph yard	Xethrolund source orbit	90	77	averaged_background_story_orbit_aesthetic_origin_distance	pending_art_reference
WC03475	Ashaavelanoramarel3475	story	V3	B10	glyph apprentice	Thorn-Vayne	stone fen	Rylos source orbit	90	77	averaged_background_story_orbit_aesthetic_origin_distance	pending_art_reference
WC03476	Aerfiraluthashelle3476	recurring-background	V3	B11	corridor child	Marso-len	pocket sanctuary	Kyreal source orbit	90	77	averaged_background_story_orbit_aesthetic_origin_distance	pending_art_reference
WC03477	Aerdalenmossiven3477	deep-background	V3	B12	field healer	Rolzen-line	glass orchard	Thessa source orbit	90	77	averaged_background_story_orbit_aesthetic_origin_distance	pending_art_reference
WC03478	Aermaelorcrownaria3478	support	V3	B13	cavern farmer	Kyreal-pack	neith edge	Kael source orbit	90	77	averaged_background_story_orbit_aesthetic_origin_distance	pending_art_reference
WC03479	Ashaavelfiramireion3479	background	V3	B14	garden watcher	Xethrolund-glyph	willow-stone county	Pael source orbit	90	77	averaged_background_story_orbit_aesthetic_origin_distance	pending_art_reference
WC03480	Ashanarafenavel3480	story	V3	B15	stone archivist	Pip-no-path	last open gate	Soth source orbit	90	77	averaged_background_story_orbit_aesthetic_origin_distance	pending_art_reference
WC03481	Aeranormireen3481	recurring-background	V3	B16	orchard guard	Mack-ground	diamond breakland	Vellin source orbit	90	77	averaged_background_story_orbit_aesthetic_origin_distance	pending_art_reference
WC03482	Brenhalorcrowndria3482	deep-background	V3	B17	sonomancy listener	Dervish-glass	black-heart ridge	Corrath source orbit	90	77	averaged_background_story_orbit_aesthetic_origin_distance	pending_art_reference
WC03483	Ashagalenfiraianiel3483	support	V3	B18	tunnel witness	Vayne	ash river	Dervish source orbit	90	77	averaged_background_story_orbit_aesthetic_origin_distance	pending_art_reference
WC03484	Ashagalencinderdria3484	background	V3	B19	threshold mason	Null-Heart	morrow market	Pip source orbit	90	77	averaged_background_story_orbit_aesthetic_origin_distance	pending_art_reference
WC03485	Ashajoraemberaen3485	story	V3	B20	bookbinder	Iron-Song	root vale	Rolzen source orbit	90	77	averaged_background_story_orbit_aesthetic_origin_distance	pending_art_reference
WC03486	Aeranorianaelivyael3486	recurring-background	V3	B21	bridge keeper	Wren-Ash	ripper tunnel	Xethrolund source orbit	90	77	averaged_background_story_orbit_aesthetic_origin_distance	pending_art_reference
WC03487	Aerfiraamarbellen3487	deep-background	V3	B22	market singer	Thorn-Vayne	cello field	Rylos source orbit	90	77	averaged_background_story_orbit_aesthetic_origin_distance	pending_art_reference
WC03488	Ashajorabrookel3488	support	V3	B23	glass forge worker	Marso-len	blue-light road	Kyreal source orbit	90	77	averaged_background_story_orbit_aesthetic_origin_distance	pending_art_reference
WC03489	Aeranoramarriveraen3489	background	V3	B24	ripper survivor	Rolzen-line	xeth glyph yard	Thessa source orbit	90	77	averaged_background_story_orbit_aesthetic_origin_distance	pending_art_reference
WC03490	Aerdalencoriael3490	story	V3	B25	map seller	Kyreal-pack	stone fen	Kael source orbit	90	77	averaged_background_story_orbit_aesthetic_origin_distance	pending_art_reference
WC03491	Ashanarafiraarel3491	recurring-background	V3	B26	cellar cook	Xethrolund-glyph	pocket sanctuary	Pael source orbit	90	77	averaged_background_story_orbit_aesthetic_origin_distance	pending_art_reference
WC03492	Aerdalenmarrowion3492	deep-background	V3	B27	triage helper	Pip-no-path	glass orchard	Soth source orbit	90	77	averaged_background_story_orbit_aesthetic_origin_distance	pending_art_reference
WC03493	Aermaelorhollowael3493	support	V3	B28	faction runner	Mack-ground	neith edge	Vellin source orbit	90	77	averaged_background_story_orbit_aesthetic_origin_distance	pending_art_reference
WC03494	Ashajoraanorcoriael3494	background	V3	B29	wolf-road scout	Dervish-glass	willow-stone county	Corrath source orbit	90	77	averaged_background_story_orbit_aesthetic_origin_distance	pending_art_reference
WC03495	Brenaelelionanoriel3495	story	V3	B30	glyph apprentice	Vayne	last open gate	Dervish source orbit	90	77	averaged_background_story_orbit_aesthetic_origin_distance	pending_art_reference
WC03496	Ashajoraindraion3496	recurring-background	V3	B31	corridor child	Null-Heart	diamond breakland	Pip source orbit	90	77	averaged_background_story_orbit_aesthetic_origin_distance	pending_art_reference
WC03497	Aeranorcoriaivyion3497	deep-background	V3	B32	field healer	Iron-Song	black-heart ridge	Rolzen source orbit	90	77	averaged_background_story_orbit_aesthetic_origin_distance	pending_art_reference
WC03498	Aerindraianbellaria3498	support	V3	B33	cavern farmer	Wren-Ash	ash river	Xethrolund source orbit	90	77	averaged_background_story_orbit_aesthetic_origin_distance	pending_art_reference
WC03499	Aeranorluthcrownen3499	background	V3	B01	garden watcher	Thorn-Vayne	morrow market	Rylos source orbit	90	77	averaged_background_story_orbit_aesthetic_origin_distance	pending_art_reference
WC03500	Brenaelion3500	story	V3	B02	stone archivist	Marso-len	root vale	Kyreal source orbit	90	77	averaged_background_story_orbit_aesthetic_origin_distance	pending_art_reference
WC03501	Ashanarabelldion3501	recurring-background	V3	B03	orchard guard	Rolzen-line	ripper tunnel	Thessa source orbit	90	77	averaged_background_story_orbit_aesthetic_origin_distance	pending_art_reference
WC03502	Aerfiraorchardavel3502	deep-background	V3	B04	sonomancy listener	Kyreal-pack	cello field	Kael source orbit	90	77	averaged_background_story_orbit_aesthetic_origin_distance	pending_art_reference
WC03503	Aerdalenianforgeael3503	support	V3	B05	tunnel witness	Xethrolund-glyph	blue-light road	Pael source orbit	90	77	averaged_background_story_orbit_aesthetic_origin_distance	pending_art_reference
WC03504	Ashaelioncairnelle3504	background	V3	B06	threshold mason	Pip-no-path	xeth glyph yard	Soth source orbit	90	77	averaged_background_story_orbit_aesthetic_origin_distance	pending_art_reference
WC03505	Aeranorluthforgeaen3505	story	V3	B07	bookbinder	Mack-ground	stone fen	Vellin source orbit	90	77	averaged_background_story_orbit_aesthetic_origin_distance	pending_art_reference
WC03506	Ashaavelmarrowdria3506	recurring-background	V3	B08	bridge keeper	Dervish-glass	pocket sanctuary	Corrath source orbit	90	77	averaged_background_story_orbit_aesthetic_origin_distance	pending_art_reference
WC03507	Ashaavelcairndria3507	deep-background	V3	B09	market singer	Vayne	glass orchard	Dervish source orbit	90	77	averaged_background_story_orbit_aesthetic_origin_distance	pending_art_reference
WC03508	Brenkelanaveliven3508	support	V3	B10	glass forge worker	Null-Heart	neith edge	Pip source orbit	90	77	averaged_background_story_orbit_aesthetic_origin_distance	pending_art_reference
WC03509	Ashaelionfiraianen3509	background	V3	B11	ripper survivor	Iron-Song	willow-stone county	Rolzen source orbit	90	77	averaged_background_story_orbit_aesthetic_origin_distance	pending_art_reference
WC03510	Aerfiraevarabellael3510	story	V3	B12	map seller	Wren-Ash	last open gate	Xethrolund source orbit	90	77	averaged_background_story_orbit_aesthetic_origin_distance	pending_art_reference
WC03511	Ashajoraindraamarel3511	recurring-background	V3	B13	cellar cook	Thorn-Vayne	diamond breakland	Rylos source orbit	90	77	averaged_background_story_orbit_aesthetic_origin_distance	pending_art_reference
WC03512	Brenbrincrownael3512	deep-background	V3	B14	triage helper	Marso-len	black-heart ridge	Kyreal source orbit	90	77	averaged_background_story_orbit_aesthetic_origin_distance	pending_art_reference
WC03513	Aerfiraluthbrinel3513	support	V3	B15	faction runner	Rolzen-line	ash river	Thessa source orbit	90	77	averaged_background_story_orbit_aesthetic_origin_distance	pending_art_reference
WC03514	Caelianbrinjoraaria3514	background	V3	B16	wolf-road scout	Kyreal-pack	morrow market	Kael source orbit	90	77	averaged_background_story_orbit_aesthetic_origin_distance	pending_art_reference
WC03515	Aeranorcoriaivyarel3515	story	V3	B17	glyph apprentice	Xethrolund-glyph	root vale	Pael source orbit	90	77	averaged_background_story_orbit_aesthetic_origin_distance	pending_art_reference
WC03516	Aermaelorevaraaelel3516	recurring-background	V3	B18	corridor child	Pip-no-path	ripper tunnel	Soth source orbit	90	77	averaged_background_story_orbit_aesthetic_origin_distance	pending_art_reference
WC03517	Aeranoriancinderion3517	deep-background	V3	B19	field healer	Mack-ground	cello field	Vellin source orbit	90	77	averaged_background_story_orbit_aesthetic_origin_distance	pending_art_reference
WC03518	Aerdalenamarashiven3518	support	V3	B20	cavern farmer	Dervish-glass	blue-light road	Corrath source orbit	90	77	averaged_background_story_orbit_aesthetic_origin_distance	pending_art_reference
WC03519	Aerfiraevarabelliel3519	background	V3	B21	garden watcher	Vayne	xeth glyph yard	Dervish source orbit	90	77	averaged_background_story_orbit_aesthetic_origin_distance	pending_art_reference
WC03520	Aerdalenlarkdria3520	story	V3	B22	stone archivist	Null-Heart	stone fen	Pip source orbit	90	77	averaged_background_story_orbit_aesthetic_origin_distance	pending_art_reference
WC03521	Aerdalenamarmossiel3521	recurring-background	V3	B23	orchard guard	Iron-Song	pocket sanctuary	Rolzen source orbit	90	77	averaged_background_story_orbit_aesthetic_origin_distance	pending_art_reference
WC03522	Ashaelionhollowaria3522	deep-background	V3	B24	sonomancy listener	Wren-Ash	glass orchard	Xethrolund source orbit	90	77	averaged_background_story_orbit_aesthetic_origin_distance	pending_art_reference
WC03523	Aeranorianbelldion3523	support	V3	B25	tunnel witness	Thorn-Vayne	neith edge	Rylos source orbit	90	77	averaged_background_story_orbit_aesthetic_origin_distance	pending_art_reference
WC03524	Brenbrinnaraanoraen3524	background	V3	B26	threshold mason	Marso-len	willow-stone county	Kyreal source orbit	90	77	averaged_background_story_orbit_aesthetic_origin_distance	pending_art_reference
WC03525	Brenaelgalenarel3525	story	V3	B27	bookbinder	Rolzen-line	last open gate	Thessa source orbit	90	77	averaged_background_story_orbit_aesthetic_origin_distance	pending_art_reference
WC03526	Aerdalenlarkaria3526	recurring-background	V3	B28	bridge keeper	Kyreal-pack	diamond breakland	Kael source orbit	90	77	averaged_background_story_orbit_aesthetic_origin_distance	pending_art_reference
WC03527	Brenaelglassaria3527	deep-background	V3	B29	market singer	Xethrolund-glyph	black-heart ridge	Pael source orbit	90	77	averaged_background_story_orbit_aesthetic_origin_distance	pending_art_reference
WC03528	Aermaelorluthel3528	support	V3	B30	glass forge worker	Pip-no-path	ash river	Soth source orbit	90	77	averaged_background_story_orbit_aesthetic_origin_distance	pending_art_reference
WC03529	Ashanaramaelordion3529	background	V3	B31	ripper survivor	Mack-ground	morrow market	Vellin source orbit	90	77	averaged_background_story_orbit_aesthetic_origin_distance	pending_art_reference
WC03530	Aermaelorianasharel3530	story	V3	B32	map seller	Dervish-glass	root vale	Corrath source orbit	90	77	averaged_background_story_orbit_aesthetic_origin_distance	pending_art_reference
WC03531	Aerindraamarelle3531	recurring-background	V3	B33	cellar cook	Vayne	ripper tunnel	Dervish source orbit	90	77	averaged_background_story_orbit_aesthetic_origin_distance	pending_art_reference
WC03532	Aeranorcoriabrooken3532	deep-background	V3	B01	triage helper	Null-Heart	cello field	Pip source orbit	90	77	averaged_background_story_orbit_aesthetic_origin_distance	pending_art_reference
WC03533	Aerindraluthivyiven3533	support	V3	B02	faction runner	Iron-Song	blue-light road	Rolzen source orbit	90	77	averaged_background_story_orbit_aesthetic_origin_distance	pending_art_reference
WC03534	Aerindraianbelliel3534	background	V3	B03	wolf-road scout	Wren-Ash	xeth glyph yard	Xethrolund source orbit	90	77	averaged_background_story_orbit_aesthetic_origin_distance	pending_art_reference
WC03535	Ashajoraanoramarael3535	story	V3	B04	glyph apprentice	Thorn-Vayne	stone fen	Rylos source orbit	90	77	averaged_background_story_orbit_aesthetic_origin_distance	pending_art_reference
WC03536	Ashaavelanorianen3536	recurring-background	V3	B05	corridor child	Marso-len	pocket sanctuary	Kyreal source orbit	90	77	averaged_background_story_orbit_aesthetic_origin_distance	pending_art_reference
WC03537	Ashagalenlarkion3537	deep-background	V3	B06	field healer	Rolzen-line	glass orchard	Thessa source orbit	90	77	averaged_background_story_orbit_aesthetic_origin_distance	pending_art_reference
WC03538	Aeranororchardael3538	support	V3	B07	cavern farmer	Kyreal-pack	neith edge	Kael source orbit	90	77	averaged_background_story_orbit_aesthetic_origin_distance	pending_art_reference
WC03539	Aermaeloramarivyaen3539	background	V3	B08	garden watcher	Xethrolund-glyph	willow-stone county	Pael source orbit	90	77	averaged_background_story_orbit_aesthetic_origin_distance	pending_art_reference
WC03540	Caelamarhaloren3540	story	V3	B09	stone archivist	Pip-no-path	last open gate	Soth source orbit	90	77	averaged_background_story_orbit_aesthetic_origin_distance	pending_art_reference
WC03541	Aerdalenianaeldion3541	recurring-background	V3	B10	orchard guard	Mack-ground	diamond breakland	Vellin source orbit	90	77	averaged_background_story_orbit_aesthetic_origin_distance	pending_art_reference
WC03542	Aerdalenluthashel3542	deep-background	V3	B11	sonomancy listener	Dervish-glass	black-heart ridge	Corrath source orbit	90	77	averaged_background_story_orbit_aesthetic_origin_distance	pending_art_reference
WC03543	Aerdalenemberelle3543	support	V3	B12	tunnel witness	Vayne	ash river	Dervish source orbit	90	77	averaged_background_story_orbit_aesthetic_origin_distance	pending_art_reference
WC03544	Aeranororchardel3544	background	V3	B13	threshold mason	Null-Heart	morrow market	Pip source orbit	90	77	averaged_background_story_orbit_aesthetic_origin_distance	pending_art_reference
WC03545	Aeranorcoriaasharel3545	story	V3	B14	bookbinder	Iron-Song	root vale	Rolzen source orbit	90	77	averaged_background_story_orbit_aesthetic_origin_distance	pending_art_reference
WC03546	Aeranoravel3546	recurring-background	V3	B15	bridge keeper	Wren-Ash	ripper tunnel	Xethrolund source orbit	90	77	averaged_background_story_orbit_aesthetic_origin_distance	pending_art_reference
WC03547	Aerindrabrookiel3547	deep-background	V3	B16	market singer	Thorn-Vayne	cello field	Rylos source orbit	90	77	averaged_background_story_orbit_aesthetic_origin_distance	pending_art_reference
WC03548	Aerfiraevaraivyelle3548	support	V3	B17	glass forge worker	Marso-len	blue-light road	Kyreal source orbit	90	77	averaged_background_story_orbit_aesthetic_origin_distance	pending_art_reference
WC03549	Aerdalenivyael3549	background	V3	B18	ripper survivor	Rolzen-line	xeth glyph yard	Thessa source orbit	90	77	averaged_background_story_orbit_aesthetic_origin_distance	pending_art_reference
WC03550	Brenaelgaleniel3550	story	V3	B19	map seller	Kyreal-pack	stone fen	Kael source orbit	90	77	averaged_background_story_orbit_aesthetic_origin_distance	pending_art_reference
WC03551	Ashaavelanorcoriael3551	recurring-background	V3	B20	cellar cook	Xethrolund-glyph	pocket sanctuary	Pael source orbit	90	77	averaged_background_story_orbit_aesthetic_origin_distance	pending_art_reference
WC03552	Aermaeloremberion3552	deep-background	V3	B21	triage helper	Pip-no-path	glass orchard	Soth source orbit	90	77	averaged_background_story_orbit_aesthetic_origin_distance	pending_art_reference
WC03553	Ashajoraanorluthion3553	support	V3	B22	faction runner	Mack-ground	neith edge	Vellin source orbit	90	77	averaged_background_story_orbit_aesthetic_origin_distance	pending_art_reference
WC03554	Ashaelionemberiven3554	background	V3	B23	wolf-road scout	Dervish-glass	willow-stone county	Corrath source orbit	90	77	averaged_background_story_orbit_aesthetic_origin_distance	pending_art_reference
WC03555	Ashagalencairndion3555	story	V3	B24	glyph apprentice	Vayne	last open gate	Dervish source orbit	90	77	averaged_background_story_orbit_aesthetic_origin_distance	pending_art_reference
WC03556	Aeranorianemberiel3556	recurring-background	V3	B25	corridor child	Null-Heart	diamond breakland	Pip source orbit	90	77	averaged_background_story_orbit_aesthetic_origin_distance	pending_art_reference
WC03557	Aeranoramarivyel3557	deep-background	V3	B26	field healer	Iron-Song	black-heart ridge	Rolzen source orbit	90	77	averaged_background_story_orbit_aesthetic_origin_distance	pending_art_reference
WC03558	Aerindraianaelaria3558	support	V3	B27	cavern farmer	Wren-Ash	ash river	Xethrolund source orbit	90	77	averaged_background_story_orbit_aesthetic_origin_distance	pending_art_reference
WC03559	Caelcoriacrownarel3559	background	V3	B28	garden watcher	Thorn-Vayne	morrow market	Rylos source orbit	90	77	averaged_background_story_orbit_aesthetic_origin_distance	pending_art_reference
WC03560	Aermaelorianashion3560	story	V3	B29	stone archivist	Marso-len	root vale	Kyreal source orbit	90	77	averaged_background_story_orbit_aesthetic_origin_distance	pending_art_reference
WC03561	Brenbrinion3561	recurring-background	V3	B30	orchard guard	Rolzen-line	ripper tunnel	Thessa source orbit	90	77	averaged_background_story_orbit_aesthetic_origin_distance	pending_art_reference
WC03562	Aerdalenluthgroveel3562	deep-background	V3	B31	sonomancy listener	Kyreal-pack	cello field	Kael source orbit	90	77	averaged_background_story_orbit_aesthetic_origin_distance	pending_art_reference
WC03563	Aerdalenianaelael3563	support	V3	B32	tunnel witness	Xethrolund-glyph	blue-light road	Pael source orbit	90	77	averaged_background_story_orbit_aesthetic_origin_distance	pending_art_reference
WC03564	Ashanarahollowdion3564	background	V3	B33	threshold mason	Pip-no-path	xeth glyph yard	Soth source orbit	90	77	averaged_background_story_orbit_aesthetic_origin_distance	pending_art_reference
WC03565	Aermaelordria3565	story	V3	B01	bookbinder	Mack-ground	stone fen	Vellin source orbit	90	77	averaged_background_story_orbit_aesthetic_origin_distance	pending_art_reference
WC03566	Aerfiraianashaen3566	recurring-background	V3	B02	bridge keeper	Dervish-glass	pocket sanctuary	Corrath source orbit	90	77	averaged_background_story_orbit_aesthetic_origin_distance	pending_art_reference
WC03567	Aerfiragroveel3567	deep-background	V3	B03	market singer	Vayne	glass orchard	Dervish source orbit	90	77	averaged_background_story_orbit_aesthetic_origin_distance	pending_art_reference
WC03568	Aerindraamaremberel3568	support	V3	B04	glass forge worker	Null-Heart	neith edge	Pip source orbit	90	77	averaged_background_story_orbit_aesthetic_origin_distance	pending_art_reference
WC03569	Ashajoraemberael3569	background	V3	B05	ripper survivor	Iron-Song	willow-stone county	Rolzen source orbit	90	77	averaged_background_story_orbit_aesthetic_origin_distance	pending_art_reference
WC03570	Aerindraianbellion3570	story	V3	B06	map seller	Wren-Ash	last open gate	Xethrolund source orbit	90	77	averaged_background_story_orbit_aesthetic_origin_distance	pending_art_reference
WC03571	Ashaelioncairnarel3571	recurring-background	V3	B07	cellar cook	Thorn-Vayne	diamond breakland	Rylos source orbit	90	77	averaged_background_story_orbit_aesthetic_origin_distance	pending_art_reference
WC03572	Ashaavelaria3572	deep-background	V3	B08	triage helper	Marso-len	black-heart ridge	Kyreal source orbit	90	77	averaged_background_story_orbit_aesthetic_origin_distance	pending_art_reference
WC03573	Aerdalenamarfenael3573	support	V3	B09	faction runner	Rolzen-line	ash river	Thessa source orbit	90	77	averaged_background_story_orbit_aesthetic_origin_distance	pending_art_reference
WC03574	Ashaelionaria3574	background	V3	B10	wolf-road scout	Kyreal-pack	morrow market	Kael source orbit	90	77	averaged_background_story_orbit_aesthetic_origin_distance	pending_art_reference
WC03575	Ashaavelindraianiel3575	story	V3	B11	glyph apprentice	Xethrolund-glyph	root vale	Pael source orbit	90	77	averaged_background_story_orbit_aesthetic_origin_distance	pending_art_reference
WC03576	Ashagalencairniel3576	recurring-background	V3	B12	corridor child	Pip-no-path	ripper tunnel	Soth source orbit	90	77	averaged_background_story_orbit_aesthetic_origin_distance	pending_art_reference
WC03577	Aermaelorianbrinael3577	deep-background	V3	B13	field healer	Mack-ground	cello field	Vellin source orbit	90	77	averaged_background_story_orbit_aesthetic_origin_distance	pending_art_reference
WC03578	Caelamarashdria3578	support	V3	B14	cavern farmer	Dervish-glass	blue-light road	Corrath source orbit	90	77	averaged_background_story_orbit_aesthetic_origin_distance	pending_art_reference
WC03579	Aerindramarrowarel3579	background	V3	B15	garden watcher	Vayne	xeth glyph yard	Dervish source orbit	90	77	averaged_background_story_orbit_aesthetic_origin_distance	pending_art_reference
WC03580	Aeranoriangrovedion3580	story	V3	B16	stone archivist	Null-Heart	stone fen	Pip source orbit	90	77	averaged_background_story_orbit_aesthetic_origin_distance	pending_art_reference
WC03581	Aerindramirearel3581	recurring-background	V3	B17	orchard guard	Iron-Song	pocket sanctuary	Rolzen source orbit	90	77	averaged_background_story_orbit_aesthetic_origin_distance	pending_art_reference
WC03582	Aerindraluthbriniel3582	deep-background	V3	B18	sonomancy listener	Wren-Ash	glass orchard	Xethrolund source orbit	90	77	averaged_background_story_orbit_aesthetic_origin_distance	pending_art_reference
WC03583	Ashaavelanoriandria3583	support	V3	B19	tunnel witness	Thorn-Vayne	neith edge	Rylos source orbit	90	77	averaged_background_story_orbit_aesthetic_origin_distance	pending_art_reference
WC03584	Aerfiraluthbrinen3584	background	V3	B20	threshold mason	Marso-len	willow-stone county	Kyreal source orbit	90	77	averaged_background_story_orbit_aesthetic_origin_distance	pending_art_reference
WC03585	Aeranorianmirearia3585	story	V3	B21	bookbinder	Rolzen-line	last open gate	Thessa source orbit	90	77	averaged_background_story_orbit_aesthetic_origin_distance	pending_art_reference
WC03586	Aerindracrownel3586	recurring-background	V3	B22	bridge keeper	Kyreal-pack	diamond breakland	Kael source orbit	90	77	averaged_background_story_orbit_aesthetic_origin_distance	pending_art_reference
WC03587	Brenaelavelfiraaen3587	deep-background	V3	B23	market singer	Xethrolund-glyph	black-heart ridge	Pael source orbit	90	77	averaged_background_story_orbit_aesthetic_origin_distance	pending_art_reference
WC03588	Ashajoraanorarel3588	support	V3	B24	glass forge worker	Pip-no-path	ash river	Soth source orbit	90	77	averaged_background_story_orbit_aesthetic_origin_distance	pending_art_reference
WC03589	Darodaleniel3589	background	V3	B25	ripper survivor	Mack-ground	morrow market	Vellin source orbit	90	77	averaged_background_story_orbit_aesthetic_origin_distance	pending_art_reference
WC03590	Aerdalencoriamossen3590	story	V3	B26	map seller	Dervish-glass	root vale	Corrath source orbit	90	77	averaged_background_story_orbit_aesthetic_origin_distance	pending_art_reference
WC03591	Aerfiraevaraglassen3591	recurring-background	V3	B27	cellar cook	Vayne	ripper tunnel	Dervish source orbit	90	77	averaged_background_story_orbit_aesthetic_origin_distance	pending_art_reference
WC03592	Aeranorcrowndion3592	deep-background	V3	B28	triage helper	Null-Heart	cello field	Pip source orbit	90	77	averaged_background_story_orbit_aesthetic_origin_distance	pending_art_reference
WC03593	Caelamarbrinarel3593	support	V3	B29	faction runner	Iron-Song	blue-light road	Rolzen source orbit	90	77	averaged_background_story_orbit_aesthetic_origin_distance	pending_art_reference
WC03594	Aerfiraemberen3594	background	V3	B30	wolf-road scout	Wren-Ash	xeth glyph yard	Xethrolund source orbit	90	77	averaged_background_story_orbit_aesthetic_origin_distance	pending_art_reference
WC03595	Ashajoramireen3595	story	V3	B31	glyph apprentice	Thorn-Vayne	stone fen	Rylos source orbit	90	77	averaged_background_story_orbit_aesthetic_origin_distance	pending_art_reference
WC03596	Aeranorevaraaelelle3596	recurring-background	V3	B32	corridor child	Marso-len	pocket sanctuary	Kyreal source orbit	90	77	averaged_background_story_orbit_aesthetic_origin_distance	pending_art_reference
WC03597	Aerindracinderen3597	deep-background	V3	B33	field healer	Rolzen-line	glass orchard	Thessa source orbit	90	77	averaged_background_story_orbit_aesthetic_origin_distance	pending_art_reference
WC03598	Ashagalenforgedria3598	support	V3	B01	cavern farmer	Kyreal-pack	neith edge	Kael source orbit	90	77	averaged_background_story_orbit_aesthetic_origin_distance	pending_art_reference
WC03599	Aeranormireion3599	background	V3	B02	garden watcher	Xethrolund-glyph	willow-stone county	Pael source orbit	90	77	averaged_background_story_orbit_aesthetic_origin_distance	pending_art_reference
WC03600	Brenbrincinderaria3600	story	V3	B03	stone archivist	Pip-no-path	last open gate	Soth source orbit	90	77	averaged_background_story_orbit_aesthetic_origin_distance	pending_art_reference
WC03601	Ashaavelemberaria3601	recurring-background	V3	B04	orchard guard	Mack-ground	diamond breakland	Vellin source orbit	90	77	averaged_background_story_orbit_aesthetic_origin_distance	pending_art_reference
WC03602	Brenaelavelanordion3602	deep-background	V3	B05	sonomancy listener	Dervish-glass	black-heart ridge	Corrath source orbit	90	77	averaged_background_story_orbit_aesthetic_origin_distance	pending_art_reference
WC03603	Ashaelionhollowavel3603	support	V3	B06	tunnel witness	Vayne	ash river	Dervish source orbit	90	77	averaged_background_story_orbit_aesthetic_origin_distance	pending_art_reference
WC03604	Darofiracoriaael3604	background	V3	B07	threshold mason	Null-Heart	morrow market	Pip source orbit	90	77	averaged_background_story_orbit_aesthetic_origin_distance	pending_art_reference
WC03605	Ashaavelanorianelle3605	story	V3	B08	bookbinder	Iron-Song	root vale	Rolzen source orbit	90	77	averaged_background_story_orbit_aesthetic_origin_distance	pending_art_reference
WC03606	Ashanarahollowavel3606	recurring-background	V3	B09	bridge keeper	Wren-Ash	ripper tunnel	Xethrolund source orbit	90	77	averaged_background_story_orbit_aesthetic_origin_distance	pending_art_reference
WC03607	Brenendarjoraael3607	deep-background	V3	B10	market singer	Thorn-Vayne	cello field	Rylos source orbit	90	77	averaged_background_story_orbit_aesthetic_origin_distance	pending_art_reference
WC03608	Ashaavelbrookion3608	support	V3	B11	glass forge worker	Marso-len	blue-light road	Kyreal source orbit	90	77	averaged_background_story_orbit_aesthetic_origin_distance	pending_art_reference
WC03609	Aerdalenmossaria3609	background	V3	B12	ripper survivor	Rolzen-line	xeth glyph yard	Thessa source orbit	90	77	averaged_background_story_orbit_aesthetic_origin_distance	pending_art_reference
WC03610	Aerfiraianmarrowaen3610	story	V3	B13	map seller	Kyreal-pack	stone fen	Kael source orbit	90	77	averaged_background_story_orbit_aesthetic_origin_distance	pending_art_reference
WC03611	Ashaelionfiramireel3611	recurring-background	V3	B14	cellar cook	Xethrolund-glyph	pocket sanctuary	Pael source orbit	90	77	averaged_background_story_orbit_aesthetic_origin_distance	pending_art_reference
WC03612	Aeranorgroveion3612	deep-background	V3	B15	triage helper	Pip-no-path	glass orchard	Soth source orbit	90	77	averaged_background_story_orbit_aesthetic_origin_distance	pending_art_reference
WC03613	Aeranorfenel3613	support	V3	B16	faction runner	Mack-ground	neith edge	Vellin source orbit	90	77	averaged_background_story_orbit_aesthetic_origin_distance	pending_art_reference
WC03614	Brenhalornaraelle3614	background	V3	B17	wolf-road scout	Dervish-glass	willow-stone county	Corrath source orbit	90	77	averaged_background_story_orbit_aesthetic_origin_distance	pending_art_reference
WC03615	Brenbrinjoraarel3615	story	V3	B18	glyph apprentice	Vayne	last open gate	Dervish source orbit	90	77	averaged_background_story_orbit_aesthetic_origin_distance	pending_art_reference
WC03616	Aerindraianaeliel3616	recurring-background	V3	B19	corridor child	Null-Heart	diamond breakland	Pip source orbit	90	77	averaged_background_story_orbit_aesthetic_origin_distance	pending_art_reference
WC03617	Aeranorluthendarion3617	deep-background	V3	B20	field healer	Iron-Song	black-heart ridge	Rolzen source orbit	90	77	averaged_background_story_orbit_aesthetic_origin_distance	pending_art_reference
WC03618	Brenbrinforgeiven3618	support	V3	B21	cavern farmer	Wren-Ash	ash river	Xethrolund source orbit	90	77	averaged_background_story_orbit_aesthetic_origin_distance	pending_art_reference
WC03619	Ashaavelfenaen3619	background	V3	B22	garden watcher	Thorn-Vayne	morrow market	Rylos source orbit	90	77	averaged_background_story_orbit_aesthetic_origin_distance	pending_art_reference
WC03620	Aerfiraevaraashael3620	story	V3	B23	stone archivist	Marso-len	root vale	Kyreal source orbit	90	77	averaged_background_story_orbit_aesthetic_origin_distance	pending_art_reference
WC03621	Ashaavelbellelle3621	recurring-background	V3	B24	orchard guard	Rolzen-line	ripper tunnel	Thessa source orbit	90	77	averaged_background_story_orbit_aesthetic_origin_distance	pending_art_reference
WC03622	Aerfiraluthbrookion3622	deep-background	V3	B25	sonomancy listener	Kyreal-pack	cello field	Kael source orbit	90	77	averaged_background_story_orbit_aesthetic_origin_distance	pending_art_reference
WC03623	Aermaeloramarbrinel3623	support	V3	B26	tunnel witness	Xethrolund-glyph	blue-light road	Pael source orbit	90	77	averaged_background_story_orbit_aesthetic_origin_distance	pending_art_reference
WC03624	Aerindraianaelael3624	background	V3	B27	threshold mason	Pip-no-path	xeth glyph yard	Soth source orbit	90	77	averaged_background_story_orbit_aesthetic_origin_distance	pending_art_reference
WC03625	Aerfiraluthivyaen3625	story	V3	B28	bookbinder	Mack-ground	stone fen	Vellin source orbit	90	77	averaged_background_story_orbit_aesthetic_origin_distance	pending_art_reference
WC03626	Aerfiracoriaaria3626	recurring-background	V3	B29	bridge keeper	Dervish-glass	pocket sanctuary	Corrath source orbit	90	77	averaged_background_story_orbit_aesthetic_origin_distance	pending_art_reference
WC03627	Aeranorbrookael3627	deep-background	V3	B30	market singer	Vayne	glass orchard	Dervish source orbit	90	77	averaged_background_story_orbit_aesthetic_origin_distance	pending_art_reference
WC03628	Aeranorluthquartzel3628	support	V3	B31	glass forge worker	Null-Heart	neith edge	Pip source orbit	90	77	averaged_background_story_orbit_aesthetic_origin_distance	pending_art_reference
WC03629	Brenhalorjoraavel3629	background	V3	B32	ripper survivor	Iron-Song	willow-stone county	Rolzen source orbit	90	77	averaged_background_story_orbit_aesthetic_origin_distance	pending_art_reference
WC03630	Aerfiraevaralarkel3630	story	V3	B33	map seller	Wren-Ash	last open gate	Xethrolund source orbit	90	77	averaged_background_story_orbit_aesthetic_origin_distance	pending_art_reference
WC03631	Aerfiramarrowel3631	recurring-background	V3	B01	cellar cook	Thorn-Vayne	diamond breakland	Rylos source orbit	90	77	averaged_background_story_orbit_aesthetic_origin_distance	pending_art_reference
WC03632	Aerindraluthashdria3632	deep-background	V3	B02	triage helper	Marso-len	black-heart ridge	Kyreal source orbit	90	77	averaged_background_story_orbit_aesthetic_origin_distance	pending_art_reference
WC03633	Ashaavelglasselle3633	support	V3	B03	faction runner	Rolzen-line	ash river	Thessa source orbit	90	77	averaged_background_story_orbit_aesthetic_origin_distance	pending_art_reference
WC03634	Ashaavelmossavel3634	background	V3	B04	wolf-road scout	Kyreal-pack	morrow market	Kael source orbit	90	77	averaged_background_story_orbit_aesthetic_origin_distance	pending_art_reference
WC03635	Ashanaragroveaen3635	story	V3	B05	glyph apprentice	Xethrolund-glyph	root vale	Pael source orbit	90	77	averaged_background_story_orbit_aesthetic_origin_distance	pending_art_reference
WC03636	Aeranoramarlarkaria3636	recurring-background	V3	B06	corridor child	Pip-no-path	ripper tunnel	Soth source orbit	90	77	averaged_background_story_orbit_aesthetic_origin_distance	pending_art_reference
WC03637	Aerdalenianashael3637	deep-background	V3	B07	field healer	Mack-ground	cello field	Vellin source orbit	90	77	averaged_background_story_orbit_aesthetic_origin_distance	pending_art_reference
WC03638	Aeranorevaraforgeen3638	support	V3	B08	cavern farmer	Dervish-glass	blue-light road	Corrath source orbit	90	77	averaged_background_story_orbit_aesthetic_origin_distance	pending_art_reference
WC03639	Aeranorion3639	background	V3	B09	garden watcher	Vayne	xeth glyph yard	Dervish source orbit	90	77	averaged_background_story_orbit_aesthetic_origin_distance	pending_art_reference
WC03640	Aerfiraluthkelaniel3640	story	V3	B10	stone archivist	Null-Heart	stone fen	Pip source orbit	90	77	averaged_background_story_orbit_aesthetic_origin_distance	pending_art_reference
WC03641	Aerdalenhollowarel3641	recurring-background	V3	B11	orchard guard	Iron-Song	pocket sanctuary	Rolzen source orbit	90	77	averaged_background_story_orbit_aesthetic_origin_distance	pending_art_reference
WC03642	Aermaelorgrovedria3642	deep-background	V3	B12	sonomancy listener	Wren-Ash	glass orchard	Xethrolund source orbit	90	77	averaged_background_story_orbit_aesthetic_origin_distance	pending_art_reference
WC03643	Ashagalenmireel3643	support	V3	B13	tunnel witness	Thorn-Vayne	neith edge	Rylos source orbit	90	77	averaged_background_story_orbit_aesthetic_origin_distance	pending_art_reference
WC03644	Aerfiraluthivyiven3644	background	V3	B14	threshold mason	Marso-len	willow-stone county	Kyreal source orbit	90	77	averaged_background_story_orbit_aesthetic_origin_distance	pending_art_reference
WC03645	Aerfiraevarafenael3645	story	V3	B15	bookbinder	Rolzen-line	last open gate	Thessa source orbit	90	77	averaged_background_story_orbit_aesthetic_origin_distance	pending_art_reference
WC03646	Ashaavelivyen3646	recurring-background	V3	B16	bridge keeper	Kyreal-pack	diamond breakland	Kael source orbit	90	77	averaged_background_story_orbit_aesthetic_origin_distance	pending_art_reference
WC03647	Aerfiraaen3647	deep-background	V3	B17	market singer	Xethrolund-glyph	black-heart ridge	Pael source orbit	90	77	averaged_background_story_orbit_aesthetic_origin_distance	pending_art_reference
WC03648	Ashaavelfenen3648	support	V3	B18	glass forge worker	Pip-no-path	ash river	Soth source orbit	90	77	averaged_background_story_orbit_aesthetic_origin_distance	pending_art_reference
WC03649	Ashaeliongrovedion3649	background	V3	B19	ripper survivor	Mack-ground	morrow market	Vellin source orbit	90	77	averaged_background_story_orbit_aesthetic_origin_distance	pending_art_reference
WC03650	Aerfiraamarmossarel3650	story	V3	B20	map seller	Dervish-glass	root vale	Corrath source orbit	90	77	averaged_background_story_orbit_aesthetic_origin_distance	pending_art_reference
WC03651	Aerfiraamarbelldria3651	recurring-background	V3	B21	cellar cook	Vayne	ripper tunnel	Dervish source orbit	90	77	averaged_background_story_orbit_aesthetic_origin_distance	pending_art_reference
WC03652	Aeranorevaragroveen3652	deep-background	V3	B22	triage helper	Null-Heart	cello field	Pip source orbit	90	77	averaged_background_story_orbit_aesthetic_origin_distance	pending_art_reference
WC03653	Ashajoragroveaen3653	support	V3	B23	faction runner	Iron-Song	blue-light road	Rolzen source orbit	90	77	averaged_background_story_orbit_aesthetic_origin_distance	pending_art_reference
WC03654	Ashaavelcairnaria3654	background	V3	B24	wolf-road scout	Wren-Ash	xeth glyph yard	Xethrolund source orbit	90	77	averaged_background_story_orbit_aesthetic_origin_distance	pending_art_reference
WC03655	Aerindragroveion3655	story	V3	B25	glyph apprentice	Thorn-Vayne	stone fen	Rylos source orbit	90	77	averaged_background_story_orbit_aesthetic_origin_distance	pending_art_reference
WC03656	Caelianhalornaraaen3656	recurring-background	V3	B26	corridor child	Marso-len	pocket sanctuary	Kyreal source orbit	90	77	averaged_background_story_orbit_aesthetic_origin_distance	pending_art_reference
WC03657	Aerindraforgedria3657	deep-background	V3	B27	field healer	Rolzen-line	glass orchard	Thessa source orbit	90	77	averaged_background_story_orbit_aesthetic_origin_distance	pending_art_reference
WC03658	Ashagalencinderarel3658	support	V3	B28	cavern farmer	Kyreal-pack	neith edge	Kael source orbit	90	77	averaged_background_story_orbit_aesthetic_origin_distance	pending_art_reference
WC03659	Ashajoramarrowdria3659	background	V3	B29	garden watcher	Xethrolund-glyph	willow-stone county	Pael source orbit	90	77	averaged_background_story_orbit_aesthetic_origin_distance	pending_art_reference
WC03660	Ashajorahollowavel3660	story	V3	B30	stone archivist	Pip-no-path	last open gate	Soth source orbit	90	77	averaged_background_story_orbit_aesthetic_origin_distance	pending_art_reference
WC03661	Aermaelorael3661	recurring-background	V3	B31	orchard guard	Mack-ground	diamond breakland	Vellin source orbit	90	77	averaged_background_story_orbit_aesthetic_origin_distance	pending_art_reference
WC03662	Aeranorluthavel3662	deep-background	V3	B32	sonomancy listener	Dervish-glass	black-heart ridge	Corrath source orbit	90	77	averaged_background_story_orbit_aesthetic_origin_distance	pending_art_reference
WC03663	Ashajorahollowaen3663	support	V3	B33	tunnel witness	Vayne	ash river	Dervish source orbit	90	77	averaged_background_story_orbit_aesthetic_origin_distance	pending_art_reference
WC03664	Aerdalenluthion3664	background	V3	B01	threshold mason	Null-Heart	morrow market	Pip source orbit	90	77	averaged_background_story_orbit_aesthetic_origin_distance	pending_art_reference
WC03665	Brenaelelionael3665	story	V3	B02	bookbinder	Iron-Song	root vale	Rolzen source orbit	90	77	averaged_background_story_orbit_aesthetic_origin_distance	pending_art_reference
WC03666	Aerfiraamardion3666	recurring-background	V3	B03	bridge keeper	Wren-Ash	ripper tunnel	Xethrolund source orbit	90	77	averaged_background_story_orbit_aesthetic_origin_distance	pending_art_reference
WC03667	Aerindraavel3667	deep-background	V3	B04	market singer	Thorn-Vayne	cello field	Rylos source orbit	90	77	averaged_background_story_orbit_aesthetic_origin_distance	pending_art_reference
WC03668	Ashagalenbrookel3668	support	V3	B05	glass forge worker	Marso-len	blue-light road	Kyreal source orbit	90	77	averaged_background_story_orbit_aesthetic_origin_distance	pending_art_reference
WC03669	Ashajoraindraen3669	background	V3	B06	ripper survivor	Rolzen-line	xeth glyph yard	Thessa source orbit	90	77	averaged_background_story_orbit_aesthetic_origin_distance	pending_art_reference
WC03670	Brenkelanhollowiel3670	story	V3	B07	map seller	Kyreal-pack	stone fen	Kael source orbit	90	77	averaged_background_story_orbit_aesthetic_origin_distance	pending_art_reference
WC03671	Ashaelionmarrowdria3671	recurring-background	V3	B08	cellar cook	Xethrolund-glyph	pocket sanctuary	Pael source orbit	90	77	averaged_background_story_orbit_aesthetic_origin_distance	pending_art_reference
WC03672	Ashagalenanorianel3672	deep-background	V3	B09	triage helper	Pip-no-path	glass orchard	Soth source orbit	90	77	averaged_background_story_orbit_aesthetic_origin_distance	pending_art_reference
WC03673	Caelamarkelanavel3673	support	V3	B10	faction runner	Mack-ground	neith edge	Vellin source orbit	90	77	averaged_background_story_orbit_aesthetic_origin_distance	pending_art_reference
WC03674	Aerdaleniven3674	background	V3	B11	wolf-road scout	Dervish-glass	willow-stone county	Corrath source orbit	90	77	averaged_background_story_orbit_aesthetic_origin_distance	pending_art_reference
WC03675	Aeranorianorchardel3675	story	V3	B12	glyph apprentice	Vayne	last open gate	Dervish source orbit	90	77	averaged_background_story_orbit_aesthetic_origin_distance	pending_art_reference
WC03676	Ashagalenivyaria3676	recurring-background	V3	B13	corridor child	Null-Heart	diamond breakland	Pip source orbit	90	77	averaged_background_story_orbit_aesthetic_origin_distance	pending_art_reference
WC03677	Aerfiracairnaen3677	deep-background	V3	B14	field healer	Iron-Song	black-heart ridge	Rolzen source orbit	90	77	averaged_background_story_orbit_aesthetic_origin_distance	pending_art_reference
WC03678	Aerfiraluthglassion3678	support	V3	B15	cavern farmer	Wren-Ash	ash river	Xethrolund source orbit	90	77	averaged_background_story_orbit_aesthetic_origin_distance	pending_art_reference
WC03679	Aerfiraamarlarkarel3679	background	V3	B16	garden watcher	Thorn-Vayne	morrow market	Rylos source orbit	90	77	averaged_background_story_orbit_aesthetic_origin_distance	pending_art_reference
WC03680	Aerdalendion3680	story	V3	B17	stone archivist	Marso-len	root vale	Kyreal source orbit	90	77	averaged_background_story_orbit_aesthetic_origin_distance	pending_art_reference
WC03681	Aerdaleniancairnion3681	recurring-background	V3	B18	orchard guard	Rolzen-line	ripper tunnel	Thessa source orbit	90	77	averaged_background_story_orbit_aesthetic_origin_distance	pending_art_reference
WC03682	Aerdalenianbrookion3682	deep-background	V3	B19	sonomancy listener	Kyreal-pack	cello field	Kael source orbit	90	77	averaged_background_story_orbit_aesthetic_origin_distance	pending_art_reference
WC03683	Aerdaleniel3683	support	V3	B20	tunnel witness	Xethrolund-glyph	blue-light road	Pael source orbit	90	77	averaged_background_story_orbit_aesthetic_origin_distance	pending_art_reference
WC03684	Ashanarariverelle3684	background	V3	B21	threshold mason	Pip-no-path	xeth glyph yard	Soth source orbit	90	77	averaged_background_story_orbit_aesthetic_origin_distance	pending_art_reference
WC03685	Ashagalenmarrowdria3685	story	V3	B22	bookbinder	Mack-ground	stone fen	Vellin source orbit	90	77	averaged_background_story_orbit_aesthetic_origin_distance	pending_art_reference
WC03686	Ashanaradalendria3686	recurring-background	V3	B23	bridge keeper	Dervish-glass	pocket sanctuary	Corrath source orbit	90	77	averaged_background_story_orbit_aesthetic_origin_distance	pending_art_reference
WC03687	Ashaavelanordria3687	deep-background	V3	B24	market singer	Vayne	glass orchard	Dervish source orbit	90	77	averaged_background_story_orbit_aesthetic_origin_distance	pending_art_reference
WC03688	Aeranoramarbrookel3688	support	V3	B25	glass forge worker	Null-Heart	neith edge	Pip source orbit	90	77	averaged_background_story_orbit_aesthetic_origin_distance	pending_art_reference
WC03689	Aeranorcoriaaeldion3689	background	V3	B26	ripper survivor	Iron-Song	willow-stone county	Rolzen source orbit	90	77	averaged_background_story_orbit_aesthetic_origin_distance	pending_art_reference
WC03690	Aerindraamarbellion3690	story	V3	B27	map seller	Wren-Ash	last open gate	Xethrolund source orbit	90	77	averaged_background_story_orbit_aesthetic_origin_distance	pending_art_reference
WC03691	Ashagalenhollowen3691	recurring-background	V3	B28	cellar cook	Thorn-Vayne	diamond breakland	Rylos source orbit	90	77	averaged_background_story_orbit_aesthetic_origin_distance	pending_art_reference
WC03692	Aerfiracoriaiel3692	deep-background	V3	B29	triage helper	Marso-len	black-heart ridge	Kyreal source orbit	90	77	averaged_background_story_orbit_aesthetic_origin_distance	pending_art_reference
WC03693	Aerfiraluthendarael3693	support	V3	B30	faction runner	Rolzen-line	ash river	Thessa source orbit	90	77	averaged_background_story_orbit_aesthetic_origin_distance	pending_art_reference
WC03694	Ashaelioncinderaen3694	background	V3	B31	wolf-road scout	Kyreal-pack	morrow market	Kael source orbit	90	77	averaged_background_story_orbit_aesthetic_origin_distance	pending_art_reference
WC03695	Aeranorhollowiel3695	story	V3	B32	glyph apprentice	Xethrolund-glyph	root vale	Pael source orbit	90	77	averaged_background_story_orbit_aesthetic_origin_distance	pending_art_reference
WC03696	Aerdalenianbellael3696	recurring-background	V3	B33	corridor child	Pip-no-path	ripper tunnel	Soth source orbit	90	77	averaged_background_story_orbit_aesthetic_origin_distance	pending_art_reference
WC03697	Aerdalenianmossion3697	deep-background	V3	B01	field healer	Mack-ground	cello field	Vellin source orbit	90	77	averaged_background_story_orbit_aesthetic_origin_distance	pending_art_reference
WC03698	Brenaelcrownael3698	support	V3	B02	cavern farmer	Dervish-glass	blue-light road	Corrath source orbit	90	77	averaged_background_story_orbit_aesthetic_origin_distance	pending_art_reference
WC03699	Aerdalenemberdria3699	background	V3	B03	garden watcher	Vayne	xeth glyph yard	Dervish source orbit	90	77	averaged_background_story_orbit_aesthetic_origin_distance	pending_art_reference
WC03700	Brenbrinavelivyaria3700	story	V3	B04	stone archivist	Null-Heart	stone fen	Pip source orbit	90	77	averaged_background_story_orbit_aesthetic_origin_distance	pending_art_reference
WC03701	Aerindrafenarel3701	recurring-background	V3	B05	orchard guard	Iron-Song	pocket sanctuary	Rolzen source orbit	90	77	averaged_background_story_orbit_aesthetic_origin_distance	pending_art_reference
WC03702	Aerdalenaria3702	deep-background	V3	B06	sonomancy listener	Wren-Ash	glass orchard	Xethrolund source orbit	90	77	averaged_background_story_orbit_aesthetic_origin_distance	pending_art_reference
WC03703	Caelamarcrowndion3703	support	V3	B07	tunnel witness	Thorn-Vayne	neith edge	Rylos source orbit	90	77	averaged_background_story_orbit_aesthetic_origin_distance	pending_art_reference
WC03704	Aerdalenavel3704	background	V3	B08	threshold mason	Marso-len	willow-stone county	Kyreal source orbit	90	77	averaged_background_story_orbit_aesthetic_origin_distance	pending_art_reference
WC03705	Ashajoraanorashavel3705	story	V3	B09	bookbinder	Rolzen-line	last open gate	Thessa source orbit	90	77	averaged_background_story_orbit_aesthetic_origin_distance	pending_art_reference
WC03706	Ashaavelmossdria3706	recurring-background	V3	B10	bridge keeper	Kyreal-pack	diamond breakland	Kael source orbit	90	77	averaged_background_story_orbit_aesthetic_origin_distance	pending_art_reference
WC03707	Brenkelannaraael3707	deep-background	V3	B11	market singer	Xethrolund-glyph	black-heart ridge	Pael source orbit	90	77	averaged_background_story_orbit_aesthetic_origin_distance	pending_art_reference
WC03708	Ashaelionfiraianel3708	support	V3	B12	glass forge worker	Pip-no-path	ash river	Soth source orbit	90	77	averaged_background_story_orbit_aesthetic_origin_distance	pending_art_reference
WC03709	Ashaavelmarrowelle3709	background	V3	B13	ripper survivor	Mack-ground	morrow market	Vellin source orbit	90	77	averaged_background_story_orbit_aesthetic_origin_distance	pending_art_reference
WC03710	Ashaavelbrookaen3710	story	V3	B14	map seller	Dervish-glass	root vale	Corrath source orbit	90	77	averaged_background_story_orbit_aesthetic_origin_distance	pending_art_reference
WC03711	Ashaelionriveravel3711	recurring-background	V3	B15	cellar cook	Vayne	ripper tunnel	Dervish source orbit	90	77	averaged_background_story_orbit_aesthetic_origin_distance	pending_art_reference
WC03712	Ashaavelivyaen3712	deep-background	V3	B16	triage helper	Null-Heart	cello field	Pip source orbit	90	77	averaged_background_story_orbit_aesthetic_origin_distance	pending_art_reference
WC03713	Aerfiraianforgeiven3713	support	V3	B17	faction runner	Iron-Song	blue-light road	Rolzen source orbit	90	77	averaged_background_story_orbit_aesthetic_origin_distance	pending_art_reference
WC03714	Ashajoraindrael3714	background	V3	B18	wolf-road scout	Wren-Ash	xeth glyph yard	Xethrolund source orbit	90	77	averaged_background_story_orbit_aesthetic_origin_distance	pending_art_reference
WC03715	Aeranormarrowion3715	story	V3	B19	glyph apprentice	Thorn-Vayne	stone fen	Rylos source orbit	90	77	averaged_background_story_orbit_aesthetic_origin_distance	pending_art_reference
WC03716	Ashanaragroveel3716	recurring-background	V3	B20	corridor child	Marso-len	pocket sanctuary	Kyreal source orbit	90	77	averaged_background_story_orbit_aesthetic_origin_distance	pending_art_reference
WC03717	Aerfiraluthfendion3717	deep-background	V3	B21	field healer	Rolzen-line	glass orchard	Thessa source orbit	90	77	averaged_background_story_orbit_aesthetic_origin_distance	pending_art_reference
WC03718	Aerfiraamarbrinaen3718	support	V3	B22	cavern farmer	Kyreal-pack	neith edge	Kael source orbit	90	77	averaged_background_story_orbit_aesthetic_origin_distance	pending_art_reference
WC03719	Ashaavelanoriven3719	background	V3	B23	garden watcher	Xethrolund-glyph	willow-stone county	Pael source orbit	90	77	averaged_background_story_orbit_aesthetic_origin_distance	pending_art_reference
WC03720	Ashajoraanoravel3720	story	V3	B24	stone archivist	Pip-no-path	last open gate	Soth source orbit	90	77	averaged_background_story_orbit_aesthetic_origin_distance	pending_art_reference
WC03721	Aeranoramarbriniel3721	recurring-background	V3	B25	orchard guard	Mack-ground	diamond breakland	Vellin source orbit	90	77	averaged_background_story_orbit_aesthetic_origin_distance	pending_art_reference
WC03722	Aeranoriancinderel3722	deep-background	V3	B26	sonomancy listener	Dervish-glass	black-heart ridge	Corrath source orbit	90	77	averaged_background_story_orbit_aesthetic_origin_distance	pending_art_reference
WC03723	Aeranoraen3723	support	V3	B27	tunnel witness	Vayne	ash river	Dervish source orbit	90	77	averaged_background_story_orbit_aesthetic_origin_distance	pending_art_reference
WC03724	Aerindraorchardion3724	background	V3	B28	threshold mason	Null-Heart	morrow market	Pip source orbit	90	77	averaged_background_story_orbit_aesthetic_origin_distance	pending_art_reference
WC03725	Aerfiraamarcinderen3725	story	V3	B29	bookbinder	Iron-Song	root vale	Rolzen source orbit	90	77	averaged_background_story_orbit_aesthetic_origin_distance	pending_art_reference
WC03726	Aerindraevaralarken3726	recurring-background	V3	B30	bridge keeper	Wren-Ash	ripper tunnel	Xethrolund source orbit	90	77	averaged_background_story_orbit_aesthetic_origin_distance	pending_art_reference
WC03727	Aerdalenquartzelle3727	deep-background	V3	B31	market singer	Thorn-Vayne	cello field	Rylos source orbit	90	77	averaged_background_story_orbit_aesthetic_origin_distance	pending_art_reference
WC03728	Ashanaraanorianiven3728	support	V3	B32	glass forge worker	Marso-len	blue-light road	Kyreal source orbit	90	77	averaged_background_story_orbit_aesthetic_origin_distance	pending_art_reference
WC03729	Aerdalencinderael3729	background	V3	B33	ripper survivor	Rolzen-line	xeth glyph yard	Thessa source orbit	90	77	averaged_background_story_orbit_aesthetic_origin_distance	pending_art_reference
WC03730	Aeranoriven3730	story	V3	B01	map seller	Kyreal-pack	stone fen	Kael source orbit	90	77	averaged_background_story_orbit_aesthetic_origin_distance	pending_art_reference
WC03731	Caelcoriakelanaen3731	recurring-background	V3	B02	cellar cook	Xethrolund-glyph	pocket sanctuary	Pael source orbit	90	77	averaged_background_story_orbit_aesthetic_origin_distance	pending_art_reference
WC03732	Aeranoramarglassaen3732	deep-background	V3	B03	triage helper	Pip-no-path	glass orchard	Soth source orbit	90	77	averaged_background_story_orbit_aesthetic_origin_distance	pending_art_reference
WC03733	Ashajoraanorluthael3733	support	V3	B04	faction runner	Mack-ground	neith edge	Vellin source orbit	90	77	averaged_background_story_orbit_aesthetic_origin_distance	pending_art_reference
WC03734	Aeranorcoriaaria3734	background	V3	B05	wolf-road scout	Dervish-glass	willow-stone county	Corrath source orbit	90	77	averaged_background_story_orbit_aesthetic_origin_distance	pending_art_reference
WC03735	Ashaavelcairniel3735	story	V3	B06	glyph apprentice	Vayne	last open gate	Dervish source orbit	90	77	averaged_background_story_orbit_aesthetic_origin_distance	pending_art_reference
WC03736	Aerfiraamarbrinelle3736	recurring-background	V3	B07	corridor child	Null-Heart	diamond breakland	Pip source orbit	90	77	averaged_background_story_orbit_aesthetic_origin_distance	pending_art_reference
WC03737	Aeranorluthendarion3737	deep-background	V3	B08	field healer	Iron-Song	black-heart ridge	Rolzen source orbit	90	77	averaged_background_story_orbit_aesthetic_origin_distance	pending_art_reference
WC03738	Brenendarjoraiven3738	support	V3	B09	cavern farmer	Wren-Ash	ash river	Xethrolund source orbit	90	77	averaged_background_story_orbit_aesthetic_origin_distance	pending_art_reference
WC03739	Aerdalenamarlarken3739	background	V3	B10	garden watcher	Thorn-Vayne	morrow market	Rylos source orbit	90	77	averaged_background_story_orbit_aesthetic_origin_distance	pending_art_reference
WC03740	Aerdalenamarforgeel3740	story	V3	B11	stone archivist	Marso-len	root vale	Kyreal source orbit	90	77	averaged_background_story_orbit_aesthetic_origin_distance	pending_art_reference
WC03741	Aeranorluthcairnel3741	recurring-background	V3	B12	orchard guard	Rolzen-line	ripper tunnel	Thessa source orbit	90	77	averaged_background_story_orbit_aesthetic_origin_distance	pending_art_reference
WC03742	Ashajoraivydion3742	deep-background	V3	B13	sonomancy listener	Kyreal-pack	cello field	Kael source orbit	90	77	averaged_background_story_orbit_aesthetic_origin_distance	pending_art_reference
WC03743	Aeranoramarmossael3743	support	V3	B14	tunnel witness	Xethrolund-glyph	blue-light road	Pael source orbit	90	77	averaged_background_story_orbit_aesthetic_origin_distance	pending_art_reference
WC03744	Aerfiraamaraelashen3744	background	V3	B15	threshold mason	Pip-no-path	xeth glyph yard	Soth source orbit	90	77	averaged_background_story_orbit_aesthetic_origin_distance	pending_art_reference
WC03745	Aerfirariverion3745	story	V3	B16	bookbinder	Mack-ground	stone fen	Vellin source orbit	90	77	averaged_background_story_orbit_aesthetic_origin_distance	pending_art_reference
WC03746	Ashaavelmaelordria3746	recurring-background	V3	B17	bridge keeper	Dervish-glass	pocket sanctuary	Corrath source orbit	90	77	averaged_background_story_orbit_aesthetic_origin_distance	pending_art_reference
WC03747	Aerdalenmarrowael3747	deep-background	V3	B18	market singer	Vayne	glass orchard	Dervish source orbit	90	77	averaged_background_story_orbit_aesthetic_origin_distance	pending_art_reference
WC03748	Aermaelorcrownaen3748	support	V3	B19	glass forge worker	Null-Heart	neith edge	Pip source orbit	90	77	averaged_background_story_orbit_aesthetic_origin_distance	pending_art_reference
WC03749	Caelamarashdion3749	background	V3	B20	ripper survivor	Iron-Song	willow-stone county	Rolzen source orbit	90	77	averaged_background_story_orbit_aesthetic_origin_distance	pending_art_reference
WC03750	Aeranorevaraglassel3750	story	V3	B21	map seller	Wren-Ash	last open gate	Xethrolund source orbit	90	77	averaged_background_story_orbit_aesthetic_origin_distance	pending_art_reference
WC03751	Aeranorgroveel3751	recurring-background	V3	B22	cellar cook	Thorn-Vayne	diamond breakland	Rylos source orbit	90	77	averaged_background_story_orbit_aesthetic_origin_distance	pending_art_reference
WC03752	Aerdalenamardion3752	deep-background	V3	B23	triage helper	Marso-len	black-heart ridge	Kyreal source orbit	90	77	averaged_background_story_orbit_aesthetic_origin_distance	pending_art_reference
WC03753	Aeranorluthmirearia3753	support	V3	B24	faction runner	Rolzen-line	ash river	Thessa source orbit	90	77	averaged_background_story_orbit_aesthetic_origin_distance	pending_art_reference
WC03754	Aerdalenianaeliven3754	background	V3	B25	wolf-road scout	Kyreal-pack	morrow market	Kael source orbit	90	77	averaged_background_story_orbit_aesthetic_origin_distance	pending_art_reference
WC03755	Aerfiraaen3755	story	V3	B26	glyph apprentice	Xethrolund-glyph	root vale	Pael source orbit	90	77	averaged_background_story_orbit_aesthetic_origin_distance	pending_art_reference
WC03756	Aeranorluthcrownel3756	recurring-background	V3	B27	corridor child	Pip-no-path	ripper tunnel	Soth source orbit	90	77	averaged_background_story_orbit_aesthetic_origin_distance	pending_art_reference
WC03757	Ashanaraanorelle3757	deep-background	V3	B28	field healer	Mack-ground	cello field	Vellin source orbit	90	77	averaged_background_story_orbit_aesthetic_origin_distance	pending_art_reference
WC03758	Aeranoravel3758	support	V3	B29	cavern farmer	Dervish-glass	blue-light road	Corrath source orbit	90	77	averaged_background_story_orbit_aesthetic_origin_distance	pending_art_reference
WC03759	Ashagalenhollowion3759	background	V3	B30	garden watcher	Vayne	xeth glyph yard	Dervish source orbit	90	77	averaged_background_story_orbit_aesthetic_origin_distance	pending_art_reference
WC03760	Ashaavelfiraevaraen3760	story	V3	B31	stone archivist	Null-Heart	stone fen	Pip source orbit	90	77	averaged_background_story_orbit_aesthetic_origin_distance	pending_art_reference
WC03761	Ashaelionindraael3761	recurring-background	V3	B32	orchard guard	Iron-Song	pocket sanctuary	Rolzen source orbit	90	77	averaged_background_story_orbit_aesthetic_origin_distance	pending_art_reference
WC03762	Caelamarbrinnaraaen3762	deep-background	V3	B33	sonomancy listener	Wren-Ash	glass orchard	Xethrolund source orbit	90	77	averaged_background_story_orbit_aesthetic_origin_distance	pending_art_reference
WC03763	Ashaeliondalenion3763	support	V3	B01	tunnel witness	Thorn-Vayne	neith edge	Rylos source orbit	90	77	averaged_background_story_orbit_aesthetic_origin_distance	pending_art_reference
WC03764	Aerindrafenelle3764	background	V3	B02	threshold mason	Marso-len	willow-stone county	Kyreal source orbit	90	77	averaged_background_story_orbit_aesthetic_origin_distance	pending_art_reference
WC03765	Aerdalenivyavel3765	story	V3	B03	bookbinder	Rolzen-line	last open gate	Thessa source orbit	90	77	averaged_background_story_orbit_aesthetic_origin_distance	pending_art_reference
WC03766	Aerindradria3766	recurring-background	V3	B04	bridge keeper	Kyreal-pack	diamond breakland	Kael source orbit	90	77	averaged_background_story_orbit_aesthetic_origin_distance	pending_art_reference
WC03767	Aerfiraianendardria3767	deep-background	V3	B05	market singer	Xethrolund-glyph	black-heart ridge	Pael source orbit	90	77	averaged_background_story_orbit_aesthetic_origin_distance	pending_art_reference
WC03768	Aerfiraianglassaen3768	support	V3	B06	glass forge worker	Pip-no-path	ash river	Soth source orbit	90	77	averaged_background_story_orbit_aesthetic_origin_distance	pending_art_reference
WC03769	Aerdalencoriaashael3769	background	V3	B07	ripper survivor	Mack-ground	morrow market	Vellin source orbit	90	77	averaged_background_story_orbit_aesthetic_origin_distance	pending_art_reference
WC03770	Aeranorhollowiel3770	story	V3	B08	map seller	Dervish-glass	root vale	Corrath source orbit	90	77	averaged_background_story_orbit_aesthetic_origin_distance	pending_art_reference
WC03771	Aerfiraiancrowndria3771	recurring-background	V3	B09	cellar cook	Vayne	ripper tunnel	Dervish source orbit	90	77	averaged_background_story_orbit_aesthetic_origin_distance	pending_art_reference
WC03772	Ashanaraanoramariel3772	deep-background	V3	B10	triage helper	Null-Heart	cello field	Pip source orbit	90	77	averaged_background_story_orbit_aesthetic_origin_distance	pending_art_reference
WC03773	Aeranoravel3773	support	V3	B11	faction runner	Iron-Song	blue-light road	Rolzen source orbit	90	77	averaged_background_story_orbit_aesthetic_origin_distance	pending_art_reference
WC03774	Aeranoramarglassiel3774	background	V3	B12	wolf-road scout	Wren-Ash	xeth glyph yard	Xethrolund source orbit	90	77	averaged_background_story_orbit_aesthetic_origin_distance	pending_art_reference
WC03775	Aeranoramarcrownaen3775	story	V3	B13	glyph apprentice	Thorn-Vayne	stone fen	Rylos source orbit	90	77	averaged_background_story_orbit_aesthetic_origin_distance	pending_art_reference
WC03776	Aermaelorianbriniel3776	recurring-background	V3	B14	corridor child	Marso-len	pocket sanctuary	Kyreal source orbit	90	77	averaged_background_story_orbit_aesthetic_origin_distance	pending_art_reference
WC03777	Aeranorivyarel3777	deep-background	V3	B15	field healer	Rolzen-line	glass orchard	Thessa source orbit	90	77	averaged_background_story_orbit_aesthetic_origin_distance	pending_art_reference
WC03778	Ashaavelanorcrownel3778	support	V3	B16	cavern farmer	Kyreal-pack	neith edge	Kael source orbit	90	77	averaged_background_story_orbit_aesthetic_origin_distance	pending_art_reference
WC03779	Ashanaramarrowdria3779	background	V3	B17	garden watcher	Xethrolund-glyph	willow-stone county	Pael source orbit	90	77	averaged_background_story_orbit_aesthetic_origin_distance	pending_art_reference
WC03780	Caelcoriaaelavelion3780	story	V3	B18	stone archivist	Pip-no-path	last open gate	Soth source orbit	90	77	averaged_background_story_orbit_aesthetic_origin_distance	pending_art_reference
WC03781	Brenhaloriel3781	recurring-background	V3	B19	orchard guard	Mack-ground	diamond breakland	Vellin source orbit	90	77	averaged_background_story_orbit_aesthetic_origin_distance	pending_art_reference
WC03782	Ashagalenfiraianaen3782	deep-background	V3	B20	sonomancy listener	Dervish-glass	black-heart ridge	Corrath source orbit	90	77	averaged_background_story_orbit_aesthetic_origin_distance	pending_art_reference
WC03783	Aeranorianaelmossel3783	support	V3	B21	tunnel witness	Vayne	ash river	Dervish source orbit	90	77	averaged_background_story_orbit_aesthetic_origin_distance	pending_art_reference
WC03784	Ashanaradalenarel3784	background	V3	B22	threshold mason	Null-Heart	morrow market	Pip source orbit	90	77	averaged_background_story_orbit_aesthetic_origin_distance	pending_art_reference
WC03785	Aerdalenevaramossen3785	story	V3	B23	bookbinder	Iron-Song	root vale	Rolzen source orbit	90	77	averaged_background_story_orbit_aesthetic_origin_distance	pending_art_reference
WC03786	Brenaelnaraion3786	recurring-background	V3	B24	bridge keeper	Wren-Ash	ripper tunnel	Xethrolund source orbit	90	77	averaged_background_story_orbit_aesthetic_origin_distance	pending_art_reference
WC03787	Caelevaraaelen3787	deep-background	V3	B25	market singer	Thorn-Vayne	cello field	Rylos source orbit	90	77	averaged_background_story_orbit_aesthetic_origin_distance	pending_art_reference
WC03788	Ashajoraanorfenarel3788	support	V3	B26	glass forge worker	Marso-len	blue-light road	Kyreal source orbit	90	77	averaged_background_story_orbit_aesthetic_origin_distance	pending_art_reference
WC03789	Aerindramossel3789	background	V3	B27	ripper survivor	Rolzen-line	xeth glyph yard	Thessa source orbit	90	77	averaged_background_story_orbit_aesthetic_origin_distance	pending_art_reference
WC03790	Aerdalenorchardaria3790	story	V3	B28	map seller	Kyreal-pack	stone fen	Kael source orbit	90	77	averaged_background_story_orbit_aesthetic_origin_distance	pending_art_reference
WC03791	Ashajoraemberiven3791	recurring-background	V3	B29	cellar cook	Xethrolund-glyph	pocket sanctuary	Pael source orbit	90	77	averaged_background_story_orbit_aesthetic_origin_distance	pending_art_reference
WC03792	Aeranorgrovearia3792	deep-background	V3	B30	triage helper	Pip-no-path	glass orchard	Soth source orbit	90	77	averaged_background_story_orbit_aesthetic_origin_distance	pending_art_reference
WC03793	Ashaelionemberarel3793	support	V3	B31	faction runner	Mack-ground	neith edge	Vellin source orbit	90	77	averaged_background_story_orbit_aesthetic_origin_distance	pending_art_reference
WC03794	Aerfiracoriamossaen3794	background	V3	B32	wolf-road scout	Dervish-glass	willow-stone county	Corrath source orbit	90	77	averaged_background_story_orbit_aesthetic_origin_distance	pending_art_reference
WC03795	Aerfiraluthbellel3795	story	V3	B33	glyph apprentice	Vayne	last open gate	Dervish source orbit	90	77	averaged_background_story_orbit_aesthetic_origin_distance	pending_art_reference
WC03796	Aerdalenorchardarel3796	recurring-background	V3	B01	corridor child	Null-Heart	diamond breakland	Pip source orbit	90	77	averaged_background_story_orbit_aesthetic_origin_distance	pending_art_reference
WC03797	Aerindraamarforgeel3797	deep-background	V3	B02	field healer	Iron-Song	black-heart ridge	Rolzen source orbit	90	77	averaged_background_story_orbit_aesthetic_origin_distance	pending_art_reference
WC03798	Aeranorquartzavel3798	support	V3	B03	cavern farmer	Wren-Ash	ash river	Xethrolund source orbit	90	77	averaged_background_story_orbit_aesthetic_origin_distance	pending_art_reference
WC03799	Aeranorianbelldria3799	background	V3	B04	garden watcher	Thorn-Vayne	morrow market	Rylos source orbit	90	77	averaged_background_story_orbit_aesthetic_origin_distance	pending_art_reference
WC03800	Aerfiraluthforgeael3800	story	V3	B05	stone archivist	Marso-len	root vale	Kyreal source orbit	90	77	averaged_background_story_orbit_aesthetic_origin_distance	pending_art_reference
WC03801	Aerfiraevarafenion3801	recurring-background	V3	B06	orchard guard	Rolzen-line	ripper tunnel	Thessa source orbit	90	77	averaged_background_story_orbit_aesthetic_origin_distance	pending_art_reference
WC03802	Aeranoramargroveion3802	deep-background	V3	B07	sonomancy listener	Kyreal-pack	cello field	Kael source orbit	90	77	averaged_background_story_orbit_aesthetic_origin_distance	pending_art_reference
WC03803	Aerdalenevaraashael3803	support	V3	B08	tunnel witness	Xethrolund-glyph	blue-light road	Pael source orbit	90	77	averaged_background_story_orbit_aesthetic_origin_distance	pending_art_reference
WC03804	Aermaelorevaraaen3804	background	V3	B09	threshold mason	Pip-no-path	xeth glyph yard	Soth source orbit	90	77	averaged_background_story_orbit_aesthetic_origin_distance	pending_art_reference
WC03805	Ashagalenmarrowiven3805	story	V3	B10	bookbinder	Mack-ground	stone fen	Vellin source orbit	90	77	averaged_background_story_orbit_aesthetic_origin_distance	pending_art_reference
WC03806	Aeranorluthael3806	recurring-background	V3	B11	bridge keeper	Dervish-glass	pocket sanctuary	Corrath source orbit	90	77	averaged_background_story_orbit_aesthetic_origin_distance	pending_art_reference
WC03807	Ashanaracairnarel3807	deep-background	V3	B12	market singer	Vayne	glass orchard	Dervish source orbit	90	77	averaged_background_story_orbit_aesthetic_origin_distance	pending_art_reference
WC03808	Ashaelionmossiel3808	support	V3	B13	glass forge worker	Null-Heart	neith edge	Pip source orbit	90	77	averaged_background_story_orbit_aesthetic_origin_distance	pending_art_reference
WC03809	Aeranorevaraivyelle3809	background	V3	B14	ripper survivor	Iron-Song	willow-stone county	Rolzen source orbit	90	77	averaged_background_story_orbit_aesthetic_origin_distance	pending_art_reference
WC03810	Brenhalorel3810	story	V3	B15	map seller	Wren-Ash	last open gate	Xethrolund source orbit	90	77	averaged_background_story_orbit_aesthetic_origin_distance	pending_art_reference
WC03811	Aerfiragroveael3811	recurring-background	V3	B16	cellar cook	Thorn-Vayne	diamond breakland	Rylos source orbit	90	77	averaged_background_story_orbit_aesthetic_origin_distance	pending_art_reference
WC03812	Aerfiraamarivydria3812	deep-background	V3	B17	triage helper	Marso-len	black-heart ridge	Kyreal source orbit	90	77	averaged_background_story_orbit_aesthetic_origin_distance	pending_art_reference
WC03813	Aermaelorashavel3813	support	V3	B18	faction runner	Rolzen-line	ash river	Thessa source orbit	90	77	averaged_background_story_orbit_aesthetic_origin_distance	pending_art_reference
WC03814	Aerdalenaen3814	background	V3	B19	wolf-road scout	Kyreal-pack	morrow market	Kael source orbit	90	77	averaged_background_story_orbit_aesthetic_origin_distance	pending_art_reference
WC03815	Aerindraianmossarel3815	story	V3	B20	glyph apprentice	Xethrolund-glyph	root vale	Pael source orbit	90	77	averaged_background_story_orbit_aesthetic_origin_distance	pending_art_reference
WC03816	Ashanaraindraelle3816	recurring-background	V3	B21	corridor child	Pip-no-path	ripper tunnel	Soth source orbit	90	77	averaged_background_story_orbit_aesthetic_origin_distance	pending_art_reference
WC03817	Aerdalenevaraavel3817	deep-background	V3	B22	field healer	Mack-ground	cello field	Vellin source orbit	90	77	averaged_background_story_orbit_aesthetic_origin_distance	pending_art_reference
WC03818	Aerfiracoriaivyarel3818	support	V3	B23	cavern farmer	Dervish-glass	blue-light road	Corrath source orbit	90	77	averaged_background_story_orbit_aesthetic_origin_distance	pending_art_reference
WC03819	Aerfiracorialarkiel3819	background	V3	B24	garden watcher	Vayne	xeth glyph yard	Dervish source orbit	90	77	averaged_background_story_orbit_aesthetic_origin_distance	pending_art_reference
WC03820	Ashaelioncinderion3820	story	V3	B25	stone archivist	Null-Heart	stone fen	Pip source orbit	90	77	averaged_background_story_orbit_aesthetic_origin_distance	pending_art_reference
WC03821	Aerdalencoriaivyiel3821	recurring-background	V3	B26	orchard guard	Iron-Song	pocket sanctuary	Rolzen source orbit	90	77	averaged_background_story_orbit_aesthetic_origin_distance	pending_art_reference
WC03822	Ashaelionhollowion3822	deep-background	V3	B27	sonomancy listener	Wren-Ash	glass orchard	Xethrolund source orbit	90	77	averaged_background_story_orbit_aesthetic_origin_distance	pending_art_reference
WC03823	Aerindraamarlarkiel3823	support	V3	B28	tunnel witness	Thorn-Vayne	neith edge	Rylos source orbit	90	77	averaged_background_story_orbit_aesthetic_origin_distance	pending_art_reference
WC03824	Aerindraianivyarel3824	background	V3	B29	threshold mason	Marso-len	willow-stone county	Kyreal source orbit	90	77	averaged_background_story_orbit_aesthetic_origin_distance	pending_art_reference
WC03825	Aerfiramossaen3825	story	V3	B30	bookbinder	Rolzen-line	last open gate	Thessa source orbit	90	77	averaged_background_story_orbit_aesthetic_origin_distance	pending_art_reference
WC03826	Aerdalenbellaria3826	recurring-background	V3	B31	bridge keeper	Kyreal-pack	diamond breakland	Kael source orbit	90	77	averaged_background_story_orbit_aesthetic_origin_distance	pending_art_reference
WC03827	Aerfiracoriaashiven3827	deep-background	V3	B32	market singer	Xethrolund-glyph	black-heart ridge	Pael source orbit	90	77	averaged_background_story_orbit_aesthetic_origin_distance	pending_art_reference
WC03828	Aeranorluthaelaen3828	support	V3	B33	glass forge worker	Pip-no-path	ash river	Soth source orbit	90	77	averaged_background_story_orbit_aesthetic_origin_distance	pending_art_reference
WC03829	Aerfiraluthmossael3829	background	V3	B01	ripper survivor	Mack-ground	morrow market	Vellin source orbit	90	77	averaged_background_story_orbit_aesthetic_origin_distance	pending_art_reference
WC03830	Aerdalenianbrinarel3830	story	V3	B02	map seller	Dervish-glass	root vale	Corrath source orbit	90	77	averaged_background_story_orbit_aesthetic_origin_distance	pending_art_reference
WC03831	Aerfiraianaelarel3831	recurring-background	V3	B03	cellar cook	Vayne	ripper tunnel	Dervish source orbit	90	77	averaged_background_story_orbit_aesthetic_origin_distance	pending_art_reference
WC03832	Aerdalenianquartzen3832	deep-background	V3	B04	triage helper	Null-Heart	cello field	Pip source orbit	90	77	averaged_background_story_orbit_aesthetic_origin_distance	pending_art_reference
WC03833	Caelcoriaaelarel3833	support	V3	B05	faction runner	Iron-Song	blue-light road	Rolzen source orbit	90	77	averaged_background_story_orbit_aesthetic_origin_distance	pending_art_reference
WC03834	Aeranormarrowdria3834	background	V3	B06	wolf-road scout	Wren-Ash	xeth glyph yard	Xethrolund source orbit	90	77	averaged_background_story_orbit_aesthetic_origin_distance	pending_art_reference
WC03835	Brenaeleliondalenen3835	story	V3	B07	glyph apprentice	Thorn-Vayne	stone fen	Rylos source orbit	90	77	averaged_background_story_orbit_aesthetic_origin_distance	pending_art_reference
WC03836	Aeranorianforgeiel3836	recurring-background	V3	B08	corridor child	Marso-len	pocket sanctuary	Kyreal source orbit	90	77	averaged_background_story_orbit_aesthetic_origin_distance	pending_art_reference
WC03837	Aerfiramossarel3837	deep-background	V3	B09	field healer	Rolzen-line	glass orchard	Thessa source orbit	90	77	averaged_background_story_orbit_aesthetic_origin_distance	pending_art_reference
WC03838	Ashaelionashdria3838	support	V3	B10	cavern farmer	Kyreal-pack	neith edge	Kael source orbit	90	77	averaged_background_story_orbit_aesthetic_origin_distance	pending_art_reference
WC03839	Aerdalencoriaashaen3839	background	V3	B11	garden watcher	Xethrolund-glyph	willow-stone county	Pael source orbit	90	77	averaged_background_story_orbit_aesthetic_origin_distance	pending_art_reference
WC03840	Aermaeloremberelle3840	story	V3	B12	stone archivist	Pip-no-path	last open gate	Soth source orbit	90	77	averaged_background_story_orbit_aesthetic_origin_distance	pending_art_reference
WC03841	Aerfiraevaraaeldion3841	recurring-background	V3	B13	orchard guard	Mack-ground	diamond breakland	Vellin source orbit	90	77	averaged_background_story_orbit_aesthetic_origin_distance	pending_art_reference
WC03842	Caelluthaellarken3842	deep-background	V3	B14	sonomancy listener	Dervish-glass	black-heart ridge	Corrath source orbit	90	77	averaged_background_story_orbit_aesthetic_origin_distance	pending_art_reference
WC03843	Aeranorianlarkiven3843	support	V3	B15	tunnel witness	Vayne	ash river	Dervish source orbit	90	77	averaged_background_story_orbit_aesthetic_origin_distance	pending_art_reference
WC03844	Aerindraglassaria3844	background	V3	B16	threshold mason	Null-Heart	morrow market	Pip source orbit	90	77	averaged_background_story_orbit_aesthetic_origin_distance	pending_art_reference
WC03845	Caelcoriakelaniven3845	story	V3	B17	bookbinder	Iron-Song	root vale	Rolzen source orbit	90	77	averaged_background_story_orbit_aesthetic_origin_distance	pending_art_reference
WC03846	Caelevaraelle3846	recurring-background	V3	B18	bridge keeper	Wren-Ash	ripper tunnel	Xethrolund source orbit	90	77	averaged_background_story_orbit_aesthetic_origin_distance	pending_art_reference
WC03847	Ashagalenriveraen3847	deep-background	V3	B19	market singer	Thorn-Vayne	cello field	Rylos source orbit	90	77	averaged_background_story_orbit_aesthetic_origin_distance	pending_art_reference
WC03848	Ashaavelanorevaraen3848	support	V3	B20	glass forge worker	Marso-len	blue-light road	Kyreal source orbit	90	77	averaged_background_story_orbit_aesthetic_origin_distance	pending_art_reference
WC03849	Aeranorcoriafenavel3849	background	V3	B21	ripper survivor	Rolzen-line	xeth glyph yard	Thessa source orbit	90	77	averaged_background_story_orbit_aesthetic_origin_distance	pending_art_reference
WC03850	Aerdaleniangroveaen3850	story	V3	B22	map seller	Kyreal-pack	stone fen	Kael source orbit	90	77	averaged_background_story_orbit_aesthetic_origin_distance	pending_art_reference
WC03851	Ashajoraquartziven3851	recurring-background	V3	B23	cellar cook	Xethrolund-glyph	pocket sanctuary	Pael source orbit	90	77	averaged_background_story_orbit_aesthetic_origin_distance	pending_art_reference
WC03852	Caelamaraelaen3852	deep-background	V3	B24	triage helper	Pip-no-path	glass orchard	Soth source orbit	90	77	averaged_background_story_orbit_aesthetic_origin_distance	pending_art_reference
WC03853	Brenkelanlarkelle3853	support	V3	B25	faction runner	Mack-ground	neith edge	Vellin source orbit	90	77	averaged_background_story_orbit_aesthetic_origin_distance	pending_art_reference
WC03854	Ashaavelanorarel3854	background	V3	B26	wolf-road scout	Dervish-glass	willow-stone county	Corrath source orbit	90	77	averaged_background_story_orbit_aesthetic_origin_distance	pending_art_reference
WC03855	Ashaavelhollowdion3855	story	V3	B27	glyph apprentice	Vayne	last open gate	Dervish source orbit	90	77	averaged_background_story_orbit_aesthetic_origin_distance	pending_art_reference
WC03856	Aermaelorbelldria3856	recurring-background	V3	B28	corridor child	Null-Heart	diamond breakland	Pip source orbit	90	77	averaged_background_story_orbit_aesthetic_origin_distance	pending_art_reference
WC03857	Ashaelionquartzelle3857	deep-background	V3	B29	field healer	Iron-Song	black-heart ridge	Rolzen source orbit	90	77	averaged_background_story_orbit_aesthetic_origin_distance	pending_art_reference
WC03858	Ashanarafeniel3858	support	V3	B30	cavern farmer	Wren-Ash	ash river	Xethrolund source orbit	90	77	averaged_background_story_orbit_aesthetic_origin_distance	pending_art_reference
WC03859	Caelluthdion3859	background	V3	B31	garden watcher	Thorn-Vayne	morrow market	Rylos source orbit	90	77	averaged_background_story_orbit_aesthetic_origin_distance	pending_art_reference
WC03860	Ashaeliondria3860	story	V3	B32	stone archivist	Marso-len	root vale	Kyreal source orbit	90	77	averaged_background_story_orbit_aesthetic_origin_distance	pending_art_reference
WC03861	Aerdalenianmireel3861	recurring-background	V3	B33	orchard guard	Rolzen-line	ripper tunnel	Thessa source orbit	90	77	averaged_background_story_orbit_aesthetic_origin_distance	pending_art_reference
WC03862	Aerfirabellavel3862	deep-background	V3	B01	sonomancy listener	Kyreal-pack	cello field	Kael source orbit	90	77	averaged_background_story_orbit_aesthetic_origin_distance	pending_art_reference
WC03863	Aerindraluthivyel3863	support	V3	B02	tunnel witness	Xethrolund-glyph	blue-light road	Pael source orbit	90	77	averaged_background_story_orbit_aesthetic_origin_distance	pending_art_reference
WC03864	Ashaelionmiredion3864	background	V3	B03	threshold mason	Pip-no-path	xeth glyph yard	Soth source orbit	90	77	averaged_background_story_orbit_aesthetic_origin_distance	pending_art_reference
WC03865	Ashaaveldalenianael3865	story	V3	B04	bookbinder	Mack-ground	stone fen	Vellin source orbit	90	77	averaged_background_story_orbit_aesthetic_origin_distance	pending_art_reference
WC03866	Aeranordria3866	recurring-background	V3	B05	bridge keeper	Dervish-glass	pocket sanctuary	Corrath source orbit	90	77	averaged_background_story_orbit_aesthetic_origin_distance	pending_art_reference
WC03867	Aerdalenamarbellaen3867	deep-background	V3	B06	market singer	Vayne	glass orchard	Dervish source orbit	90	77	averaged_background_story_orbit_aesthetic_origin_distance	pending_art_reference
WC03868	Daromaelordion3868	support	V3	B07	glass forge worker	Null-Heart	neith edge	Pip source orbit	90	77	averaged_background_story_orbit_aesthetic_origin_distance	pending_art_reference
WC03869	Ashagalenmarrowion3869	background	V3	B08	ripper survivor	Iron-Song	willow-stone county	Rolzen source orbit	90	77	averaged_background_story_orbit_aesthetic_origin_distance	pending_art_reference
WC03870	Ashanarariveriel3870	story	V3	B09	map seller	Wren-Ash	last open gate	Xethrolund source orbit	90	77	averaged_background_story_orbit_aesthetic_origin_distance	pending_art_reference
WC03871	Ashajoracairndria3871	recurring-background	V3	B10	cellar cook	Thorn-Vayne	diamond breakland	Rylos source orbit	90	77	averaged_background_story_orbit_aesthetic_origin_distance	pending_art_reference
WC03872	Aeranorianmossdria3872	deep-background	V3	B11	triage helper	Marso-len	black-heart ridge	Kyreal source orbit	90	77	averaged_background_story_orbit_aesthetic_origin_distance	pending_art_reference
WC03873	Aeranorevarariverel3873	support	V3	B12	faction runner	Rolzen-line	ash river	Thessa source orbit	90	77	averaged_background_story_orbit_aesthetic_origin_distance	pending_art_reference
WC03874	Ashagalenmossaen3874	background	V3	B13	wolf-road scout	Kyreal-pack	morrow market	Kael source orbit	90	77	averaged_background_story_orbit_aesthetic_origin_distance	pending_art_reference
WC03875	Aerindraevaramossen3875	story	V3	B14	glyph apprentice	Xethrolund-glyph	root vale	Pael source orbit	90	77	averaged_background_story_orbit_aesthetic_origin_distance	pending_art_reference
WC03876	Aerdaleniel3876	recurring-background	V3	B15	corridor child	Pip-no-path	ripper tunnel	Soth source orbit	90	77	averaged_background_story_orbit_aesthetic_origin_distance	pending_art_reference
WC03877	Aerindraianforgeael3877	deep-background	V3	B16	field healer	Mack-ground	cello field	Vellin source orbit	90	77	averaged_background_story_orbit_aesthetic_origin_distance	pending_art_reference
WC03878	Aerdalenamarivydria3878	support	V3	B17	cavern farmer	Dervish-glass	blue-light road	Corrath source orbit	90	77	averaged_background_story_orbit_aesthetic_origin_distance	pending_art_reference
WC03879	Aerindraemberen3879	background	V3	B18	garden watcher	Vayne	xeth glyph yard	Dervish source orbit	90	77	averaged_background_story_orbit_aesthetic_origin_distance	pending_art_reference
WC03880	Aerdalenorcharddria3880	story	V3	B19	stone archivist	Null-Heart	stone fen	Pip source orbit	90	77	averaged_background_story_orbit_aesthetic_origin_distance	pending_art_reference
WC03881	Aermaelorevaraen3881	recurring-background	V3	B20	orchard guard	Iron-Song	pocket sanctuary	Rolzen source orbit	90	77	averaged_background_story_orbit_aesthetic_origin_distance	pending_art_reference
WC03882	Aerfiraluthaeldion3882	deep-background	V3	B21	sonomancy listener	Wren-Ash	glass orchard	Xethrolund source orbit	90	77	averaged_background_story_orbit_aesthetic_origin_distance	pending_art_reference
WC03883	Aeranorluthbelldion3883	support	V3	B22	tunnel witness	Thorn-Vayne	neith edge	Rylos source orbit	90	77	averaged_background_story_orbit_aesthetic_origin_distance	pending_art_reference
WC03884	Aerindraianivyiven3884	background	V3	B23	threshold mason	Marso-len	willow-stone county	Kyreal source orbit	90	77	averaged_background_story_orbit_aesthetic_origin_distance	pending_art_reference
WC03885	Aerdalenluthfenion3885	story	V3	B24	bookbinder	Rolzen-line	last open gate	Thessa source orbit	90	77	averaged_background_story_orbit_aesthetic_origin_distance	pending_art_reference
WC03886	Ashanaraashen3886	recurring-background	V3	B25	bridge keeper	Kyreal-pack	diamond breakland	Kael source orbit	90	77	averaged_background_story_orbit_aesthetic_origin_distance	pending_art_reference
WC03887	Brenendarnaraaria3887	deep-background	V3	B26	market singer	Xethrolund-glyph	black-heart ridge	Pael source orbit	90	77	averaged_background_story_orbit_aesthetic_origin_distance	pending_art_reference
WC03888	Aeranorquartzaria3888	support	V3	B27	glass forge worker	Pip-no-path	ash river	Soth source orbit	90	77	averaged_background_story_orbit_aesthetic_origin_distance	pending_art_reference
WC03889	Aeranorluthashion3889	background	V3	B28	ripper survivor	Mack-ground	morrow market	Vellin source orbit	90	77	averaged_background_story_orbit_aesthetic_origin_distance	pending_art_reference
WC03890	Brenkelanorchardion3890	story	V3	B29	map seller	Dervish-glass	root vale	Corrath source orbit	90	77	averaged_background_story_orbit_aesthetic_origin_distance	pending_art_reference
WC03891	Aerindrabrookelle3891	recurring-background	V3	B30	cellar cook	Vayne	ripper tunnel	Dervish source orbit	90	77	averaged_background_story_orbit_aesthetic_origin_distance	pending_art_reference
WC03892	Aeranorianbrookdria3892	deep-background	V3	B31	triage helper	Null-Heart	cello field	Pip source orbit	90	77	averaged_background_story_orbit_aesthetic_origin_distance	pending_art_reference
WC03893	Aerfiraluthashdria3893	support	V3	B32	faction runner	Iron-Song	blue-light road	Rolzen source orbit	90	77	averaged_background_story_orbit_aesthetic_origin_distance	pending_art_reference
WC03894	Aerfiraiankelanelle3894	background	V3	B33	wolf-road scout	Wren-Ash	xeth glyph yard	Xethrolund source orbit	90	77	averaged_background_story_orbit_aesthetic_origin_distance	pending_art_reference
WC03895	Ashajorafeniven3895	story	V3	B01	glyph apprentice	Thorn-Vayne	stone fen	Rylos source orbit	90	77	averaged_background_story_orbit_aesthetic_origin_distance	pending_art_reference
WC03896	Ashaelionbrookion3896	recurring-background	V3	B02	corridor child	Marso-len	pocket sanctuary	Kyreal source orbit	90	77	averaged_background_story_orbit_aesthetic_origin_distance	pending_art_reference
WC03897	Ashaavelbellel3897	deep-background	V3	B03	field healer	Rolzen-line	glass orchard	Thessa source orbit	90	77	averaged_background_story_orbit_aesthetic_origin_distance	pending_art_reference
WC03898	Ashaelionivyiven3898	support	V3	B04	cavern farmer	Kyreal-pack	neith edge	Kael source orbit	90	77	averaged_background_story_orbit_aesthetic_origin_distance	pending_art_reference
WC03899	Aerfiraevaraashavel3899	background	V3	B05	garden watcher	Xethrolund-glyph	willow-stone county	Pael source orbit	90	77	averaged_background_story_orbit_aesthetic_origin_distance	pending_art_reference
WC03900	Aerfiraluthaelivyel3900	story	V3	B06	stone archivist	Pip-no-path	last open gate	Soth source orbit	90	77	averaged_background_story_orbit_aesthetic_origin_distance	pending_art_reference
WC03901	Ashanaramaeloraria3901	recurring-background	V3	B07	orchard guard	Mack-ground	diamond breakland	Vellin source orbit	90	77	averaged_background_story_orbit_aesthetic_origin_distance	pending_art_reference
WC03902	Aerfiraamarforgeel3902	deep-background	V3	B08	sonomancy listener	Dervish-glass	black-heart ridge	Corrath source orbit	90	77	averaged_background_story_orbit_aesthetic_origin_distance	pending_art_reference
WC03903	Aerfiraiancrowniven3903	support	V3	B09	tunnel witness	Vayne	ash river	Dervish source orbit	90	77	averaged_background_story_orbit_aesthetic_origin_distance	pending_art_reference
WC03904	Aeranoramarael3904	background	V3	B10	threshold mason	Null-Heart	morrow market	Pip source orbit	90	77	averaged_background_story_orbit_aesthetic_origin_distance	pending_art_reference
WC03905	Aeranorianashiven3905	story	V3	B11	bookbinder	Iron-Song	root vale	Rolzen source orbit	90	77	averaged_background_story_orbit_aesthetic_origin_distance	pending_art_reference
WC03906	Brenkelanmossel3906	recurring-background	V3	B12	bridge keeper	Wren-Ash	ripper tunnel	Xethrolund source orbit	90	77	averaged_background_story_orbit_aesthetic_origin_distance	pending_art_reference
WC03907	Aerfiraiankelanarel3907	deep-background	V3	B13	market singer	Thorn-Vayne	cello field	Rylos source orbit	90	77	averaged_background_story_orbit_aesthetic_origin_distance	pending_art_reference
WC03908	Ashagalenemberael3908	support	V3	B14	glass forge worker	Marso-len	blue-light road	Kyreal source orbit	90	77	averaged_background_story_orbit_aesthetic_origin_distance	pending_art_reference
WC03909	Aeranorevarafenaen3909	background	V3	B15	ripper survivor	Rolzen-line	xeth glyph yard	Thessa source orbit	90	77	averaged_background_story_orbit_aesthetic_origin_distance	pending_art_reference
WC03910	Aerdalenorchardion3910	story	V3	B16	map seller	Kyreal-pack	stone fen	Kael source orbit	90	77	averaged_background_story_orbit_aesthetic_origin_distance	pending_art_reference
WC03911	Aeranorianaelavel3911	recurring-background	V3	B17	cellar cook	Xethrolund-glyph	pocket sanctuary	Pael source orbit	90	77	averaged_background_story_orbit_aesthetic_origin_distance	pending_art_reference
WC03912	Aerdalenluthbellaen3912	deep-background	V3	B18	triage helper	Pip-no-path	glass orchard	Soth source orbit	90	77	averaged_background_story_orbit_aesthetic_origin_distance	pending_art_reference
WC03913	Ashaelionquartzdria3913	support	V3	B19	faction runner	Mack-ground	neith edge	Vellin source orbit	90	77	averaged_background_story_orbit_aesthetic_origin_distance	pending_art_reference
WC03914	Ashanaramarrowarel3914	background	V3	B20	wolf-road scout	Dervish-glass	willow-stone county	Corrath source orbit	90	77	averaged_background_story_orbit_aesthetic_origin_distance	pending_art_reference
WC03915	Aerdalencoriaaen3915	story	V3	B21	glyph apprentice	Vayne	last open gate	Dervish source orbit	90	77	averaged_background_story_orbit_aesthetic_origin_distance	pending_art_reference
WC03916	Aerfiraianemberiel3916	recurring-background	V3	B22	corridor child	Null-Heart	diamond breakland	Pip source orbit	90	77	averaged_background_story_orbit_aesthetic_origin_distance	pending_art_reference
WC03917	Aeranorcoriamossel3917	deep-background	V3	B23	field healer	Iron-Song	black-heart ridge	Rolzen source orbit	90	77	averaged_background_story_orbit_aesthetic_origin_distance	pending_art_reference
WC03918	Aerfiraquartzaen3918	support	V3	B24	cavern farmer	Wren-Ash	ash river	Xethrolund source orbit	90	77	averaged_background_story_orbit_aesthetic_origin_distance	pending_art_reference
WC03919	Aerfiraamaraelivyel3919	background	V3	B25	garden watcher	Thorn-Vayne	morrow market	Rylos source orbit	90	77	averaged_background_story_orbit_aesthetic_origin_distance	pending_art_reference
WC03920	Aerindraamarmossael3920	story	V3	B26	stone archivist	Marso-len	root vale	Kyreal source orbit	90	77	averaged_background_story_orbit_aesthetic_origin_distance	pending_art_reference
WC03921	Aerfiramossavel3921	recurring-background	V3	B27	orchard guard	Rolzen-line	ripper tunnel	Thessa source orbit	90	77	averaged_background_story_orbit_aesthetic_origin_distance	pending_art_reference
WC03922	Brenaeljoraen3922	deep-background	V3	B28	sonomancy listener	Kyreal-pack	cello field	Kael source orbit	90	77	averaged_background_story_orbit_aesthetic_origin_distance	pending_art_reference
WC03923	Ashajoramarrowelle3923	support	V3	B29	tunnel witness	Xethrolund-glyph	blue-light road	Pael source orbit	90	77	averaged_background_story_orbit_aesthetic_origin_distance	pending_art_reference
WC03924	Aerindraianaen3924	background	V3	B30	threshold mason	Pip-no-path	xeth glyph yard	Soth source orbit	90	77	averaged_background_story_orbit_aesthetic_origin_distance	pending_art_reference
WC03925	Ashaeliondalenianel3925	story	V3	B31	bookbinder	Mack-ground	stone fen	Vellin source orbit	90	77	averaged_background_story_orbit_aesthetic_origin_distance	pending_art_reference
WC03926	Aerfiraianforgeavel3926	recurring-background	V3	B32	bridge keeper	Dervish-glass	pocket sanctuary	Corrath source orbit	90	77	averaged_background_story_orbit_aesthetic_origin_distance	pending_art_reference
WC03927	Ashaavelmiredria3927	deep-background	V3	B33	market singer	Vayne	glass orchard	Dervish source orbit	90	77	averaged_background_story_orbit_aesthetic_origin_distance	pending_art_reference
WC03928	Ashaavelashdion3928	support	V3	B01	glass forge worker	Null-Heart	neith edge	Pip source orbit	90	77	averaged_background_story_orbit_aesthetic_origin_distance	pending_art_reference
WC03929	Brenbrinnaraavel3929	background	V3	B02	ripper survivor	Iron-Song	willow-stone county	Rolzen source orbit	90	77	averaged_background_story_orbit_aesthetic_origin_distance	pending_art_reference
WC03930	Ashaelionriverdion3930	story	V3	B03	map seller	Wren-Ash	last open gate	Xethrolund source orbit	90	77	averaged_background_story_orbit_aesthetic_origin_distance	pending_art_reference
WC03931	Ashaavelmiredria3931	recurring-background	V3	B04	cellar cook	Thorn-Vayne	diamond breakland	Rylos source orbit	90	77	averaged_background_story_orbit_aesthetic_origin_distance	pending_art_reference
WC03932	Aeranorianiel3932	deep-background	V3	B05	triage helper	Marso-len	black-heart ridge	Kyreal source orbit	90	77	averaged_background_story_orbit_aesthetic_origin_distance	pending_art_reference
WC03933	Ashaavelorchardelle3933	support	V3	B06	faction runner	Rolzen-line	ash river	Thessa source orbit	90	77	averaged_background_story_orbit_aesthetic_origin_distance	pending_art_reference
WC03934	Aerindraglassdion3934	background	V3	B07	wolf-road scout	Kyreal-pack	morrow market	Kael source orbit	90	77	averaged_background_story_orbit_aesthetic_origin_distance	pending_art_reference
WC03935	Aerdalenavel3935	story	V3	B08	glyph apprentice	Xethrolund-glyph	root vale	Pael source orbit	90	77	averaged_background_story_orbit_aesthetic_origin_distance	pending_art_reference
WC03936	Aerdalenianaelashen3936	recurring-background	V3	B09	corridor child	Pip-no-path	ripper tunnel	Soth source orbit	90	77	averaged_background_story_orbit_aesthetic_origin_distance	pending_art_reference
WC03937	Aerindramireaen3937	deep-background	V3	B10	field healer	Mack-ground	cello field	Vellin source orbit	90	77	averaged_background_story_orbit_aesthetic_origin_distance	pending_art_reference
WC03938	Aerdalenamarashiven3938	support	V3	B11	cavern farmer	Dervish-glass	blue-light road	Corrath source orbit	90	77	averaged_background_story_orbit_aesthetic_origin_distance	pending_art_reference
WC03939	Aeranorianlarkelle3939	background	V3	B12	garden watcher	Vayne	xeth glyph yard	Dervish source orbit	90	77	averaged_background_story_orbit_aesthetic_origin_distance	pending_art_reference
WC03940	Aeranorbellen3940	story	V3	B13	stone archivist	Null-Heart	stone fen	Pip source orbit	90	77	averaged_background_story_orbit_aesthetic_origin_distance	pending_art_reference
WC03941	Aeranorhollowiven3941	recurring-background	V3	B14	orchard guard	Iron-Song	pocket sanctuary	Rolzen source orbit	90	77	averaged_background_story_orbit_aesthetic_origin_distance	pending_art_reference
WC03942	Aeranorael3942	deep-background	V3	B15	sonomancy listener	Wren-Ash	glass orchard	Xethrolund source orbit	90	77	averaged_background_story_orbit_aesthetic_origin_distance	pending_art_reference
WC03943	Aerfiraemberarel3943	support	V3	B16	tunnel witness	Thorn-Vayne	neith edge	Rylos source orbit	90	77	averaged_background_story_orbit_aesthetic_origin_distance	pending_art_reference
WC03944	Aeranoriancinderen3944	background	V3	B17	threshold mason	Marso-len	willow-stone county	Kyreal source orbit	90	77	averaged_background_story_orbit_aesthetic_origin_distance	pending_art_reference
WC03945	Aeranoramarcairnel3945	story	V3	B18	bookbinder	Rolzen-line	last open gate	Thessa source orbit	90	77	averaged_background_story_orbit_aesthetic_origin_distance	pending_art_reference
WC03946	Aerindrabellael3946	recurring-background	V3	B19	bridge keeper	Kyreal-pack	diamond breakland	Kael source orbit	90	77	averaged_background_story_orbit_aesthetic_origin_distance	pending_art_reference
WC03947	Aerindraiancinderen3947	deep-background	V3	B20	market singer	Xethrolund-glyph	black-heart ridge	Pael source orbit	90	77	averaged_background_story_orbit_aesthetic_origin_distance	pending_art_reference
WC03948	Aeranorianbellaen3948	support	V3	B21	glass forge worker	Pip-no-path	ash river	Soth source orbit	90	77	averaged_background_story_orbit_aesthetic_origin_distance	pending_art_reference
WC03949	Aerindraianmossion3949	background	V3	B22	ripper survivor	Mack-ground	morrow market	Vellin source orbit	90	77	averaged_background_story_orbit_aesthetic_origin_distance	pending_art_reference
WC03950	Ashagalengroveaen3950	story	V3	B23	map seller	Dervish-glass	root vale	Corrath source orbit	90	77	averaged_background_story_orbit_aesthetic_origin_distance	pending_art_reference
WC03951	Brenbrinnaraael3951	recurring-background	V3	B24	cellar cook	Vayne	ripper tunnel	Dervish source orbit	90	77	averaged_background_story_orbit_aesthetic_origin_distance	pending_art_reference
WC03952	Aerindracrownelle3952	deep-background	V3	B25	triage helper	Null-Heart	cello field	Pip source orbit	90	77	averaged_background_story_orbit_aesthetic_origin_distance	pending_art_reference
WC03953	Ashajoragroveavel3953	support	V3	B26	faction runner	Iron-Song	blue-light road	Rolzen source orbit	90	77	averaged_background_story_orbit_aesthetic_origin_distance	pending_art_reference
WC03954	Ashaavelfenael3954	background	V3	B27	wolf-road scout	Wren-Ash	xeth glyph yard	Xethrolund source orbit	90	77	averaged_background_story_orbit_aesthetic_origin_distance	pending_art_reference
WC03955	Aeranorarel3955	story	V3	B28	glyph apprentice	Thorn-Vayne	stone fen	Rylos source orbit	90	77	averaged_background_story_orbit_aesthetic_origin_distance	pending_art_reference
WC03956	Aerdalenriverdria3956	recurring-background	V3	B29	corridor child	Marso-len	pocket sanctuary	Kyreal source orbit	90	77	averaged_background_story_orbit_aesthetic_origin_distance	pending_art_reference
WC03957	Ashaavellarkion3957	deep-background	V3	B30	field healer	Rolzen-line	glass orchard	Thessa source orbit	90	77	averaged_background_story_orbit_aesthetic_origin_distance	pending_art_reference
WC03958	Aeranoramaremberaen3958	support	V3	B31	cavern farmer	Kyreal-pack	neith edge	Kael source orbit	90	77	averaged_background_story_orbit_aesthetic_origin_distance	pending_art_reference
WC03959	Aerdalenamarivyaen3959	background	V3	B32	garden watcher	Xethrolund-glyph	willow-stone county	Pael source orbit	90	77	averaged_background_story_orbit_aesthetic_origin_distance	pending_art_reference
WC03960	Ashanarahollowaen3960	story	V3	B33	stone archivist	Pip-no-path	last open gate	Soth source orbit	90	77	averaged_background_story_orbit_aesthetic_origin_distance	pending_art_reference
WC03961	Aerfiraamarashelle3961	recurring-background	V3	B01	orchard guard	Mack-ground	diamond breakland	Vellin source orbit	90	77	averaged_background_story_orbit_aesthetic_origin_distance	pending_art_reference
WC03962	Brenaelnaraen3962	deep-background	V3	B02	sonomancy listener	Dervish-glass	black-heart ridge	Corrath source orbit	90	77	averaged_background_story_orbit_aesthetic_origin_distance	pending_art_reference
WC03963	Aerdalencoriabellen3963	support	V3	B03	tunnel witness	Vayne	ash river	Dervish source orbit	90	77	averaged_background_story_orbit_aesthetic_origin_distance	pending_art_reference
WC03964	Aeranorlarkaria3964	background	V3	B04	threshold mason	Null-Heart	morrow market	Pip source orbit	90	77	averaged_background_story_orbit_aesthetic_origin_distance	pending_art_reference
WC03965	Aerdalenmireiel3965	story	V3	B05	bookbinder	Iron-Song	root vale	Rolzen source orbit	90	77	averaged_background_story_orbit_aesthetic_origin_distance	pending_art_reference
WC03966	Aerindraamarglassen3966	recurring-background	V3	B06	bridge keeper	Wren-Ash	ripper tunnel	Xethrolund source orbit	90	77	averaged_background_story_orbit_aesthetic_origin_distance	pending_art_reference
WC03967	Brenhalorjorael3967	deep-background	V3	B07	market singer	Thorn-Vayne	cello field	Rylos source orbit	90	77	averaged_background_story_orbit_aesthetic_origin_distance	pending_art_reference
WC03968	Aeranorluthforgeiel3968	support	V3	B08	glass forge worker	Marso-len	blue-light road	Kyreal source orbit	90	77	averaged_background_story_orbit_aesthetic_origin_distance	pending_art_reference
WC03969	Aerdalencinderion3969	background	V3	B09	ripper survivor	Rolzen-line	xeth glyph yard	Thessa source orbit	90	77	averaged_background_story_orbit_aesthetic_origin_distance	pending_art_reference
WC03970	Ashagalenanorianael3970	story	V3	B10	map seller	Kyreal-pack	stone fen	Kael source orbit	90	77	averaged_background_story_orbit_aesthetic_origin_distance	pending_art_reference
WC03971	Ashaavelgroveiven3971	recurring-background	V3	B11	cellar cook	Xethrolund-glyph	pocket sanctuary	Pael source orbit	90	77	averaged_background_story_orbit_aesthetic_origin_distance	pending_art_reference
WC03972	Ashaavelhollowdria3972	deep-background	V3	B12	triage helper	Pip-no-path	glass orchard	Soth source orbit	90	77	averaged_background_story_orbit_aesthetic_origin_distance	pending_art_reference
WC03973	Aerindraamarivyavel3973	support	V3	B13	faction runner	Mack-ground	neith edge	Vellin source orbit	90	77	averaged_background_story_orbit_aesthetic_origin_distance	pending_art_reference
WC03974	Aerfiracoriaivyaen3974	background	V3	B14	wolf-road scout	Dervish-glass	willow-stone county	Corrath source orbit	90	77	averaged_background_story_orbit_aesthetic_origin_distance	pending_art_reference
WC03975	Aeranoramarglassion3975	story	V3	B15	glyph apprentice	Vayne	last open gate	Dervish source orbit	90	77	averaged_background_story_orbit_aesthetic_origin_distance	pending_art_reference
WC03976	Ashaelionivyion3976	recurring-background	V3	B16	corridor child	Null-Heart	diamond breakland	Pip source orbit	90	77	averaged_background_story_orbit_aesthetic_origin_distance	pending_art_reference
WC03977	Aermaelorianashael3977	deep-background	V3	B17	field healer	Iron-Song	black-heart ridge	Rolzen source orbit	90	77	averaged_background_story_orbit_aesthetic_origin_distance	pending_art_reference
WC03978	Aermaelorbrookaen3978	support	V3	B18	cavern farmer	Wren-Ash	ash river	Xethrolund source orbit	90	77	averaged_background_story_orbit_aesthetic_origin_distance	pending_art_reference
WC03979	Aermaeloremberiel3979	background	V3	B19	garden watcher	Thorn-Vayne	morrow market	Rylos source orbit	90	77	averaged_background_story_orbit_aesthetic_origin_distance	pending_art_reference
WC03980	Ashagalenquartzelle3980	story	V3	B20	stone archivist	Marso-len	root vale	Kyreal source orbit	90	77	averaged_background_story_orbit_aesthetic_origin_distance	pending_art_reference
WC03981	Aermaelormossavel3981	recurring-background	V3	B21	orchard guard	Rolzen-line	ripper tunnel	Thessa source orbit	90	77	averaged_background_story_orbit_aesthetic_origin_distance	pending_art_reference
WC03982	Aerdalenorchardaen3982	deep-background	V3	B22	sonomancy listener	Kyreal-pack	cello field	Kael source orbit	90	77	averaged_background_story_orbit_aesthetic_origin_distance	pending_art_reference
WC03983	Aerdalencoriaivyion3983	support	V3	B23	tunnel witness	Xethrolund-glyph	blue-light road	Pael source orbit	90	77	averaged_background_story_orbit_aesthetic_origin_distance	pending_art_reference
WC03984	Ashajorahollowiel3984	background	V3	B24	threshold mason	Pip-no-path	xeth glyph yard	Soth source orbit	90	77	averaged_background_story_orbit_aesthetic_origin_distance	pending_art_reference
WC03985	Aerdalenriveraria3985	story	V3	B25	bookbinder	Mack-ground	stone fen	Vellin source orbit	90	77	averaged_background_story_orbit_aesthetic_origin_distance	pending_art_reference
WC03986	Aeranorarel3986	recurring-background	V3	B26	bridge keeper	Dervish-glass	pocket sanctuary	Corrath source orbit	90	77	averaged_background_story_orbit_aesthetic_origin_distance	pending_art_reference
WC03987	Aerindraquartzaria3987	deep-background	V3	B27	market singer	Vayne	glass orchard	Dervish source orbit	90	77	averaged_background_story_orbit_aesthetic_origin_distance	pending_art_reference
WC03988	Aerdalenianemberael3988	support	V3	B28	glass forge worker	Null-Heart	neith edge	Pip source orbit	90	77	averaged_background_story_orbit_aesthetic_origin_distance	pending_art_reference
WC03989	Ashajoragroveion3989	background	V3	B29	ripper survivor	Iron-Song	willow-stone county	Rolzen source orbit	90	77	averaged_background_story_orbit_aesthetic_origin_distance	pending_art_reference
WC03990	Ashaelionmireelle3990	story	V3	B30	map seller	Wren-Ash	last open gate	Xethrolund source orbit	90	77	averaged_background_story_orbit_aesthetic_origin_distance	pending_art_reference
WC03991	Brenaelashelle3991	recurring-background	V3	B31	cellar cook	Thorn-Vayne	diamond breakland	Rylos source orbit	90	77	averaged_background_story_orbit_aesthetic_origin_distance	pending_art_reference
WC03992	Brenaelcrownel3992	deep-background	V3	B32	triage helper	Marso-len	black-heart ridge	Kyreal source orbit	90	77	averaged_background_story_orbit_aesthetic_origin_distance	pending_art_reference
WC03993	Aerfiraamarmireel3993	support	V3	B33	faction runner	Rolzen-line	ash river	Thessa source orbit	90	77	averaged_background_story_orbit_aesthetic_origin_distance	pending_art_reference
WC03994	Aerfirabellelle3994	background	V3	B01	wolf-road scout	Kyreal-pack	morrow market	Kael source orbit	90	77	averaged_background_story_orbit_aesthetic_origin_distance	pending_art_reference
WC03995	Ashanarafiraiandion3995	story	V3	B02	glyph apprentice	Xethrolund-glyph	root vale	Pael source orbit	90	77	averaged_background_story_orbit_aesthetic_origin_distance	pending_art_reference
WC03996	Aeranorcorialarkel3996	recurring-background	V3	B03	corridor child	Pip-no-path	ripper tunnel	Soth source orbit	90	77	averaged_background_story_orbit_aesthetic_origin_distance	pending_art_reference
WC03997	Aerindraianbrinion3997	deep-background	V3	B04	field healer	Mack-ground	cello field	Vellin source orbit	90	77	averaged_background_story_orbit_aesthetic_origin_distance	pending_art_reference
WC03998	Brenaelcrownion3998	support	V3	B05	cavern farmer	Dervish-glass	blue-light road	Corrath source orbit	90	77	averaged_background_story_orbit_aesthetic_origin_distance	pending_art_reference
WC03999	Aerdalenamaraelelle3999	background	V3	B06	garden watcher	Vayne	xeth glyph yard	Dervish source orbit	90	77	averaged_background_story_orbit_aesthetic_origin_distance	pending_art_reference
WC04000	Ashaelionmossion4000	story	V3	B07	stone archivist	Null-Heart	stone fen	Pip source orbit	90	77	averaged_background_story_orbit_aesthetic_origin_distance	pending_art_reference
WC04001	Aeranorfendria4001	recurring-background	V3	B08	orchard guard	Iron-Song	pocket sanctuary	Rolzen source orbit	90	77	averaged_background_story_orbit_aesthetic_origin_distance	pending_art_reference
WC04002	Brenbrindion4002	deep-background	V3	B09	sonomancy listener	Wren-Ash	glass orchard	Xethrolund source orbit	90	77	averaged_background_story_orbit_aesthetic_origin_distance	pending_art_reference
WC04003	Ashaaveldalenianen4003	support	V3	B10	tunnel witness	Thorn-Vayne	neith edge	Rylos source orbit	90	77	averaged_background_story_orbit_aesthetic_origin_distance	pending_art_reference
WC04004	Caelianendargalenel4004	background	V3	B11	threshold mason	Marso-len	willow-stone county	Kyreal source orbit	90	77	averaged_background_story_orbit_aesthetic_origin_distance	pending_art_reference
WC04005	Ashajoraanoramaraen4005	story	V3	B12	bookbinder	Rolzen-line	last open gate	Thessa source orbit	90	77	averaged_background_story_orbit_aesthetic_origin_distance	pending_art_reference
WC04006	Aeranorevaraaelavel4006	recurring-background	V3	B13	bridge keeper	Kyreal-pack	diamond breakland	Kael source orbit	90	77	averaged_background_story_orbit_aesthetic_origin_distance	pending_art_reference
WC04007	Aeranorianelle4007	deep-background	V3	B14	market singer	Xethrolund-glyph	black-heart ridge	Pael source orbit	90	77	averaged_background_story_orbit_aesthetic_origin_distance	pending_art_reference
WC04008	Aerdalenemberion4008	support	V3	B15	glass forge worker	Pip-no-path	ash river	Soth source orbit	90	77	averaged_background_story_orbit_aesthetic_origin_distance	pending_art_reference
WC04009	Ashajoraanorluthaen4009	background	V3	B16	ripper survivor	Mack-ground	morrow market	Vellin source orbit	90	77	averaged_background_story_orbit_aesthetic_origin_distance	pending_art_reference
WC04010	Aerindraamarivyarel4010	story	V3	B17	map seller	Dervish-glass	root vale	Corrath source orbit	90	77	averaged_background_story_orbit_aesthetic_origin_distance	pending_art_reference
WC04011	Aerindraianaelen4011	recurring-background	V3	B18	cellar cook	Vayne	ripper tunnel	Dervish source orbit	90	77	averaged_background_story_orbit_aesthetic_origin_distance	pending_art_reference
WC04012	Aeranorluthbrooken4012	deep-background	V3	B19	triage helper	Null-Heart	cello field	Pip source orbit	90	77	averaged_background_story_orbit_aesthetic_origin_distance	pending_art_reference
WC04013	Caelcoriaaellarkel4013	support	V3	B20	faction runner	Iron-Song	blue-light road	Rolzen source orbit	90	77	averaged_background_story_orbit_aesthetic_origin_distance	pending_art_reference
WC04014	Aerfiraamarhaloriel4014	background	V3	B21	wolf-road scout	Wren-Ash	xeth glyph yard	Xethrolund source orbit	90	77	averaged_background_story_orbit_aesthetic_origin_distance	pending_art_reference
WC04015	Aermaelormarrowel4015	story	V3	B22	glyph apprentice	Thorn-Vayne	stone fen	Rylos source orbit	90	77	averaged_background_story_orbit_aesthetic_origin_distance	pending_art_reference
WC04016	Ashaeliongroveel4016	recurring-background	V3	B23	corridor child	Marso-len	pocket sanctuary	Kyreal source orbit	90	77	averaged_background_story_orbit_aesthetic_origin_distance	pending_art_reference
WC04017	Caelcoriadria4017	deep-background	V3	B24	field healer	Rolzen-line	glass orchard	Thessa source orbit	90	77	averaged_background_story_orbit_aesthetic_origin_distance	pending_art_reference
WC04018	Ashaavelanoramarel4018	support	V3	B25	cavern farmer	Kyreal-pack	neith edge	Kael source orbit	90	77	averaged_background_story_orbit_aesthetic_origin_distance	pending_art_reference
WC04019	Ashagalengrovearel4019	background	V3	B26	garden watcher	Xethrolund-glyph	willow-stone county	Pael source orbit	90	77	averaged_background_story_orbit_aesthetic_origin_distance	pending_art_reference
WC04020	Aerdalenmarrowiel4020	story	V3	B27	stone archivist	Pip-no-path	last open gate	Soth source orbit	90	77	averaged_background_story_orbit_aesthetic_origin_distance	pending_art_reference
WC04021	Ashajoramarrowion4021	recurring-background	V3	B28	orchard guard	Mack-ground	diamond breakland	Vellin source orbit	90	77	averaged_background_story_orbit_aesthetic_origin_distance	pending_art_reference
WC04022	Aermaelorianivyael4022	deep-background	V3	B29	sonomancy listener	Dervish-glass	black-heart ridge	Corrath source orbit	90	77	averaged_background_story_orbit_aesthetic_origin_distance	pending_art_reference
WC04023	Aermaeloravel4023	support	V3	B30	tunnel witness	Vayne	ash river	Dervish source orbit	90	77	averaged_background_story_orbit_aesthetic_origin_distance	pending_art_reference
WC04024	Ashaavelashen4024	background	V3	B31	threshold mason	Null-Heart	morrow market	Pip source orbit	90	77	averaged_background_story_orbit_aesthetic_origin_distance	pending_art_reference
WC04025	Aerfiraluthasharel4025	story	V3	B32	bookbinder	Iron-Song	root vale	Rolzen source orbit	90	77	averaged_background_story_orbit_aesthetic_origin_distance	pending_art_reference
WC04026	Ashaavelanorluthiel4026	recurring-background	V3	B33	bridge keeper	Wren-Ash	ripper tunnel	Xethrolund source orbit	90	77	averaged_background_story_orbit_aesthetic_origin_distance	pending_art_reference
WC04027	Aerdalenianglassen4027	deep-background	V3	B01	market singer	Thorn-Vayne	cello field	Rylos source orbit	90	77	averaged_background_story_orbit_aesthetic_origin_distance	pending_art_reference
WC04028	Aeranoramarmossiel4028	support	V3	B02	glass forge worker	Marso-len	blue-light road	Kyreal source orbit	90	77	averaged_background_story_orbit_aesthetic_origin_distance	pending_art_reference
WC04029	Caelamarhaloravel4029	background	V3	B03	ripper survivor	Rolzen-line	xeth glyph yard	Thessa source orbit	90	77	averaged_background_story_orbit_aesthetic_origin_distance	pending_art_reference
WC04030	Aeranorlutharia4030	story	V3	B04	map seller	Kyreal-pack	stone fen	Kael source orbit	90	77	averaged_background_story_orbit_aesthetic_origin_distance	pending_art_reference
WC04031	Caelamarael4031	recurring-background	V3	B05	cellar cook	Xethrolund-glyph	pocket sanctuary	Pael source orbit	90	77	averaged_background_story_orbit_aesthetic_origin_distance	pending_art_reference
WC04032	Aerfiraemberael4032	deep-background	V3	B06	triage helper	Pip-no-path	glass orchard	Soth source orbit	90	77	averaged_background_story_orbit_aesthetic_origin_distance	pending_art_reference
WC04033	Aerdalenamarion4033	support	V3	B07	faction runner	Mack-ground	neith edge	Vellin source orbit	90	77	averaged_background_story_orbit_aesthetic_origin_distance	pending_art_reference
WC04034	Aeranorluthmossaen4034	background	V3	B08	wolf-road scout	Dervish-glass	willow-stone county	Corrath source orbit	90	77	averaged_background_story_orbit_aesthetic_origin_distance	pending_art_reference
WC04035	Aerindramarrowaen4035	story	V3	B09	glyph apprentice	Vayne	last open gate	Dervish source orbit	90	77	averaged_background_story_orbit_aesthetic_origin_distance	pending_art_reference
WC04036	Aermaelorcrownen4036	recurring-background	V3	B10	corridor child	Null-Heart	diamond breakland	Pip source orbit	90	77	averaged_background_story_orbit_aesthetic_origin_distance	pending_art_reference
WC04037	Aeranorianashael4037	deep-background	V3	B11	field healer	Iron-Song	black-heart ridge	Rolzen source orbit	90	77	averaged_background_story_orbit_aesthetic_origin_distance	pending_art_reference
WC04038	Aerindraevaralarkel4038	support	V3	B12	cavern farmer	Wren-Ash	ash river	Xethrolund source orbit	90	77	averaged_background_story_orbit_aesthetic_origin_distance	pending_art_reference
WC04039	Caelamaraelelionael4039	background	V3	B13	garden watcher	Thorn-Vayne	morrow market	Rylos source orbit	90	77	averaged_background_story_orbit_aesthetic_origin_distance	pending_art_reference
WC04040	Aeranorluthivyael4040	story	V3	B14	stone archivist	Marso-len	root vale	Kyreal source orbit	90	77	averaged_background_story_orbit_aesthetic_origin_distance	pending_art_reference
WC04041	Ashaavelfiramossaen4041	recurring-background	V3	B15	orchard guard	Rolzen-line	ripper tunnel	Thessa source orbit	90	77	averaged_background_story_orbit_aesthetic_origin_distance	pending_art_reference
WC04042	Aeranorglassavel4042	deep-background	V3	B16	sonomancy listener	Kyreal-pack	cello field	Kael source orbit	90	77	averaged_background_story_orbit_aesthetic_origin_distance	pending_art_reference
WC04043	Aeranorelle4043	support	V3	B17	tunnel witness	Xethrolund-glyph	blue-light road	Pael source orbit	90	77	averaged_background_story_orbit_aesthetic_origin_distance	pending_art_reference
WC04044	Aeranorevaraendarel4044	background	V3	B18	threshold mason	Pip-no-path	xeth glyph yard	Soth source orbit	90	77	averaged_background_story_orbit_aesthetic_origin_distance	pending_art_reference
WC04045	Aermaeloren4045	story	V3	B19	bookbinder	Mack-ground	stone fen	Vellin source orbit	90	77	averaged_background_story_orbit_aesthetic_origin_distance	pending_art_reference
WC04046	Ashajoraanordria4046	recurring-background	V3	B20	bridge keeper	Dervish-glass	pocket sanctuary	Corrath source orbit	90	77	averaged_background_story_orbit_aesthetic_origin_distance	pending_art_reference
WC04047	Aerindraen4047	deep-background	V3	B21	market singer	Vayne	glass orchard	Dervish source orbit	90	77	averaged_background_story_orbit_aesthetic_origin_distance	pending_art_reference
WC04048	Ashagalenivyiel4048	support	V3	B22	glass forge worker	Null-Heart	neith edge	Pip source orbit	90	77	averaged_background_story_orbit_aesthetic_origin_distance	pending_art_reference
WC04049	Aeranorcoriaen4049	background	V3	B23	ripper survivor	Iron-Song	willow-stone county	Rolzen source orbit	90	77	averaged_background_story_orbit_aesthetic_origin_distance	pending_art_reference
WC04050	Aeranorluthbellael4050	story	V3	B24	map seller	Wren-Ash	last open gate	Xethrolund source orbit	90	77	averaged_background_story_orbit_aesthetic_origin_distance	pending_art_reference
WC04051	Ashaelionriveren4051	recurring-background	V3	B25	cellar cook	Thorn-Vayne	diamond breakland	Rylos source orbit	90	77	averaged_background_story_orbit_aesthetic_origin_distance	pending_art_reference
WC04052	Brenendarbellel4052	deep-background	V3	B26	triage helper	Marso-len	black-heart ridge	Kyreal source orbit	90	77	averaged_background_story_orbit_aesthetic_origin_distance	pending_art_reference
WC04053	Ashaavelcrowniel4053	support	V3	B27	faction runner	Rolzen-line	ash river	Thessa source orbit	90	77	averaged_background_story_orbit_aesthetic_origin_distance	pending_art_reference
WC04054	Ashaelionmossavel4054	background	V3	B28	wolf-road scout	Kyreal-pack	morrow market	Kael source orbit	90	77	averaged_background_story_orbit_aesthetic_origin_distance	pending_art_reference
WC04055	Ashajoragroveavel4055	story	V3	B29	glyph apprentice	Xethrolund-glyph	root vale	Pael source orbit	90	77	averaged_background_story_orbit_aesthetic_origin_distance	pending_art_reference
WC04056	Aerdalenelle4056	recurring-background	V3	B30	corridor child	Pip-no-path	ripper tunnel	Soth source orbit	90	77	averaged_background_story_orbit_aesthetic_origin_distance	pending_art_reference
WC04057	Aerfiraiancinderel4057	deep-background	V3	B31	field healer	Mack-ground	cello field	Vellin source orbit	90	77	averaged_background_story_orbit_aesthetic_origin_distance	pending_art_reference
WC04058	Ashaavelgroveavel4058	support	V3	B32	cavern farmer	Dervish-glass	blue-light road	Corrath source orbit	90	77	averaged_background_story_orbit_aesthetic_origin_distance	pending_art_reference
WC04059	Aerfiramarrowiven4059	background	V3	B33	garden watcher	Vayne	xeth glyph yard	Dervish source orbit	90	77	averaged_background_story_orbit_aesthetic_origin_distance	pending_art_reference
WC04060	Brenhalornaraanorel4060	story	V3	B01	stone archivist	Null-Heart	stone fen	Pip source orbit	90	77	averaged_background_story_orbit_aesthetic_origin_distance	pending_art_reference
WC04061	Aeranoramarashiel4061	recurring-background	V3	B02	orchard guard	Iron-Song	pocket sanctuary	Rolzen source orbit	90	77	averaged_background_story_orbit_aesthetic_origin_distance	pending_art_reference
WC04062	Aerfiracoriaaeliel4062	deep-background	V3	B03	sonomancy listener	Wren-Ash	glass orchard	Xethrolund source orbit	90	77	averaged_background_story_orbit_aesthetic_origin_distance	pending_art_reference
WC04063	Brenaelnaraanoraria4063	support	V3	B04	tunnel witness	Thorn-Vayne	neith edge	Rylos source orbit	90	77	averaged_background_story_orbit_aesthetic_origin_distance	pending_art_reference
WC04064	Aerindracairnelle4064	background	V3	B05	threshold mason	Marso-len	willow-stone county	Kyreal source orbit	90	77	averaged_background_story_orbit_aesthetic_origin_distance	pending_art_reference
WC04065	Aeranorashavel4065	story	V3	B06	bookbinder	Rolzen-line	last open gate	Thessa source orbit	90	77	averaged_background_story_orbit_aesthetic_origin_distance	pending_art_reference
WC04066	Aerfiraianendaraen4066	recurring-background	V3	B07	bridge keeper	Kyreal-pack	diamond breakland	Kael source orbit	90	77	averaged_background_story_orbit_aesthetic_origin_distance	pending_art_reference
WC04067	Brenkelanjorael4067	deep-background	V3	B08	market singer	Xethrolund-glyph	black-heart ridge	Pael source orbit	90	77	averaged_background_story_orbit_aesthetic_origin_distance	pending_art_reference
WC04068	Aermaelorarel4068	support	V3	B09	glass forge worker	Pip-no-path	ash river	Soth source orbit	90	77	averaged_background_story_orbit_aesthetic_origin_distance	pending_art_reference
WC04069	Aeranoramarivyaria4069	background	V3	B10	ripper survivor	Mack-ground	morrow market	Vellin source orbit	90	77	averaged_background_story_orbit_aesthetic_origin_distance	pending_art_reference
WC04070	Aerfiracoriamossen4070	story	V3	B11	map seller	Dervish-glass	root vale	Corrath source orbit	90	77	averaged_background_story_orbit_aesthetic_origin_distance	pending_art_reference
WC04071	Aerfiracoriadion4071	recurring-background	V3	B12	cellar cook	Vayne	ripper tunnel	Dervish source orbit	90	77	averaged_background_story_orbit_aesthetic_origin_distance	pending_art_reference
WC04072	Aerfiraianbriniven4072	deep-background	V3	B13	triage helper	Null-Heart	cello field	Pip source orbit	90	77	averaged_background_story_orbit_aesthetic_origin_distance	pending_art_reference
WC04073	Aermaelorluthashen4073	support	V3	B14	faction runner	Iron-Song	blue-light road	Rolzen source orbit	90	77	averaged_background_story_orbit_aesthetic_origin_distance	pending_art_reference
WC04074	Ashanarafenael4074	background	V3	B15	wolf-road scout	Wren-Ash	xeth glyph yard	Xethrolund source orbit	90	77	averaged_background_story_orbit_aesthetic_origin_distance	pending_art_reference
WC04075	Aeranorarel4075	story	V3	B16	glyph apprentice	Thorn-Vayne	stone fen	Rylos source orbit	90	77	averaged_background_story_orbit_aesthetic_origin_distance	pending_art_reference
WC04076	Aerfiraianforgedion4076	recurring-background	V3	B17	corridor child	Marso-len	pocket sanctuary	Kyreal source orbit	90	77	averaged_background_story_orbit_aesthetic_origin_distance	pending_art_reference
WC04077	Ashajorabellael4077	deep-background	V3	B18	field healer	Rolzen-line	glass orchard	Thessa source orbit	90	77	averaged_background_story_orbit_aesthetic_origin_distance	pending_art_reference
WC04078	Aeranorianion4078	support	V3	B19	cavern farmer	Kyreal-pack	neith edge	Kael source orbit	90	77	averaged_background_story_orbit_aesthetic_origin_distance	pending_art_reference
WC04079	Ashagalenindradria4079	background	V3	B20	garden watcher	Xethrolund-glyph	willow-stone county	Pael source orbit	90	77	averaged_background_story_orbit_aesthetic_origin_distance	pending_art_reference
WC04080	Ashanaramireavel4080	story	V3	B21	stone archivist	Pip-no-path	last open gate	Soth source orbit	90	77	averaged_background_story_orbit_aesthetic_origin_distance	pending_art_reference
WC04081	Aermaelorriveriven4081	recurring-background	V3	B22	orchard guard	Mack-ground	diamond breakland	Vellin source orbit	90	77	averaged_background_story_orbit_aesthetic_origin_distance	pending_art_reference
WC04082	Aerfiracoriaashael4082	deep-background	V3	B23	sonomancy listener	Dervish-glass	black-heart ridge	Corrath source orbit	90	77	averaged_background_story_orbit_aesthetic_origin_distance	pending_art_reference
WC04083	Aerindracorialarken4083	support	V3	B24	tunnel witness	Vayne	ash river	Dervish source orbit	90	77	averaged_background_story_orbit_aesthetic_origin_distance	pending_art_reference
WC04084	Aerdalenarel4084	background	V3	B25	threshold mason	Null-Heart	morrow market	Pip source orbit	90	77	averaged_background_story_orbit_aesthetic_origin_distance	pending_art_reference
WC04085	Aerdalenluthforgeen4085	story	V3	B26	bookbinder	Iron-Song	root vale	Rolzen source orbit	90	77	averaged_background_story_orbit_aesthetic_origin_distance	pending_art_reference
WC04086	Ashagalenion4086	recurring-background	V3	B27	bridge keeper	Wren-Ash	ripper tunnel	Xethrolund source orbit	90	77	averaged_background_story_orbit_aesthetic_origin_distance	pending_art_reference
WC04087	Aerindraevaraaelen4087	deep-background	V3	B28	market singer	Thorn-Vayne	cello field	Rylos source orbit	90	77	averaged_background_story_orbit_aesthetic_origin_distance	pending_art_reference
WC04088	Ashaavelmaelorianen4088	support	V3	B29	glass forge worker	Marso-len	blue-light road	Kyreal source orbit	90	77	averaged_background_story_orbit_aesthetic_origin_distance	pending_art_reference
WC04089	Ashaavelglassiven4089	background	V3	B30	ripper survivor	Rolzen-line	xeth glyph yard	Thessa source orbit	90	77	averaged_background_story_orbit_aesthetic_origin_distance	pending_art_reference
WC04090	Aerindraglassion4090	story	V3	B31	map seller	Kyreal-pack	stone fen	Kael source orbit	90	77	averaged_background_story_orbit_aesthetic_origin_distance	pending_art_reference
WC04091	Aerdalencoriaion4091	recurring-background	V3	B32	cellar cook	Xethrolund-glyph	pocket sanctuary	Pael source orbit	90	77	averaged_background_story_orbit_aesthetic_origin_distance	pending_art_reference
WC04092	Ashaavelanorbrookel4092	deep-background	V3	B33	triage helper	Pip-no-path	glass orchard	Soth source orbit	90	77	averaged_background_story_orbit_aesthetic_origin_distance	pending_art_reference
WC04093	Ashagalengrovedria4093	support	V3	B01	faction runner	Mack-ground	neith edge	Vellin source orbit	90	77	averaged_background_story_orbit_aesthetic_origin_distance	pending_art_reference
WC04094	Aerfiraluthmossavel4094	background	V3	B02	wolf-road scout	Dervish-glass	willow-stone county	Corrath source orbit	90	77	averaged_background_story_orbit_aesthetic_origin_distance	pending_art_reference
WC04095	Ashaelioncairndion4095	story	V3	B03	glyph apprentice	Vayne	last open gate	Dervish source orbit	90	77	averaged_background_story_orbit_aesthetic_origin_distance	pending_art_reference
WC04096	Aerdalenlarken4096	recurring-background	V3	B04	corridor child	Null-Heart	diamond breakland	Pip source orbit	90	77	averaged_background_story_orbit_aesthetic_origin_distance	pending_art_reference
WC04097	Aerdalenianaelion4097	deep-background	V3	B05	field healer	Iron-Song	black-heart ridge	Rolzen source orbit	90	77	averaged_background_story_orbit_aesthetic_origin_distance	pending_art_reference
WC04098	Ashaavelriveriel4098	support	V3	B06	cavern farmer	Wren-Ash	ash river	Xethrolund source orbit	90	77	averaged_background_story_orbit_aesthetic_origin_distance	pending_art_reference
WC04099	Aerindraemberelle4099	background	V3	B07	garden watcher	Thorn-Vayne	morrow market	Rylos source orbit	90	77	averaged_background_story_orbit_aesthetic_origin_distance	pending_art_reference
WC04100	Caelamarasharia4100	story	V3	B08	stone archivist	Marso-len	root vale	Kyreal source orbit	90	77	averaged_background_story_orbit_aesthetic_origin_distance	pending_art_reference
WC04101	Aeranorcoriafenael4101	recurring-background	V3	B09	orchard guard	Rolzen-line	ripper tunnel	Thessa source orbit	90	77	averaged_background_story_orbit_aesthetic_origin_distance	pending_art_reference
WC04102	Aeranorcrownaen4102	deep-background	V3	B10	sonomancy listener	Kyreal-pack	cello field	Kael source orbit	90	77	averaged_background_story_orbit_aesthetic_origin_distance	pending_art_reference
WC04103	Brenhalorjoraarel4103	support	V3	B11	tunnel witness	Xethrolund-glyph	blue-light road	Pael source orbit	90	77	averaged_background_story_orbit_aesthetic_origin_distance	pending_art_reference
WC04104	Aeranorelle4104	background	V3	B12	threshold mason	Pip-no-path	xeth glyph yard	Soth source orbit	90	77	averaged_background_story_orbit_aesthetic_origin_distance	pending_art_reference
WC04105	Ashagalenmarrowarel4105	story	V3	B13	bookbinder	Mack-ground	stone fen	Vellin source orbit	90	77	averaged_background_story_orbit_aesthetic_origin_distance	pending_art_reference
WC04106	Aerindraianmossavel4106	recurring-background	V3	B14	bridge keeper	Dervish-glass	pocket sanctuary	Corrath source orbit	90	77	averaged_background_story_orbit_aesthetic_origin_distance	pending_art_reference
WC04107	Aerindraemberael4107	deep-background	V3	B15	market singer	Vayne	glass orchard	Dervish source orbit	90	77	averaged_background_story_orbit_aesthetic_origin_distance	pending_art_reference
WC04108	Aerfiraiel4108	support	V3	B16	glass forge worker	Null-Heart	neith edge	Pip source orbit	90	77	averaged_background_story_orbit_aesthetic_origin_distance	pending_art_reference
WC04109	Aerdalenriveren4109	background	V3	B17	ripper survivor	Iron-Song	willow-stone county	Rolzen source orbit	90	77	averaged_background_story_orbit_aesthetic_origin_distance	pending_art_reference
WC04110	Brenaeljoraanordion4110	story	V3	B18	map seller	Wren-Ash	last open gate	Xethrolund source orbit	90	77	averaged_background_story_orbit_aesthetic_origin_distance	pending_art_reference
WC04111	Aerdalenluthbrinaen4111	recurring-background	V3	B19	cellar cook	Thorn-Vayne	diamond breakland	Rylos source orbit	90	77	averaged_background_story_orbit_aesthetic_origin_distance	pending_art_reference
WC04112	Aeranoramarmossarel4112	deep-background	V3	B20	triage helper	Marso-len	black-heart ridge	Kyreal source orbit	90	77	averaged_background_story_orbit_aesthetic_origin_distance	pending_art_reference
WC04113	Aeranorluthfenion4113	support	V3	B21	faction runner	Rolzen-line	ash river	Thessa source orbit	90	77	averaged_background_story_orbit_aesthetic_origin_distance	pending_art_reference
WC04114	Aeranorevarabrooken4114	background	V3	B22	wolf-road scout	Kyreal-pack	morrow market	Kael source orbit	90	77	averaged_background_story_orbit_aesthetic_origin_distance	pending_art_reference
WC04115	Aerdalencoriaiel4115	story	V3	B23	glyph apprentice	Xethrolund-glyph	root vale	Pael source orbit	90	77	averaged_background_story_orbit_aesthetic_origin_distance	pending_art_reference
WC04116	Aerindraianglassel4116	recurring-background	V3	B24	corridor child	Pip-no-path	ripper tunnel	Soth source orbit	90	77	averaged_background_story_orbit_aesthetic_origin_distance	pending_art_reference
WC04117	Aeranorianbrinael4117	deep-background	V3	B25	field healer	Mack-ground	cello field	Vellin source orbit	90	77	averaged_background_story_orbit_aesthetic_origin_distance	pending_art_reference
WC04118	Brenhaloravelel4118	support	V3	B26	cavern farmer	Dervish-glass	blue-light road	Corrath source orbit	90	77	averaged_background_story_orbit_aesthetic_origin_distance	pending_art_reference
WC04119	Ashaelionanorel4119	background	V3	B27	garden watcher	Vayne	xeth glyph yard	Dervish source orbit	90	77	averaged_background_story_orbit_aesthetic_origin_distance	pending_art_reference
WC04120	Aerfiracrowndria4120	story	V3	B28	stone archivist	Null-Heart	stone fen	Pip source orbit	90	77	averaged_background_story_orbit_aesthetic_origin_distance	pending_art_reference
WC04121	Aerdalenianashdion4121	recurring-background	V3	B29	orchard guard	Iron-Song	pocket sanctuary	Rolzen source orbit	90	77	averaged_background_story_orbit_aesthetic_origin_distance	pending_art_reference
WC04122	Ashagalenhollowael4122	deep-background	V3	B30	sonomancy listener	Wren-Ash	glass orchard	Xethrolund source orbit	90	77	averaged_background_story_orbit_aesthetic_origin_distance	pending_art_reference
WC04123	Brenendariel4123	support	V3	B31	tunnel witness	Thorn-Vayne	neith edge	Rylos source orbit	90	77	averaged_background_story_orbit_aesthetic_origin_distance	pending_art_reference
WC04124	Aerfiraevaraforgeen4124	background	V3	B32	threshold mason	Marso-len	willow-stone county	Kyreal source orbit	90	77	averaged_background_story_orbit_aesthetic_origin_distance	pending_art_reference
WC04125	Aerdalenianmirearia4125	story	V3	B33	bookbinder	Rolzen-line	last open gate	Thessa source orbit	90	77	averaged_background_story_orbit_aesthetic_origin_distance	pending_art_reference
WC04126	Aeranoramarion4126	recurring-background	V3	B01	bridge keeper	Kyreal-pack	diamond breakland	Kael source orbit	90	77	averaged_background_story_orbit_aesthetic_origin_distance	pending_art_reference
WC04127	Aermaelorevaraivyen4127	deep-background	V3	B02	market singer	Xethrolund-glyph	black-heart ridge	Pael source orbit	90	77	averaged_background_story_orbit_aesthetic_origin_distance	pending_art_reference
WC04128	Aeranoramararia4128	support	V3	B03	glass forge worker	Pip-no-path	ash river	Soth source orbit	90	77	averaged_background_story_orbit_aesthetic_origin_distance	pending_art_reference
WC04129	Aerdaleniel4129	background	V3	B04	ripper survivor	Mack-ground	morrow market	Vellin source orbit	90	77	averaged_background_story_orbit_aesthetic_origin_distance	pending_art_reference
WC04130	Aermaelorfenelle4130	story	V3	B05	map seller	Dervish-glass	root vale	Corrath source orbit	90	77	averaged_background_story_orbit_aesthetic_origin_distance	pending_art_reference
WC04131	Ashaavelel4131	recurring-background	V3	B06	cellar cook	Vayne	ripper tunnel	Dervish source orbit	90	77	averaged_background_story_orbit_aesthetic_origin_distance	pending_art_reference
WC04132	Aerdalenorchardelle4132	deep-background	V3	B07	triage helper	Null-Heart	cello field	Pip source orbit	90	77	averaged_background_story_orbit_aesthetic_origin_distance	pending_art_reference
WC04133	Aerfirariverdion4133	support	V3	B08	faction runner	Iron-Song	blue-light road	Rolzen source orbit	90	77	averaged_background_story_orbit_aesthetic_origin_distance	pending_art_reference
WC04134	Aerdalenmarrowarel4134	background	V3	B09	wolf-road scout	Wren-Ash	xeth glyph yard	Xethrolund source orbit	90	77	averaged_background_story_orbit_aesthetic_origin_distance	pending_art_reference
WC04135	Ashajorafiraianion4135	story	V3	B10	glyph apprentice	Thorn-Vayne	stone fen	Rylos source orbit	90	77	averaged_background_story_orbit_aesthetic_origin_distance	pending_art_reference
WC04136	Aerdalenevaraashiel4136	recurring-background	V3	B11	corridor child	Marso-len	pocket sanctuary	Kyreal source orbit	90	77	averaged_background_story_orbit_aesthetic_origin_distance	pending_art_reference
WC04137	Brenbrinavelanorion4137	deep-background	V3	B12	field healer	Rolzen-line	glass orchard	Thessa source orbit	90	77	averaged_background_story_orbit_aesthetic_origin_distance	pending_art_reference
WC04138	Aerindrabellaria4138	support	V3	B13	cavern farmer	Kyreal-pack	neith edge	Kael source orbit	90	77	averaged_background_story_orbit_aesthetic_origin_distance	pending_art_reference
WC04139	Aeranorluthashaen4139	background	V3	B14	garden watcher	Xethrolund-glyph	willow-stone county	Pael source orbit	90	77	averaged_background_story_orbit_aesthetic_origin_distance	pending_art_reference
WC04140	Aermaelorianbellen4140	story	V3	B15	stone archivist	Pip-no-path	last open gate	Soth source orbit	90	77	averaged_background_story_orbit_aesthetic_origin_distance	pending_art_reference
WC04141	Aerfiraluthivyiel4141	recurring-background	V3	B16	orchard guard	Mack-ground	diamond breakland	Vellin source orbit	90	77	averaged_background_story_orbit_aesthetic_origin_distance	pending_art_reference
WC04142	Ashajoraemberiel4142	deep-background	V3	B17	sonomancy listener	Dervish-glass	black-heart ridge	Corrath source orbit	90	77	averaged_background_story_orbit_aesthetic_origin_distance	pending_art_reference
WC04143	Caelamarhaloriven4143	support	V3	B18	tunnel witness	Vayne	ash river	Dervish source orbit	90	77	averaged_background_story_orbit_aesthetic_origin_distance	pending_art_reference
WC04144	Ashaelionforgeen4144	background	V3	B19	threshold mason	Null-Heart	morrow market	Pip source orbit	90	77	averaged_background_story_orbit_aesthetic_origin_distance	pending_art_reference
WC04145	Aerfiraevaraasharel4145	story	V3	B20	bookbinder	Iron-Song	root vale	Rolzen source orbit	90	77	averaged_background_story_orbit_aesthetic_origin_distance	pending_art_reference
WC04146	Brenbrinashion4146	recurring-background	V3	B21	bridge keeper	Wren-Ash	ripper tunnel	Xethrolund source orbit	90	77	averaged_background_story_orbit_aesthetic_origin_distance	pending_art_reference
WC04147	Ashaelionaria4147	deep-background	V3	B22	market singer	Thorn-Vayne	cello field	Rylos source orbit	90	77	averaged_background_story_orbit_aesthetic_origin_distance	pending_art_reference
WC04148	Aerdalencoriaiven4148	support	V3	B23	glass forge worker	Marso-len	blue-light road	Kyreal source orbit	90	77	averaged_background_story_orbit_aesthetic_origin_distance	pending_art_reference
WC04149	Aeranorforgeion4149	background	V3	B24	ripper survivor	Rolzen-line	xeth glyph yard	Thessa source orbit	90	77	averaged_background_story_orbit_aesthetic_origin_distance	pending_art_reference
WC04150	Aerdalenianion4150	story	V3	B25	map seller	Kyreal-pack	stone fen	Kael source orbit	90	77	averaged_background_story_orbit_aesthetic_origin_distance	pending_art_reference
WC04151	Aermaelormireael4151	recurring-background	V3	B26	cellar cook	Xethrolund-glyph	pocket sanctuary	Pael source orbit	90	77	averaged_background_story_orbit_aesthetic_origin_distance	pending_art_reference
WC04152	Ashaelionmireen4152	deep-background	V3	B27	triage helper	Pip-no-path	glass orchard	Soth source orbit	90	77	averaged_background_story_orbit_aesthetic_origin_distance	pending_art_reference
WC04153	Aerdalenluthashavel4153	support	V3	B28	faction runner	Mack-ground	neith edge	Vellin source orbit	90	77	averaged_background_story_orbit_aesthetic_origin_distance	pending_art_reference
WC04154	Aerfiramireael4154	background	V3	B29	wolf-road scout	Dervish-glass	willow-stone county	Corrath source orbit	90	77	averaged_background_story_orbit_aesthetic_origin_distance	pending_art_reference
WC04155	Aerdalenevarabellel4155	story	V3	B30	glyph apprentice	Vayne	last open gate	Dervish source orbit	90	77	averaged_background_story_orbit_aesthetic_origin_distance	pending_art_reference
WC04156	Aerfiraamarbriniel4156	recurring-background	V3	B31	corridor child	Null-Heart	diamond breakland	Pip source orbit	90	77	averaged_background_story_orbit_aesthetic_origin_distance	pending_art_reference
WC04157	Aerdalenianivyael4157	deep-background	V3	B32	field healer	Iron-Song	black-heart ridge	Rolzen source orbit	90	77	averaged_background_story_orbit_aesthetic_origin_distance	pending_art_reference
WC04158	Aerfiraevaraglassel4158	support	V3	B33	cavern farmer	Wren-Ash	ash river	Xethrolund source orbit	90	77	averaged_background_story_orbit_aesthetic_origin_distance	pending_art_reference
WC04159	Ashaelionmaeloraen4159	background	V3	B01	garden watcher	Thorn-Vayne	morrow market	Rylos source orbit	90	77	averaged_background_story_orbit_aesthetic_origin_distance	pending_art_reference
WC04160	Aerfiraianivyael4160	story	V3	B02	stone archivist	Marso-len	root vale	Kyreal source orbit	90	77	averaged_background_story_orbit_aesthetic_origin_distance	pending_art_reference
WC04161	Ashaavelorcharddion4161	recurring-background	V3	B03	orchard guard	Rolzen-line	ripper tunnel	Thessa source orbit	90	77	averaged_background_story_orbit_aesthetic_origin_distance	pending_art_reference
WC04162	Aerfiraamarbrookael4162	deep-background	V3	B04	sonomancy listener	Kyreal-pack	cello field	Kael source orbit	90	77	averaged_background_story_orbit_aesthetic_origin_distance	pending_art_reference
WC04163	Ashanaragrovedion4163	support	V3	B05	tunnel witness	Xethrolund-glyph	blue-light road	Pael source orbit	90	77	averaged_background_story_orbit_aesthetic_origin_distance	pending_art_reference
WC04164	Aermaelorianbrinel4164	background	V3	B06	threshold mason	Pip-no-path	xeth glyph yard	Soth source orbit	90	77	averaged_background_story_orbit_aesthetic_origin_distance	pending_art_reference
WC04165	Ashagalenemberdria4165	story	V3	B07	bookbinder	Mack-ground	stone fen	Vellin source orbit	90	77	averaged_background_story_orbit_aesthetic_origin_distance	pending_art_reference
WC04166	Aermaelormireion4166	recurring-background	V3	B08	bridge keeper	Dervish-glass	pocket sanctuary	Corrath source orbit	90	77	averaged_background_story_orbit_aesthetic_origin_distance	pending_art_reference
WC04167	Ashagalenfiradria4167	deep-background	V3	B09	market singer	Vayne	glass orchard	Dervish source orbit	90	77	averaged_background_story_orbit_aesthetic_origin_distance	pending_art_reference
WC04168	Ashanaraanorbellaen4168	support	V3	B10	glass forge worker	Null-Heart	neith edge	Pip source orbit	90	77	averaged_background_story_orbit_aesthetic_origin_distance	pending_art_reference
WC04169	Ashanarafiraaria4169	background	V3	B11	ripper survivor	Iron-Song	willow-stone county	Rolzen source orbit	90	77	averaged_background_story_orbit_aesthetic_origin_distance	pending_art_reference
WC04170	Aerdalenamarlarkael4170	story	V3	B12	map seller	Wren-Ash	last open gate	Xethrolund source orbit	90	77	averaged_background_story_orbit_aesthetic_origin_distance	pending_art_reference
WC04171	Aerindragroveel4171	recurring-background	V3	B13	cellar cook	Thorn-Vayne	diamond breakland	Rylos source orbit	90	77	averaged_background_story_orbit_aesthetic_origin_distance	pending_art_reference
WC04172	Caelianiel4172	deep-background	V3	B14	triage helper	Marso-len	black-heart ridge	Kyreal source orbit	90	77	averaged_background_story_orbit_aesthetic_origin_distance	pending_art_reference
WC04173	Aerfiraamarmireael4173	support	V3	B15	faction runner	Rolzen-line	ash river	Thessa source orbit	90	77	averaged_background_story_orbit_aesthetic_origin_distance	pending_art_reference
WC04174	Aerfiracrowndion4174	background	V3	B16	wolf-road scout	Kyreal-pack	morrow market	Kael source orbit	90	77	averaged_background_story_orbit_aesthetic_origin_distance	pending_art_reference
WC04175	Aeranorcoriaashdria4175	story	V3	B17	glyph apprentice	Xethrolund-glyph	root vale	Pael source orbit	90	77	averaged_background_story_orbit_aesthetic_origin_distance	pending_art_reference
WC04176	Ashaavelmiredion4176	recurring-background	V3	B18	corridor child	Pip-no-path	ripper tunnel	Soth source orbit	90	77	averaged_background_story_orbit_aesthetic_origin_distance	pending_art_reference
WC04177	Aerdalenluthforgeel4177	deep-background	V3	B19	field healer	Mack-ground	cello field	Vellin source orbit	90	77	averaged_background_story_orbit_aesthetic_origin_distance	pending_art_reference
WC04178	Aerdalenaen4178	support	V3	B20	cavern farmer	Dervish-glass	blue-light road	Corrath source orbit	90	77	averaged_background_story_orbit_aesthetic_origin_distance	pending_art_reference
WC04179	Ashanaraanoramaren4179	background	V3	B21	garden watcher	Vayne	xeth glyph yard	Dervish source orbit	90	77	averaged_background_story_orbit_aesthetic_origin_distance	pending_art_reference
WC04180	Aerfiracrownarel4180	story	V3	B22	stone archivist	Null-Heart	stone fen	Pip source orbit	90	77	averaged_background_story_orbit_aesthetic_origin_distance	pending_art_reference
WC04181	Aerindrariverarel4181	recurring-background	V3	B23	orchard guard	Iron-Song	pocket sanctuary	Rolzen source orbit	90	77	averaged_background_story_orbit_aesthetic_origin_distance	pending_art_reference
WC04182	Aeranorgrovearel4182	deep-background	V3	B24	sonomancy listener	Wren-Ash	glass orchard	Xethrolund source orbit	90	77	averaged_background_story_orbit_aesthetic_origin_distance	pending_art_reference
WC04183	Aerfiraamarglassiel4183	support	V3	B25	tunnel witness	Thorn-Vayne	neith edge	Rylos source orbit	90	77	averaged_background_story_orbit_aesthetic_origin_distance	pending_art_reference
WC04184	Aerdalencoriaashen4184	background	V3	B26	threshold mason	Marso-len	willow-stone county	Kyreal source orbit	90	77	averaged_background_story_orbit_aesthetic_origin_distance	pending_art_reference
WC04185	Aerfiraianfenel4185	story	V3	B27	bookbinder	Rolzen-line	last open gate	Thessa source orbit	90	77	averaged_background_story_orbit_aesthetic_origin_distance	pending_art_reference
WC04186	Aeranorcrownael4186	recurring-background	V3	B28	bridge keeper	Kyreal-pack	diamond breakland	Kael source orbit	90	77	averaged_background_story_orbit_aesthetic_origin_distance	pending_art_reference
WC04187	Aerfiraamarmossdria4187	deep-background	V3	B29	market singer	Xethrolund-glyph	black-heart ridge	Pael source orbit	90	77	averaged_background_story_orbit_aesthetic_origin_distance	pending_art_reference
WC04188	Aerdalenmarrowael4188	support	V3	B30	glass forge worker	Pip-no-path	ash river	Soth source orbit	90	77	averaged_background_story_orbit_aesthetic_origin_distance	pending_art_reference
WC04189	Ashajoragroveelle4189	background	V3	B31	ripper survivor	Mack-ground	morrow market	Vellin source orbit	90	77	averaged_background_story_orbit_aesthetic_origin_distance	pending_art_reference
WC04190	Ashaelionfiraianiel4190	story	V3	B32	map seller	Dervish-glass	root vale	Corrath source orbit	90	77	averaged_background_story_orbit_aesthetic_origin_distance	pending_art_reference
WC04191	Aerfiracoriabellen4191	recurring-background	V3	B33	cellar cook	Vayne	ripper tunnel	Dervish source orbit	90	77	averaged_background_story_orbit_aesthetic_origin_distance	pending_art_reference
WC04192	Aeranoramaremberen4192	deep-background	V3	B01	triage helper	Null-Heart	cello field	Pip source orbit	90	77	averaged_background_story_orbit_aesthetic_origin_distance	pending_art_reference
WC04193	Caelamarendariven4193	support	V3	B02	faction runner	Iron-Song	blue-light road	Rolzen source orbit	90	77	averaged_background_story_orbit_aesthetic_origin_distance	pending_art_reference
WC04194	Aerindragroveen4194	background	V3	B03	wolf-road scout	Wren-Ash	xeth glyph yard	Xethrolund source orbit	90	77	averaged_background_story_orbit_aesthetic_origin_distance	pending_art_reference
WC04195	Ashanarafenarel4195	story	V3	B04	glyph apprentice	Thorn-Vayne	stone fen	Rylos source orbit	90	77	averaged_background_story_orbit_aesthetic_origin_distance	pending_art_reference
WC04196	Ashaelionquartzael4196	recurring-background	V3	B05	corridor child	Marso-len	pocket sanctuary	Kyreal source orbit	90	77	averaged_background_story_orbit_aesthetic_origin_distance	pending_art_reference
WC04197	Aerdalenasharel4197	deep-background	V3	B06	field healer	Rolzen-line	glass orchard	Thessa source orbit	90	77	averaged_background_story_orbit_aesthetic_origin_distance	pending_art_reference
WC04198	Aerfiracoriael4198	support	V3	B07	cavern farmer	Kyreal-pack	neith edge	Kael source orbit	90	77	averaged_background_story_orbit_aesthetic_origin_distance	pending_art_reference
WC04199	Ashaavelgrovearel4199	background	V3	B08	garden watcher	Xethrolund-glyph	willow-stone county	Pael source orbit	90	77	averaged_background_story_orbit_aesthetic_origin_distance	pending_art_reference
WC04200	Aerfiraavel4200	story	V3	B09	stone archivist	Pip-no-path	last open gate	Soth source orbit	90	77	averaged_background_story_orbit_aesthetic_origin_distance	pending_art_reference
WC04201	Ashanarabrookael4201	recurring-background	V3	B10	orchard guard	Mack-ground	diamond breakland	Vellin source orbit	90	77	averaged_background_story_orbit_aesthetic_origin_distance	pending_art_reference
WC04202	Aerdalencoriaivyael4202	deep-background	V3	B11	sonomancy listener	Dervish-glass	black-heart ridge	Corrath source orbit	90	77	averaged_background_story_orbit_aesthetic_origin_distance	pending_art_reference
WC04203	Brenendarcinderaria4203	support	V3	B12	tunnel witness	Vayne	ash river	Dervish source orbit	90	77	averaged_background_story_orbit_aesthetic_origin_distance	pending_art_reference
WC04204	Aermaelordria4204	background	V3	B13	threshold mason	Null-Heart	morrow market	Pip source orbit	90	77	averaged_background_story_orbit_aesthetic_origin_distance	pending_art_reference
WC04205	Aeranorianmossarel4205	story	V3	B14	bookbinder	Iron-Song	root vale	Rolzen source orbit	90	77	averaged_background_story_orbit_aesthetic_origin_distance	pending_art_reference
WC04206	Aeranoraen4206	recurring-background	V3	B15	bridge keeper	Wren-Ash	ripper tunnel	Xethrolund source orbit	90	77	averaged_background_story_orbit_aesthetic_origin_distance	pending_art_reference
WC04207	Aeranoramarlarkiven4207	deep-background	V3	B16	market singer	Thorn-Vayne	cello field	Rylos source orbit	90	77	averaged_background_story_orbit_aesthetic_origin_distance	pending_art_reference
WC04208	Aermaelorluthashiel4208	support	V3	B17	glass forge worker	Marso-len	blue-light road	Kyreal source orbit	90	77	averaged_background_story_orbit_aesthetic_origin_distance	pending_art_reference
WC04209	Aeranorivyaria4209	background	V3	B18	ripper survivor	Rolzen-line	xeth glyph yard	Thessa source orbit	90	77	averaged_background_story_orbit_aesthetic_origin_distance	pending_art_reference
WC04210	Aerindradria4210	story	V3	B19	map seller	Kyreal-pack	stone fen	Kael source orbit	90	77	averaged_background_story_orbit_aesthetic_origin_distance	pending_art_reference
WC04211	Ashaavelfirafenion4211	recurring-background	V3	B20	cellar cook	Xethrolund-glyph	pocket sanctuary	Pael source orbit	90	77	averaged_background_story_orbit_aesthetic_origin_distance	pending_art_reference
WC04212	Ashaelionanorianael4212	deep-background	V3	B21	triage helper	Pip-no-path	glass orchard	Soth source orbit	90	77	averaged_background_story_orbit_aesthetic_origin_distance	pending_art_reference
WC04213	Ashaavelfiracoriael4213	support	V3	B22	faction runner	Mack-ground	neith edge	Vellin source orbit	90	77	averaged_background_story_orbit_aesthetic_origin_distance	pending_art_reference
WC04214	Aerindraianion4214	background	V3	B23	wolf-road scout	Dervish-glass	willow-stone county	Corrath source orbit	90	77	averaged_background_story_orbit_aesthetic_origin_distance	pending_art_reference
WC04215	Brenkelanael4215	story	V3	B24	glyph apprentice	Vayne	last open gate	Dervish source orbit	90	77	averaged_background_story_orbit_aesthetic_origin_distance	pending_art_reference
WC04216	Aeranorglassdria4216	recurring-background	V3	B25	corridor child	Null-Heart	diamond breakland	Pip source orbit	90	77	averaged_background_story_orbit_aesthetic_origin_distance	pending_art_reference
WC04217	Ashaavelanormireaen4217	deep-background	V3	B26	field healer	Iron-Song	black-heart ridge	Rolzen source orbit	90	77	averaged_background_story_orbit_aesthetic_origin_distance	pending_art_reference
WC04218	Aeranoriancrownion4218	support	V3	B27	cavern farmer	Wren-Ash	ash river	Xethrolund source orbit	90	77	averaged_background_story_orbit_aesthetic_origin_distance	pending_art_reference
WC04219	Ashagalenmireavel4219	background	V3	B28	garden watcher	Thorn-Vayne	morrow market	Rylos source orbit	90	77	averaged_background_story_orbit_aesthetic_origin_distance	pending_art_reference
WC04220	Ashaavelbrookiel4220	story	V3	B29	stone archivist	Marso-len	root vale	Kyreal source orbit	90	77	averaged_background_story_orbit_aesthetic_origin_distance	pending_art_reference
WC04221	Brenendaremberdria4221	recurring-background	V3	B30	orchard guard	Rolzen-line	ripper tunnel	Thessa source orbit	90	77	averaged_background_story_orbit_aesthetic_origin_distance	pending_art_reference
WC04222	Aerfiraianmarrowion4222	deep-background	V3	B31	sonomancy listener	Kyreal-pack	cello field	Kael source orbit	90	77	averaged_background_story_orbit_aesthetic_origin_distance	pending_art_reference
WC04223	Aeranoramarashael4223	support	V3	B32	tunnel witness	Xethrolund-glyph	blue-light road	Pael source orbit	90	77	averaged_background_story_orbit_aesthetic_origin_distance	pending_art_reference
WC04224	Brenkelanivyarel4224	background	V3	B33	threshold mason	Pip-no-path	xeth glyph yard	Soth source orbit	90	77	averaged_background_story_orbit_aesthetic_origin_distance	pending_art_reference
WC04225	Caelamarbrinavel4225	story	V3	B01	bookbinder	Mack-ground	stone fen	Vellin source orbit	90	77	averaged_background_story_orbit_aesthetic_origin_distance	pending_art_reference
WC04226	Aerdalencairnael4226	recurring-background	V3	B02	bridge keeper	Dervish-glass	pocket sanctuary	Corrath source orbit	90	77	averaged_background_story_orbit_aesthetic_origin_distance	pending_art_reference
WC04227	Brenbrinforgeelle4227	deep-background	V3	B03	market singer	Vayne	glass orchard	Dervish source orbit	90	77	averaged_background_story_orbit_aesthetic_origin_distance	pending_art_reference
WC04228	Aerdalenianquartzel4228	support	V3	B04	glass forge worker	Null-Heart	neith edge	Pip source orbit	90	77	averaged_background_story_orbit_aesthetic_origin_distance	pending_art_reference
WC04229	Ashaelionmarrowael4229	background	V3	B05	ripper survivor	Iron-Song	willow-stone county	Rolzen source orbit	90	77	averaged_background_story_orbit_aesthetic_origin_distance	pending_art_reference
WC04230	Aeranorianglassel4230	story	V3	B06	map seller	Wren-Ash	last open gate	Xethrolund source orbit	90	77	averaged_background_story_orbit_aesthetic_origin_distance	pending_art_reference
WC04231	Aerfiraquartzion4231	recurring-background	V3	B07	cellar cook	Thorn-Vayne	diamond breakland	Rylos source orbit	90	77	averaged_background_story_orbit_aesthetic_origin_distance	pending_art_reference
WC04232	Aermaelorianaelen4232	deep-background	V3	B08	triage helper	Marso-len	black-heart ridge	Kyreal source orbit	90	77	averaged_background_story_orbit_aesthetic_origin_distance	pending_art_reference
WC04233	Aerfiraamarmirearia4233	support	V3	B09	faction runner	Rolzen-line	ash river	Thessa source orbit	90	77	averaged_background_story_orbit_aesthetic_origin_distance	pending_art_reference
WC04234	Aeranororchardelle4234	background	V3	B10	wolf-road scout	Kyreal-pack	morrow market	Kael source orbit	90	77	averaged_background_story_orbit_aesthetic_origin_distance	pending_art_reference
WC04235	Ashajoraanoriandion4235	story	V3	B11	glyph apprentice	Xethrolund-glyph	root vale	Pael source orbit	90	77	averaged_background_story_orbit_aesthetic_origin_distance	pending_art_reference
WC04236	Brenaelgalenen4236	recurring-background	V3	B12	corridor child	Pip-no-path	ripper tunnel	Soth source orbit	90	77	averaged_background_story_orbit_aesthetic_origin_distance	pending_art_reference
WC04237	Aerfiraamarivyaria4237	deep-background	V3	B13	field healer	Mack-ground	cello field	Vellin source orbit	90	77	averaged_background_story_orbit_aesthetic_origin_distance	pending_art_reference
WC04238	Aerdalenavel4238	support	V3	B14	cavern farmer	Dervish-glass	blue-light road	Corrath source orbit	90	77	averaged_background_story_orbit_aesthetic_origin_distance	pending_art_reference
WC04239	Aeranorgrovedria4239	background	V3	B15	garden watcher	Vayne	xeth glyph yard	Dervish source orbit	90	77	averaged_background_story_orbit_aesthetic_origin_distance	pending_art_reference
WC04240	Caelamaremberdion4240	story	V3	B16	stone archivist	Null-Heart	stone fen	Pip source orbit	90	77	averaged_background_story_orbit_aesthetic_origin_distance	pending_art_reference
WC04241	Aerfiraluthivydion4241	recurring-background	V3	B17	orchard guard	Iron-Song	pocket sanctuary	Rolzen source orbit	90	77	averaged_background_story_orbit_aesthetic_origin_distance	pending_art_reference
WC04242	Aerindrabrookiven4242	deep-background	V3	B18	sonomancy listener	Wren-Ash	glass orchard	Xethrolund source orbit	90	77	averaged_background_story_orbit_aesthetic_origin_distance	pending_art_reference
WC04243	Aerdalenbrooken4243	support	V3	B19	tunnel witness	Thorn-Vayne	neith edge	Rylos source orbit	90	77	averaged_background_story_orbit_aesthetic_origin_distance	pending_art_reference
WC04244	Falonendargalenel4244	background	V3	B20	threshold mason	Marso-len	willow-stone county	Kyreal source orbit	90	77	averaged_background_story_orbit_aesthetic_origin_distance	pending_art_reference
WC04245	Aeranorevarafenion4245	story	V3	B21	bookbinder	Rolzen-line	last open gate	Thessa source orbit	90	77	averaged_background_story_orbit_aesthetic_origin_distance	pending_art_reference
WC04246	Aerdalenarel4246	recurring-background	V3	B22	bridge keeper	Kyreal-pack	diamond breakland	Kael source orbit	90	77	averaged_background_story_orbit_aesthetic_origin_distance	pending_art_reference
WC04247	Aerfiraevaraashdria4247	deep-background	V3	B23	market singer	Xethrolund-glyph	black-heart ridge	Pael source orbit	90	77	averaged_background_story_orbit_aesthetic_origin_distance	pending_art_reference
WC04248	Ashajorariverdria4248	support	V3	B24	glass forge worker	Pip-no-path	ash river	Soth source orbit	90	77	averaged_background_story_orbit_aesthetic_origin_distance	pending_art_reference
WC04249	Aerdalenamarasharia4249	background	V3	B25	ripper survivor	Mack-ground	morrow market	Vellin source orbit	90	77	averaged_background_story_orbit_aesthetic_origin_distance	pending_art_reference
WC04250	Aerdalenianashiven4250	story	V3	B26	map seller	Dervish-glass	root vale	Corrath source orbit	90	77	averaged_background_story_orbit_aesthetic_origin_distance	pending_art_reference
WC04251	Aeranorianlarken4251	recurring-background	V3	B27	cellar cook	Vayne	ripper tunnel	Dervish source orbit	90	77	averaged_background_story_orbit_aesthetic_origin_distance	pending_art_reference
WC04252	Aeranorlarkdion4252	deep-background	V3	B28	triage helper	Null-Heart	cello field	Pip source orbit	90	77	averaged_background_story_orbit_aesthetic_origin_distance	pending_art_reference
WC04253	Brenbrinbellaria4253	support	V3	B29	faction runner	Iron-Song	blue-light road	Rolzen source orbit	90	77	averaged_background_story_orbit_aesthetic_origin_distance	pending_art_reference
WC04254	Ashajorafirael4254	background	V3	B30	wolf-road scout	Wren-Ash	xeth glyph yard	Xethrolund source orbit	90	77	averaged_background_story_orbit_aesthetic_origin_distance	pending_art_reference
WC04255	Aeranorlutharia4255	story	V3	B31	glyph apprentice	Thorn-Vayne	stone fen	Rylos source orbit	90	77	averaged_background_story_orbit_aesthetic_origin_distance	pending_art_reference
WC04256	Aerindraamarivyiel4256	recurring-background	V3	B32	corridor child	Marso-len	pocket sanctuary	Kyreal source orbit	90	77	averaged_background_story_orbit_aesthetic_origin_distance	pending_art_reference
WC04257	Aerindracinderiven4257	deep-background	V3	B33	field healer	Rolzen-line	glass orchard	Thessa source orbit	90	77	averaged_background_story_orbit_aesthetic_origin_distance	pending_art_reference
WC04258	Ashaelionfiraianael4258	support	V3	B01	cavern farmer	Kyreal-pack	neith edge	Kael source orbit	90	77	averaged_background_story_orbit_aesthetic_origin_distance	pending_art_reference
WC04259	Ashajoramarrowiven4259	background	V3	B02	garden watcher	Xethrolund-glyph	willow-stone county	Pael source orbit	90	77	averaged_background_story_orbit_aesthetic_origin_distance	pending_art_reference
WC04260	Aerdalenquartzdion4260	story	V3	B03	stone archivist	Pip-no-path	last open gate	Soth source orbit	90	77	averaged_background_story_orbit_aesthetic_origin_distance	pending_art_reference
WC04261	Ashagalenmarrowel4261	recurring-background	V3	B04	orchard guard	Mack-ground	diamond breakland	Vellin source orbit	90	77	averaged_background_story_orbit_aesthetic_origin_distance	pending_art_reference
WC04262	Brenaelcrownen4262	deep-background	V3	B05	sonomancy listener	Dervish-glass	black-heart ridge	Corrath source orbit	90	77	averaged_background_story_orbit_aesthetic_origin_distance	pending_art_reference
WC04263	Aerfiraluthlarkdria4263	support	V3	B06	tunnel witness	Vayne	ash river	Dervish source orbit	90	77	averaged_background_story_orbit_aesthetic_origin_distance	pending_art_reference
WC04264	Aeranorcrownaria4264	background	V3	B07	threshold mason	Null-Heart	morrow market	Pip source orbit	90	77	averaged_background_story_orbit_aesthetic_origin_distance	pending_art_reference
WC04265	Aerindraamarashiven4265	story	V3	B08	bookbinder	Iron-Song	root vale	Rolzen source orbit	90	77	averaged_background_story_orbit_aesthetic_origin_distance	pending_art_reference
WC04266	Brenhaloriven4266	recurring-background	V3	B09	bridge keeper	Wren-Ash	ripper tunnel	Xethrolund source orbit	90	77	averaged_background_story_orbit_aesthetic_origin_distance	pending_art_reference
WC04267	Brenaeljoramireavel4267	deep-background	V3	B10	market singer	Thorn-Vayne	cello field	Rylos source orbit	90	77	averaged_background_story_orbit_aesthetic_origin_distance	pending_art_reference
WC04268	Ashaavelquartzael4268	support	V3	B11	glass forge worker	Marso-len	blue-light road	Kyreal source orbit	90	77	averaged_background_story_orbit_aesthetic_origin_distance	pending_art_reference
WC04269	Aeranorivyion4269	background	V3	B12	ripper survivor	Rolzen-line	xeth glyph yard	Thessa source orbit	90	77	averaged_background_story_orbit_aesthetic_origin_distance	pending_art_reference
WC04270	Darofiraarel4270	story	V3	B13	map seller	Kyreal-pack	stone fen	Kael source orbit	90	77	averaged_background_story_orbit_aesthetic_origin_distance	pending_art_reference
WC04271	Aeranorriverel4271	recurring-background	V3	B14	cellar cook	Xethrolund-glyph	pocket sanctuary	Pael source orbit	90	77	averaged_background_story_orbit_aesthetic_origin_distance	pending_art_reference
WC04272	Aerdalenianlarkavel4272	deep-background	V3	B15	triage helper	Pip-no-path	glass orchard	Soth source orbit	90	77	averaged_background_story_orbit_aesthetic_origin_distance	pending_art_reference
WC04273	Aeranordria4273	support	V3	B16	faction runner	Mack-ground	neith edge	Vellin source orbit	90	77	averaged_background_story_orbit_aesthetic_origin_distance	pending_art_reference
WC04274	Aermaelorhollowel4274	background	V3	B17	wolf-road scout	Dervish-glass	willow-stone county	Corrath source orbit	90	77	averaged_background_story_orbit_aesthetic_origin_distance	pending_art_reference
WC04275	Aeranorelle4275	story	V3	B18	glyph apprentice	Vayne	last open gate	Dervish source orbit	90	77	averaged_background_story_orbit_aesthetic_origin_distance	pending_art_reference
WC04276	Ashagalencinderel4276	recurring-background	V3	B19	corridor child	Null-Heart	diamond breakland	Pip source orbit	90	77	averaged_background_story_orbit_aesthetic_origin_distance	pending_art_reference
WC04277	Aerindraianivyel4277	deep-background	V3	B20	field healer	Iron-Song	black-heart ridge	Rolzen source orbit	90	77	averaged_background_story_orbit_aesthetic_origin_distance	pending_art_reference
WC04278	Aerindraluthaen4278	support	V3	B21	cavern farmer	Wren-Ash	ash river	Xethrolund source orbit	90	77	averaged_background_story_orbit_aesthetic_origin_distance	pending_art_reference
WC04279	Aerfirabrookdion4279	background	V3	B22	garden watcher	Thorn-Vayne	morrow market	Rylos source orbit	90	77	averaged_background_story_orbit_aesthetic_origin_distance	pending_art_reference
WC04280	Aerdalenevaraivyel4280	story	V3	B23	stone archivist	Marso-len	root vale	Kyreal source orbit	90	77	averaged_background_story_orbit_aesthetic_origin_distance	pending_art_reference
WC04281	Aermaelorianmireion4281	recurring-background	V3	B24	orchard guard	Rolzen-line	ripper tunnel	Thessa source orbit	90	77	averaged_background_story_orbit_aesthetic_origin_distance	pending_art_reference
WC04282	Aerdalenianaelfenen4282	deep-background	V3	B25	sonomancy listener	Kyreal-pack	cello field	Kael source orbit	90	77	averaged_background_story_orbit_aesthetic_origin_distance	pending_art_reference
WC04283	Aerfiracoriaasharia4283	support	V3	B26	tunnel witness	Xethrolund-glyph	blue-light road	Pael source orbit	90	77	averaged_background_story_orbit_aesthetic_origin_distance	pending_art_reference
WC04284	Aerfiraamarcrownael4284	background	V3	B27	threshold mason	Pip-no-path	xeth glyph yard	Soth source orbit	90	77	averaged_background_story_orbit_aesthetic_origin_distance	pending_art_reference
WC04285	Aermaelorriverel4285	story	V3	B28	bookbinder	Mack-ground	stone fen	Vellin source orbit	90	77	averaged_background_story_orbit_aesthetic_origin_distance	pending_art_reference
WC04286	Aeranorianendaravel4286	recurring-background	V3	B29	bridge keeper	Dervish-glass	pocket sanctuary	Corrath source orbit	90	77	averaged_background_story_orbit_aesthetic_origin_distance	pending_art_reference
WC04287	Aerindraemberel4287	deep-background	V3	B30	market singer	Vayne	glass orchard	Dervish source orbit	90	77	averaged_background_story_orbit_aesthetic_origin_distance	pending_art_reference
WC04288	Aeranoramarbrookion4288	support	V3	B31	glass forge worker	Null-Heart	neith edge	Pip source orbit	90	77	averaged_background_story_orbit_aesthetic_origin_distance	pending_art_reference
WC04289	Ashagalenanoramaren4289	background	V3	B32	ripper survivor	Iron-Song	willow-stone county	Rolzen source orbit	90	77	averaged_background_story_orbit_aesthetic_origin_distance	pending_art_reference
WC04290	Aerindramarrowavel4290	story	V3	B33	map seller	Wren-Ash	last open gate	Xethrolund source orbit	90	77	averaged_background_story_orbit_aesthetic_origin_distance	pending_art_reference
WC04291	Aerdalenarel4291	recurring-background	V3	B01	cellar cook	Thorn-Vayne	diamond breakland	Rylos source orbit	90	77	averaged_background_story_orbit_aesthetic_origin_distance	pending_art_reference
WC04292	Aerfiraluthmossen4292	deep-background	V3	B02	triage helper	Marso-len	black-heart ridge	Kyreal source orbit	90	77	averaged_background_story_orbit_aesthetic_origin_distance	pending_art_reference
WC04293	Aeranorevaramireel4293	support	V3	B03	faction runner	Rolzen-line	ash river	Thessa source orbit	90	77	averaged_background_story_orbit_aesthetic_origin_distance	pending_art_reference
WC04294	Aerfirabelliel4294	background	V3	B04	wolf-road scout	Kyreal-pack	morrow market	Kael source orbit	90	77	averaged_background_story_orbit_aesthetic_origin_distance	pending_art_reference
WC04295	Aeranoramardion4295	story	V3	B05	glyph apprentice	Xethrolund-glyph	root vale	Pael source orbit	90	77	averaged_background_story_orbit_aesthetic_origin_distance	pending_art_reference
WC04296	Aerfiracoriacrownel4296	recurring-background	V3	B06	corridor child	Pip-no-path	ripper tunnel	Soth source orbit	90	77	averaged_background_story_orbit_aesthetic_origin_distance	pending_art_reference
WC04297	Ashaelionmarrowelle4297	deep-background	V3	B07	field healer	Mack-ground	cello field	Vellin source orbit	90	77	averaged_background_story_orbit_aesthetic_origin_distance	pending_art_reference
WC04298	Brenaeljoraanoraen4298	support	V3	B08	cavern farmer	Dervish-glass	blue-light road	Corrath source orbit	90	77	averaged_background_story_orbit_aesthetic_origin_distance	pending_art_reference
WC04299	Ashaavelcairnel4299	background	V3	B09	garden watcher	Vayne	xeth glyph yard	Dervish source orbit	90	77	averaged_background_story_orbit_aesthetic_origin_distance	pending_art_reference
WC04300	Caelcoriaarel4300	story	V3	B10	stone archivist	Null-Heart	stone fen	Pip source orbit	90	77	averaged_background_story_orbit_aesthetic_origin_distance	pending_art_reference
WC04301	Aerfiramirearel4301	recurring-background	V3	B11	orchard guard	Iron-Song	pocket sanctuary	Rolzen source orbit	90	77	averaged_background_story_orbit_aesthetic_origin_distance	pending_art_reference
WC04302	Aeranorianglasselle4302	deep-background	V3	B12	sonomancy listener	Wren-Ash	glass orchard	Xethrolund source orbit	90	77	averaged_background_story_orbit_aesthetic_origin_distance	pending_art_reference
WC04303	Aerindraemberarel4303	support	V3	B13	tunnel witness	Thorn-Vayne	neith edge	Rylos source orbit	90	77	averaged_background_story_orbit_aesthetic_origin_distance	pending_art_reference
WC04304	Aerindraianivydria4304	background	V3	B14	threshold mason	Marso-len	willow-stone county	Kyreal source orbit	90	77	averaged_background_story_orbit_aesthetic_origin_distance	pending_art_reference
WC04305	Brenaelgrovedria4305	story	V3	B15	bookbinder	Rolzen-line	last open gate	Thessa source orbit	90	77	averaged_background_story_orbit_aesthetic_origin_distance	pending_art_reference
WC04306	Ashajoraindradria4306	recurring-background	V3	B16	bridge keeper	Kyreal-pack	diamond breakland	Kael source orbit	90	77	averaged_background_story_orbit_aesthetic_origin_distance	pending_art_reference
WC04307	Aerindraavel4307	deep-background	V3	B17	market singer	Xethrolund-glyph	black-heart ridge	Pael source orbit	90	77	averaged_background_story_orbit_aesthetic_origin_distance	pending_art_reference
WC04308	Ashaelionanorianion4308	support	V3	B18	glass forge worker	Pip-no-path	ash river	Soth source orbit	90	77	averaged_background_story_orbit_aesthetic_origin_distance	pending_art_reference
WC04309	Aermaelorcoriaashel4309	background	V3	B19	ripper survivor	Mack-ground	morrow market	Vellin source orbit	90	77	averaged_background_story_orbit_aesthetic_origin_distance	pending_art_reference
WC04310	Aerdalenaen4310	story	V3	B20	map seller	Dervish-glass	root vale	Corrath source orbit	90	77	averaged_background_story_orbit_aesthetic_origin_distance	pending_art_reference
WC04311	Ashaelionael4311	recurring-background	V3	B21	cellar cook	Vayne	ripper tunnel	Dervish source orbit	90	77	averaged_background_story_orbit_aesthetic_origin_distance	pending_art_reference
WC04312	Aermaeloriangroveen4312	deep-background	V3	B22	triage helper	Null-Heart	cello field	Pip source orbit	90	77	averaged_background_story_orbit_aesthetic_origin_distance	pending_art_reference
WC04313	Ashajoramarrowaen4313	support	V3	B23	faction runner	Iron-Song	blue-light road	Rolzen source orbit	90	77	averaged_background_story_orbit_aesthetic_origin_distance	pending_art_reference
WC04314	Aermaelormarrowen4314	background	V3	B24	wolf-road scout	Wren-Ash	xeth glyph yard	Xethrolund source orbit	90	77	averaged_background_story_orbit_aesthetic_origin_distance	pending_art_reference
WC04315	Aerindraarel4315	story	V3	B25	glyph apprentice	Thorn-Vayne	stone fen	Rylos source orbit	90	77	averaged_background_story_orbit_aesthetic_origin_distance	pending_art_reference
WC04316	Ashaavelfiraion4316	recurring-background	V3	B26	corridor child	Marso-len	pocket sanctuary	Kyreal source orbit	90	77	averaged_background_story_orbit_aesthetic_origin_distance	pending_art_reference
WC04317	Aerfiraforgearel4317	deep-background	V3	B27	field healer	Rolzen-line	glass orchard	Thessa source orbit	90	77	averaged_background_story_orbit_aesthetic_origin_distance	pending_art_reference
WC04318	Ashagalendaleniven4318	support	V3	B28	cavern farmer	Kyreal-pack	neith edge	Kael source orbit	90	77	averaged_background_story_orbit_aesthetic_origin_distance	pending_art_reference
WC04319	Ashajoradalenamarel4319	background	V3	B29	garden watcher	Xethrolund-glyph	willow-stone county	Pael source orbit	90	77	averaged_background_story_orbit_aesthetic_origin_distance	pending_art_reference
WC04320	Ashaavelanoraen4320	story	V3	B30	stone archivist	Pip-no-path	last open gate	Soth source orbit	90	77	averaged_background_story_orbit_aesthetic_origin_distance	pending_art_reference
WC04321	Aeranorianmossdion4321	recurring-background	V3	B31	orchard guard	Mack-ground	diamond breakland	Vellin source orbit	90	77	averaged_background_story_orbit_aesthetic_origin_distance	pending_art_reference
WC04322	Aerindraamarashion4322	deep-background	V3	B32	sonomancy listener	Dervish-glass	black-heart ridge	Corrath source orbit	90	77	averaged_background_story_orbit_aesthetic_origin_distance	pending_art_reference
WC04323	Aeranorbrookiel4323	support	V3	B33	tunnel witness	Vayne	ash river	Dervish source orbit	90	77	averaged_background_story_orbit_aesthetic_origin_distance	pending_art_reference
WC04324	Aerfiraamaremberaen4324	background	V3	B01	threshold mason	Null-Heart	morrow market	Pip source orbit	90	77	averaged_background_story_orbit_aesthetic_origin_distance	pending_art_reference
WC04325	Aerindraamarivydria4325	story	V3	B02	bookbinder	Iron-Song	root vale	Rolzen source orbit	90	77	averaged_background_story_orbit_aesthetic_origin_distance	pending_art_reference
WC04326	Aermaelorianlarken4326	recurring-background	V3	B03	bridge keeper	Wren-Ash	ripper tunnel	Xethrolund source orbit	90	77	averaged_background_story_orbit_aesthetic_origin_distance	pending_art_reference
WC04327	Aeranorianglassdria4327	deep-background	V3	B04	market singer	Thorn-Vayne	cello field	Rylos source orbit	90	77	averaged_background_story_orbit_aesthetic_origin_distance	pending_art_reference
WC04328	Aerfiraianashiel4328	support	V3	B05	glass forge worker	Marso-len	blue-light road	Kyreal source orbit	90	77	averaged_background_story_orbit_aesthetic_origin_distance	pending_art_reference
WC04329	Ashaavellarkarel4329	background	V3	B06	ripper survivor	Rolzen-line	xeth glyph yard	Thessa source orbit	90	77	averaged_background_story_orbit_aesthetic_origin_distance	pending_art_reference
WC04330	Aermaelorcrownael4330	story	V3	B07	map seller	Kyreal-pack	stone fen	Kael source orbit	90	77	averaged_background_story_orbit_aesthetic_origin_distance	pending_art_reference
WC04331	Aerfiracoriaael4331	recurring-background	V3	B08	cellar cook	Xethrolund-glyph	pocket sanctuary	Pael source orbit	90	77	averaged_background_story_orbit_aesthetic_origin_distance	pending_art_reference
WC04332	Aermaelorluthael4332	deep-background	V3	B09	triage helper	Pip-no-path	glass orchard	Soth source orbit	90	77	averaged_background_story_orbit_aesthetic_origin_distance	pending_art_reference
WC04333	Aeranorluthion4333	support	V3	B10	faction runner	Mack-ground	neith edge	Vellin source orbit	90	77	averaged_background_story_orbit_aesthetic_origin_distance	pending_art_reference
WC04334	Caelluthhaloravel4334	background	V3	B11	wolf-road scout	Dervish-glass	willow-stone county	Corrath source orbit	90	77	averaged_background_story_orbit_aesthetic_origin_distance	pending_art_reference
WC04335	Aerdalenelle4335	story	V3	B12	glyph apprentice	Vayne	last open gate	Dervish source orbit	90	77	averaged_background_story_orbit_aesthetic_origin_distance	pending_art_reference
WC04336	Aerdalenbelliven4336	recurring-background	V3	B13	corridor child	Null-Heart	diamond breakland	Pip source orbit	90	77	averaged_background_story_orbit_aesthetic_origin_distance	pending_art_reference
WC04337	Aerfiracoriaashion4337	deep-background	V3	B14	field healer	Iron-Song	black-heart ridge	Rolzen source orbit	90	77	averaged_background_story_orbit_aesthetic_origin_distance	pending_art_reference
WC04338	Aerindracorialarkel4338	support	V3	B15	cavern farmer	Wren-Ash	ash river	Xethrolund source orbit	90	77	averaged_background_story_orbit_aesthetic_origin_distance	pending_art_reference
WC04339	Ashaelionfiraavel4339	background	V3	B16	garden watcher	Thorn-Vayne	morrow market	Rylos source orbit	90	77	averaged_background_story_orbit_aesthetic_origin_distance	pending_art_reference
WC04340	Aerfiraevaramossel4340	story	V3	B17	stone archivist	Marso-len	root vale	Kyreal source orbit	90	77	averaged_background_story_orbit_aesthetic_origin_distance	pending_art_reference
WC04341	Aerfiraamarfenion4341	recurring-background	V3	B18	orchard guard	Rolzen-line	ripper tunnel	Thessa source orbit	90	77	averaged_background_story_orbit_aesthetic_origin_distance	pending_art_reference
WC04342	Ashaavelashelle4342	deep-background	V3	B19	sonomancy listener	Kyreal-pack	cello field	Kael source orbit	90	77	averaged_background_story_orbit_aesthetic_origin_distance	pending_art_reference
WC04343	Aerindraianivyael4343	support	V3	B20	tunnel witness	Xethrolund-glyph	blue-light road	Pael source orbit	90	77	averaged_background_story_orbit_aesthetic_origin_distance	pending_art_reference
WC04344	Aerindraquartzavel4344	background	V3	B21	threshold mason	Pip-no-path	xeth glyph yard	Soth source orbit	90	77	averaged_background_story_orbit_aesthetic_origin_distance	pending_art_reference
WC04345	Brenbringlassiel4345	story	V3	B22	bookbinder	Mack-ground	stone fen	Vellin source orbit	90	77	averaged_background_story_orbit_aesthetic_origin_distance	pending_art_reference
WC04346	Ashajorafiraianael4346	recurring-background	V3	B23	bridge keeper	Dervish-glass	pocket sanctuary	Corrath source orbit	90	77	averaged_background_story_orbit_aesthetic_origin_distance	pending_art_reference
WC04347	Aerindraiven4347	deep-background	V3	B24	market singer	Vayne	glass orchard	Dervish source orbit	90	77	averaged_background_story_orbit_aesthetic_origin_distance	pending_art_reference
WC04348	Aeranorluthgroveel4348	support	V3	B25	glass forge worker	Null-Heart	neith edge	Pip source orbit	90	77	averaged_background_story_orbit_aesthetic_origin_distance	pending_art_reference
WC04349	Aerindrafeniven4349	background	V3	B26	ripper survivor	Iron-Song	willow-stone county	Rolzen source orbit	90	77	averaged_background_story_orbit_aesthetic_origin_distance	pending_art_reference
WC04350	Aeranoramarcrownael4350	story	V3	B27	map seller	Wren-Ash	last open gate	Xethrolund source orbit	90	77	averaged_background_story_orbit_aesthetic_origin_distance	pending_art_reference
WC04351	Aeranorluthion4351	recurring-background	V3	B28	cellar cook	Thorn-Vayne	diamond breakland	Rylos source orbit	90	77	averaged_background_story_orbit_aesthetic_origin_distance	pending_art_reference
WC04352	Aeranoraen4352	deep-background	V3	B29	triage helper	Marso-len	black-heart ridge	Kyreal source orbit	90	77	averaged_background_story_orbit_aesthetic_origin_distance	pending_art_reference
WC04353	Aerdalenevarafenel4353	support	V3	B30	faction runner	Rolzen-line	ash river	Thessa source orbit	90	77	averaged_background_story_orbit_aesthetic_origin_distance	pending_art_reference
WC04354	Aerindraamarelle4354	background	V3	B31	wolf-road scout	Kyreal-pack	morrow market	Kael source orbit	90	77	averaged_background_story_orbit_aesthetic_origin_distance	pending_art_reference
WC04355	Aerindraianbrinen4355	story	V3	B32	glyph apprentice	Xethrolund-glyph	root vale	Pael source orbit	90	77	averaged_background_story_orbit_aesthetic_origin_distance	pending_art_reference
WC04356	Aerindraiel4356	recurring-background	V3	B33	corridor child	Pip-no-path	ripper tunnel	Soth source orbit	90	77	averaged_background_story_orbit_aesthetic_origin_distance	pending_art_reference
WC04357	Aerfiraianhaloraria4357	deep-background	V3	B01	field healer	Mack-ground	cello field	Vellin source orbit	90	77	averaged_background_story_orbit_aesthetic_origin_distance	pending_art_reference
WC04358	Aerfiraianforgeen4358	support	V3	B02	cavern farmer	Dervish-glass	blue-light road	Corrath source orbit	90	77	averaged_background_story_orbit_aesthetic_origin_distance	pending_art_reference
WC04359	Aeranoriancrowniel4359	background	V3	B03	garden watcher	Vayne	xeth glyph yard	Dervish source orbit	90	77	averaged_background_story_orbit_aesthetic_origin_distance	pending_art_reference
WC04360	Aerindralarkiven4360	story	V3	B04	stone archivist	Null-Heart	stone fen	Pip source orbit	90	77	averaged_background_story_orbit_aesthetic_origin_distance	pending_art_reference
WC04361	Aermaelorhollowen4361	recurring-background	V3	B05	orchard guard	Iron-Song	pocket sanctuary	Rolzen source orbit	90	77	averaged_background_story_orbit_aesthetic_origin_distance	pending_art_reference
WC04362	Aerfiraianglassiel4362	deep-background	V3	B06	sonomancy listener	Wren-Ash	glass orchard	Xethrolund source orbit	90	77	averaged_background_story_orbit_aesthetic_origin_distance	pending_art_reference
WC04363	Aerindraianbrindion4363	support	V3	B07	tunnel witness	Thorn-Vayne	neith edge	Rylos source orbit	90	77	averaged_background_story_orbit_aesthetic_origin_distance	pending_art_reference
WC04364	Brenbrinelionel4364	background	V3	B08	threshold mason	Marso-len	willow-stone county	Kyreal source orbit	90	77	averaged_background_story_orbit_aesthetic_origin_distance	pending_art_reference
WC04365	Darofiraianbrinael4365	story	V3	B09	bookbinder	Rolzen-line	last open gate	Thessa source orbit	90	77	averaged_background_story_orbit_aesthetic_origin_distance	pending_art_reference
WC04366	Aerindraiangroveaen4366	recurring-background	V3	B10	bridge keeper	Kyreal-pack	diamond breakland	Kael source orbit	90	77	averaged_background_story_orbit_aesthetic_origin_distance	pending_art_reference
WC04367	Ashajorafirafeniel4367	deep-background	V3	B11	market singer	Xethrolund-glyph	black-heart ridge	Pael source orbit	90	77	averaged_background_story_orbit_aesthetic_origin_distance	pending_art_reference
WC04368	Aerfiracoriaael4368	support	V3	B12	glass forge worker	Pip-no-path	ash river	Soth source orbit	90	77	averaged_background_story_orbit_aesthetic_origin_distance	pending_art_reference
WC04369	Aeranorianmossaria4369	background	V3	B13	ripper survivor	Mack-ground	morrow market	Vellin source orbit	90	77	averaged_background_story_orbit_aesthetic_origin_distance	pending_art_reference
WC04370	Caelcoriamossen4370	story	V3	B14	map seller	Dervish-glass	root vale	Corrath source orbit	90	77	averaged_background_story_orbit_aesthetic_origin_distance	pending_art_reference
WC04371	Ashaelionhollowaen4371	recurring-background	V3	B15	cellar cook	Vayne	ripper tunnel	Dervish source orbit	90	77	averaged_background_story_orbit_aesthetic_origin_distance	pending_art_reference
WC04372	Aermaelorbelldion4372	deep-background	V3	B16	triage helper	Null-Heart	cello field	Pip source orbit	90	77	averaged_background_story_orbit_aesthetic_origin_distance	pending_art_reference
WC04373	Ashaavelael4373	support	V3	B17	faction runner	Iron-Song	blue-light road	Rolzen source orbit	90	77	averaged_background_story_orbit_aesthetic_origin_distance	pending_art_reference
WC04374	Aermaelormarrowiven4374	background	V3	B18	wolf-road scout	Wren-Ash	xeth glyph yard	Xethrolund source orbit	90	77	averaged_background_story_orbit_aesthetic_origin_distance	pending_art_reference
WC04375	Aermaelorcoriael4375	story	V3	B19	glyph apprentice	Thorn-Vayne	stone fen	Rylos source orbit	90	77	averaged_background_story_orbit_aesthetic_origin_distance	pending_art_reference
WC04376	Aerindraamarbriniel4376	recurring-background	V3	B20	corridor child	Marso-len	pocket sanctuary	Kyreal source orbit	90	77	averaged_background_story_orbit_aesthetic_origin_distance	pending_art_reference
WC04377	Aerfiraianfeniel4377	deep-background	V3	B21	field healer	Rolzen-line	glass orchard	Thessa source orbit	90	77	averaged_background_story_orbit_aesthetic_origin_distance	pending_art_reference
WC04378	Aermaelororchardel4378	support	V3	B22	cavern farmer	Kyreal-pack	neith edge	Kael source orbit	90	77	averaged_background_story_orbit_aesthetic_origin_distance	pending_art_reference
WC04379	Aermaelorcairnaria4379	background	V3	B23	garden watcher	Xethrolund-glyph	willow-stone county	Pael source orbit	90	77	averaged_background_story_orbit_aesthetic_origin_distance	pending_art_reference
WC04380	Aermaelorianiel4380	story	V3	B24	stone archivist	Pip-no-path	last open gate	Soth source orbit	90	77	averaged_background_story_orbit_aesthetic_origin_distance	pending_art_reference
WC04381	Aerdalenluthashiel4381	recurring-background	V3	B25	orchard guard	Mack-ground	diamond breakland	Vellin source orbit	90	77	averaged_background_story_orbit_aesthetic_origin_distance	pending_art_reference
WC04382	Aerdalendion4382	deep-background	V3	B26	sonomancy listener	Dervish-glass	black-heart ridge	Corrath source orbit	90	77	averaged_background_story_orbit_aesthetic_origin_distance	pending_art_reference
WC04383	Ashajorafiraianiel4383	support	V3	B27	tunnel witness	Vayne	ash river	Dervish source orbit	90	77	averaged_background_story_orbit_aesthetic_origin_distance	pending_art_reference
WC04384	Ashagalenforgeiven4384	background	V3	B28	threshold mason	Null-Heart	morrow market	Pip source orbit	90	77	averaged_background_story_orbit_aesthetic_origin_distance	pending_art_reference
WC04385	Brenkelangalenael4385	story	V3	B29	bookbinder	Iron-Song	root vale	Rolzen source orbit	90	77	averaged_background_story_orbit_aesthetic_origin_distance	pending_art_reference
WC04386	Brenhaloravelaria4386	recurring-background	V3	B30	bridge keeper	Wren-Ash	ripper tunnel	Xethrolund source orbit	90	77	averaged_background_story_orbit_aesthetic_origin_distance	pending_art_reference
WC04387	Aerfiraamarbrinen4387	deep-background	V3	B31	market singer	Thorn-Vayne	cello field	Rylos source orbit	90	77	averaged_background_story_orbit_aesthetic_origin_distance	pending_art_reference
WC04388	Caelianaeliel4388	support	V3	B32	glass forge worker	Marso-len	blue-light road	Kyreal source orbit	90	77	averaged_background_story_orbit_aesthetic_origin_distance	pending_art_reference
WC04389	Aeranorcinderion4389	background	V3	B33	ripper survivor	Rolzen-line	xeth glyph yard	Thessa source orbit	90	77	averaged_background_story_orbit_aesthetic_origin_distance	pending_art_reference
WC04390	Aeranoriven4390	story	V3	B01	map seller	Kyreal-pack	stone fen	Kael source orbit	90	77	averaged_background_story_orbit_aesthetic_origin_distance	pending_art_reference
WC04391	Ashagalengroveen4391	recurring-background	V3	B02	cellar cook	Xethrolund-glyph	pocket sanctuary	Pael source orbit	90	77	averaged_background_story_orbit_aesthetic_origin_distance	pending_art_reference
WC04392	Ashaavelriverdria4392	deep-background	V3	B03	triage helper	Pip-no-path	glass orchard	Soth source orbit	90	77	averaged_background_story_orbit_aesthetic_origin_distance	pending_art_reference
WC04393	Aerfiraarel4393	support	V3	B04	faction runner	Mack-ground	neith edge	Vellin source orbit	90	77	averaged_background_story_orbit_aesthetic_origin_distance	pending_art_reference
WC04394	Aerfiracairnael4394	background	V3	B05	wolf-road scout	Dervish-glass	willow-stone county	Corrath source orbit	90	77	averaged_background_story_orbit_aesthetic_origin_distance	pending_art_reference
WC04395	Brenhalorelionarel4395	story	V3	B06	glyph apprentice	Vayne	last open gate	Dervish source orbit	90	77	averaged_background_story_orbit_aesthetic_origin_distance	pending_art_reference
WC04396	Aeranororchardiven4396	recurring-background	V3	B07	corridor child	Null-Heart	diamond breakland	Pip source orbit	90	77	averaged_background_story_orbit_aesthetic_origin_distance	pending_art_reference
WC04397	Aeranorianforgearia4397	deep-background	V3	B08	field healer	Iron-Song	black-heart ridge	Rolzen source orbit	90	77	averaged_background_story_orbit_aesthetic_origin_distance	pending_art_reference
WC04398	Ashaelionfeniel4398	support	V3	B09	cavern farmer	Wren-Ash	ash river	Xethrolund source orbit	90	77	averaged_background_story_orbit_aesthetic_origin_distance	pending_art_reference
WC04399	Caeliandion4399	background	V3	B10	garden watcher	Thorn-Vayne	morrow market	Rylos source orbit	90	77	averaged_background_story_orbit_aesthetic_origin_distance	pending_art_reference
WC04400	Aerdalencoriaavel4400	story	V3	B11	stone archivist	Marso-len	root vale	Kyreal source orbit	90	77	averaged_background_story_orbit_aesthetic_origin_distance	pending_art_reference
WC04401	Aeranoramarhollowel4401	recurring-background	V3	B12	orchard guard	Rolzen-line	ripper tunnel	Thessa source orbit	90	77	averaged_background_story_orbit_aesthetic_origin_distance	pending_art_reference
WC04402	Brenhalorgalendria4402	deep-background	V3	B13	sonomancy listener	Kyreal-pack	cello field	Kael source orbit	90	77	averaged_background_story_orbit_aesthetic_origin_distance	pending_art_reference
WC04403	Aeranoramarashion4403	support	V3	B14	tunnel witness	Xethrolund-glyph	blue-light road	Pael source orbit	90	77	averaged_background_story_orbit_aesthetic_origin_distance	pending_art_reference
WC04404	Ashaaveliven4404	background	V3	B15	threshold mason	Pip-no-path	xeth glyph yard	Soth source orbit	90	77	averaged_background_story_orbit_aesthetic_origin_distance	pending_art_reference
WC04405	Ashanaraanorluthel4405	story	V3	B16	bookbinder	Mack-ground	stone fen	Vellin source orbit	90	77	averaged_background_story_orbit_aesthetic_origin_distance	pending_art_reference
WC04406	Aerfiraevaraivyavel4406	recurring-background	V3	B17	bridge keeper	Dervish-glass	pocket sanctuary	Corrath source orbit	90	77	averaged_background_story_orbit_aesthetic_origin_distance	pending_art_reference
WC04407	Aeranoriancrownaen4407	deep-background	V3	B18	market singer	Vayne	glass orchard	Dervish source orbit	90	77	averaged_background_story_orbit_aesthetic_origin_distance	pending_art_reference
WC04408	Aeranorglassaen4408	support	V3	B19	glass forge worker	Null-Heart	neith edge	Pip source orbit	90	77	averaged_background_story_orbit_aesthetic_origin_distance	pending_art_reference
WC04409	Aerfiraiancinderiel4409	background	V3	B20	ripper survivor	Iron-Song	willow-stone county	Rolzen source orbit	90	77	averaged_background_story_orbit_aesthetic_origin_distance	pending_art_reference
WC04410	Aeranoriel4410	story	V3	B21	map seller	Wren-Ash	last open gate	Xethrolund source orbit	90	77	averaged_background_story_orbit_aesthetic_origin_distance	pending_art_reference
WC04411	Aerindrabrookael4411	recurring-background	V3	B22	cellar cook	Thorn-Vayne	diamond breakland	Rylos source orbit	90	77	averaged_background_story_orbit_aesthetic_origin_distance	pending_art_reference
WC04412	Ashaelionael4412	deep-background	V3	B23	triage helper	Marso-len	black-heart ridge	Kyreal source orbit	90	77	averaged_background_story_orbit_aesthetic_origin_distance	pending_art_reference
WC04413	Aeranorianhollowion4413	support	V3	B24	faction runner	Rolzen-line	ash river	Thessa source orbit	90	77	averaged_background_story_orbit_aesthetic_origin_distance	pending_art_reference
WC04414	Aerdalenlarkiel4414	background	V3	B25	wolf-road scout	Kyreal-pack	morrow market	Kael source orbit	90	77	averaged_background_story_orbit_aesthetic_origin_distance	pending_art_reference
WC04415	Aerfiraamaraeldria4415	story	V3	B26	glyph apprentice	Xethrolund-glyph	root vale	Pael source orbit	90	77	averaged_background_story_orbit_aesthetic_origin_distance	pending_art_reference
WC04416	Aerindraamarkelanel4416	recurring-background	V3	B27	corridor child	Pip-no-path	ripper tunnel	Soth source orbit	90	77	averaged_background_story_orbit_aesthetic_origin_distance	pending_art_reference
WC04417	Aerfiracairnavel4417	deep-background	V3	B28	field healer	Mack-ground	cello field	Vellin source orbit	90	77	averaged_background_story_orbit_aesthetic_origin_distance	pending_art_reference
WC04418	Aerfiraamarivydria4418	support	V3	B29	cavern farmer	Dervish-glass	blue-light road	Corrath source orbit	90	77	averaged_background_story_orbit_aesthetic_origin_distance	pending_art_reference
WC04419	Aerdalenquartzarel4419	background	V3	B30	garden watcher	Vayne	xeth glyph yard	Dervish source orbit	90	77	averaged_background_story_orbit_aesthetic_origin_distance	pending_art_reference
WC04420	Ashagalenashion4420	story	V3	B31	stone archivist	Null-Heart	stone fen	Pip source orbit	90	77	averaged_background_story_orbit_aesthetic_origin_distance	pending_art_reference
WC04421	Aerfiraianashelle4421	recurring-background	V3	B32	orchard guard	Iron-Song	pocket sanctuary	Rolzen source orbit	90	77	averaged_background_story_orbit_aesthetic_origin_distance	pending_art_reference
WC04422	Aeranoramarlarkdion4422	deep-background	V3	B33	sonomancy listener	Wren-Ash	glass orchard	Xethrolund source orbit	90	77	averaged_background_story_orbit_aesthetic_origin_distance	pending_art_reference
WC04423	Aerfiraamarlarkelle4423	support	V3	B01	tunnel witness	Thorn-Vayne	neith edge	Rylos source orbit	90	77	averaged_background_story_orbit_aesthetic_origin_distance	pending_art_reference
WC04424	Caelamarbriniven4424	background	V3	B02	threshold mason	Marso-len	willow-stone county	Kyreal source orbit	90	77	averaged_background_story_orbit_aesthetic_origin_distance	pending_art_reference
WC04425	Aeranorevarafenel4425	story	V3	B03	bookbinder	Rolzen-line	last open gate	Thessa source orbit	90	77	averaged_background_story_orbit_aesthetic_origin_distance	pending_art_reference
WC04426	Ashaelionivydria4426	recurring-background	V3	B04	bridge keeper	Kyreal-pack	diamond breakland	Kael source orbit	90	77	averaged_background_story_orbit_aesthetic_origin_distance	pending_art_reference
WC04427	Aerfiraevaramossen4427	deep-background	V3	B05	market singer	Xethrolund-glyph	black-heart ridge	Pael source orbit	90	77	averaged_background_story_orbit_aesthetic_origin_distance	pending_art_reference
WC04428	Aermaelorcoriaion4428	support	V3	B06	glass forge worker	Pip-no-path	ash river	Soth source orbit	90	77	averaged_background_story_orbit_aesthetic_origin_distance	pending_art_reference
WC04429	Aerindraevaramossel4429	background	V3	B07	ripper survivor	Mack-ground	morrow market	Vellin source orbit	90	77	averaged_background_story_orbit_aesthetic_origin_distance	pending_art_reference
WC04430	Ashaavelion4430	story	V3	B08	map seller	Dervish-glass	root vale	Corrath source orbit	90	77	averaged_background_story_orbit_aesthetic_origin_distance	pending_art_reference
WC04431	Aermaelorluthiel4431	recurring-background	V3	B09	cellar cook	Vayne	ripper tunnel	Dervish source orbit	90	77	averaged_background_story_orbit_aesthetic_origin_distance	pending_art_reference
WC04432	Aeranorcrownelle4432	deep-background	V3	B10	triage helper	Null-Heart	cello field	Pip source orbit	90	77	averaged_background_story_orbit_aesthetic_origin_distance	pending_art_reference
WC04433	Ashaavelel4433	support	V3	B11	faction runner	Iron-Song	blue-light road	Rolzen source orbit	90	77	averaged_background_story_orbit_aesthetic_origin_distance	pending_art_reference
WC04434	Aerdalenluthbelliel4434	background	V3	B12	wolf-road scout	Wren-Ash	xeth glyph yard	Xethrolund source orbit	90	77	averaged_background_story_orbit_aesthetic_origin_distance	pending_art_reference
WC04435	Aerdalenamarel4435	story	V3	B13	glyph apprentice	Thorn-Vayne	stone fen	Rylos source orbit	90	77	averaged_background_story_orbit_aesthetic_origin_distance	pending_art_reference
WC04436	Aerfiraamarmossdion4436	recurring-background	V3	B14	corridor child	Marso-len	pocket sanctuary	Kyreal source orbit	90	77	averaged_background_story_orbit_aesthetic_origin_distance	pending_art_reference
WC04437	Brenaelavelavel4437	deep-background	V3	B15	field healer	Rolzen-line	glass orchard	Thessa source orbit	90	77	averaged_background_story_orbit_aesthetic_origin_distance	pending_art_reference
WC04438	Ashaavelanorbellel4438	support	V3	B16	cavern farmer	Kyreal-pack	neith edge	Kael source orbit	90	77	averaged_background_story_orbit_aesthetic_origin_distance	pending_art_reference
WC04439	Aerindrahollowel4439	background	V3	B17	garden watcher	Xethrolund-glyph	willow-stone county	Pael source orbit	90	77	averaged_background_story_orbit_aesthetic_origin_distance	pending_art_reference
WC04440	Ashanaracairnavel4440	story	V3	B18	stone archivist	Pip-no-path	last open gate	Soth source orbit	90	77	averaged_background_story_orbit_aesthetic_origin_distance	pending_art_reference
WC04441	Caelamararel4441	recurring-background	V3	B19	orchard guard	Mack-ground	diamond breakland	Vellin source orbit	90	77	averaged_background_story_orbit_aesthetic_origin_distance	pending_art_reference
WC04442	Aeranorianendarael4442	deep-background	V3	B20	sonomancy listener	Dervish-glass	black-heart ridge	Corrath source orbit	90	77	averaged_background_story_orbit_aesthetic_origin_distance	pending_art_reference
WC04443	Brenbringalenion4443	support	V3	B21	tunnel witness	Vayne	ash river	Dervish source orbit	90	77	averaged_background_story_orbit_aesthetic_origin_distance	pending_art_reference
WC04444	Aeranorluthael4444	background	V3	B22	threshold mason	Null-Heart	morrow market	Pip source orbit	90	77	averaged_background_story_orbit_aesthetic_origin_distance	pending_art_reference
WC04445	Aerindraluthasharel4445	story	V3	B23	bookbinder	Iron-Song	root vale	Rolzen source orbit	90	77	averaged_background_story_orbit_aesthetic_origin_distance	pending_art_reference
WC04446	Aeranoravel4446	recurring-background	V3	B24	bridge keeper	Wren-Ash	ripper tunnel	Xethrolund source orbit	90	77	averaged_background_story_orbit_aesthetic_origin_distance	pending_art_reference
WC04447	Aeranorevaraelle4447	deep-background	V3	B25	market singer	Thorn-Vayne	cello field	Rylos source orbit	90	77	averaged_background_story_orbit_aesthetic_origin_distance	pending_art_reference
WC04448	Aerdalenfenen4448	support	V3	B26	glass forge worker	Marso-len	blue-light road	Kyreal source orbit	90	77	averaged_background_story_orbit_aesthetic_origin_distance	pending_art_reference
WC04449	Aeranoramarcairnaen4449	background	V3	B27	ripper survivor	Rolzen-line	xeth glyph yard	Thessa source orbit	90	77	averaged_background_story_orbit_aesthetic_origin_distance	pending_art_reference
WC04450	Aeranorevarael4450	story	V3	B28	map seller	Kyreal-pack	stone fen	Kael source orbit	90	77	averaged_background_story_orbit_aesthetic_origin_distance	pending_art_reference
WC04451	Aerindraamarael4451	recurring-background	V3	B29	cellar cook	Xethrolund-glyph	pocket sanctuary	Pael source orbit	90	77	averaged_background_story_orbit_aesthetic_origin_distance	pending_art_reference
WC04452	Aeranordria4452	deep-background	V3	B30	triage helper	Pip-no-path	glass orchard	Soth source orbit	90	77	averaged_background_story_orbit_aesthetic_origin_distance	pending_art_reference
WC04453	Aermaelordria4453	support	V3	B31	faction runner	Mack-ground	neith edge	Vellin source orbit	90	77	averaged_background_story_orbit_aesthetic_origin_distance	pending_art_reference
WC04454	Aeranordria4454	background	V3	B32	wolf-road scout	Dervish-glass	willow-stone county	Corrath source orbit	90	77	averaged_background_story_orbit_aesthetic_origin_distance	pending_art_reference
WC04455	Aerdaleniel4455	story	V3	B33	glyph apprentice	Vayne	last open gate	Dervish source orbit	90	77	averaged_background_story_orbit_aesthetic_origin_distance	pending_art_reference
WC04456	Ashagalenforgeion4456	recurring-background	V3	B01	corridor child	Null-Heart	diamond breakland	Pip source orbit	90	77	averaged_background_story_orbit_aesthetic_origin_distance	pending_art_reference
WC04457	Aerfiraamarashion4457	deep-background	V3	B02	field healer	Iron-Song	black-heart ridge	Rolzen source orbit	90	77	averaged_background_story_orbit_aesthetic_origin_distance	pending_art_reference
WC04458	Aeranoramarendarel4458	support	V3	B03	cavern farmer	Wren-Ash	ash river	Xethrolund source orbit	90	77	averaged_background_story_orbit_aesthetic_origin_distance	pending_art_reference
WC04459	Aeranoramaraelen4459	background	V3	B04	garden watcher	Thorn-Vayne	morrow market	Rylos source orbit	90	77	averaged_background_story_orbit_aesthetic_origin_distance	pending_art_reference
WC04460	Ashagalenmarrowiel4460	story	V3	B05	stone archivist	Marso-len	root vale	Kyreal source orbit	90	77	averaged_background_story_orbit_aesthetic_origin_distance	pending_art_reference
WC04461	Aerfiraivyaen4461	recurring-background	V3	B06	orchard guard	Rolzen-line	ripper tunnel	Thessa source orbit	90	77	averaged_background_story_orbit_aesthetic_origin_distance	pending_art_reference
WC04462	Aerfiraianemberael4462	deep-background	V3	B07	sonomancy listener	Kyreal-pack	cello field	Kael source orbit	90	77	averaged_background_story_orbit_aesthetic_origin_distance	pending_art_reference
WC04463	Aeranoramarforgeion4463	support	V3	B08	tunnel witness	Xethrolund-glyph	blue-light road	Pael source orbit	90	77	averaged_background_story_orbit_aesthetic_origin_distance	pending_art_reference
WC04464	Aerindraamarlarkael4464	background	V3	B09	threshold mason	Pip-no-path	xeth glyph yard	Soth source orbit	90	77	averaged_background_story_orbit_aesthetic_origin_distance	pending_art_reference
WC04465	Aerdalenamarashaen4465	story	V3	B10	bookbinder	Mack-ground	stone fen	Vellin source orbit	90	77	averaged_background_story_orbit_aesthetic_origin_distance	pending_art_reference
WC04466	Aerfiraiancinderaen4466	recurring-background	V3	B11	bridge keeper	Dervish-glass	pocket sanctuary	Corrath source orbit	90	77	averaged_background_story_orbit_aesthetic_origin_distance	pending_art_reference
WC04467	Aeranorevaraaria4467	deep-background	V3	B12	market singer	Vayne	glass orchard	Dervish source orbit	90	77	averaged_background_story_orbit_aesthetic_origin_distance	pending_art_reference
WC04468	Ashaavelivydion4468	support	V3	B13	glass forge worker	Null-Heart	neith edge	Pip source orbit	90	77	averaged_background_story_orbit_aesthetic_origin_distance	pending_art_reference
WC04469	Aermaelormirearel4469	background	V3	B14	ripper survivor	Iron-Song	willow-stone county	Rolzen source orbit	90	77	averaged_background_story_orbit_aesthetic_origin_distance	pending_art_reference
WC04470	Aeranoramarglassael4470	story	V3	B15	map seller	Wren-Ash	last open gate	Xethrolund source orbit	90	77	averaged_background_story_orbit_aesthetic_origin_distance	pending_art_reference
WC04471	Aeranordria4471	recurring-background	V3	B16	cellar cook	Thorn-Vayne	diamond breakland	Rylos source orbit	90	77	averaged_background_story_orbit_aesthetic_origin_distance	pending_art_reference
WC04472	Brenhalorgalenel4472	deep-background	V3	B17	triage helper	Marso-len	black-heart ridge	Kyreal source orbit	90	77	averaged_background_story_orbit_aesthetic_origin_distance	pending_art_reference
WC04473	Aermaelorluthbrinel4473	support	V3	B18	faction runner	Rolzen-line	ash river	Thessa source orbit	90	77	averaged_background_story_orbit_aesthetic_origin_distance	pending_art_reference
WC04474	Aerdalenluthemberen4474	background	V3	B19	wolf-road scout	Kyreal-pack	morrow market	Kael source orbit	90	77	averaged_background_story_orbit_aesthetic_origin_distance	pending_art_reference
WC04475	Aermaelormireelle4475	story	V3	B20	glyph apprentice	Xethrolund-glyph	root vale	Pael source orbit	90	77	averaged_background_story_orbit_aesthetic_origin_distance	pending_art_reference
WC04476	Aerfiraevarabellel4476	recurring-background	V3	B21	corridor child	Pip-no-path	ripper tunnel	Soth source orbit	90	77	averaged_background_story_orbit_aesthetic_origin_distance	pending_art_reference
WC04477	Aeranorluthashel4477	deep-background	V3	B22	field healer	Mack-ground	cello field	Vellin source orbit	90	77	averaged_background_story_orbit_aesthetic_origin_distance	pending_art_reference
WC04478	Brenkelanelionaria4478	support	V3	B23	cavern farmer	Dervish-glass	blue-light road	Corrath source orbit	90	77	averaged_background_story_orbit_aesthetic_origin_distance	pending_art_reference
WC04479	Ashaelionriverion4479	background	V3	B24	garden watcher	Vayne	xeth glyph yard	Dervish source orbit	90	77	averaged_background_story_orbit_aesthetic_origin_distance	pending_art_reference
WC04480	Aeranorlarkdria4480	story	V3	B25	stone archivist	Null-Heart	stone fen	Pip source orbit	90	77	averaged_background_story_orbit_aesthetic_origin_distance	pending_art_reference
WC04481	Ashagalenquartzel4481	recurring-background	V3	B26	orchard guard	Iron-Song	pocket sanctuary	Rolzen source orbit	90	77	averaged_background_story_orbit_aesthetic_origin_distance	pending_art_reference
WC04482	Ashajoraindraaria4482	deep-background	V3	B27	sonomancy listener	Wren-Ash	glass orchard	Xethrolund source orbit	90	77	averaged_background_story_orbit_aesthetic_origin_distance	pending_art_reference
WC04483	Aerfiraemberiven4483	support	V3	B28	tunnel witness	Thorn-Vayne	neith edge	Rylos source orbit	90	77	averaged_background_story_orbit_aesthetic_origin_distance	pending_art_reference
WC04484	Aermaelorfeniel4484	background	V3	B29	threshold mason	Marso-len	willow-stone county	Kyreal source orbit	90	77	averaged_background_story_orbit_aesthetic_origin_distance	pending_art_reference
WC04485	Aeranorluthfenael4485	story	V3	B30	bookbinder	Rolzen-line	last open gate	Thessa source orbit	90	77	averaged_background_story_orbit_aesthetic_origin_distance	pending_art_reference
WC04486	Brenkelanavel4486	recurring-background	V3	B31	bridge keeper	Kyreal-pack	diamond breakland	Kael source orbit	90	77	averaged_background_story_orbit_aesthetic_origin_distance	pending_art_reference
WC04487	Aeranoraen4487	deep-background	V3	B32	market singer	Xethrolund-glyph	black-heart ridge	Pael source orbit	90	77	averaged_background_story_orbit_aesthetic_origin_distance	pending_art_reference
WC04488	Aerdalenen4488	support	V3	B33	glass forge worker	Pip-no-path	ash river	Soth source orbit	90	77	averaged_background_story_orbit_aesthetic_origin_distance	pending_art_reference
WC04489	Aerindraluthasharia4489	background	V3	B01	ripper survivor	Mack-ground	morrow market	Vellin source orbit	90	77	averaged_background_story_orbit_aesthetic_origin_distance	pending_art_reference
WC04490	Aeranoriankelandria4490	story	V3	B02	map seller	Dervish-glass	root vale	Corrath source orbit	90	77	averaged_background_story_orbit_aesthetic_origin_distance	pending_art_reference
WC04491	Ashajorael4491	recurring-background	V3	B03	cellar cook	Vayne	ripper tunnel	Dervish source orbit	90	77	averaged_background_story_orbit_aesthetic_origin_distance	pending_art_reference
WC04492	Caelcoriaaelnarael4492	deep-background	V3	B04	triage helper	Null-Heart	cello field	Pip source orbit	90	77	averaged_background_story_orbit_aesthetic_origin_distance	pending_art_reference
WC04493	Aerdalenianasharel4493	support	V3	B05	faction runner	Iron-Song	blue-light road	Rolzen source orbit	90	77	averaged_background_story_orbit_aesthetic_origin_distance	pending_art_reference
WC04494	Caelamaraeldion4494	background	V3	B06	wolf-road scout	Wren-Ash	xeth glyph yard	Xethrolund source orbit	90	77	averaged_background_story_orbit_aesthetic_origin_distance	pending_art_reference
WC04495	Daroindraen4495	story	V3	B07	glyph apprentice	Thorn-Vayne	stone fen	Rylos source orbit	90	77	averaged_background_story_orbit_aesthetic_origin_distance	pending_art_reference
WC04496	Ashaelionquartzel4496	recurring-background	V3	B08	corridor child	Marso-len	pocket sanctuary	Kyreal source orbit	90	77	averaged_background_story_orbit_aesthetic_origin_distance	pending_art_reference
WC04497	Ashaavelindraivyen4497	deep-background	V3	B09	field healer	Rolzen-line	glass orchard	Thessa source orbit	90	77	averaged_background_story_orbit_aesthetic_origin_distance	pending_art_reference
WC04498	Brenaelelionivyen4498	support	V3	B10	cavern farmer	Kyreal-pack	neith edge	Kael source orbit	90	77	averaged_background_story_orbit_aesthetic_origin_distance	pending_art_reference
WC04499	Ashagalenemberarel4499	background	V3	B11	garden watcher	Xethrolund-glyph	willow-stone county	Pael source orbit	90	77	averaged_background_story_orbit_aesthetic_origin_distance	pending_art_reference
WC04500	Ashagalenfiraavel4500	story	V3	B12	stone archivist	Pip-no-path	last open gate	Soth source orbit	90	77	averaged_background_story_orbit_aesthetic_origin_distance	pending_art_reference
WC04501	Aerfiramireen4501	recurring-background	V3	B13	orchard guard	Mack-ground	diamond breakland	Vellin source orbit	90	77	averaged_background_story_orbit_aesthetic_origin_distance	pending_art_reference
WC04502	Aerfiracoriaivyion4502	deep-background	V3	B14	sonomancy listener	Dervish-glass	black-heart ridge	Corrath source orbit	90	77	averaged_background_story_orbit_aesthetic_origin_distance	pending_art_reference
WC04503	Aeranorevaralarken4503	support	V3	B15	tunnel witness	Vayne	ash river	Dervish source orbit	90	77	averaged_background_story_orbit_aesthetic_origin_distance	pending_art_reference
WC04504	Aerfiraluthemberaen4504	background	V3	B16	threshold mason	Null-Heart	morrow market	Pip source orbit	90	77	averaged_background_story_orbit_aesthetic_origin_distance	pending_art_reference
WC04505	Brenhalorgalenaria4505	story	V3	B17	bookbinder	Iron-Song	root vale	Rolzen source orbit	90	77	averaged_background_story_orbit_aesthetic_origin_distance	pending_art_reference
WC04506	Aeranorluthlarkiven4506	recurring-background	V3	B18	bridge keeper	Wren-Ash	ripper tunnel	Xethrolund source orbit	90	77	averaged_background_story_orbit_aesthetic_origin_distance	pending_art_reference
WC04507	Aerindraianlarkdria4507	deep-background	V3	B19	market singer	Thorn-Vayne	cello field	Rylos source orbit	90	77	averaged_background_story_orbit_aesthetic_origin_distance	pending_art_reference
WC04508	Aerfirariverarel4508	support	V3	B20	glass forge worker	Marso-len	blue-light road	Kyreal source orbit	90	77	averaged_background_story_orbit_aesthetic_origin_distance	pending_art_reference
WC04509	Aeranorianriveravel4509	background	V3	B21	ripper survivor	Rolzen-line	xeth glyph yard	Thessa source orbit	90	77	averaged_background_story_orbit_aesthetic_origin_distance	pending_art_reference
WC04510	Aerfiralarkion4510	story	V3	B22	map seller	Kyreal-pack	stone fen	Kael source orbit	90	77	averaged_background_story_orbit_aesthetic_origin_distance	pending_art_reference
WC04511	Ashaelionanorianel4511	recurring-background	V3	B23	cellar cook	Xethrolund-glyph	pocket sanctuary	Pael source orbit	90	77	averaged_background_story_orbit_aesthetic_origin_distance	pending_art_reference
WC04512	Aeranorarel4512	deep-background	V3	B24	triage helper	Pip-no-path	glass orchard	Soth source orbit	90	77	averaged_background_story_orbit_aesthetic_origin_distance	pending_art_reference
WC04513	Aerindrariverael4513	support	V3	B25	faction runner	Mack-ground	neith edge	Vellin source orbit	90	77	averaged_background_story_orbit_aesthetic_origin_distance	pending_art_reference
WC04514	Aerfiraevaraashaen4514	background	V3	B26	wolf-road scout	Dervish-glass	willow-stone county	Corrath source orbit	90	77	averaged_background_story_orbit_aesthetic_origin_distance	pending_art_reference
WC04515	Ashagalenfenelle4515	story	V3	B27	glyph apprentice	Vayne	last open gate	Dervish source orbit	90	77	averaged_background_story_orbit_aesthetic_origin_distance	pending_art_reference
WC04516	Ashaelionivyaria4516	recurring-background	V3	B28	corridor child	Null-Heart	diamond breakland	Pip source orbit	90	77	averaged_background_story_orbit_aesthetic_origin_distance	pending_art_reference
WC04517	Aeranorevaraasharia4517	deep-background	V3	B29	field healer	Iron-Song	black-heart ridge	Rolzen source orbit	90	77	averaged_background_story_orbit_aesthetic_origin_distance	pending_art_reference
WC04518	Aermaelorquartzaen4518	support	V3	B30	cavern farmer	Wren-Ash	ash river	Xethrolund source orbit	90	77	averaged_background_story_orbit_aesthetic_origin_distance	pending_art_reference
WC04519	Aeranoraen4519	background	V3	B31	garden watcher	Thorn-Vayne	morrow market	Rylos source orbit	90	77	averaged_background_story_orbit_aesthetic_origin_distance	pending_art_reference
WC04520	Ashagalengrovedion4520	story	V3	B32	stone archivist	Marso-len	root vale	Kyreal source orbit	90	77	averaged_background_story_orbit_aesthetic_origin_distance	pending_art_reference
WC04521	Aermaelorianriverel4521	recurring-background	V3	B33	orchard guard	Rolzen-line	ripper tunnel	Thessa source orbit	90	77	averaged_background_story_orbit_aesthetic_origin_distance	pending_art_reference
WC04522	Aerfiraianmarrowael4522	deep-background	V3	B01	sonomancy listener	Kyreal-pack	cello field	Kael source orbit	90	77	averaged_background_story_orbit_aesthetic_origin_distance	pending_art_reference
WC04523	Aerindraamarivyaria4523	support	V3	B02	tunnel witness	Xethrolund-glyph	blue-light road	Pael source orbit	90	77	averaged_background_story_orbit_aesthetic_origin_distance	pending_art_reference
WC04524	Aeranorevaraavel4524	background	V3	B03	threshold mason	Pip-no-path	xeth glyph yard	Soth source orbit	90	77	averaged_background_story_orbit_aesthetic_origin_distance	pending_art_reference
WC04525	Ashaavelfiraamarion4525	story	V3	B04	bookbinder	Mack-ground	stone fen	Vellin source orbit	90	77	averaged_background_story_orbit_aesthetic_origin_distance	pending_art_reference
WC04526	Ashagalenmarrowen4526	recurring-background	V3	B05	bridge keeper	Dervish-glass	pocket sanctuary	Corrath source orbit	90	77	averaged_background_story_orbit_aesthetic_origin_distance	pending_art_reference
WC04527	Ashajorahollowdria4527	deep-background	V3	B06	market singer	Vayne	glass orchard	Dervish source orbit	90	77	averaged_background_story_orbit_aesthetic_origin_distance	pending_art_reference
WC04528	Ashaelionivyelle4528	support	V3	B07	glass forge worker	Null-Heart	neith edge	Pip source orbit	90	77	averaged_background_story_orbit_aesthetic_origin_distance	pending_art_reference
WC04529	Aerindraion4529	background	V3	B08	ripper survivor	Iron-Song	willow-stone county	Rolzen source orbit	90	77	averaged_background_story_orbit_aesthetic_origin_distance	pending_art_reference
WC04530	Aerindraiel4530	story	V3	B09	map seller	Wren-Ash	last open gate	Xethrolund source orbit	90	77	averaged_background_story_orbit_aesthetic_origin_distance	pending_art_reference
WC04531	Aermaelorarel4531	recurring-background	V3	B10	cellar cook	Thorn-Vayne	diamond breakland	Rylos source orbit	90	77	averaged_background_story_orbit_aesthetic_origin_distance	pending_art_reference
WC04532	Aerdalenaen4532	deep-background	V3	B11	triage helper	Marso-len	black-heart ridge	Kyreal source orbit	90	77	averaged_background_story_orbit_aesthetic_origin_distance	pending_art_reference
WC04533	Aerdalencoriafenel4533	support	V3	B12	faction runner	Rolzen-line	ash river	Thessa source orbit	90	77	averaged_background_story_orbit_aesthetic_origin_distance	pending_art_reference
WC04534	Aerindrabellelle4534	background	V3	B13	wolf-road scout	Kyreal-pack	morrow market	Kael source orbit	90	77	averaged_background_story_orbit_aesthetic_origin_distance	pending_art_reference
WC04535	Aermaelorriverelle4535	story	V3	B14	glyph apprentice	Xethrolund-glyph	root vale	Pael source orbit	90	77	averaged_background_story_orbit_aesthetic_origin_distance	pending_art_reference
WC04536	Aermaeloremberaen4536	recurring-background	V3	B15	corridor child	Pip-no-path	ripper tunnel	Soth source orbit	90	77	averaged_background_story_orbit_aesthetic_origin_distance	pending_art_reference
WC04537	Aeranorluthmossael4537	deep-background	V3	B16	field healer	Mack-ground	cello field	Vellin source orbit	90	77	averaged_background_story_orbit_aesthetic_origin_distance	pending_art_reference
WC04538	Caelevaraiel4538	support	V3	B17	cavern farmer	Dervish-glass	blue-light road	Corrath source orbit	90	77	averaged_background_story_orbit_aesthetic_origin_distance	pending_art_reference
WC04539	Ashajoramaelorion4539	background	V3	B18	garden watcher	Vayne	xeth glyph yard	Dervish source orbit	90	77	averaged_background_story_orbit_aesthetic_origin_distance	pending_art_reference
WC04540	Brenaelnaraavel4540	story	V3	B19	stone archivist	Null-Heart	stone fen	Pip source orbit	90	77	averaged_background_story_orbit_aesthetic_origin_distance	pending_art_reference
WC04541	Aerdalenianhaloriel4541	recurring-background	V3	B20	orchard guard	Iron-Song	pocket sanctuary	Rolzen source orbit	90	77	averaged_background_story_orbit_aesthetic_origin_distance	pending_art_reference
WC04542	Ashagalencairnion4542	deep-background	V3	B21	sonomancy listener	Wren-Ash	glass orchard	Xethrolund source orbit	90	77	averaged_background_story_orbit_aesthetic_origin_distance	pending_art_reference
WC04543	Aeranorevaraiven4543	support	V3	B22	tunnel witness	Thorn-Vayne	neith edge	Rylos source orbit	90	77	averaged_background_story_orbit_aesthetic_origin_distance	pending_art_reference
WC04544	Aerdalenianbrinen4544	background	V3	B23	threshold mason	Marso-len	willow-stone county	Kyreal source orbit	90	77	averaged_background_story_orbit_aesthetic_origin_distance	pending_art_reference
WC04545	Brenbrinelioniven4545	story	V3	B24	bookbinder	Rolzen-line	last open gate	Thessa source orbit	90	77	averaged_background_story_orbit_aesthetic_origin_distance	pending_art_reference
WC04546	Aeranorianel4546	recurring-background	V3	B25	bridge keeper	Kyreal-pack	diamond breakland	Kael source orbit	90	77	averaged_background_story_orbit_aesthetic_origin_distance	pending_art_reference
WC04547	Aerfiraamarmossiven4547	deep-background	V3	B26	market singer	Xethrolund-glyph	black-heart ridge	Pael source orbit	90	77	averaged_background_story_orbit_aesthetic_origin_distance	pending_art_reference
WC04548	Ashagalenmireiven4548	support	V3	B27	glass forge worker	Pip-no-path	ash river	Soth source orbit	90	77	averaged_background_story_orbit_aesthetic_origin_distance	pending_art_reference
WC04549	Brenkelanlarkdria4549	background	V3	B28	ripper survivor	Mack-ground	morrow market	Vellin source orbit	90	77	averaged_background_story_orbit_aesthetic_origin_distance	pending_art_reference
WC04550	Aeranorianelle4550	story	V3	B29	map seller	Dervish-glass	root vale	Corrath source orbit	90	77	averaged_background_story_orbit_aesthetic_origin_distance	pending_art_reference
WC04551	Aerdalenamarbellen4551	recurring-background	V3	B30	cellar cook	Vayne	ripper tunnel	Dervish source orbit	90	77	averaged_background_story_orbit_aesthetic_origin_distance	pending_art_reference
WC04552	Brenaelavelivyaen4552	deep-background	V3	B31	triage helper	Null-Heart	cello field	Pip source orbit	90	77	averaged_background_story_orbit_aesthetic_origin_distance	pending_art_reference
WC04553	Aerfiraamarelle4553	support	V3	B32	faction runner	Iron-Song	blue-light road	Rolzen source orbit	90	77	averaged_background_story_orbit_aesthetic_origin_distance	pending_art_reference
WC04554	Ashanaraindrael4554	background	V3	B33	wolf-road scout	Wren-Ash	xeth glyph yard	Xethrolund source orbit	90	77	averaged_background_story_orbit_aesthetic_origin_distance	pending_art_reference
WC04555	Aermaelorgrovearia4555	story	V3	B01	glyph apprentice	Thorn-Vayne	stone fen	Rylos source orbit	90	77	averaged_background_story_orbit_aesthetic_origin_distance	pending_art_reference
WC04556	Aerindraianmossdion4556	recurring-background	V3	B02	corridor child	Marso-len	pocket sanctuary	Kyreal source orbit	90	77	averaged_background_story_orbit_aesthetic_origin_distance	pending_art_reference
WC04557	Caelcoriaen4557	deep-background	V3	B03	field healer	Rolzen-line	glass orchard	Thessa source orbit	90	77	averaged_background_story_orbit_aesthetic_origin_distance	pending_art_reference
WC04558	Aeranoramarel4558	support	V3	B04	cavern farmer	Kyreal-pack	neith edge	Kael source orbit	90	77	averaged_background_story_orbit_aesthetic_origin_distance	pending_art_reference
WC04559	Ashanaraindraarel4559	background	V3	B05	garden watcher	Xethrolund-glyph	willow-stone county	Pael source orbit	90	77	averaged_background_story_orbit_aesthetic_origin_distance	pending_art_reference
WC04560	Aeranorluthglassen4560	story	V3	B06	stone archivist	Pip-no-path	last open gate	Soth source orbit	90	77	averaged_background_story_orbit_aesthetic_origin_distance	pending_art_reference
WC04561	Aerfirafenen4561	recurring-background	V3	B07	orchard guard	Mack-ground	diamond breakland	Vellin source orbit	90	77	averaged_background_story_orbit_aesthetic_origin_distance	pending_art_reference
WC04562	Aerindraianforgeel4562	deep-background	V3	B08	sonomancy listener	Dervish-glass	black-heart ridge	Corrath source orbit	90	77	averaged_background_story_orbit_aesthetic_origin_distance	pending_art_reference
WC04563	Aerfiraevarabellen4563	support	V3	B09	tunnel witness	Vayne	ash river	Dervish source orbit	90	77	averaged_background_story_orbit_aesthetic_origin_distance	pending_art_reference
WC04564	Ashaelionashen4564	background	V3	B10	threshold mason	Null-Heart	morrow market	Pip source orbit	90	77	averaged_background_story_orbit_aesthetic_origin_distance	pending_art_reference
WC04565	Brenbringalenaria4565	story	V3	B11	bookbinder	Iron-Song	root vale	Rolzen source orbit	90	77	averaged_background_story_orbit_aesthetic_origin_distance	pending_art_reference
WC04566	Ashagalenel4566	recurring-background	V3	B12	bridge keeper	Wren-Ash	ripper tunnel	Xethrolund source orbit	90	77	averaged_background_story_orbit_aesthetic_origin_distance	pending_art_reference
WC04567	Caelcoriabelliven4567	deep-background	V3	B13	market singer	Thorn-Vayne	cello field	Rylos source orbit	90	77	averaged_background_story_orbit_aesthetic_origin_distance	pending_art_reference
WC04568	Aerdalenianmosselle4568	support	V3	B14	glass forge worker	Marso-len	blue-light road	Kyreal source orbit	90	77	averaged_background_story_orbit_aesthetic_origin_distance	pending_art_reference
WC04569	Aerdalencinderaria4569	background	V3	B15	ripper survivor	Rolzen-line	xeth glyph yard	Thessa source orbit	90	77	averaged_background_story_orbit_aesthetic_origin_distance	pending_art_reference
WC04570	Ashaavelelle4570	story	V3	B16	map seller	Kyreal-pack	stone fen	Kael source orbit	90	77	averaged_background_story_orbit_aesthetic_origin_distance	pending_art_reference
WC04571	Ashaavelmarrowiven4571	recurring-background	V3	B17	cellar cook	Xethrolund-glyph	pocket sanctuary	Pael source orbit	90	77	averaged_background_story_orbit_aesthetic_origin_distance	pending_art_reference
WC04572	Ashaelioniel4572	deep-background	V3	B18	triage helper	Pip-no-path	glass orchard	Soth source orbit	90	77	averaged_background_story_orbit_aesthetic_origin_distance	pending_art_reference
WC04573	Aeranorevaramossaen4573	support	V3	B19	faction runner	Mack-ground	neith edge	Vellin source orbit	90	77	averaged_background_story_orbit_aesthetic_origin_distance	pending_art_reference
WC04574	Ashanaraindradria4574	background	V3	B20	wolf-road scout	Dervish-glass	willow-stone county	Corrath source orbit	90	77	averaged_background_story_orbit_aesthetic_origin_distance	pending_art_reference
WC04575	Brenaelgaleniven4575	story	V3	B21	glyph apprentice	Vayne	last open gate	Dervish source orbit	90	77	averaged_background_story_orbit_aesthetic_origin_distance	pending_art_reference
WC04576	Aerfiraglassen4576	recurring-background	V3	B22	corridor child	Null-Heart	diamond breakland	Pip source orbit	90	77	averaged_background_story_orbit_aesthetic_origin_distance	pending_art_reference
WC04577	Ashajoraindradion4577	deep-background	V3	B23	field healer	Iron-Song	black-heart ridge	Rolzen source orbit	90	77	averaged_background_story_orbit_aesthetic_origin_distance	pending_art_reference
WC04578	Aeranorluthbellel4578	support	V3	B24	cavern farmer	Wren-Ash	ash river	Xethrolund source orbit	90	77	averaged_background_story_orbit_aesthetic_origin_distance	pending_art_reference
WC04579	Aerindraianbellarel4579	background	V3	B25	garden watcher	Thorn-Vayne	morrow market	Rylos source orbit	90	77	averaged_background_story_orbit_aesthetic_origin_distance	pending_art_reference
WC04580	Aerdalenianivyion4580	story	V3	B26	stone archivist	Marso-len	root vale	Kyreal source orbit	90	77	averaged_background_story_orbit_aesthetic_origin_distance	pending_art_reference
WC04581	Aerfiracoriafenion4581	recurring-background	V3	B27	orchard guard	Rolzen-line	ripper tunnel	Thessa source orbit	90	77	averaged_background_story_orbit_aesthetic_origin_distance	pending_art_reference
WC04582	Ashaelionashdion4582	deep-background	V3	B28	sonomancy listener	Kyreal-pack	cello field	Kael source orbit	90	77	averaged_background_story_orbit_aesthetic_origin_distance	pending_art_reference
WC04583	Aeranorevaramossion4583	support	V3	B29	tunnel witness	Xethrolund-glyph	blue-light road	Pael source orbit	90	77	averaged_background_story_orbit_aesthetic_origin_distance	pending_art_reference
WC04584	Brenbrinashiven4584	background	V3	B30	threshold mason	Pip-no-path	xeth glyph yard	Soth source orbit	90	77	averaged_background_story_orbit_aesthetic_origin_distance	pending_art_reference
WC04585	Aerdalenluthashaen4585	story	V3	B31	bookbinder	Mack-ground	stone fen	Vellin source orbit	90	77	averaged_background_story_orbit_aesthetic_origin_distance	pending_art_reference
WC04586	Aeranordria4586	recurring-background	V3	B32	bridge keeper	Dervish-glass	pocket sanctuary	Corrath source orbit	90	77	averaged_background_story_orbit_aesthetic_origin_distance	pending_art_reference
WC04587	Aerindraamarlarkaen4587	deep-background	V3	B33	market singer	Vayne	glass orchard	Dervish source orbit	90	77	averaged_background_story_orbit_aesthetic_origin_distance	pending_art_reference
WC04588	Aerdalenluthemberel4588	support	V3	B01	glass forge worker	Null-Heart	neith edge	Pip source orbit	90	77	averaged_background_story_orbit_aesthetic_origin_distance	pending_art_reference
WC04589	Aerdalenmirearel4589	background	V3	B02	ripper survivor	Iron-Song	willow-stone county	Rolzen source orbit	90	77	averaged_background_story_orbit_aesthetic_origin_distance	pending_art_reference
WC04590	Aermaelormarrowavel4590	story	V3	B03	map seller	Wren-Ash	last open gate	Xethrolund source orbit	90	77	averaged_background_story_orbit_aesthetic_origin_distance	pending_art_reference
WC04591	Aerindradria4591	recurring-background	V3	B04	cellar cook	Thorn-Vayne	diamond breakland	Rylos source orbit	90	77	averaged_background_story_orbit_aesthetic_origin_distance	pending_art_reference
WC04592	Ashagalenel4592	deep-background	V3	B05	triage helper	Marso-len	black-heart ridge	Kyreal source orbit	90	77	averaged_background_story_orbit_aesthetic_origin_distance	pending_art_reference
WC04593	Aerfiraiel4593	support	V3	B06	faction runner	Rolzen-line	ash river	Thessa source orbit	90	77	averaged_background_story_orbit_aesthetic_origin_distance	pending_art_reference
WC04594	Ashagalenashavel4594	background	V3	B07	wolf-road scout	Kyreal-pack	morrow market	Kael source orbit	90	77	averaged_background_story_orbit_aesthetic_origin_distance	pending_art_reference
WC04595	Aeranorevaraivyiven4595	story	V3	B08	glyph apprentice	Xethrolund-glyph	root vale	Pael source orbit	90	77	averaged_background_story_orbit_aesthetic_origin_distance	pending_art_reference
WC04596	Aerdaleniancrownel4596	recurring-background	V3	B09	corridor child	Pip-no-path	ripper tunnel	Soth source orbit	90	77	averaged_background_story_orbit_aesthetic_origin_distance	pending_art_reference
WC04597	Aerindraianashion4597	deep-background	V3	B10	field healer	Mack-ground	cello field	Vellin source orbit	90	77	averaged_background_story_orbit_aesthetic_origin_distance	pending_art_reference
WC04598	Aerindraianmossen4598	support	V3	B11	cavern farmer	Dervish-glass	blue-light road	Corrath source orbit	90	77	averaged_background_story_orbit_aesthetic_origin_distance	pending_art_reference
WC04599	Brenaelivyavel4599	background	V3	B12	garden watcher	Vayne	xeth glyph yard	Dervish source orbit	90	77	averaged_background_story_orbit_aesthetic_origin_distance	pending_art_reference
WC04600	Ashagalencinderion4600	story	V3	B13	stone archivist	Null-Heart	stone fen	Pip source orbit	90	77	averaged_background_story_orbit_aesthetic_origin_distance	pending_art_reference
WC04601	Ashanaragrovearia4601	recurring-background	V3	B14	orchard guard	Iron-Song	pocket sanctuary	Rolzen source orbit	90	77	averaged_background_story_orbit_aesthetic_origin_distance	pending_art_reference
WC04602	Aerindraquartzdria4602	deep-background	V3	B15	sonomancy listener	Wren-Ash	glass orchard	Xethrolund source orbit	90	77	averaged_background_story_orbit_aesthetic_origin_distance	pending_art_reference
WC04603	Aerfiraluthendariel4603	support	V3	B16	tunnel witness	Thorn-Vayne	neith edge	Rylos source orbit	90	77	averaged_background_story_orbit_aesthetic_origin_distance	pending_art_reference
WC04604	Caelcoriaaeldria4604	background	V3	B17	threshold mason	Marso-len	willow-stone county	Kyreal source orbit	90	77	averaged_background_story_orbit_aesthetic_origin_distance	pending_art_reference
WC04605	Aerdalenluthfenaria4605	story	V3	B18	bookbinder	Rolzen-line	last open gate	Thessa source orbit	90	77	averaged_background_story_orbit_aesthetic_origin_distance	pending_art_reference
WC04606	Aerindraamararia4606	recurring-background	V3	B19	bridge keeper	Kyreal-pack	diamond breakland	Kael source orbit	90	77	averaged_background_story_orbit_aesthetic_origin_distance	pending_art_reference
WC04607	Caelamarkelannarael4607	deep-background	V3	B20	market singer	Xethrolund-glyph	black-heart ridge	Pael source orbit	90	77	averaged_background_story_orbit_aesthetic_origin_distance	pending_art_reference
WC04608	Ashaelioncairnen4608	support	V3	B21	glass forge worker	Pip-no-path	ash river	Soth source orbit	90	77	averaged_background_story_orbit_aesthetic_origin_distance	pending_art_reference
WC04609	Aerindracoriaivyel4609	background	V3	B22	ripper survivor	Mack-ground	morrow market	Vellin source orbit	90	77	averaged_background_story_orbit_aesthetic_origin_distance	pending_art_reference
WC04610	Aerdalenluthivydria4610	story	V3	B23	map seller	Dervish-glass	root vale	Corrath source orbit	90	77	averaged_background_story_orbit_aesthetic_origin_distance	pending_art_reference
WC04611	Aerdalenavel4611	recurring-background	V3	B24	cellar cook	Vayne	ripper tunnel	Dervish source orbit	90	77	averaged_background_story_orbit_aesthetic_origin_distance	pending_art_reference
WC04612	Brenendarcairnel4612	deep-background	V3	B25	triage helper	Null-Heart	cello field	Pip source orbit	90	77	averaged_background_story_orbit_aesthetic_origin_distance	pending_art_reference
WC04613	Aerindraevaraivyen4613	support	V3	B26	faction runner	Iron-Song	blue-light road	Rolzen source orbit	90	77	averaged_background_story_orbit_aesthetic_origin_distance	pending_art_reference
WC04614	Aerindraamararel4614	background	V3	B27	wolf-road scout	Wren-Ash	xeth glyph yard	Xethrolund source orbit	90	77	averaged_background_story_orbit_aesthetic_origin_distance	pending_art_reference
WC04615	Ashajoracairnarel4615	story	V3	B28	glyph apprentice	Thorn-Vayne	stone fen	Rylos source orbit	90	77	averaged_background_story_orbit_aesthetic_origin_distance	pending_art_reference
WC04616	Ashagalendalenfenen4616	recurring-background	V3	B29	corridor child	Marso-len	pocket sanctuary	Kyreal source orbit	90	77	averaged_background_story_orbit_aesthetic_origin_distance	pending_art_reference
WC04617	Aerdalencinderdria4617	deep-background	V3	B30	field healer	Rolzen-line	glass orchard	Thessa source orbit	90	77	averaged_background_story_orbit_aesthetic_origin_distance	pending_art_reference
WC04618	Ashajoraashiven4618	support	V3	B31	cavern farmer	Kyreal-pack	neith edge	Kael source orbit	90	77	averaged_background_story_orbit_aesthetic_origin_distance	pending_art_reference
WC04619	Aeranorianforgeaen4619	background	V3	B32	garden watcher	Xethrolund-glyph	willow-stone county	Pael source orbit	90	77	averaged_background_story_orbit_aesthetic_origin_distance	pending_art_reference
WC04620	Caelamarglassarel4620	story	V3	B33	stone archivist	Pip-no-path	last open gate	Soth source orbit	90	77	averaged_background_story_orbit_aesthetic_origin_distance	pending_art_reference
WC04621	Brenbrincrownavel4621	recurring-background	V3	B01	orchard guard	Mack-ground	diamond breakland	Vellin source orbit	90	77	averaged_background_story_orbit_aesthetic_origin_distance	pending_art_reference
WC04622	Aeranordion4622	deep-background	V3	B02	sonomancy listener	Dervish-glass	black-heart ridge	Corrath source orbit	90	77	averaged_background_story_orbit_aesthetic_origin_distance	pending_art_reference
WC04623	Aerfiraquartzdion4623	support	V3	B03	tunnel witness	Vayne	ash river	Dervish source orbit	90	77	averaged_background_story_orbit_aesthetic_origin_distance	pending_art_reference
WC04624	Aerdalenglassael4624	background	V3	B04	threshold mason	Null-Heart	morrow market	Pip source orbit	90	77	averaged_background_story_orbit_aesthetic_origin_distance	pending_art_reference
WC04625	Aerfiraamarforgeen4625	story	V3	B05	bookbinder	Iron-Song	root vale	Rolzen source orbit	90	77	averaged_background_story_orbit_aesthetic_origin_distance	pending_art_reference
WC04626	Ashaavelion4626	recurring-background	V3	B06	bridge keeper	Wren-Ash	ripper tunnel	Xethrolund source orbit	90	77	averaged_background_story_orbit_aesthetic_origin_distance	pending_art_reference
WC04627	Caelevaraaeldria4627	deep-background	V3	B07	market singer	Thorn-Vayne	cello field	Rylos source orbit	90	77	averaged_background_story_orbit_aesthetic_origin_distance	pending_art_reference
WC04628	Aerfirafenarel4628	support	V3	B08	glass forge worker	Marso-len	blue-light road	Kyreal source orbit	90	77	averaged_background_story_orbit_aesthetic_origin_distance	pending_art_reference
WC04629	Aerfiramossaria4629	background	V3	B09	ripper survivor	Rolzen-line	xeth glyph yard	Thessa source orbit	90	77	averaged_background_story_orbit_aesthetic_origin_distance	pending_art_reference
WC04630	Aeranorarel4630	story	V3	B10	map seller	Kyreal-pack	stone fen	Kael source orbit	90	77	averaged_background_story_orbit_aesthetic_origin_distance	pending_art_reference
WC04631	Aerdalenarel4631	recurring-background	V3	B11	cellar cook	Xethrolund-glyph	pocket sanctuary	Pael source orbit	90	77	averaged_background_story_orbit_aesthetic_origin_distance	pending_art_reference
WC04632	Aerdalenevaraael4632	deep-background	V3	B12	triage helper	Pip-no-path	glass orchard	Soth source orbit	90	77	averaged_background_story_orbit_aesthetic_origin_distance	pending_art_reference
WC04633	Brenhaloravelelle4633	support	V3	B13	faction runner	Mack-ground	neith edge	Vellin source orbit	90	77	averaged_background_story_orbit_aesthetic_origin_distance	pending_art_reference
WC04634	Ashagalenquartziven4634	background	V3	B14	wolf-road scout	Dervish-glass	willow-stone county	Corrath source orbit	90	77	averaged_background_story_orbit_aesthetic_origin_distance	pending_art_reference
WC04635	Aerdalendion4635	story	V3	B15	glyph apprentice	Vayne	last open gate	Dervish source orbit	90	77	averaged_background_story_orbit_aesthetic_origin_distance	pending_art_reference
WC04636	Aerdalenglassiven4636	recurring-background	V3	B16	corridor child	Null-Heart	diamond breakland	Pip source orbit	90	77	averaged_background_story_orbit_aesthetic_origin_distance	pending_art_reference
WC04637	Aerfiraiancinderion4637	deep-background	V3	B17	field healer	Iron-Song	black-heart ridge	Rolzen source orbit	90	77	averaged_background_story_orbit_aesthetic_origin_distance	pending_art_reference
WC04638	Brenaelavelfiraiel4638	support	V3	B18	cavern farmer	Wren-Ash	ash river	Xethrolund source orbit	90	77	averaged_background_story_orbit_aesthetic_origin_distance	pending_art_reference
WC04639	Ashaavelfiraamariel4639	background	V3	B19	garden watcher	Thorn-Vayne	morrow market	Rylos source orbit	90	77	averaged_background_story_orbit_aesthetic_origin_distance	pending_art_reference
WC04640	Aerfiraluthivyion4640	story	V3	B20	stone archivist	Marso-len	root vale	Kyreal source orbit	90	77	averaged_background_story_orbit_aesthetic_origin_distance	pending_art_reference
WC04641	Aerfiraianfenael4641	recurring-background	V3	B21	orchard guard	Rolzen-line	ripper tunnel	Thessa source orbit	90	77	averaged_background_story_orbit_aesthetic_origin_distance	pending_art_reference
WC04642	Aerfiraamaremberion4642	deep-background	V3	B22	sonomancy listener	Kyreal-pack	cello field	Kael source orbit	90	77	averaged_background_story_orbit_aesthetic_origin_distance	pending_art_reference
WC04643	Aerdaleniel4643	support	V3	B23	tunnel witness	Xethrolund-glyph	blue-light road	Pael source orbit	90	77	averaged_background_story_orbit_aesthetic_origin_distance	pending_art_reference
WC04644	Ashagalenriveriel4644	background	V3	B24	threshold mason	Pip-no-path	xeth glyph yard	Soth source orbit	90	77	averaged_background_story_orbit_aesthetic_origin_distance	pending_art_reference
WC04645	Ashaaveldalenarel4645	story	V3	B25	bookbinder	Mack-ground	stone fen	Vellin source orbit	90	77	averaged_background_story_orbit_aesthetic_origin_distance	pending_art_reference
WC04646	Aerdalenevarael4646	recurring-background	V3	B26	bridge keeper	Dervish-glass	pocket sanctuary	Corrath source orbit	90	77	averaged_background_story_orbit_aesthetic_origin_distance	pending_art_reference
WC04647	Ashagalenanoramarel4647	deep-background	V3	B27	market singer	Vayne	glass orchard	Dervish source orbit	90	77	averaged_background_story_orbit_aesthetic_origin_distance	pending_art_reference
WC04648	Caelamaraelael4648	support	V3	B28	glass forge worker	Null-Heart	neith edge	Pip source orbit	90	77	averaged_background_story_orbit_aesthetic_origin_distance	pending_art_reference
WC04649	Aerdalenianmossiel4649	background	V3	B29	ripper survivor	Iron-Song	willow-stone county	Rolzen source orbit	90	77	averaged_background_story_orbit_aesthetic_origin_distance	pending_art_reference
WC04650	Ashanaracairndion4650	story	V3	B30	map seller	Wren-Ash	last open gate	Xethrolund source orbit	90	77	averaged_background_story_orbit_aesthetic_origin_distance	pending_art_reference
WC04651	Aerdalenen4651	recurring-background	V3	B31	cellar cook	Thorn-Vayne	diamond breakland	Rylos source orbit	90	77	averaged_background_story_orbit_aesthetic_origin_distance	pending_art_reference
WC04652	Aeranorfeniel4652	deep-background	V3	B32	triage helper	Marso-len	black-heart ridge	Kyreal source orbit	90	77	averaged_background_story_orbit_aesthetic_origin_distance	pending_art_reference
WC04653	Aeranorevarafenaria4653	support	V3	B33	faction runner	Rolzen-line	ash river	Thessa source orbit	90	77	averaged_background_story_orbit_aesthetic_origin_distance	pending_art_reference
WC04654	Ashaavelanorlarkiel4654	background	V3	B01	wolf-road scout	Kyreal-pack	morrow market	Kael source orbit	90	77	averaged_background_story_orbit_aesthetic_origin_distance	pending_art_reference
WC04655	Aeranorluthashiven4655	story	V3	B02	glyph apprentice	Xethrolund-glyph	root vale	Pael source orbit	90	77	averaged_background_story_orbit_aesthetic_origin_distance	pending_art_reference
WC04656	Aeranorevaralarkael4656	recurring-background	V3	B03	corridor child	Pip-no-path	ripper tunnel	Soth source orbit	90	77	averaged_background_story_orbit_aesthetic_origin_distance	pending_art_reference
WC04657	Aeranoriel4657	deep-background	V3	B04	field healer	Mack-ground	cello field	Vellin source orbit	90	77	averaged_background_story_orbit_aesthetic_origin_distance	pending_art_reference
WC04658	Aeranoravel4658	support	V3	B05	cavern farmer	Dervish-glass	blue-light road	Corrath source orbit	90	77	averaged_background_story_orbit_aesthetic_origin_distance	pending_art_reference
WC04659	Aeranoramarbellelle4659	background	V3	B06	garden watcher	Vayne	xeth glyph yard	Dervish source orbit	90	77	averaged_background_story_orbit_aesthetic_origin_distance	pending_art_reference
WC04660	Aeranorcrownen4660	story	V3	B07	stone archivist	Null-Heart	stone fen	Pip source orbit	90	77	averaged_background_story_orbit_aesthetic_origin_distance	pending_art_reference
WC04661	Aeranormirearel4661	recurring-background	V3	B08	orchard guard	Iron-Song	pocket sanctuary	Rolzen source orbit	90	77	averaged_background_story_orbit_aesthetic_origin_distance	pending_art_reference
WC04662	Ashagalencairnel4662	deep-background	V3	B09	sonomancy listener	Wren-Ash	glass orchard	Xethrolund source orbit	90	77	averaged_background_story_orbit_aesthetic_origin_distance	pending_art_reference
WC04663	Aerfiraiankelaniel4663	support	V3	B10	tunnel witness	Thorn-Vayne	neith edge	Rylos source orbit	90	77	averaged_background_story_orbit_aesthetic_origin_distance	pending_art_reference
WC04664	Aerindraianashen4664	background	V3	B11	threshold mason	Marso-len	willow-stone county	Kyreal source orbit	90	77	averaged_background_story_orbit_aesthetic_origin_distance	pending_art_reference
WC04665	Ashaelionbelliel4665	story	V3	B12	bookbinder	Rolzen-line	last open gate	Thessa source orbit	90	77	averaged_background_story_orbit_aesthetic_origin_distance	pending_art_reference
WC04666	Aermaelorbellion4666	recurring-background	V3	B13	bridge keeper	Kyreal-pack	diamond breakland	Kael source orbit	90	77	averaged_background_story_orbit_aesthetic_origin_distance	pending_art_reference
WC04667	Aerindraluthivyarel4667	deep-background	V3	B14	market singer	Xethrolund-glyph	black-heart ridge	Pael source orbit	90	77	averaged_background_story_orbit_aesthetic_origin_distance	pending_art_reference
WC04668	Aerfiraemberaria4668	support	V3	B15	glass forge worker	Pip-no-path	ash river	Soth source orbit	90	77	averaged_background_story_orbit_aesthetic_origin_distance	pending_art_reference
WC04669	Caelamaraelel4669	background	V3	B16	ripper survivor	Mack-ground	morrow market	Vellin source orbit	90	77	averaged_background_story_orbit_aesthetic_origin_distance	pending_art_reference
WC04670	Brenbrinjoraanoraen4670	story	V3	B17	map seller	Dervish-glass	root vale	Corrath source orbit	90	77	averaged_background_story_orbit_aesthetic_origin_distance	pending_art_reference
WC04671	Aerindraiancrownen4671	recurring-background	V3	B18	cellar cook	Vayne	ripper tunnel	Dervish source orbit	90	77	averaged_background_story_orbit_aesthetic_origin_distance	pending_art_reference
WC04672	Caelamargrovearel4672	deep-background	V3	B19	triage helper	Null-Heart	cello field	Pip source orbit	90	77	averaged_background_story_orbit_aesthetic_origin_distance	pending_art_reference
WC04673	Brenaellarkaria4673	support	V3	B20	faction runner	Iron-Song	blue-light road	Rolzen source orbit	90	77	averaged_background_story_orbit_aesthetic_origin_distance	pending_art_reference
WC04674	Brenaelelle4674	background	V3	B21	wolf-road scout	Wren-Ash	xeth glyph yard	Xethrolund source orbit	90	77	averaged_background_story_orbit_aesthetic_origin_distance	pending_art_reference
WC04675	Aerdalenlutharia4675	story	V3	B22	glyph apprentice	Thorn-Vayne	stone fen	Rylos source orbit	90	77	averaged_background_story_orbit_aesthetic_origin_distance	pending_art_reference
WC04676	Aeranoramarforgeiel4676	recurring-background	V3	B23	corridor child	Marso-len	pocket sanctuary	Kyreal source orbit	90	77	averaged_background_story_orbit_aesthetic_origin_distance	pending_art_reference
WC04677	Aerdalenforgeen4677	deep-background	V3	B24	field healer	Rolzen-line	glass orchard	Thessa source orbit	90	77	averaged_background_story_orbit_aesthetic_origin_distance	pending_art_reference
WC04678	Brenkelangaleniel4678	support	V3	B25	cavern farmer	Kyreal-pack	neith edge	Kael source orbit	90	77	averaged_background_story_orbit_aesthetic_origin_distance	pending_art_reference
WC04679	Aerfirahollowion4679	background	V3	B26	garden watcher	Xethrolund-glyph	willow-stone county	Pael source orbit	90	77	averaged_background_story_orbit_aesthetic_origin_distance	pending_art_reference
WC04680	Caelluthbrindria4680	story	V3	B27	stone archivist	Pip-no-path	last open gate	Soth source orbit	90	77	averaged_background_story_orbit_aesthetic_origin_distance	pending_art_reference
WC04681	Aeranorevaraashelle4681	recurring-background	V3	B28	orchard guard	Mack-ground	diamond breakland	Vellin source orbit	90	77	averaged_background_story_orbit_aesthetic_origin_distance	pending_art_reference
WC04682	Aerdalenluthivyion4682	deep-background	V3	B29	sonomancy listener	Dervish-glass	black-heart ridge	Corrath source orbit	90	77	averaged_background_story_orbit_aesthetic_origin_distance	pending_art_reference
WC04683	Aeranoramarlarkdria4683	support	V3	B30	tunnel witness	Vayne	ash river	Dervish source orbit	90	77	averaged_background_story_orbit_aesthetic_origin_distance	pending_art_reference
WC04684	Aerfiracoriael4684	background	V3	B31	threshold mason	Null-Heart	morrow market	Pip source orbit	90	77	averaged_background_story_orbit_aesthetic_origin_distance	pending_art_reference
WC04685	Caelcoriabrinen4685	story	V3	B32	bookbinder	Iron-Song	root vale	Rolzen source orbit	90	77	averaged_background_story_orbit_aesthetic_origin_distance	pending_art_reference
WC04686	Aermaelorevaraelle4686	recurring-background	V3	B33	bridge keeper	Wren-Ash	ripper tunnel	Xethrolund source orbit	90	77	averaged_background_story_orbit_aesthetic_origin_distance	pending_art_reference
WC04687	Brenaelelionaria4687	deep-background	V3	B01	market singer	Thorn-Vayne	cello field	Rylos source orbit	90	77	averaged_background_story_orbit_aesthetic_origin_distance	pending_art_reference
WC04688	Caelamarkelaniel4688	support	V3	B02	glass forge worker	Marso-len	blue-light road	Kyreal source orbit	90	77	averaged_background_story_orbit_aesthetic_origin_distance	pending_art_reference
WC04689	Aeranorianmireavel4689	background	V3	B03	ripper survivor	Rolzen-line	xeth glyph yard	Thessa source orbit	90	77	averaged_background_story_orbit_aesthetic_origin_distance	pending_art_reference
WC04690	Ashanaraanoren4690	story	V3	B04	map seller	Kyreal-pack	stone fen	Kael source orbit	90	77	averaged_background_story_orbit_aesthetic_origin_distance	pending_art_reference
WC04691	Aerfiradria4691	recurring-background	V3	B05	cellar cook	Xethrolund-glyph	pocket sanctuary	Pael source orbit	90	77	averaged_background_story_orbit_aesthetic_origin_distance	pending_art_reference
WC04692	Aermaeloremberaria4692	deep-background	V3	B06	triage helper	Pip-no-path	glass orchard	Soth source orbit	90	77	averaged_background_story_orbit_aesthetic_origin_distance	pending_art_reference
WC04693	Aerdalenarel4693	support	V3	B07	faction runner	Mack-ground	neith edge	Vellin source orbit	90	77	averaged_background_story_orbit_aesthetic_origin_distance	pending_art_reference
WC04694	Aerfiraluthmossaen4694	background	V3	B08	wolf-road scout	Dervish-glass	willow-stone county	Corrath source orbit	90	77	averaged_background_story_orbit_aesthetic_origin_distance	pending_art_reference
WC04695	Aerdalenianglassael4695	story	V3	B09	glyph apprentice	Vayne	last open gate	Dervish source orbit	90	77	averaged_background_story_orbit_aesthetic_origin_distance	pending_art_reference
WC04696	Ashajoraanoramaren4696	recurring-background	V3	B10	corridor child	Null-Heart	diamond breakland	Pip source orbit	90	77	averaged_background_story_orbit_aesthetic_origin_distance	pending_art_reference
WC04697	Aeranorelle4697	deep-background	V3	B11	field healer	Iron-Song	black-heart ridge	Rolzen source orbit	90	77	averaged_background_story_orbit_aesthetic_origin_distance	pending_art_reference
WC04698	Aerfiracorialarkel4698	support	V3	B12	cavern farmer	Wren-Ash	ash river	Xethrolund source orbit	90	77	averaged_background_story_orbit_aesthetic_origin_distance	pending_art_reference
WC04699	Aerdalenevarabrinen4699	background	V3	B13	garden watcher	Thorn-Vayne	morrow market	Rylos source orbit	90	77	averaged_background_story_orbit_aesthetic_origin_distance	pending_art_reference
WC04700	Aeranorevarakelanel4700	story	V3	B14	stone archivist	Marso-len	root vale	Kyreal source orbit	90	77	averaged_background_story_orbit_aesthetic_origin_distance	pending_art_reference
WC04701	Brenbrinjoraen4701	recurring-background	V3	B15	orchard guard	Rolzen-line	ripper tunnel	Thessa source orbit	90	77	averaged_background_story_orbit_aesthetic_origin_distance	pending_art_reference
WC04702	Aeranorianaen4702	deep-background	V3	B16	sonomancy listener	Kyreal-pack	cello field	Kael source orbit	90	77	averaged_background_story_orbit_aesthetic_origin_distance	pending_art_reference
WC04703	Aeranoriel4703	support	V3	B17	tunnel witness	Xethrolund-glyph	blue-light road	Pael source orbit	90	77	averaged_background_story_orbit_aesthetic_origin_distance	pending_art_reference
WC04704	Aerfiraiancrownael4704	background	V3	B18	threshold mason	Pip-no-path	xeth glyph yard	Soth source orbit	90	77	averaged_background_story_orbit_aesthetic_origin_distance	pending_art_reference
WC04705	Aeranorhollowion4705	story	V3	B19	bookbinder	Mack-ground	stone fen	Vellin source orbit	90	77	averaged_background_story_orbit_aesthetic_origin_distance	pending_art_reference
WC04706	Ashaelionbrooken4706	recurring-background	V3	B20	bridge keeper	Dervish-glass	pocket sanctuary	Corrath source orbit	90	77	averaged_background_story_orbit_aesthetic_origin_distance	pending_art_reference
WC04707	Aerdaleniven4707	deep-background	V3	B21	market singer	Vayne	glass orchard	Dervish source orbit	90	77	averaged_background_story_orbit_aesthetic_origin_distance	pending_art_reference
WC04708	Aerdalencoriaaen4708	support	V3	B22	glass forge worker	Null-Heart	neith edge	Pip source orbit	90	77	averaged_background_story_orbit_aesthetic_origin_distance	pending_art_reference
WC04709	Ashaelionfiraamaren4709	background	V3	B23	ripper survivor	Iron-Song	willow-stone county	Rolzen source orbit	90	77	averaged_background_story_orbit_aesthetic_origin_distance	pending_art_reference
WC04710	Aerindraianglassion4710	story	V3	B24	map seller	Wren-Ash	last open gate	Xethrolund source orbit	90	77	averaged_background_story_orbit_aesthetic_origin_distance	pending_art_reference
WC04711	Ashaelionmireiven4711	recurring-background	V3	B25	cellar cook	Thorn-Vayne	diamond breakland	Rylos source orbit	90	77	averaged_background_story_orbit_aesthetic_origin_distance	pending_art_reference
WC04712	Brenbrinarel4712	deep-background	V3	B26	triage helper	Marso-len	black-heart ridge	Kyreal source orbit	90	77	averaged_background_story_orbit_aesthetic_origin_distance	pending_art_reference
WC04713	Aerdalenamarfenel4713	support	V3	B27	faction runner	Rolzen-line	ash river	Thessa source orbit	90	77	averaged_background_story_orbit_aesthetic_origin_distance	pending_art_reference
WC04714	Aerindraianemberen4714	background	V3	B28	wolf-road scout	Kyreal-pack	morrow market	Kael source orbit	90	77	averaged_background_story_orbit_aesthetic_origin_distance	pending_art_reference
WC04715	Aerfiraianivyen4715	story	V3	B29	glyph apprentice	Xethrolund-glyph	root vale	Pael source orbit	90	77	averaged_background_story_orbit_aesthetic_origin_distance	pending_art_reference
WC04716	Aeranoramarcrownel4716	recurring-background	V3	B30	corridor child	Pip-no-path	ripper tunnel	Soth source orbit	90	77	averaged_background_story_orbit_aesthetic_origin_distance	pending_art_reference
WC04717	Ashaelionanorianaen4717	deep-background	V3	B31	field healer	Mack-ground	cello field	Vellin source orbit	90	77	averaged_background_story_orbit_aesthetic_origin_distance	pending_art_reference
WC04718	Ashanaraquartzavel4718	support	V3	B32	cavern farmer	Dervish-glass	blue-light road	Corrath source orbit	90	77	averaged_background_story_orbit_aesthetic_origin_distance	pending_art_reference
WC04719	Aerindraquartzarel4719	background	V3	B33	garden watcher	Vayne	xeth glyph yard	Dervish source orbit	90	77	averaged_background_story_orbit_aesthetic_origin_distance	pending_art_reference
WC04720	Ashaelionaen4720	story	V3	B01	stone archivist	Null-Heart	stone fen	Pip source orbit	90	77	averaged_background_story_orbit_aesthetic_origin_distance	pending_art_reference
WC04721	Aerindraluthashelle4721	recurring-background	V3	B02	orchard guard	Iron-Song	pocket sanctuary	Rolzen source orbit	90	77	averaged_background_story_orbit_aesthetic_origin_distance	pending_art_reference
WC04722	Aerfiraluthlarkelle4722	deep-background	V3	B03	sonomancy listener	Wren-Ash	glass orchard	Xethrolund source orbit	90	77	averaged_background_story_orbit_aesthetic_origin_distance	pending_art_reference
WC04723	Ashajoradalenaria4723	support	V3	B04	tunnel witness	Thorn-Vayne	neith edge	Rylos source orbit	90	77	averaged_background_story_orbit_aesthetic_origin_distance	pending_art_reference
WC04724	Aerdalenianmossen4724	background	V3	B05	threshold mason	Marso-len	willow-stone county	Kyreal source orbit	90	77	averaged_background_story_orbit_aesthetic_origin_distance	pending_art_reference
WC04725	Aerdalenmossavel4725	story	V3	B06	bookbinder	Rolzen-line	last open gate	Thessa source orbit	90	77	averaged_background_story_orbit_aesthetic_origin_distance	pending_art_reference
WC04726	Aerindraiven4726	recurring-background	V3	B07	bridge keeper	Kyreal-pack	diamond breakland	Kael source orbit	90	77	averaged_background_story_orbit_aesthetic_origin_distance	pending_art_reference
WC04727	Aermaelorcairnelle4727	deep-background	V3	B08	market singer	Xethrolund-glyph	black-heart ridge	Pael source orbit	90	77	averaged_background_story_orbit_aesthetic_origin_distance	pending_art_reference
WC04728	Ashaavelfiraevarael4728	support	V3	B09	glass forge worker	Pip-no-path	ash river	Soth source orbit	90	77	averaged_background_story_orbit_aesthetic_origin_distance	pending_art_reference
WC04729	Ashaelionmarrowdion4729	background	V3	B10	ripper survivor	Mack-ground	morrow market	Vellin source orbit	90	77	averaged_background_story_orbit_aesthetic_origin_distance	pending_art_reference
WC04730	Aerdalenluthasharel4730	story	V3	B11	map seller	Dervish-glass	root vale	Corrath source orbit	90	77	averaged_background_story_orbit_aesthetic_origin_distance	pending_art_reference
WC04731	Aermaelorquartziel4731	recurring-background	V3	B12	cellar cook	Vayne	ripper tunnel	Dervish source orbit	90	77	averaged_background_story_orbit_aesthetic_origin_distance	pending_art_reference
WC04732	Aermaelorianbrooken4732	deep-background	V3	B13	triage helper	Null-Heart	cello field	Pip source orbit	90	77	averaged_background_story_orbit_aesthetic_origin_distance	pending_art_reference
WC04733	Aeranoraen4733	support	V3	B14	faction runner	Iron-Song	blue-light road	Rolzen source orbit	90	77	averaged_background_story_orbit_aesthetic_origin_distance	pending_art_reference
WC04734	Aeranoramarbelldion4734	background	V3	B15	wolf-road scout	Wren-Ash	xeth glyph yard	Xethrolund source orbit	90	77	averaged_background_story_orbit_aesthetic_origin_distance	pending_art_reference
WC04735	Aerdalendria4735	story	V3	B16	glyph apprentice	Thorn-Vayne	stone fen	Rylos source orbit	90	77	averaged_background_story_orbit_aesthetic_origin_distance	pending_art_reference
WC04736	Aerdalenmireiven4736	recurring-background	V3	B17	corridor child	Marso-len	pocket sanctuary	Kyreal source orbit	90	77	averaged_background_story_orbit_aesthetic_origin_distance	pending_art_reference
WC04737	Aerindramossiven4737	deep-background	V3	B18	field healer	Rolzen-line	glass orchard	Thessa source orbit	90	77	averaged_background_story_orbit_aesthetic_origin_distance	pending_art_reference
WC04738	Aeranoramargroveaen4738	support	V3	B19	cavern farmer	Kyreal-pack	neith edge	Kael source orbit	90	77	averaged_background_story_orbit_aesthetic_origin_distance	pending_art_reference
WC04739	Ashaaveliel4739	background	V3	B20	garden watcher	Xethrolund-glyph	willow-stone county	Pael source orbit	90	77	averaged_background_story_orbit_aesthetic_origin_distance	pending_art_reference
WC04740	Aerdalenianbellarel4740	story	V3	B21	stone archivist	Pip-no-path	last open gate	Soth source orbit	90	77	averaged_background_story_orbit_aesthetic_origin_distance	pending_art_reference
WC04741	Aerfiraluthbrindion4741	recurring-background	V3	B22	orchard guard	Mack-ground	diamond breakland	Vellin source orbit	90	77	averaged_background_story_orbit_aesthetic_origin_distance	pending_art_reference
WC04742	Aerdalencoriaashel4742	deep-background	V3	B23	sonomancy listener	Dervish-glass	black-heart ridge	Corrath source orbit	90	77	averaged_background_story_orbit_aesthetic_origin_distance	pending_art_reference
WC04743	Aerindracoriadion4743	support	V3	B24	tunnel witness	Vayne	ash river	Dervish source orbit	90	77	averaged_background_story_orbit_aesthetic_origin_distance	pending_art_reference
WC04744	Aerindraiven4744	background	V3	B25	threshold mason	Null-Heart	morrow market	Pip source orbit	90	77	averaged_background_story_orbit_aesthetic_origin_distance	pending_art_reference
WC04745	Aeranoraen4745	story	V3	B26	bookbinder	Iron-Song	root vale	Rolzen source orbit	90	77	averaged_background_story_orbit_aesthetic_origin_distance	pending_art_reference
WC04746	Ashanarariveravel4746	recurring-background	V3	B27	bridge keeper	Wren-Ash	ripper tunnel	Xethrolund source orbit	90	77	averaged_background_story_orbit_aesthetic_origin_distance	pending_art_reference
WC04747	Ashaelioncairnavel4747	deep-background	V3	B28	market singer	Thorn-Vayne	cello field	Rylos source orbit	90	77	averaged_background_story_orbit_aesthetic_origin_distance	pending_art_reference
WC04748	Aermaelorcoriaiven4748	support	V3	B29	glass forge worker	Marso-len	blue-light road	Kyreal source orbit	90	77	averaged_background_story_orbit_aesthetic_origin_distance	pending_art_reference
WC04749	Aermaelormossion4749	background	V3	B30	ripper survivor	Rolzen-line	xeth glyph yard	Thessa source orbit	90	77	averaged_background_story_orbit_aesthetic_origin_distance	pending_art_reference
WC04750	Aerfiradria4750	story	V3	B31	map seller	Kyreal-pack	stone fen	Kael source orbit	90	77	averaged_background_story_orbit_aesthetic_origin_distance	pending_art_reference
WC04751	Ashaelionquartziven4751	recurring-background	V3	B32	cellar cook	Xethrolund-glyph	pocket sanctuary	Pael source orbit	90	77	averaged_background_story_orbit_aesthetic_origin_distance	pending_art_reference
WC04752	Aeranorianhaloravel4752	deep-background	V3	B33	triage helper	Pip-no-path	glass orchard	Soth source orbit	90	77	averaged_background_story_orbit_aesthetic_origin_distance	pending_art_reference
WC04753	Ashaelionquartzarel4753	support	V3	B01	faction runner	Mack-ground	neith edge	Vellin source orbit	90	77	averaged_background_story_orbit_aesthetic_origin_distance	pending_art_reference
WC04754	Ashaeliongrovearel4754	background	V3	B02	wolf-road scout	Dervish-glass	willow-stone county	Corrath source orbit	90	77	averaged_background_story_orbit_aesthetic_origin_distance	pending_art_reference
WC04755	Aeranoramarbellion4755	story	V3	B03	glyph apprentice	Vayne	last open gate	Dervish source orbit	90	77	averaged_background_story_orbit_aesthetic_origin_distance	pending_art_reference
WC04756	Aerfiraianemberdion4756	recurring-background	V3	B04	corridor child	Null-Heart	diamond breakland	Pip source orbit	90	77	averaged_background_story_orbit_aesthetic_origin_distance	pending_art_reference
WC04757	Ashanaramarrowiel4757	deep-background	V3	B05	field healer	Iron-Song	black-heart ridge	Rolzen source orbit	90	77	averaged_background_story_orbit_aesthetic_origin_distance	pending_art_reference
WC04758	Aeranorcorialarkion4758	support	V3	B06	cavern farmer	Wren-Ash	ash river	Xethrolund source orbit	90	77	averaged_background_story_orbit_aesthetic_origin_distance	pending_art_reference
WC04759	Ashanarafenaen4759	background	V3	B07	garden watcher	Thorn-Vayne	morrow market	Rylos source orbit	90	77	averaged_background_story_orbit_aesthetic_origin_distance	pending_art_reference
WC04760	Aerdalenevaraashel4760	story	V3	B08	stone archivist	Marso-len	root vale	Kyreal source orbit	90	77	averaged_background_story_orbit_aesthetic_origin_distance	pending_art_reference
WC04761	Aerfiraiancairnaria4761	recurring-background	V3	B09	orchard guard	Rolzen-line	ripper tunnel	Thessa source orbit	90	77	averaged_background_story_orbit_aesthetic_origin_distance	pending_art_reference
WC04762	Aeranorianbrookaria4762	deep-background	V3	B10	sonomancy listener	Kyreal-pack	cello field	Kael source orbit	90	77	averaged_background_story_orbit_aesthetic_origin_distance	pending_art_reference
WC04763	Aerdalenianashel4763	support	V3	B11	tunnel witness	Xethrolund-glyph	blue-light road	Pael source orbit	90	77	averaged_background_story_orbit_aesthetic_origin_distance	pending_art_reference
WC04764	Aerindraluthbellel4764	background	V3	B12	threshold mason	Pip-no-path	xeth glyph yard	Soth source orbit	90	77	averaged_background_story_orbit_aesthetic_origin_distance	pending_art_reference
WC04765	Ashaavelanormireion4765	story	V3	B13	bookbinder	Mack-ground	stone fen	Vellin source orbit	90	77	averaged_background_story_orbit_aesthetic_origin_distance	pending_art_reference
WC04766	Ashaavelemberarel4766	recurring-background	V3	B14	bridge keeper	Dervish-glass	pocket sanctuary	Corrath source orbit	90	77	averaged_background_story_orbit_aesthetic_origin_distance	pending_art_reference
WC04767	Aerfiraamarbrinavel4767	deep-background	V3	B15	market singer	Vayne	glass orchard	Dervish source orbit	90	77	averaged_background_story_orbit_aesthetic_origin_distance	pending_art_reference
WC04768	Aermaelorlarkaen4768	support	V3	B16	glass forge worker	Null-Heart	neith edge	Pip source orbit	90	77	averaged_background_story_orbit_aesthetic_origin_distance	pending_art_reference
WC04769	Aeranoramarmosselle4769	background	V3	B17	ripper survivor	Iron-Song	willow-stone county	Rolzen source orbit	90	77	averaged_background_story_orbit_aesthetic_origin_distance	pending_art_reference
WC04770	Aerdalenevaralarkel4770	story	V3	B18	map seller	Wren-Ash	last open gate	Xethrolund source orbit	90	77	averaged_background_story_orbit_aesthetic_origin_distance	pending_art_reference
WC04771	Ashagalenfenarel4771	recurring-background	V3	B19	cellar cook	Thorn-Vayne	diamond breakland	Rylos source orbit	90	77	averaged_background_story_orbit_aesthetic_origin_distance	pending_art_reference
WC04772	Aeranoramarbrindria4772	deep-background	V3	B20	triage helper	Marso-len	black-heart ridge	Kyreal source orbit	90	77	averaged_background_story_orbit_aesthetic_origin_distance	pending_art_reference
WC04773	Aerdalenforgeavel4773	support	V3	B21	faction runner	Rolzen-line	ash river	Thessa source orbit	90	77	averaged_background_story_orbit_aesthetic_origin_distance	pending_art_reference
WC04774	Aerfiralarkiel4774	background	V3	B22	wolf-road scout	Kyreal-pack	morrow market	Kael source orbit	90	77	averaged_background_story_orbit_aesthetic_origin_distance	pending_art_reference
WC04775	Aeranorevaradion4775	story	V3	B23	glyph apprentice	Xethrolund-glyph	root vale	Pael source orbit	90	77	averaged_background_story_orbit_aesthetic_origin_distance	pending_art_reference
WC04776	Aerfiraamarlarkion4776	recurring-background	V3	B24	corridor child	Pip-no-path	ripper tunnel	Soth source orbit	90	77	averaged_background_story_orbit_aesthetic_origin_distance	pending_art_reference
WC04777	Aerindraamaravel4777	deep-background	V3	B25	field healer	Mack-ground	cello field	Vellin source orbit	90	77	averaged_background_story_orbit_aesthetic_origin_distance	pending_art_reference
WC04778	Aerindraaen4778	support	V3	B26	cavern farmer	Dervish-glass	blue-light road	Corrath source orbit	90	77	averaged_background_story_orbit_aesthetic_origin_distance	pending_art_reference
WC04779	Ashaavelavel4779	background	V3	B27	garden watcher	Vayne	xeth glyph yard	Dervish source orbit	90	77	averaged_background_story_orbit_aesthetic_origin_distance	pending_art_reference
WC04780	Aerfiraamaren4780	story	V3	B28	stone archivist	Null-Heart	stone fen	Pip source orbit	90	77	averaged_background_story_orbit_aesthetic_origin_distance	pending_art_reference
WC04781	Aermaelorhollowdria4781	recurring-background	V3	B29	orchard guard	Iron-Song	pocket sanctuary	Rolzen source orbit	90	77	averaged_background_story_orbit_aesthetic_origin_distance	pending_art_reference
WC04782	Aeranorcoriaen4782	deep-background	V3	B30	sonomancy listener	Wren-Ash	glass orchard	Xethrolund source orbit	90	77	averaged_background_story_orbit_aesthetic_origin_distance	pending_art_reference
WC04783	Ashajoradalenion4783	support	V3	B31	tunnel witness	Thorn-Vayne	neith edge	Rylos source orbit	90	77	averaged_background_story_orbit_aesthetic_origin_distance	pending_art_reference
WC04784	Ashaavelanoriandion4784	background	V3	B32	threshold mason	Marso-len	willow-stone county	Kyreal source orbit	90	77	averaged_background_story_orbit_aesthetic_origin_distance	pending_art_reference
WC04785	Ashajoraorcharddion4785	story	V3	B33	bookbinder	Rolzen-line	last open gate	Thessa source orbit	90	77	averaged_background_story_orbit_aesthetic_origin_distance	pending_art_reference
WC04786	Aerdalenbellael4786	recurring-background	V3	B01	bridge keeper	Kyreal-pack	diamond breakland	Kael source orbit	90	77	averaged_background_story_orbit_aesthetic_origin_distance	pending_art_reference
WC04787	Ashajoramarrowavel4787	deep-background	V3	B02	market singer	Xethrolund-glyph	black-heart ridge	Pael source orbit	90	77	averaged_background_story_orbit_aesthetic_origin_distance	pending_art_reference
WC04788	Aeranoramarael4788	support	V3	B03	glass forge worker	Pip-no-path	ash river	Soth source orbit	90	77	averaged_background_story_orbit_aesthetic_origin_distance	pending_art_reference
WC04789	Aerfiraluthforgeion4789	background	V3	B04	ripper survivor	Mack-ground	morrow market	Vellin source orbit	90	77	averaged_background_story_orbit_aesthetic_origin_distance	pending_art_reference
WC04790	Ashajorafiraianelle4790	story	V3	B05	map seller	Dervish-glass	root vale	Corrath source orbit	90	77	averaged_background_story_orbit_aesthetic_origin_distance	pending_art_reference
WC04791	Aerdalenianlarkiven4791	recurring-background	V3	B06	cellar cook	Vayne	ripper tunnel	Dervish source orbit	90	77	averaged_background_story_orbit_aesthetic_origin_distance	pending_art_reference
WC04792	Aerindraianquartzen4792	deep-background	V3	B07	triage helper	Null-Heart	cello field	Pip source orbit	90	77	averaged_background_story_orbit_aesthetic_origin_distance	pending_art_reference
WC04793	Ashanaramaeloravel4793	support	V3	B08	faction runner	Iron-Song	blue-light road	Rolzen source orbit	90	77	averaged_background_story_orbit_aesthetic_origin_distance	pending_art_reference
WC04794	Aerdalengroveiven4794	background	V3	B09	wolf-road scout	Wren-Ash	xeth glyph yard	Xethrolund source orbit	90	77	averaged_background_story_orbit_aesthetic_origin_distance	pending_art_reference
WC04795	Aeranorevarabellaen4795	story	V3	B10	glyph apprentice	Thorn-Vayne	stone fen	Rylos source orbit	90	77	averaged_background_story_orbit_aesthetic_origin_distance	pending_art_reference
WC04796	Aerfirafendria4796	recurring-background	V3	B11	corridor child	Marso-len	pocket sanctuary	Kyreal source orbit	90	77	averaged_background_story_orbit_aesthetic_origin_distance	pending_art_reference
WC04797	Ashaavelglassael4797	deep-background	V3	B12	field healer	Rolzen-line	glass orchard	Thessa source orbit	90	77	averaged_background_story_orbit_aesthetic_origin_distance	pending_art_reference
WC04798	Caelcoriaendaravel4798	support	V3	B13	cavern farmer	Kyreal-pack	neith edge	Kael source orbit	90	77	averaged_background_story_orbit_aesthetic_origin_distance	pending_art_reference
WC04799	Ashagalenbrookarel4799	background	V3	B14	garden watcher	Xethrolund-glyph	willow-stone county	Pael source orbit	90	77	averaged_background_story_orbit_aesthetic_origin_distance	pending_art_reference
WC04800	Aerfiraluthbelldria4800	story	V3	B15	stone archivist	Pip-no-path	last open gate	Soth source orbit	90	77	averaged_background_story_orbit_aesthetic_origin_distance	pending_art_reference
WC04801	Aerfiramiredria4801	recurring-background	V3	B16	orchard guard	Mack-ground	diamond breakland	Vellin source orbit	90	77	averaged_background_story_orbit_aesthetic_origin_distance	pending_art_reference
WC04802	Aeranorfenaen4802	deep-background	V3	B17	sonomancy listener	Dervish-glass	black-heart ridge	Corrath source orbit	90	77	averaged_background_story_orbit_aesthetic_origin_distance	pending_art_reference
WC04803	Aeranorevaraiel4803	support	V3	B18	tunnel witness	Vayne	ash river	Dervish source orbit	90	77	averaged_background_story_orbit_aesthetic_origin_distance	pending_art_reference
WC04804	Aermaelororchardael4804	background	V3	B19	threshold mason	Null-Heart	morrow market	Pip source orbit	90	77	averaged_background_story_orbit_aesthetic_origin_distance	pending_art_reference
WC04805	Brenkelangalenaria4805	story	V3	B20	bookbinder	Iron-Song	root vale	Rolzen source orbit	90	77	averaged_background_story_orbit_aesthetic_origin_distance	pending_art_reference
WC04806	Brenbrinavelanoraen4806	recurring-background	V3	B21	bridge keeper	Wren-Ash	ripper tunnel	Xethrolund source orbit	90	77	averaged_background_story_orbit_aesthetic_origin_distance	pending_art_reference
WC04807	Aerindraianbelliven4807	deep-background	V3	B22	market singer	Thorn-Vayne	cello field	Rylos source orbit	90	77	averaged_background_story_orbit_aesthetic_origin_distance	pending_art_reference
WC04808	Ashaelionquartzion4808	support	V3	B23	glass forge worker	Marso-len	blue-light road	Kyreal source orbit	90	77	averaged_background_story_orbit_aesthetic_origin_distance	pending_art_reference
WC04809	Aeranorluthfenaen4809	background	V3	B24	ripper survivor	Rolzen-line	xeth glyph yard	Thessa source orbit	90	77	averaged_background_story_orbit_aesthetic_origin_distance	pending_art_reference
WC04810	Ashaelionmossdria4810	story	V3	B25	map seller	Kyreal-pack	stone fen	Kael source orbit	90	77	averaged_background_story_orbit_aesthetic_origin_distance	pending_art_reference
WC04811	Aerindramirearia4811	recurring-background	V3	B26	cellar cook	Xethrolund-glyph	pocket sanctuary	Pael source orbit	90	77	averaged_background_story_orbit_aesthetic_origin_distance	pending_art_reference
WC04812	Aerindraamarion4812	deep-background	V3	B27	triage helper	Pip-no-path	glass orchard	Soth source orbit	90	77	averaged_background_story_orbit_aesthetic_origin_distance	pending_art_reference
WC04813	Ashanaraquartzarel4813	support	V3	B28	faction runner	Mack-ground	neith edge	Vellin source orbit	90	77	averaged_background_story_orbit_aesthetic_origin_distance	pending_art_reference
WC04814	Aerfiradria4814	background	V3	B29	wolf-road scout	Dervish-glass	willow-stone county	Corrath source orbit	90	77	averaged_background_story_orbit_aesthetic_origin_distance	pending_art_reference
WC04815	Aeranoramaraelaria4815	story	V3	B30	glyph apprentice	Vayne	last open gate	Dervish source orbit	90	77	averaged_background_story_orbit_aesthetic_origin_distance	pending_art_reference
WC04816	Ashaelioncinderael4816	recurring-background	V3	B31	corridor child	Null-Heart	diamond breakland	Pip source orbit	90	77	averaged_background_story_orbit_aesthetic_origin_distance	pending_art_reference
WC04817	Aerdalenianmossaria4817	deep-background	V3	B32	field healer	Iron-Song	black-heart ridge	Rolzen source orbit	90	77	averaged_background_story_orbit_aesthetic_origin_distance	pending_art_reference
WC04818	Aerfirabrookavel4818	support	V3	B33	cavern farmer	Wren-Ash	ash river	Xethrolund source orbit	90	77	averaged_background_story_orbit_aesthetic_origin_distance	pending_art_reference
WC04819	Caelevaraglassdria4819	background	V3	B01	garden watcher	Thorn-Vayne	morrow market	Rylos source orbit	90	77	averaged_background_story_orbit_aesthetic_origin_distance	pending_art_reference
WC04820	Aerfiraianforgeael4820	story	V3	B02	stone archivist	Marso-len	root vale	Kyreal source orbit	90	77	averaged_background_story_orbit_aesthetic_origin_distance	pending_art_reference
WC04821	Aeranordion4821	recurring-background	V3	B03	orchard guard	Rolzen-line	ripper tunnel	Thessa source orbit	90	77	averaged_background_story_orbit_aesthetic_origin_distance	pending_art_reference
WC04822	Aeranorianmarrowion4822	deep-background	V3	B04	sonomancy listener	Kyreal-pack	cello field	Kael source orbit	90	77	averaged_background_story_orbit_aesthetic_origin_distance	pending_art_reference
WC04823	Ashanaraiven4823	support	V3	B05	tunnel witness	Xethrolund-glyph	blue-light road	Pael source orbit	90	77	averaged_background_story_orbit_aesthetic_origin_distance	pending_art_reference
WC04824	Brenbrinnaraen4824	background	V3	B06	threshold mason	Pip-no-path	xeth glyph yard	Soth source orbit	90	77	averaged_background_story_orbit_aesthetic_origin_distance	pending_art_reference
WC04825	Ashanarafiraianion4825	story	V3	B07	bookbinder	Mack-ground	stone fen	Vellin source orbit	90	77	averaged_background_story_orbit_aesthetic_origin_distance	pending_art_reference
WC04826	Aerindraarel4826	recurring-background	V3	B08	bridge keeper	Dervish-glass	pocket sanctuary	Corrath source orbit	90	77	averaged_background_story_orbit_aesthetic_origin_distance	pending_art_reference
WC04827	Ashaavelelle4827	deep-background	V3	B09	market singer	Vayne	glass orchard	Dervish source orbit	90	77	averaged_background_story_orbit_aesthetic_origin_distance	pending_art_reference
WC04828	Aerfiralarkavel4828	support	V3	B10	glass forge worker	Null-Heart	neith edge	Pip source orbit	90	77	averaged_background_story_orbit_aesthetic_origin_distance	pending_art_reference
WC04829	Aeranorcoriaen4829	background	V3	B11	ripper survivor	Iron-Song	willow-stone county	Rolzen source orbit	90	77	averaged_background_story_orbit_aesthetic_origin_distance	pending_art_reference
WC04830	Ashanarahollowelle4830	story	V3	B12	map seller	Wren-Ash	last open gate	Xethrolund source orbit	90	77	averaged_background_story_orbit_aesthetic_origin_distance	pending_art_reference
WC04831	Aeranorcoriael4831	recurring-background	V3	B13	cellar cook	Thorn-Vayne	diamond breakland	Rylos source orbit	90	77	averaged_background_story_orbit_aesthetic_origin_distance	pending_art_reference
WC04832	Brenhaloriven4832	deep-background	V3	B14	triage helper	Marso-len	black-heart ridge	Kyreal source orbit	90	77	averaged_background_story_orbit_aesthetic_origin_distance	pending_art_reference
WC04833	Aerindraashavel4833	support	V3	B15	faction runner	Rolzen-line	ash river	Thessa source orbit	90	77	averaged_background_story_orbit_aesthetic_origin_distance	pending_art_reference
WC04834	Ashaavelashavel4834	background	V3	B16	wolf-road scout	Kyreal-pack	morrow market	Kael source orbit	90	77	averaged_background_story_orbit_aesthetic_origin_distance	pending_art_reference
WC04835	Brenaelnaraemberaen4835	story	V3	B17	glyph apprentice	Xethrolund-glyph	root vale	Pael source orbit	90	77	averaged_background_story_orbit_aesthetic_origin_distance	pending_art_reference
WC04836	Aeranorluthlarkion4836	recurring-background	V3	B18	corridor child	Pip-no-path	ripper tunnel	Soth source orbit	90	77	averaged_background_story_orbit_aesthetic_origin_distance	pending_art_reference
WC04837	Aerindracoriamossel4837	deep-background	V3	B19	field healer	Mack-ground	cello field	Vellin source orbit	90	77	averaged_background_story_orbit_aesthetic_origin_distance	pending_art_reference
WC04838	Aerindraavel4838	support	V3	B20	cavern farmer	Dervish-glass	blue-light road	Corrath source orbit	90	77	averaged_background_story_orbit_aesthetic_origin_distance	pending_art_reference
WC04839	Aermaelorianbelliel4839	background	V3	B21	garden watcher	Vayne	xeth glyph yard	Dervish source orbit	90	77	averaged_background_story_orbit_aesthetic_origin_distance	pending_art_reference
WC04840	Aermaelorcoriaen4840	story	V3	B22	stone archivist	Null-Heart	stone fen	Pip source orbit	90	77	averaged_background_story_orbit_aesthetic_origin_distance	pending_art_reference
WC04841	Aermaelormireen4841	recurring-background	V3	B23	orchard guard	Iron-Song	pocket sanctuary	Rolzen source orbit	90	77	averaged_background_story_orbit_aesthetic_origin_distance	pending_art_reference
WC04842	Aerfirabrookarel4842	deep-background	V3	B24	sonomancy listener	Wren-Ash	glass orchard	Xethrolund source orbit	90	77	averaged_background_story_orbit_aesthetic_origin_distance	pending_art_reference
WC04843	Aerfiracoriabelliel4843	support	V3	B25	tunnel witness	Thorn-Vayne	neith edge	Rylos source orbit	90	77	averaged_background_story_orbit_aesthetic_origin_distance	pending_art_reference
WC04844	Aerindraaen4844	background	V3	B26	threshold mason	Marso-len	willow-stone county	Kyreal source orbit	90	77	averaged_background_story_orbit_aesthetic_origin_distance	pending_art_reference
WC04845	Aeranorianfenaria4845	story	V3	B27	bookbinder	Rolzen-line	last open gate	Thessa source orbit	90	77	averaged_background_story_orbit_aesthetic_origin_distance	pending_art_reference
WC04846	Aerindraen4846	recurring-background	V3	B28	bridge keeper	Kyreal-pack	diamond breakland	Kael source orbit	90	77	averaged_background_story_orbit_aesthetic_origin_distance	pending_art_reference
WC04847	Aermaelorevaraaelen4847	deep-background	V3	B29	market singer	Xethrolund-glyph	black-heart ridge	Pael source orbit	90	77	averaged_background_story_orbit_aesthetic_origin_distance	pending_art_reference
WC04848	Ashanaramireen4848	support	V3	B30	glass forge worker	Pip-no-path	ash river	Soth source orbit	90	77	averaged_background_story_orbit_aesthetic_origin_distance	pending_art_reference
WC04849	Aerdalenianasharia4849	background	V3	B31	ripper survivor	Mack-ground	morrow market	Vellin source orbit	90	77	averaged_background_story_orbit_aesthetic_origin_distance	pending_art_reference
WC04850	Aerfiraluthiel4850	story	V3	B32	map seller	Dervish-glass	root vale	Corrath source orbit	90	77	averaged_background_story_orbit_aesthetic_origin_distance	pending_art_reference
WC04851	Brenbrinavelion4851	recurring-background	V3	B33	cellar cook	Vayne	ripper tunnel	Dervish source orbit	90	77	averaged_background_story_orbit_aesthetic_origin_distance	pending_art_reference
WC04852	Ashaavelfiraaen4852	deep-background	V3	B01	triage helper	Null-Heart	cello field	Pip source orbit	90	77	averaged_background_story_orbit_aesthetic_origin_distance	pending_art_reference
WC04853	Aeranorianivydria4853	support	V3	B02	faction runner	Iron-Song	blue-light road	Rolzen source orbit	90	77	averaged_background_story_orbit_aesthetic_origin_distance	pending_art_reference
WC04854	Aermaelorgroveiven4854	background	V3	B03	wolf-road scout	Wren-Ash	xeth glyph yard	Xethrolund source orbit	90	77	averaged_background_story_orbit_aesthetic_origin_distance	pending_art_reference
WC04855	Aerfiraamarion4855	story	V3	B04	glyph apprentice	Thorn-Vayne	stone fen	Rylos source orbit	90	77	averaged_background_story_orbit_aesthetic_origin_distance	pending_art_reference
WC04856	Aerdalenael4856	recurring-background	V3	B05	corridor child	Marso-len	pocket sanctuary	Kyreal source orbit	90	77	averaged_background_story_orbit_aesthetic_origin_distance	pending_art_reference
WC04857	Aeranorcoriafendion4857	deep-background	V3	B06	field healer	Rolzen-line	glass orchard	Thessa source orbit	90	77	averaged_background_story_orbit_aesthetic_origin_distance	pending_art_reference
WC04858	Aeranoramarel4858	support	V3	B07	cavern farmer	Kyreal-pack	neith edge	Kael source orbit	90	77	averaged_background_story_orbit_aesthetic_origin_distance	pending_art_reference
WC04859	Aerdalenluthivyavel4859	background	V3	B08	garden watcher	Xethrolund-glyph	willow-stone county	Pael source orbit	90	77	averaged_background_story_orbit_aesthetic_origin_distance	pending_art_reference
WC04860	Brenbrinelionion4860	story	V3	B09	stone archivist	Pip-no-path	last open gate	Soth source orbit	90	77	averaged_background_story_orbit_aesthetic_origin_distance	pending_art_reference
WC04861	Ashagalenbrookael4861	recurring-background	V3	B10	orchard guard	Mack-ground	diamond breakland	Vellin source orbit	90	77	averaged_background_story_orbit_aesthetic_origin_distance	pending_art_reference
WC04862	Aerfiraluthmossion4862	deep-background	V3	B11	sonomancy listener	Dervish-glass	black-heart ridge	Corrath source orbit	90	77	averaged_background_story_orbit_aesthetic_origin_distance	pending_art_reference
WC04863	Aermaeloriancrownen4863	support	V3	B12	tunnel witness	Vayne	ash river	Dervish source orbit	90	77	averaged_background_story_orbit_aesthetic_origin_distance	pending_art_reference
WC04864	Aeranorglassael4864	background	V3	B13	threshold mason	Null-Heart	morrow market	Pip source orbit	90	77	averaged_background_story_orbit_aesthetic_origin_distance	pending_art_reference
WC04865	Brenaeljoraaria4865	story	V3	B14	bookbinder	Iron-Song	root vale	Rolzen source orbit	90	77	averaged_background_story_orbit_aesthetic_origin_distance	pending_art_reference
WC04866	Aeranorevaraaelarel4866	recurring-background	V3	B15	bridge keeper	Wren-Ash	ripper tunnel	Xethrolund source orbit	90	77	averaged_background_story_orbit_aesthetic_origin_distance	pending_art_reference
WC04867	Aerfiraianaeldria4867	deep-background	V3	B16	market singer	Thorn-Vayne	cello field	Rylos source orbit	90	77	averaged_background_story_orbit_aesthetic_origin_distance	pending_art_reference
WC04868	Ashaavelavel4868	support	V3	B17	glass forge worker	Marso-len	blue-light road	Kyreal source orbit	90	77	averaged_background_story_orbit_aesthetic_origin_distance	pending_art_reference
WC04869	Aerfiraivyaria4869	background	V3	B18	ripper survivor	Rolzen-line	xeth glyph yard	Thessa source orbit	90	77	averaged_background_story_orbit_aesthetic_origin_distance	pending_art_reference
WC04870	Ashaelionindradria4870	story	V3	B19	map seller	Kyreal-pack	stone fen	Kael source orbit	90	77	averaged_background_story_orbit_aesthetic_origin_distance	pending_art_reference
WC04871	Aerfiraamarhaloraen4871	recurring-background	V3	B20	cellar cook	Xethrolund-glyph	pocket sanctuary	Pael source orbit	90	77	averaged_background_story_orbit_aesthetic_origin_distance	pending_art_reference
WC04872	Aeranorluthel4872	deep-background	V3	B21	triage helper	Pip-no-path	glass orchard	Soth source orbit	90	77	averaged_background_story_orbit_aesthetic_origin_distance	pending_art_reference
WC04873	Ashajoradalenianael4873	support	V3	B22	faction runner	Mack-ground	neith edge	Vellin source orbit	90	77	averaged_background_story_orbit_aesthetic_origin_distance	pending_art_reference
WC04874	Aerdalenarel4874	background	V3	B23	wolf-road scout	Dervish-glass	willow-stone county	Corrath source orbit	90	77	averaged_background_story_orbit_aesthetic_origin_distance	pending_art_reference
WC04875	Ashagalenriverdion4875	story	V3	B24	glyph apprentice	Vayne	last open gate	Dervish source orbit	90	77	averaged_background_story_orbit_aesthetic_origin_distance	pending_art_reference
WC04876	Ashajoramossion4876	recurring-background	V3	B25	corridor child	Null-Heart	diamond breakland	Pip source orbit	90	77	averaged_background_story_orbit_aesthetic_origin_distance	pending_art_reference
WC04877	Ashaavelanorfenaen4877	deep-background	V3	B26	field healer	Iron-Song	black-heart ridge	Rolzen source orbit	90	77	averaged_background_story_orbit_aesthetic_origin_distance	pending_art_reference
WC04878	Aerdalenianglassion4878	support	V3	B27	cavern farmer	Wren-Ash	ash river	Xethrolund source orbit	90	77	averaged_background_story_orbit_aesthetic_origin_distance	pending_art_reference
WC04879	Brenaelgalenael4879	background	V3	B28	garden watcher	Thorn-Vayne	morrow market	Rylos source orbit	90	77	averaged_background_story_orbit_aesthetic_origin_distance	pending_art_reference
WC04880	Aeranorcoriaendarel4880	story	V3	B29	stone archivist	Marso-len	root vale	Kyreal source orbit	90	77	averaged_background_story_orbit_aesthetic_origin_distance	pending_art_reference
WC04881	Aermaelorforgeaen4881	recurring-background	V3	B30	orchard guard	Rolzen-line	ripper tunnel	Thessa source orbit	90	77	averaged_background_story_orbit_aesthetic_origin_distance	pending_art_reference
WC04882	Aerindraianendarion4882	deep-background	V3	B31	sonomancy listener	Kyreal-pack	cello field	Kael source orbit	90	77	averaged_background_story_orbit_aesthetic_origin_distance	pending_art_reference
WC04883	Aerfiraevaraashion4883	support	V3	B32	tunnel witness	Xethrolund-glyph	blue-light road	Pael source orbit	90	77	averaged_background_story_orbit_aesthetic_origin_distance	pending_art_reference
WC04884	Caelamarbrinel4884	background	V3	B33	threshold mason	Pip-no-path	xeth glyph yard	Soth source orbit	90	77	averaged_background_story_orbit_aesthetic_origin_distance	pending_art_reference
WC04885	Aerindraamarivyaen4885	story	V3	B01	bookbinder	Mack-ground	stone fen	Vellin source orbit	90	77	averaged_background_story_orbit_aesthetic_origin_distance	pending_art_reference
WC04886	Brenaelavelfiraen4886	recurring-background	V3	B02	bridge keeper	Dervish-glass	pocket sanctuary	Corrath source orbit	90	77	averaged_background_story_orbit_aesthetic_origin_distance	pending_art_reference
WC04887	Ashaelionriverdria4887	deep-background	V3	B03	market singer	Vayne	glass orchard	Dervish source orbit	90	77	averaged_background_story_orbit_aesthetic_origin_distance	pending_art_reference
WC04888	Brenbrinhollowdria4888	support	V3	B04	glass forge worker	Null-Heart	neith edge	Pip source orbit	90	77	averaged_background_story_orbit_aesthetic_origin_distance	pending_art_reference
WC04889	Ashanaradalenel4889	background	V3	B05	ripper survivor	Iron-Song	willow-stone county	Rolzen source orbit	90	77	averaged_background_story_orbit_aesthetic_origin_distance	pending_art_reference
WC04890	Caelevarakelanel4890	story	V3	B06	map seller	Wren-Ash	last open gate	Xethrolund source orbit	90	77	averaged_background_story_orbit_aesthetic_origin_distance	pending_art_reference
WC04891	Brenaelelionelle4891	recurring-background	V3	B07	cellar cook	Thorn-Vayne	diamond breakland	Rylos source orbit	90	77	averaged_background_story_orbit_aesthetic_origin_distance	pending_art_reference
WC04892	Aerindraianbrindria4892	deep-background	V3	B08	triage helper	Marso-len	black-heart ridge	Kyreal source orbit	90	77	averaged_background_story_orbit_aesthetic_origin_distance	pending_art_reference
WC04893	Aerindraamarfenael4893	support	V3	B09	faction runner	Rolzen-line	ash river	Thessa source orbit	90	77	averaged_background_story_orbit_aesthetic_origin_distance	pending_art_reference
WC04894	Aeranoramargroveen4894	background	V3	B10	wolf-road scout	Kyreal-pack	morrow market	Kael source orbit	90	77	averaged_background_story_orbit_aesthetic_origin_distance	pending_art_reference
WC04895	Ashanaragroveavel4895	story	V3	B11	glyph apprentice	Xethrolund-glyph	root vale	Pael source orbit	90	77	averaged_background_story_orbit_aesthetic_origin_distance	pending_art_reference
WC04896	Aeranorevaraaelaria4896	recurring-background	V3	B12	corridor child	Pip-no-path	ripper tunnel	Soth source orbit	90	77	averaged_background_story_orbit_aesthetic_origin_distance	pending_art_reference
WC04897	Aeranorriveravel4897	deep-background	V3	B13	field healer	Mack-ground	cello field	Vellin source orbit	90	77	averaged_background_story_orbit_aesthetic_origin_distance	pending_art_reference
WC04898	Aerindrafeniel4898	support	V3	B14	cavern farmer	Dervish-glass	blue-light road	Corrath source orbit	90	77	averaged_background_story_orbit_aesthetic_origin_distance	pending_art_reference
WC04899	Aerdalenael4899	background	V3	B15	garden watcher	Vayne	xeth glyph yard	Dervish source orbit	90	77	averaged_background_story_orbit_aesthetic_origin_distance	pending_art_reference
WC04900	Aerfiraianaelfenaen4900	story	V3	B16	stone archivist	Null-Heart	stone fen	Pip source orbit	90	77	averaged_background_story_orbit_aesthetic_origin_distance	pending_art_reference
WC04901	Caelcoriaiven4901	recurring-background	V3	B17	orchard guard	Iron-Song	pocket sanctuary	Rolzen source orbit	90	77	averaged_background_story_orbit_aesthetic_origin_distance	pending_art_reference
WC04902	Aeranoremberiven4902	deep-background	V3	B18	sonomancy listener	Wren-Ash	glass orchard	Xethrolund source orbit	90	77	averaged_background_story_orbit_aesthetic_origin_distance	pending_art_reference
WC04903	Ashagalenfenael4903	support	V3	B19	tunnel witness	Thorn-Vayne	neith edge	Rylos source orbit	90	77	averaged_background_story_orbit_aesthetic_origin_distance	pending_art_reference
WC04904	Aermaelorianaeliven4904	background	V3	B20	threshold mason	Marso-len	willow-stone county	Kyreal source orbit	90	77	averaged_background_story_orbit_aesthetic_origin_distance	pending_art_reference
WC04905	Aeranordion4905	story	V3	B21	bookbinder	Rolzen-line	last open gate	Thessa source orbit	90	77	averaged_background_story_orbit_aesthetic_origin_distance	pending_art_reference
WC04906	Aerindraiven4906	recurring-background	V3	B22	bridge keeper	Kyreal-pack	diamond breakland	Kael source orbit	90	77	averaged_background_story_orbit_aesthetic_origin_distance	pending_art_reference
WC04907	Aerfiracoriaasharel4907	deep-background	V3	B23	market singer	Xethrolund-glyph	black-heart ridge	Pael source orbit	90	77	averaged_background_story_orbit_aesthetic_origin_distance	pending_art_reference
WC04908	Aeranorluthel4908	support	V3	B24	glass forge worker	Pip-no-path	ash river	Soth source orbit	90	77	averaged_background_story_orbit_aesthetic_origin_distance	pending_art_reference
WC04909	Aerindracoriaashel4909	background	V3	B25	ripper survivor	Mack-ground	morrow market	Vellin source orbit	90	77	averaged_background_story_orbit_aesthetic_origin_distance	pending_art_reference
WC04910	Aerfiraianmossdria4910	story	V3	B26	map seller	Dervish-glass	root vale	Corrath source orbit	90	77	averaged_background_story_orbit_aesthetic_origin_distance	pending_art_reference
WC04911	Aerdalenamarhaloren4911	recurring-background	V3	B27	cellar cook	Vayne	ripper tunnel	Dervish source orbit	90	77	averaged_background_story_orbit_aesthetic_origin_distance	pending_art_reference
WC04912	Aeranorianquartzen4912	deep-background	V3	B28	triage helper	Null-Heart	cello field	Pip source orbit	90	77	averaged_background_story_orbit_aesthetic_origin_distance	pending_art_reference
WC04913	Aerdalenamarmossen4913	support	V3	B29	faction runner	Iron-Song	blue-light road	Rolzen source orbit	90	77	averaged_background_story_orbit_aesthetic_origin_distance	pending_art_reference
WC04914	Ashaaveldalenion4914	background	V3	B30	wolf-road scout	Wren-Ash	xeth glyph yard	Xethrolund source orbit	90	77	averaged_background_story_orbit_aesthetic_origin_distance	pending_art_reference
WC04915	Aerdalenianbellavel4915	story	V3	B31	glyph apprentice	Thorn-Vayne	stone fen	Rylos source orbit	90	77	averaged_background_story_orbit_aesthetic_origin_distance	pending_art_reference
WC04916	Ashaavelanorluthen4916	recurring-background	V3	B32	corridor child	Marso-len	pocket sanctuary	Kyreal source orbit	90	77	averaged_background_story_orbit_aesthetic_origin_distance	pending_art_reference
WC04917	Aerindraashiven4917	deep-background	V3	B33	field healer	Rolzen-line	glass orchard	Thessa source orbit	90	77	averaged_background_story_orbit_aesthetic_origin_distance	pending_art_reference
WC04918	Aerfiradria4918	support	V3	B01	cavern farmer	Kyreal-pack	neith edge	Kael source orbit	90	77	averaged_background_story_orbit_aesthetic_origin_distance	pending_art_reference
WC04919	Aeranoriancinderaen4919	background	V3	B02	garden watcher	Xethrolund-glyph	willow-stone county	Pael source orbit	90	77	averaged_background_story_orbit_aesthetic_origin_distance	pending_art_reference
WC04920	Aerfiraamarglassen4920	story	V3	B03	stone archivist	Pip-no-path	last open gate	Soth source orbit	90	77	averaged_background_story_orbit_aesthetic_origin_distance	pending_art_reference
WC04921	Ashajoraanorevaraen4921	recurring-background	V3	B04	orchard guard	Mack-ground	diamond breakland	Vellin source orbit	90	77	averaged_background_story_orbit_aesthetic_origin_distance	pending_art_reference
WC04922	Aerindrariveraen4922	deep-background	V3	B05	sonomancy listener	Dervish-glass	black-heart ridge	Corrath source orbit	90	77	averaged_background_story_orbit_aesthetic_origin_distance	pending_art_reference
WC04923	Ashagalenmaeloravel4923	support	V3	B06	tunnel witness	Vayne	ash river	Dervish source orbit	90	77	averaged_background_story_orbit_aesthetic_origin_distance	pending_art_reference
WC04924	Brenaelfenelle4924	background	V3	B07	threshold mason	Null-Heart	morrow market	Pip source orbit	90	77	averaged_background_story_orbit_aesthetic_origin_distance	pending_art_reference
WC04925	Aerfiraavel4925	story	V3	B08	bookbinder	Iron-Song	root vale	Rolzen source orbit	90	77	averaged_background_story_orbit_aesthetic_origin_distance	pending_art_reference
WC04926	Aerfiraamarbellarel4926	recurring-background	V3	B09	bridge keeper	Wren-Ash	ripper tunnel	Xethrolund source orbit	90	77	averaged_background_story_orbit_aesthetic_origin_distance	pending_art_reference
WC04927	Aeranorluthdion4927	deep-background	V3	B10	market singer	Thorn-Vayne	cello field	Rylos source orbit	90	77	averaged_background_story_orbit_aesthetic_origin_distance	pending_art_reference
WC04928	Aeranorianivydion4928	support	V3	B11	glass forge worker	Marso-len	blue-light road	Kyreal source orbit	90	77	averaged_background_story_orbit_aesthetic_origin_distance	pending_art_reference
WC04929	Ashaavelorchardiven4929	background	V3	B12	ripper survivor	Rolzen-line	xeth glyph yard	Thessa source orbit	90	77	averaged_background_story_orbit_aesthetic_origin_distance	pending_art_reference
WC04930	Aerdalendria4930	story	V3	B13	map seller	Kyreal-pack	stone fen	Kael source orbit	90	77	averaged_background_story_orbit_aesthetic_origin_distance	pending_art_reference
WC04931	Aerfiraamarmossaen4931	recurring-background	V3	B14	cellar cook	Xethrolund-glyph	pocket sanctuary	Pael source orbit	90	77	averaged_background_story_orbit_aesthetic_origin_distance	pending_art_reference
WC04932	Ashanaraanorianael4932	deep-background	V3	B15	triage helper	Pip-no-path	glass orchard	Soth source orbit	90	77	averaged_background_story_orbit_aesthetic_origin_distance	pending_art_reference
WC04933	Brenaelavelanoren4933	support	V3	B16	faction runner	Mack-ground	neith edge	Vellin source orbit	90	77	averaged_background_story_orbit_aesthetic_origin_distance	pending_art_reference
WC04934	Aeranorarel4934	background	V3	B17	wolf-road scout	Dervish-glass	willow-stone county	Corrath source orbit	90	77	averaged_background_story_orbit_aesthetic_origin_distance	pending_art_reference
WC04935	Ashaelionriverelle4935	story	V3	B18	glyph apprentice	Vayne	last open gate	Dervish source orbit	90	77	averaged_background_story_orbit_aesthetic_origin_distance	pending_art_reference
WC04936	Ashaelionmossaria4936	recurring-background	V3	B19	corridor child	Null-Heart	diamond breakland	Pip source orbit	90	77	averaged_background_story_orbit_aesthetic_origin_distance	pending_art_reference
WC04937	Aermaelorriveravel4937	deep-background	V3	B20	field healer	Iron-Song	black-heart ridge	Rolzen source orbit	90	77	averaged_background_story_orbit_aesthetic_origin_distance	pending_art_reference
WC04938	Ashaaveldalendion4938	support	V3	B21	cavern farmer	Wren-Ash	ash river	Xethrolund source orbit	90	77	averaged_background_story_orbit_aesthetic_origin_distance	pending_art_reference
WC04939	Ashaavelaria4939	background	V3	B22	garden watcher	Thorn-Vayne	morrow market	Rylos source orbit	90	77	averaged_background_story_orbit_aesthetic_origin_distance	pending_art_reference
WC04940	Aerindraevaraivyion4940	story	V3	B23	stone archivist	Marso-len	root vale	Kyreal source orbit	90	77	averaged_background_story_orbit_aesthetic_origin_distance	pending_art_reference
WC04941	Aerindraamarfenel4941	recurring-background	V3	B24	orchard guard	Rolzen-line	ripper tunnel	Thessa source orbit	90	77	averaged_background_story_orbit_aesthetic_origin_distance	pending_art_reference
WC04942	Ashaavelfiraluthaen4942	deep-background	V3	B25	sonomancy listener	Kyreal-pack	cello field	Kael source orbit	90	77	averaged_background_story_orbit_aesthetic_origin_distance	pending_art_reference
WC04943	Aermaelorianivyel4943	support	V3	B26	tunnel witness	Xethrolund-glyph	blue-light road	Pael source orbit	90	77	averaged_background_story_orbit_aesthetic_origin_distance	pending_art_reference
WC04944	Aeranorluthcrownael4944	background	V3	B27	threshold mason	Pip-no-path	xeth glyph yard	Soth source orbit	90	77	averaged_background_story_orbit_aesthetic_origin_distance	pending_art_reference
WC04945	Aerdalenarel4945	story	V3	B28	bookbinder	Mack-ground	stone fen	Vellin source orbit	90	77	averaged_background_story_orbit_aesthetic_origin_distance	pending_art_reference
WC04946	Aermaeloriven4946	recurring-background	V3	B29	bridge keeper	Dervish-glass	pocket sanctuary	Corrath source orbit	90	77	averaged_background_story_orbit_aesthetic_origin_distance	pending_art_reference
WC04947	Ashajorafiraen4947	deep-background	V3	B30	market singer	Vayne	glass orchard	Dervish source orbit	90	77	averaged_background_story_orbit_aesthetic_origin_distance	pending_art_reference
WC04948	Ashanaracinderdion4948	support	V3	B31	glass forge worker	Null-Heart	neith edge	Pip source orbit	90	77	averaged_background_story_orbit_aesthetic_origin_distance	pending_art_reference
WC04949	Brenaelnaraemberael4949	background	V3	B32	ripper survivor	Iron-Song	willow-stone county	Rolzen source orbit	90	77	averaged_background_story_orbit_aesthetic_origin_distance	pending_art_reference
WC04950	Aerfiraluthkelanael4950	story	V3	B33	map seller	Wren-Ash	last open gate	Xethrolund source orbit	90	77	averaged_background_story_orbit_aesthetic_origin_distance	pending_art_reference
WC04951	Aerfiraianlarkaen4951	recurring-background	V3	B01	cellar cook	Thorn-Vayne	diamond breakland	Rylos source orbit	90	77	averaged_background_story_orbit_aesthetic_origin_distance	pending_art_reference
WC04952	Caelamarendarjorael4952	deep-background	V3	B02	triage helper	Marso-len	black-heart ridge	Kyreal source orbit	90	77	averaged_background_story_orbit_aesthetic_origin_distance	pending_art_reference
WC04953	Caelcoriaendarel4953	support	V3	B03	faction runner	Rolzen-line	ash river	Thessa source orbit	90	77	averaged_background_story_orbit_aesthetic_origin_distance	pending_art_reference
WC04954	Aeranorlarkiel4954	background	V3	B04	wolf-road scout	Kyreal-pack	morrow market	Kael source orbit	90	77	averaged_background_story_orbit_aesthetic_origin_distance	pending_art_reference
WC04955	Darodalencoriaelle4955	story	V3	B05	glyph apprentice	Xethrolund-glyph	root vale	Pael source orbit	90	77	averaged_background_story_orbit_aesthetic_origin_distance	pending_art_reference
WC04956	Brenkelanmossdria4956	recurring-background	V3	B06	corridor child	Pip-no-path	ripper tunnel	Soth source orbit	90	77	averaged_background_story_orbit_aesthetic_origin_distance	pending_art_reference
WC04957	Brenaelelioniven4957	deep-background	V3	B07	field healer	Mack-ground	cello field	Vellin source orbit	90	77	averaged_background_story_orbit_aesthetic_origin_distance	pending_art_reference
WC04958	Aeranoriankelanen4958	support	V3	B08	cavern farmer	Dervish-glass	blue-light road	Corrath source orbit	90	77	averaged_background_story_orbit_aesthetic_origin_distance	pending_art_reference
WC04959	Ashagalenfenion4959	background	V3	B09	garden watcher	Vayne	xeth glyph yard	Dervish source orbit	90	77	averaged_background_story_orbit_aesthetic_origin_distance	pending_art_reference
WC04960	Aermaelorcrownarel4960	story	V3	B10	stone archivist	Null-Heart	stone fen	Pip source orbit	90	77	averaged_background_story_orbit_aesthetic_origin_distance	pending_art_reference
WC04961	Ashagalenfiraluthen4961	recurring-background	V3	B11	orchard guard	Iron-Song	pocket sanctuary	Rolzen source orbit	90	77	averaged_background_story_orbit_aesthetic_origin_distance	pending_art_reference
WC04962	Ashaelionmireael4962	deep-background	V3	B12	sonomancy listener	Wren-Ash	glass orchard	Xethrolund source orbit	90	77	averaged_background_story_orbit_aesthetic_origin_distance	pending_art_reference
WC04963	Aerfiraianbellelle4963	support	V3	B13	tunnel witness	Thorn-Vayne	neith edge	Rylos source orbit	90	77	averaged_background_story_orbit_aesthetic_origin_distance	pending_art_reference
WC04964	Aeranoramarivydria4964	background	V3	B14	threshold mason	Marso-len	willow-stone county	Kyreal source orbit	90	77	averaged_background_story_orbit_aesthetic_origin_distance	pending_art_reference
WC04965	Aerdalenluthmireael4965	story	V3	B15	bookbinder	Rolzen-line	last open gate	Thessa source orbit	90	77	averaged_background_story_orbit_aesthetic_origin_distance	pending_art_reference
WC04966	Aerfiraianbrookavel4966	recurring-background	V3	B16	bridge keeper	Kyreal-pack	diamond breakland	Kael source orbit	90	77	averaged_background_story_orbit_aesthetic_origin_distance	pending_art_reference
WC04967	Aeranorluthelle4967	deep-background	V3	B17	market singer	Xethrolund-glyph	black-heart ridge	Pael source orbit	90	77	averaged_background_story_orbit_aesthetic_origin_distance	pending_art_reference
WC04968	Aerdalenamaraelaen4968	support	V3	B18	glass forge worker	Pip-no-path	ash river	Soth source orbit	90	77	averaged_background_story_orbit_aesthetic_origin_distance	pending_art_reference
WC04969	Aerdalenevaraivyael4969	background	V3	B19	ripper survivor	Mack-ground	morrow market	Vellin source orbit	90	77	averaged_background_story_orbit_aesthetic_origin_distance	pending_art_reference
WC04970	Aermaeloramarivyen4970	story	V3	B20	map seller	Dervish-glass	root vale	Corrath source orbit	90	77	averaged_background_story_orbit_aesthetic_origin_distance	pending_art_reference
WC04971	Brenkelanelionael4971	recurring-background	V3	B21	cellar cook	Vayne	ripper tunnel	Dervish source orbit	90	77	averaged_background_story_orbit_aesthetic_origin_distance	pending_art_reference
WC04972	Aerdalenianbrindria4972	deep-background	V3	B22	triage helper	Null-Heart	cello field	Pip source orbit	90	77	averaged_background_story_orbit_aesthetic_origin_distance	pending_art_reference
WC04973	Brenaeljoragroveaen4973	support	V3	B23	faction runner	Iron-Song	blue-light road	Rolzen source orbit	90	77	averaged_background_story_orbit_aesthetic_origin_distance	pending_art_reference
WC04974	Aerfiraaria4974	background	V3	B24	wolf-road scout	Wren-Ash	xeth glyph yard	Xethrolund source orbit	90	77	averaged_background_story_orbit_aesthetic_origin_distance	pending_art_reference
WC04975	Aerindradria4975	story	V3	B25	glyph apprentice	Thorn-Vayne	stone fen	Rylos source orbit	90	77	averaged_background_story_orbit_aesthetic_origin_distance	pending_art_reference
WC04976	Aerdalenluthmossiel4976	recurring-background	V3	B26	corridor child	Marso-len	pocket sanctuary	Kyreal source orbit	90	77	averaged_background_story_orbit_aesthetic_origin_distance	pending_art_reference
WC04977	Aeranorforgeiven4977	deep-background	V3	B27	field healer	Rolzen-line	glass orchard	Thessa source orbit	90	77	averaged_background_story_orbit_aesthetic_origin_distance	pending_art_reference
WC04978	Caelluthael4978	support	V3	B28	cavern farmer	Kyreal-pack	neith edge	Kael source orbit	90	77	averaged_background_story_orbit_aesthetic_origin_distance	pending_art_reference
WC04979	Aerfiraamarashavel4979	background	V3	B29	garden watcher	Xethrolund-glyph	willow-stone county	Pael source orbit	90	77	averaged_background_story_orbit_aesthetic_origin_distance	pending_art_reference
WC04980	Caelcoriaendariven4980	story	V3	B30	stone archivist	Pip-no-path	last open gate	Soth source orbit	90	77	averaged_background_story_orbit_aesthetic_origin_distance	pending_art_reference
WC04981	Aerfiraamarivyiel4981	recurring-background	V3	B31	orchard guard	Mack-ground	diamond breakland	Vellin source orbit	90	77	averaged_background_story_orbit_aesthetic_origin_distance	pending_art_reference
WC04982	Ashaavelanordion4982	deep-background	V3	B32	sonomancy listener	Dervish-glass	black-heart ridge	Corrath source orbit	90	77	averaged_background_story_orbit_aesthetic_origin_distance	pending_art_reference
WC04983	Ashagalenanorianiel4983	support	V3	B33	tunnel witness	Vayne	ash river	Dervish source orbit	90	77	averaged_background_story_orbit_aesthetic_origin_distance	pending_art_reference
WC04984	Ashaavelindraarel4984	background	V3	B01	threshold mason	Null-Heart	morrow market	Pip source orbit	90	77	averaged_background_story_orbit_aesthetic_origin_distance	pending_art_reference
WC04985	Brenendarcrownael4985	story	V3	B02	bookbinder	Iron-Song	root vale	Rolzen source orbit	90	77	averaged_background_story_orbit_aesthetic_origin_distance	pending_art_reference
WC04986	Brenaelivyel4986	recurring-background	V3	B03	bridge keeper	Wren-Ash	ripper tunnel	Xethrolund source orbit	90	77	averaged_background_story_orbit_aesthetic_origin_distance	pending_art_reference
WC04987	Aeranorianbrinashel4987	deep-background	V3	B04	market singer	Thorn-Vayne	cello field	Rylos source orbit	90	77	averaged_background_story_orbit_aesthetic_origin_distance	pending_art_reference
WC04988	Aerfiraianivyelle4988	support	V3	B05	glass forge worker	Marso-len	blue-light road	Kyreal source orbit	90	77	averaged_background_story_orbit_aesthetic_origin_distance	pending_art_reference
WC04989	Aerindraivyaria4989	background	V3	B06	ripper survivor	Rolzen-line	xeth glyph yard	Thessa source orbit	90	77	averaged_background_story_orbit_aesthetic_origin_distance	pending_art_reference
WC04990	Aerfiraglassaria4990	story	V3	B07	map seller	Kyreal-pack	stone fen	Kael source orbit	90	77	averaged_background_story_orbit_aesthetic_origin_distance	pending_art_reference
WC04991	Ashajoraanoramarion4991	recurring-background	V3	B08	cellar cook	Xethrolund-glyph	pocket sanctuary	Pael source orbit	90	77	averaged_background_story_orbit_aesthetic_origin_distance	pending_art_reference
WC04992	Aerdalenarel4992	deep-background	V3	B09	triage helper	Pip-no-path	glass orchard	Soth source orbit	90	77	averaged_background_story_orbit_aesthetic_origin_distance	pending_art_reference
WC04993	Aeranorluthael4993	support	V3	B10	faction runner	Mack-ground	neith edge	Vellin source orbit	90	77	averaged_background_story_orbit_aesthetic_origin_distance	pending_art_reference
WC04994	Aeranorluthion4994	background	V3	B11	wolf-road scout	Dervish-glass	willow-stone county	Corrath source orbit	90	77	averaged_background_story_orbit_aesthetic_origin_distance	pending_art_reference
WC04995	Ashaavelmireelle4995	story	V3	B12	glyph apprentice	Vayne	last open gate	Dervish source orbit	90	77	averaged_background_story_orbit_aesthetic_origin_distance	pending_art_reference
WC04996	Ashanaracinderion4996	recurring-background	V3	B13	corridor child	Null-Heart	diamond breakland	Pip source orbit	90	77	averaged_background_story_orbit_aesthetic_origin_distance	pending_art_reference
WC04997	Aerfiraluthasharia4997	deep-background	V3	B14	field healer	Iron-Song	black-heart ridge	Rolzen source orbit	90	77	averaged_background_story_orbit_aesthetic_origin_distance	pending_art_reference
WC04998	Aerdalenluthlarkion4998	support	V3	B15	cavern farmer	Wren-Ash	ash river	Xethrolund source orbit	90	77	averaged_background_story_orbit_aesthetic_origin_distance	pending_art_reference
WC04999	Aerfiraianbelliven4999	background	V3	B16	garden watcher	Thorn-Vayne	morrow market	Rylos source orbit	90	77	averaged_background_story_orbit_aesthetic_origin_distance	pending_art_reference
WC05000	Aerfiraamarivyael5000	story	V3	B17	stone archivist	Marso-len	root vale	Kyreal source orbit	90	77	averaged_background_story_orbit_aesthetic_origin_distance	pending_art_reference
