book_num	rank	name	score	tier	reason	source_anchor	is_core	is_dark_transient
1	1	Dervish	395	active_cast	placement_by_book|named_cast_top300|character_registry	SRC0001+SRC0002+SRC0003+SRC0008+SRC0024	true	false
1	2	Mack	395	active_cast	placement_by_book|named_cast_top300|character_registry	SRC0001+SRC0002+SRC0003+SRC0008+SRC0024	true	false
1	3	Pip	395	active_cast	placement_by_book|named_cast_top300|character_registry	SRC0001+SRC0002+SRC0003+SRC0008+SRC0024	true	false
1	4	Xethrolund	395	active_cast	placement_by_book|named_cast_top300|character_registry	SRC0001+SRC0002+SRC0003+SRC0008+SRC0024	true	false
1	5	Solvaenkyr	350	active_cast	placement_by_book|named_cast_top300|character_registry	SRC0001+SRC0002+SRC0003+SRC0008+SRC0024	false	false
1	6	Daisy May	255	introduced	placement_by_book|named_cast_top300|character_registry	SRC0001+SRC0002+SRC0003+SRC0008+SRC0024	true	false
1	7	canonical_id	171	named_cast	named_cast_top300	SRC0001+SRC0002+SRC0003+SRC0004+SRC0005+SRC0006+SRC0007+SRC0008+SRC0009+SRC0010+SRC0011+SRC0012+SRC0013+SRC0014+SRC0015+SRC0016+SRC0017+SRC0018+SRC0019+SRC0020+SRC0021+SRC0022+SRC0023+SRC0024+SRC0025+SRC0026+SRC0027+SRC0029+SRC0030+SRC0031	false	false
1	8	Rylos Vayne Johnson / Boojay	165	introduced	placement_by_book	SRC0001+SRC0002+SRC0003+SRC0008+SRC0018+SRC0019+SRC0024	true	false
1	9	role	123	named_cast	named_cast_top300	SRC0001+SRC0002+SRC0003+SRC0004+SRC0005+SRC0006+SRC0007+SRC0008+SRC0009+SRC0010+SRC0011+SRC0012+SRC0013+SRC0014+SRC0015+SRC0016+SRC0017+SRC0018+SRC0019+SRC0020+SRC0021+SRC0022+SRC0023+SRC0024+SRC0025+SRC0026+SRC0027+SRC0029+SRC0030+SRC0031	false	false
1	10	source_stack	123	named_cast	named_cast_top300	SRC0001+SRC0002+SRC0003+SRC0004+SRC0005+SRC0006+SRC0007+SRC0008+SRC0009+SRC0010+SRC0011+SRC0012+SRC0013+SRC0014+SRC0015+SRC0016+SRC0017+SRC0018+SRC0019+SRC0020+SRC0021+SRC0022+SRC0023+SRC0024+SRC0025+SRC0026+SRC0027+SRC0029+SRC0030+SRC0031	false	false
1	11	the Cockatrice	120	introduced	placement_by_book	SRC0001+SRC0002+SRC0003+SRC0008+SRC0024	false	false
1	12	unnoticed)	120	introduced	placement_by_book	SRC0001+SRC0002+SRC0003+SRC0008+SRC0024	false	false
1	13	first_appears	99	named_cast	named_cast_top300	SRC0001+SRC0002+SRC0003+SRC0004+SRC0005+SRC0006+SRC0007+SRC0008+SRC0009+SRC0010+SRC0011+SRC0012+SRC0013+SRC0014+SRC0015+SRC0016+SRC0017+SRC0018+SRC0019+SRC0020+SRC0021+SRC0022+SRC0023+SRC0024+SRC0025+SRC0026+SRC0027+SRC0029+SRC0030+SRC0031	false	false
1	14	book_25	87	named_cast	named_cast_top300	SRC0001+SRC0002+SRC0003+SRC0004+SRC0005+SRC0006+SRC0007+SRC0008+SRC0009+SRC0010+SRC0011+SRC0012+SRC0013+SRC0014+SRC0015+SRC0016+SRC0017+SRC0018+SRC0019+SRC0020+SRC0021+SRC0022+SRC0023+SRC0024+SRC0025+SRC0026+SRC0027+SRC0029+SRC0030+SRC0031	false	false
1	15	MAJISKII	80	named_cast	named_cast_top300|character_registry	SRC0001+SRC0002+SRC0003+SRC0004+SRC0005+SRC0006+SRC0007+SRC0008+SRC0009+SRC0010+SRC0011+SRC0012+SRC0013+SRC0014+SRC0015+SRC0016+SRC0017+SRC0018+SRC0019+SRC0020+SRC0021+SRC0022+SRC0023+SRC0024+SRC0025+SRC0026+SRC0027+SRC0029+SRC0030+SRC0031	true	false
1	16	NEITH	80	named_cast	named_cast_top300|character_registry	SRC0001+SRC0002+SRC0003+SRC0004+SRC0005+SRC0006+SRC0007+SRC0008+SRC0009+SRC0010+SRC0011+SRC0012+SRC0013+SRC0014+SRC0015+SRC0016+SRC0017+SRC0018+SRC0019+SRC0020+SRC0021+SRC0022+SRC0023+SRC0024+SRC0025+SRC0026+SRC0027+SRC0029+SRC0030+SRC0031	true	false
1	17	ROLZEN	80	named_cast	named_cast_top300|character_registry	SRC0001+SRC0002+SRC0003+SRC0004+SRC0005+SRC0006+SRC0007+SRC0008+SRC0009+SRC0010+SRC0011+SRC0012+SRC0013+SRC0014+SRC0015+SRC0016+SRC0017+SRC0018+SRC0019+SRC0020+SRC0021+SRC0022+SRC0023+SRC0024+SRC0025+SRC0026+SRC0027+SRC0029+SRC0030+SRC0031	true	false
1	18	URSULA	80	named_cast	named_cast_top300|character_registry	SRC0001+SRC0002+SRC0003+SRC0004+SRC0005+SRC0006+SRC0007+SRC0008+SRC0009+SRC0010+SRC0011+SRC0012+SRC0013+SRC0014+SRC0015+SRC0016+SRC0017+SRC0018+SRC0019+SRC0020+SRC0021+SRC0022+SRC0023+SRC0024+SRC0025+SRC0026+SRC0027+SRC0029+SRC0030+SRC0031	true	false
1	19	RYLOS / BOOJAY	72	named_cast	named_cast_top300	SRC0001+SRC0002+SRC0003+SRC0004+SRC0005+SRC0006+SRC0007+SRC0008+SRC0009+SRC0010+SRC0011+SRC0012+SRC0013+SRC0014+SRC0015+SRC0016+SRC0017+SRC0018+SRC0019+SRC0020+SRC0021+SRC0022+SRC0023+SRC0024+SRC0025+SRC0026+SRC0027+SRC0029+SRC0030+SRC0031	true	false
1	20	pre_pip_role	72	named_cast	named_cast_top300	SRC0001+SRC0002+SRC0003+SRC0004+SRC0005+SRC0006+SRC0007+SRC0008+SRC0009+SRC0010+SRC0011+SRC0012+SRC0013+SRC0014+SRC0015+SRC0016+SRC0017+SRC0018+SRC0019+SRC0020+SRC0021+SRC0022+SRC0023+SRC0024+SRC0025+SRC0026+SRC0027+SRC0029+SRC0030+SRC0031	true	false
1	21	rylos_arc	72	named_cast	named_cast_top300	SRC0001+SRC0002+SRC0003+SRC0004+SRC0005+SRC0006+SRC0007+SRC0008+SRC0009+SRC0010+SRC0011+SRC0012+SRC0013+SRC0014+SRC0015+SRC0016+SRC0017+SRC0018+SRC0019+SRC0020+SRC0021+SRC0022+SRC0023+SRC0024+SRC0025+SRC0026+SRC0027+SRC0029+SRC0030+SRC0031	true	false
1	22	rylos_pip_law	72	named_cast	named_cast_top300	SRC0001+SRC0002+SRC0003+SRC0004+SRC0005+SRC0006+SRC0007+SRC0008+SRC0009+SRC0010+SRC0011+SRC0012+SRC0013+SRC0014+SRC0015+SRC0016+SRC0017+SRC0018+SRC0019+SRC0020+SRC0021+SRC0022+SRC0023+SRC0024+SRC0025+SRC0026+SRC0027+SRC0029+SRC0030+SRC0031	true	false
1	23	Rylos	68	registry	character_registry	SRC0001+SRC0002+SRC0003+SRC0004+SRC0005+SRC0006+SRC0008+SRC0009+SRC0010+SRC0011+SRC0012+SRC0013+SRC0014+SRC0015+SRC0016+SRC0017+SRC0018+SRC0019+SRC0020+SRC0021+SRC0022+SRC0023+SRC0024+SRC0030+SRC0031	true	false
1	24	Boojay	63	reviewed	character_generation_review		true	false
2	1	Alex	338	active_cast	placement_by_book|character_registry	SRC0001+SRC0002+SRC0003+SRC0008+SRC0024	false	false
2	2	Daisy May	290	active_cast	placement_by_book|named_cast_top300|character_registry	SRC0001+SRC0002+SRC0003+SRC0008+SRC0024	true	false
2	3	Pip	290	active_cast	placement_by_book|named_cast_top300|character_registry	SRC0001+SRC0002+SRC0003+SRC0008+SRC0024	true	false
2	4	Xethrolund	290	active_cast	placement_by_book|named_cast_top300|character_registry	SRC0001+SRC0002+SRC0003+SRC0008+SRC0024	true	false
2	5	Majiskii	255	introduced	placement_by_book|named_cast_top300|character_registry	SRC0001+SRC0002+SRC0003+SRC0008+SRC0024	true	false
2	6	Mack	220	active_cast	placement_by_book|named_cast_top300|character_registry	SRC0001+SRC0002+SRC0003+SRC0008+SRC0024	true	false
2	7	Daisy May + Majiskii formally entrusted at floating market	200	active_cast	placement_by_book	SRC0001+SRC0002+SRC0003+SRC0008+SRC0024	true	false
2	8	Rylos Vayne Johnson / Boojay	200	active_cast	placement_by_book	SRC0001+SRC0002+SRC0003+SRC0008+SRC0018+SRC0019+SRC0024	true	false
2	9	canonical_id	171	named_cast	named_cast_top300	SRC0001+SRC0002+SRC0003+SRC0004+SRC0005+SRC0006+SRC0007+SRC0008+SRC0009+SRC0010+SRC0011+SRC0012+SRC0013+SRC0014+SRC0015+SRC0016+SRC0017+SRC0018+SRC0019+SRC0020+SRC0021+SRC0022+SRC0023+SRC0024+SRC0025+SRC0026+SRC0027+SRC0029+SRC0030+SRC0031	false	false
2	10	Daisy May formally	165	introduced	placement_by_book	SRC0001+SRC0002+SRC0003+SRC0008+SRC0024	true	false
2	11	Boojay	148	key_beat_mention	placement_by_book|character_generation_review	SRC0001+SRC0002+SRC0003+SRC0008+SRC0024	true	false
2	12	role	123	named_cast	named_cast_top300	SRC0001+SRC0002+SRC0003+SRC0004+SRC0005+SRC0006+SRC0007+SRC0008+SRC0009+SRC0010+SRC0011+SRC0012+SRC0013+SRC0014+SRC0015+SRC0016+SRC0017+SRC0018+SRC0019+SRC0020+SRC0021+SRC0022+SRC0023+SRC0024+SRC0025+SRC0026+SRC0027+SRC0029+SRC0030+SRC0031	false	false
2	13	source_stack	123	named_cast	named_cast_top300	SRC0001+SRC0002+SRC0003+SRC0004+SRC0005+SRC0006+SRC0007+SRC0008+SRC0009+SRC0010+SRC0011+SRC0012+SRC0013+SRC0014+SRC0015+SRC0016+SRC0017+SRC0018+SRC0019+SRC0020+SRC0021+SRC0022+SRC0023+SRC0024+SRC0025+SRC0026+SRC0027+SRC0029+SRC0030+SRC0031	false	false
2	14	Merchant Lassith	120	introduced	placement_by_book	SRC0001+SRC0002+SRC0003+SRC0008+SRC0024	false	false
2	15	Vault Keeper Derris	120	introduced	placement_by_book	SRC0001+SRC0002+SRC0003+SRC0008+SRC0024	false	false
2	16	first_appears	99	named_cast	named_cast_top300	SRC0001+SRC0002+SRC0003+SRC0004+SRC0005+SRC0006+SRC0007+SRC0008+SRC0009+SRC0010+SRC0011+SRC0012+SRC0013+SRC0014+SRC0015+SRC0016+SRC0017+SRC0018+SRC0019+SRC0020+SRC0021+SRC0022+SRC0023+SRC0024+SRC0025+SRC0026+SRC0027+SRC0029+SRC0030+SRC0031	false	false
2	17	book_25	87	named_cast	named_cast_top300	SRC0001+SRC0002+SRC0003+SRC0004+SRC0005+SRC0006+SRC0007+SRC0008+SRC0009+SRC0010+SRC0011+SRC0012+SRC0013+SRC0014+SRC0015+SRC0016+SRC0017+SRC0018+SRC0019+SRC0020+SRC0021+SRC0022+SRC0023+SRC0024+SRC0025+SRC0026+SRC0027+SRC0029+SRC0030+SRC0031	false	false
2	18	DERVISH	80	named_cast	named_cast_top300|character_registry	SRC0001+SRC0002+SRC0003+SRC0004+SRC0005+SRC0006+SRC0007+SRC0008+SRC0009+SRC0010+SRC0011+SRC0012+SRC0013+SRC0014+SRC0015+SRC0016+SRC0017+SRC0018+SRC0019+SRC0020+SRC0021+SRC0022+SRC0023+SRC0024+SRC0025+SRC0026+SRC0027+SRC0029+SRC0030+SRC0031	true	false
2	19	NEITH	80	named_cast	named_cast_top300|character_registry	SRC0001+SRC0002+SRC0003+SRC0004+SRC0005+SRC0006+SRC0007+SRC0008+SRC0009+SRC0010+SRC0011+SRC0012+SRC0013+SRC0014+SRC0015+SRC0016+SRC0017+SRC0018+SRC0019+SRC0020+SRC0021+SRC0022+SRC0023+SRC0024+SRC0025+SRC0026+SRC0027+SRC0029+SRC0030+SRC0031	true	false
2	20	ROLZEN	80	named_cast	named_cast_top300|character_registry	SRC0001+SRC0002+SRC0003+SRC0004+SRC0005+SRC0006+SRC0007+SRC0008+SRC0009+SRC0010+SRC0011+SRC0012+SRC0013+SRC0014+SRC0015+SRC0016+SRC0017+SRC0018+SRC0019+SRC0020+SRC0021+SRC0022+SRC0023+SRC0024+SRC0025+SRC0026+SRC0027+SRC0029+SRC0030+SRC0031	true	false
2	21	URSULA	80	named_cast	named_cast_top300|character_registry	SRC0001+SRC0002+SRC0003+SRC0004+SRC0005+SRC0006+SRC0007+SRC0008+SRC0009+SRC0010+SRC0011+SRC0012+SRC0013+SRC0014+SRC0015+SRC0016+SRC0017+SRC0018+SRC0019+SRC0020+SRC0021+SRC0022+SRC0023+SRC0024+SRC0025+SRC0026+SRC0027+SRC0029+SRC0030+SRC0031	true	false
2	22	RYLOS / BOOJAY	72	named_cast	named_cast_top300	SRC0001+SRC0002+SRC0003+SRC0004+SRC0005+SRC0006+SRC0007+SRC0008+SRC0009+SRC0010+SRC0011+SRC0012+SRC0013+SRC0014+SRC0015+SRC0016+SRC0017+SRC0018+SRC0019+SRC0020+SRC0021+SRC0022+SRC0023+SRC0024+SRC0025+SRC0026+SRC0027+SRC0029+SRC0030+SRC0031	true	false
2	23	pre_pip_role	72	named_cast	named_cast_top300	SRC0001+SRC0002+SRC0003+SRC0004+SRC0005+SRC0006+SRC0007+SRC0008+SRC0009+SRC0010+SRC0011+SRC0012+SRC0013+SRC0014+SRC0015+SRC0016+SRC0017+SRC0018+SRC0019+SRC0020+SRC0021+SRC0022+SRC0023+SRC0024+SRC0025+SRC0026+SRC0027+SRC0029+SRC0030+SRC0031	true	false
2	24	rylos_arc	72	named_cast	named_cast_top300	SRC0001+SRC0002+SRC0003+SRC0004+SRC0005+SRC0006+SRC0007+SRC0008+SRC0009+SRC0010+SRC0011+SRC0012+SRC0013+SRC0014+SRC0015+SRC0016+SRC0017+SRC0018+SRC0019+SRC0020+SRC0021+SRC0022+SRC0023+SRC0024+SRC0025+SRC0026+SRC0027+SRC0029+SRC0030+SRC0031	true	false
3	1	Xethrolund	290	active_cast	placement_by_book|named_cast_top300|character_registry	SRC0001+SRC0002+SRC0003+SRC0004+SRC0005+SRC0006+SRC0007+SRC0008+SRC0009+SRC0010+SRC0011+SRC0012+SRC0013+SRC0014+SRC0015+SRC0016+SRC0017+SRC0018+SRC0019+SRC0020+SRC0021+SRC0022+SRC0023+SRC0024+SRC0025+SRC0026+SRC0027+SRC0029+SRC0030+SRC0031	true	false
3	2	Mack	220	active_cast	placement_by_book|named_cast_top300|character_registry	SRC0001+SRC0002+SRC0003+SRC0004+SRC0005+SRC0006+SRC0007+SRC0008+SRC0009+SRC0010+SRC0011+SRC0012+SRC0013+SRC0014+SRC0015+SRC0016+SRC0017+SRC0018+SRC0019+SRC0020+SRC0021+SRC0022+SRC0023+SRC0024+SRC0025+SRC0026+SRC0027+SRC0029+SRC0030+SRC0031	true	false
3	3	Pip	220	active_cast	placement_by_book|named_cast_top300|character_registry	SRC0001+SRC0002+SRC0003+SRC0008+SRC0024	true	false
3	4	Rylos Vayne Johnson / Boojay	200	active_cast	placement_by_book	SRC0018+SRC0019	true	false
3	5	canonical_id	171	named_cast	named_cast_top300	SRC0001+SRC0002+SRC0003+SRC0004+SRC0005+SRC0006+SRC0007+SRC0008+SRC0009+SRC0010+SRC0011+SRC0012+SRC0013+SRC0014+SRC0015+SRC0016+SRC0017+SRC0018+SRC0019+SRC0020+SRC0021+SRC0022+SRC0023+SRC0024+SRC0025+SRC0026+SRC0027+SRC0029+SRC0030+SRC0031	false	false
3	6	P.A.P.I. reveal — Xethrolund's physical form described through diary	150	introduced	placement_by_book		true	false
3	7	role	123	named_cast	named_cast_top300	SRC0001+SRC0002+SRC0003+SRC0004+SRC0005+SRC0006+SRC0007+SRC0008+SRC0009+SRC0010+SRC0011+SRC0012+SRC0013+SRC0014+SRC0015+SRC0016+SRC0017+SRC0018+SRC0019+SRC0020+SRC0021+SRC0022+SRC0023+SRC0024+SRC0025+SRC0026+SRC0027+SRC0029+SRC0030+SRC0031	false	false
3	8	source_stack	123	named_cast	named_cast_top300	SRC0001+SRC0002+SRC0003+SRC0004+SRC0005+SRC0006+SRC0007+SRC0008+SRC0009+SRC0010+SRC0011+SRC0012+SRC0013+SRC0014+SRC0015+SRC0016+SRC0017+SRC0018+SRC0019+SRC0020+SRC0021+SRC0022+SRC0023+SRC0024+SRC0025+SRC0026+SRC0027+SRC0029+SRC0030+SRC0031	false	false
3	9	first_appears	99	named_cast	named_cast_top300	SRC0001+SRC0002+SRC0003+SRC0004+SRC0005+SRC0006+SRC0007+SRC0008+SRC0009+SRC0010+SRC0011+SRC0012+SRC0013+SRC0014+SRC0015+SRC0016+SRC0017+SRC0018+SRC0019+SRC0020+SRC0021+SRC0022+SRC0023+SRC0024+SRC0025+SRC0026+SRC0027+SRC0029+SRC0030+SRC0031	false	false
3	10	book_25	87	named_cast	named_cast_top300	SRC0001+SRC0002+SRC0003+SRC0004+SRC0005+SRC0006+SRC0007+SRC0008+SRC0009+SRC0010+SRC0011+SRC0012+SRC0013+SRC0014+SRC0015+SRC0016+SRC0017+SRC0018+SRC0019+SRC0020+SRC0021+SRC0022+SRC0023+SRC0024+SRC0025+SRC0026+SRC0027+SRC0029+SRC0030+SRC0031	false	false
3	11	DAISY MAY	80	named_cast	named_cast_top300|character_registry	SRC0001+SRC0002+SRC0003+SRC0004+SRC0005+SRC0006+SRC0007+SRC0008+SRC0009+SRC0010+SRC0011+SRC0012+SRC0013+SRC0014+SRC0015+SRC0016+SRC0017+SRC0018+SRC0019+SRC0020+SRC0021+SRC0022+SRC0023+SRC0024+SRC0025+SRC0026+SRC0027+SRC0029+SRC0030+SRC0031	true	false
3	12	DERVISH	80	named_cast	named_cast_top300|character_registry	SRC0001+SRC0002+SRC0003+SRC0004+SRC0005+SRC0006+SRC0007+SRC0008+SRC0009+SRC0010+SRC0011+SRC0012+SRC0013+SRC0014+SRC0015+SRC0016+SRC0017+SRC0018+SRC0019+SRC0020+SRC0021+SRC0022+SRC0023+SRC0024+SRC0025+SRC0026+SRC0027+SRC0029+SRC0030+SRC0031	true	false
3	13	MAJISKII	80	named_cast	named_cast_top300|character_registry	SRC0001+SRC0002+SRC0003+SRC0004+SRC0005+SRC0006+SRC0007+SRC0008+SRC0009+SRC0010+SRC0011+SRC0012+SRC0013+SRC0014+SRC0015+SRC0016+SRC0017+SRC0018+SRC0019+SRC0020+SRC0021+SRC0022+SRC0023+SRC0024+SRC0025+SRC0026+SRC0027+SRC0029+SRC0030+SRC0031	true	false
3	14	NEITH	80	named_cast	named_cast_top300|character_registry	SRC0001+SRC0002+SRC0003+SRC0004+SRC0005+SRC0006+SRC0007+SRC0008+SRC0009+SRC0010+SRC0011+SRC0012+SRC0013+SRC0014+SRC0015+SRC0016+SRC0017+SRC0018+SRC0019+SRC0020+SRC0021+SRC0022+SRC0023+SRC0024+SRC0025+SRC0026+SRC0027+SRC0029+SRC0030+SRC0031	true	false
3	15	ROLZEN	80	named_cast	named_cast_top300|character_registry	SRC0001+SRC0002+SRC0003+SRC0004+SRC0005+SRC0006+SRC0007+SRC0008+SRC0009+SRC0010+SRC0011+SRC0012+SRC0013+SRC0014+SRC0015+SRC0016+SRC0017+SRC0018+SRC0019+SRC0020+SRC0021+SRC0022+SRC0023+SRC0024+SRC0025+SRC0026+SRC0027+SRC0029+SRC0030+SRC0031	true	false
3	16	URSULA	80	named_cast	named_cast_top300|character_registry	SRC0001+SRC0002+SRC0003+SRC0004+SRC0005+SRC0006+SRC0007+SRC0008+SRC0009+SRC0010+SRC0011+SRC0012+SRC0013+SRC0014+SRC0015+SRC0016+SRC0017+SRC0018+SRC0019+SRC0020+SRC0021+SRC0022+SRC0023+SRC0024+SRC0025+SRC0026+SRC0027+SRC0029+SRC0030+SRC0031	true	false
3	17	RYLOS / BOOJAY	72	named_cast	named_cast_top300	SRC0001+SRC0002+SRC0003+SRC0004+SRC0005+SRC0006+SRC0007+SRC0008+SRC0009+SRC0010+SRC0011+SRC0012+SRC0013+SRC0014+SRC0015+SRC0016+SRC0017+SRC0018+SRC0019+SRC0020+SRC0021+SRC0022+SRC0023+SRC0024+SRC0025+SRC0026+SRC0027+SRC0029+SRC0030+SRC0031	true	false
3	18	pre_pip_role	72	named_cast	named_cast_top300	SRC0001+SRC0002+SRC0003+SRC0004+SRC0005+SRC0006+SRC0007+SRC0008+SRC0009+SRC0010+SRC0011+SRC0012+SRC0013+SRC0014+SRC0015+SRC0016+SRC0017+SRC0018+SRC0019+SRC0020+SRC0021+SRC0022+SRC0023+SRC0024+SRC0025+SRC0026+SRC0027+SRC0029+SRC0030+SRC0031	true	false
3	19	rylos_arc	72	named_cast	named_cast_top300	SRC0001+SRC0002+SRC0003+SRC0004+SRC0005+SRC0006+SRC0007+SRC0008+SRC0009+SRC0010+SRC0011+SRC0012+SRC0013+SRC0014+SRC0015+SRC0016+SRC0017+SRC0018+SRC0019+SRC0020+SRC0021+SRC0022+SRC0023+SRC0024+SRC0025+SRC0026+SRC0027+SRC0029+SRC0030+SRC0031	true	false
3	20	rylos_pip_law	72	named_cast	named_cast_top300	SRC0001+SRC0002+SRC0003+SRC0004+SRC0005+SRC0006+SRC0007+SRC0008+SRC0009+SRC0010+SRC0011+SRC0012+SRC0013+SRC0014+SRC0015+SRC0016+SRC0017+SRC0018+SRC0019+SRC0020+SRC0021+SRC0022+SRC0023+SRC0024+SRC0025+SRC0026+SRC0027+SRC0029+SRC0030+SRC0031	true	false
3	21	Rylos	68	registry	character_registry	SRC0001+SRC0002+SRC0003+SRC0004+SRC0005+SRC0006+SRC0008+SRC0009+SRC0010+SRC0011+SRC0012+SRC0013+SRC0014+SRC0015+SRC0016+SRC0017+SRC0018+SRC0019+SRC0020+SRC0021+SRC0022+SRC0023+SRC0024+SRC0030+SRC0031	true	false
3	22	Boojay	63	reviewed	character_generation_review		true	false
3	23	arc	51	named_cast	named_cast_top300	SRC0001+SRC0002+SRC0003+SRC0004+SRC0005+SRC0006+SRC0007+SRC0008+SRC0009+SRC0010+SRC0011+SRC0012+SRC0013+SRC0014+SRC0015+SRC0016+SRC0017+SRC0018+SRC0019+SRC0020+SRC0021+SRC0022+SRC0023+SRC0024+SRC0025+SRC0026+SRC0027+SRC0029+SRC0030+SRC0031	false	false
3	24	book_24	39	named_cast	named_cast_top300	SRC0001+SRC0002+SRC0003+SRC0004+SRC0005+SRC0006+SRC0007+SRC0008+SRC0009+SRC0010+SRC0011+SRC0012+SRC0013+SRC0014+SRC0015+SRC0016+SRC0017+SRC0018+SRC0019+SRC0020+SRC0021+SRC0022+SRC0023+SRC0024+SRC0025+SRC0026+SRC0027+SRC0029+SRC0030+SRC0031	false	false
4	1	Mack	290	active_cast	placement_by_book|named_cast_top300|character_registry	SRC0001+SRC0002+SRC0003+SRC0008+SRC0024	true	false
4	2	Pip	290	active_cast	placement_by_book|named_cast_top300|character_registry	SRC0001+SRC0002+SRC0003+SRC0008+SRC0024	true	false
4	3	Xethrolund	290	active_cast	placement_by_book|named_cast_top300|character_registry	SRC0001+SRC0002+SRC0003+SRC0008+SRC0024	true	false
4	4	Daisy May	220	active_cast	placement_by_book|named_cast_top300|character_registry	SRC0001+SRC0002+SRC0003+SRC0008+SRC0024	true	false
4	5	Majiskii	220	active_cast	placement_by_book|named_cast_top300|character_registry	SRC0001+SRC0002+SRC0003+SRC0008+SRC0024	true	false
4	6	Rylos Vayne Johnson / Boojay	200	active_cast	placement_by_book	SRC0001+SRC0002+SRC0003+SRC0008+SRC0018+SRC0019+SRC0024	true	false
4	7	canonical_id	171	named_cast	named_cast_top300	SRC0001+SRC0002+SRC0003+SRC0004+SRC0005+SRC0006+SRC0007+SRC0008+SRC0009+SRC0010+SRC0011+SRC0012+SRC0013+SRC0014+SRC0015+SRC0016+SRC0017+SRC0018+SRC0019+SRC0020+SRC0021+SRC0022+SRC0023+SRC0024+SRC0025+SRC0026+SRC0027+SRC0029+SRC0030+SRC0031	false	false
4	8	Boojay as full physical presence	165	introduced	placement_by_book	SRC0001+SRC0002+SRC0003+SRC0008+SRC0024	true	false
4	9	Boojay	148	key_beat_mention	placement_by_book|character_generation_review	SRC0001+SRC0002+SRC0003+SRC0008+SRC0024	true	false
4	10	role	123	named_cast	named_cast_top300	SRC0001+SRC0002+SRC0003+SRC0004+SRC0005+SRC0006+SRC0007+SRC0008+SRC0009+SRC0010+SRC0011+SRC0012+SRC0013+SRC0014+SRC0015+SRC0016+SRC0017+SRC0018+SRC0019+SRC0020+SRC0021+SRC0022+SRC0023+SRC0024+SRC0025+SRC0026+SRC0027+SRC0029+SRC0030+SRC0031	false	false
4	11	source_stack	123	named_cast	named_cast_top300	SRC0001+SRC0002+SRC0003+SRC0004+SRC0005+SRC0006+SRC0007+SRC0008+SRC0009+SRC0010+SRC0011+SRC0012+SRC0013+SRC0014+SRC0015+SRC0016+SRC0017+SRC0018+SRC0019+SRC0020+SRC0021+SRC0022+SRC0023+SRC0024+SRC0025+SRC0026+SRC0027+SRC0029+SRC0030+SRC0031	false	false
4	12	predatory force	120	introduced	placement_by_book	SRC0001+SRC0002+SRC0003+SRC0008+SRC0024	false	false
4	13	first_appears	99	named_cast	named_cast_top300	SRC0001+SRC0002+SRC0003+SRC0004+SRC0005+SRC0006+SRC0007+SRC0008+SRC0009+SRC0010+SRC0011+SRC0012+SRC0013+SRC0014+SRC0015+SRC0016+SRC0017+SRC0018+SRC0019+SRC0020+SRC0021+SRC0022+SRC0023+SRC0024+SRC0025+SRC0026+SRC0027+SRC0029+SRC0030+SRC0031	false	false
4	14	book_25	87	named_cast	named_cast_top300	SRC0001+SRC0002+SRC0003+SRC0004+SRC0005+SRC0006+SRC0007+SRC0008+SRC0009+SRC0010+SRC0011+SRC0012+SRC0013+SRC0014+SRC0015+SRC0016+SRC0017+SRC0018+SRC0019+SRC0020+SRC0021+SRC0022+SRC0023+SRC0024+SRC0025+SRC0026+SRC0027+SRC0029+SRC0030+SRC0031	false	false
4	15	DERVISH	80	named_cast	named_cast_top300|character_registry	SRC0001+SRC0002+SRC0003+SRC0004+SRC0005+SRC0006+SRC0007+SRC0008+SRC0009+SRC0010+SRC0011+SRC0012+SRC0013+SRC0014+SRC0015+SRC0016+SRC0017+SRC0018+SRC0019+SRC0020+SRC0021+SRC0022+SRC0023+SRC0024+SRC0025+SRC0026+SRC0027+SRC0029+SRC0030+SRC0031	true	false
4	16	NEITH	80	named_cast	named_cast_top300|character_registry	SRC0001+SRC0002+SRC0003+SRC0004+SRC0005+SRC0006+SRC0007+SRC0008+SRC0009+SRC0010+SRC0011+SRC0012+SRC0013+SRC0014+SRC0015+SRC0016+SRC0017+SRC0018+SRC0019+SRC0020+SRC0021+SRC0022+SRC0023+SRC0024+SRC0025+SRC0026+SRC0027+SRC0029+SRC0030+SRC0031	true	false
4	17	ROLZEN	80	named_cast	named_cast_top300|character_registry	SRC0001+SRC0002+SRC0003+SRC0004+SRC0005+SRC0006+SRC0007+SRC0008+SRC0009+SRC0010+SRC0011+SRC0012+SRC0013+SRC0014+SRC0015+SRC0016+SRC0017+SRC0018+SRC0019+SRC0020+SRC0021+SRC0022+SRC0023+SRC0024+SRC0025+SRC0026+SRC0027+SRC0029+SRC0030+SRC0031	true	false
4	18	URSULA	80	named_cast	named_cast_top300|character_registry	SRC0001+SRC0002+SRC0003+SRC0004+SRC0005+SRC0006+SRC0007+SRC0008+SRC0009+SRC0010+SRC0011+SRC0012+SRC0013+SRC0014+SRC0015+SRC0016+SRC0017+SRC0018+SRC0019+SRC0020+SRC0021+SRC0022+SRC0023+SRC0024+SRC0025+SRC0026+SRC0027+SRC0029+SRC0030+SRC0031	true	false
4	19	RYLOS / BOOJAY	72	named_cast	named_cast_top300	SRC0001+SRC0002+SRC0003+SRC0004+SRC0005+SRC0006+SRC0007+SRC0008+SRC0009+SRC0010+SRC0011+SRC0012+SRC0013+SRC0014+SRC0015+SRC0016+SRC0017+SRC0018+SRC0019+SRC0020+SRC0021+SRC0022+SRC0023+SRC0024+SRC0025+SRC0026+SRC0027+SRC0029+SRC0030+SRC0031	true	false
4	20	pre_pip_role	72	named_cast	named_cast_top300	SRC0001+SRC0002+SRC0003+SRC0004+SRC0005+SRC0006+SRC0007+SRC0008+SRC0009+SRC0010+SRC0011+SRC0012+SRC0013+SRC0014+SRC0015+SRC0016+SRC0017+SRC0018+SRC0019+SRC0020+SRC0021+SRC0022+SRC0023+SRC0024+SRC0025+SRC0026+SRC0027+SRC0029+SRC0030+SRC0031	true	false
4	21	rylos_arc	72	named_cast	named_cast_top300	SRC0001+SRC0002+SRC0003+SRC0004+SRC0005+SRC0006+SRC0007+SRC0008+SRC0009+SRC0010+SRC0011+SRC0012+SRC0013+SRC0014+SRC0015+SRC0016+SRC0017+SRC0018+SRC0019+SRC0020+SRC0021+SRC0022+SRC0023+SRC0024+SRC0025+SRC0026+SRC0027+SRC0029+SRC0030+SRC0031	true	false
4	22	rylos_pip_law	72	named_cast	named_cast_top300	SRC0001+SRC0002+SRC0003+SRC0004+SRC0005+SRC0006+SRC0007+SRC0008+SRC0009+SRC0010+SRC0011+SRC0012+SRC0013+SRC0014+SRC0015+SRC0016+SRC0017+SRC0018+SRC0019+SRC0020+SRC0021+SRC0022+SRC0023+SRC0024+SRC0025+SRC0026+SRC0027+SRC0029+SRC0030+SRC0031	true	false
4	23	Rylos	68	registry	character_registry	SRC0001+SRC0002+SRC0003+SRC0004+SRC0005+SRC0006+SRC0008+SRC0009+SRC0010+SRC0011+SRC0012+SRC0013+SRC0014+SRC0015+SRC0016+SRC0017+SRC0018+SRC0019+SRC0020+SRC0021+SRC0022+SRC0023+SRC0024+SRC0030+SRC0031	true	false
4	24	arc	51	named_cast	named_cast_top300	SRC0001+SRC0002+SRC0003+SRC0004+SRC0005+SRC0006+SRC0007+SRC0008+SRC0009+SRC0010+SRC0011+SRC0012+SRC0013+SRC0014+SRC0015+SRC0016+SRC0017+SRC0018+SRC0019+SRC0020+SRC0021+SRC0022+SRC0023+SRC0024+SRC0025+SRC0026+SRC0027+SRC0029+SRC0030+SRC0031	false	false
5	1	Daisy May	290	active_cast	placement_by_book|named_cast_top300|character_registry	SRC0001+SRC0002+SRC0003+SRC0008+SRC0024	true	false
5	2	Mack	290	active_cast	placement_by_book|named_cast_top300|character_registry	SRC0001+SRC0002+SRC0003+SRC0008+SRC0024	true	false
5	3	Pip	290	active_cast	placement_by_book|named_cast_top300|character_registry	SRC0001+SRC0002+SRC0003+SRC0008+SRC0024	true	false
5	4	Boojay	288	active_cast	placement_by_book|character_generation_review	SRC0001+SRC0002+SRC0003+SRC0008+SRC0024	true	false
5	5	Majiskii	220	active_cast	placement_by_book|named_cast_top300|character_registry	SRC0001+SRC0002+SRC0003+SRC0008+SRC0024	true	false
5	6	Xethrolund	220	active_cast	placement_by_book|named_cast_top300|character_registry	SRC0001+SRC0002+SRC0003+SRC0008+SRC0024	true	false
5	7	canonical_id	171	named_cast	named_cast_top300	SRC0001+SRC0002+SRC0003+SRC0004+SRC0005+SRC0006+SRC0007+SRC0008+SRC0009+SRC0010+SRC0011+SRC0012+SRC0013+SRC0014+SRC0015+SRC0016+SRC0017+SRC0018+SRC0019+SRC0020+SRC0021+SRC0022+SRC0023+SRC0024+SRC0025+SRC0026+SRC0027+SRC0029+SRC0030+SRC0031	false	false
5	8	role	123	named_cast	named_cast_top300	SRC0001+SRC0002+SRC0003+SRC0004+SRC0005+SRC0006+SRC0007+SRC0008+SRC0009+SRC0010+SRC0011+SRC0012+SRC0013+SRC0014+SRC0015+SRC0016+SRC0017+SRC0018+SRC0019+SRC0020+SRC0021+SRC0022+SRC0023+SRC0024+SRC0025+SRC0026+SRC0027+SRC0029+SRC0030+SRC0031	false	false
5	9	source_stack	123	named_cast	named_cast_top300	SRC0001+SRC0002+SRC0003+SRC0004+SRC0005+SRC0006+SRC0007+SRC0008+SRC0009+SRC0010+SRC0011+SRC0012+SRC0013+SRC0014+SRC0015+SRC0016+SRC0017+SRC0018+SRC0019+SRC0020+SRC0021+SRC0022+SRC0023+SRC0024+SRC0025+SRC0026+SRC0027+SRC0029+SRC0030+SRC0031	false	false
5	10	Glass Forge / Glass Palace	120	introduced	placement_by_book	SRC0001+SRC0002+SRC0003+SRC0008+SRC0024	false	false
5	11	first_appears	99	named_cast	named_cast_top300	SRC0001+SRC0002+SRC0003+SRC0004+SRC0005+SRC0006+SRC0007+SRC0008+SRC0009+SRC0010+SRC0011+SRC0012+SRC0013+SRC0014+SRC0015+SRC0016+SRC0017+SRC0018+SRC0019+SRC0020+SRC0021+SRC0022+SRC0023+SRC0024+SRC0025+SRC0026+SRC0027+SRC0029+SRC0030+SRC0031	false	false
5	12	book_25	87	named_cast	named_cast_top300	SRC0001+SRC0002+SRC0003+SRC0004+SRC0005+SRC0006+SRC0007+SRC0008+SRC0009+SRC0010+SRC0011+SRC0012+SRC0013+SRC0014+SRC0015+SRC0016+SRC0017+SRC0018+SRC0019+SRC0020+SRC0021+SRC0022+SRC0023+SRC0024+SRC0025+SRC0026+SRC0027+SRC0029+SRC0030+SRC0031	false	false
5	13	DERVISH	80	named_cast	named_cast_top300|character_registry	SRC0001+SRC0002+SRC0003+SRC0004+SRC0005+SRC0006+SRC0007+SRC0008+SRC0009+SRC0010+SRC0011+SRC0012+SRC0013+SRC0014+SRC0015+SRC0016+SRC0017+SRC0018+SRC0019+SRC0020+SRC0021+SRC0022+SRC0023+SRC0024+SRC0025+SRC0026+SRC0027+SRC0029+SRC0030+SRC0031	true	false
5	14	NEITH	80	named_cast	named_cast_top300|character_registry	SRC0001+SRC0002+SRC0003+SRC0004+SRC0005+SRC0006+SRC0007+SRC0008+SRC0009+SRC0010+SRC0011+SRC0012+SRC0013+SRC0014+SRC0015+SRC0016+SRC0017+SRC0018+SRC0019+SRC0020+SRC0021+SRC0022+SRC0023+SRC0024+SRC0025+SRC0026+SRC0027+SRC0029+SRC0030+SRC0031	true	false
5	15	ROLZEN	80	named_cast	named_cast_top300|character_registry	SRC0001+SRC0002+SRC0003+SRC0004+SRC0005+SRC0006+SRC0007+SRC0008+SRC0009+SRC0010+SRC0011+SRC0012+SRC0013+SRC0014+SRC0015+SRC0016+SRC0017+SRC0018+SRC0019+SRC0020+SRC0021+SRC0022+SRC0023+SRC0024+SRC0025+SRC0026+SRC0027+SRC0029+SRC0030+SRC0031	true	false
5	16	URSULA	80	named_cast	named_cast_top300|character_registry	SRC0001+SRC0002+SRC0003+SRC0004+SRC0005+SRC0006+SRC0007+SRC0008+SRC0009+SRC0010+SRC0011+SRC0012+SRC0013+SRC0014+SRC0015+SRC0016+SRC0017+SRC0018+SRC0019+SRC0020+SRC0021+SRC0022+SRC0023+SRC0024+SRC0025+SRC0026+SRC0027+SRC0029+SRC0030+SRC0031	true	false
5	17	RYLOS / BOOJAY	72	named_cast	named_cast_top300	SRC0001+SRC0002+SRC0003+SRC0004+SRC0005+SRC0006+SRC0007+SRC0008+SRC0009+SRC0010+SRC0011+SRC0012+SRC0013+SRC0014+SRC0015+SRC0016+SRC0017+SRC0018+SRC0019+SRC0020+SRC0021+SRC0022+SRC0023+SRC0024+SRC0025+SRC0026+SRC0027+SRC0029+SRC0030+SRC0031	true	false
5	18	pre_pip_role	72	named_cast	named_cast_top300	SRC0001+SRC0002+SRC0003+SRC0004+SRC0005+SRC0006+SRC0007+SRC0008+SRC0009+SRC0010+SRC0011+SRC0012+SRC0013+SRC0014+SRC0015+SRC0016+SRC0017+SRC0018+SRC0019+SRC0020+SRC0021+SRC0022+SRC0023+SRC0024+SRC0025+SRC0026+SRC0027+SRC0029+SRC0030+SRC0031	true	false
5	19	rylos_arc	72	named_cast	named_cast_top300	SRC0001+SRC0002+SRC0003+SRC0004+SRC0005+SRC0006+SRC0007+SRC0008+SRC0009+SRC0010+SRC0011+SRC0012+SRC0013+SRC0014+SRC0015+SRC0016+SRC0017+SRC0018+SRC0019+SRC0020+SRC0021+SRC0022+SRC0023+SRC0024+SRC0025+SRC0026+SRC0027+SRC0029+SRC0030+SRC0031	true	false
5	20	rylos_pip_law	72	named_cast	named_cast_top300	SRC0001+SRC0002+SRC0003+SRC0004+SRC0005+SRC0006+SRC0007+SRC0008+SRC0009+SRC0010+SRC0011+SRC0012+SRC0013+SRC0014+SRC0015+SRC0016+SRC0017+SRC0018+SRC0019+SRC0020+SRC0021+SRC0022+SRC0023+SRC0024+SRC0025+SRC0026+SRC0027+SRC0029+SRC0030+SRC0031	true	false
5	21	Rylos	68	registry	character_registry	SRC0001+SRC0002+SRC0003+SRC0004+SRC0005+SRC0006+SRC0008+SRC0009+SRC0010+SRC0011+SRC0012+SRC0013+SRC0014+SRC0015+SRC0016+SRC0017+SRC0018+SRC0019+SRC0020+SRC0021+SRC0022+SRC0023+SRC0024+SRC0030+SRC0031	true	false
5	22	arc	51	named_cast	named_cast_top300	SRC0001+SRC0002+SRC0003+SRC0004+SRC0005+SRC0006+SRC0007+SRC0008+SRC0009+SRC0010+SRC0011+SRC0012+SRC0013+SRC0014+SRC0015+SRC0016+SRC0017+SRC0018+SRC0019+SRC0020+SRC0021+SRC0022+SRC0023+SRC0024+SRC0025+SRC0026+SRC0027+SRC0029+SRC0030+SRC0031	false	false
5	23	book_24	39	named_cast	named_cast_top300	SRC0001+SRC0002+SRC0003+SRC0004+SRC0005+SRC0006+SRC0007+SRC0008+SRC0009+SRC0010+SRC0011+SRC0012+SRC0013+SRC0014+SRC0015+SRC0016+SRC0017+SRC0018+SRC0019+SRC0020+SRC0021+SRC0022+SRC0023+SRC0024+SRC0025+SRC0026+SRC0027+SRC0029+SRC0030+SRC0031	false	false
5	24	faction	39	named_cast	named_cast_top300	SRC0001+SRC0002+SRC0003+SRC0004+SRC0005+SRC0006+SRC0007+SRC0008+SRC0009+SRC0010+SRC0011+SRC0012+SRC0013+SRC0014+SRC0015+SRC0016+SRC0017+SRC0018+SRC0019+SRC0020+SRC0021+SRC0022+SRC0023+SRC0024+SRC0025+SRC0026+SRC0027+SRC0029+SRC0030+SRC0031	false	false
6	1	Pip	290	active_cast	placement_by_book|named_cast_top300|character_registry	SRC0001+SRC0002+SRC0003+SRC0008+SRC0024	true	false
6	2	Solvaenkyr	245	active_cast	placement_by_book|named_cast_top300|character_registry	SRC0001+SRC0002+SRC0003+SRC0008+SRC0024	false	false
6	3	Daisy May	220	active_cast	placement_by_book|named_cast_top300|character_registry	SRC0001+SRC0002+SRC0003+SRC0008+SRC0024	true	false
6	4	Mack	220	active_cast	placement_by_book|named_cast_top300|character_registry	SRC0001+SRC0002+SRC0003+SRC0008+SRC0024	true	false
6	5	Xethrolund	220	active_cast	placement_by_book|named_cast_top300|character_registry	SRC0001+SRC0002+SRC0003+SRC0008+SRC0024	true	false
6	6	Boojay	218	active_cast	placement_by_book|character_generation_review	SRC0001+SRC0002+SRC0003+SRC0008+SRC0024	true	false
6	7	canonical_id	171	named_cast	named_cast_top300	SRC0001+SRC0002+SRC0003+SRC0004+SRC0005+SRC0006+SRC0007+SRC0008+SRC0009+SRC0010+SRC0011+SRC0012+SRC0013+SRC0014+SRC0015+SRC0016+SRC0017+SRC0018+SRC0019+SRC0020+SRC0021+SRC0022+SRC0023+SRC0024+SRC0025+SRC0026+SRC0027+SRC0029+SRC0030+SRC0031	false	false
6	8	role	123	named_cast	named_cast_top300	SRC0001+SRC0002+SRC0003+SRC0004+SRC0005+SRC0006+SRC0007+SRC0008+SRC0009+SRC0010+SRC0011+SRC0012+SRC0013+SRC0014+SRC0015+SRC0016+SRC0017+SRC0018+SRC0019+SRC0020+SRC0021+SRC0022+SRC0023+SRC0024+SRC0025+SRC0026+SRC0027+SRC0029+SRC0030+SRC0031	false	false
6	9	source_stack	123	named_cast	named_cast_top300	SRC0001+SRC0002+SRC0003+SRC0004+SRC0005+SRC0006+SRC0007+SRC0008+SRC0009+SRC0010+SRC0011+SRC0012+SRC0013+SRC0014+SRC0015+SRC0016+SRC0017+SRC0018+SRC0019+SRC0020+SRC0021+SRC0022+SRC0023+SRC0024+SRC0025+SRC0026+SRC0027+SRC0029+SRC0030+SRC0031	false	false
6	10	first_appears	99	named_cast	named_cast_top300	SRC0001+SRC0002+SRC0003+SRC0004+SRC0005+SRC0006+SRC0007+SRC0008+SRC0009+SRC0010+SRC0011+SRC0012+SRC0013+SRC0014+SRC0015+SRC0016+SRC0017+SRC0018+SRC0019+SRC0020+SRC0021+SRC0022+SRC0023+SRC0024+SRC0025+SRC0026+SRC0027+SRC0029+SRC0030+SRC0031	false	false
6	11	book_25	87	named_cast	named_cast_top300	SRC0001+SRC0002+SRC0003+SRC0004+SRC0005+SRC0006+SRC0007+SRC0008+SRC0009+SRC0010+SRC0011+SRC0012+SRC0013+SRC0014+SRC0015+SRC0016+SRC0017+SRC0018+SRC0019+SRC0020+SRC0021+SRC0022+SRC0023+SRC0024+SRC0025+SRC0026+SRC0027+SRC0029+SRC0030+SRC0031	false	false
6	12	DERVISH	80	named_cast	named_cast_top300|character_registry	SRC0001+SRC0002+SRC0003+SRC0004+SRC0005+SRC0006+SRC0007+SRC0008+SRC0009+SRC0010+SRC0011+SRC0012+SRC0013+SRC0014+SRC0015+SRC0016+SRC0017+SRC0018+SRC0019+SRC0020+SRC0021+SRC0022+SRC0023+SRC0024+SRC0025+SRC0026+SRC0027+SRC0029+SRC0030+SRC0031	true	false
6	13	MAJISKII	80	named_cast	named_cast_top300|character_registry	SRC0001+SRC0002+SRC0003+SRC0004+SRC0005+SRC0006+SRC0007+SRC0008+SRC0009+SRC0010+SRC0011+SRC0012+SRC0013+SRC0014+SRC0015+SRC0016+SRC0017+SRC0018+SRC0019+SRC0020+SRC0021+SRC0022+SRC0023+SRC0024+SRC0025+SRC0026+SRC0027+SRC0029+SRC0030+SRC0031	true	false
6	14	NEITH	80	named_cast	named_cast_top300|character_registry	SRC0001+SRC0002+SRC0003+SRC0004+SRC0005+SRC0006+SRC0007+SRC0008+SRC0009+SRC0010+SRC0011+SRC0012+SRC0013+SRC0014+SRC0015+SRC0016+SRC0017+SRC0018+SRC0019+SRC0020+SRC0021+SRC0022+SRC0023+SRC0024+SRC0025+SRC0026+SRC0027+SRC0029+SRC0030+SRC0031	true	false
6	15	ROLZEN	80	named_cast	named_cast_top300|character_registry	SRC0001+SRC0002+SRC0003+SRC0004+SRC0005+SRC0006+SRC0007+SRC0008+SRC0009+SRC0010+SRC0011+SRC0012+SRC0013+SRC0014+SRC0015+SRC0016+SRC0017+SRC0018+SRC0019+SRC0020+SRC0021+SRC0022+SRC0023+SRC0024+SRC0025+SRC0026+SRC0027+SRC0029+SRC0030+SRC0031	true	false
6	16	URSULA	80	named_cast	named_cast_top300|character_registry	SRC0001+SRC0002+SRC0003+SRC0004+SRC0005+SRC0006+SRC0007+SRC0008+SRC0009+SRC0010+SRC0011+SRC0012+SRC0013+SRC0014+SRC0015+SRC0016+SRC0017+SRC0018+SRC0019+SRC0020+SRC0021+SRC0022+SRC0023+SRC0024+SRC0025+SRC0026+SRC0027+SRC0029+SRC0030+SRC0031	true	false
6	17	RYLOS / BOOJAY	72	named_cast	named_cast_top300	SRC0001+SRC0002+SRC0003+SRC0004+SRC0005+SRC0006+SRC0007+SRC0008+SRC0009+SRC0010+SRC0011+SRC0012+SRC0013+SRC0014+SRC0015+SRC0016+SRC0017+SRC0018+SRC0019+SRC0020+SRC0021+SRC0022+SRC0023+SRC0024+SRC0025+SRC0026+SRC0027+SRC0029+SRC0030+SRC0031	true	false
6	18	pre_pip_role	72	named_cast	named_cast_top300	SRC0001+SRC0002+SRC0003+SRC0004+SRC0005+SRC0006+SRC0007+SRC0008+SRC0009+SRC0010+SRC0011+SRC0012+SRC0013+SRC0014+SRC0015+SRC0016+SRC0017+SRC0018+SRC0019+SRC0020+SRC0021+SRC0022+SRC0023+SRC0024+SRC0025+SRC0026+SRC0027+SRC0029+SRC0030+SRC0031	true	false
6	19	rylos_arc	72	named_cast	named_cast_top300	SRC0001+SRC0002+SRC0003+SRC0004+SRC0005+SRC0006+SRC0007+SRC0008+SRC0009+SRC0010+SRC0011+SRC0012+SRC0013+SRC0014+SRC0015+SRC0016+SRC0017+SRC0018+SRC0019+SRC0020+SRC0021+SRC0022+SRC0023+SRC0024+SRC0025+SRC0026+SRC0027+SRC0029+SRC0030+SRC0031	true	false
6	20	rylos_pip_law	72	named_cast	named_cast_top300	SRC0001+SRC0002+SRC0003+SRC0004+SRC0005+SRC0006+SRC0007+SRC0008+SRC0009+SRC0010+SRC0011+SRC0012+SRC0013+SRC0014+SRC0015+SRC0016+SRC0017+SRC0018+SRC0019+SRC0020+SRC0021+SRC0022+SRC0023+SRC0024+SRC0025+SRC0026+SRC0027+SRC0029+SRC0030+SRC0031	true	false
6	21	Rylos	68	registry	character_registry	SRC0001+SRC0002+SRC0003+SRC0004+SRC0005+SRC0006+SRC0008+SRC0009+SRC0010+SRC0011+SRC0012+SRC0013+SRC0014+SRC0015+SRC0016+SRC0017+SRC0018+SRC0019+SRC0020+SRC0021+SRC0022+SRC0023+SRC0024+SRC0030+SRC0031	true	false
6	22	arc	51	named_cast	named_cast_top300	SRC0001+SRC0002+SRC0003+SRC0004+SRC0005+SRC0006+SRC0007+SRC0008+SRC0009+SRC0010+SRC0011+SRC0012+SRC0013+SRC0014+SRC0015+SRC0016+SRC0017+SRC0018+SRC0019+SRC0020+SRC0021+SRC0022+SRC0023+SRC0024+SRC0025+SRC0026+SRC0027+SRC0029+SRC0030+SRC0031	false	false
6	23	book_24	39	named_cast	named_cast_top300	SRC0001+SRC0002+SRC0003+SRC0004+SRC0005+SRC0006+SRC0007+SRC0008+SRC0009+SRC0010+SRC0011+SRC0012+SRC0013+SRC0014+SRC0015+SRC0016+SRC0017+SRC0018+SRC0019+SRC0020+SRC0021+SRC0022+SRC0023+SRC0024+SRC0025+SRC0026+SRC0027+SRC0029+SRC0030+SRC0031	false	false
6	24	faction	39	named_cast	named_cast_top300	SRC0001+SRC0002+SRC0003+SRC0004+SRC0005+SRC0006+SRC0007+SRC0008+SRC0009+SRC0010+SRC0011+SRC0012+SRC0013+SRC0014+SRC0015+SRC0016+SRC0017+SRC0018+SRC0019+SRC0020+SRC0021+SRC0022+SRC0023+SRC0024+SRC0025+SRC0026+SRC0027+SRC0029+SRC0030+SRC0031	false	false
7	1	Daisy May	290	active_cast	placement_by_book|named_cast_top300|character_registry	SRC0001+SRC0002+SRC0003+SRC0008+SRC0024	true	false
7	2	Mack	290	active_cast	placement_by_book|named_cast_top300|character_registry	SRC0001+SRC0002+SRC0003+SRC0008+SRC0024	true	false
7	3	Pip	290	active_cast	placement_by_book|named_cast_top300|character_registry	SRC0001+SRC0002+SRC0003+SRC0008+SRC0024	true	false
7	4	Boojay	288	active_cast	placement_by_book|character_generation_review	SRC0001+SRC0002+SRC0003+SRC0008+SRC0024	true	false
7	5	Majiskii	220	active_cast	placement_by_book|named_cast_top300|character_registry	SRC0001+SRC0002+SRC0003+SRC0008+SRC0024	true	false
7	6	canonical_id	171	named_cast	named_cast_top300	SRC0001+SRC0002+SRC0003+SRC0004+SRC0005+SRC0006+SRC0007+SRC0008+SRC0009+SRC0010+SRC0011+SRC0012+SRC0013+SRC0014+SRC0015+SRC0016+SRC0017+SRC0018+SRC0019+SRC0020+SRC0021+SRC0022+SRC0023+SRC0024+SRC0025+SRC0026+SRC0027+SRC0029+SRC0030+SRC0031	false	false
7	7	Cockatrice	155	active_cast	placement_by_book	SRC0001+SRC0002+SRC0003+SRC0008+SRC0024	false	false
7	8	role	123	named_cast	named_cast_top300	SRC0001+SRC0002+SRC0003+SRC0004+SRC0005+SRC0006+SRC0007+SRC0008+SRC0009+SRC0010+SRC0011+SRC0012+SRC0013+SRC0014+SRC0015+SRC0016+SRC0017+SRC0018+SRC0019+SRC0020+SRC0021+SRC0022+SRC0023+SRC0024+SRC0025+SRC0026+SRC0027+SRC0029+SRC0030+SRC0031	false	false
7	9	source_stack	123	named_cast	named_cast_top300	SRC0001+SRC0002+SRC0003+SRC0004+SRC0005+SRC0006+SRC0007+SRC0008+SRC0009+SRC0010+SRC0011+SRC0012+SRC0013+SRC0014+SRC0015+SRC0016+SRC0017+SRC0018+SRC0019+SRC0020+SRC0021+SRC0022+SRC0023+SRC0024+SRC0025+SRC0026+SRC0027+SRC0029+SRC0030+SRC0031	false	false
7	10	first_appears	99	named_cast	named_cast_top300	SRC0001+SRC0002+SRC0003+SRC0004+SRC0005+SRC0006+SRC0007+SRC0008+SRC0009+SRC0010+SRC0011+SRC0012+SRC0013+SRC0014+SRC0015+SRC0016+SRC0017+SRC0018+SRC0019+SRC0020+SRC0021+SRC0022+SRC0023+SRC0024+SRC0025+SRC0026+SRC0027+SRC0029+SRC0030+SRC0031	false	false
7	11	book_25	87	named_cast	named_cast_top300	SRC0001+SRC0002+SRC0003+SRC0004+SRC0005+SRC0006+SRC0007+SRC0008+SRC0009+SRC0010+SRC0011+SRC0012+SRC0013+SRC0014+SRC0015+SRC0016+SRC0017+SRC0018+SRC0019+SRC0020+SRC0021+SRC0022+SRC0023+SRC0024+SRC0025+SRC0026+SRC0027+SRC0029+SRC0030+SRC0031	false	false
7	12	DERVISH	80	named_cast	named_cast_top300|character_registry	SRC0001+SRC0002+SRC0003+SRC0004+SRC0005+SRC0006+SRC0007+SRC0008+SRC0009+SRC0010+SRC0011+SRC0012+SRC0013+SRC0014+SRC0015+SRC0016+SRC0017+SRC0018+SRC0019+SRC0020+SRC0021+SRC0022+SRC0023+SRC0024+SRC0025+SRC0026+SRC0027+SRC0029+SRC0030+SRC0031	true	false
7	13	NEITH	80	named_cast	named_cast_top300|character_registry	SRC0001+SRC0002+SRC0003+SRC0004+SRC0005+SRC0006+SRC0007+SRC0008+SRC0009+SRC0010+SRC0011+SRC0012+SRC0013+SRC0014+SRC0015+SRC0016+SRC0017+SRC0018+SRC0019+SRC0020+SRC0021+SRC0022+SRC0023+SRC0024+SRC0025+SRC0026+SRC0027+SRC0029+SRC0030+SRC0031	true	false
7	14	ROLZEN	80	named_cast	named_cast_top300|character_registry	SRC0001+SRC0002+SRC0003+SRC0004+SRC0005+SRC0006+SRC0007+SRC0008+SRC0009+SRC0010+SRC0011+SRC0012+SRC0013+SRC0014+SRC0015+SRC0016+SRC0017+SRC0018+SRC0019+SRC0020+SRC0021+SRC0022+SRC0023+SRC0024+SRC0025+SRC0026+SRC0027+SRC0029+SRC0030+SRC0031	true	false
7	15	URSULA	80	named_cast	named_cast_top300|character_registry	SRC0001+SRC0002+SRC0003+SRC0004+SRC0005+SRC0006+SRC0007+SRC0008+SRC0009+SRC0010+SRC0011+SRC0012+SRC0013+SRC0014+SRC0015+SRC0016+SRC0017+SRC0018+SRC0019+SRC0020+SRC0021+SRC0022+SRC0023+SRC0024+SRC0025+SRC0026+SRC0027+SRC0029+SRC0030+SRC0031	true	false
7	16	XETHROLUND	80	named_cast	named_cast_top300|character_registry	SRC0001+SRC0002+SRC0003+SRC0004+SRC0005+SRC0006+SRC0007+SRC0008+SRC0009+SRC0010+SRC0011+SRC0012+SRC0013+SRC0014+SRC0015+SRC0016+SRC0017+SRC0018+SRC0019+SRC0020+SRC0021+SRC0022+SRC0023+SRC0024+SRC0025+SRC0026+SRC0027+SRC0029+SRC0030+SRC0031	true	false
7	17	RYLOS / BOOJAY	72	named_cast	named_cast_top300	SRC0001+SRC0002+SRC0003+SRC0004+SRC0005+SRC0006+SRC0007+SRC0008+SRC0009+SRC0010+SRC0011+SRC0012+SRC0013+SRC0014+SRC0015+SRC0016+SRC0017+SRC0018+SRC0019+SRC0020+SRC0021+SRC0022+SRC0023+SRC0024+SRC0025+SRC0026+SRC0027+SRC0029+SRC0030+SRC0031	true	false
7	18	pre_pip_role	72	named_cast	named_cast_top300	SRC0001+SRC0002+SRC0003+SRC0004+SRC0005+SRC0006+SRC0007+SRC0008+SRC0009+SRC0010+SRC0011+SRC0012+SRC0013+SRC0014+SRC0015+SRC0016+SRC0017+SRC0018+SRC0019+SRC0020+SRC0021+SRC0022+SRC0023+SRC0024+SRC0025+SRC0026+SRC0027+SRC0029+SRC0030+SRC0031	true	false
7	19	rylos_arc	72	named_cast	named_cast_top300	SRC0001+SRC0002+SRC0003+SRC0004+SRC0005+SRC0006+SRC0007+SRC0008+SRC0009+SRC0010+SRC0011+SRC0012+SRC0013+SRC0014+SRC0015+SRC0016+SRC0017+SRC0018+SRC0019+SRC0020+SRC0021+SRC0022+SRC0023+SRC0024+SRC0025+SRC0026+SRC0027+SRC0029+SRC0030+SRC0031	true	false
7	20	rylos_pip_law	72	named_cast	named_cast_top300	SRC0001+SRC0002+SRC0003+SRC0004+SRC0005+SRC0006+SRC0007+SRC0008+SRC0009+SRC0010+SRC0011+SRC0012+SRC0013+SRC0014+SRC0015+SRC0016+SRC0017+SRC0018+SRC0019+SRC0020+SRC0021+SRC0022+SRC0023+SRC0024+SRC0025+SRC0026+SRC0027+SRC0029+SRC0030+SRC0031	true	false
7	21	Rylos	68	registry	character_registry	SRC0001+SRC0002+SRC0003+SRC0004+SRC0005+SRC0006+SRC0008+SRC0009+SRC0010+SRC0011+SRC0012+SRC0013+SRC0014+SRC0015+SRC0016+SRC0017+SRC0018+SRC0019+SRC0020+SRC0021+SRC0022+SRC0023+SRC0024+SRC0030+SRC0031	true	false
7	22	arc	51	named_cast	named_cast_top300	SRC0001+SRC0002+SRC0003+SRC0004+SRC0005+SRC0006+SRC0007+SRC0008+SRC0009+SRC0010+SRC0011+SRC0012+SRC0013+SRC0014+SRC0015+SRC0016+SRC0017+SRC0018+SRC0019+SRC0020+SRC0021+SRC0022+SRC0023+SRC0024+SRC0025+SRC0026+SRC0027+SRC0029+SRC0030+SRC0031	false	false
7	23	book_24	39	named_cast	named_cast_top300	SRC0001+SRC0002+SRC0003+SRC0004+SRC0005+SRC0006+SRC0007+SRC0008+SRC0009+SRC0010+SRC0011+SRC0012+SRC0013+SRC0014+SRC0015+SRC0016+SRC0017+SRC0018+SRC0019+SRC0020+SRC0021+SRC0022+SRC0023+SRC0024+SRC0025+SRC0026+SRC0027+SRC0029+SRC0030+SRC0031	false	false
7	24	faction	39	named_cast	named_cast_top300	SRC0001+SRC0002+SRC0003+SRC0004+SRC0005+SRC0006+SRC0007+SRC0008+SRC0009+SRC0010+SRC0011+SRC0012+SRC0013+SRC0014+SRC0015+SRC0016+SRC0017+SRC0018+SRC0019+SRC0020+SRC0021+SRC0022+SRC0023+SRC0024+SRC0025+SRC0026+SRC0027+SRC0029+SRC0030+SRC0031	false	false
8	1	Daisy May	290	active_cast	placement_by_book|named_cast_top300|character_registry	SRC0001+SRC0002+SRC0003+SRC0008+SRC0024	true	false
8	2	Pip	290	active_cast	placement_by_book|named_cast_top300|character_registry	SRC0001+SRC0002+SRC0003+SRC0008+SRC0024	true	false
8	3	Wrenath	225	active_cast	placement_by_book	SRC0001+SRC0002+SRC0003+SRC0008+SRC0024	false	false
8	4	Majiskii	220	active_cast	placement_by_book|named_cast_top300|character_registry	SRC0001+SRC0002+SRC0003+SRC0008+SRC0024	true	false
8	5	Boojay	218	active_cast	placement_by_book|character_generation_review	SRC0001+SRC0002+SRC0003+SRC0008+SRC0024	true	false
8	6	canonical_id	171	named_cast	named_cast_top300	SRC0001+SRC0002+SRC0003+SRC0004+SRC0005+SRC0006+SRC0007+SRC0008+SRC0009+SRC0010+SRC0011+SRC0012+SRC0013+SRC0014+SRC0015+SRC0016+SRC0017+SRC0018+SRC0019+SRC0020+SRC0021+SRC0022+SRC0023+SRC0024+SRC0025+SRC0026+SRC0027+SRC0029+SRC0030+SRC0031	false	false
8	7	Drawn entities	155	active_cast	placement_by_book	SRC0001+SRC0002+SRC0003+SRC0008+SRC0024	false	false
8	8	role	123	named_cast	named_cast_top300	SRC0001+SRC0002+SRC0003+SRC0004+SRC0005+SRC0006+SRC0007+SRC0008+SRC0009+SRC0010+SRC0011+SRC0012+SRC0013+SRC0014+SRC0015+SRC0016+SRC0017+SRC0018+SRC0019+SRC0020+SRC0021+SRC0022+SRC0023+SRC0024+SRC0025+SRC0026+SRC0027+SRC0029+SRC0030+SRC0031	false	false
8	9	source_stack	123	named_cast	named_cast_top300	SRC0001+SRC0002+SRC0003+SRC0004+SRC0005+SRC0006+SRC0007+SRC0008+SRC0009+SRC0010+SRC0011+SRC0012+SRC0013+SRC0014+SRC0015+SRC0016+SRC0017+SRC0018+SRC0019+SRC0020+SRC0021+SRC0022+SRC0023+SRC0024+SRC0025+SRC0026+SRC0027+SRC0029+SRC0030+SRC0031	false	false
8	10	first_appears	99	named_cast	named_cast_top300	SRC0001+SRC0002+SRC0003+SRC0004+SRC0005+SRC0006+SRC0007+SRC0008+SRC0009+SRC0010+SRC0011+SRC0012+SRC0013+SRC0014+SRC0015+SRC0016+SRC0017+SRC0018+SRC0019+SRC0020+SRC0021+SRC0022+SRC0023+SRC0024+SRC0025+SRC0026+SRC0027+SRC0029+SRC0030+SRC0031	false	false
8	11	Renath	93	key_beat_mention	placement_by_book|character_registry	SRC0001+SRC0002+SRC0003+SRC0008+SRC0024	false	false
8	12	book_25	87	named_cast	named_cast_top300	SRC0001+SRC0002+SRC0003+SRC0004+SRC0005+SRC0006+SRC0007+SRC0008+SRC0009+SRC0010+SRC0011+SRC0012+SRC0013+SRC0014+SRC0015+SRC0016+SRC0017+SRC0018+SRC0019+SRC0020+SRC0021+SRC0022+SRC0023+SRC0024+SRC0025+SRC0026+SRC0027+SRC0029+SRC0030+SRC0031	false	false
8	13	DERVISH	80	named_cast	named_cast_top300|character_registry	SRC0001+SRC0002+SRC0003+SRC0004+SRC0005+SRC0006+SRC0007+SRC0008+SRC0009+SRC0010+SRC0011+SRC0012+SRC0013+SRC0014+SRC0015+SRC0016+SRC0017+SRC0018+SRC0019+SRC0020+SRC0021+SRC0022+SRC0023+SRC0024+SRC0025+SRC0026+SRC0027+SRC0029+SRC0030+SRC0031	true	false
8	14	MACK	80	named_cast	named_cast_top300|character_registry	SRC0001+SRC0002+SRC0003+SRC0004+SRC0005+SRC0006+SRC0007+SRC0008+SRC0009+SRC0010+SRC0011+SRC0012+SRC0013+SRC0014+SRC0015+SRC0016+SRC0017+SRC0018+SRC0019+SRC0020+SRC0021+SRC0022+SRC0023+SRC0024+SRC0025+SRC0026+SRC0027+SRC0029+SRC0030+SRC0031	true	false
8	15	NEITH	80	named_cast	named_cast_top300|character_registry	SRC0001+SRC0002+SRC0003+SRC0004+SRC0005+SRC0006+SRC0007+SRC0008+SRC0009+SRC0010+SRC0011+SRC0012+SRC0013+SRC0014+SRC0015+SRC0016+SRC0017+SRC0018+SRC0019+SRC0020+SRC0021+SRC0022+SRC0023+SRC0024+SRC0025+SRC0026+SRC0027+SRC0029+SRC0030+SRC0031	true	false
8	16	ROLZEN	80	named_cast	named_cast_top300|character_registry	SRC0001+SRC0002+SRC0003+SRC0004+SRC0005+SRC0006+SRC0007+SRC0008+SRC0009+SRC0010+SRC0011+SRC0012+SRC0013+SRC0014+SRC0015+SRC0016+SRC0017+SRC0018+SRC0019+SRC0020+SRC0021+SRC0022+SRC0023+SRC0024+SRC0025+SRC0026+SRC0027+SRC0029+SRC0030+SRC0031	true	false
8	17	URSULA	80	named_cast	named_cast_top300|character_registry	SRC0001+SRC0002+SRC0003+SRC0004+SRC0005+SRC0006+SRC0007+SRC0008+SRC0009+SRC0010+SRC0011+SRC0012+SRC0013+SRC0014+SRC0015+SRC0016+SRC0017+SRC0018+SRC0019+SRC0020+SRC0021+SRC0022+SRC0023+SRC0024+SRC0025+SRC0026+SRC0027+SRC0029+SRC0030+SRC0031	true	false
8	18	XETHROLUND	80	named_cast	named_cast_top300|character_registry	SRC0001+SRC0002+SRC0003+SRC0004+SRC0005+SRC0006+SRC0007+SRC0008+SRC0009+SRC0010+SRC0011+SRC0012+SRC0013+SRC0014+SRC0015+SRC0016+SRC0017+SRC0018+SRC0019+SRC0020+SRC0021+SRC0022+SRC0023+SRC0024+SRC0025+SRC0026+SRC0027+SRC0029+SRC0030+SRC0031	true	false
8	19	RYLOS / BOOJAY	72	named_cast	named_cast_top300	SRC0001+SRC0002+SRC0003+SRC0004+SRC0005+SRC0006+SRC0007+SRC0008+SRC0009+SRC0010+SRC0011+SRC0012+SRC0013+SRC0014+SRC0015+SRC0016+SRC0017+SRC0018+SRC0019+SRC0020+SRC0021+SRC0022+SRC0023+SRC0024+SRC0025+SRC0026+SRC0027+SRC0029+SRC0030+SRC0031	true	false
8	20	pre_pip_role	72	named_cast	named_cast_top300	SRC0001+SRC0002+SRC0003+SRC0004+SRC0005+SRC0006+SRC0007+SRC0008+SRC0009+SRC0010+SRC0011+SRC0012+SRC0013+SRC0014+SRC0015+SRC0016+SRC0017+SRC0018+SRC0019+SRC0020+SRC0021+SRC0022+SRC0023+SRC0024+SRC0025+SRC0026+SRC0027+SRC0029+SRC0030+SRC0031	true	false
8	21	rylos_arc	72	named_cast	named_cast_top300	SRC0001+SRC0002+SRC0003+SRC0004+SRC0005+SRC0006+SRC0007+SRC0008+SRC0009+SRC0010+SRC0011+SRC0012+SRC0013+SRC0014+SRC0015+SRC0016+SRC0017+SRC0018+SRC0019+SRC0020+SRC0021+SRC0022+SRC0023+SRC0024+SRC0025+SRC0026+SRC0027+SRC0029+SRC0030+SRC0031	true	false
8	22	rylos_pip_law	72	named_cast	named_cast_top300	SRC0001+SRC0002+SRC0003+SRC0004+SRC0005+SRC0006+SRC0007+SRC0008+SRC0009+SRC0010+SRC0011+SRC0012+SRC0013+SRC0014+SRC0015+SRC0016+SRC0017+SRC0018+SRC0019+SRC0020+SRC0021+SRC0022+SRC0023+SRC0024+SRC0025+SRC0026+SRC0027+SRC0029+SRC0030+SRC0031	true	false
8	23	Rylos	68	registry	character_registry	SRC0001+SRC0002+SRC0003+SRC0004+SRC0005+SRC0006+SRC0008+SRC0009+SRC0010+SRC0011+SRC0012+SRC0013+SRC0014+SRC0015+SRC0016+SRC0017+SRC0018+SRC0019+SRC0020+SRC0021+SRC0022+SRC0023+SRC0024+SRC0030+SRC0031	true	false
8	24	arc	51	named_cast	named_cast_top300	SRC0001+SRC0002+SRC0003+SRC0004+SRC0005+SRC0006+SRC0007+SRC0008+SRC0009+SRC0010+SRC0011+SRC0012+SRC0013+SRC0014+SRC0015+SRC0016+SRC0017+SRC0018+SRC0019+SRC0020+SRC0021+SRC0022+SRC0023+SRC0024+SRC0025+SRC0026+SRC0027+SRC0029+SRC0030+SRC0031	false	false
9	1	Daisy May	290	active_cast	placement_by_book|named_cast_top300|character_registry	SRC0001+SRC0002+SRC0003+SRC0008+SRC0024	true	false
9	2	Pip	290	active_cast	placement_by_book|named_cast_top300|character_registry	SRC0001+SRC0002+SRC0003+SRC0008+SRC0024	true	false
9	3	Boojay	288	active_cast	placement_by_book|character_generation_review	SRC0001+SRC0002+SRC0003+SRC0008+SRC0024	true	false
9	4	Solvaenkyr	245	active_cast	placement_by_book|named_cast_top300|character_registry	SRC0001+SRC0002+SRC0003+SRC0008+SRC0024	false	false
9	5	Glint	233	active_cast	placement_by_book|character_registry	SRC0001+SRC0002+SRC0003+SRC0008+SRC0024	false	false
9	6	Mack	220	active_cast	placement_by_book|named_cast_top300|character_registry	SRC0001+SRC0002+SRC0003+SRC0008+SRC0024	true	false
9	7	Majiskii	220	active_cast	placement_by_book|named_cast_top300|character_registry	SRC0001+SRC0002+SRC0003+SRC0008+SRC0024	true	false
9	8	Xethrolund	220	active_cast	placement_by_book|named_cast_top300|character_registry	SRC0001+SRC0002+SRC0003+SRC0008+SRC0024	true	false
9	9	canonical_id	171	named_cast	named_cast_top300	SRC0001+SRC0002+SRC0003+SRC0004+SRC0005+SRC0006+SRC0007+SRC0008+SRC0009+SRC0010+SRC0011+SRC0012+SRC0013+SRC0014+SRC0015+SRC0016+SRC0017+SRC0018+SRC0019+SRC0020+SRC0021+SRC0022+SRC0023+SRC0024+SRC0025+SRC0026+SRC0027+SRC0029+SRC0030+SRC0031	false	false
9	10	Cockatrice	155	active_cast	placement_by_book	SRC0001+SRC0002+SRC0003+SRC0008+SRC0024	false	false
9	11	then physical arrival)	155	active_cast	placement_by_book	SRC0001+SRC0002+SRC0003+SRC0008+SRC0024	false	false
9	12	Ursula	150	key_beat_mention	placement_by_book|named_cast_top300|character_registry	SRC0001+SRC0002+SRC0003+SRC0008+SRC0024	true	false
9	13	role	123	named_cast	named_cast_top300	SRC0001+SRC0002+SRC0003+SRC0004+SRC0005+SRC0006+SRC0007+SRC0008+SRC0009+SRC0010+SRC0011+SRC0012+SRC0013+SRC0014+SRC0015+SRC0016+SRC0017+SRC0018+SRC0019+SRC0020+SRC0021+SRC0022+SRC0023+SRC0024+SRC0025+SRC0026+SRC0027+SRC0029+SRC0030+SRC0031	false	false
9	14	source_stack	123	named_cast	named_cast_top300	SRC0001+SRC0002+SRC0003+SRC0004+SRC0005+SRC0006+SRC0007+SRC0008+SRC0009+SRC0010+SRC0011+SRC0012+SRC0013+SRC0014+SRC0015+SRC0016+SRC0017+SRC0018+SRC0019+SRC0020+SRC0021+SRC0022+SRC0023+SRC0024+SRC0025+SRC0026+SRC0027+SRC0029+SRC0030+SRC0031	false	false
9	15	first_appears	99	named_cast	named_cast_top300	SRC0001+SRC0002+SRC0003+SRC0004+SRC0005+SRC0006+SRC0007+SRC0008+SRC0009+SRC0010+SRC0011+SRC0012+SRC0013+SRC0014+SRC0015+SRC0016+SRC0017+SRC0018+SRC0019+SRC0020+SRC0021+SRC0022+SRC0023+SRC0024+SRC0025+SRC0026+SRC0027+SRC0029+SRC0030+SRC0031	false	false
9	16	book_25	87	named_cast	named_cast_top300	SRC0001+SRC0002+SRC0003+SRC0004+SRC0005+SRC0006+SRC0007+SRC0008+SRC0009+SRC0010+SRC0011+SRC0012+SRC0013+SRC0014+SRC0015+SRC0016+SRC0017+SRC0018+SRC0019+SRC0020+SRC0021+SRC0022+SRC0023+SRC0024+SRC0025+SRC0026+SRC0027+SRC0029+SRC0030+SRC0031	false	false
9	17	DERVISH	80	named_cast	named_cast_top300|character_registry	SRC0001+SRC0002+SRC0003+SRC0004+SRC0005+SRC0006+SRC0007+SRC0008+SRC0009+SRC0010+SRC0011+SRC0012+SRC0013+SRC0014+SRC0015+SRC0016+SRC0017+SRC0018+SRC0019+SRC0020+SRC0021+SRC0022+SRC0023+SRC0024+SRC0025+SRC0026+SRC0027+SRC0029+SRC0030+SRC0031	true	false
9	18	NEITH	80	named_cast	named_cast_top300|character_registry	SRC0001+SRC0002+SRC0003+SRC0004+SRC0005+SRC0006+SRC0007+SRC0008+SRC0009+SRC0010+SRC0011+SRC0012+SRC0013+SRC0014+SRC0015+SRC0016+SRC0017+SRC0018+SRC0019+SRC0020+SRC0021+SRC0022+SRC0023+SRC0024+SRC0025+SRC0026+SRC0027+SRC0029+SRC0030+SRC0031	true	false
9	19	ROLZEN	80	named_cast	named_cast_top300|character_registry	SRC0001+SRC0002+SRC0003+SRC0004+SRC0005+SRC0006+SRC0007+SRC0008+SRC0009+SRC0010+SRC0011+SRC0012+SRC0013+SRC0014+SRC0015+SRC0016+SRC0017+SRC0018+SRC0019+SRC0020+SRC0021+SRC0022+SRC0023+SRC0024+SRC0025+SRC0026+SRC0027+SRC0029+SRC0030+SRC0031	true	false
9	20	RYLOS / BOOJAY	72	named_cast	named_cast_top300	SRC0001+SRC0002+SRC0003+SRC0004+SRC0005+SRC0006+SRC0007+SRC0008+SRC0009+SRC0010+SRC0011+SRC0012+SRC0013+SRC0014+SRC0015+SRC0016+SRC0017+SRC0018+SRC0019+SRC0020+SRC0021+SRC0022+SRC0023+SRC0024+SRC0025+SRC0026+SRC0027+SRC0029+SRC0030+SRC0031	true	false
9	21	pre_pip_role	72	named_cast	named_cast_top300	SRC0001+SRC0002+SRC0003+SRC0004+SRC0005+SRC0006+SRC0007+SRC0008+SRC0009+SRC0010+SRC0011+SRC0012+SRC0013+SRC0014+SRC0015+SRC0016+SRC0017+SRC0018+SRC0019+SRC0020+SRC0021+SRC0022+SRC0023+SRC0024+SRC0025+SRC0026+SRC0027+SRC0029+SRC0030+SRC0031	true	false
9	22	rylos_arc	72	named_cast	named_cast_top300	SRC0001+SRC0002+SRC0003+SRC0004+SRC0005+SRC0006+SRC0007+SRC0008+SRC0009+SRC0010+SRC0011+SRC0012+SRC0013+SRC0014+SRC0015+SRC0016+SRC0017+SRC0018+SRC0019+SRC0020+SRC0021+SRC0022+SRC0023+SRC0024+SRC0025+SRC0026+SRC0027+SRC0029+SRC0030+SRC0031	true	false
9	23	rylos_pip_law	72	named_cast	named_cast_top300	SRC0001+SRC0002+SRC0003+SRC0004+SRC0005+SRC0006+SRC0007+SRC0008+SRC0009+SRC0010+SRC0011+SRC0012+SRC0013+SRC0014+SRC0015+SRC0016+SRC0017+SRC0018+SRC0019+SRC0020+SRC0021+SRC0022+SRC0023+SRC0024+SRC0025+SRC0026+SRC0027+SRC0029+SRC0030+SRC0031	true	false
9	24	Rylos	68	registry	character_registry	SRC0001+SRC0002+SRC0003+SRC0004+SRC0005+SRC0006+SRC0008+SRC0009+SRC0010+SRC0011+SRC0012+SRC0013+SRC0014+SRC0015+SRC0016+SRC0017+SRC0018+SRC0019+SRC0020+SRC0021+SRC0022+SRC0023+SRC0024+SRC0030+SRC0031	true	false
10	1	Mack	290	active_cast	placement_by_book|named_cast_top300|character_registry	SRC0001+SRC0002+SRC0003+SRC0004+SRC0005+SRC0006+SRC0007+SRC0008+SRC0009+SRC0010+SRC0011+SRC0012+SRC0013+SRC0014+SRC0015+SRC0016+SRC0017+SRC0018+SRC0019+SRC0020+SRC0021+SRC0022+SRC0023+SRC0024+SRC0025+SRC0026+SRC0027+SRC0029+SRC0030+SRC0031	true	false
10	2	Boojay	273	active_cast	placement_by_book|character_generation_review		true	false
10	3	Pip	220	active_cast	placement_by_book|named_cast_top300|character_registry	SRC0001+SRC0002+SRC0003+SRC0008+SRC0024	true	false
10	4	Xethrolund	220	active_cast	placement_by_book|named_cast_top300|character_registry	SRC0001+SRC0002+SRC0003+SRC0004+SRC0005+SRC0006+SRC0007+SRC0008+SRC0009+SRC0010+SRC0011+SRC0012+SRC0013+SRC0014+SRC0015+SRC0016+SRC0017+SRC0018+SRC0019+SRC0020+SRC0021+SRC0022+SRC0023+SRC0024+SRC0025+SRC0026+SRC0027+SRC0029+SRC0030+SRC0031	true	false
10	5	canonical_id	171	named_cast	named_cast_top300	SRC0001+SRC0002+SRC0003+SRC0004+SRC0005+SRC0006+SRC0007+SRC0008+SRC0009+SRC0010+SRC0011+SRC0012+SRC0013+SRC0014+SRC0015+SRC0016+SRC0017+SRC0018+SRC0019+SRC0020+SRC0021+SRC0022+SRC0023+SRC0024+SRC0025+SRC0026+SRC0027+SRC0029+SRC0030+SRC0031	false	false
10	6	Cockatrice	140	active_cast	placement_by_book		false	false
10	7	role	123	named_cast	named_cast_top300	SRC0001+SRC0002+SRC0003+SRC0004+SRC0005+SRC0006+SRC0007+SRC0008+SRC0009+SRC0010+SRC0011+SRC0012+SRC0013+SRC0014+SRC0015+SRC0016+SRC0017+SRC0018+SRC0019+SRC0020+SRC0021+SRC0022+SRC0023+SRC0024+SRC0025+SRC0026+SRC0027+SRC0029+SRC0030+SRC0031	false	false
10	8	source_stack	123	named_cast	named_cast_top300	SRC0001+SRC0002+SRC0003+SRC0004+SRC0005+SRC0006+SRC0007+SRC0008+SRC0009+SRC0010+SRC0011+SRC0012+SRC0013+SRC0014+SRC0015+SRC0016+SRC0017+SRC0018+SRC0019+SRC0020+SRC0021+SRC0022+SRC0023+SRC0024+SRC0025+SRC0026+SRC0027+SRC0029+SRC0030+SRC0031	false	false
10	9	first_appears	99	named_cast	named_cast_top300	SRC0001+SRC0002+SRC0003+SRC0004+SRC0005+SRC0006+SRC0007+SRC0008+SRC0009+SRC0010+SRC0011+SRC0012+SRC0013+SRC0014+SRC0015+SRC0016+SRC0017+SRC0018+SRC0019+SRC0020+SRC0021+SRC0022+SRC0023+SRC0024+SRC0025+SRC0026+SRC0027+SRC0029+SRC0030+SRC0031	false	false
10	10	book_25	87	named_cast	named_cast_top300	SRC0001+SRC0002+SRC0003+SRC0004+SRC0005+SRC0006+SRC0007+SRC0008+SRC0009+SRC0010+SRC0011+SRC0012+SRC0013+SRC0014+SRC0015+SRC0016+SRC0017+SRC0018+SRC0019+SRC0020+SRC0021+SRC0022+SRC0023+SRC0024+SRC0025+SRC0026+SRC0027+SRC0029+SRC0030+SRC0031	false	false
10	11	DAISY MAY	80	named_cast	named_cast_top300|character_registry	SRC0001+SRC0002+SRC0003+SRC0004+SRC0005+SRC0006+SRC0007+SRC0008+SRC0009+SRC0010+SRC0011+SRC0012+SRC0013+SRC0014+SRC0015+SRC0016+SRC0017+SRC0018+SRC0019+SRC0020+SRC0021+SRC0022+SRC0023+SRC0024+SRC0025+SRC0026+SRC0027+SRC0029+SRC0030+SRC0031	true	false
10	12	DERVISH	80	named_cast	named_cast_top300|character_registry	SRC0001+SRC0002+SRC0003+SRC0004+SRC0005+SRC0006+SRC0007+SRC0008+SRC0009+SRC0010+SRC0011+SRC0012+SRC0013+SRC0014+SRC0015+SRC0016+SRC0017+SRC0018+SRC0019+SRC0020+SRC0021+SRC0022+SRC0023+SRC0024+SRC0025+SRC0026+SRC0027+SRC0029+SRC0030+SRC0031	true	false
10	13	MAJISKII	80	named_cast	named_cast_top300|character_registry	SRC0001+SRC0002+SRC0003+SRC0004+SRC0005+SRC0006+SRC0007+SRC0008+SRC0009+SRC0010+SRC0011+SRC0012+SRC0013+SRC0014+SRC0015+SRC0016+SRC0017+SRC0018+SRC0019+SRC0020+SRC0021+SRC0022+SRC0023+SRC0024+SRC0025+SRC0026+SRC0027+SRC0029+SRC0030+SRC0031	true	false
10	14	NEITH	80	named_cast	named_cast_top300|character_registry	SRC0001+SRC0002+SRC0003+SRC0004+SRC0005+SRC0006+SRC0007+SRC0008+SRC0009+SRC0010+SRC0011+SRC0012+SRC0013+SRC0014+SRC0015+SRC0016+SRC0017+SRC0018+SRC0019+SRC0020+SRC0021+SRC0022+SRC0023+SRC0024+SRC0025+SRC0026+SRC0027+SRC0029+SRC0030+SRC0031	true	false
10	15	ROLZEN	80	named_cast	named_cast_top300|character_registry	SRC0001+SRC0002+SRC0003+SRC0004+SRC0005+SRC0006+SRC0007+SRC0008+SRC0009+SRC0010+SRC0011+SRC0012+SRC0013+SRC0014+SRC0015+SRC0016+SRC0017+SRC0018+SRC0019+SRC0020+SRC0021+SRC0022+SRC0023+SRC0024+SRC0025+SRC0026+SRC0027+SRC0029+SRC0030+SRC0031	true	false
10	16	URSULA	80	named_cast	named_cast_top300|character_registry	SRC0001+SRC0002+SRC0003+SRC0004+SRC0005+SRC0006+SRC0007+SRC0008+SRC0009+SRC0010+SRC0011+SRC0012+SRC0013+SRC0014+SRC0015+SRC0016+SRC0017+SRC0018+SRC0019+SRC0020+SRC0021+SRC0022+SRC0023+SRC0024+SRC0025+SRC0026+SRC0027+SRC0029+SRC0030+SRC0031	true	false
10	17	RYLOS / BOOJAY	72	named_cast	named_cast_top300	SRC0001+SRC0002+SRC0003+SRC0004+SRC0005+SRC0006+SRC0007+SRC0008+SRC0009+SRC0010+SRC0011+SRC0012+SRC0013+SRC0014+SRC0015+SRC0016+SRC0017+SRC0018+SRC0019+SRC0020+SRC0021+SRC0022+SRC0023+SRC0024+SRC0025+SRC0026+SRC0027+SRC0029+SRC0030+SRC0031	true	false
10	18	pre_pip_role	72	named_cast	named_cast_top300	SRC0001+SRC0002+SRC0003+SRC0004+SRC0005+SRC0006+SRC0007+SRC0008+SRC0009+SRC0010+SRC0011+SRC0012+SRC0013+SRC0014+SRC0015+SRC0016+SRC0017+SRC0018+SRC0019+SRC0020+SRC0021+SRC0022+SRC0023+SRC0024+SRC0025+SRC0026+SRC0027+SRC0029+SRC0030+SRC0031	true	false
10	19	rylos_arc	72	named_cast	named_cast_top300	SRC0001+SRC0002+SRC0003+SRC0004+SRC0005+SRC0006+SRC0007+SRC0008+SRC0009+SRC0010+SRC0011+SRC0012+SRC0013+SRC0014+SRC0015+SRC0016+SRC0017+SRC0018+SRC0019+SRC0020+SRC0021+SRC0022+SRC0023+SRC0024+SRC0025+SRC0026+SRC0027+SRC0029+SRC0030+SRC0031	true	false
10	20	rylos_pip_law	72	named_cast	named_cast_top300	SRC0001+SRC0002+SRC0003+SRC0004+SRC0005+SRC0006+SRC0007+SRC0008+SRC0009+SRC0010+SRC0011+SRC0012+SRC0013+SRC0014+SRC0015+SRC0016+SRC0017+SRC0018+SRC0019+SRC0020+SRC0021+SRC0022+SRC0023+SRC0024+SRC0025+SRC0026+SRC0027+SRC0029+SRC0030+SRC0031	true	false
10	21	Rylos	68	registry	character_registry	SRC0001+SRC0002+SRC0003+SRC0004+SRC0005+SRC0006+SRC0008+SRC0009+SRC0010+SRC0011+SRC0012+SRC0013+SRC0014+SRC0015+SRC0016+SRC0017+SRC0018+SRC0019+SRC0020+SRC0021+SRC0022+SRC0023+SRC0024+SRC0030+SRC0031	true	false
10	22	arc	51	named_cast	named_cast_top300	SRC0001+SRC0002+SRC0003+SRC0004+SRC0005+SRC0006+SRC0007+SRC0008+SRC0009+SRC0010+SRC0011+SRC0012+SRC0013+SRC0014+SRC0015+SRC0016+SRC0017+SRC0018+SRC0019+SRC0020+SRC0021+SRC0022+SRC0023+SRC0024+SRC0025+SRC0026+SRC0027+SRC0029+SRC0030+SRC0031	false	false
10	23	book_24	39	named_cast	named_cast_top300	SRC0001+SRC0002+SRC0003+SRC0004+SRC0005+SRC0006+SRC0007+SRC0008+SRC0009+SRC0010+SRC0011+SRC0012+SRC0013+SRC0014+SRC0015+SRC0016+SRC0017+SRC0018+SRC0019+SRC0020+SRC0021+SRC0022+SRC0023+SRC0024+SRC0025+SRC0026+SRC0027+SRC0029+SRC0030+SRC0031	false	false
10	24	faction	39	named_cast	named_cast_top300	SRC0001+SRC0002+SRC0003+SRC0004+SRC0005+SRC0006+SRC0007+SRC0008+SRC0009+SRC0010+SRC0011+SRC0012+SRC0013+SRC0014+SRC0015+SRC0016+SRC0017+SRC0018+SRC0019+SRC0020+SRC0021+SRC0022+SRC0023+SRC0024+SRC0025+SRC0026+SRC0027+SRC0029+SRC0030+SRC0031	false	false
11	1	Pip	290	active_cast	placement_by_book|named_cast_top300|character_registry	SRC0001+SRC0002+SRC0003+SRC0008+SRC0024	true	false
11	2	Xethrolund	290	active_cast	placement_by_book|named_cast_top300|character_registry	SRC0001+SRC0002+SRC0003+SRC0008+SRC0024	true	false
11	3	Boojay	288	active_cast	placement_by_book|character_generation_review	SRC0001+SRC0002+SRC0003+SRC0008+SRC0024	true	false
11	4	Mack	220	active_cast	placement_by_book|named_cast_top300|character_registry	SRC0001+SRC0002+SRC0003+SRC0008+SRC0024	true	false
11	5	canonical_id	171	named_cast	named_cast_top300	SRC0001+SRC0002+SRC0003+SRC0004+SRC0005+SRC0006+SRC0007+SRC0008+SRC0009+SRC0010+SRC0011+SRC0012+SRC0013+SRC0014+SRC0015+SRC0016+SRC0017+SRC0018+SRC0019+SRC0020+SRC0021+SRC0022+SRC0023+SRC0024+SRC0025+SRC0026+SRC0027+SRC0029+SRC0030+SRC0031	false	false
11	6	role	123	named_cast	named_cast_top300	SRC0001+SRC0002+SRC0003+SRC0004+SRC0005+SRC0006+SRC0007+SRC0008+SRC0009+SRC0010+SRC0011+SRC0012+SRC0013+SRC0014+SRC0015+SRC0016+SRC0017+SRC0018+SRC0019+SRC0020+SRC0021+SRC0022+SRC0023+SRC0024+SRC0025+SRC0026+SRC0027+SRC0029+SRC0030+SRC0031	false	false
11	7	source_stack	123	named_cast	named_cast_top300	SRC0001+SRC0002+SRC0003+SRC0004+SRC0005+SRC0006+SRC0007+SRC0008+SRC0009+SRC0010+SRC0011+SRC0012+SRC0013+SRC0014+SRC0015+SRC0016+SRC0017+SRC0018+SRC0019+SRC0020+SRC0021+SRC0022+SRC0023+SRC0024+SRC0025+SRC0026+SRC0027+SRC0029+SRC0030+SRC0031	false	false
11	8	first_appears	99	named_cast	named_cast_top300	SRC0001+SRC0002+SRC0003+SRC0004+SRC0005+SRC0006+SRC0007+SRC0008+SRC0009+SRC0010+SRC0011+SRC0012+SRC0013+SRC0014+SRC0015+SRC0016+SRC0017+SRC0018+SRC0019+SRC0020+SRC0021+SRC0022+SRC0023+SRC0024+SRC0025+SRC0026+SRC0027+SRC0029+SRC0030+SRC0031	false	false
11	9	book_25	87	named_cast	named_cast_top300	SRC0001+SRC0002+SRC0003+SRC0004+SRC0005+SRC0006+SRC0007+SRC0008+SRC0009+SRC0010+SRC0011+SRC0012+SRC0013+SRC0014+SRC0015+SRC0016+SRC0017+SRC0018+SRC0019+SRC0020+SRC0021+SRC0022+SRC0023+SRC0024+SRC0025+SRC0026+SRC0027+SRC0029+SRC0030+SRC0031	false	false
11	10	DAISY MAY	80	named_cast	named_cast_top300|character_registry	SRC0001+SRC0002+SRC0003+SRC0004+SRC0005+SRC0006+SRC0007+SRC0008+SRC0009+SRC0010+SRC0011+SRC0012+SRC0013+SRC0014+SRC0015+SRC0016+SRC0017+SRC0018+SRC0019+SRC0020+SRC0021+SRC0022+SRC0023+SRC0024+SRC0025+SRC0026+SRC0027+SRC0029+SRC0030+SRC0031	true	false
11	11	DERVISH	80	named_cast	named_cast_top300|character_registry	SRC0001+SRC0002+SRC0003+SRC0004+SRC0005+SRC0006+SRC0007+SRC0008+SRC0009+SRC0010+SRC0011+SRC0012+SRC0013+SRC0014+SRC0015+SRC0016+SRC0017+SRC0018+SRC0019+SRC0020+SRC0021+SRC0022+SRC0023+SRC0024+SRC0025+SRC0026+SRC0027+SRC0029+SRC0030+SRC0031	true	false
11	12	MAJISKII	80	named_cast	named_cast_top300|character_registry	SRC0001+SRC0002+SRC0003+SRC0004+SRC0005+SRC0006+SRC0007+SRC0008+SRC0009+SRC0010+SRC0011+SRC0012+SRC0013+SRC0014+SRC0015+SRC0016+SRC0017+SRC0018+SRC0019+SRC0020+SRC0021+SRC0022+SRC0023+SRC0024+SRC0025+SRC0026+SRC0027+SRC0029+SRC0030+SRC0031	true	false
11	13	NEITH	80	named_cast	named_cast_top300|character_registry	SRC0001+SRC0002+SRC0003+SRC0004+SRC0005+SRC0006+SRC0007+SRC0008+SRC0009+SRC0010+SRC0011+SRC0012+SRC0013+SRC0014+SRC0015+SRC0016+SRC0017+SRC0018+SRC0019+SRC0020+SRC0021+SRC0022+SRC0023+SRC0024+SRC0025+SRC0026+SRC0027+SRC0029+SRC0030+SRC0031	true	false
11	14	ROLZEN	80	named_cast	named_cast_top300|character_registry	SRC0001+SRC0002+SRC0003+SRC0004+SRC0005+SRC0006+SRC0007+SRC0008+SRC0009+SRC0010+SRC0011+SRC0012+SRC0013+SRC0014+SRC0015+SRC0016+SRC0017+SRC0018+SRC0019+SRC0020+SRC0021+SRC0022+SRC0023+SRC0024+SRC0025+SRC0026+SRC0027+SRC0029+SRC0030+SRC0031	true	false
11	15	URSULA	80	named_cast	named_cast_top300|character_registry	SRC0001+SRC0002+SRC0003+SRC0004+SRC0005+SRC0006+SRC0007+SRC0008+SRC0009+SRC0010+SRC0011+SRC0012+SRC0013+SRC0014+SRC0015+SRC0016+SRC0017+SRC0018+SRC0019+SRC0020+SRC0021+SRC0022+SRC0023+SRC0024+SRC0025+SRC0026+SRC0027+SRC0029+SRC0030+SRC0031	true	false
11	16	RYLOS / BOOJAY	72	named_cast	named_cast_top300	SRC0001+SRC0002+SRC0003+SRC0004+SRC0005+SRC0006+SRC0007+SRC0008+SRC0009+SRC0010+SRC0011+SRC0012+SRC0013+SRC0014+SRC0015+SRC0016+SRC0017+SRC0018+SRC0019+SRC0020+SRC0021+SRC0022+SRC0023+SRC0024+SRC0025+SRC0026+SRC0027+SRC0029+SRC0030+SRC0031	true	false
11	17	pre_pip_role	72	named_cast	named_cast_top300	SRC0001+SRC0002+SRC0003+SRC0004+SRC0005+SRC0006+SRC0007+SRC0008+SRC0009+SRC0010+SRC0011+SRC0012+SRC0013+SRC0014+SRC0015+SRC0016+SRC0017+SRC0018+SRC0019+SRC0020+SRC0021+SRC0022+SRC0023+SRC0024+SRC0025+SRC0026+SRC0027+SRC0029+SRC0030+SRC0031	true	false
11	18	rylos_arc	72	named_cast	named_cast_top300	SRC0001+SRC0002+SRC0003+SRC0004+SRC0005+SRC0006+SRC0007+SRC0008+SRC0009+SRC0010+SRC0011+SRC0012+SRC0013+SRC0014+SRC0015+SRC0016+SRC0017+SRC0018+SRC0019+SRC0020+SRC0021+SRC0022+SRC0023+SRC0024+SRC0025+SRC0026+SRC0027+SRC0029+SRC0030+SRC0031	true	false
11	19	rylos_pip_law	72	named_cast	named_cast_top300	SRC0001+SRC0002+SRC0003+SRC0004+SRC0005+SRC0006+SRC0007+SRC0008+SRC0009+SRC0010+SRC0011+SRC0012+SRC0013+SRC0014+SRC0015+SRC0016+SRC0017+SRC0018+SRC0019+SRC0020+SRC0021+SRC0022+SRC0023+SRC0024+SRC0025+SRC0026+SRC0027+SRC0029+SRC0030+SRC0031	true	false
11	20	Rylos	68	registry	character_registry	SRC0001+SRC0002+SRC0003+SRC0004+SRC0005+SRC0006+SRC0008+SRC0009+SRC0010+SRC0011+SRC0012+SRC0013+SRC0014+SRC0015+SRC0016+SRC0017+SRC0018+SRC0019+SRC0020+SRC0021+SRC0022+SRC0023+SRC0024+SRC0030+SRC0031	true	false
11	21	arc	51	named_cast	named_cast_top300	SRC0001+SRC0002+SRC0003+SRC0004+SRC0005+SRC0006+SRC0007+SRC0008+SRC0009+SRC0010+SRC0011+SRC0012+SRC0013+SRC0014+SRC0015+SRC0016+SRC0017+SRC0018+SRC0019+SRC0020+SRC0021+SRC0022+SRC0023+SRC0024+SRC0025+SRC0026+SRC0027+SRC0029+SRC0030+SRC0031	false	false
11	22	book_24	39	named_cast	named_cast_top300	SRC0001+SRC0002+SRC0003+SRC0004+SRC0005+SRC0006+SRC0007+SRC0008+SRC0009+SRC0010+SRC0011+SRC0012+SRC0013+SRC0014+SRC0015+SRC0016+SRC0017+SRC0018+SRC0019+SRC0020+SRC0021+SRC0022+SRC0023+SRC0024+SRC0025+SRC0026+SRC0027+SRC0029+SRC0030+SRC0031	false	false
11	23	faction	39	named_cast	named_cast_top300	SRC0001+SRC0002+SRC0003+SRC0004+SRC0005+SRC0006+SRC0007+SRC0008+SRC0009+SRC0010+SRC0011+SRC0012+SRC0013+SRC0014+SRC0015+SRC0016+SRC0017+SRC0018+SRC0019+SRC0020+SRC0021+SRC0022+SRC0023+SRC0024+SRC0025+SRC0026+SRC0027+SRC0029+SRC0030+SRC0031	false	false
11	24	magic	39	named_cast	named_cast_top300	SRC0001+SRC0002+SRC0003+SRC0004+SRC0005+SRC0006+SRC0007+SRC0008+SRC0009+SRC0010+SRC0011+SRC0012+SRC0013+SRC0014+SRC0015+SRC0016+SRC0017+SRC0018+SRC0019+SRC0020+SRC0021+SRC0022+SRC0023+SRC0024+SRC0025+SRC0026+SRC0027+SRC0029+SRC0030+SRC0031	false	false
12	1	Daisy May	290	active_cast	placement_by_book|named_cast_top300|character_registry	SRC0001+SRC0002+SRC0003+SRC0008+SRC0024	true	false
12	2	Pip	290	active_cast	placement_by_book|named_cast_top300|character_registry	SRC0001+SRC0002+SRC0003+SRC0008+SRC0024	true	false
12	3	Mack	220	active_cast	placement_by_book|named_cast_top300|character_registry	SRC0001+SRC0002+SRC0003+SRC0008+SRC0024	true	false
12	4	Majiskii	220	active_cast	placement_by_book|named_cast_top300|character_registry	SRC0001+SRC0002+SRC0003+SRC0008+SRC0024	true	false
12	5	Xethrolund	220	active_cast	placement_by_book|named_cast_top300|character_registry	SRC0001+SRC0002+SRC0003+SRC0008+SRC0024	true	false
12	6	canonical_id	171	named_cast	named_cast_top300	SRC0001+SRC0002+SRC0003+SRC0004+SRC0005+SRC0006+SRC0007+SRC0008+SRC0009+SRC0010+SRC0011+SRC0012+SRC0013+SRC0014+SRC0015+SRC0016+SRC0017+SRC0018+SRC0019+SRC0020+SRC0021+SRC0022+SRC0023+SRC0024+SRC0025+SRC0026+SRC0027+SRC0029+SRC0030+SRC0031	false	false
12	7	role	123	named_cast	named_cast_top300	SRC0001+SRC0002+SRC0003+SRC0004+SRC0005+SRC0006+SRC0007+SRC0008+SRC0009+SRC0010+SRC0011+SRC0012+SRC0013+SRC0014+SRC0015+SRC0016+SRC0017+SRC0018+SRC0019+SRC0020+SRC0021+SRC0022+SRC0023+SRC0024+SRC0025+SRC0026+SRC0027+SRC0029+SRC0030+SRC0031	false	false
12	8	source_stack	123	named_cast	named_cast_top300	SRC0001+SRC0002+SRC0003+SRC0004+SRC0005+SRC0006+SRC0007+SRC0008+SRC0009+SRC0010+SRC0011+SRC0012+SRC0013+SRC0014+SRC0015+SRC0016+SRC0017+SRC0018+SRC0019+SRC0020+SRC0021+SRC0022+SRC0023+SRC0024+SRC0025+SRC0026+SRC0027+SRC0029+SRC0030+SRC0031	false	false
12	9	first_appears	99	named_cast	named_cast_top300	SRC0001+SRC0002+SRC0003+SRC0004+SRC0005+SRC0006+SRC0007+SRC0008+SRC0009+SRC0010+SRC0011+SRC0012+SRC0013+SRC0014+SRC0015+SRC0016+SRC0017+SRC0018+SRC0019+SRC0020+SRC0021+SRC0022+SRC0023+SRC0024+SRC0025+SRC0026+SRC0027+SRC0029+SRC0030+SRC0031	false	false
12	10	book_25	87	named_cast	named_cast_top300	SRC0001+SRC0002+SRC0003+SRC0004+SRC0005+SRC0006+SRC0007+SRC0008+SRC0009+SRC0010+SRC0011+SRC0012+SRC0013+SRC0014+SRC0015+SRC0016+SRC0017+SRC0018+SRC0019+SRC0020+SRC0021+SRC0022+SRC0023+SRC0024+SRC0025+SRC0026+SRC0027+SRC0029+SRC0030+SRC0031	false	false
12	11	DERVISH	80	named_cast	named_cast_top300|character_registry	SRC0001+SRC0002+SRC0003+SRC0004+SRC0005+SRC0006+SRC0007+SRC0008+SRC0009+SRC0010+SRC0011+SRC0012+SRC0013+SRC0014+SRC0015+SRC0016+SRC0017+SRC0018+SRC0019+SRC0020+SRC0021+SRC0022+SRC0023+SRC0024+SRC0025+SRC0026+SRC0027+SRC0029+SRC0030+SRC0031	true	false
12	12	NEITH	80	named_cast	named_cast_top300|character_registry	SRC0001+SRC0002+SRC0003+SRC0004+SRC0005+SRC0006+SRC0007+SRC0008+SRC0009+SRC0010+SRC0011+SRC0012+SRC0013+SRC0014+SRC0015+SRC0016+SRC0017+SRC0018+SRC0019+SRC0020+SRC0021+SRC0022+SRC0023+SRC0024+SRC0025+SRC0026+SRC0027+SRC0029+SRC0030+SRC0031	true	false
12	13	ROLZEN	80	named_cast	named_cast_top300|character_registry	SRC0001+SRC0002+SRC0003+SRC0004+SRC0005+SRC0006+SRC0007+SRC0008+SRC0009+SRC0010+SRC0011+SRC0012+SRC0013+SRC0014+SRC0015+SRC0016+SRC0017+SRC0018+SRC0019+SRC0020+SRC0021+SRC0022+SRC0023+SRC0024+SRC0025+SRC0026+SRC0027+SRC0029+SRC0030+SRC0031	true	false
12	14	URSULA	80	named_cast	named_cast_top300|character_registry	SRC0001+SRC0002+SRC0003+SRC0004+SRC0005+SRC0006+SRC0007+SRC0008+SRC0009+SRC0010+SRC0011+SRC0012+SRC0013+SRC0014+SRC0015+SRC0016+SRC0017+SRC0018+SRC0019+SRC0020+SRC0021+SRC0022+SRC0023+SRC0024+SRC0025+SRC0026+SRC0027+SRC0029+SRC0030+SRC0031	true	false
12	15	RYLOS / BOOJAY	72	named_cast	named_cast_top300	SRC0001+SRC0002+SRC0003+SRC0004+SRC0005+SRC0006+SRC0007+SRC0008+SRC0009+SRC0010+SRC0011+SRC0012+SRC0013+SRC0014+SRC0015+SRC0016+SRC0017+SRC0018+SRC0019+SRC0020+SRC0021+SRC0022+SRC0023+SRC0024+SRC0025+SRC0026+SRC0027+SRC0029+SRC0030+SRC0031	true	false
12	16	pre_pip_role	72	named_cast	named_cast_top300	SRC0001+SRC0002+SRC0003+SRC0004+SRC0005+SRC0006+SRC0007+SRC0008+SRC0009+SRC0010+SRC0011+SRC0012+SRC0013+SRC0014+SRC0015+SRC0016+SRC0017+SRC0018+SRC0019+SRC0020+SRC0021+SRC0022+SRC0023+SRC0024+SRC0025+SRC0026+SRC0027+SRC0029+SRC0030+SRC0031	true	false
12	17	rylos_arc	72	named_cast	named_cast_top300	SRC0001+SRC0002+SRC0003+SRC0004+SRC0005+SRC0006+SRC0007+SRC0008+SRC0009+SRC0010+SRC0011+SRC0012+SRC0013+SRC0014+SRC0015+SRC0016+SRC0017+SRC0018+SRC0019+SRC0020+SRC0021+SRC0022+SRC0023+SRC0024+SRC0025+SRC0026+SRC0027+SRC0029+SRC0030+SRC0031	true	false
12	18	rylos_pip_law	72	named_cast	named_cast_top300	SRC0001+SRC0002+SRC0003+SRC0004+SRC0005+SRC0006+SRC0007+SRC0008+SRC0009+SRC0010+SRC0011+SRC0012+SRC0013+SRC0014+SRC0015+SRC0016+SRC0017+SRC0018+SRC0019+SRC0020+SRC0021+SRC0022+SRC0023+SRC0024+SRC0025+SRC0026+SRC0027+SRC0029+SRC0030+SRC0031	true	false
12	19	Rylos	68	registry	character_registry	SRC0001+SRC0002+SRC0003+SRC0004+SRC0005+SRC0006+SRC0008+SRC0009+SRC0010+SRC0011+SRC0012+SRC0013+SRC0014+SRC0015+SRC0016+SRC0017+SRC0018+SRC0019+SRC0020+SRC0021+SRC0022+SRC0023+SRC0024+SRC0030+SRC0031	true	false
12	20	Boojay	63	reviewed	character_generation_review		true	false
12	21	arc	51	named_cast	named_cast_top300	SRC0001+SRC0002+SRC0003+SRC0004+SRC0005+SRC0006+SRC0007+SRC0008+SRC0009+SRC0010+SRC0011+SRC0012+SRC0013+SRC0014+SRC0015+SRC0016+SRC0017+SRC0018+SRC0019+SRC0020+SRC0021+SRC0022+SRC0023+SRC0024+SRC0025+SRC0026+SRC0027+SRC0029+SRC0030+SRC0031	false	false
12	22	book_24	39	named_cast	named_cast_top300	SRC0001+SRC0002+SRC0003+SRC0004+SRC0005+SRC0006+SRC0007+SRC0008+SRC0009+SRC0010+SRC0011+SRC0012+SRC0013+SRC0014+SRC0015+SRC0016+SRC0017+SRC0018+SRC0019+SRC0020+SRC0021+SRC0022+SRC0023+SRC0024+SRC0025+SRC0026+SRC0027+SRC0029+SRC0030+SRC0031	false	false
12	23	faction	39	named_cast	named_cast_top300	SRC0001+SRC0002+SRC0003+SRC0004+SRC0005+SRC0006+SRC0007+SRC0008+SRC0009+SRC0010+SRC0011+SRC0012+SRC0013+SRC0014+SRC0015+SRC0016+SRC0017+SRC0018+SRC0019+SRC0020+SRC0021+SRC0022+SRC0023+SRC0024+SRC0025+SRC0026+SRC0027+SRC0029+SRC0030+SRC0031	false	false
12	24	magic	39	named_cast	named_cast_top300	SRC0001+SRC0002+SRC0003+SRC0004+SRC0005+SRC0006+SRC0007+SRC0008+SRC0009+SRC0010+SRC0011+SRC0012+SRC0013+SRC0014+SRC0015+SRC0016+SRC0017+SRC0018+SRC0019+SRC0020+SRC0021+SRC0022+SRC0023+SRC0024+SRC0025+SRC0026+SRC0027+SRC0029+SRC0030+SRC0031	false	false
13	1	Mack	290	active_cast	placement_by_book|named_cast_top300|character_registry	SRC0001+SRC0002+SRC0003+SRC0008+SRC0014+SRC0015+SRC0016+SRC0017+SRC0023+SRC0024	true	false
13	2	Pip	290	active_cast	placement_by_book|named_cast_top300|character_registry	SRC0001+SRC0002+SRC0003+SRC0008+SRC0014+SRC0015+SRC0016+SRC0017+SRC0023+SRC0024	true	false
13	3	Xethrolund	290	active_cast	placement_by_book|named_cast_top300|character_registry	SRC0001+SRC0002+SRC0003+SRC0008+SRC0014+SRC0015+SRC0016+SRC0017+SRC0023+SRC0024	true	false
13	4	Feritha	268	active_cast	placement_by_book|character_registry	SRC0001+SRC0002+SRC0003+SRC0008+SRC0014+SRC0015+SRC0016+SRC0017+SRC0023+SRC0024	false	false
13	5	Oswyn	268	active_cast	placement_by_book|character_registry	SRC0001+SRC0002+SRC0003+SRC0008+SRC0014+SRC0015+SRC0016+SRC0017+SRC0023+SRC0024	false	false
13	6	Pethran	268	active_cast	placement_by_book|character_registry	SRC0001+SRC0002+SRC0003+SRC0008+SRC0014+SRC0015+SRC0016+SRC0017+SRC0023+SRC0024	false	false
13	7	Calla	260	active_cast	placement_by_book	SRC0001+SRC0002+SRC0003+SRC0008+SRC0014+SRC0015+SRC0016+SRC0017+SRC0023+SRC0024	false	false
13	8	Sorra	260	active_cast	placement_by_book	SRC0001+SRC0002+SRC0003+SRC0008+SRC0014+SRC0015+SRC0016+SRC0017+SRC0023+SRC0024	false	false
13	9	Daisy May	220	active_cast	placement_by_book|named_cast_top300|character_registry	SRC0001+SRC0002+SRC0003+SRC0008+SRC0014+SRC0015+SRC0016+SRC0017+SRC0023+SRC0024	true	false
13	10	Majiskii	220	active_cast	placement_by_book|named_cast_top300|character_registry	SRC0001+SRC0002+SRC0003+SRC0008+SRC0014+SRC0015+SRC0016+SRC0017+SRC0023+SRC0024	true	false
13	11	canonical_id	171	named_cast	named_cast_top300	SRC0001+SRC0002+SRC0003+SRC0004+SRC0005+SRC0006+SRC0007+SRC0008+SRC0009+SRC0010+SRC0011+SRC0012+SRC0013+SRC0014+SRC0015+SRC0016+SRC0017+SRC0018+SRC0019+SRC0020+SRC0021+SRC0022+SRC0023+SRC0024+SRC0025+SRC0026+SRC0027+SRC0029+SRC0030+SRC0031	false	false
13	12	Wrenath	155	active_cast	placement_by_book	SRC0001+SRC0002+SRC0003+SRC0008+SRC0014+SRC0015+SRC0016+SRC0017+SRC0023+SRC0024	false	false
13	13	Rolzen	150	key_beat_mention	placement_by_book|named_cast_top300|character_registry	SRC0001+SRC0002+SRC0003+SRC0008+SRC0014+SRC0015+SRC0016+SRC0017+SRC0023+SRC0024	true	false
13	14	role	123	named_cast	named_cast_top300	SRC0001+SRC0002+SRC0003+SRC0004+SRC0005+SRC0006+SRC0007+SRC0008+SRC0009+SRC0010+SRC0011+SRC0012+SRC0013+SRC0014+SRC0015+SRC0016+SRC0017+SRC0018+SRC0019+SRC0020+SRC0021+SRC0022+SRC0023+SRC0024+SRC0025+SRC0026+SRC0027+SRC0029+SRC0030+SRC0031	false	false
13	15	source_stack	123	named_cast	named_cast_top300	SRC0001+SRC0002+SRC0003+SRC0004+SRC0005+SRC0006+SRC0007+SRC0008+SRC0009+SRC0010+SRC0011+SRC0012+SRC0013+SRC0014+SRC0015+SRC0016+SRC0017+SRC0018+SRC0019+SRC0020+SRC0021+SRC0022+SRC0023+SRC0024+SRC0025+SRC0026+SRC0027+SRC0029+SRC0030+SRC0031	false	false
13	16	Keeper Olvath	120	introduced	placement_by_book	SRC0001+SRC0002+SRC0003+SRC0008+SRC0014+SRC0015+SRC0016+SRC0017+SRC0023+SRC0024	false	false
13	17	first_appears	99	named_cast	named_cast_top300	SRC0001+SRC0002+SRC0003+SRC0004+SRC0005+SRC0006+SRC0007+SRC0008+SRC0009+SRC0010+SRC0011+SRC0012+SRC0013+SRC0014+SRC0015+SRC0016+SRC0017+SRC0018+SRC0019+SRC0020+SRC0021+SRC0022+SRC0023+SRC0024+SRC0025+SRC0026+SRC0027+SRC0029+SRC0030+SRC0031	false	false
13	18	book_25	87	named_cast	named_cast_top300	SRC0001+SRC0002+SRC0003+SRC0004+SRC0005+SRC0006+SRC0007+SRC0008+SRC0009+SRC0010+SRC0011+SRC0012+SRC0013+SRC0014+SRC0015+SRC0016+SRC0017+SRC0018+SRC0019+SRC0020+SRC0021+SRC0022+SRC0023+SRC0024+SRC0025+SRC0026+SRC0027+SRC0029+SRC0030+SRC0031	false	false
13	19	DERVISH	80	named_cast	named_cast_top300|character_registry	SRC0001+SRC0002+SRC0003+SRC0004+SRC0005+SRC0006+SRC0007+SRC0008+SRC0009+SRC0010+SRC0011+SRC0012+SRC0013+SRC0014+SRC0015+SRC0016+SRC0017+SRC0018+SRC0019+SRC0020+SRC0021+SRC0022+SRC0023+SRC0024+SRC0025+SRC0026+SRC0027+SRC0029+SRC0030+SRC0031	true	false
13	20	NEITH	80	named_cast	named_cast_top300|character_registry	SRC0001+SRC0002+SRC0003+SRC0004+SRC0005+SRC0006+SRC0007+SRC0008+SRC0009+SRC0010+SRC0011+SRC0012+SRC0013+SRC0014+SRC0015+SRC0016+SRC0017+SRC0018+SRC0019+SRC0020+SRC0021+SRC0022+SRC0023+SRC0024+SRC0025+SRC0026+SRC0027+SRC0029+SRC0030+SRC0031	true	false
13	21	URSULA	80	named_cast	named_cast_top300|character_registry	SRC0001+SRC0002+SRC0003+SRC0004+SRC0005+SRC0006+SRC0007+SRC0008+SRC0009+SRC0010+SRC0011+SRC0012+SRC0013+SRC0014+SRC0015+SRC0016+SRC0017+SRC0018+SRC0019+SRC0020+SRC0021+SRC0022+SRC0023+SRC0024+SRC0025+SRC0026+SRC0027+SRC0029+SRC0030+SRC0031	true	false
13	22	RYLOS / BOOJAY	72	named_cast	named_cast_top300	SRC0001+SRC0002+SRC0003+SRC0004+SRC0005+SRC0006+SRC0007+SRC0008+SRC0009+SRC0010+SRC0011+SRC0012+SRC0013+SRC0014+SRC0015+SRC0016+SRC0017+SRC0018+SRC0019+SRC0020+SRC0021+SRC0022+SRC0023+SRC0024+SRC0025+SRC0026+SRC0027+SRC0029+SRC0030+SRC0031	true	false
13	23	pre_pip_role	72	named_cast	named_cast_top300	SRC0001+SRC0002+SRC0003+SRC0004+SRC0005+SRC0006+SRC0007+SRC0008+SRC0009+SRC0010+SRC0011+SRC0012+SRC0013+SRC0014+SRC0015+SRC0016+SRC0017+SRC0018+SRC0019+SRC0020+SRC0021+SRC0022+SRC0023+SRC0024+SRC0025+SRC0026+SRC0027+SRC0029+SRC0030+SRC0031	true	false
13	24	rylos_arc	72	named_cast	named_cast_top300	SRC0001+SRC0002+SRC0003+SRC0004+SRC0005+SRC0006+SRC0007+SRC0008+SRC0009+SRC0010+SRC0011+SRC0012+SRC0013+SRC0014+SRC0015+SRC0016+SRC0017+SRC0018+SRC0019+SRC0020+SRC0021+SRC0022+SRC0023+SRC0024+SRC0025+SRC0026+SRC0027+SRC0029+SRC0030+SRC0031	true	false
14	1	Corveth	330	active_cast	placement_by_book	SRC0001+SRC0002+SRC0003+SRC0008+SRC0014+SRC0015+SRC0016+SRC0017+SRC0023+SRC0024	false	false
14	2	Thorn	330	active_cast	placement_by_book	SRC0001+SRC0002+SRC0003+SRC0008+SRC0014+SRC0015+SRC0016+SRC0017+SRC0023+SRC0024	false	false
14	3	Pip	290	active_cast	placement_by_book|named_cast_top300|character_registry	SRC0001+SRC0002+SRC0003+SRC0008+SRC0014+SRC0015+SRC0016+SRC0017+SRC0023+SRC0024	true	false
14	4	Renath	268	active_cast	placement_by_book|character_registry	SRC0001+SRC0002+SRC0003+SRC0008+SRC0014+SRC0015+SRC0016+SRC0017+SRC0023+SRC0024	false	false
14	5	Reval	268	active_cast	placement_by_book|character_registry	SRC0001+SRC0002+SRC0003+SRC0008+SRC0014+SRC0015+SRC0016+SRC0017+SRC0023+SRC0024	false	false
14	6	Selwyn	268	active_cast	placement_by_book|character_registry	SRC0001+SRC0002+SRC0003+SRC0008+SRC0014+SRC0015+SRC0016+SRC0017+SRC0023+SRC0024	false	false
14	7	Daevyn	260	active_cast	placement_by_book	SRC0001+SRC0002+SRC0003+SRC0008+SRC0014+SRC0015+SRC0016+SRC0017+SRC0023+SRC0024	false	false
14	8	Elven	260	active_cast	placement_by_book	SRC0001+SRC0002+SRC0003+SRC0008+SRC0014+SRC0015+SRC0016+SRC0017+SRC0023+SRC0024	false	false
14	9	Ithren	260	active_cast	placement_by_book	SRC0001+SRC0002+SRC0003+SRC0008+SRC0014+SRC0015+SRC0016+SRC0017+SRC0023+SRC0024	false	false
14	10	Kyrel	260	active_cast	placement_by_book	SRC0001+SRC0002+SRC0003+SRC0008+SRC0014+SRC0015+SRC0016+SRC0017+SRC0023+SRC0024	false	false
14	11	Loreth	260	active_cast	placement_by_book	SRC0001+SRC0002+SRC0003+SRC0008+SRC0014+SRC0015+SRC0016+SRC0017+SRC0023+SRC0024	false	false
14	12	Seth	260	active_cast	placement_by_book	SRC0001+SRC0002+SRC0003+SRC0008+SRC0014+SRC0015+SRC0016+SRC0017+SRC0023+SRC0024	false	false
14	13	Tavan	260	active_cast	placement_by_book	SRC0001+SRC0002+SRC0003+SRC0008+SRC0014+SRC0015+SRC0016+SRC0017+SRC0023+SRC0024	false	false
14	14	Verath	260	active_cast	placement_by_book	SRC0001+SRC0002+SRC0003+SRC0008+SRC0014+SRC0015+SRC0016+SRC0017+SRC0023+SRC0024	false	false
14	15	Sorra	225	active_cast	placement_by_book	SRC0001+SRC0002+SRC0003+SRC0008+SRC0014+SRC0015+SRC0016+SRC0017+SRC0023+SRC0024	false	false
14	16	Daisy May	220	active_cast	placement_by_book|named_cast_top300|character_registry	SRC0001+SRC0002+SRC0003+SRC0008+SRC0014+SRC0015+SRC0016+SRC0017+SRC0023+SRC0024	true	false
14	17	Majiskii	220	active_cast	placement_by_book|named_cast_top300|character_registry	SRC0001+SRC0002+SRC0003+SRC0008+SRC0014+SRC0015+SRC0016+SRC0017+SRC0023+SRC0024	true	false
14	18	Xethrolund	220	active_cast	placement_by_book|named_cast_top300|character_registry	SRC0001+SRC0002+SRC0003+SRC0008+SRC0014+SRC0015+SRC0016+SRC0017+SRC0023+SRC0024	true	false
14	19	canonical_id	171	named_cast	named_cast_top300	SRC0001+SRC0002+SRC0003+SRC0004+SRC0005+SRC0006+SRC0007+SRC0008+SRC0009+SRC0010+SRC0011+SRC0012+SRC0013+SRC0014+SRC0015+SRC0016+SRC0017+SRC0018+SRC0019+SRC0020+SRC0021+SRC0022+SRC0023+SRC0024+SRC0025+SRC0026+SRC0027+SRC0029+SRC0030+SRC0031	false	false
14	20	Oswyn	163	active_cast	placement_by_book|character_registry	SRC0001+SRC0002+SRC0003+SRC0008+SRC0014+SRC0015+SRC0016+SRC0017+SRC0023+SRC0024	false	false
14	21	Pethran	163	active_cast	placement_by_book|character_registry	SRC0001+SRC0002+SRC0003+SRC0008+SRC0014+SRC0015+SRC0016+SRC0017+SRC0023+SRC0024	false	false
14	22	Calla	155	active_cast	placement_by_book	SRC0001+SRC0002+SRC0003+SRC0008+SRC0014+SRC0015+SRC0016+SRC0017+SRC0023+SRC0024	false	false
14	23	Wrenath	155	active_cast	placement_by_book	SRC0001+SRC0002+SRC0003+SRC0008+SRC0014+SRC0015+SRC0016+SRC0017+SRC0023+SRC0024	false	false
14	24	Neith	150	key_beat_mention	placement_by_book|named_cast_top300|character_registry	SRC0001+SRC0002+SRC0003+SRC0008+SRC0014+SRC0015+SRC0016+SRC0017+SRC0023+SRC0024	true	false
15	1	Rolzen	395	active_cast	placement_by_book|named_cast_top300|character_registry	SRC0001+SRC0002+SRC0003+SRC0008+SRC0014+SRC0015+SRC0016+SRC0017+SRC0023+SRC0024	true	false
15	2	Pip	290	active_cast	placement_by_book|named_cast_top300|character_registry	SRC0001+SRC0002+SRC0003+SRC0008+SRC0014+SRC0015+SRC0016+SRC0017+SRC0023+SRC0024	true	false
15	3	Xethrolund	290	active_cast	placement_by_book|named_cast_top300|character_registry	SRC0001+SRC0002+SRC0003+SRC0008+SRC0014+SRC0015+SRC0016+SRC0017+SRC0023+SRC0024	true	false
15	4	unnamed warden friend	268	active_cast	placement_by_book|character_registry	SRC0001+SRC0002+SRC0003+SRC0008+SRC0014+SRC0015+SRC0016+SRC0017+SRC0023+SRC0024	false	false
15	5	Daisy May	220	active_cast	placement_by_book|named_cast_top300|character_registry	SRC0001+SRC0002+SRC0003+SRC0008+SRC0014+SRC0015+SRC0016+SRC0017+SRC0023+SRC0024	true	false
15	6	Majiskii	220	active_cast	placement_by_book|named_cast_top300|character_registry	SRC0001+SRC0002+SRC0003+SRC0008+SRC0014+SRC0015+SRC0016+SRC0017+SRC0023+SRC0024	true	false
15	7	Rylos Vayne Johnson / Boojay	200	active_cast	placement_by_book	SRC0001+SRC0002+SRC0003+SRC0008+SRC0014+SRC0015+SRC0016+SRC0017+SRC0018+SRC0019+SRC0023+SRC0024	true	false
15	8	canonical_id	171	named_cast	named_cast_top300	SRC0001+SRC0002+SRC0003+SRC0004+SRC0005+SRC0006+SRC0007+SRC0008+SRC0009+SRC0010+SRC0011+SRC0012+SRC0013+SRC0014+SRC0015+SRC0016+SRC0017+SRC0018+SRC0019+SRC0020+SRC0021+SRC0022+SRC0023+SRC0024+SRC0025+SRC0026+SRC0027+SRC0029+SRC0030+SRC0031	false	false
15	9	Drawn entities	155	active_cast	placement_by_book	SRC0001+SRC0002+SRC0003+SRC0008+SRC0014+SRC0015+SRC0016+SRC0017+SRC0023+SRC0024	false	false
15	10	Wrenath	155	active_cast	placement_by_book	SRC0001+SRC0002+SRC0003+SRC0008+SRC0014+SRC0015+SRC0016+SRC0017+SRC0023+SRC0024	false	false
15	11	Eyeless City Governor	128	introduced	placement_by_book|character_registry	SRC0001+SRC0002+SRC0003+SRC0008+SRC0014+SRC0015+SRC0016+SRC0017+SRC0023+SRC0024	false	false
15	12	role	123	named_cast	named_cast_top300	SRC0001+SRC0002+SRC0003+SRC0004+SRC0005+SRC0006+SRC0007+SRC0008+SRC0009+SRC0010+SRC0011+SRC0012+SRC0013+SRC0014+SRC0015+SRC0016+SRC0017+SRC0018+SRC0019+SRC0020+SRC0021+SRC0022+SRC0023+SRC0024+SRC0025+SRC0026+SRC0027+SRC0029+SRC0030+SRC0031	false	false
15	13	source_stack	123	named_cast	named_cast_top300	SRC0001+SRC0002+SRC0003+SRC0004+SRC0005+SRC0006+SRC0007+SRC0008+SRC0009+SRC0010+SRC0011+SRC0012+SRC0013+SRC0014+SRC0015+SRC0016+SRC0017+SRC0018+SRC0019+SRC0020+SRC0021+SRC0022+SRC0023+SRC0024+SRC0025+SRC0026+SRC0027+SRC0029+SRC0030+SRC0031	false	false
15	14	eyeless city inhabitants	120	introduced	placement_by_book	SRC0001+SRC0002+SRC0003+SRC0008+SRC0014+SRC0015+SRC0016+SRC0017+SRC0023+SRC0024	false	false
15	15	mutilated)	120	introduced	placement_by_book	SRC0001+SRC0002+SRC0003+SRC0008+SRC0014+SRC0015+SRC0016+SRC0017+SRC0023+SRC0024	false	false
15	16	the Drawn	120	introduced	placement_by_book	SRC0001+SRC0002+SRC0003+SRC0008+SRC0014+SRC0015+SRC0016+SRC0017+SRC0023+SRC0024	false	false
15	17	first_appears	99	named_cast	named_cast_top300	SRC0001+SRC0002+SRC0003+SRC0004+SRC0005+SRC0006+SRC0007+SRC0008+SRC0009+SRC0010+SRC0011+SRC0012+SRC0013+SRC0014+SRC0015+SRC0016+SRC0017+SRC0018+SRC0019+SRC0020+SRC0021+SRC0022+SRC0023+SRC0024+SRC0025+SRC0026+SRC0027+SRC0029+SRC0030+SRC0031	false	false
15	18	book_25	87	named_cast	named_cast_top300	SRC0001+SRC0002+SRC0003+SRC0004+SRC0005+SRC0006+SRC0007+SRC0008+SRC0009+SRC0010+SRC0011+SRC0012+SRC0013+SRC0014+SRC0015+SRC0016+SRC0017+SRC0018+SRC0019+SRC0020+SRC0021+SRC0022+SRC0023+SRC0024+SRC0025+SRC0026+SRC0027+SRC0029+SRC0030+SRC0031	false	false
15	19	DERVISH	80	named_cast	named_cast_top300|character_registry	SRC0001+SRC0002+SRC0003+SRC0004+SRC0005+SRC0006+SRC0007+SRC0008+SRC0009+SRC0010+SRC0011+SRC0012+SRC0013+SRC0014+SRC0015+SRC0016+SRC0017+SRC0018+SRC0019+SRC0020+SRC0021+SRC0022+SRC0023+SRC0024+SRC0025+SRC0026+SRC0027+SRC0029+SRC0030+SRC0031	true	false
15	20	MACK	80	named_cast	named_cast_top300|character_registry	SRC0001+SRC0002+SRC0003+SRC0004+SRC0005+SRC0006+SRC0007+SRC0008+SRC0009+SRC0010+SRC0011+SRC0012+SRC0013+SRC0014+SRC0015+SRC0016+SRC0017+SRC0018+SRC0019+SRC0020+SRC0021+SRC0022+SRC0023+SRC0024+SRC0025+SRC0026+SRC0027+SRC0029+SRC0030+SRC0031	true	false
15	21	NEITH	80	named_cast	named_cast_top300|character_registry	SRC0001+SRC0002+SRC0003+SRC0004+SRC0005+SRC0006+SRC0007+SRC0008+SRC0009+SRC0010+SRC0011+SRC0012+SRC0013+SRC0014+SRC0015+SRC0016+SRC0017+SRC0018+SRC0019+SRC0020+SRC0021+SRC0022+SRC0023+SRC0024+SRC0025+SRC0026+SRC0027+SRC0029+SRC0030+SRC0031	true	false
15	22	URSULA	80	named_cast	named_cast_top300|character_registry	SRC0001+SRC0002+SRC0003+SRC0004+SRC0005+SRC0006+SRC0007+SRC0008+SRC0009+SRC0010+SRC0011+SRC0012+SRC0013+SRC0014+SRC0015+SRC0016+SRC0017+SRC0018+SRC0019+SRC0020+SRC0021+SRC0022+SRC0023+SRC0024+SRC0025+SRC0026+SRC0027+SRC0029+SRC0030+SRC0031	true	false
15	23	RYLOS / BOOJAY	72	named_cast	named_cast_top300	SRC0001+SRC0002+SRC0003+SRC0004+SRC0005+SRC0006+SRC0007+SRC0008+SRC0009+SRC0010+SRC0011+SRC0012+SRC0013+SRC0014+SRC0015+SRC0016+SRC0017+SRC0018+SRC0019+SRC0020+SRC0021+SRC0022+SRC0023+SRC0024+SRC0025+SRC0026+SRC0027+SRC0029+SRC0030+SRC0031	true	false
15	24	pre_pip_role	72	named_cast	named_cast_top300	SRC0001+SRC0002+SRC0003+SRC0004+SRC0005+SRC0006+SRC0007+SRC0008+SRC0009+SRC0010+SRC0011+SRC0012+SRC0013+SRC0014+SRC0015+SRC0016+SRC0017+SRC0018+SRC0019+SRC0020+SRC0021+SRC0022+SRC0023+SRC0024+SRC0025+SRC0026+SRC0027+SRC0029+SRC0030+SRC0031	true	false
16	1	Pip	290	active_cast	placement_by_book|named_cast_top300|character_registry	SRC0001+SRC0002+SRC0003+SRC0008+SRC0014+SRC0015+SRC0016+SRC0017+SRC0023+SRC0024	true	false
16	2	Rolzen	290	active_cast	placement_by_book|named_cast_top300|character_registry	SRC0001+SRC0002+SRC0003+SRC0008+SRC0014+SRC0015+SRC0016+SRC0017+SRC0023+SRC0024	true	false
16	3	Daisy May	220	active_cast	placement_by_book|named_cast_top300|character_registry	SRC0001+SRC0002+SRC0003+SRC0008+SRC0014+SRC0015+SRC0016+SRC0017+SRC0023+SRC0024	true	false
16	4	Majiskii	220	active_cast	placement_by_book|named_cast_top300|character_registry	SRC0001+SRC0002+SRC0003+SRC0008+SRC0014+SRC0015+SRC0016+SRC0017+SRC0023+SRC0024	true	false
16	5	Xethrolund	220	active_cast	placement_by_book|named_cast_top300|character_registry	SRC0001+SRC0002+SRC0003+SRC0008+SRC0014+SRC0015+SRC0016+SRC0017+SRC0023+SRC0024	true	false
16	6	Rylos Vayne Johnson / Boojay	200	active_cast	placement_by_book	SRC0001+SRC0002+SRC0003+SRC0008+SRC0014+SRC0015+SRC0016+SRC0017+SRC0018+SRC0019+SRC0023+SRC0024	true	false
16	7	canonical_id	171	named_cast	named_cast_top300	SRC0001+SRC0002+SRC0003+SRC0004+SRC0005+SRC0006+SRC0007+SRC0008+SRC0009+SRC0010+SRC0011+SRC0012+SRC0013+SRC0014+SRC0015+SRC0016+SRC0017+SRC0018+SRC0019+SRC0020+SRC0021+SRC0022+SRC0023+SRC0024+SRC0025+SRC0026+SRC0027+SRC0029+SRC0030+SRC0031	false	false
16	8	Oswyn	163	active_cast	placement_by_book|character_registry	SRC0001+SRC0002+SRC0003+SRC0008+SRC0014+SRC0015+SRC0016+SRC0017+SRC0023+SRC0024	false	false
16	9	Corveth	155	active_cast	placement_by_book	SRC0001+SRC0002+SRC0003+SRC0008+SRC0014+SRC0015+SRC0016+SRC0017+SRC0023+SRC0024	false	false
16	10	Sorra	155	active_cast	placement_by_book	SRC0001+SRC0002+SRC0003+SRC0008+SRC0014+SRC0015+SRC0016+SRC0017+SRC0023+SRC0024	false	false
16	11	Neith	150	key_beat_mention	placement_by_book|named_cast_top300|character_registry	SRC0001+SRC0002+SRC0003+SRC0008+SRC0014+SRC0015+SRC0016+SRC0017+SRC0023+SRC0024	true	false
16	12	role	123	named_cast	named_cast_top300	SRC0001+SRC0002+SRC0003+SRC0004+SRC0005+SRC0006+SRC0007+SRC0008+SRC0009+SRC0010+SRC0011+SRC0012+SRC0013+SRC0014+SRC0015+SRC0016+SRC0017+SRC0018+SRC0019+SRC0020+SRC0021+SRC0022+SRC0023+SRC0024+SRC0025+SRC0026+SRC0027+SRC0029+SRC0030+SRC0031	false	false
16	13	source_stack	123	named_cast	named_cast_top300	SRC0001+SRC0002+SRC0003+SRC0004+SRC0005+SRC0006+SRC0007+SRC0008+SRC0009+SRC0010+SRC0011+SRC0012+SRC0013+SRC0014+SRC0015+SRC0016+SRC0017+SRC0018+SRC0019+SRC0020+SRC0021+SRC0022+SRC0023+SRC0024+SRC0025+SRC0026+SRC0027+SRC0029+SRC0030+SRC0031	false	false
16	14	first_appears	99	named_cast	named_cast_top300	SRC0001+SRC0002+SRC0003+SRC0004+SRC0005+SRC0006+SRC0007+SRC0008+SRC0009+SRC0010+SRC0011+SRC0012+SRC0013+SRC0014+SRC0015+SRC0016+SRC0017+SRC0018+SRC0019+SRC0020+SRC0021+SRC0022+SRC0023+SRC0024+SRC0025+SRC0026+SRC0027+SRC0029+SRC0030+SRC0031	false	false
16	15	book_25	87	named_cast	named_cast_top300	SRC0001+SRC0002+SRC0003+SRC0004+SRC0005+SRC0006+SRC0007+SRC0008+SRC0009+SRC0010+SRC0011+SRC0012+SRC0013+SRC0014+SRC0015+SRC0016+SRC0017+SRC0018+SRC0019+SRC0020+SRC0021+SRC0022+SRC0023+SRC0024+SRC0025+SRC0026+SRC0027+SRC0029+SRC0030+SRC0031	false	false
16	16	DERVISH	80	named_cast	named_cast_top300|character_registry	SRC0001+SRC0002+SRC0003+SRC0004+SRC0005+SRC0006+SRC0007+SRC0008+SRC0009+SRC0010+SRC0011+SRC0012+SRC0013+SRC0014+SRC0015+SRC0016+SRC0017+SRC0018+SRC0019+SRC0020+SRC0021+SRC0022+SRC0023+SRC0024+SRC0025+SRC0026+SRC0027+SRC0029+SRC0030+SRC0031	true	false
16	17	MACK	80	named_cast	named_cast_top300|character_registry	SRC0001+SRC0002+SRC0003+SRC0004+SRC0005+SRC0006+SRC0007+SRC0008+SRC0009+SRC0010+SRC0011+SRC0012+SRC0013+SRC0014+SRC0015+SRC0016+SRC0017+SRC0018+SRC0019+SRC0020+SRC0021+SRC0022+SRC0023+SRC0024+SRC0025+SRC0026+SRC0027+SRC0029+SRC0030+SRC0031	true	false
16	18	URSULA	80	named_cast	named_cast_top300|character_registry	SRC0001+SRC0002+SRC0003+SRC0004+SRC0005+SRC0006+SRC0007+SRC0008+SRC0009+SRC0010+SRC0011+SRC0012+SRC0013+SRC0014+SRC0015+SRC0016+SRC0017+SRC0018+SRC0019+SRC0020+SRC0021+SRC0022+SRC0023+SRC0024+SRC0025+SRC0026+SRC0027+SRC0029+SRC0030+SRC0031	true	false
16	19	RYLOS / BOOJAY	72	named_cast	named_cast_top300	SRC0001+SRC0002+SRC0003+SRC0004+SRC0005+SRC0006+SRC0007+SRC0008+SRC0009+SRC0010+SRC0011+SRC0012+SRC0013+SRC0014+SRC0015+SRC0016+SRC0017+SRC0018+SRC0019+SRC0020+SRC0021+SRC0022+SRC0023+SRC0024+SRC0025+SRC0026+SRC0027+SRC0029+SRC0030+SRC0031	true	false
16	20	pre_pip_role	72	named_cast	named_cast_top300	SRC0001+SRC0002+SRC0003+SRC0004+SRC0005+SRC0006+SRC0007+SRC0008+SRC0009+SRC0010+SRC0011+SRC0012+SRC0013+SRC0014+SRC0015+SRC0016+SRC0017+SRC0018+SRC0019+SRC0020+SRC0021+SRC0022+SRC0023+SRC0024+SRC0025+SRC0026+SRC0027+SRC0029+SRC0030+SRC0031	true	false
16	21	rylos_arc	72	named_cast	named_cast_top300	SRC0001+SRC0002+SRC0003+SRC0004+SRC0005+SRC0006+SRC0007+SRC0008+SRC0009+SRC0010+SRC0011+SRC0012+SRC0013+SRC0014+SRC0015+SRC0016+SRC0017+SRC0018+SRC0019+SRC0020+SRC0021+SRC0022+SRC0023+SRC0024+SRC0025+SRC0026+SRC0027+SRC0029+SRC0030+SRC0031	true	false
16	22	rylos_pip_law	72	named_cast	named_cast_top300	SRC0001+SRC0002+SRC0003+SRC0004+SRC0005+SRC0006+SRC0007+SRC0008+SRC0009+SRC0010+SRC0011+SRC0012+SRC0013+SRC0014+SRC0015+SRC0016+SRC0017+SRC0018+SRC0019+SRC0020+SRC0021+SRC0022+SRC0023+SRC0024+SRC0025+SRC0026+SRC0027+SRC0029+SRC0030+SRC0031	true	false
16	23	Rylos	68	registry	character_registry	SRC0001+SRC0002+SRC0003+SRC0004+SRC0005+SRC0006+SRC0008+SRC0009+SRC0010+SRC0011+SRC0012+SRC0013+SRC0014+SRC0015+SRC0016+SRC0017+SRC0018+SRC0019+SRC0020+SRC0021+SRC0022+SRC0023+SRC0024+SRC0030+SRC0031	true	false
16	24	Boojay	63	reviewed	character_generation_review		true	false
17	1	Pip	290	active_cast	placement_by_book|named_cast_top300|character_registry	SRC0001+SRC0002+SRC0003+SRC0008+SRC0014+SRC0015+SRC0016+SRC0017+SRC0023+SRC0024	true	false
17	2	Rolzen	290	active_cast	placement_by_book|named_cast_top300|character_registry	SRC0001+SRC0002+SRC0003+SRC0008+SRC0014+SRC0015+SRC0016+SRC0017+SRC0023+SRC0024	true	false
17	3	Xethrolund	220	active_cast	placement_by_book|named_cast_top300|character_registry	SRC0001+SRC0002+SRC0003+SRC0008+SRC0014+SRC0015+SRC0016+SRC0017+SRC0023+SRC0024	true	false
17	4	Rylos Vayne Johnson / Boojay	200	active_cast	placement_by_book	SRC0001+SRC0002+SRC0003+SRC0008+SRC0014+SRC0015+SRC0016+SRC0017+SRC0018+SRC0019+SRC0023+SRC0024	true	false
17	5	canonical_id	171	named_cast	named_cast_top300	SRC0001+SRC0002+SRC0003+SRC0004+SRC0005+SRC0006+SRC0007+SRC0008+SRC0009+SRC0010+SRC0011+SRC0012+SRC0013+SRC0014+SRC0015+SRC0016+SRC0017+SRC0018+SRC0019+SRC0020+SRC0021+SRC0022+SRC0023+SRC0024+SRC0025+SRC0026+SRC0027+SRC0029+SRC0030+SRC0031	false	false
17	6	Mack	150	key_beat_mention	placement_by_book|named_cast_top300|character_registry	SRC0001+SRC0002+SRC0003+SRC0008+SRC0014+SRC0015+SRC0016+SRC0017+SRC0023+SRC0024	true	false
17	7	role	123	named_cast	named_cast_top300	SRC0001+SRC0002+SRC0003+SRC0004+SRC0005+SRC0006+SRC0007+SRC0008+SRC0009+SRC0010+SRC0011+SRC0012+SRC0013+SRC0014+SRC0015+SRC0016+SRC0017+SRC0018+SRC0019+SRC0020+SRC0021+SRC0022+SRC0023+SRC0024+SRC0025+SRC0026+SRC0027+SRC0029+SRC0030+SRC0031	false	false
17	8	source_stack	123	named_cast	named_cast_top300	SRC0001+SRC0002+SRC0003+SRC0004+SRC0005+SRC0006+SRC0007+SRC0008+SRC0009+SRC0010+SRC0011+SRC0012+SRC0013+SRC0014+SRC0015+SRC0016+SRC0017+SRC0018+SRC0019+SRC0020+SRC0021+SRC0022+SRC0023+SRC0024+SRC0025+SRC0026+SRC0027+SRC0029+SRC0030+SRC0031	false	false
17	9	first_appears	99	named_cast	named_cast_top300	SRC0001+SRC0002+SRC0003+SRC0004+SRC0005+SRC0006+SRC0007+SRC0008+SRC0009+SRC0010+SRC0011+SRC0012+SRC0013+SRC0014+SRC0015+SRC0016+SRC0017+SRC0018+SRC0019+SRC0020+SRC0021+SRC0022+SRC0023+SRC0024+SRC0025+SRC0026+SRC0027+SRC0029+SRC0030+SRC0031	false	false
17	10	book_25	87	named_cast	named_cast_top300	SRC0001+SRC0002+SRC0003+SRC0004+SRC0005+SRC0006+SRC0007+SRC0008+SRC0009+SRC0010+SRC0011+SRC0012+SRC0013+SRC0014+SRC0015+SRC0016+SRC0017+SRC0018+SRC0019+SRC0020+SRC0021+SRC0022+SRC0023+SRC0024+SRC0025+SRC0026+SRC0027+SRC0029+SRC0030+SRC0031	false	false
17	11	DAISY MAY	80	named_cast	named_cast_top300|character_registry	SRC0001+SRC0002+SRC0003+SRC0004+SRC0005+SRC0006+SRC0007+SRC0008+SRC0009+SRC0010+SRC0011+SRC0012+SRC0013+SRC0014+SRC0015+SRC0016+SRC0017+SRC0018+SRC0019+SRC0020+SRC0021+SRC0022+SRC0023+SRC0024+SRC0025+SRC0026+SRC0027+SRC0029+SRC0030+SRC0031	true	false
17	12	DERVISH	80	named_cast	named_cast_top300|character_registry	SRC0001+SRC0002+SRC0003+SRC0004+SRC0005+SRC0006+SRC0007+SRC0008+SRC0009+SRC0010+SRC0011+SRC0012+SRC0013+SRC0014+SRC0015+SRC0016+SRC0017+SRC0018+SRC0019+SRC0020+SRC0021+SRC0022+SRC0023+SRC0024+SRC0025+SRC0026+SRC0027+SRC0029+SRC0030+SRC0031	true	false
17	13	MAJISKII	80	named_cast	named_cast_top300|character_registry	SRC0001+SRC0002+SRC0003+SRC0004+SRC0005+SRC0006+SRC0007+SRC0008+SRC0009+SRC0010+SRC0011+SRC0012+SRC0013+SRC0014+SRC0015+SRC0016+SRC0017+SRC0018+SRC0019+SRC0020+SRC0021+SRC0022+SRC0023+SRC0024+SRC0025+SRC0026+SRC0027+SRC0029+SRC0030+SRC0031	true	false
17	14	NEITH	80	named_cast	named_cast_top300|character_registry	SRC0001+SRC0002+SRC0003+SRC0004+SRC0005+SRC0006+SRC0007+SRC0008+SRC0009+SRC0010+SRC0011+SRC0012+SRC0013+SRC0014+SRC0015+SRC0016+SRC0017+SRC0018+SRC0019+SRC0020+SRC0021+SRC0022+SRC0023+SRC0024+SRC0025+SRC0026+SRC0027+SRC0029+SRC0030+SRC0031	true	false
17	15	URSULA	80	named_cast	named_cast_top300|character_registry	SRC0001+SRC0002+SRC0003+SRC0004+SRC0005+SRC0006+SRC0007+SRC0008+SRC0009+SRC0010+SRC0011+SRC0012+SRC0013+SRC0014+SRC0015+SRC0016+SRC0017+SRC0018+SRC0019+SRC0020+SRC0021+SRC0022+SRC0023+SRC0024+SRC0025+SRC0026+SRC0027+SRC0029+SRC0030+SRC0031	true	false
17	16	RYLOS / BOOJAY	72	named_cast	named_cast_top300	SRC0001+SRC0002+SRC0003+SRC0004+SRC0005+SRC0006+SRC0007+SRC0008+SRC0009+SRC0010+SRC0011+SRC0012+SRC0013+SRC0014+SRC0015+SRC0016+SRC0017+SRC0018+SRC0019+SRC0020+SRC0021+SRC0022+SRC0023+SRC0024+SRC0025+SRC0026+SRC0027+SRC0029+SRC0030+SRC0031	true	false
17	17	pre_pip_role	72	named_cast	named_cast_top300	SRC0001+SRC0002+SRC0003+SRC0004+SRC0005+SRC0006+SRC0007+SRC0008+SRC0009+SRC0010+SRC0011+SRC0012+SRC0013+SRC0014+SRC0015+SRC0016+SRC0017+SRC0018+SRC0019+SRC0020+SRC0021+SRC0022+SRC0023+SRC0024+SRC0025+SRC0026+SRC0027+SRC0029+SRC0030+SRC0031	true	false
17	18	rylos_arc	72	named_cast	named_cast_top300	SRC0001+SRC0002+SRC0003+SRC0004+SRC0005+SRC0006+SRC0007+SRC0008+SRC0009+SRC0010+SRC0011+SRC0012+SRC0013+SRC0014+SRC0015+SRC0016+SRC0017+SRC0018+SRC0019+SRC0020+SRC0021+SRC0022+SRC0023+SRC0024+SRC0025+SRC0026+SRC0027+SRC0029+SRC0030+SRC0031	true	false
17	19	rylos_pip_law	72	named_cast	named_cast_top300	SRC0001+SRC0002+SRC0003+SRC0004+SRC0005+SRC0006+SRC0007+SRC0008+SRC0009+SRC0010+SRC0011+SRC0012+SRC0013+SRC0014+SRC0015+SRC0016+SRC0017+SRC0018+SRC0019+SRC0020+SRC0021+SRC0022+SRC0023+SRC0024+SRC0025+SRC0026+SRC0027+SRC0029+SRC0030+SRC0031	true	false
17	20	Rylos	68	registry	character_registry	SRC0001+SRC0002+SRC0003+SRC0004+SRC0005+SRC0006+SRC0008+SRC0009+SRC0010+SRC0011+SRC0012+SRC0013+SRC0014+SRC0015+SRC0016+SRC0017+SRC0018+SRC0019+SRC0020+SRC0021+SRC0022+SRC0023+SRC0024+SRC0030+SRC0031	true	false
17	21	Boojay	63	reviewed	character_generation_review		true	false
17	22	arc	51	named_cast	named_cast_top300	SRC0001+SRC0002+SRC0003+SRC0004+SRC0005+SRC0006+SRC0007+SRC0008+SRC0009+SRC0010+SRC0011+SRC0012+SRC0013+SRC0014+SRC0015+SRC0016+SRC0017+SRC0018+SRC0019+SRC0020+SRC0021+SRC0022+SRC0023+SRC0024+SRC0025+SRC0026+SRC0027+SRC0029+SRC0030+SRC0031	false	false
17	23	book_24	39	named_cast	named_cast_top300	SRC0001+SRC0002+SRC0003+SRC0004+SRC0005+SRC0006+SRC0007+SRC0008+SRC0009+SRC0010+SRC0011+SRC0012+SRC0013+SRC0014+SRC0015+SRC0016+SRC0017+SRC0018+SRC0019+SRC0020+SRC0021+SRC0022+SRC0023+SRC0024+SRC0025+SRC0026+SRC0027+SRC0029+SRC0030+SRC0031	false	false
17	24	faction	39	named_cast	named_cast_top300	SRC0001+SRC0002+SRC0003+SRC0004+SRC0005+SRC0006+SRC0007+SRC0008+SRC0009+SRC0010+SRC0011+SRC0012+SRC0013+SRC0014+SRC0015+SRC0016+SRC0017+SRC0018+SRC0019+SRC0020+SRC0021+SRC0022+SRC0023+SRC0024+SRC0025+SRC0026+SRC0027+SRC0029+SRC0030+SRC0031	false	false
18	1	Pip	290	active_cast	placement_by_book|named_cast_top300|character_registry	SRC0001+SRC0002+SRC0003+SRC0004+SRC0008+SRC0024	true	false
18	2	Xethrolund	290	active_cast	placement_by_book|named_cast_top300|character_registry	SRC0001+SRC0002+SRC0003+SRC0004+SRC0008+SRC0024	true	false
18	3	Rolzen	220	active_cast	placement_by_book|named_cast_top300|character_registry	SRC0001+SRC0002+SRC0003+SRC0004+SRC0008+SRC0014+SRC0015+SRC0016+SRC0017+SRC0023+SRC0024	true	false
18	4	Rylos Vayne Johnson / Boojay	200	active_cast	placement_by_book	SRC0001+SRC0002+SRC0003+SRC0004+SRC0008+SRC0018+SRC0019+SRC0024	true	false
18	5	canonical_id	171	named_cast	named_cast_top300	SRC0001+SRC0002+SRC0003+SRC0004+SRC0005+SRC0006+SRC0007+SRC0008+SRC0009+SRC0010+SRC0011+SRC0012+SRC0013+SRC0014+SRC0015+SRC0016+SRC0017+SRC0018+SRC0019+SRC0020+SRC0021+SRC0022+SRC0023+SRC0024+SRC0025+SRC0026+SRC0027+SRC0029+SRC0030+SRC0031	false	false
18	6	role	123	named_cast	named_cast_top300	SRC0001+SRC0002+SRC0003+SRC0004+SRC0005+SRC0006+SRC0007+SRC0008+SRC0009+SRC0010+SRC0011+SRC0012+SRC0013+SRC0014+SRC0015+SRC0016+SRC0017+SRC0018+SRC0019+SRC0020+SRC0021+SRC0022+SRC0023+SRC0024+SRC0025+SRC0026+SRC0027+SRC0029+SRC0030+SRC0031	false	false
18	7	source_stack	123	named_cast	named_cast_top300	SRC0001+SRC0002+SRC0003+SRC0004+SRC0005+SRC0006+SRC0007+SRC0008+SRC0009+SRC0010+SRC0011+SRC0012+SRC0013+SRC0014+SRC0015+SRC0016+SRC0017+SRC0018+SRC0019+SRC0020+SRC0021+SRC0022+SRC0023+SRC0024+SRC0025+SRC0026+SRC0027+SRC0029+SRC0030+SRC0031	false	false
18	8	first_appears	99	named_cast	named_cast_top300	SRC0001+SRC0002+SRC0003+SRC0004+SRC0005+SRC0006+SRC0007+SRC0008+SRC0009+SRC0010+SRC0011+SRC0012+SRC0013+SRC0014+SRC0015+SRC0016+SRC0017+SRC0018+SRC0019+SRC0020+SRC0021+SRC0022+SRC0023+SRC0024+SRC0025+SRC0026+SRC0027+SRC0029+SRC0030+SRC0031	false	false
18	9	book_25	87	named_cast	named_cast_top300	SRC0001+SRC0002+SRC0003+SRC0004+SRC0005+SRC0006+SRC0007+SRC0008+SRC0009+SRC0010+SRC0011+SRC0012+SRC0013+SRC0014+SRC0015+SRC0016+SRC0017+SRC0018+SRC0019+SRC0020+SRC0021+SRC0022+SRC0023+SRC0024+SRC0025+SRC0026+SRC0027+SRC0029+SRC0030+SRC0031	false	false
18	10	DAISY MAY	80	named_cast	named_cast_top300|character_registry	SRC0001+SRC0002+SRC0003+SRC0004+SRC0005+SRC0006+SRC0007+SRC0008+SRC0009+SRC0010+SRC0011+SRC0012+SRC0013+SRC0014+SRC0015+SRC0016+SRC0017+SRC0018+SRC0019+SRC0020+SRC0021+SRC0022+SRC0023+SRC0024+SRC0025+SRC0026+SRC0027+SRC0029+SRC0030+SRC0031	true	false
18	11	DERVISH	80	named_cast	named_cast_top300|character_registry	SRC0001+SRC0002+SRC0003+SRC0004+SRC0005+SRC0006+SRC0007+SRC0008+SRC0009+SRC0010+SRC0011+SRC0012+SRC0013+SRC0014+SRC0015+SRC0016+SRC0017+SRC0018+SRC0019+SRC0020+SRC0021+SRC0022+SRC0023+SRC0024+SRC0025+SRC0026+SRC0027+SRC0029+SRC0030+SRC0031	true	false
18	12	MACK	80	named_cast	named_cast_top300|character_registry	SRC0001+SRC0002+SRC0003+SRC0004+SRC0005+SRC0006+SRC0007+SRC0008+SRC0009+SRC0010+SRC0011+SRC0012+SRC0013+SRC0014+SRC0015+SRC0016+SRC0017+SRC0018+SRC0019+SRC0020+SRC0021+SRC0022+SRC0023+SRC0024+SRC0025+SRC0026+SRC0027+SRC0029+SRC0030+SRC0031	true	false
18	13	MAJISKII	80	named_cast	named_cast_top300|character_registry	SRC0001+SRC0002+SRC0003+SRC0004+SRC0005+SRC0006+SRC0007+SRC0008+SRC0009+SRC0010+SRC0011+SRC0012+SRC0013+SRC0014+SRC0015+SRC0016+SRC0017+SRC0018+SRC0019+SRC0020+SRC0021+SRC0022+SRC0023+SRC0024+SRC0025+SRC0026+SRC0027+SRC0029+SRC0030+SRC0031	true	false
18	14	NEITH	80	named_cast	named_cast_top300|character_registry	SRC0001+SRC0002+SRC0003+SRC0004+SRC0005+SRC0006+SRC0007+SRC0008+SRC0009+SRC0010+SRC0011+SRC0012+SRC0013+SRC0014+SRC0015+SRC0016+SRC0017+SRC0018+SRC0019+SRC0020+SRC0021+SRC0022+SRC0023+SRC0024+SRC0025+SRC0026+SRC0027+SRC0029+SRC0030+SRC0031	true	false
18	15	URSULA	80	named_cast	named_cast_top300|character_registry	SRC0001+SRC0002+SRC0003+SRC0004+SRC0005+SRC0006+SRC0007+SRC0008+SRC0009+SRC0010+SRC0011+SRC0012+SRC0013+SRC0014+SRC0015+SRC0016+SRC0017+SRC0018+SRC0019+SRC0020+SRC0021+SRC0022+SRC0023+SRC0024+SRC0025+SRC0026+SRC0027+SRC0029+SRC0030+SRC0031	true	false
18	16	RYLOS / BOOJAY	72	named_cast	named_cast_top300	SRC0001+SRC0002+SRC0003+SRC0004+SRC0005+SRC0006+SRC0007+SRC0008+SRC0009+SRC0010+SRC0011+SRC0012+SRC0013+SRC0014+SRC0015+SRC0016+SRC0017+SRC0018+SRC0019+SRC0020+SRC0021+SRC0022+SRC0023+SRC0024+SRC0025+SRC0026+SRC0027+SRC0029+SRC0030+SRC0031	true	false
18	17	pre_pip_role	72	named_cast	named_cast_top300	SRC0001+SRC0002+SRC0003+SRC0004+SRC0005+SRC0006+SRC0007+SRC0008+SRC0009+SRC0010+SRC0011+SRC0012+SRC0013+SRC0014+SRC0015+SRC0016+SRC0017+SRC0018+SRC0019+SRC0020+SRC0021+SRC0022+SRC0023+SRC0024+SRC0025+SRC0026+SRC0027+SRC0029+SRC0030+SRC0031	true	false
18	18	rylos_arc	72	named_cast	named_cast_top300	SRC0001+SRC0002+SRC0003+SRC0004+SRC0005+SRC0006+SRC0007+SRC0008+SRC0009+SRC0010+SRC0011+SRC0012+SRC0013+SRC0014+SRC0015+SRC0016+SRC0017+SRC0018+SRC0019+SRC0020+SRC0021+SRC0022+SRC0023+SRC0024+SRC0025+SRC0026+SRC0027+SRC0029+SRC0030+SRC0031	true	false
18	19	rylos_pip_law	72	named_cast	named_cast_top300	SRC0001+SRC0002+SRC0003+SRC0004+SRC0005+SRC0006+SRC0007+SRC0008+SRC0009+SRC0010+SRC0011+SRC0012+SRC0013+SRC0014+SRC0015+SRC0016+SRC0017+SRC0018+SRC0019+SRC0020+SRC0021+SRC0022+SRC0023+SRC0024+SRC0025+SRC0026+SRC0027+SRC0029+SRC0030+SRC0031	true	false
18	20	Rylos	68	registry	character_registry	SRC0001+SRC0002+SRC0003+SRC0004+SRC0005+SRC0006+SRC0008+SRC0009+SRC0010+SRC0011+SRC0012+SRC0013+SRC0014+SRC0015+SRC0016+SRC0017+SRC0018+SRC0019+SRC0020+SRC0021+SRC0022+SRC0023+SRC0024+SRC0030+SRC0031	true	false
18	21	Boojay	63	reviewed	character_generation_review		true	false
18	22	arc	51	named_cast	named_cast_top300	SRC0001+SRC0002+SRC0003+SRC0004+SRC0005+SRC0006+SRC0007+SRC0008+SRC0009+SRC0010+SRC0011+SRC0012+SRC0013+SRC0014+SRC0015+SRC0016+SRC0017+SRC0018+SRC0019+SRC0020+SRC0021+SRC0022+SRC0023+SRC0024+SRC0025+SRC0026+SRC0027+SRC0029+SRC0030+SRC0031	false	false
18	23	book_24	39	named_cast	named_cast_top300	SRC0001+SRC0002+SRC0003+SRC0004+SRC0005+SRC0006+SRC0007+SRC0008+SRC0009+SRC0010+SRC0011+SRC0012+SRC0013+SRC0014+SRC0015+SRC0016+SRC0017+SRC0018+SRC0019+SRC0020+SRC0021+SRC0022+SRC0023+SRC0024+SRC0025+SRC0026+SRC0027+SRC0029+SRC0030+SRC0031	false	false
18	24	faction	39	named_cast	named_cast_top300	SRC0001+SRC0002+SRC0003+SRC0004+SRC0005+SRC0006+SRC0007+SRC0008+SRC0009+SRC0010+SRC0011+SRC0012+SRC0013+SRC0014+SRC0015+SRC0016+SRC0017+SRC0018+SRC0019+SRC0020+SRC0021+SRC0022+SRC0023+SRC0024+SRC0025+SRC0026+SRC0027+SRC0029+SRC0030+SRC0031	false	false
19	1	Mack	290	active_cast	placement_by_book|named_cast_top300|character_registry	SRC0001+SRC0002+SRC0003+SRC0008+SRC0014+SRC0015+SRC0016+SRC0017+SRC0023+SRC0024	true	false
19	2	Neith	290	active_cast	placement_by_book|named_cast_top300|character_registry	SRC0001+SRC0002+SRC0003+SRC0008+SRC0014+SRC0015+SRC0016+SRC0017+SRC0023+SRC0024	true	false
19	3	Pip	290	active_cast	placement_by_book|named_cast_top300|character_registry	SRC0001+SRC0002+SRC0003+SRC0008+SRC0014+SRC0015+SRC0016+SRC0017+SRC0023+SRC0024	true	false
19	4	Rolzen	290	active_cast	placement_by_book|named_cast_top300|character_registry	SRC0001+SRC0002+SRC0003+SRC0008+SRC0014+SRC0015+SRC0016+SRC0017+SRC0023+SRC0024	true	false
19	5	Daisy May	220	active_cast	placement_by_book|named_cast_top300|character_registry	SRC0001+SRC0002+SRC0003+SRC0008+SRC0014+SRC0015+SRC0016+SRC0017+SRC0023+SRC0024	true	false
19	6	Majiskii	220	active_cast	placement_by_book|named_cast_top300|character_registry	SRC0001+SRC0002+SRC0003+SRC0008+SRC0014+SRC0015+SRC0016+SRC0017+SRC0023+SRC0024	true	false
19	7	Xethrolund	220	active_cast	placement_by_book|named_cast_top300|character_registry	SRC0001+SRC0002+SRC0003+SRC0008+SRC0014+SRC0015+SRC0016+SRC0017+SRC0023+SRC0024	true	false
19	8	Rylos Vayne Johnson / Boojay	200	active_cast	placement_by_book	SRC0001+SRC0002+SRC0003+SRC0008+SRC0014+SRC0015+SRC0016+SRC0017+SRC0018+SRC0019+SRC0023+SRC0024	true	false
19	9	canonical_id	171	named_cast	named_cast_top300	SRC0001+SRC0002+SRC0003+SRC0004+SRC0005+SRC0006+SRC0007+SRC0008+SRC0009+SRC0010+SRC0011+SRC0012+SRC0013+SRC0014+SRC0015+SRC0016+SRC0017+SRC0018+SRC0019+SRC0020+SRC0021+SRC0022+SRC0023+SRC0024+SRC0025+SRC0026+SRC0027+SRC0029+SRC0030+SRC0031	false	false
19	10	role	123	named_cast	named_cast_top300	SRC0001+SRC0002+SRC0003+SRC0004+SRC0005+SRC0006+SRC0007+SRC0008+SRC0009+SRC0010+SRC0011+SRC0012+SRC0013+SRC0014+SRC0015+SRC0016+SRC0017+SRC0018+SRC0019+SRC0020+SRC0021+SRC0022+SRC0023+SRC0024+SRC0025+SRC0026+SRC0027+SRC0029+SRC0030+SRC0031	false	false
19	11	source_stack	123	named_cast	named_cast_top300	SRC0001+SRC0002+SRC0003+SRC0004+SRC0005+SRC0006+SRC0007+SRC0008+SRC0009+SRC0010+SRC0011+SRC0012+SRC0013+SRC0014+SRC0015+SRC0016+SRC0017+SRC0018+SRC0019+SRC0020+SRC0021+SRC0022+SRC0023+SRC0024+SRC0025+SRC0026+SRC0027+SRC0029+SRC0030+SRC0031	false	false
19	12	first_appears	99	named_cast	named_cast_top300	SRC0001+SRC0002+SRC0003+SRC0004+SRC0005+SRC0006+SRC0007+SRC0008+SRC0009+SRC0010+SRC0011+SRC0012+SRC0013+SRC0014+SRC0015+SRC0016+SRC0017+SRC0018+SRC0019+SRC0020+SRC0021+SRC0022+SRC0023+SRC0024+SRC0025+SRC0026+SRC0027+SRC0029+SRC0030+SRC0031	false	false
19	13	book_25	87	named_cast	named_cast_top300	SRC0001+SRC0002+SRC0003+SRC0004+SRC0005+SRC0006+SRC0007+SRC0008+SRC0009+SRC0010+SRC0011+SRC0012+SRC0013+SRC0014+SRC0015+SRC0016+SRC0017+SRC0018+SRC0019+SRC0020+SRC0021+SRC0022+SRC0023+SRC0024+SRC0025+SRC0026+SRC0027+SRC0029+SRC0030+SRC0031	false	false
19	14	DERVISH	80	named_cast	named_cast_top300|character_registry	SRC0001+SRC0002+SRC0003+SRC0004+SRC0005+SRC0006+SRC0007+SRC0008+SRC0009+SRC0010+SRC0011+SRC0012+SRC0013+SRC0014+SRC0015+SRC0016+SRC0017+SRC0018+SRC0019+SRC0020+SRC0021+SRC0022+SRC0023+SRC0024+SRC0025+SRC0026+SRC0027+SRC0029+SRC0030+SRC0031	true	false
19	15	URSULA	80	named_cast	named_cast_top300|character_registry	SRC0001+SRC0002+SRC0003+SRC0004+SRC0005+SRC0006+SRC0007+SRC0008+SRC0009+SRC0010+SRC0011+SRC0012+SRC0013+SRC0014+SRC0015+SRC0016+SRC0017+SRC0018+SRC0019+SRC0020+SRC0021+SRC0022+SRC0023+SRC0024+SRC0025+SRC0026+SRC0027+SRC0029+SRC0030+SRC0031	true	false
19	16	RYLOS / BOOJAY	72	named_cast	named_cast_top300	SRC0001+SRC0002+SRC0003+SRC0004+SRC0005+SRC0006+SRC0007+SRC0008+SRC0009+SRC0010+SRC0011+SRC0012+SRC0013+SRC0014+SRC0015+SRC0016+SRC0017+SRC0018+SRC0019+SRC0020+SRC0021+SRC0022+SRC0023+SRC0024+SRC0025+SRC0026+SRC0027+SRC0029+SRC0030+SRC0031	true	false
19	17	pre_pip_role	72	named_cast	named_cast_top300	SRC0001+SRC0002+SRC0003+SRC0004+SRC0005+SRC0006+SRC0007+SRC0008+SRC0009+SRC0010+SRC0011+SRC0012+SRC0013+SRC0014+SRC0015+SRC0016+SRC0017+SRC0018+SRC0019+SRC0020+SRC0021+SRC0022+SRC0023+SRC0024+SRC0025+SRC0026+SRC0027+SRC0029+SRC0030+SRC0031	true	false
19	18	rylos_arc	72	named_cast	named_cast_top300	SRC0001+SRC0002+SRC0003+SRC0004+SRC0005+SRC0006+SRC0007+SRC0008+SRC0009+SRC0010+SRC0011+SRC0012+SRC0013+SRC0014+SRC0015+SRC0016+SRC0017+SRC0018+SRC0019+SRC0020+SRC0021+SRC0022+SRC0023+SRC0024+SRC0025+SRC0026+SRC0027+SRC0029+SRC0030+SRC0031	true	false
19	19	rylos_pip_law	72	named_cast	named_cast_top300	SRC0001+SRC0002+SRC0003+SRC0004+SRC0005+SRC0006+SRC0007+SRC0008+SRC0009+SRC0010+SRC0011+SRC0012+SRC0013+SRC0014+SRC0015+SRC0016+SRC0017+SRC0018+SRC0019+SRC0020+SRC0021+SRC0022+SRC0023+SRC0024+SRC0025+SRC0026+SRC0027+SRC0029+SRC0030+SRC0031	true	false
19	20	Rylos	68	registry	character_registry	SRC0001+SRC0002+SRC0003+SRC0004+SRC0005+SRC0006+SRC0008+SRC0009+SRC0010+SRC0011+SRC0012+SRC0013+SRC0014+SRC0015+SRC0016+SRC0017+SRC0018+SRC0019+SRC0020+SRC0021+SRC0022+SRC0023+SRC0024+SRC0030+SRC0031	true	false
19	21	Boojay	63	reviewed	character_generation_review		true	false
19	22	arc	51	named_cast	named_cast_top300	SRC0001+SRC0002+SRC0003+SRC0004+SRC0005+SRC0006+SRC0007+SRC0008+SRC0009+SRC0010+SRC0011+SRC0012+SRC0013+SRC0014+SRC0015+SRC0016+SRC0017+SRC0018+SRC0019+SRC0020+SRC0021+SRC0022+SRC0023+SRC0024+SRC0025+SRC0026+SRC0027+SRC0029+SRC0030+SRC0031	false	false
19	23	book_24	39	named_cast	named_cast_top300	SRC0001+SRC0002+SRC0003+SRC0004+SRC0005+SRC0006+SRC0007+SRC0008+SRC0009+SRC0010+SRC0011+SRC0012+SRC0013+SRC0014+SRC0015+SRC0016+SRC0017+SRC0018+SRC0019+SRC0020+SRC0021+SRC0022+SRC0023+SRC0024+SRC0025+SRC0026+SRC0027+SRC0029+SRC0030+SRC0031	false	false
19	24	faction	39	named_cast	named_cast_top300	SRC0001+SRC0002+SRC0003+SRC0004+SRC0005+SRC0006+SRC0007+SRC0008+SRC0009+SRC0010+SRC0011+SRC0012+SRC0013+SRC0014+SRC0015+SRC0016+SRC0017+SRC0018+SRC0019+SRC0020+SRC0021+SRC0022+SRC0023+SRC0024+SRC0025+SRC0026+SRC0027+SRC0029+SRC0030+SRC0031	false	false
20	1	canonical_id	171	named_cast	named_cast_top300	SRC0001+SRC0002+SRC0003+SRC0004+SRC0005+SRC0006+SRC0007+SRC0008+SRC0009+SRC0010+SRC0011+SRC0012+SRC0013+SRC0014+SRC0015+SRC0016+SRC0017+SRC0018+SRC0019+SRC0020+SRC0021+SRC0022+SRC0023+SRC0024+SRC0025+SRC0026+SRC0027+SRC0029+SRC0030+SRC0031	false	false
20	2	All core cast. Secondary cast reaching completion points	155	active_cast	placement_by_book	SRC0001+SRC0002+SRC0003+SRC0008+SRC0014+SRC0015+SRC0016+SRC0017+SRC0023+SRC0024	false	false
20	3	Neith	150	key_beat_mention	placement_by_book|named_cast_top300|character_registry	SRC0001+SRC0002+SRC0003+SRC0008+SRC0014+SRC0015+SRC0016+SRC0017+SRC0023+SRC0024	true	false
20	4	Pip	150	key_beat_mention	placement_by_book|named_cast_top300|character_registry	SRC0001+SRC0002+SRC0003+SRC0008+SRC0014+SRC0015+SRC0016+SRC0017+SRC0023+SRC0024	true	false
20	5	Rolzen	150	key_beat_mention	placement_by_book|named_cast_top300|character_registry	SRC0001+SRC0002+SRC0003+SRC0008+SRC0014+SRC0015+SRC0016+SRC0017+SRC0023+SRC0024	true	false
20	6	Xethrolund	150	key_beat_mention	placement_by_book|named_cast_top300|character_registry	SRC0001+SRC0002+SRC0003+SRC0008+SRC0014+SRC0015+SRC0016+SRC0017+SRC0023+SRC0024	true	false
20	7	role	123	named_cast	named_cast_top300	SRC0001+SRC0002+SRC0003+SRC0004+SRC0005+SRC0006+SRC0007+SRC0008+SRC0009+SRC0010+SRC0011+SRC0012+SRC0013+SRC0014+SRC0015+SRC0016+SRC0017+SRC0018+SRC0019+SRC0020+SRC0021+SRC0022+SRC0023+SRC0024+SRC0025+SRC0026+SRC0027+SRC0029+SRC0030+SRC0031	false	false
20	8	source_stack	123	named_cast	named_cast_top300	SRC0001+SRC0002+SRC0003+SRC0004+SRC0005+SRC0006+SRC0007+SRC0008+SRC0009+SRC0010+SRC0011+SRC0012+SRC0013+SRC0014+SRC0015+SRC0016+SRC0017+SRC0018+SRC0019+SRC0020+SRC0021+SRC0022+SRC0023+SRC0024+SRC0025+SRC0026+SRC0027+SRC0029+SRC0030+SRC0031	false	false
20	9	first_appears	99	named_cast	named_cast_top300	SRC0001+SRC0002+SRC0003+SRC0004+SRC0005+SRC0006+SRC0007+SRC0008+SRC0009+SRC0010+SRC0011+SRC0012+SRC0013+SRC0014+SRC0015+SRC0016+SRC0017+SRC0018+SRC0019+SRC0020+SRC0021+SRC0022+SRC0023+SRC0024+SRC0025+SRC0026+SRC0027+SRC0029+SRC0030+SRC0031	false	false
20	10	Renath	93	key_beat_mention	placement_by_book|character_registry	SRC0001+SRC0002+SRC0003+SRC0008+SRC0014+SRC0015+SRC0016+SRC0017+SRC0023+SRC0024	false	false
20	11	book_25	87	named_cast	named_cast_top300	SRC0001+SRC0002+SRC0003+SRC0004+SRC0005+SRC0006+SRC0007+SRC0008+SRC0009+SRC0010+SRC0011+SRC0012+SRC0013+SRC0014+SRC0015+SRC0016+SRC0017+SRC0018+SRC0019+SRC0020+SRC0021+SRC0022+SRC0023+SRC0024+SRC0025+SRC0026+SRC0027+SRC0029+SRC0030+SRC0031	false	false
20	12	Corveth	85	key_beat_mention	placement_by_book	SRC0001+SRC0002+SRC0003+SRC0008+SRC0014+SRC0015+SRC0016+SRC0017+SRC0023+SRC0024	false	false
20	13	Sorra	85	key_beat_mention	placement_by_book	SRC0001+SRC0002+SRC0003+SRC0008+SRC0014+SRC0015+SRC0016+SRC0017+SRC0023+SRC0024	false	false
20	14	Wrenath	85	key_beat_mention	placement_by_book	SRC0001+SRC0002+SRC0003+SRC0008+SRC0014+SRC0015+SRC0016+SRC0017+SRC0023+SRC0024	false	false
20	15	DAISY MAY	80	named_cast	named_cast_top300|character_registry	SRC0001+SRC0002+SRC0003+SRC0004+SRC0005+SRC0006+SRC0007+SRC0008+SRC0009+SRC0010+SRC0011+SRC0012+SRC0013+SRC0014+SRC0015+SRC0016+SRC0017+SRC0018+SRC0019+SRC0020+SRC0021+SRC0022+SRC0023+SRC0024+SRC0025+SRC0026+SRC0027+SRC0029+SRC0030+SRC0031	true	false
20	16	DERVISH	80	named_cast	named_cast_top300|character_registry	SRC0001+SRC0002+SRC0003+SRC0004+SRC0005+SRC0006+SRC0007+SRC0008+SRC0009+SRC0010+SRC0011+SRC0012+SRC0013+SRC0014+SRC0015+SRC0016+SRC0017+SRC0018+SRC0019+SRC0020+SRC0021+SRC0022+SRC0023+SRC0024+SRC0025+SRC0026+SRC0027+SRC0029+SRC0030+SRC0031	true	false
20	17	MACK	80	named_cast	named_cast_top300|character_registry	SRC0001+SRC0002+SRC0003+SRC0004+SRC0005+SRC0006+SRC0007+SRC0008+SRC0009+SRC0010+SRC0011+SRC0012+SRC0013+SRC0014+SRC0015+SRC0016+SRC0017+SRC0018+SRC0019+SRC0020+SRC0021+SRC0022+SRC0023+SRC0024+SRC0025+SRC0026+SRC0027+SRC0029+SRC0030+SRC0031	true	false
20	18	MAJISKII	80	named_cast	named_cast_top300|character_registry	SRC0001+SRC0002+SRC0003+SRC0004+SRC0005+SRC0006+SRC0007+SRC0008+SRC0009+SRC0010+SRC0011+SRC0012+SRC0013+SRC0014+SRC0015+SRC0016+SRC0017+SRC0018+SRC0019+SRC0020+SRC0021+SRC0022+SRC0023+SRC0024+SRC0025+SRC0026+SRC0027+SRC0029+SRC0030+SRC0031	true	false
20	19	URSULA	80	named_cast	named_cast_top300|character_registry	SRC0001+SRC0002+SRC0003+SRC0004+SRC0005+SRC0006+SRC0007+SRC0008+SRC0009+SRC0010+SRC0011+SRC0012+SRC0013+SRC0014+SRC0015+SRC0016+SRC0017+SRC0018+SRC0019+SRC0020+SRC0021+SRC0022+SRC0023+SRC0024+SRC0025+SRC0026+SRC0027+SRC0029+SRC0030+SRC0031	true	false
20	20	RYLOS / BOOJAY	72	named_cast	named_cast_top300	SRC0001+SRC0002+SRC0003+SRC0004+SRC0005+SRC0006+SRC0007+SRC0008+SRC0009+SRC0010+SRC0011+SRC0012+SRC0013+SRC0014+SRC0015+SRC0016+SRC0017+SRC0018+SRC0019+SRC0020+SRC0021+SRC0022+SRC0023+SRC0024+SRC0025+SRC0026+SRC0027+SRC0029+SRC0030+SRC0031	true	false
20	21	pre_pip_role	72	named_cast	named_cast_top300	SRC0001+SRC0002+SRC0003+SRC0004+SRC0005+SRC0006+SRC0007+SRC0008+SRC0009+SRC0010+SRC0011+SRC0012+SRC0013+SRC0014+SRC0015+SRC0016+SRC0017+SRC0018+SRC0019+SRC0020+SRC0021+SRC0022+SRC0023+SRC0024+SRC0025+SRC0026+SRC0027+SRC0029+SRC0030+SRC0031	true	false
20	22	rylos_arc	72	named_cast	named_cast_top300	SRC0001+SRC0002+SRC0003+SRC0004+SRC0005+SRC0006+SRC0007+SRC0008+SRC0009+SRC0010+SRC0011+SRC0012+SRC0013+SRC0014+SRC0015+SRC0016+SRC0017+SRC0018+SRC0019+SRC0020+SRC0021+SRC0022+SRC0023+SRC0024+SRC0025+SRC0026+SRC0027+SRC0029+SRC0030+SRC0031	true	false
20	23	rylos_pip_law	72	named_cast	named_cast_top300	SRC0001+SRC0002+SRC0003+SRC0004+SRC0005+SRC0006+SRC0007+SRC0008+SRC0009+SRC0010+SRC0011+SRC0012+SRC0013+SRC0014+SRC0015+SRC0016+SRC0017+SRC0018+SRC0019+SRC0020+SRC0021+SRC0022+SRC0023+SRC0024+SRC0025+SRC0026+SRC0027+SRC0029+SRC0030+SRC0031	true	false
20	24	Rylos	68	registry	character_registry	SRC0001+SRC0002+SRC0003+SRC0004+SRC0005+SRC0006+SRC0008+SRC0009+SRC0010+SRC0011+SRC0012+SRC0013+SRC0014+SRC0015+SRC0016+SRC0017+SRC0018+SRC0019+SRC0020+SRC0021+SRC0022+SRC0023+SRC0024+SRC0030+SRC0031	true	false
21	1	All core cast + Ursula	200	active_cast	placement_by_book	SRC0001+SRC0002+SRC0003+SRC0008+SRC0024	true	false
21	2	canonical_id	171	named_cast	named_cast_top300	SRC0001+SRC0002+SRC0003+SRC0004+SRC0005+SRC0006+SRC0007+SRC0008+SRC0009+SRC0010+SRC0011+SRC0012+SRC0013+SRC0014+SRC0015+SRC0016+SRC0017+SRC0018+SRC0019+SRC0020+SRC0021+SRC0022+SRC0023+SRC0024+SRC0025+SRC0026+SRC0027+SRC0029+SRC0030+SRC0031	false	false
21	3	Mack	150	key_beat_mention	placement_by_book|named_cast_top300|character_registry	SRC0001+SRC0002+SRC0003+SRC0008+SRC0024	true	false
21	4	Pip	150	key_beat_mention	placement_by_book|named_cast_top300|character_registry	SRC0001+SRC0002+SRC0003+SRC0008+SRC0024	true	false
21	5	Ursula	150	key_beat_mention	placement_by_book|named_cast_top300|character_registry	SRC0001+SRC0002+SRC0003+SRC0008+SRC0024	true	false
21	6	role	123	named_cast	named_cast_top300	SRC0001+SRC0002+SRC0003+SRC0004+SRC0005+SRC0006+SRC0007+SRC0008+SRC0009+SRC0010+SRC0011+SRC0012+SRC0013+SRC0014+SRC0015+SRC0016+SRC0017+SRC0018+SRC0019+SRC0020+SRC0021+SRC0022+SRC0023+SRC0024+SRC0025+SRC0026+SRC0027+SRC0029+SRC0030+SRC0031	false	false
21	7	source_stack	123	named_cast	named_cast_top300	SRC0001+SRC0002+SRC0003+SRC0004+SRC0005+SRC0006+SRC0007+SRC0008+SRC0009+SRC0010+SRC0011+SRC0012+SRC0013+SRC0014+SRC0015+SRC0016+SRC0017+SRC0018+SRC0019+SRC0020+SRC0021+SRC0022+SRC0023+SRC0024+SRC0025+SRC0026+SRC0027+SRC0029+SRC0030+SRC0031	false	false
21	8	first_appears	99	named_cast	named_cast_top300	SRC0001+SRC0002+SRC0003+SRC0004+SRC0005+SRC0006+SRC0007+SRC0008+SRC0009+SRC0010+SRC0011+SRC0012+SRC0013+SRC0014+SRC0015+SRC0016+SRC0017+SRC0018+SRC0019+SRC0020+SRC0021+SRC0022+SRC0023+SRC0024+SRC0025+SRC0026+SRC0027+SRC0029+SRC0030+SRC0031	false	false
21	9	book_25	87	named_cast	named_cast_top300	SRC0001+SRC0002+SRC0003+SRC0004+SRC0005+SRC0006+SRC0007+SRC0008+SRC0009+SRC0010+SRC0011+SRC0012+SRC0013+SRC0014+SRC0015+SRC0016+SRC0017+SRC0018+SRC0019+SRC0020+SRC0021+SRC0022+SRC0023+SRC0024+SRC0025+SRC0026+SRC0027+SRC0029+SRC0030+SRC0031	false	false
21	10	DAISY MAY	80	named_cast	named_cast_top300|character_registry	SRC0001+SRC0002+SRC0003+SRC0004+SRC0005+SRC0006+SRC0007+SRC0008+SRC0009+SRC0010+SRC0011+SRC0012+SRC0013+SRC0014+SRC0015+SRC0016+SRC0017+SRC0018+SRC0019+SRC0020+SRC0021+SRC0022+SRC0023+SRC0024+SRC0025+SRC0026+SRC0027+SRC0029+SRC0030+SRC0031	true	false
21	11	DERVISH	80	named_cast	named_cast_top300|character_registry	SRC0001+SRC0002+SRC0003+SRC0004+SRC0005+SRC0006+SRC0007+SRC0008+SRC0009+SRC0010+SRC0011+SRC0012+SRC0013+SRC0014+SRC0015+SRC0016+SRC0017+SRC0018+SRC0019+SRC0020+SRC0021+SRC0022+SRC0023+SRC0024+SRC0025+SRC0026+SRC0027+SRC0029+SRC0030+SRC0031	true	false
21	12	MAJISKII	80	named_cast	named_cast_top300|character_registry	SRC0001+SRC0002+SRC0003+SRC0004+SRC0005+SRC0006+SRC0007+SRC0008+SRC0009+SRC0010+SRC0011+SRC0012+SRC0013+SRC0014+SRC0015+SRC0016+SRC0017+SRC0018+SRC0019+SRC0020+SRC0021+SRC0022+SRC0023+SRC0024+SRC0025+SRC0026+SRC0027+SRC0029+SRC0030+SRC0031	true	false
21	13	NEITH	80	named_cast	named_cast_top300|character_registry	SRC0001+SRC0002+SRC0003+SRC0004+SRC0005+SRC0006+SRC0007+SRC0008+SRC0009+SRC0010+SRC0011+SRC0012+SRC0013+SRC0014+SRC0015+SRC0016+SRC0017+SRC0018+SRC0019+SRC0020+SRC0021+SRC0022+SRC0023+SRC0024+SRC0025+SRC0026+SRC0027+SRC0029+SRC0030+SRC0031	true	false
21	14	ROLZEN	80	named_cast	named_cast_top300|character_registry	SRC0001+SRC0002+SRC0003+SRC0004+SRC0005+SRC0006+SRC0007+SRC0008+SRC0009+SRC0010+SRC0011+SRC0012+SRC0013+SRC0014+SRC0015+SRC0016+SRC0017+SRC0018+SRC0019+SRC0020+SRC0021+SRC0022+SRC0023+SRC0024+SRC0025+SRC0026+SRC0027+SRC0029+SRC0030+SRC0031	true	false
21	15	XETHROLUND	80	named_cast	named_cast_top300|character_registry	SRC0001+SRC0002+SRC0003+SRC0004+SRC0005+SRC0006+SRC0007+SRC0008+SRC0009+SRC0010+SRC0011+SRC0012+SRC0013+SRC0014+SRC0015+SRC0016+SRC0017+SRC0018+SRC0019+SRC0020+SRC0021+SRC0022+SRC0023+SRC0024+SRC0025+SRC0026+SRC0027+SRC0029+SRC0030+SRC0031	true	false
21	16	RYLOS / BOOJAY	72	named_cast	named_cast_top300	SRC0001+SRC0002+SRC0003+SRC0004+SRC0005+SRC0006+SRC0007+SRC0008+SRC0009+SRC0010+SRC0011+SRC0012+SRC0013+SRC0014+SRC0015+SRC0016+SRC0017+SRC0018+SRC0019+SRC0020+SRC0021+SRC0022+SRC0023+SRC0024+SRC0025+SRC0026+SRC0027+SRC0029+SRC0030+SRC0031	true	false
21	17	pre_pip_role	72	named_cast	named_cast_top300	SRC0001+SRC0002+SRC0003+SRC0004+SRC0005+SRC0006+SRC0007+SRC0008+SRC0009+SRC0010+SRC0011+SRC0012+SRC0013+SRC0014+SRC0015+SRC0016+SRC0017+SRC0018+SRC0019+SRC0020+SRC0021+SRC0022+SRC0023+SRC0024+SRC0025+SRC0026+SRC0027+SRC0029+SRC0030+SRC0031	true	false
21	18	rylos_arc	72	named_cast	named_cast_top300	SRC0001+SRC0002+SRC0003+SRC0004+SRC0005+SRC0006+SRC0007+SRC0008+SRC0009+SRC0010+SRC0011+SRC0012+SRC0013+SRC0014+SRC0015+SRC0016+SRC0017+SRC0018+SRC0019+SRC0020+SRC0021+SRC0022+SRC0023+SRC0024+SRC0025+SRC0026+SRC0027+SRC0029+SRC0030+SRC0031	true	false
21	19	rylos_pip_law	72	named_cast	named_cast_top300	SRC0001+SRC0002+SRC0003+SRC0004+SRC0005+SRC0006+SRC0007+SRC0008+SRC0009+SRC0010+SRC0011+SRC0012+SRC0013+SRC0014+SRC0015+SRC0016+SRC0017+SRC0018+SRC0019+SRC0020+SRC0021+SRC0022+SRC0023+SRC0024+SRC0025+SRC0026+SRC0027+SRC0029+SRC0030+SRC0031	true	false
21	20	Rylos	68	registry	character_registry	SRC0001+SRC0002+SRC0003+SRC0004+SRC0005+SRC0006+SRC0008+SRC0009+SRC0010+SRC0011+SRC0012+SRC0013+SRC0014+SRC0015+SRC0016+SRC0017+SRC0018+SRC0019+SRC0020+SRC0021+SRC0022+SRC0023+SRC0024+SRC0030+SRC0031	true	false
21	21	Boojay	63	reviewed	character_generation_review		true	false
21	22	arc	51	named_cast	named_cast_top300	SRC0001+SRC0002+SRC0003+SRC0004+SRC0005+SRC0006+SRC0007+SRC0008+SRC0009+SRC0010+SRC0011+SRC0012+SRC0013+SRC0014+SRC0015+SRC0016+SRC0017+SRC0018+SRC0019+SRC0020+SRC0021+SRC0022+SRC0023+SRC0024+SRC0025+SRC0026+SRC0027+SRC0029+SRC0030+SRC0031	false	false
21	23	book_24	39	named_cast	named_cast_top300	SRC0001+SRC0002+SRC0003+SRC0004+SRC0005+SRC0006+SRC0007+SRC0008+SRC0009+SRC0010+SRC0011+SRC0012+SRC0013+SRC0014+SRC0015+SRC0016+SRC0017+SRC0018+SRC0019+SRC0020+SRC0021+SRC0022+SRC0023+SRC0024+SRC0025+SRC0026+SRC0027+SRC0029+SRC0030+SRC0031	false	false
21	24	faction	39	named_cast	named_cast_top300	SRC0001+SRC0002+SRC0003+SRC0004+SRC0005+SRC0006+SRC0007+SRC0008+SRC0009+SRC0010+SRC0011+SRC0012+SRC0013+SRC0014+SRC0015+SRC0016+SRC0017+SRC0018+SRC0019+SRC0020+SRC0021+SRC0022+SRC0023+SRC0024+SRC0025+SRC0026+SRC0027+SRC0029+SRC0030+SRC0031	false	false
22	1	canonical_id	171	named_cast	named_cast_top300	SRC0001+SRC0002+SRC0003+SRC0004+SRC0005+SRC0006+SRC0007+SRC0008+SRC0009+SRC0010+SRC0011+SRC0012+SRC0013+SRC0014+SRC0015+SRC0016+SRC0017+SRC0018+SRC0019+SRC0020+SRC0021+SRC0022+SRC0023+SRC0024+SRC0025+SRC0026+SRC0027+SRC0029+SRC0030+SRC0031	false	false
22	2	All core cast. Secondary arcs completing	140	active_cast	placement_by_book		false	false
22	3	role	123	named_cast	named_cast_top300	SRC0001+SRC0002+SRC0003+SRC0004+SRC0005+SRC0006+SRC0007+SRC0008+SRC0009+SRC0010+SRC0011+SRC0012+SRC0013+SRC0014+SRC0015+SRC0016+SRC0017+SRC0018+SRC0019+SRC0020+SRC0021+SRC0022+SRC0023+SRC0024+SRC0025+SRC0026+SRC0027+SRC0029+SRC0030+SRC0031	false	false
22	4	source_stack	123	named_cast	named_cast_top300	SRC0001+SRC0002+SRC0003+SRC0004+SRC0005+SRC0006+SRC0007+SRC0008+SRC0009+SRC0010+SRC0011+SRC0012+SRC0013+SRC0014+SRC0015+SRC0016+SRC0017+SRC0018+SRC0019+SRC0020+SRC0021+SRC0022+SRC0023+SRC0024+SRC0025+SRC0026+SRC0027+SRC0029+SRC0030+SRC0031	false	false
22	5	first_appears	99	named_cast	named_cast_top300	SRC0001+SRC0002+SRC0003+SRC0004+SRC0005+SRC0006+SRC0007+SRC0008+SRC0009+SRC0010+SRC0011+SRC0012+SRC0013+SRC0014+SRC0015+SRC0016+SRC0017+SRC0018+SRC0019+SRC0020+SRC0021+SRC0022+SRC0023+SRC0024+SRC0025+SRC0026+SRC0027+SRC0029+SRC0030+SRC0031	false	false
22	6	Renath	93	key_beat_mention	placement_by_book|character_registry	SRC0001+SRC0002+SRC0003+SRC0004+SRC0005+SRC0006+SRC0008+SRC0009+SRC0010+SRC0011+SRC0012+SRC0013+SRC0014+SRC0015+SRC0016+SRC0017+SRC0018+SRC0019+SRC0020+SRC0021+SRC0022+SRC0023+SRC0024+SRC0030+SRC0031	false	false
22	7	book_25	87	named_cast	named_cast_top300	SRC0001+SRC0002+SRC0003+SRC0004+SRC0005+SRC0006+SRC0007+SRC0008+SRC0009+SRC0010+SRC0011+SRC0012+SRC0013+SRC0014+SRC0015+SRC0016+SRC0017+SRC0018+SRC0019+SRC0020+SRC0021+SRC0022+SRC0023+SRC0024+SRC0025+SRC0026+SRC0027+SRC0029+SRC0030+SRC0031	false	false
22	8	DAISY MAY	80	named_cast	named_cast_top300|character_registry	SRC0001+SRC0002+SRC0003+SRC0004+SRC0005+SRC0006+SRC0007+SRC0008+SRC0009+SRC0010+SRC0011+SRC0012+SRC0013+SRC0014+SRC0015+SRC0016+SRC0017+SRC0018+SRC0019+SRC0020+SRC0021+SRC0022+SRC0023+SRC0024+SRC0025+SRC0026+SRC0027+SRC0029+SRC0030+SRC0031	true	false
22	9	DERVISH	80	named_cast	named_cast_top300|character_registry	SRC0001+SRC0002+SRC0003+SRC0004+SRC0005+SRC0006+SRC0007+SRC0008+SRC0009+SRC0010+SRC0011+SRC0012+SRC0013+SRC0014+SRC0015+SRC0016+SRC0017+SRC0018+SRC0019+SRC0020+SRC0021+SRC0022+SRC0023+SRC0024+SRC0025+SRC0026+SRC0027+SRC0029+SRC0030+SRC0031	true	false
22	10	MACK	80	named_cast	named_cast_top300|character_registry	SRC0001+SRC0002+SRC0003+SRC0004+SRC0005+SRC0006+SRC0007+SRC0008+SRC0009+SRC0010+SRC0011+SRC0012+SRC0013+SRC0014+SRC0015+SRC0016+SRC0017+SRC0018+SRC0019+SRC0020+SRC0021+SRC0022+SRC0023+SRC0024+SRC0025+SRC0026+SRC0027+SRC0029+SRC0030+SRC0031	true	false
22	11	MAJISKII	80	named_cast	named_cast_top300|character_registry	SRC0001+SRC0002+SRC0003+SRC0004+SRC0005+SRC0006+SRC0007+SRC0008+SRC0009+SRC0010+SRC0011+SRC0012+SRC0013+SRC0014+SRC0015+SRC0016+SRC0017+SRC0018+SRC0019+SRC0020+SRC0021+SRC0022+SRC0023+SRC0024+SRC0025+SRC0026+SRC0027+SRC0029+SRC0030+SRC0031	true	false
22	12	NEITH	80	named_cast	named_cast_top300|character_registry	SRC0001+SRC0002+SRC0003+SRC0004+SRC0005+SRC0006+SRC0007+SRC0008+SRC0009+SRC0010+SRC0011+SRC0012+SRC0013+SRC0014+SRC0015+SRC0016+SRC0017+SRC0018+SRC0019+SRC0020+SRC0021+SRC0022+SRC0023+SRC0024+SRC0025+SRC0026+SRC0027+SRC0029+SRC0030+SRC0031	true	false
22	13	PIP	80	named_cast	named_cast_top300|character_registry	SRC0001+SRC0002+SRC0003+SRC0004+SRC0005+SRC0006+SRC0007+SRC0008+SRC0009+SRC0010+SRC0011+SRC0012+SRC0013+SRC0014+SRC0015+SRC0016+SRC0017+SRC0018+SRC0019+SRC0020+SRC0021+SRC0022+SRC0023+SRC0024+SRC0025+SRC0026+SRC0027+SRC0029+SRC0030+SRC0031	true	false
22	14	ROLZEN	80	named_cast	named_cast_top300|character_registry	SRC0001+SRC0002+SRC0003+SRC0004+SRC0005+SRC0006+SRC0007+SRC0008+SRC0009+SRC0010+SRC0011+SRC0012+SRC0013+SRC0014+SRC0015+SRC0016+SRC0017+SRC0018+SRC0019+SRC0020+SRC0021+SRC0022+SRC0023+SRC0024+SRC0025+SRC0026+SRC0027+SRC0029+SRC0030+SRC0031	true	false
22	15	URSULA	80	named_cast	named_cast_top300|character_registry	SRC0001+SRC0002+SRC0003+SRC0004+SRC0005+SRC0006+SRC0007+SRC0008+SRC0009+SRC0010+SRC0011+SRC0012+SRC0013+SRC0014+SRC0015+SRC0016+SRC0017+SRC0018+SRC0019+SRC0020+SRC0021+SRC0022+SRC0023+SRC0024+SRC0025+SRC0026+SRC0027+SRC0029+SRC0030+SRC0031	true	false
22	16	XETHROLUND	80	named_cast	named_cast_top300|character_registry	SRC0001+SRC0002+SRC0003+SRC0004+SRC0005+SRC0006+SRC0007+SRC0008+SRC0009+SRC0010+SRC0011+SRC0012+SRC0013+SRC0014+SRC0015+SRC0016+SRC0017+SRC0018+SRC0019+SRC0020+SRC0021+SRC0022+SRC0023+SRC0024+SRC0025+SRC0026+SRC0027+SRC0029+SRC0030+SRC0031	true	false
22	17	RYLOS / BOOJAY	72	named_cast	named_cast_top300	SRC0001+SRC0002+SRC0003+SRC0004+SRC0005+SRC0006+SRC0007+SRC0008+SRC0009+SRC0010+SRC0011+SRC0012+SRC0013+SRC0014+SRC0015+SRC0016+SRC0017+SRC0018+SRC0019+SRC0020+SRC0021+SRC0022+SRC0023+SRC0024+SRC0025+SRC0026+SRC0027+SRC0029+SRC0030+SRC0031	true	false
22	18	pre_pip_role	72	named_cast	named_cast_top300	SRC0001+SRC0002+SRC0003+SRC0004+SRC0005+SRC0006+SRC0007+SRC0008+SRC0009+SRC0010+SRC0011+SRC0012+SRC0013+SRC0014+SRC0015+SRC0016+SRC0017+SRC0018+SRC0019+SRC0020+SRC0021+SRC0022+SRC0023+SRC0024+SRC0025+SRC0026+SRC0027+SRC0029+SRC0030+SRC0031	true	false
22	19	rylos_arc	72	named_cast	named_cast_top300	SRC0001+SRC0002+SRC0003+SRC0004+SRC0005+SRC0006+SRC0007+SRC0008+SRC0009+SRC0010+SRC0011+SRC0012+SRC0013+SRC0014+SRC0015+SRC0016+SRC0017+SRC0018+SRC0019+SRC0020+SRC0021+SRC0022+SRC0023+SRC0024+SRC0025+SRC0026+SRC0027+SRC0029+SRC0030+SRC0031	true	false
22	20	rylos_pip_law	72	named_cast	named_cast_top300	SRC0001+SRC0002+SRC0003+SRC0004+SRC0005+SRC0006+SRC0007+SRC0008+SRC0009+SRC0010+SRC0011+SRC0012+SRC0013+SRC0014+SRC0015+SRC0016+SRC0017+SRC0018+SRC0019+SRC0020+SRC0021+SRC0022+SRC0023+SRC0024+SRC0025+SRC0026+SRC0027+SRC0029+SRC0030+SRC0031	true	false
22	21	Corveth	70	key_beat_mention	placement_by_book		false	false
22	22	Sorra	70	key_beat_mention	placement_by_book		false	false
22	23	Wrenath	70	key_beat_mention	placement_by_book		false	false
22	24	Rylos	68	registry	character_registry	SRC0001+SRC0002+SRC0003+SRC0004+SRC0005+SRC0006+SRC0008+SRC0009+SRC0010+SRC0011+SRC0012+SRC0013+SRC0014+SRC0015+SRC0016+SRC0017+SRC0018+SRC0019+SRC0020+SRC0021+SRC0022+SRC0023+SRC0024+SRC0030+SRC0031	true	false
23	1	All core cast. Neith approaching	200	active_cast	placement_by_book	SRC0001+SRC0002+SRC0003+SRC0008+SRC0024	true	false
23	2	canonical_id	171	named_cast	named_cast_top300	SRC0001+SRC0002+SRC0003+SRC0004+SRC0005+SRC0006+SRC0007+SRC0008+SRC0009+SRC0010+SRC0011+SRC0012+SRC0013+SRC0014+SRC0015+SRC0016+SRC0017+SRC0018+SRC0019+SRC0020+SRC0021+SRC0022+SRC0023+SRC0024+SRC0025+SRC0026+SRC0027+SRC0029+SRC0030+SRC0031	false	false
23	3	Neith	150	key_beat_mention	placement_by_book|named_cast_top300|character_registry	SRC0001+SRC0002+SRC0003+SRC0008+SRC0024	true	false
23	4	Pip	150	key_beat_mention	placement_by_book|named_cast_top300|character_registry	SRC0001+SRC0002+SRC0003+SRC0008+SRC0024	true	false
23	5	Xethrolund	150	key_beat_mention	placement_by_book|named_cast_top300|character_registry	SRC0001+SRC0002+SRC0003+SRC0008+SRC0024	true	false
23	6	role	123	named_cast	named_cast_top300	SRC0001+SRC0002+SRC0003+SRC0004+SRC0005+SRC0006+SRC0007+SRC0008+SRC0009+SRC0010+SRC0011+SRC0012+SRC0013+SRC0014+SRC0015+SRC0016+SRC0017+SRC0018+SRC0019+SRC0020+SRC0021+SRC0022+SRC0023+SRC0024+SRC0025+SRC0026+SRC0027+SRC0029+SRC0030+SRC0031	false	false
23	7	source_stack	123	named_cast	named_cast_top300	SRC0001+SRC0002+SRC0003+SRC0004+SRC0005+SRC0006+SRC0007+SRC0008+SRC0009+SRC0010+SRC0011+SRC0012+SRC0013+SRC0014+SRC0015+SRC0016+SRC0017+SRC0018+SRC0019+SRC0020+SRC0021+SRC0022+SRC0023+SRC0024+SRC0025+SRC0026+SRC0027+SRC0029+SRC0030+SRC0031	false	false
23	8	first_appears	99	named_cast	named_cast_top300	SRC0001+SRC0002+SRC0003+SRC0004+SRC0005+SRC0006+SRC0007+SRC0008+SRC0009+SRC0010+SRC0011+SRC0012+SRC0013+SRC0014+SRC0015+SRC0016+SRC0017+SRC0018+SRC0019+SRC0020+SRC0021+SRC0022+SRC0023+SRC0024+SRC0025+SRC0026+SRC0027+SRC0029+SRC0030+SRC0031	false	false
23	9	book_25	87	named_cast	named_cast_top300	SRC0001+SRC0002+SRC0003+SRC0004+SRC0005+SRC0006+SRC0007+SRC0008+SRC0009+SRC0010+SRC0011+SRC0012+SRC0013+SRC0014+SRC0015+SRC0016+SRC0017+SRC0018+SRC0019+SRC0020+SRC0021+SRC0022+SRC0023+SRC0024+SRC0025+SRC0026+SRC0027+SRC0029+SRC0030+SRC0031	false	false
23	10	DAISY MAY	80	named_cast	named_cast_top300|character_registry	SRC0001+SRC0002+SRC0003+SRC0004+SRC0005+SRC0006+SRC0007+SRC0008+SRC0009+SRC0010+SRC0011+SRC0012+SRC0013+SRC0014+SRC0015+SRC0016+SRC0017+SRC0018+SRC0019+SRC0020+SRC0021+SRC0022+SRC0023+SRC0024+SRC0025+SRC0026+SRC0027+SRC0029+SRC0030+SRC0031	true	false
23	11	DERVISH	80	named_cast	named_cast_top300|character_registry	SRC0001+SRC0002+SRC0003+SRC0004+SRC0005+SRC0006+SRC0007+SRC0008+SRC0009+SRC0010+SRC0011+SRC0012+SRC0013+SRC0014+SRC0015+SRC0016+SRC0017+SRC0018+SRC0019+SRC0020+SRC0021+SRC0022+SRC0023+SRC0024+SRC0025+SRC0026+SRC0027+SRC0029+SRC0030+SRC0031	true	false
23	12	MACK	80	named_cast	named_cast_top300|character_registry	SRC0001+SRC0002+SRC0003+SRC0004+SRC0005+SRC0006+SRC0007+SRC0008+SRC0009+SRC0010+SRC0011+SRC0012+SRC0013+SRC0014+SRC0015+SRC0016+SRC0017+SRC0018+SRC0019+SRC0020+SRC0021+SRC0022+SRC0023+SRC0024+SRC0025+SRC0026+SRC0027+SRC0029+SRC0030+SRC0031	true	false
23	13	MAJISKII	80	named_cast	named_cast_top300|character_registry	SRC0001+SRC0002+SRC0003+SRC0004+SRC0005+SRC0006+SRC0007+SRC0008+SRC0009+SRC0010+SRC0011+SRC0012+SRC0013+SRC0014+SRC0015+SRC0016+SRC0017+SRC0018+SRC0019+SRC0020+SRC0021+SRC0022+SRC0023+SRC0024+SRC0025+SRC0026+SRC0027+SRC0029+SRC0030+SRC0031	true	false
23	14	ROLZEN	80	named_cast	named_cast_top300|character_registry	SRC0001+SRC0002+SRC0003+SRC0004+SRC0005+SRC0006+SRC0007+SRC0008+SRC0009+SRC0010+SRC0011+SRC0012+SRC0013+SRC0014+SRC0015+SRC0016+SRC0017+SRC0018+SRC0019+SRC0020+SRC0021+SRC0022+SRC0023+SRC0024+SRC0025+SRC0026+SRC0027+SRC0029+SRC0030+SRC0031	true	false
23	15	URSULA	80	named_cast	named_cast_top300|character_registry	SRC0001+SRC0002+SRC0003+SRC0004+SRC0005+SRC0006+SRC0007+SRC0008+SRC0009+SRC0010+SRC0011+SRC0012+SRC0013+SRC0014+SRC0015+SRC0016+SRC0017+SRC0018+SRC0019+SRC0020+SRC0021+SRC0022+SRC0023+SRC0024+SRC0025+SRC0026+SRC0027+SRC0029+SRC0030+SRC0031	true	false
23	16	RYLOS / BOOJAY	72	named_cast	named_cast_top300	SRC0001+SRC0002+SRC0003+SRC0004+SRC0005+SRC0006+SRC0007+SRC0008+SRC0009+SRC0010+SRC0011+SRC0012+SRC0013+SRC0014+SRC0015+SRC0016+SRC0017+SRC0018+SRC0019+SRC0020+SRC0021+SRC0022+SRC0023+SRC0024+SRC0025+SRC0026+SRC0027+SRC0029+SRC0030+SRC0031	true	false
23	17	pre_pip_role	72	named_cast	named_cast_top300	SRC0001+SRC0002+SRC0003+SRC0004+SRC0005+SRC0006+SRC0007+SRC0008+SRC0009+SRC0010+SRC0011+SRC0012+SRC0013+SRC0014+SRC0015+SRC0016+SRC0017+SRC0018+SRC0019+SRC0020+SRC0021+SRC0022+SRC0023+SRC0024+SRC0025+SRC0026+SRC0027+SRC0029+SRC0030+SRC0031	true	false
23	18	rylos_arc	72	named_cast	named_cast_top300	SRC0001+SRC0002+SRC0003+SRC0004+SRC0005+SRC0006+SRC0007+SRC0008+SRC0009+SRC0010+SRC0011+SRC0012+SRC0013+SRC0014+SRC0015+SRC0016+SRC0017+SRC0018+SRC0019+SRC0020+SRC0021+SRC0022+SRC0023+SRC0024+SRC0025+SRC0026+SRC0027+SRC0029+SRC0030+SRC0031	true	false
23	19	rylos_pip_law	72	named_cast	named_cast_top300	SRC0001+SRC0002+SRC0003+SRC0004+SRC0005+SRC0006+SRC0007+SRC0008+SRC0009+SRC0010+SRC0011+SRC0012+SRC0013+SRC0014+SRC0015+SRC0016+SRC0017+SRC0018+SRC0019+SRC0020+SRC0021+SRC0022+SRC0023+SRC0024+SRC0025+SRC0026+SRC0027+SRC0029+SRC0030+SRC0031	true	false
23	20	Rylos	68	registry	character_registry	SRC0001+SRC0002+SRC0003+SRC0004+SRC0005+SRC0006+SRC0008+SRC0009+SRC0010+SRC0011+SRC0012+SRC0013+SRC0014+SRC0015+SRC0016+SRC0017+SRC0018+SRC0019+SRC0020+SRC0021+SRC0022+SRC0023+SRC0024+SRC0030+SRC0031	true	false
23	21	Boojay	63	reviewed	character_generation_review		true	false
23	22	arc	51	named_cast	named_cast_top300	SRC0001+SRC0002+SRC0003+SRC0004+SRC0005+SRC0006+SRC0007+SRC0008+SRC0009+SRC0010+SRC0011+SRC0012+SRC0013+SRC0014+SRC0015+SRC0016+SRC0017+SRC0018+SRC0019+SRC0020+SRC0021+SRC0022+SRC0023+SRC0024+SRC0025+SRC0026+SRC0027+SRC0029+SRC0030+SRC0031	false	false
23	23	book_24	39	named_cast	named_cast_top300	SRC0001+SRC0002+SRC0003+SRC0004+SRC0005+SRC0006+SRC0007+SRC0008+SRC0009+SRC0010+SRC0011+SRC0012+SRC0013+SRC0014+SRC0015+SRC0016+SRC0017+SRC0018+SRC0019+SRC0020+SRC0021+SRC0022+SRC0023+SRC0024+SRC0025+SRC0026+SRC0027+SRC0029+SRC0030+SRC0031	false	false
23	24	faction	39	named_cast	named_cast_top300	SRC0001+SRC0002+SRC0003+SRC0004+SRC0005+SRC0006+SRC0007+SRC0008+SRC0009+SRC0010+SRC0011+SRC0012+SRC0013+SRC0014+SRC0015+SRC0016+SRC0017+SRC0018+SRC0019+SRC0020+SRC0021+SRC0022+SRC0023+SRC0024+SRC0025+SRC0026+SRC0027+SRC0029+SRC0030+SRC0031	false	false
24	1	Neith	290	active_cast	placement_by_book|named_cast_top300|character_registry	SRC0001+SRC0002+SRC0003+SRC0008+SRC0014+SRC0015+SRC0016+SRC0017+SRC0023+SRC0024	true	false
24	2	Pip	290	active_cast	placement_by_book|named_cast_top300|character_registry	SRC0001+SRC0002+SRC0003+SRC0008+SRC0014+SRC0015+SRC0016+SRC0017+SRC0023+SRC0024	true	false
24	3	Rolzen	290	active_cast	placement_by_book|named_cast_top300|character_registry	SRC0001+SRC0002+SRC0003+SRC0008+SRC0014+SRC0015+SRC0016+SRC0017+SRC0023+SRC0024	true	false
24	4	Xethrolund	290	active_cast	placement_by_book|named_cast_top300|character_registry	SRC0001+SRC0002+SRC0003+SRC0008+SRC0014+SRC0015+SRC0016+SRC0017+SRC0023+SRC0024	true	false
24	5	Daisy May	220	active_cast	placement_by_book|named_cast_top300|character_registry	SRC0001+SRC0002+SRC0003+SRC0008+SRC0014+SRC0015+SRC0016+SRC0017+SRC0023+SRC0024	true	false
24	6	Dervish	220	active_cast	placement_by_book|named_cast_top300|character_registry	SRC0001+SRC0002+SRC0003+SRC0008+SRC0014+SRC0015+SRC0016+SRC0017+SRC0023+SRC0024	true	false
24	7	Mack	220	active_cast	placement_by_book|named_cast_top300|character_registry	SRC0001+SRC0002+SRC0003+SRC0008+SRC0014+SRC0015+SRC0016+SRC0017+SRC0023+SRC0024	true	false
24	8	Majiskii	220	active_cast	placement_by_book|named_cast_top300|character_registry	SRC0001+SRC0002+SRC0003+SRC0008+SRC0014+SRC0015+SRC0016+SRC0017+SRC0023+SRC0024	true	false
24	9	Ursula	220	active_cast	placement_by_book|named_cast_top300|character_registry	SRC0001+SRC0002+SRC0003+SRC0008+SRC0014+SRC0015+SRC0016+SRC0017+SRC0023+SRC0024	true	false
24	10	Rylos Vayne Johnson / Boojay	200	active_cast	placement_by_book	SRC0001+SRC0002+SRC0003+SRC0008+SRC0014+SRC0015+SRC0016+SRC0017+SRC0018+SRC0019+SRC0023+SRC0024	true	false
24	11	canonical_id	171	named_cast	named_cast_top300	SRC0001+SRC0002+SRC0003+SRC0004+SRC0005+SRC0006+SRC0007+SRC0008+SRC0009+SRC0010+SRC0011+SRC0012+SRC0013+SRC0014+SRC0015+SRC0016+SRC0017+SRC0018+SRC0019+SRC0020+SRC0021+SRC0022+SRC0023+SRC0024+SRC0025+SRC0026+SRC0027+SRC0029+SRC0030+SRC0031	false	false
24	12	role	123	named_cast	named_cast_top300	SRC0001+SRC0002+SRC0003+SRC0004+SRC0005+SRC0006+SRC0007+SRC0008+SRC0009+SRC0010+SRC0011+SRC0012+SRC0013+SRC0014+SRC0015+SRC0016+SRC0017+SRC0018+SRC0019+SRC0020+SRC0021+SRC0022+SRC0023+SRC0024+SRC0025+SRC0026+SRC0027+SRC0029+SRC0030+SRC0031	false	false
24	13	source_stack	123	named_cast	named_cast_top300	SRC0001+SRC0002+SRC0003+SRC0004+SRC0005+SRC0006+SRC0007+SRC0008+SRC0009+SRC0010+SRC0011+SRC0012+SRC0013+SRC0014+SRC0015+SRC0016+SRC0017+SRC0018+SRC0019+SRC0020+SRC0021+SRC0022+SRC0023+SRC0024+SRC0025+SRC0026+SRC0027+SRC0029+SRC0030+SRC0031	false	false
24	14	first_appears	99	named_cast	named_cast_top300	SRC0001+SRC0002+SRC0003+SRC0004+SRC0005+SRC0006+SRC0007+SRC0008+SRC0009+SRC0010+SRC0011+SRC0012+SRC0013+SRC0014+SRC0015+SRC0016+SRC0017+SRC0018+SRC0019+SRC0020+SRC0021+SRC0022+SRC0023+SRC0024+SRC0025+SRC0026+SRC0027+SRC0029+SRC0030+SRC0031	false	false
24	15	book_25	87	named_cast	named_cast_top300	SRC0001+SRC0002+SRC0003+SRC0004+SRC0005+SRC0006+SRC0007+SRC0008+SRC0009+SRC0010+SRC0011+SRC0012+SRC0013+SRC0014+SRC0015+SRC0016+SRC0017+SRC0018+SRC0019+SRC0020+SRC0021+SRC0022+SRC0023+SRC0024+SRC0025+SRC0026+SRC0027+SRC0029+SRC0030+SRC0031	false	false
24	16	RYLOS / BOOJAY	72	named_cast	named_cast_top300	SRC0001+SRC0002+SRC0003+SRC0004+SRC0005+SRC0006+SRC0007+SRC0008+SRC0009+SRC0010+SRC0011+SRC0012+SRC0013+SRC0014+SRC0015+SRC0016+SRC0017+SRC0018+SRC0019+SRC0020+SRC0021+SRC0022+SRC0023+SRC0024+SRC0025+SRC0026+SRC0027+SRC0029+SRC0030+SRC0031	true	false
24	17	pre_pip_role	72	named_cast	named_cast_top300	SRC0001+SRC0002+SRC0003+SRC0004+SRC0005+SRC0006+SRC0007+SRC0008+SRC0009+SRC0010+SRC0011+SRC0012+SRC0013+SRC0014+SRC0015+SRC0016+SRC0017+SRC0018+SRC0019+SRC0020+SRC0021+SRC0022+SRC0023+SRC0024+SRC0025+SRC0026+SRC0027+SRC0029+SRC0030+SRC0031	true	false
24	18	rylos_arc	72	named_cast	named_cast_top300	SRC0001+SRC0002+SRC0003+SRC0004+SRC0005+SRC0006+SRC0007+SRC0008+SRC0009+SRC0010+SRC0011+SRC0012+SRC0013+SRC0014+SRC0015+SRC0016+SRC0017+SRC0018+SRC0019+SRC0020+SRC0021+SRC0022+SRC0023+SRC0024+SRC0025+SRC0026+SRC0027+SRC0029+SRC0030+SRC0031	true	false
24	19	rylos_pip_law	72	named_cast	named_cast_top300	SRC0001+SRC0002+SRC0003+SRC0004+SRC0005+SRC0006+SRC0007+SRC0008+SRC0009+SRC0010+SRC0011+SRC0012+SRC0013+SRC0014+SRC0015+SRC0016+SRC0017+SRC0018+SRC0019+SRC0020+SRC0021+SRC0022+SRC0023+SRC0024+SRC0025+SRC0026+SRC0027+SRC0029+SRC0030+SRC0031	true	false
24	20	Rylos	68	registry	character_registry	SRC0001+SRC0002+SRC0003+SRC0004+SRC0005+SRC0006+SRC0008+SRC0009+SRC0010+SRC0011+SRC0012+SRC0013+SRC0014+SRC0015+SRC0016+SRC0017+SRC0018+SRC0019+SRC0020+SRC0021+SRC0022+SRC0023+SRC0024+SRC0030+SRC0031	true	false
24	21	Boojay	63	reviewed	character_generation_review		true	false
24	22	arc	51	named_cast	named_cast_top300	SRC0001+SRC0002+SRC0003+SRC0004+SRC0005+SRC0006+SRC0007+SRC0008+SRC0009+SRC0010+SRC0011+SRC0012+SRC0013+SRC0014+SRC0015+SRC0016+SRC0017+SRC0018+SRC0019+SRC0020+SRC0021+SRC0022+SRC0023+SRC0024+SRC0025+SRC0026+SRC0027+SRC0029+SRC0030+SRC0031	false	false
24	23	book_24	39	named_cast	named_cast_top300	SRC0001+SRC0002+SRC0003+SRC0004+SRC0005+SRC0006+SRC0007+SRC0008+SRC0009+SRC0010+SRC0011+SRC0012+SRC0013+SRC0014+SRC0015+SRC0016+SRC0017+SRC0018+SRC0019+SRC0020+SRC0021+SRC0022+SRC0023+SRC0024+SRC0025+SRC0026+SRC0027+SRC0029+SRC0030+SRC0031	false	false
24	24	faction	39	named_cast	named_cast_top300	SRC0001+SRC0002+SRC0003+SRC0004+SRC0005+SRC0006+SRC0007+SRC0008+SRC0009+SRC0010+SRC0011+SRC0012+SRC0013+SRC0014+SRC0015+SRC0016+SRC0017+SRC0018+SRC0019+SRC0020+SRC0021+SRC0022+SRC0023+SRC0024+SRC0025+SRC0026+SRC0027+SRC0029+SRC0030+SRC0031	false	false
25	1	canonical_id	171	named_cast	named_cast_top300	SRC0001+SRC0002+SRC0003+SRC0004+SRC0005+SRC0006+SRC0007+SRC0008+SRC0009+SRC0010+SRC0011+SRC0012+SRC0013+SRC0014+SRC0015+SRC0016+SRC0017+SRC0018+SRC0019+SRC0020+SRC0021+SRC0022+SRC0023+SRC0024+SRC0025+SRC0026+SRC0027+SRC0029+SRC0030+SRC0031	false	false
25	2	All core cast. Every named character who survived	140	active_cast	placement_by_book		false	false
25	3	role	123	named_cast	named_cast_top300	SRC0001+SRC0002+SRC0003+SRC0004+SRC0005+SRC0006+SRC0007+SRC0008+SRC0009+SRC0010+SRC0011+SRC0012+SRC0013+SRC0014+SRC0015+SRC0016+SRC0017+SRC0018+SRC0019+SRC0020+SRC0021+SRC0022+SRC0023+SRC0024+SRC0025+SRC0026+SRC0027+SRC0029+SRC0030+SRC0031	false	false
25	4	source_stack	123	named_cast	named_cast_top300	SRC0001+SRC0002+SRC0003+SRC0004+SRC0005+SRC0006+SRC0007+SRC0008+SRC0009+SRC0010+SRC0011+SRC0012+SRC0013+SRC0014+SRC0015+SRC0016+SRC0017+SRC0018+SRC0019+SRC0020+SRC0021+SRC0022+SRC0023+SRC0024+SRC0025+SRC0026+SRC0027+SRC0029+SRC0030+SRC0031	false	false
25	5	first_appears	99	named_cast	named_cast_top300	SRC0001+SRC0002+SRC0003+SRC0004+SRC0005+SRC0006+SRC0007+SRC0008+SRC0009+SRC0010+SRC0011+SRC0012+SRC0013+SRC0014+SRC0015+SRC0016+SRC0017+SRC0018+SRC0019+SRC0020+SRC0021+SRC0022+SRC0023+SRC0024+SRC0025+SRC0026+SRC0027+SRC0029+SRC0030+SRC0031	false	false
25	6	book_25	87	named_cast	named_cast_top300	SRC0001+SRC0002+SRC0003+SRC0004+SRC0005+SRC0006+SRC0007+SRC0008+SRC0009+SRC0010+SRC0011+SRC0012+SRC0013+SRC0014+SRC0015+SRC0016+SRC0017+SRC0018+SRC0019+SRC0020+SRC0021+SRC0022+SRC0023+SRC0024+SRC0025+SRC0026+SRC0027+SRC0029+SRC0030+SRC0031	false	false
25	7	DAISY MAY	80	named_cast	named_cast_top300|character_registry	SRC0001+SRC0002+SRC0003+SRC0004+SRC0005+SRC0006+SRC0007+SRC0008+SRC0009+SRC0010+SRC0011+SRC0012+SRC0013+SRC0014+SRC0015+SRC0016+SRC0017+SRC0018+SRC0019+SRC0020+SRC0021+SRC0022+SRC0023+SRC0024+SRC0025+SRC0026+SRC0027+SRC0029+SRC0030+SRC0031	true	false
25	8	DERVISH	80	named_cast	named_cast_top300|character_registry	SRC0001+SRC0002+SRC0003+SRC0004+SRC0005+SRC0006+SRC0007+SRC0008+SRC0009+SRC0010+SRC0011+SRC0012+SRC0013+SRC0014+SRC0015+SRC0016+SRC0017+SRC0018+SRC0019+SRC0020+SRC0021+SRC0022+SRC0023+SRC0024+SRC0025+SRC0026+SRC0027+SRC0029+SRC0030+SRC0031	true	false
25	9	MACK	80	named_cast	named_cast_top300|character_registry	SRC0001+SRC0002+SRC0003+SRC0004+SRC0005+SRC0006+SRC0007+SRC0008+SRC0009+SRC0010+SRC0011+SRC0012+SRC0013+SRC0014+SRC0015+SRC0016+SRC0017+SRC0018+SRC0019+SRC0020+SRC0021+SRC0022+SRC0023+SRC0024+SRC0025+SRC0026+SRC0027+SRC0029+SRC0030+SRC0031	true	false
25	10	MAJISKII	80	named_cast	named_cast_top300|character_registry	SRC0001+SRC0002+SRC0003+SRC0004+SRC0005+SRC0006+SRC0007+SRC0008+SRC0009+SRC0010+SRC0011+SRC0012+SRC0013+SRC0014+SRC0015+SRC0016+SRC0017+SRC0018+SRC0019+SRC0020+SRC0021+SRC0022+SRC0023+SRC0024+SRC0025+SRC0026+SRC0027+SRC0029+SRC0030+SRC0031	true	false
25	11	NEITH	80	named_cast	named_cast_top300|character_registry	SRC0001+SRC0002+SRC0003+SRC0004+SRC0005+SRC0006+SRC0007+SRC0008+SRC0009+SRC0010+SRC0011+SRC0012+SRC0013+SRC0014+SRC0015+SRC0016+SRC0017+SRC0018+SRC0019+SRC0020+SRC0021+SRC0022+SRC0023+SRC0024+SRC0025+SRC0026+SRC0027+SRC0029+SRC0030+SRC0031	true	false
25	12	PIP	80	named_cast	named_cast_top300|character_registry	SRC0001+SRC0002+SRC0003+SRC0004+SRC0005+SRC0006+SRC0007+SRC0008+SRC0009+SRC0010+SRC0011+SRC0012+SRC0013+SRC0014+SRC0015+SRC0016+SRC0017+SRC0018+SRC0019+SRC0020+SRC0021+SRC0022+SRC0023+SRC0024+SRC0025+SRC0026+SRC0027+SRC0029+SRC0030+SRC0031	true	false
25	13	ROLZEN	80	named_cast	named_cast_top300|character_registry	SRC0001+SRC0002+SRC0003+SRC0004+SRC0005+SRC0006+SRC0007+SRC0008+SRC0009+SRC0010+SRC0011+SRC0012+SRC0013+SRC0014+SRC0015+SRC0016+SRC0017+SRC0018+SRC0019+SRC0020+SRC0021+SRC0022+SRC0023+SRC0024+SRC0025+SRC0026+SRC0027+SRC0029+SRC0030+SRC0031	true	false
25	14	URSULA	80	named_cast	named_cast_top300|character_registry	SRC0001+SRC0002+SRC0003+SRC0004+SRC0005+SRC0006+SRC0007+SRC0008+SRC0009+SRC0010+SRC0011+SRC0012+SRC0013+SRC0014+SRC0015+SRC0016+SRC0017+SRC0018+SRC0019+SRC0020+SRC0021+SRC0022+SRC0023+SRC0024+SRC0025+SRC0026+SRC0027+SRC0029+SRC0030+SRC0031	true	false
25	15	XETHROLUND	80	named_cast	named_cast_top300|character_registry	SRC0001+SRC0002+SRC0003+SRC0004+SRC0005+SRC0006+SRC0007+SRC0008+SRC0009+SRC0010+SRC0011+SRC0012+SRC0013+SRC0014+SRC0015+SRC0016+SRC0017+SRC0018+SRC0019+SRC0020+SRC0021+SRC0022+SRC0023+SRC0024+SRC0025+SRC0026+SRC0027+SRC0029+SRC0030+SRC0031	true	false
25	16	RYLOS / BOOJAY	72	named_cast	named_cast_top300	SRC0001+SRC0002+SRC0003+SRC0004+SRC0005+SRC0006+SRC0007+SRC0008+SRC0009+SRC0010+SRC0011+SRC0012+SRC0013+SRC0014+SRC0015+SRC0016+SRC0017+SRC0018+SRC0019+SRC0020+SRC0021+SRC0022+SRC0023+SRC0024+SRC0025+SRC0026+SRC0027+SRC0029+SRC0030+SRC0031	true	false
25	17	pre_pip_role	72	named_cast	named_cast_top300	SRC0001+SRC0002+SRC0003+SRC0004+SRC0005+SRC0006+SRC0007+SRC0008+SRC0009+SRC0010+SRC0011+SRC0012+SRC0013+SRC0014+SRC0015+SRC0016+SRC0017+SRC0018+SRC0019+SRC0020+SRC0021+SRC0022+SRC0023+SRC0024+SRC0025+SRC0026+SRC0027+SRC0029+SRC0030+SRC0031	true	false
25	18	rylos_arc	72	named_cast	named_cast_top300	SRC0001+SRC0002+SRC0003+SRC0004+SRC0005+SRC0006+SRC0007+SRC0008+SRC0009+SRC0010+SRC0011+SRC0012+SRC0013+SRC0014+SRC0015+SRC0016+SRC0017+SRC0018+SRC0019+SRC0020+SRC0021+SRC0022+SRC0023+SRC0024+SRC0025+SRC0026+SRC0027+SRC0029+SRC0030+SRC0031	true	false
25	19	rylos_pip_law	72	named_cast	named_cast_top300	SRC0001+SRC0002+SRC0003+SRC0004+SRC0005+SRC0006+SRC0007+SRC0008+SRC0009+SRC0010+SRC0011+SRC0012+SRC0013+SRC0014+SRC0015+SRC0016+SRC0017+SRC0018+SRC0019+SRC0020+SRC0021+SRC0022+SRC0023+SRC0024+SRC0025+SRC0026+SRC0027+SRC0029+SRC0030+SRC0031	true	false
25	20	Rylos	68	registry	character_registry	SRC0001+SRC0002+SRC0003+SRC0004+SRC0005+SRC0006+SRC0008+SRC0009+SRC0010+SRC0011+SRC0012+SRC0013+SRC0014+SRC0015+SRC0016+SRC0017+SRC0018+SRC0019+SRC0020+SRC0021+SRC0022+SRC0023+SRC0024+SRC0030+SRC0031	true	false
25	21	Boojay	63	reviewed	character_generation_review		true	false
25	22	arc	51	named_cast	named_cast_top300	SRC0001+SRC0002+SRC0003+SRC0004+SRC0005+SRC0006+SRC0007+SRC0008+SRC0009+SRC0010+SRC0011+SRC0012+SRC0013+SRC0014+SRC0015+SRC0016+SRC0017+SRC0018+SRC0019+SRC0020+SRC0021+SRC0022+SRC0023+SRC0024+SRC0025+SRC0026+SRC0027+SRC0029+SRC0030+SRC0031	false	false
25	23	book_24	39	named_cast	named_cast_top300	SRC0001+SRC0002+SRC0003+SRC0004+SRC0005+SRC0006+SRC0007+SRC0008+SRC0009+SRC0010+SRC0011+SRC0012+SRC0013+SRC0014+SRC0015+SRC0016+SRC0017+SRC0018+SRC0019+SRC0020+SRC0021+SRC0022+SRC0023+SRC0024+SRC0025+SRC0026+SRC0027+SRC0029+SRC0030+SRC0031	false	false
25	24	faction	39	named_cast	named_cast_top300	SRC0001+SRC0002+SRC0003+SRC0004+SRC0005+SRC0006+SRC0007+SRC0008+SRC0009+SRC0010+SRC0011+SRC0012+SRC0013+SRC0014+SRC0015+SRC0016+SRC0017+SRC0018+SRC0019+SRC0020+SRC0021+SRC0022+SRC0023+SRC0024+SRC0025+SRC0026+SRC0027+SRC0029+SRC0030+SRC0031	false	false
26	1	canonical_id	171	named_cast	named_cast_top300	SRC0001+SRC0002+SRC0003+SRC0004+SRC0005+SRC0006+SRC0007+SRC0008+SRC0009+SRC0010+SRC0011+SRC0012+SRC0013+SRC0014+SRC0015+SRC0016+SRC0017+SRC0018+SRC0019+SRC0020+SRC0021+SRC0022+SRC0023+SRC0024+SRC0025+SRC0026+SRC0027+SRC0029+SRC0030+SRC0031	false	false
26	2	role	123	named_cast	named_cast_top300	SRC0001+SRC0002+SRC0003+SRC0004+SRC0005+SRC0006+SRC0007+SRC0008+SRC0009+SRC0010+SRC0011+SRC0012+SRC0013+SRC0014+SRC0015+SRC0016+SRC0017+SRC0018+SRC0019+SRC0020+SRC0021+SRC0022+SRC0023+SRC0024+SRC0025+SRC0026+SRC0027+SRC0029+SRC0030+SRC0031	false	false
26	3	source_stack	123	named_cast	named_cast_top300	SRC0001+SRC0002+SRC0003+SRC0004+SRC0005+SRC0006+SRC0007+SRC0008+SRC0009+SRC0010+SRC0011+SRC0012+SRC0013+SRC0014+SRC0015+SRC0016+SRC0017+SRC0018+SRC0019+SRC0020+SRC0021+SRC0022+SRC0023+SRC0024+SRC0025+SRC0026+SRC0027+SRC0029+SRC0030+SRC0031	false	false
26	4	first_appears	99	named_cast	named_cast_top300	SRC0001+SRC0002+SRC0003+SRC0004+SRC0005+SRC0006+SRC0007+SRC0008+SRC0009+SRC0010+SRC0011+SRC0012+SRC0013+SRC0014+SRC0015+SRC0016+SRC0017+SRC0018+SRC0019+SRC0020+SRC0021+SRC0022+SRC0023+SRC0024+SRC0025+SRC0026+SRC0027+SRC0029+SRC0030+SRC0031	false	false
26	5	book_25	87	named_cast	named_cast_top300	SRC0001+SRC0002+SRC0003+SRC0004+SRC0005+SRC0006+SRC0007+SRC0008+SRC0009+SRC0010+SRC0011+SRC0012+SRC0013+SRC0014+SRC0015+SRC0016+SRC0017+SRC0018+SRC0019+SRC0020+SRC0021+SRC0022+SRC0023+SRC0024+SRC0025+SRC0026+SRC0027+SRC0029+SRC0030+SRC0031	false	false
26	6	DAISY MAY	80	named_cast	named_cast_top300|character_registry	SRC0001+SRC0002+SRC0003+SRC0004+SRC0005+SRC0006+SRC0007+SRC0008+SRC0009+SRC0010+SRC0011+SRC0012+SRC0013+SRC0014+SRC0015+SRC0016+SRC0017+SRC0018+SRC0019+SRC0020+SRC0021+SRC0022+SRC0023+SRC0024+SRC0025+SRC0026+SRC0027+SRC0029+SRC0030+SRC0031	true	false
26	7	DERVISH	80	named_cast	named_cast_top300|character_registry	SRC0001+SRC0002+SRC0003+SRC0004+SRC0005+SRC0006+SRC0007+SRC0008+SRC0009+SRC0010+SRC0011+SRC0012+SRC0013+SRC0014+SRC0015+SRC0016+SRC0017+SRC0018+SRC0019+SRC0020+SRC0021+SRC0022+SRC0023+SRC0024+SRC0025+SRC0026+SRC0027+SRC0029+SRC0030+SRC0031	true	false
26	8	MACK	80	named_cast	named_cast_top300|character_registry	SRC0001+SRC0002+SRC0003+SRC0004+SRC0005+SRC0006+SRC0007+SRC0008+SRC0009+SRC0010+SRC0011+SRC0012+SRC0013+SRC0014+SRC0015+SRC0016+SRC0017+SRC0018+SRC0019+SRC0020+SRC0021+SRC0022+SRC0023+SRC0024+SRC0025+SRC0026+SRC0027+SRC0029+SRC0030+SRC0031	true	false
26	9	MAJISKII	80	named_cast	named_cast_top300|character_registry	SRC0001+SRC0002+SRC0003+SRC0004+SRC0005+SRC0006+SRC0007+SRC0008+SRC0009+SRC0010+SRC0011+SRC0012+SRC0013+SRC0014+SRC0015+SRC0016+SRC0017+SRC0018+SRC0019+SRC0020+SRC0021+SRC0022+SRC0023+SRC0024+SRC0025+SRC0026+SRC0027+SRC0029+SRC0030+SRC0031	true	false
26	10	NEITH	80	named_cast	named_cast_top300|character_registry	SRC0001+SRC0002+SRC0003+SRC0004+SRC0005+SRC0006+SRC0007+SRC0008+SRC0009+SRC0010+SRC0011+SRC0012+SRC0013+SRC0014+SRC0015+SRC0016+SRC0017+SRC0018+SRC0019+SRC0020+SRC0021+SRC0022+SRC0023+SRC0024+SRC0025+SRC0026+SRC0027+SRC0029+SRC0030+SRC0031	true	false
26	11	PIP	80	named_cast	named_cast_top300|character_registry	SRC0001+SRC0002+SRC0003+SRC0004+SRC0005+SRC0006+SRC0007+SRC0008+SRC0009+SRC0010+SRC0011+SRC0012+SRC0013+SRC0014+SRC0015+SRC0016+SRC0017+SRC0018+SRC0019+SRC0020+SRC0021+SRC0022+SRC0023+SRC0024+SRC0025+SRC0026+SRC0027+SRC0029+SRC0030+SRC0031	true	false
26	12	ROLZEN	80	named_cast	named_cast_top300|character_registry	SRC0001+SRC0002+SRC0003+SRC0004+SRC0005+SRC0006+SRC0007+SRC0008+SRC0009+SRC0010+SRC0011+SRC0012+SRC0013+SRC0014+SRC0015+SRC0016+SRC0017+SRC0018+SRC0019+SRC0020+SRC0021+SRC0022+SRC0023+SRC0024+SRC0025+SRC0026+SRC0027+SRC0029+SRC0030+SRC0031	true	false
26	13	URSULA	80	named_cast	named_cast_top300|character_registry	SRC0001+SRC0002+SRC0003+SRC0004+SRC0005+SRC0006+SRC0007+SRC0008+SRC0009+SRC0010+SRC0011+SRC0012+SRC0013+SRC0014+SRC0015+SRC0016+SRC0017+SRC0018+SRC0019+SRC0020+SRC0021+SRC0022+SRC0023+SRC0024+SRC0025+SRC0026+SRC0027+SRC0029+SRC0030+SRC0031	true	false
26	14	XETHROLUND	80	named_cast	named_cast_top300|character_registry	SRC0001+SRC0002+SRC0003+SRC0004+SRC0005+SRC0006+SRC0007+SRC0008+SRC0009+SRC0010+SRC0011+SRC0012+SRC0013+SRC0014+SRC0015+SRC0016+SRC0017+SRC0018+SRC0019+SRC0020+SRC0021+SRC0022+SRC0023+SRC0024+SRC0025+SRC0026+SRC0027+SRC0029+SRC0030+SRC0031	true	false
26	15	RYLOS / BOOJAY	72	named_cast	named_cast_top300	SRC0001+SRC0002+SRC0003+SRC0004+SRC0005+SRC0006+SRC0007+SRC0008+SRC0009+SRC0010+SRC0011+SRC0012+SRC0013+SRC0014+SRC0015+SRC0016+SRC0017+SRC0018+SRC0019+SRC0020+SRC0021+SRC0022+SRC0023+SRC0024+SRC0025+SRC0026+SRC0027+SRC0029+SRC0030+SRC0031	true	false
26	16	pre_pip_role	72	named_cast	named_cast_top300	SRC0001+SRC0002+SRC0003+SRC0004+SRC0005+SRC0006+SRC0007+SRC0008+SRC0009+SRC0010+SRC0011+SRC0012+SRC0013+SRC0014+SRC0015+SRC0016+SRC0017+SRC0018+SRC0019+SRC0020+SRC0021+SRC0022+SRC0023+SRC0024+SRC0025+SRC0026+SRC0027+SRC0029+SRC0030+SRC0031	true	false
26	17	rylos_arc	72	named_cast	named_cast_top300	SRC0001+SRC0002+SRC0003+SRC0004+SRC0005+SRC0006+SRC0007+SRC0008+SRC0009+SRC0010+SRC0011+SRC0012+SRC0013+SRC0014+SRC0015+SRC0016+SRC0017+SRC0018+SRC0019+SRC0020+SRC0021+SRC0022+SRC0023+SRC0024+SRC0025+SRC0026+SRC0027+SRC0029+SRC0030+SRC0031	true	false
26	18	rylos_pip_law	72	named_cast	named_cast_top300	SRC0001+SRC0002+SRC0003+SRC0004+SRC0005+SRC0006+SRC0007+SRC0008+SRC0009+SRC0010+SRC0011+SRC0012+SRC0013+SRC0014+SRC0015+SRC0016+SRC0017+SRC0018+SRC0019+SRC0020+SRC0021+SRC0022+SRC0023+SRC0024+SRC0025+SRC0026+SRC0027+SRC0029+SRC0030+SRC0031	true	false
26	19	Rylos	68	registry	character_registry	SRC0001+SRC0002+SRC0003+SRC0004+SRC0005+SRC0006+SRC0008+SRC0009+SRC0010+SRC0011+SRC0012+SRC0013+SRC0014+SRC0015+SRC0016+SRC0017+SRC0018+SRC0019+SRC0020+SRC0021+SRC0022+SRC0023+SRC0024+SRC0030+SRC0031	true	false
26	20	Boojay	63	reviewed	character_generation_review		true	false
26	21	arc	51	named_cast	named_cast_top300	SRC0001+SRC0002+SRC0003+SRC0004+SRC0005+SRC0006+SRC0007+SRC0008+SRC0009+SRC0010+SRC0011+SRC0012+SRC0013+SRC0014+SRC0015+SRC0016+SRC0017+SRC0018+SRC0019+SRC0020+SRC0021+SRC0022+SRC0023+SRC0024+SRC0025+SRC0026+SRC0027+SRC0029+SRC0030+SRC0031	false	false
26	22	book_24	39	named_cast	named_cast_top300	SRC0001+SRC0002+SRC0003+SRC0004+SRC0005+SRC0006+SRC0007+SRC0008+SRC0009+SRC0010+SRC0011+SRC0012+SRC0013+SRC0014+SRC0015+SRC0016+SRC0017+SRC0018+SRC0019+SRC0020+SRC0021+SRC0022+SRC0023+SRC0024+SRC0025+SRC0026+SRC0027+SRC0029+SRC0030+SRC0031	false	false
26	23	faction	39	named_cast	named_cast_top300	SRC0001+SRC0002+SRC0003+SRC0004+SRC0005+SRC0006+SRC0007+SRC0008+SRC0009+SRC0010+SRC0011+SRC0012+SRC0013+SRC0014+SRC0015+SRC0016+SRC0017+SRC0018+SRC0019+SRC0020+SRC0021+SRC0022+SRC0023+SRC0024+SRC0025+SRC0026+SRC0027+SRC0029+SRC0030+SRC0031	false	false
26	24	magic	39	named_cast	named_cast_top300	SRC0001+SRC0002+SRC0003+SRC0004+SRC0005+SRC0006+SRC0007+SRC0008+SRC0009+SRC0010+SRC0011+SRC0012+SRC0013+SRC0014+SRC0015+SRC0016+SRC0017+SRC0018+SRC0019+SRC0020+SRC0021+SRC0022+SRC0023+SRC0024+SRC0025+SRC0026+SRC0027+SRC0029+SRC0030+SRC0031	false	false
27	1	canonical_id	171	named_cast	named_cast_top300	SRC0001+SRC0002+SRC0003+SRC0004+SRC0005+SRC0006+SRC0007+SRC0008+SRC0009+SRC0010+SRC0011+SRC0012+SRC0013+SRC0014+SRC0015+SRC0016+SRC0017+SRC0018+SRC0019+SRC0020+SRC0021+SRC0022+SRC0023+SRC0024+SRC0025+SRC0026+SRC0027+SRC0029+SRC0030+SRC0031	false	false
27	2	role	123	named_cast	named_cast_top300	SRC0001+SRC0002+SRC0003+SRC0004+SRC0005+SRC0006+SRC0007+SRC0008+SRC0009+SRC0010+SRC0011+SRC0012+SRC0013+SRC0014+SRC0015+SRC0016+SRC0017+SRC0018+SRC0019+SRC0020+SRC0021+SRC0022+SRC0023+SRC0024+SRC0025+SRC0026+SRC0027+SRC0029+SRC0030+SRC0031	false	false
27	3	source_stack	123	named_cast	named_cast_top300	SRC0001+SRC0002+SRC0003+SRC0004+SRC0005+SRC0006+SRC0007+SRC0008+SRC0009+SRC0010+SRC0011+SRC0012+SRC0013+SRC0014+SRC0015+SRC0016+SRC0017+SRC0018+SRC0019+SRC0020+SRC0021+SRC0022+SRC0023+SRC0024+SRC0025+SRC0026+SRC0027+SRC0029+SRC0030+SRC0031	false	false
27	4	first_appears	99	named_cast	named_cast_top300	SRC0001+SRC0002+SRC0003+SRC0004+SRC0005+SRC0006+SRC0007+SRC0008+SRC0009+SRC0010+SRC0011+SRC0012+SRC0013+SRC0014+SRC0015+SRC0016+SRC0017+SRC0018+SRC0019+SRC0020+SRC0021+SRC0022+SRC0023+SRC0024+SRC0025+SRC0026+SRC0027+SRC0029+SRC0030+SRC0031	false	false
27	5	book_25	87	named_cast	named_cast_top300	SRC0001+SRC0002+SRC0003+SRC0004+SRC0005+SRC0006+SRC0007+SRC0008+SRC0009+SRC0010+SRC0011+SRC0012+SRC0013+SRC0014+SRC0015+SRC0016+SRC0017+SRC0018+SRC0019+SRC0020+SRC0021+SRC0022+SRC0023+SRC0024+SRC0025+SRC0026+SRC0027+SRC0029+SRC0030+SRC0031	false	false
27	6	DAISY MAY	80	named_cast	named_cast_top300|character_registry	SRC0001+SRC0002+SRC0003+SRC0004+SRC0005+SRC0006+SRC0007+SRC0008+SRC0009+SRC0010+SRC0011+SRC0012+SRC0013+SRC0014+SRC0015+SRC0016+SRC0017+SRC0018+SRC0019+SRC0020+SRC0021+SRC0022+SRC0023+SRC0024+SRC0025+SRC0026+SRC0027+SRC0029+SRC0030+SRC0031	true	false
27	7	DERVISH	80	named_cast	named_cast_top300|character_registry	SRC0001+SRC0002+SRC0003+SRC0004+SRC0005+SRC0006+SRC0007+SRC0008+SRC0009+SRC0010+SRC0011+SRC0012+SRC0013+SRC0014+SRC0015+SRC0016+SRC0017+SRC0018+SRC0019+SRC0020+SRC0021+SRC0022+SRC0023+SRC0024+SRC0025+SRC0026+SRC0027+SRC0029+SRC0030+SRC0031	true	false
27	8	MACK	80	named_cast	named_cast_top300|character_registry	SRC0001+SRC0002+SRC0003+SRC0004+SRC0005+SRC0006+SRC0007+SRC0008+SRC0009+SRC0010+SRC0011+SRC0012+SRC0013+SRC0014+SRC0015+SRC0016+SRC0017+SRC0018+SRC0019+SRC0020+SRC0021+SRC0022+SRC0023+SRC0024+SRC0025+SRC0026+SRC0027+SRC0029+SRC0030+SRC0031	true	false
27	9	MAJISKII	80	named_cast	named_cast_top300|character_registry	SRC0001+SRC0002+SRC0003+SRC0004+SRC0005+SRC0006+SRC0007+SRC0008+SRC0009+SRC0010+SRC0011+SRC0012+SRC0013+SRC0014+SRC0015+SRC0016+SRC0017+SRC0018+SRC0019+SRC0020+SRC0021+SRC0022+SRC0023+SRC0024+SRC0025+SRC0026+SRC0027+SRC0029+SRC0030+SRC0031	true	false
27	10	NEITH	80	named_cast	named_cast_top300|character_registry	SRC0001+SRC0002+SRC0003+SRC0004+SRC0005+SRC0006+SRC0007+SRC0008+SRC0009+SRC0010+SRC0011+SRC0012+SRC0013+SRC0014+SRC0015+SRC0016+SRC0017+SRC0018+SRC0019+SRC0020+SRC0021+SRC0022+SRC0023+SRC0024+SRC0025+SRC0026+SRC0027+SRC0029+SRC0030+SRC0031	true	false
27	11	PIP	80	named_cast	named_cast_top300|character_registry	SRC0001+SRC0002+SRC0003+SRC0004+SRC0005+SRC0006+SRC0007+SRC0008+SRC0009+SRC0010+SRC0011+SRC0012+SRC0013+SRC0014+SRC0015+SRC0016+SRC0017+SRC0018+SRC0019+SRC0020+SRC0021+SRC0022+SRC0023+SRC0024+SRC0025+SRC0026+SRC0027+SRC0029+SRC0030+SRC0031	true	false
27	12	ROLZEN	80	named_cast	named_cast_top300|character_registry	SRC0001+SRC0002+SRC0003+SRC0004+SRC0005+SRC0006+SRC0007+SRC0008+SRC0009+SRC0010+SRC0011+SRC0012+SRC0013+SRC0014+SRC0015+SRC0016+SRC0017+SRC0018+SRC0019+SRC0020+SRC0021+SRC0022+SRC0023+SRC0024+SRC0025+SRC0026+SRC0027+SRC0029+SRC0030+SRC0031	true	false
27	13	URSULA	80	named_cast	named_cast_top300|character_registry	SRC0001+SRC0002+SRC0003+SRC0004+SRC0005+SRC0006+SRC0007+SRC0008+SRC0009+SRC0010+SRC0011+SRC0012+SRC0013+SRC0014+SRC0015+SRC0016+SRC0017+SRC0018+SRC0019+SRC0020+SRC0021+SRC0022+SRC0023+SRC0024+SRC0025+SRC0026+SRC0027+SRC0029+SRC0030+SRC0031	true	false
27	14	XETHROLUND	80	named_cast	named_cast_top300|character_registry	SRC0001+SRC0002+SRC0003+SRC0004+SRC0005+SRC0006+SRC0007+SRC0008+SRC0009+SRC0010+SRC0011+SRC0012+SRC0013+SRC0014+SRC0015+SRC0016+SRC0017+SRC0018+SRC0019+SRC0020+SRC0021+SRC0022+SRC0023+SRC0024+SRC0025+SRC0026+SRC0027+SRC0029+SRC0030+SRC0031	true	false
27	15	RYLOS / BOOJAY	72	named_cast	named_cast_top300	SRC0001+SRC0002+SRC0003+SRC0004+SRC0005+SRC0006+SRC0007+SRC0008+SRC0009+SRC0010+SRC0011+SRC0012+SRC0013+SRC0014+SRC0015+SRC0016+SRC0017+SRC0018+SRC0019+SRC0020+SRC0021+SRC0022+SRC0023+SRC0024+SRC0025+SRC0026+SRC0027+SRC0029+SRC0030+SRC0031	true	false
27	16	pre_pip_role	72	named_cast	named_cast_top300	SRC0001+SRC0002+SRC0003+SRC0004+SRC0005+SRC0006+SRC0007+SRC0008+SRC0009+SRC0010+SRC0011+SRC0012+SRC0013+SRC0014+SRC0015+SRC0016+SRC0017+SRC0018+SRC0019+SRC0020+SRC0021+SRC0022+SRC0023+SRC0024+SRC0025+SRC0026+SRC0027+SRC0029+SRC0030+SRC0031	true	false
27	17	rylos_arc	72	named_cast	named_cast_top300	SRC0001+SRC0002+SRC0003+SRC0004+SRC0005+SRC0006+SRC0007+SRC0008+SRC0009+SRC0010+SRC0011+SRC0012+SRC0013+SRC0014+SRC0015+SRC0016+SRC0017+SRC0018+SRC0019+SRC0020+SRC0021+SRC0022+SRC0023+SRC0024+SRC0025+SRC0026+SRC0027+SRC0029+SRC0030+SRC0031	true	false
27	18	rylos_pip_law	72	named_cast	named_cast_top300	SRC0001+SRC0002+SRC0003+SRC0004+SRC0005+SRC0006+SRC0007+SRC0008+SRC0009+SRC0010+SRC0011+SRC0012+SRC0013+SRC0014+SRC0015+SRC0016+SRC0017+SRC0018+SRC0019+SRC0020+SRC0021+SRC0022+SRC0023+SRC0024+SRC0025+SRC0026+SRC0027+SRC0029+SRC0030+SRC0031	true	false
27	19	Rylos	68	registry	character_registry	SRC0001+SRC0002+SRC0003+SRC0004+SRC0005+SRC0006+SRC0008+SRC0009+SRC0010+SRC0011+SRC0012+SRC0013+SRC0014+SRC0015+SRC0016+SRC0017+SRC0018+SRC0019+SRC0020+SRC0021+SRC0022+SRC0023+SRC0024+SRC0030+SRC0031	true	false
27	20	Boojay	63	reviewed	character_generation_review		true	false
27	21	arc	51	named_cast	named_cast_top300	SRC0001+SRC0002+SRC0003+SRC0004+SRC0005+SRC0006+SRC0007+SRC0008+SRC0009+SRC0010+SRC0011+SRC0012+SRC0013+SRC0014+SRC0015+SRC0016+SRC0017+SRC0018+SRC0019+SRC0020+SRC0021+SRC0022+SRC0023+SRC0024+SRC0025+SRC0026+SRC0027+SRC0029+SRC0030+SRC0031	false	false
27	22	book_24	39	named_cast	named_cast_top300	SRC0001+SRC0002+SRC0003+SRC0004+SRC0005+SRC0006+SRC0007+SRC0008+SRC0009+SRC0010+SRC0011+SRC0012+SRC0013+SRC0014+SRC0015+SRC0016+SRC0017+SRC0018+SRC0019+SRC0020+SRC0021+SRC0022+SRC0023+SRC0024+SRC0025+SRC0026+SRC0027+SRC0029+SRC0030+SRC0031	false	false
27	23	faction	39	named_cast	named_cast_top300	SRC0001+SRC0002+SRC0003+SRC0004+SRC0005+SRC0006+SRC0007+SRC0008+SRC0009+SRC0010+SRC0011+SRC0012+SRC0013+SRC0014+SRC0015+SRC0016+SRC0017+SRC0018+SRC0019+SRC0020+SRC0021+SRC0022+SRC0023+SRC0024+SRC0025+SRC0026+SRC0027+SRC0029+SRC0030+SRC0031	false	false
27	24	magic	39	named_cast	named_cast_top300	SRC0001+SRC0002+SRC0003+SRC0004+SRC0005+SRC0006+SRC0007+SRC0008+SRC0009+SRC0010+SRC0011+SRC0012+SRC0013+SRC0014+SRC0015+SRC0016+SRC0017+SRC0018+SRC0019+SRC0020+SRC0021+SRC0022+SRC0023+SRC0024+SRC0025+SRC0026+SRC0027+SRC0029+SRC0030+SRC0031	false	false
28	1	canonical_id	171	named_cast	named_cast_top300	SRC0001+SRC0002+SRC0003+SRC0004+SRC0005+SRC0006+SRC0007+SRC0008+SRC0009+SRC0010+SRC0011+SRC0012+SRC0013+SRC0014+SRC0015+SRC0016+SRC0017+SRC0018+SRC0019+SRC0020+SRC0021+SRC0022+SRC0023+SRC0024+SRC0025+SRC0026+SRC0027+SRC0029+SRC0030+SRC0031	false	false
28	2	role	123	named_cast	named_cast_top300	SRC0001+SRC0002+SRC0003+SRC0004+SRC0005+SRC0006+SRC0007+SRC0008+SRC0009+SRC0010+SRC0011+SRC0012+SRC0013+SRC0014+SRC0015+SRC0016+SRC0017+SRC0018+SRC0019+SRC0020+SRC0021+SRC0022+SRC0023+SRC0024+SRC0025+SRC0026+SRC0027+SRC0029+SRC0030+SRC0031	false	false
28	3	source_stack	123	named_cast	named_cast_top300	SRC0001+SRC0002+SRC0003+SRC0004+SRC0005+SRC0006+SRC0007+SRC0008+SRC0009+SRC0010+SRC0011+SRC0012+SRC0013+SRC0014+SRC0015+SRC0016+SRC0017+SRC0018+SRC0019+SRC0020+SRC0021+SRC0022+SRC0023+SRC0024+SRC0025+SRC0026+SRC0027+SRC0029+SRC0030+SRC0031	false	false
28	4	first_appears	99	named_cast	named_cast_top300	SRC0001+SRC0002+SRC0003+SRC0004+SRC0005+SRC0006+SRC0007+SRC0008+SRC0009+SRC0010+SRC0011+SRC0012+SRC0013+SRC0014+SRC0015+SRC0016+SRC0017+SRC0018+SRC0019+SRC0020+SRC0021+SRC0022+SRC0023+SRC0024+SRC0025+SRC0026+SRC0027+SRC0029+SRC0030+SRC0031	false	false
28	5	book_25	87	named_cast	named_cast_top300	SRC0001+SRC0002+SRC0003+SRC0004+SRC0005+SRC0006+SRC0007+SRC0008+SRC0009+SRC0010+SRC0011+SRC0012+SRC0013+SRC0014+SRC0015+SRC0016+SRC0017+SRC0018+SRC0019+SRC0020+SRC0021+SRC0022+SRC0023+SRC0024+SRC0025+SRC0026+SRC0027+SRC0029+SRC0030+SRC0031	false	false
28	6	DAISY MAY	80	named_cast	named_cast_top300|character_registry	SRC0001+SRC0002+SRC0003+SRC0004+SRC0005+SRC0006+SRC0007+SRC0008+SRC0009+SRC0010+SRC0011+SRC0012+SRC0013+SRC0014+SRC0015+SRC0016+SRC0017+SRC0018+SRC0019+SRC0020+SRC0021+SRC0022+SRC0023+SRC0024+SRC0025+SRC0026+SRC0027+SRC0029+SRC0030+SRC0031	true	false
28	7	DERVISH	80	named_cast	named_cast_top300|character_registry	SRC0001+SRC0002+SRC0003+SRC0004+SRC0005+SRC0006+SRC0007+SRC0008+SRC0009+SRC0010+SRC0011+SRC0012+SRC0013+SRC0014+SRC0015+SRC0016+SRC0017+SRC0018+SRC0019+SRC0020+SRC0021+SRC0022+SRC0023+SRC0024+SRC0025+SRC0026+SRC0027+SRC0029+SRC0030+SRC0031	true	false
28	8	MACK	80	named_cast	named_cast_top300|character_registry	SRC0001+SRC0002+SRC0003+SRC0004+SRC0005+SRC0006+SRC0007+SRC0008+SRC0009+SRC0010+SRC0011+SRC0012+SRC0013+SRC0014+SRC0015+SRC0016+SRC0017+SRC0018+SRC0019+SRC0020+SRC0021+SRC0022+SRC0023+SRC0024+SRC0025+SRC0026+SRC0027+SRC0029+SRC0030+SRC0031	true	false
28	9	MAJISKII	80	named_cast	named_cast_top300|character_registry	SRC0001+SRC0002+SRC0003+SRC0004+SRC0005+SRC0006+SRC0007+SRC0008+SRC0009+SRC0010+SRC0011+SRC0012+SRC0013+SRC0014+SRC0015+SRC0016+SRC0017+SRC0018+SRC0019+SRC0020+SRC0021+SRC0022+SRC0023+SRC0024+SRC0025+SRC0026+SRC0027+SRC0029+SRC0030+SRC0031	true	false
28	10	NEITH	80	named_cast	named_cast_top300|character_registry	SRC0001+SRC0002+SRC0003+SRC0004+SRC0005+SRC0006+SRC0007+SRC0008+SRC0009+SRC0010+SRC0011+SRC0012+SRC0013+SRC0014+SRC0015+SRC0016+SRC0017+SRC0018+SRC0019+SRC0020+SRC0021+SRC0022+SRC0023+SRC0024+SRC0025+SRC0026+SRC0027+SRC0029+SRC0030+SRC0031	true	false
28	11	PIP	80	named_cast	named_cast_top300|character_registry	SRC0001+SRC0002+SRC0003+SRC0004+SRC0005+SRC0006+SRC0007+SRC0008+SRC0009+SRC0010+SRC0011+SRC0012+SRC0013+SRC0014+SRC0015+SRC0016+SRC0017+SRC0018+SRC0019+SRC0020+SRC0021+SRC0022+SRC0023+SRC0024+SRC0025+SRC0026+SRC0027+SRC0029+SRC0030+SRC0031	true	false
28	12	ROLZEN	80	named_cast	named_cast_top300|character_registry	SRC0001+SRC0002+SRC0003+SRC0004+SRC0005+SRC0006+SRC0007+SRC0008+SRC0009+SRC0010+SRC0011+SRC0012+SRC0013+SRC0014+SRC0015+SRC0016+SRC0017+SRC0018+SRC0019+SRC0020+SRC0021+SRC0022+SRC0023+SRC0024+SRC0025+SRC0026+SRC0027+SRC0029+SRC0030+SRC0031	true	false
28	13	URSULA	80	named_cast	named_cast_top300|character_registry	SRC0001+SRC0002+SRC0003+SRC0004+SRC0005+SRC0006+SRC0007+SRC0008+SRC0009+SRC0010+SRC0011+SRC0012+SRC0013+SRC0014+SRC0015+SRC0016+SRC0017+SRC0018+SRC0019+SRC0020+SRC0021+SRC0022+SRC0023+SRC0024+SRC0025+SRC0026+SRC0027+SRC0029+SRC0030+SRC0031	true	false
28	14	XETHROLUND	80	named_cast	named_cast_top300|character_registry	SRC0001+SRC0002+SRC0003+SRC0004+SRC0005+SRC0006+SRC0007+SRC0008+SRC0009+SRC0010+SRC0011+SRC0012+SRC0013+SRC0014+SRC0015+SRC0016+SRC0017+SRC0018+SRC0019+SRC0020+SRC0021+SRC0022+SRC0023+SRC0024+SRC0025+SRC0026+SRC0027+SRC0029+SRC0030+SRC0031	true	false
28	15	RYLOS / BOOJAY	72	named_cast	named_cast_top300	SRC0001+SRC0002+SRC0003+SRC0004+SRC0005+SRC0006+SRC0007+SRC0008+SRC0009+SRC0010+SRC0011+SRC0012+SRC0013+SRC0014+SRC0015+SRC0016+SRC0017+SRC0018+SRC0019+SRC0020+SRC0021+SRC0022+SRC0023+SRC0024+SRC0025+SRC0026+SRC0027+SRC0029+SRC0030+SRC0031	true	false
28	16	pre_pip_role	72	named_cast	named_cast_top300	SRC0001+SRC0002+SRC0003+SRC0004+SRC0005+SRC0006+SRC0007+SRC0008+SRC0009+SRC0010+SRC0011+SRC0012+SRC0013+SRC0014+SRC0015+SRC0016+SRC0017+SRC0018+SRC0019+SRC0020+SRC0021+SRC0022+SRC0023+SRC0024+SRC0025+SRC0026+SRC0027+SRC0029+SRC0030+SRC0031	true	false
28	17	rylos_arc	72	named_cast	named_cast_top300	SRC0001+SRC0002+SRC0003+SRC0004+SRC0005+SRC0006+SRC0007+SRC0008+SRC0009+SRC0010+SRC0011+SRC0012+SRC0013+SRC0014+SRC0015+SRC0016+SRC0017+SRC0018+SRC0019+SRC0020+SRC0021+SRC0022+SRC0023+SRC0024+SRC0025+SRC0026+SRC0027+SRC0029+SRC0030+SRC0031	true	false
28	18	rylos_pip_law	72	named_cast	named_cast_top300	SRC0001+SRC0002+SRC0003+SRC0004+SRC0005+SRC0006+SRC0007+SRC0008+SRC0009+SRC0010+SRC0011+SRC0012+SRC0013+SRC0014+SRC0015+SRC0016+SRC0017+SRC0018+SRC0019+SRC0020+SRC0021+SRC0022+SRC0023+SRC0024+SRC0025+SRC0026+SRC0027+SRC0029+SRC0030+SRC0031	true	false
28	19	Rylos	68	registry	character_registry	SRC0001+SRC0002+SRC0003+SRC0004+SRC0005+SRC0006+SRC0008+SRC0009+SRC0010+SRC0011+SRC0012+SRC0013+SRC0014+SRC0015+SRC0016+SRC0017+SRC0018+SRC0019+SRC0020+SRC0021+SRC0022+SRC0023+SRC0024+SRC0030+SRC0031	true	false
28	20	Boojay	63	reviewed	character_generation_review		true	false
28	21	arc	51	named_cast	named_cast_top300	SRC0001+SRC0002+SRC0003+SRC0004+SRC0005+SRC0006+SRC0007+SRC0008+SRC0009+SRC0010+SRC0011+SRC0012+SRC0013+SRC0014+SRC0015+SRC0016+SRC0017+SRC0018+SRC0019+SRC0020+SRC0021+SRC0022+SRC0023+SRC0024+SRC0025+SRC0026+SRC0027+SRC0029+SRC0030+SRC0031	false	false
28	22	book_24	39	named_cast	named_cast_top300	SRC0001+SRC0002+SRC0003+SRC0004+SRC0005+SRC0006+SRC0007+SRC0008+SRC0009+SRC0010+SRC0011+SRC0012+SRC0013+SRC0014+SRC0015+SRC0016+SRC0017+SRC0018+SRC0019+SRC0020+SRC0021+SRC0022+SRC0023+SRC0024+SRC0025+SRC0026+SRC0027+SRC0029+SRC0030+SRC0031	false	false
28	23	faction	39	named_cast	named_cast_top300	SRC0001+SRC0002+SRC0003+SRC0004+SRC0005+SRC0006+SRC0007+SRC0008+SRC0009+SRC0010+SRC0011+SRC0012+SRC0013+SRC0014+SRC0015+SRC0016+SRC0017+SRC0018+SRC0019+SRC0020+SRC0021+SRC0022+SRC0023+SRC0024+SRC0025+SRC0026+SRC0027+SRC0029+SRC0030+SRC0031	false	false
28	24	magic	39	named_cast	named_cast_top300	SRC0001+SRC0002+SRC0003+SRC0004+SRC0005+SRC0006+SRC0007+SRC0008+SRC0009+SRC0010+SRC0011+SRC0012+SRC0013+SRC0014+SRC0015+SRC0016+SRC0017+SRC0018+SRC0019+SRC0020+SRC0021+SRC0022+SRC0023+SRC0024+SRC0025+SRC0026+SRC0027+SRC0029+SRC0030+SRC0031	false	false
29	1	canonical_id	171	named_cast	named_cast_top300	SRC0001+SRC0002+SRC0003+SRC0004+SRC0005+SRC0006+SRC0007+SRC0008+SRC0009+SRC0010+SRC0011+SRC0012+SRC0013+SRC0014+SRC0015+SRC0016+SRC0017+SRC0018+SRC0019+SRC0020+SRC0021+SRC0022+SRC0023+SRC0024+SRC0025+SRC0026+SRC0027+SRC0029+SRC0030+SRC0031	false	false
29	2	role	123	named_cast	named_cast_top300	SRC0001+SRC0002+SRC0003+SRC0004+SRC0005+SRC0006+SRC0007+SRC0008+SRC0009+SRC0010+SRC0011+SRC0012+SRC0013+SRC0014+SRC0015+SRC0016+SRC0017+SRC0018+SRC0019+SRC0020+SRC0021+SRC0022+SRC0023+SRC0024+SRC0025+SRC0026+SRC0027+SRC0029+SRC0030+SRC0031	false	false
29	3	source_stack	123	named_cast	named_cast_top300	SRC0001+SRC0002+SRC0003+SRC0004+SRC0005+SRC0006+SRC0007+SRC0008+SRC0009+SRC0010+SRC0011+SRC0012+SRC0013+SRC0014+SRC0015+SRC0016+SRC0017+SRC0018+SRC0019+SRC0020+SRC0021+SRC0022+SRC0023+SRC0024+SRC0025+SRC0026+SRC0027+SRC0029+SRC0030+SRC0031	false	false
29	4	first_appears	99	named_cast	named_cast_top300	SRC0001+SRC0002+SRC0003+SRC0004+SRC0005+SRC0006+SRC0007+SRC0008+SRC0009+SRC0010+SRC0011+SRC0012+SRC0013+SRC0014+SRC0015+SRC0016+SRC0017+SRC0018+SRC0019+SRC0020+SRC0021+SRC0022+SRC0023+SRC0024+SRC0025+SRC0026+SRC0027+SRC0029+SRC0030+SRC0031	false	false
29	5	book_25	87	named_cast	named_cast_top300	SRC0001+SRC0002+SRC0003+SRC0004+SRC0005+SRC0006+SRC0007+SRC0008+SRC0009+SRC0010+SRC0011+SRC0012+SRC0013+SRC0014+SRC0015+SRC0016+SRC0017+SRC0018+SRC0019+SRC0020+SRC0021+SRC0022+SRC0023+SRC0024+SRC0025+SRC0026+SRC0027+SRC0029+SRC0030+SRC0031	false	false
29	6	DAISY MAY	80	named_cast	named_cast_top300|character_registry	SRC0001+SRC0002+SRC0003+SRC0004+SRC0005+SRC0006+SRC0007+SRC0008+SRC0009+SRC0010+SRC0011+SRC0012+SRC0013+SRC0014+SRC0015+SRC0016+SRC0017+SRC0018+SRC0019+SRC0020+SRC0021+SRC0022+SRC0023+SRC0024+SRC0025+SRC0026+SRC0027+SRC0029+SRC0030+SRC0031	true	false
29	7	DERVISH	80	named_cast	named_cast_top300|character_registry	SRC0001+SRC0002+SRC0003+SRC0004+SRC0005+SRC0006+SRC0007+SRC0008+SRC0009+SRC0010+SRC0011+SRC0012+SRC0013+SRC0014+SRC0015+SRC0016+SRC0017+SRC0018+SRC0019+SRC0020+SRC0021+SRC0022+SRC0023+SRC0024+SRC0025+SRC0026+SRC0027+SRC0029+SRC0030+SRC0031	true	false
29	8	MACK	80	named_cast	named_cast_top300|character_registry	SRC0001+SRC0002+SRC0003+SRC0004+SRC0005+SRC0006+SRC0007+SRC0008+SRC0009+SRC0010+SRC0011+SRC0012+SRC0013+SRC0014+SRC0015+SRC0016+SRC0017+SRC0018+SRC0019+SRC0020+SRC0021+SRC0022+SRC0023+SRC0024+SRC0025+SRC0026+SRC0027+SRC0029+SRC0030+SRC0031	true	false
29	9	MAJISKII	80	named_cast	named_cast_top300|character_registry	SRC0001+SRC0002+SRC0003+SRC0004+SRC0005+SRC0006+SRC0007+SRC0008+SRC0009+SRC0010+SRC0011+SRC0012+SRC0013+SRC0014+SRC0015+SRC0016+SRC0017+SRC0018+SRC0019+SRC0020+SRC0021+SRC0022+SRC0023+SRC0024+SRC0025+SRC0026+SRC0027+SRC0029+SRC0030+SRC0031	true	false
29	10	NEITH	80	named_cast	named_cast_top300|character_registry	SRC0001+SRC0002+SRC0003+SRC0004+SRC0005+SRC0006+SRC0007+SRC0008+SRC0009+SRC0010+SRC0011+SRC0012+SRC0013+SRC0014+SRC0015+SRC0016+SRC0017+SRC0018+SRC0019+SRC0020+SRC0021+SRC0022+SRC0023+SRC0024+SRC0025+SRC0026+SRC0027+SRC0029+SRC0030+SRC0031	true	false
29	11	PIP	80	named_cast	named_cast_top300|character_registry	SRC0001+SRC0002+SRC0003+SRC0004+SRC0005+SRC0006+SRC0007+SRC0008+SRC0009+SRC0010+SRC0011+SRC0012+SRC0013+SRC0014+SRC0015+SRC0016+SRC0017+SRC0018+SRC0019+SRC0020+SRC0021+SRC0022+SRC0023+SRC0024+SRC0025+SRC0026+SRC0027+SRC0029+SRC0030+SRC0031	true	false
29	12	ROLZEN	80	named_cast	named_cast_top300|character_registry	SRC0001+SRC0002+SRC0003+SRC0004+SRC0005+SRC0006+SRC0007+SRC0008+SRC0009+SRC0010+SRC0011+SRC0012+SRC0013+SRC0014+SRC0015+SRC0016+SRC0017+SRC0018+SRC0019+SRC0020+SRC0021+SRC0022+SRC0023+SRC0024+SRC0025+SRC0026+SRC0027+SRC0029+SRC0030+SRC0031	true	false
29	13	URSULA	80	named_cast	named_cast_top300|character_registry	SRC0001+SRC0002+SRC0003+SRC0004+SRC0005+SRC0006+SRC0007+SRC0008+SRC0009+SRC0010+SRC0011+SRC0012+SRC0013+SRC0014+SRC0015+SRC0016+SRC0017+SRC0018+SRC0019+SRC0020+SRC0021+SRC0022+SRC0023+SRC0024+SRC0025+SRC0026+SRC0027+SRC0029+SRC0030+SRC0031	true	false
29	14	XETHROLUND	80	named_cast	named_cast_top300|character_registry	SRC0001+SRC0002+SRC0003+SRC0004+SRC0005+SRC0006+SRC0007+SRC0008+SRC0009+SRC0010+SRC0011+SRC0012+SRC0013+SRC0014+SRC0015+SRC0016+SRC0017+SRC0018+SRC0019+SRC0020+SRC0021+SRC0022+SRC0023+SRC0024+SRC0025+SRC0026+SRC0027+SRC0029+SRC0030+SRC0031	true	false
29	15	RYLOS / BOOJAY	72	named_cast	named_cast_top300	SRC0001+SRC0002+SRC0003+SRC0004+SRC0005+SRC0006+SRC0007+SRC0008+SRC0009+SRC0010+SRC0011+SRC0012+SRC0013+SRC0014+SRC0015+SRC0016+SRC0017+SRC0018+SRC0019+SRC0020+SRC0021+SRC0022+SRC0023+SRC0024+SRC0025+SRC0026+SRC0027+SRC0029+SRC0030+SRC0031	true	false
29	16	pre_pip_role	72	named_cast	named_cast_top300	SRC0001+SRC0002+SRC0003+SRC0004+SRC0005+SRC0006+SRC0007+SRC0008+SRC0009+SRC0010+SRC0011+SRC0012+SRC0013+SRC0014+SRC0015+SRC0016+SRC0017+SRC0018+SRC0019+SRC0020+SRC0021+SRC0022+SRC0023+SRC0024+SRC0025+SRC0026+SRC0027+SRC0029+SRC0030+SRC0031	true	false
29	17	rylos_arc	72	named_cast	named_cast_top300	SRC0001+SRC0002+SRC0003+SRC0004+SRC0005+SRC0006+SRC0007+SRC0008+SRC0009+SRC0010+SRC0011+SRC0012+SRC0013+SRC0014+SRC0015+SRC0016+SRC0017+SRC0018+SRC0019+SRC0020+SRC0021+SRC0022+SRC0023+SRC0024+SRC0025+SRC0026+SRC0027+SRC0029+SRC0030+SRC0031	true	false
29	18	rylos_pip_law	72	named_cast	named_cast_top300	SRC0001+SRC0002+SRC0003+SRC0004+SRC0005+SRC0006+SRC0007+SRC0008+SRC0009+SRC0010+SRC0011+SRC0012+SRC0013+SRC0014+SRC0015+SRC0016+SRC0017+SRC0018+SRC0019+SRC0020+SRC0021+SRC0022+SRC0023+SRC0024+SRC0025+SRC0026+SRC0027+SRC0029+SRC0030+SRC0031	true	false
29	19	Rylos	68	registry	character_registry	SRC0001+SRC0002+SRC0003+SRC0004+SRC0005+SRC0006+SRC0008+SRC0009+SRC0010+SRC0011+SRC0012+SRC0013+SRC0014+SRC0015+SRC0016+SRC0017+SRC0018+SRC0019+SRC0020+SRC0021+SRC0022+SRC0023+SRC0024+SRC0030+SRC0031	true	false
29	20	Boojay	63	reviewed	character_generation_review		true	false
29	21	arc	51	named_cast	named_cast_top300	SRC0001+SRC0002+SRC0003+SRC0004+SRC0005+SRC0006+SRC0007+SRC0008+SRC0009+SRC0010+SRC0011+SRC0012+SRC0013+SRC0014+SRC0015+SRC0016+SRC0017+SRC0018+SRC0019+SRC0020+SRC0021+SRC0022+SRC0023+SRC0024+SRC0025+SRC0026+SRC0027+SRC0029+SRC0030+SRC0031	false	false
29	22	book_24	39	named_cast	named_cast_top300	SRC0001+SRC0002+SRC0003+SRC0004+SRC0005+SRC0006+SRC0007+SRC0008+SRC0009+SRC0010+SRC0011+SRC0012+SRC0013+SRC0014+SRC0015+SRC0016+SRC0017+SRC0018+SRC0019+SRC0020+SRC0021+SRC0022+SRC0023+SRC0024+SRC0025+SRC0026+SRC0027+SRC0029+SRC0030+SRC0031	false	false
29	23	faction	39	named_cast	named_cast_top300	SRC0001+SRC0002+SRC0003+SRC0004+SRC0005+SRC0006+SRC0007+SRC0008+SRC0009+SRC0010+SRC0011+SRC0012+SRC0013+SRC0014+SRC0015+SRC0016+SRC0017+SRC0018+SRC0019+SRC0020+SRC0021+SRC0022+SRC0023+SRC0024+SRC0025+SRC0026+SRC0027+SRC0029+SRC0030+SRC0031	false	false
29	24	magic	39	named_cast	named_cast_top300	SRC0001+SRC0002+SRC0003+SRC0004+SRC0005+SRC0006+SRC0007+SRC0008+SRC0009+SRC0010+SRC0011+SRC0012+SRC0013+SRC0014+SRC0015+SRC0016+SRC0017+SRC0018+SRC0019+SRC0020+SRC0021+SRC0022+SRC0023+SRC0024+SRC0025+SRC0026+SRC0027+SRC0029+SRC0030+SRC0031	false	false
30	1	canonical_id	171	named_cast	named_cast_top300	SRC0001+SRC0002+SRC0003+SRC0004+SRC0005+SRC0006+SRC0007+SRC0008+SRC0009+SRC0010+SRC0011+SRC0012+SRC0013+SRC0014+SRC0015+SRC0016+SRC0017+SRC0018+SRC0019+SRC0020+SRC0021+SRC0022+SRC0023+SRC0024+SRC0025+SRC0026+SRC0027+SRC0029+SRC0030+SRC0031	false	false
30	2	role	123	named_cast	named_cast_top300	SRC0001+SRC0002+SRC0003+SRC0004+SRC0005+SRC0006+SRC0007+SRC0008+SRC0009+SRC0010+SRC0011+SRC0012+SRC0013+SRC0014+SRC0015+SRC0016+SRC0017+SRC0018+SRC0019+SRC0020+SRC0021+SRC0022+SRC0023+SRC0024+SRC0025+SRC0026+SRC0027+SRC0029+SRC0030+SRC0031	false	false
30	3	source_stack	123	named_cast	named_cast_top300	SRC0001+SRC0002+SRC0003+SRC0004+SRC0005+SRC0006+SRC0007+SRC0008+SRC0009+SRC0010+SRC0011+SRC0012+SRC0013+SRC0014+SRC0015+SRC0016+SRC0017+SRC0018+SRC0019+SRC0020+SRC0021+SRC0022+SRC0023+SRC0024+SRC0025+SRC0026+SRC0027+SRC0029+SRC0030+SRC0031	false	false
30	4	first_appears	99	named_cast	named_cast_top300	SRC0001+SRC0002+SRC0003+SRC0004+SRC0005+SRC0006+SRC0007+SRC0008+SRC0009+SRC0010+SRC0011+SRC0012+SRC0013+SRC0014+SRC0015+SRC0016+SRC0017+SRC0018+SRC0019+SRC0020+SRC0021+SRC0022+SRC0023+SRC0024+SRC0025+SRC0026+SRC0027+SRC0029+SRC0030+SRC0031	false	false
30	5	book_25	87	named_cast	named_cast_top300	SRC0001+SRC0002+SRC0003+SRC0004+SRC0005+SRC0006+SRC0007+SRC0008+SRC0009+SRC0010+SRC0011+SRC0012+SRC0013+SRC0014+SRC0015+SRC0016+SRC0017+SRC0018+SRC0019+SRC0020+SRC0021+SRC0022+SRC0023+SRC0024+SRC0025+SRC0026+SRC0027+SRC0029+SRC0030+SRC0031	false	false
30	6	DAISY MAY	80	named_cast	named_cast_top300|character_registry	SRC0001+SRC0002+SRC0003+SRC0004+SRC0005+SRC0006+SRC0007+SRC0008+SRC0009+SRC0010+SRC0011+SRC0012+SRC0013+SRC0014+SRC0015+SRC0016+SRC0017+SRC0018+SRC0019+SRC0020+SRC0021+SRC0022+SRC0023+SRC0024+SRC0025+SRC0026+SRC0027+SRC0029+SRC0030+SRC0031	true	false
30	7	DERVISH	80	named_cast	named_cast_top300|character_registry	SRC0001+SRC0002+SRC0003+SRC0004+SRC0005+SRC0006+SRC0007+SRC0008+SRC0009+SRC0010+SRC0011+SRC0012+SRC0013+SRC0014+SRC0015+SRC0016+SRC0017+SRC0018+SRC0019+SRC0020+SRC0021+SRC0022+SRC0023+SRC0024+SRC0025+SRC0026+SRC0027+SRC0029+SRC0030+SRC0031	true	false
30	8	MACK	80	named_cast	named_cast_top300|character_registry	SRC0001+SRC0002+SRC0003+SRC0004+SRC0005+SRC0006+SRC0007+SRC0008+SRC0009+SRC0010+SRC0011+SRC0012+SRC0013+SRC0014+SRC0015+SRC0016+SRC0017+SRC0018+SRC0019+SRC0020+SRC0021+SRC0022+SRC0023+SRC0024+SRC0025+SRC0026+SRC0027+SRC0029+SRC0030+SRC0031	true	false
30	9	MAJISKII	80	named_cast	named_cast_top300|character_registry	SRC0001+SRC0002+SRC0003+SRC0004+SRC0005+SRC0006+SRC0007+SRC0008+SRC0009+SRC0010+SRC0011+SRC0012+SRC0013+SRC0014+SRC0015+SRC0016+SRC0017+SRC0018+SRC0019+SRC0020+SRC0021+SRC0022+SRC0023+SRC0024+SRC0025+SRC0026+SRC0027+SRC0029+SRC0030+SRC0031	true	false
30	10	NEITH	80	named_cast	named_cast_top300|character_registry	SRC0001+SRC0002+SRC0003+SRC0004+SRC0005+SRC0006+SRC0007+SRC0008+SRC0009+SRC0010+SRC0011+SRC0012+SRC0013+SRC0014+SRC0015+SRC0016+SRC0017+SRC0018+SRC0019+SRC0020+SRC0021+SRC0022+SRC0023+SRC0024+SRC0025+SRC0026+SRC0027+SRC0029+SRC0030+SRC0031	true	false
30	11	PIP	80	named_cast	named_cast_top300|character_registry	SRC0001+SRC0002+SRC0003+SRC0004+SRC0005+SRC0006+SRC0007+SRC0008+SRC0009+SRC0010+SRC0011+SRC0012+SRC0013+SRC0014+SRC0015+SRC0016+SRC0017+SRC0018+SRC0019+SRC0020+SRC0021+SRC0022+SRC0023+SRC0024+SRC0025+SRC0026+SRC0027+SRC0029+SRC0030+SRC0031	true	false
30	12	ROLZEN	80	named_cast	named_cast_top300|character_registry	SRC0001+SRC0002+SRC0003+SRC0004+SRC0005+SRC0006+SRC0007+SRC0008+SRC0009+SRC0010+SRC0011+SRC0012+SRC0013+SRC0014+SRC0015+SRC0016+SRC0017+SRC0018+SRC0019+SRC0020+SRC0021+SRC0022+SRC0023+SRC0024+SRC0025+SRC0026+SRC0027+SRC0029+SRC0030+SRC0031	true	false
30	13	URSULA	80	named_cast	named_cast_top300|character_registry	SRC0001+SRC0002+SRC0003+SRC0004+SRC0005+SRC0006+SRC0007+SRC0008+SRC0009+SRC0010+SRC0011+SRC0012+SRC0013+SRC0014+SRC0015+SRC0016+SRC0017+SRC0018+SRC0019+SRC0020+SRC0021+SRC0022+SRC0023+SRC0024+SRC0025+SRC0026+SRC0027+SRC0029+SRC0030+SRC0031	true	false
30	14	XETHROLUND	80	named_cast	named_cast_top300|character_registry	SRC0001+SRC0002+SRC0003+SRC0004+SRC0005+SRC0006+SRC0007+SRC0008+SRC0009+SRC0010+SRC0011+SRC0012+SRC0013+SRC0014+SRC0015+SRC0016+SRC0017+SRC0018+SRC0019+SRC0020+SRC0021+SRC0022+SRC0023+SRC0024+SRC0025+SRC0026+SRC0027+SRC0029+SRC0030+SRC0031	true	false
30	15	RYLOS / BOOJAY	72	named_cast	named_cast_top300	SRC0001+SRC0002+SRC0003+SRC0004+SRC0005+SRC0006+SRC0007+SRC0008+SRC0009+SRC0010+SRC0011+SRC0012+SRC0013+SRC0014+SRC0015+SRC0016+SRC0017+SRC0018+SRC0019+SRC0020+SRC0021+SRC0022+SRC0023+SRC0024+SRC0025+SRC0026+SRC0027+SRC0029+SRC0030+SRC0031	true	false
30	16	pre_pip_role	72	named_cast	named_cast_top300	SRC0001+SRC0002+SRC0003+SRC0004+SRC0005+SRC0006+SRC0007+SRC0008+SRC0009+SRC0010+SRC0011+SRC0012+SRC0013+SRC0014+SRC0015+SRC0016+SRC0017+SRC0018+SRC0019+SRC0020+SRC0021+SRC0022+SRC0023+SRC0024+SRC0025+SRC0026+SRC0027+SRC0029+SRC0030+SRC0031	true	false
30	17	rylos_arc	72	named_cast	named_cast_top300	SRC0001+SRC0002+SRC0003+SRC0004+SRC0005+SRC0006+SRC0007+SRC0008+SRC0009+SRC0010+SRC0011+SRC0012+SRC0013+SRC0014+SRC0015+SRC0016+SRC0017+SRC0018+SRC0019+SRC0020+SRC0021+SRC0022+SRC0023+SRC0024+SRC0025+SRC0026+SRC0027+SRC0029+SRC0030+SRC0031	true	false
30	18	rylos_pip_law	72	named_cast	named_cast_top300	SRC0001+SRC0002+SRC0003+SRC0004+SRC0005+SRC0006+SRC0007+SRC0008+SRC0009+SRC0010+SRC0011+SRC0012+SRC0013+SRC0014+SRC0015+SRC0016+SRC0017+SRC0018+SRC0019+SRC0020+SRC0021+SRC0022+SRC0023+SRC0024+SRC0025+SRC0026+SRC0027+SRC0029+SRC0030+SRC0031	true	false
30	19	Rylos	68	registry	character_registry	SRC0001+SRC0002+SRC0003+SRC0004+SRC0005+SRC0006+SRC0008+SRC0009+SRC0010+SRC0011+SRC0012+SRC0013+SRC0014+SRC0015+SRC0016+SRC0017+SRC0018+SRC0019+SRC0020+SRC0021+SRC0022+SRC0023+SRC0024+SRC0030+SRC0031	true	false
30	20	Boojay	63	reviewed	character_generation_review		true	false
30	21	arc	51	named_cast	named_cast_top300	SRC0001+SRC0002+SRC0003+SRC0004+SRC0005+SRC0006+SRC0007+SRC0008+SRC0009+SRC0010+SRC0011+SRC0012+SRC0013+SRC0014+SRC0015+SRC0016+SRC0017+SRC0018+SRC0019+SRC0020+SRC0021+SRC0022+SRC0023+SRC0024+SRC0025+SRC0026+SRC0027+SRC0029+SRC0030+SRC0031	false	false
30	22	book_24	39	named_cast	named_cast_top300	SRC0001+SRC0002+SRC0003+SRC0004+SRC0005+SRC0006+SRC0007+SRC0008+SRC0009+SRC0010+SRC0011+SRC0012+SRC0013+SRC0014+SRC0015+SRC0016+SRC0017+SRC0018+SRC0019+SRC0020+SRC0021+SRC0022+SRC0023+SRC0024+SRC0025+SRC0026+SRC0027+SRC0029+SRC0030+SRC0031	false	false
30	23	faction	39	named_cast	named_cast_top300	SRC0001+SRC0002+SRC0003+SRC0004+SRC0005+SRC0006+SRC0007+SRC0008+SRC0009+SRC0010+SRC0011+SRC0012+SRC0013+SRC0014+SRC0015+SRC0016+SRC0017+SRC0018+SRC0019+SRC0020+SRC0021+SRC0022+SRC0023+SRC0024+SRC0025+SRC0026+SRC0027+SRC0029+SRC0030+SRC0031	false	false
30	24	magic	39	named_cast	named_cast_top300	SRC0001+SRC0002+SRC0003+SRC0004+SRC0005+SRC0006+SRC0007+SRC0008+SRC0009+SRC0010+SRC0011+SRC0012+SRC0013+SRC0014+SRC0015+SRC0016+SRC0017+SRC0018+SRC0019+SRC0020+SRC0021+SRC0022+SRC0023+SRC0024+SRC0025+SRC0026+SRC0027+SRC0029+SRC0030+SRC0031	false	false
31	1	canonical_id	171	named_cast	named_cast_top300	SRC0001+SRC0002+SRC0003+SRC0004+SRC0005+SRC0006+SRC0007+SRC0008+SRC0009+SRC0010+SRC0011+SRC0012+SRC0013+SRC0014+SRC0015+SRC0016+SRC0017+SRC0018+SRC0019+SRC0020+SRC0021+SRC0022+SRC0023+SRC0024+SRC0025+SRC0026+SRC0027+SRC0029+SRC0030+SRC0031	false	false
31	2	role	123	named_cast	named_cast_top300	SRC0001+SRC0002+SRC0003+SRC0004+SRC0005+SRC0006+SRC0007+SRC0008+SRC0009+SRC0010+SRC0011+SRC0012+SRC0013+SRC0014+SRC0015+SRC0016+SRC0017+SRC0018+SRC0019+SRC0020+SRC0021+SRC0022+SRC0023+SRC0024+SRC0025+SRC0026+SRC0027+SRC0029+SRC0030+SRC0031	false	false
31	3	source_stack	123	named_cast	named_cast_top300	SRC0001+SRC0002+SRC0003+SRC0004+SRC0005+SRC0006+SRC0007+SRC0008+SRC0009+SRC0010+SRC0011+SRC0012+SRC0013+SRC0014+SRC0015+SRC0016+SRC0017+SRC0018+SRC0019+SRC0020+SRC0021+SRC0022+SRC0023+SRC0024+SRC0025+SRC0026+SRC0027+SRC0029+SRC0030+SRC0031	false	false
31	4	first_appears	99	named_cast	named_cast_top300	SRC0001+SRC0002+SRC0003+SRC0004+SRC0005+SRC0006+SRC0007+SRC0008+SRC0009+SRC0010+SRC0011+SRC0012+SRC0013+SRC0014+SRC0015+SRC0016+SRC0017+SRC0018+SRC0019+SRC0020+SRC0021+SRC0022+SRC0023+SRC0024+SRC0025+SRC0026+SRC0027+SRC0029+SRC0030+SRC0031	false	false
31	5	book_25	87	named_cast	named_cast_top300	SRC0001+SRC0002+SRC0003+SRC0004+SRC0005+SRC0006+SRC0007+SRC0008+SRC0009+SRC0010+SRC0011+SRC0012+SRC0013+SRC0014+SRC0015+SRC0016+SRC0017+SRC0018+SRC0019+SRC0020+SRC0021+SRC0022+SRC0023+SRC0024+SRC0025+SRC0026+SRC0027+SRC0029+SRC0030+SRC0031	false	false
31	6	DAISY MAY	80	named_cast	named_cast_top300|character_registry	SRC0001+SRC0002+SRC0003+SRC0004+SRC0005+SRC0006+SRC0007+SRC0008+SRC0009+SRC0010+SRC0011+SRC0012+SRC0013+SRC0014+SRC0015+SRC0016+SRC0017+SRC0018+SRC0019+SRC0020+SRC0021+SRC0022+SRC0023+SRC0024+SRC0025+SRC0026+SRC0027+SRC0029+SRC0030+SRC0031	true	false
31	7	DERVISH	80	named_cast	named_cast_top300|character_registry	SRC0001+SRC0002+SRC0003+SRC0004+SRC0005+SRC0006+SRC0007+SRC0008+SRC0009+SRC0010+SRC0011+SRC0012+SRC0013+SRC0014+SRC0015+SRC0016+SRC0017+SRC0018+SRC0019+SRC0020+SRC0021+SRC0022+SRC0023+SRC0024+SRC0025+SRC0026+SRC0027+SRC0029+SRC0030+SRC0031	true	false
31	8	MACK	80	named_cast	named_cast_top300|character_registry	SRC0001+SRC0002+SRC0003+SRC0004+SRC0005+SRC0006+SRC0007+SRC0008+SRC0009+SRC0010+SRC0011+SRC0012+SRC0013+SRC0014+SRC0015+SRC0016+SRC0017+SRC0018+SRC0019+SRC0020+SRC0021+SRC0022+SRC0023+SRC0024+SRC0025+SRC0026+SRC0027+SRC0029+SRC0030+SRC0031	true	false
31	9	MAJISKII	80	named_cast	named_cast_top300|character_registry	SRC0001+SRC0002+SRC0003+SRC0004+SRC0005+SRC0006+SRC0007+SRC0008+SRC0009+SRC0010+SRC0011+SRC0012+SRC0013+SRC0014+SRC0015+SRC0016+SRC0017+SRC0018+SRC0019+SRC0020+SRC0021+SRC0022+SRC0023+SRC0024+SRC0025+SRC0026+SRC0027+SRC0029+SRC0030+SRC0031	true	false
31	10	NEITH	80	named_cast	named_cast_top300|character_registry	SRC0001+SRC0002+SRC0003+SRC0004+SRC0005+SRC0006+SRC0007+SRC0008+SRC0009+SRC0010+SRC0011+SRC0012+SRC0013+SRC0014+SRC0015+SRC0016+SRC0017+SRC0018+SRC0019+SRC0020+SRC0021+SRC0022+SRC0023+SRC0024+SRC0025+SRC0026+SRC0027+SRC0029+SRC0030+SRC0031	true	false
31	11	PIP	80	named_cast	named_cast_top300|character_registry	SRC0001+SRC0002+SRC0003+SRC0004+SRC0005+SRC0006+SRC0007+SRC0008+SRC0009+SRC0010+SRC0011+SRC0012+SRC0013+SRC0014+SRC0015+SRC0016+SRC0017+SRC0018+SRC0019+SRC0020+SRC0021+SRC0022+SRC0023+SRC0024+SRC0025+SRC0026+SRC0027+SRC0029+SRC0030+SRC0031	true	false
31	12	ROLZEN	80	named_cast	named_cast_top300|character_registry	SRC0001+SRC0002+SRC0003+SRC0004+SRC0005+SRC0006+SRC0007+SRC0008+SRC0009+SRC0010+SRC0011+SRC0012+SRC0013+SRC0014+SRC0015+SRC0016+SRC0017+SRC0018+SRC0019+SRC0020+SRC0021+SRC0022+SRC0023+SRC0024+SRC0025+SRC0026+SRC0027+SRC0029+SRC0030+SRC0031	true	false
31	13	URSULA	80	named_cast	named_cast_top300|character_registry	SRC0001+SRC0002+SRC0003+SRC0004+SRC0005+SRC0006+SRC0007+SRC0008+SRC0009+SRC0010+SRC0011+SRC0012+SRC0013+SRC0014+SRC0015+SRC0016+SRC0017+SRC0018+SRC0019+SRC0020+SRC0021+SRC0022+SRC0023+SRC0024+SRC0025+SRC0026+SRC0027+SRC0029+SRC0030+SRC0031	true	false
31	14	XETHROLUND	80	named_cast	named_cast_top300|character_registry	SRC0001+SRC0002+SRC0003+SRC0004+SRC0005+SRC0006+SRC0007+SRC0008+SRC0009+SRC0010+SRC0011+SRC0012+SRC0013+SRC0014+SRC0015+SRC0016+SRC0017+SRC0018+SRC0019+SRC0020+SRC0021+SRC0022+SRC0023+SRC0024+SRC0025+SRC0026+SRC0027+SRC0029+SRC0030+SRC0031	true	false
31	15	RYLOS / BOOJAY	72	named_cast	named_cast_top300	SRC0001+SRC0002+SRC0003+SRC0004+SRC0005+SRC0006+SRC0007+SRC0008+SRC0009+SRC0010+SRC0011+SRC0012+SRC0013+SRC0014+SRC0015+SRC0016+SRC0017+SRC0018+SRC0019+SRC0020+SRC0021+SRC0022+SRC0023+SRC0024+SRC0025+SRC0026+SRC0027+SRC0029+SRC0030+SRC0031	true	false
31	16	pre_pip_role	72	named_cast	named_cast_top300	SRC0001+SRC0002+SRC0003+SRC0004+SRC0005+SRC0006+SRC0007+SRC0008+SRC0009+SRC0010+SRC0011+SRC0012+SRC0013+SRC0014+SRC0015+SRC0016+SRC0017+SRC0018+SRC0019+SRC0020+SRC0021+SRC0022+SRC0023+SRC0024+SRC0025+SRC0026+SRC0027+SRC0029+SRC0030+SRC0031	true	false
31	17	rylos_arc	72	named_cast	named_cast_top300	SRC0001+SRC0002+SRC0003+SRC0004+SRC0005+SRC0006+SRC0007+SRC0008+SRC0009+SRC0010+SRC0011+SRC0012+SRC0013+SRC0014+SRC0015+SRC0016+SRC0017+SRC0018+SRC0019+SRC0020+SRC0021+SRC0022+SRC0023+SRC0024+SRC0025+SRC0026+SRC0027+SRC0029+SRC0030+SRC0031	true	false
31	18	rylos_pip_law	72	named_cast	named_cast_top300	SRC0001+SRC0002+SRC0003+SRC0004+SRC0005+SRC0006+SRC0007+SRC0008+SRC0009+SRC0010+SRC0011+SRC0012+SRC0013+SRC0014+SRC0015+SRC0016+SRC0017+SRC0018+SRC0019+SRC0020+SRC0021+SRC0022+SRC0023+SRC0024+SRC0025+SRC0026+SRC0027+SRC0029+SRC0030+SRC0031	true	false
31	19	Rylos	68	registry	character_registry	SRC0001+SRC0002+SRC0003+SRC0004+SRC0005+SRC0006+SRC0008+SRC0009+SRC0010+SRC0011+SRC0012+SRC0013+SRC0014+SRC0015+SRC0016+SRC0017+SRC0018+SRC0019+SRC0020+SRC0021+SRC0022+SRC0023+SRC0024+SRC0030+SRC0031	true	false
31	20	Boojay	63	reviewed	character_generation_review		true	false
31	21	arc	51	named_cast	named_cast_top300	SRC0001+SRC0002+SRC0003+SRC0004+SRC0005+SRC0006+SRC0007+SRC0008+SRC0009+SRC0010+SRC0011+SRC0012+SRC0013+SRC0014+SRC0015+SRC0016+SRC0017+SRC0018+SRC0019+SRC0020+SRC0021+SRC0022+SRC0023+SRC0024+SRC0025+SRC0026+SRC0027+SRC0029+SRC0030+SRC0031	false	false
31	22	book_24	39	named_cast	named_cast_top300	SRC0001+SRC0002+SRC0003+SRC0004+SRC0005+SRC0006+SRC0007+SRC0008+SRC0009+SRC0010+SRC0011+SRC0012+SRC0013+SRC0014+SRC0015+SRC0016+SRC0017+SRC0018+SRC0019+SRC0020+SRC0021+SRC0022+SRC0023+SRC0024+SRC0025+SRC0026+SRC0027+SRC0029+SRC0030+SRC0031	false	false
31	23	faction	39	named_cast	named_cast_top300	SRC0001+SRC0002+SRC0003+SRC0004+SRC0005+SRC0006+SRC0007+SRC0008+SRC0009+SRC0010+SRC0011+SRC0012+SRC0013+SRC0014+SRC0015+SRC0016+SRC0017+SRC0018+SRC0019+SRC0020+SRC0021+SRC0022+SRC0023+SRC0024+SRC0025+SRC0026+SRC0027+SRC0029+SRC0030+SRC0031	false	false
31	24	magic	39	named_cast	named_cast_top300	SRC0001+SRC0002+SRC0003+SRC0004+SRC0005+SRC0006+SRC0007+SRC0008+SRC0009+SRC0010+SRC0011+SRC0012+SRC0013+SRC0014+SRC0015+SRC0016+SRC0017+SRC0018+SRC0019+SRC0020+SRC0021+SRC0022+SRC0023+SRC0024+SRC0025+SRC0026+SRC0027+SRC0029+SRC0030+SRC0031	false	false
32	1	canonical_id	171	named_cast	named_cast_top300	SRC0001+SRC0002+SRC0003+SRC0004+SRC0005+SRC0006+SRC0007+SRC0008+SRC0009+SRC0010+SRC0011+SRC0012+SRC0013+SRC0014+SRC0015+SRC0016+SRC0017+SRC0018+SRC0019+SRC0020+SRC0021+SRC0022+SRC0023+SRC0024+SRC0025+SRC0026+SRC0027+SRC0029+SRC0030+SRC0031	false	false
32	2	role	123	named_cast	named_cast_top300	SRC0001+SRC0002+SRC0003+SRC0004+SRC0005+SRC0006+SRC0007+SRC0008+SRC0009+SRC0010+SRC0011+SRC0012+SRC0013+SRC0014+SRC0015+SRC0016+SRC0017+SRC0018+SRC0019+SRC0020+SRC0021+SRC0022+SRC0023+SRC0024+SRC0025+SRC0026+SRC0027+SRC0029+SRC0030+SRC0031	false	false
32	3	source_stack	123	named_cast	named_cast_top300	SRC0001+SRC0002+SRC0003+SRC0004+SRC0005+SRC0006+SRC0007+SRC0008+SRC0009+SRC0010+SRC0011+SRC0012+SRC0013+SRC0014+SRC0015+SRC0016+SRC0017+SRC0018+SRC0019+SRC0020+SRC0021+SRC0022+SRC0023+SRC0024+SRC0025+SRC0026+SRC0027+SRC0029+SRC0030+SRC0031	false	false
32	4	first_appears	99	named_cast	named_cast_top300	SRC0001+SRC0002+SRC0003+SRC0004+SRC0005+SRC0006+SRC0007+SRC0008+SRC0009+SRC0010+SRC0011+SRC0012+SRC0013+SRC0014+SRC0015+SRC0016+SRC0017+SRC0018+SRC0019+SRC0020+SRC0021+SRC0022+SRC0023+SRC0024+SRC0025+SRC0026+SRC0027+SRC0029+SRC0030+SRC0031	false	false
32	5	book_25	87	named_cast	named_cast_top300	SRC0001+SRC0002+SRC0003+SRC0004+SRC0005+SRC0006+SRC0007+SRC0008+SRC0009+SRC0010+SRC0011+SRC0012+SRC0013+SRC0014+SRC0015+SRC0016+SRC0017+SRC0018+SRC0019+SRC0020+SRC0021+SRC0022+SRC0023+SRC0024+SRC0025+SRC0026+SRC0027+SRC0029+SRC0030+SRC0031	false	false
32	6	DAISY MAY	80	named_cast	named_cast_top300|character_registry	SRC0001+SRC0002+SRC0003+SRC0004+SRC0005+SRC0006+SRC0007+SRC0008+SRC0009+SRC0010+SRC0011+SRC0012+SRC0013+SRC0014+SRC0015+SRC0016+SRC0017+SRC0018+SRC0019+SRC0020+SRC0021+SRC0022+SRC0023+SRC0024+SRC0025+SRC0026+SRC0027+SRC0029+SRC0030+SRC0031	true	false
32	7	DERVISH	80	named_cast	named_cast_top300|character_registry	SRC0001+SRC0002+SRC0003+SRC0004+SRC0005+SRC0006+SRC0007+SRC0008+SRC0009+SRC0010+SRC0011+SRC0012+SRC0013+SRC0014+SRC0015+SRC0016+SRC0017+SRC0018+SRC0019+SRC0020+SRC0021+SRC0022+SRC0023+SRC0024+SRC0025+SRC0026+SRC0027+SRC0029+SRC0030+SRC0031	true	false
32	8	MACK	80	named_cast	named_cast_top300|character_registry	SRC0001+SRC0002+SRC0003+SRC0004+SRC0005+SRC0006+SRC0007+SRC0008+SRC0009+SRC0010+SRC0011+SRC0012+SRC0013+SRC0014+SRC0015+SRC0016+SRC0017+SRC0018+SRC0019+SRC0020+SRC0021+SRC0022+SRC0023+SRC0024+SRC0025+SRC0026+SRC0027+SRC0029+SRC0030+SRC0031	true	false
32	9	MAJISKII	80	named_cast	named_cast_top300|character_registry	SRC0001+SRC0002+SRC0003+SRC0004+SRC0005+SRC0006+SRC0007+SRC0008+SRC0009+SRC0010+SRC0011+SRC0012+SRC0013+SRC0014+SRC0015+SRC0016+SRC0017+SRC0018+SRC0019+SRC0020+SRC0021+SRC0022+SRC0023+SRC0024+SRC0025+SRC0026+SRC0027+SRC0029+SRC0030+SRC0031	true	false
32	10	NEITH	80	named_cast	named_cast_top300|character_registry	SRC0001+SRC0002+SRC0003+SRC0004+SRC0005+SRC0006+SRC0007+SRC0008+SRC0009+SRC0010+SRC0011+SRC0012+SRC0013+SRC0014+SRC0015+SRC0016+SRC0017+SRC0018+SRC0019+SRC0020+SRC0021+SRC0022+SRC0023+SRC0024+SRC0025+SRC0026+SRC0027+SRC0029+SRC0030+SRC0031	true	false
32	11	PIP	80	named_cast	named_cast_top300|character_registry	SRC0001+SRC0002+SRC0003+SRC0004+SRC0005+SRC0006+SRC0007+SRC0008+SRC0009+SRC0010+SRC0011+SRC0012+SRC0013+SRC0014+SRC0015+SRC0016+SRC0017+SRC0018+SRC0019+SRC0020+SRC0021+SRC0022+SRC0023+SRC0024+SRC0025+SRC0026+SRC0027+SRC0029+SRC0030+SRC0031	true	false
32	12	ROLZEN	80	named_cast	named_cast_top300|character_registry	SRC0001+SRC0002+SRC0003+SRC0004+SRC0005+SRC0006+SRC0007+SRC0008+SRC0009+SRC0010+SRC0011+SRC0012+SRC0013+SRC0014+SRC0015+SRC0016+SRC0017+SRC0018+SRC0019+SRC0020+SRC0021+SRC0022+SRC0023+SRC0024+SRC0025+SRC0026+SRC0027+SRC0029+SRC0030+SRC0031	true	false
32	13	URSULA	80	named_cast	named_cast_top300|character_registry	SRC0001+SRC0002+SRC0003+SRC0004+SRC0005+SRC0006+SRC0007+SRC0008+SRC0009+SRC0010+SRC0011+SRC0012+SRC0013+SRC0014+SRC0015+SRC0016+SRC0017+SRC0018+SRC0019+SRC0020+SRC0021+SRC0022+SRC0023+SRC0024+SRC0025+SRC0026+SRC0027+SRC0029+SRC0030+SRC0031	true	false
32	14	XETHROLUND	80	named_cast	named_cast_top300|character_registry	SRC0001+SRC0002+SRC0003+SRC0004+SRC0005+SRC0006+SRC0007+SRC0008+SRC0009+SRC0010+SRC0011+SRC0012+SRC0013+SRC0014+SRC0015+SRC0016+SRC0017+SRC0018+SRC0019+SRC0020+SRC0021+SRC0022+SRC0023+SRC0024+SRC0025+SRC0026+SRC0027+SRC0029+SRC0030+SRC0031	true	false
32	15	RYLOS / BOOJAY	72	named_cast	named_cast_top300	SRC0001+SRC0002+SRC0003+SRC0004+SRC0005+SRC0006+SRC0007+SRC0008+SRC0009+SRC0010+SRC0011+SRC0012+SRC0013+SRC0014+SRC0015+SRC0016+SRC0017+SRC0018+SRC0019+SRC0020+SRC0021+SRC0022+SRC0023+SRC0024+SRC0025+SRC0026+SRC0027+SRC0029+SRC0030+SRC0031	true	false
32	16	pre_pip_role	72	named_cast	named_cast_top300	SRC0001+SRC0002+SRC0003+SRC0004+SRC0005+SRC0006+SRC0007+SRC0008+SRC0009+SRC0010+SRC0011+SRC0012+SRC0013+SRC0014+SRC0015+SRC0016+SRC0017+SRC0018+SRC0019+SRC0020+SRC0021+SRC0022+SRC0023+SRC0024+SRC0025+SRC0026+SRC0027+SRC0029+SRC0030+SRC0031	true	false
32	17	rylos_arc	72	named_cast	named_cast_top300	SRC0001+SRC0002+SRC0003+SRC0004+SRC0005+SRC0006+SRC0007+SRC0008+SRC0009+SRC0010+SRC0011+SRC0012+SRC0013+SRC0014+SRC0015+SRC0016+SRC0017+SRC0018+SRC0019+SRC0020+SRC0021+SRC0022+SRC0023+SRC0024+SRC0025+SRC0026+SRC0027+SRC0029+SRC0030+SRC0031	true	false
32	18	rylos_pip_law	72	named_cast	named_cast_top300	SRC0001+SRC0002+SRC0003+SRC0004+SRC0005+SRC0006+SRC0007+SRC0008+SRC0009+SRC0010+SRC0011+SRC0012+SRC0013+SRC0014+SRC0015+SRC0016+SRC0017+SRC0018+SRC0019+SRC0020+SRC0021+SRC0022+SRC0023+SRC0024+SRC0025+SRC0026+SRC0027+SRC0029+SRC0030+SRC0031	true	false
32	19	Rylos	68	registry	character_registry	SRC0001+SRC0002+SRC0003+SRC0004+SRC0005+SRC0006+SRC0008+SRC0009+SRC0010+SRC0011+SRC0012+SRC0013+SRC0014+SRC0015+SRC0016+SRC0017+SRC0018+SRC0019+SRC0020+SRC0021+SRC0022+SRC0023+SRC0024+SRC0030+SRC0031	true	false
32	20	Boojay	63	reviewed	character_generation_review		true	false
32	21	arc	51	named_cast	named_cast_top300	SRC0001+SRC0002+SRC0003+SRC0004+SRC0005+SRC0006+SRC0007+SRC0008+SRC0009+SRC0010+SRC0011+SRC0012+SRC0013+SRC0014+SRC0015+SRC0016+SRC0017+SRC0018+SRC0019+SRC0020+SRC0021+SRC0022+SRC0023+SRC0024+SRC0025+SRC0026+SRC0027+SRC0029+SRC0030+SRC0031	false	false
32	22	book_24	39	named_cast	named_cast_top300	SRC0001+SRC0002+SRC0003+SRC0004+SRC0005+SRC0006+SRC0007+SRC0008+SRC0009+SRC0010+SRC0011+SRC0012+SRC0013+SRC0014+SRC0015+SRC0016+SRC0017+SRC0018+SRC0019+SRC0020+SRC0021+SRC0022+SRC0023+SRC0024+SRC0025+SRC0026+SRC0027+SRC0029+SRC0030+SRC0031	false	false
32	23	faction	39	named_cast	named_cast_top300	SRC0001+SRC0002+SRC0003+SRC0004+SRC0005+SRC0006+SRC0007+SRC0008+SRC0009+SRC0010+SRC0011+SRC0012+SRC0013+SRC0014+SRC0015+SRC0016+SRC0017+SRC0018+SRC0019+SRC0020+SRC0021+SRC0022+SRC0023+SRC0024+SRC0025+SRC0026+SRC0027+SRC0029+SRC0030+SRC0031	false	false
32	24	magic	39	named_cast	named_cast_top300	SRC0001+SRC0002+SRC0003+SRC0004+SRC0005+SRC0006+SRC0007+SRC0008+SRC0009+SRC0010+SRC0011+SRC0012+SRC0013+SRC0014+SRC0015+SRC0016+SRC0017+SRC0018+SRC0019+SRC0020+SRC0021+SRC0022+SRC0023+SRC0024+SRC0025+SRC0026+SRC0027+SRC0029+SRC0030+SRC0031	false	false
33	1	canonical_id	171	named_cast	named_cast_top300	SRC0001+SRC0002+SRC0003+SRC0004+SRC0005+SRC0006+SRC0007+SRC0008+SRC0009+SRC0010+SRC0011+SRC0012+SRC0013+SRC0014+SRC0015+SRC0016+SRC0017+SRC0018+SRC0019+SRC0020+SRC0021+SRC0022+SRC0023+SRC0024+SRC0025+SRC0026+SRC0027+SRC0029+SRC0030+SRC0031	false	false
33	2	role	123	named_cast	named_cast_top300	SRC0001+SRC0002+SRC0003+SRC0004+SRC0005+SRC0006+SRC0007+SRC0008+SRC0009+SRC0010+SRC0011+SRC0012+SRC0013+SRC0014+SRC0015+SRC0016+SRC0017+SRC0018+SRC0019+SRC0020+SRC0021+SRC0022+SRC0023+SRC0024+SRC0025+SRC0026+SRC0027+SRC0029+SRC0030+SRC0031	false	false
33	3	source_stack	123	named_cast	named_cast_top300	SRC0001+SRC0002+SRC0003+SRC0004+SRC0005+SRC0006+SRC0007+SRC0008+SRC0009+SRC0010+SRC0011+SRC0012+SRC0013+SRC0014+SRC0015+SRC0016+SRC0017+SRC0018+SRC0019+SRC0020+SRC0021+SRC0022+SRC0023+SRC0024+SRC0025+SRC0026+SRC0027+SRC0029+SRC0030+SRC0031	false	false
33	4	first_appears	99	named_cast	named_cast_top300	SRC0001+SRC0002+SRC0003+SRC0004+SRC0005+SRC0006+SRC0007+SRC0008+SRC0009+SRC0010+SRC0011+SRC0012+SRC0013+SRC0014+SRC0015+SRC0016+SRC0017+SRC0018+SRC0019+SRC0020+SRC0021+SRC0022+SRC0023+SRC0024+SRC0025+SRC0026+SRC0027+SRC0029+SRC0030+SRC0031	false	false
33	5	book_25	87	named_cast	named_cast_top300	SRC0001+SRC0002+SRC0003+SRC0004+SRC0005+SRC0006+SRC0007+SRC0008+SRC0009+SRC0010+SRC0011+SRC0012+SRC0013+SRC0014+SRC0015+SRC0016+SRC0017+SRC0018+SRC0019+SRC0020+SRC0021+SRC0022+SRC0023+SRC0024+SRC0025+SRC0026+SRC0027+SRC0029+SRC0030+SRC0031	false	false
33	6	DAISY MAY	80	named_cast	named_cast_top300|character_registry	SRC0001+SRC0002+SRC0003+SRC0004+SRC0005+SRC0006+SRC0007+SRC0008+SRC0009+SRC0010+SRC0011+SRC0012+SRC0013+SRC0014+SRC0015+SRC0016+SRC0017+SRC0018+SRC0019+SRC0020+SRC0021+SRC0022+SRC0023+SRC0024+SRC0025+SRC0026+SRC0027+SRC0029+SRC0030+SRC0031	true	false
33	7	DERVISH	80	named_cast	named_cast_top300|character_registry	SRC0001+SRC0002+SRC0003+SRC0004+SRC0005+SRC0006+SRC0007+SRC0008+SRC0009+SRC0010+SRC0011+SRC0012+SRC0013+SRC0014+SRC0015+SRC0016+SRC0017+SRC0018+SRC0019+SRC0020+SRC0021+SRC0022+SRC0023+SRC0024+SRC0025+SRC0026+SRC0027+SRC0029+SRC0030+SRC0031	true	false
33	8	MACK	80	named_cast	named_cast_top300|character_registry	SRC0001+SRC0002+SRC0003+SRC0004+SRC0005+SRC0006+SRC0007+SRC0008+SRC0009+SRC0010+SRC0011+SRC0012+SRC0013+SRC0014+SRC0015+SRC0016+SRC0017+SRC0018+SRC0019+SRC0020+SRC0021+SRC0022+SRC0023+SRC0024+SRC0025+SRC0026+SRC0027+SRC0029+SRC0030+SRC0031	true	false
33	9	MAJISKII	80	named_cast	named_cast_top300|character_registry	SRC0001+SRC0002+SRC0003+SRC0004+SRC0005+SRC0006+SRC0007+SRC0008+SRC0009+SRC0010+SRC0011+SRC0012+SRC0013+SRC0014+SRC0015+SRC0016+SRC0017+SRC0018+SRC0019+SRC0020+SRC0021+SRC0022+SRC0023+SRC0024+SRC0025+SRC0026+SRC0027+SRC0029+SRC0030+SRC0031	true	false
33	10	NEITH	80	named_cast	named_cast_top300|character_registry	SRC0001+SRC0002+SRC0003+SRC0004+SRC0005+SRC0006+SRC0007+SRC0008+SRC0009+SRC0010+SRC0011+SRC0012+SRC0013+SRC0014+SRC0015+SRC0016+SRC0017+SRC0018+SRC0019+SRC0020+SRC0021+SRC0022+SRC0023+SRC0024+SRC0025+SRC0026+SRC0027+SRC0029+SRC0030+SRC0031	true	false
33	11	PIP	80	named_cast	named_cast_top300|character_registry	SRC0001+SRC0002+SRC0003+SRC0004+SRC0005+SRC0006+SRC0007+SRC0008+SRC0009+SRC0010+SRC0011+SRC0012+SRC0013+SRC0014+SRC0015+SRC0016+SRC0017+SRC0018+SRC0019+SRC0020+SRC0021+SRC0022+SRC0023+SRC0024+SRC0025+SRC0026+SRC0027+SRC0029+SRC0030+SRC0031	true	false
33	12	ROLZEN	80	named_cast	named_cast_top300|character_registry	SRC0001+SRC0002+SRC0003+SRC0004+SRC0005+SRC0006+SRC0007+SRC0008+SRC0009+SRC0010+SRC0011+SRC0012+SRC0013+SRC0014+SRC0015+SRC0016+SRC0017+SRC0018+SRC0019+SRC0020+SRC0021+SRC0022+SRC0023+SRC0024+SRC0025+SRC0026+SRC0027+SRC0029+SRC0030+SRC0031	true	false
33	13	URSULA	80	named_cast	named_cast_top300|character_registry	SRC0001+SRC0002+SRC0003+SRC0004+SRC0005+SRC0006+SRC0007+SRC0008+SRC0009+SRC0010+SRC0011+SRC0012+SRC0013+SRC0014+SRC0015+SRC0016+SRC0017+SRC0018+SRC0019+SRC0020+SRC0021+SRC0022+SRC0023+SRC0024+SRC0025+SRC0026+SRC0027+SRC0029+SRC0030+SRC0031	true	false
33	14	XETHROLUND	80	named_cast	named_cast_top300|character_registry	SRC0001+SRC0002+SRC0003+SRC0004+SRC0005+SRC0006+SRC0007+SRC0008+SRC0009+SRC0010+SRC0011+SRC0012+SRC0013+SRC0014+SRC0015+SRC0016+SRC0017+SRC0018+SRC0019+SRC0020+SRC0021+SRC0022+SRC0023+SRC0024+SRC0025+SRC0026+SRC0027+SRC0029+SRC0030+SRC0031	true	false
33	15	RYLOS / BOOJAY	72	named_cast	named_cast_top300	SRC0001+SRC0002+SRC0003+SRC0004+SRC0005+SRC0006+SRC0007+SRC0008+SRC0009+SRC0010+SRC0011+SRC0012+SRC0013+SRC0014+SRC0015+SRC0016+SRC0017+SRC0018+SRC0019+SRC0020+SRC0021+SRC0022+SRC0023+SRC0024+SRC0025+SRC0026+SRC0027+SRC0029+SRC0030+SRC0031	true	false
33	16	pre_pip_role	72	named_cast	named_cast_top300	SRC0001+SRC0002+SRC0003+SRC0004+SRC0005+SRC0006+SRC0007+SRC0008+SRC0009+SRC0010+SRC0011+SRC0012+SRC0013+SRC0014+SRC0015+SRC0016+SRC0017+SRC0018+SRC0019+SRC0020+SRC0021+SRC0022+SRC0023+SRC0024+SRC0025+SRC0026+SRC0027+SRC0029+SRC0030+SRC0031	true	false
33	17	rylos_arc	72	named_cast	named_cast_top300	SRC0001+SRC0002+SRC0003+SRC0004+SRC0005+SRC0006+SRC0007+SRC0008+SRC0009+SRC0010+SRC0011+SRC0012+SRC0013+SRC0014+SRC0015+SRC0016+SRC0017+SRC0018+SRC0019+SRC0020+SRC0021+SRC0022+SRC0023+SRC0024+SRC0025+SRC0026+SRC0027+SRC0029+SRC0030+SRC0031	true	false
33	18	rylos_pip_law	72	named_cast	named_cast_top300	SRC0001+SRC0002+SRC0003+SRC0004+SRC0005+SRC0006+SRC0007+SRC0008+SRC0009+SRC0010+SRC0011+SRC0012+SRC0013+SRC0014+SRC0015+SRC0016+SRC0017+SRC0018+SRC0019+SRC0020+SRC0021+SRC0022+SRC0023+SRC0024+SRC0025+SRC0026+SRC0027+SRC0029+SRC0030+SRC0031	true	false
33	19	Rylos	68	registry	character_registry	SRC0001+SRC0002+SRC0003+SRC0004+SRC0005+SRC0006+SRC0008+SRC0009+SRC0010+SRC0011+SRC0012+SRC0013+SRC0014+SRC0015+SRC0016+SRC0017+SRC0018+SRC0019+SRC0020+SRC0021+SRC0022+SRC0023+SRC0024+SRC0030+SRC0031	true	false
33	20	Boojay	63	reviewed	character_generation_review		true	false
33	21	arc	51	named_cast	named_cast_top300	SRC0001+SRC0002+SRC0003+SRC0004+SRC0005+SRC0006+SRC0007+SRC0008+SRC0009+SRC0010+SRC0011+SRC0012+SRC0013+SRC0014+SRC0015+SRC0016+SRC0017+SRC0018+SRC0019+SRC0020+SRC0021+SRC0022+SRC0023+SRC0024+SRC0025+SRC0026+SRC0027+SRC0029+SRC0030+SRC0031	false	false
33	22	book_24	39	named_cast	named_cast_top300	SRC0001+SRC0002+SRC0003+SRC0004+SRC0005+SRC0006+SRC0007+SRC0008+SRC0009+SRC0010+SRC0011+SRC0012+SRC0013+SRC0014+SRC0015+SRC0016+SRC0017+SRC0018+SRC0019+SRC0020+SRC0021+SRC0022+SRC0023+SRC0024+SRC0025+SRC0026+SRC0027+SRC0029+SRC0030+SRC0031	false	false
33	23	faction	39	named_cast	named_cast_top300	SRC0001+SRC0002+SRC0003+SRC0004+SRC0005+SRC0006+SRC0007+SRC0008+SRC0009+SRC0010+SRC0011+SRC0012+SRC0013+SRC0014+SRC0015+SRC0016+SRC0017+SRC0018+SRC0019+SRC0020+SRC0021+SRC0022+SRC0023+SRC0024+SRC0025+SRC0026+SRC0027+SRC0029+SRC0030+SRC0031	false	false
33	24	magic	39	named_cast	named_cast_top300	SRC0001+SRC0002+SRC0003+SRC0004+SRC0005+SRC0006+SRC0007+SRC0008+SRC0009+SRC0010+SRC0011+SRC0012+SRC0013+SRC0014+SRC0015+SRC0016+SRC0017+SRC0018+SRC0019+SRC0020+SRC0021+SRC0022+SRC0023+SRC0024+SRC0025+SRC0026+SRC0027+SRC0029+SRC0030+SRC0031	false	false
