serial	domain	name	source_refs	term_hits	interaction_layers	generator_status	status
WDM-POPULATION-20712a16174b	population	S243 Mack-Represents-the-Stable-Love-at-the-Center	canon/canonical_story_tree/all_25_books_latest_full_cycle.txt|canon/canonical_story_tree/books/Book_01_Choices_Make_World/book_content.txt	lives	timeline|relationships|scenes|quests|world	implemented_reference_map	reference_extracted_pending_domain_review
WDM-POPULATION-370a8abfea01	population	The book's emotional architecture clarifies	canon/canonical_story_tree/all_25_books_latest_full_cycle.txt|canon/canonical_story_tree/books/Book_01_Choices_Make_World/book_content.txt	lives	timeline|relationships|scenes|quests|world	implemented_reference_map	reference_extracted_pending_domain_review
WDM-POPULATION-abd34fb52558	population	around guardianship	canon/canonical_story_tree/all_25_books_latest_full_cycle.txt|canon/canonical_story_tree/books/Book_01_Choices_Make_World/book_content.txt	lives	timeline|relationships|scenes|quests|world	implemented_reference_map	reference_extracted_pending_domain_review
WDM-POPULATION-e6eb699a5be7	population	mercy	canon/canonical_story_tree/all_25_books_latest_full_cycle.txt|canon/canonical_story_tree/books/Book_01_Choices_Make_World/book_content.txt	lives	timeline|relationships|scenes|quests|world	implemented_reference_map	reference_extracted_pending_domain_review
WDM-POPULATION-fd788b9ed86b	population	and chosen bond	canon/canonical_story_tree/all_25_books_latest_full_cycle.txt|canon/canonical_story_tree/books/Book_01_Choices_Make_World/book_content.txt	lives	timeline|relationships|scenes|quests|world	implemented_reference_map	reference_extracted_pending_domain_review
WDM-POPULATION-843b87feb26c	population	S244 The-Blue-Thread-Now-Connects-Multiple-Lives	canon/canonical_story_tree/all_25_books_latest_full_cycle.txt|canon/canonical_story_tree/books/Book_01_Choices_Make_World/book_content.txt	lives	timeline|relationships|scenes|quests|world	implemented_reference_map	reference_extracted_pending_domain_review
WDM-POPULATION-af8af6ca5c1d	population	Prophecy is no longer abstract	canon/canonical_story_tree/all_25_books_latest_full_cycle.txt|canon/canonical_story_tree/books/Book_01_Choices_Make_World/book_content.txt	lives	timeline|relationships|scenes|quests|world	implemented_reference_map	reference_extracted_pending_domain_review
WDM-POPULATION-c76056b74a88	population	or singular	canon/canonical_story_tree/all_25_books_latest_full_cycle.txt|canon/canonical_story_tree/books/Book_01_Choices_Make_World/book_content.txt	lives	timeline|relationships|scenes|quests|world	implemented_reference_map	reference_extracted_pending_domain_review
WDM-POPULATION-cf833e02892b	population	S245 Home-and-World-Are-No-Longer-Separate-Realms	canon/canonical_story_tree/all_25_books_latest_full_cycle.txt|canon/canonical_story_tree/books/Book_01_Choices_Make_World/book_content.txt	lives	timeline|relationships|scenes|quests|world	implemented_reference_map	reference_extracted_pending_domain_review
WDM-POPULATION-c80718a7ac1b	population	Sanctuary and danger now inform	canon/canonical_story_tree/all_25_books_latest_full_cycle.txt|canon/canonical_story_tree/books/Book_01_Choices_Make_World/book_content.txt	lives	timeline|relationships|scenes|quests|world	implemented_reference_map	reference_extracted_pending_domain_review
WDM-POPULATION-8935f5a0c34a	population	each other directly	canon/canonical_story_tree/all_25_books_latest_full_cycle.txt|canon/canonical_story_tree/books/Book_01_Choices_Make_World/book_content.txt	lives	timeline|relationships|scenes|quests|world	implemented_reference_map	reference_extracted_pending_domain_review
WDM-POPULATION-abb201442b14	population	S246 The-Book-Prepares-to-Widen-Its-Cast-and-Cost	canon/canonical_story_tree/all_25_books_latest_full_cycle.txt|canon/canonical_story_tree/books/Book_01_Choices_Make_World/book_content.txt	lives	timeline|relationships|scenes|quests|world	implemented_reference_map	reference_extracted_pending_domain_review
WDM-POPULATION-429ad471d1e0	population	"Choices Make World

Mack-Represents-the-Stable-Love-at-the-Center"	canon/canonical_story_tree/all_25_books_latest_full_cycle.txt|canon/canonical_story_tree/books/Book_01_Choices_Make_World/book_content.txt	lives	timeline|relationships|scenes|quests|world	implemented_reference_map	reference_extracted_pending_domain_review
WDM-POPULATION-f49faa619434	population	B01	canon/canonical_story_tree/all_25_books_latest_full_cycle.txt|canon/canonical_story_tree/books/Book_01_Choices_Make_World/book_content.txt	lives|mortality	timeline|relationships|scenes|quests|world	implemented_reference_map	reference_extracted_pending_domain_review
WDM-POPULATION-82ccf5708e79	population	The	canon/canonical_story_tree/all_25_books_latest_full_cycle.txt|canon/canonical_story_tree/books/Book_01_Choices_Make_World/book_content.txt	lives	timeline|relationships|scenes|quests|world	implemented_reference_map	reference_extracted_pending_domain_review
WDM-POPULATION-752bcb33b1bf	population	Blue	canon/canonical_story_tree/all_25_books_latest_full_cycle.txt|canon/canonical_story_tree/books/Book_01_Choices_Make_World/book_content.txt	lives	timeline|relationships|scenes|quests|world	implemented_reference_map	reference_extracted_pending_domain_review
WDM-POPULATION-5a231170d928	population	Thread	canon/canonical_story_tree/all_25_books_latest_full_cycle.txt|canon/canonical_story_tree/books/Book_01_Choices_Make_World/book_content.txt	lives	timeline|relationships|scenes|quests|world	implemented_reference_map	reference_extracted_pending_domain_review
WDM-POPULATION-92354d541047	population	Now	canon/canonical_story_tree/all_25_books_latest_full_cycle.txt|canon/canonical_story_tree/books/Book_01_Choices_Make_World/book_content.txt	lives	timeline|relationships|scenes|quests|world	implemented_reference_map	reference_extracted_pending_domain_review
WDM-POPULATION-cc67b653253f	population	Connects	canon/canonical_story_tree/all_25_books_latest_full_cycle.txt|canon/canonical_story_tree/books/Book_01_Choices_Make_World/book_content.txt	lives	timeline|relationships|scenes|quests|world	implemented_reference_map	reference_extracted_pending_domain_review
WDM-POPULATION-88cb5331340e	population	Multiple	canon/canonical_story_tree/all_25_books_latest_full_cycle.txt|canon/canonical_story_tree/books/Book_01_Choices_Make_World/book_content.txt	lives	timeline|relationships|scenes|quests|world	implemented_reference_map	reference_extracted_pending_domain_review
WDM-POPULATION-947aede21b46	population	Lives	canon/canonical_story_tree/all_25_books_latest_full_cycle.txt|canon/canonical_story_tree/books/Book_01_Choices_Make_World/book_content.txt	lives	timeline|relationships|scenes|quests|world	implemented_reference_map	reference_extracted_pending_domain_review
WDM-POPULATION-aedb6f3ed8da	population	"The-Blue-Thread-Now-Connects-Multiple-Lives

scene"	canon/canonical_story_tree/all_25_books_latest_full_cycle.txt|canon/canonical_story_tree/books/Book_01_Choices_Make_World/book_content.txt	lives	timeline|relationships|scenes|quests|world	implemented_reference_map	reference_extracted_pending_domain_review
WDM-POPULATION-333d8ee72db3	population	"S244
beat"	canon/canonical_story_tree/all_25_books_latest_full_cycle.txt|canon/canonical_story_tree/books/Book_01_Choices_Make_World/book_content.txt	lives	timeline|relationships|scenes|quests|world	implemented_reference_map	reference_extracted_pending_domain_review
WDM-POPULATION-d821c9389f0c	population	book	canon/canonical_story_tree/all_25_books_latest_full_cycle.txt|canon/canonical_story_tree/books/Book_01_Choices_Make_World/book_content.txt|canon/canonical_story_tree/books/Book_11_The_Portal_Opens/book_content.txt|canon/canonical_story_tree/books/Book_12_Stasis/book_content.txt|canon/canonical_story_tree/books/Book_13_The_Afterwake/book_content.txt|canon/canonical_story_tree/books/Book_14_The_Long_Reorientation/book_content.txt|canon/canonical_story_tree/books/Book_15_Suffocating_In_Silence/book_content.txt|canon/canonical_story_tree/books/Book_16_The_Deepening_World/book_content.txt|canon/canonical_story_tree/books/Book_17_Black_Heart_Scar/book_content.txt|canon/canonical_story_tree/books/Book_18_Strange_Gravity/book_content.txt|canon/canonical_story_tree/books/Book_19_The_Cracking_Core/book_content.txt|canon/canonical_story_tree/books/Book_20_The_Beforemath/book_content.txt|canon/canonical_story_tree/books/Book_21_The_Final_Descent/book_content.txt|canon/canonical_story_tree/books/Book_22_The_Last_Open_Gate/book_content.txt|canon/canonical_story_tree/books/Book_23_The_Final_Resonance/book_content.txt|canon/canonical_story_tree/books/Book_24_Born_To_Die/book_content.txt|canon/canonical_story_tree/books/Book_25_Death_Is_Rebirth/book_content.txt	lives|mortality|species	timeline|relationships|scenes|quests|world	implemented_reference_map	reference_extracted_pending_domain_review
WDM-POPULATION-c41511b456d8	population	"Choices Make World

The-Blue-Thread-Now-Connects-Multiple-Lives"	canon/canonical_story_tree/all_25_books_latest_full_cycle.txt|canon/canonical_story_tree/books/Book_01_Choices_Make_World/book_content.txt	lives	timeline|relationships|scenes|quests|world	implemented_reference_map	reference_extracted_pending_domain_review
WDM-POPULATION-b1358c890d96	population	Home	canon/canonical_story_tree/all_25_books_latest_full_cycle.txt|canon/canonical_story_tree/books/Book_01_Choices_Make_World/book_content.txt	lives	timeline|relationships|scenes|quests|world	implemented_reference_map	reference_extracted_pending_domain_review
WDM-POPULATION-05f717ebad75	population	and	canon/canonical_story_tree/all_25_books_latest_full_cycle.txt|canon/canonical_story_tree/books/Book_01_Choices_Make_World/book_content.txt|canon/canonical_story_tree/world/wowas_world_zone_map.json	lives|settlement	timeline|relationships|scenes|quests|world	implemented_reference_map	reference_extracted_pending_domain_review
WDM-POPULATION-01272392d8dc	population	World	canon/canonical_story_tree/all_25_books_latest_full_cycle.txt|canon/canonical_story_tree/books/Book_01_Choices_Make_World/book_content.txt|canon/canonical_story_tree/world/wowas_world_zone_map.json	lives|population|settlement	timeline|relationships|scenes|quests|world	implemented_reference_map	reference_extracted_pending_domain_review
WDM-POPULATION-9b49d8076224	population	Are	canon/canonical_story_tree/all_25_books_latest_full_cycle.txt|canon/canonical_story_tree/books/Book_01_Choices_Make_World/book_content.txt	lives	timeline|relationships|scenes|quests|world	implemented_reference_map	reference_extracted_pending_domain_review
WDM-POPULATION-d1232c5c203f	population	Longer	canon/canonical_story_tree/all_25_books_latest_full_cycle.txt|canon/canonical_story_tree/books/Book_01_Choices_Make_World/book_content.txt	lives	timeline|relationships|scenes|quests|world	implemented_reference_map	reference_extracted_pending_domain_review
WDM-POPULATION-5a74e4f50275	population	Separate	canon/canonical_story_tree/all_25_books_latest_full_cycle.txt|canon/canonical_story_tree/books/Book_01_Choices_Make_World/book_content.txt	lives	timeline|relationships|scenes|quests|world	implemented_reference_map	reference_extracted_pending_domain_review
WDM-POPULATION-8130b213db84	population	Realms	canon/canonical_story_tree/all_25_books_latest_full_cycle.txt|canon/canonical_story_tree/books/Book_01_Choices_Make_World/book_content.txt	lives	timeline|relationships|scenes|quests|world	implemented_reference_map	reference_extracted_pending_domain_review
WDM-POPULATION-47a5ede14541	population	"Home-and-World-Are-No-Longer-Separate-Realms

scene"	canon/canonical_story_tree/all_25_books_latest_full_cycle.txt|canon/canonical_story_tree/books/Book_01_Choices_Make_World/book_content.txt	lives	timeline|relationships|scenes|quests|world	implemented_reference_map	reference_extracted_pending_domain_review
WDM-POPULATION-d564a55479d7	population	"S245
beat"	canon/canonical_story_tree/all_25_books_latest_full_cycle.txt|canon/canonical_story_tree/books/Book_01_Choices_Make_World/book_content.txt	lives	timeline|relationships|scenes|quests|world	implemented_reference_map	reference_extracted_pending_domain_review
WDM-POPULATION-ff88ae313f54	population	and prophetic force to launch	canon/canonical_story_tree/all_25_books_latest_full_cycle.txt|canon/canonical_story_tree/books/Book_01_Choices_Make_World/book_content.txt	mortality	timeline|relationships|scenes|quests|world	implemented_reference_map	reference_extracted_pending_domain_review
WDM-POPULATION-bf840d44d21a	population	directly into Book	canon/canonical_story_tree/all_25_books_latest_full_cycle.txt|canon/canonical_story_tree/books/Book_01_Choices_Make_World/book_content.txt	mortality	timeline|relationships|scenes|quests|world	implemented_reference_map	reference_extracted_pending_domain_review
WDM-POPULATION-11a4b51446a8	population	Mack	canon/canonical_story_tree/all_25_books_latest_full_cycle.txt|canon/canonical_story_tree/books/Book_01_Choices_Make_World/book_content.txt	mortality	timeline|relationships|scenes|quests|world	implemented_reference_map	reference_extracted_pending_domain_review
WDM-POPULATION-71726c87d69c	population	Dying	canon/canonical_story_tree/books/Book_01_Choices_Make_World/book_content.txt	mortality	timeline|relationships|scenes|quests|world	implemented_reference_map	reference_extracted_pending_domain_review
WDM-POPULATION-dc5dd973a110	population	Time	canon/canonical_story_tree/all_25_books_latest_full_cycle.txt|canon/canonical_story_tree/books/Book_01_Choices_Make_World/book_content.txt	mortality	timeline|relationships|scenes|quests|world	implemented_reference_map	reference_extracted_pending_domain_review
WDM-POPULATION-550c54d8fd3e	population	Mack Is Dying By Time	canon/canonical_story_tree/books/Book_01_Choices_Make_World/book_content.txt	mortality	timeline|relationships|scenes|quests|world	implemented_reference_map	reference_extracted_pending_domain_review
WDM-POPULATION-ad2e2fc2b4bf	population	function	canon/canonical_story_tree/all_25_books_latest_full_cycle.txt|canon/canonical_story_tree/books/Book_01_Choices_Make_World/book_content.txt	mortality	timeline|relationships|scenes|quests|world	implemented_reference_map	reference_extracted_pending_domain_review
WDM-POPULATION-26baddf7f78d	population	opening instability	canon/canonical_story_tree/all_25_books_latest_full_cycle.txt|canon/canonical_story_tree/books/Book_01_Choices_Make_World/book_content.txt	mortality	timeline|relationships|scenes|quests|world	implemented_reference_map	reference_extracted_pending_domain_review
WDM-POPULATION-40bd1a3f3c9c	population	caregiver mortality pressure	canon/canonical_story_tree/all_25_books_latest_full_cycle.txt|canon/canonical_story_tree/books/Book_01_Choices_Make_World/book_content.txt	mortality	timeline|relationships|scenes|quests|world	implemented_reference_map	reference_extracted_pending_domain_review
WDM-POPULATION-0a4a03bb2854	population	local	canon/canonical_story_tree/all_25_books_latest_full_cycle.txt|canon/canonical_story_tree/books/Book_01_Choices_Make_World/book_content.txt	mortality	timeline|relationships|scenes|quests|world	implemented_reference_map	reference_extracted_pending_domain_review
WDM-POPULATION-af76d233468f	population	span	canon/canonical_story_tree/all_25_books_latest_full_cycle.txt|canon/canonical_story_tree/books/Book_01_Choices_Make_World/book_content.txt	mortality	timeline|relationships|scenes|quests|world	implemented_reference_map	reference_extracted_pending_domain_review
WDM-POPULATION-91061b840ac3	population	single opening sequence	canon/canonical_story_tree/all_25_books_latest_full_cycle.txt|canon/canonical_story_tree/books/Book_01_Choices_Make_World/book_content.txt	mortality	timeline|relationships|scenes|quests|world	implemented_reference_map	reference_extracted_pending_domain_review
WDM-POPULATION-7a6ba4f1dd74	population	location	canon/canonical_story_tree/all_25_books_latest_full_cycle.txt|canon/canonical_story_tree/books/Book_01_Choices_Make_World/book_content.txt|canon/canonical_story_tree/world/wowas_world_zone_map.json	mortality|population|settlement	timeline|relationships|scenes|quests|world	implemented_reference_map	reference_extracted_pending_domain_review
WDM-POPULATION-57f40a6d1803	population	Oasis	canon/canonical_story_tree/all_25_books_latest_full_cycle.txt|canon/canonical_story_tree/books/Book_01_Choices_Make_World/book_content.txt	mortality	timeline|relationships|scenes|quests|world	implemented_reference_map	reference_extracted_pending_domain_review
WDM-POPULATION-35928e5a7e88	population	Mack-side opening state	canon/canonical_story_tree/all_25_books_latest_full_cycle.txt|canon/canonical_story_tree/books/Book_01_Choices_Make_World/book_content.txt	mortality	timeline|relationships|scenes|quests|world	implemented_reference_map	reference_extracted_pending_domain_review
WDM-POPULATION-5d028d7e7323	population	characters	canon/canonical_story_tree/all_25_books_latest_full_cycle.txt|canon/canonical_story_tree/books/Book_01_Choices_Make_World/book_content.txt|canon/canonical_story_tree/world/wowas_world_zone_map.json	census|mortality|population|settlement	timeline|relationships|scenes|quests|world	implemented_reference_map	reference_extracted_pending_domain_review
WDM-POPULATION-16bc4e9a4a51	population	Pip	canon/canonical_story_tree/all_25_books_latest_full_cycle.txt|canon/canonical_story_tree/books/Book_01_Choices_Make_World/book_content.txt	mortality	timeline|relationships|scenes|quests|world	implemented_reference_map	reference_extracted_pending_domain_review
WDM-POPULATION-a2bb4817560a	population	confidence	canon/canonical_story_tree/all_25_books_latest_full_cycle.txt|canon/canonical_story_tree/books/Book_01_Choices_Make_World/book_content.txt	mortality	timeline|relationships|scenes|quests|world	implemented_reference_map	reference_extracted_pending_domain_review
WDM-POPULATION-d44380fc27aa	population	high	canon/canonical_story_tree/all_25_books_latest_full_cycle.txt|canon/canonical_story_tree/books/Book_01_Choices_Make_World/book_content.txt	mortality	timeline|relationships|scenes|quests|world	implemented_reference_map	reference_extracted_pending_domain_review
WDM-POPULATION-1d246b626e80	population	"notes
Use for the chronomantic"	canon/canonical_story_tree/books/Book_01_Choices_Make_World/book_content.txt	mortality	timeline|relationships|scenes|quests|world	implemented_reference_map	reference_extracted_pending_domain_review
WDM-POPULATION-1c9b005259f5	population	Xethrolund Replies in	canon/canonical_story_tree/all_25_books_latest_full_cycle.txt|canon/canonical_story_tree/books/Book_03_The_First_Thread/book_content.txt	lives	timeline|relationships|scenes|quests|world	implemented_reference_map	reference_extracted_pending_domain_review
WDM-POPULATION-d36dc3ec3db8	population	Way That Steadies and Warms	canon/canonical_story_tree/all_25_books_latest_full_cycle.txt|canon/canonical_story_tree/books/Book_03_The_First_Thread/book_content.txt	lives	timeline|relationships|scenes|quests|world	implemented_reference_map	reference_extracted_pending_domain_review
WDM-POPULATION-f7455a982b67	population	continuous	canon/canonical_story_tree/all_25_books_latest_full_cycle.txt|canon/canonical_story_tree/books/Book_03_The_First_Thread/book_content.txt	lives	timeline|relationships|scenes|quests|world	implemented_reference_map	reference_extracted_pending_domain_review
WDM-POPULATION-e9fed6df1db1	population	Pip Realizes This Bond Is	canon/canonical_story_tree/all_25_books_latest_full_cycle.txt|canon/canonical_story_tree/books/Book_03_The_First_Thread/book_content.txt	lives	timeline|relationships|scenes|quests|world	implemented_reference_map	reference_extracted_pending_domain_review
WDM-POPULATION-906847a06ba6	population	Changing His Soul-Life	canon/canonical_story_tree/all_25_books_latest_full_cycle.txt|canon/canonical_story_tree/books/Book_03_The_First_Thread/book_content.txt	lives	timeline|relationships|scenes|quests|world	implemented_reference_map	reference_extracted_pending_domain_review
WDM-POPULATION-36ffeeb38f17	population	The House Sleeps While the	canon/canonical_story_tree/all_25_books_latest_full_cycle.txt|canon/canonical_story_tree/books/Book_03_The_First_Thread/book_content.txt	lives	timeline|relationships|scenes|quests|world	implemented_reference_map	reference_extracted_pending_domain_review
WDM-POPULATION-432b166b5f16	population	Thread Lives	canon/canonical_story_tree/all_25_books_latest_full_cycle.txt|canon/canonical_story_tree/books/Book_03_The_First_Thread/book_content.txt	lives	timeline|relationships|scenes|quests|world	implemented_reference_map	reference_extracted_pending_domain_review
WDM-POPULATION-ef47a58181c5	population	He Closes the Book Slowly	canon/canonical_story_tree/all_25_books_latest_full_cycle.txt|canon/canonical_story_tree/books/Book_03_The_First_Thread/book_content.txt	lives	timeline|relationships|scenes|quests|world	implemented_reference_map	reference_extracted_pending_domain_review
WDM-POPULATION-449cec5559db	population	Blue Memory Persists Into Sleep	canon/canonical_story_tree/all_25_books_latest_full_cycle.txt|canon/canonical_story_tree/books/Book_03_The_First_Thread/book_content.txt	lives	timeline|relationships|scenes|quests|world	implemented_reference_map	reference_extracted_pending_domain_review
WDM-POPULATION-c2866cd01a35	population	Doctrine Has Become Shelter	canon/canonical_story_tree/all_25_books_latest_full_cycle.txt|canon/canonical_story_tree/books/Book_03_The_First_Thread/book_content.txt	lives	timeline|relationships|scenes|quests|world	implemented_reference_map	reference_extracted_pending_domain_review
WDM-POPULATION-e85d2908de52	population	Major Stage Is Reached	canon/canonical_story_tree/all_25_books_latest_full_cycle.txt|canon/canonical_story_tree/books/Book_03_The_First_Thread/book_content.txt	lives	timeline|relationships|scenes|quests|world	implemented_reference_map	reference_extracted_pending_domain_review
WDM-POPULATION-320f906ad1e0	population	Blue Light Returns Softly	canon/canonical_story_tree/all_25_books_latest_full_cycle.txt|canon/canonical_story_tree/books/Book_03_The_First_Thread/book_content.txt	lives	timeline|relationships|scenes|quests|world	implemented_reference_map	reference_extracted_pending_domain_review
WDM-POPULATION-0cddd4255f1b	population	Symbol and Relation Reunite	canon/canonical_story_tree/all_25_books_latest_full_cycle.txt|canon/canonical_story_tree/books/Book_03_The_First_Thread/book_content.txt	lives	timeline|relationships|scenes|quests|world	implemented_reference_map	reference_extracted_pending_domain_review
WDM-POPULATION-be48435491ed	population	Recurring Sacred Rhythm Strengthens	canon/canonical_story_tree/all_25_books_latest_full_cycle.txt|canon/canonical_story_tree/books/Book_03_The_First_Thread/book_content.txt	lives	timeline|relationships|scenes|quests|world	implemented_reference_map	reference_extracted_pending_domain_review
WDM-POPULATION-332dc526045c	population	Pip Learns That Silence Is	canon/canonical_story_tree/all_25_books_latest_full_cycle.txt|canon/canonical_story_tree/books/Book_03_The_First_Thread/book_content.txt	lives	timeline|relationships|scenes|quests|world	implemented_reference_map	reference_extracted_pending_domain_review
WDM-POPULATION-e2a267c5c657	population	Not Abandonment	canon/canonical_story_tree/all_25_books_latest_full_cycle.txt|canon/canonical_story_tree/books/Book_03_The_First_Thread/book_content.txt	lives	timeline|relationships|scenes|quests|world	implemented_reference_map	reference_extracted_pending_domain_review
WDM-POPULATION-4b98f5d223f5	population	The Thread Survives Absence	canon/canonical_story_tree/all_25_books_latest_full_cycle.txt|canon/canonical_story_tree/books/Book_03_The_First_Thread/book_content.txt	lives	timeline|relationships|scenes|quests|world	implemented_reference_map	reference_extracted_pending_domain_review
WDM-POPULATION-22a09f355df6	population	Small Greeting	canon/canonical_story_tree/all_25_books_latest_full_cycle.txt|canon/canonical_story_tree/books/Book_03_The_First_Thread/book_content.txt	lives	timeline|relationships|scenes|quests|world	implemented_reference_map	reference_extracted_pending_domain_review
WDM-POPULATION-50e1aba8be39	population	Great Meaning	canon/canonical_story_tree/all_25_books_latest_full_cycle.txt|canon/canonical_story_tree/books/Book_03_The_First_Thread/book_content.txt	lives	timeline|relationships|scenes|quests|world	implemented_reference_map	reference_extracted_pending_domain_review
WDM-POPULATION-9032521ce6f6	population	The Simplest Exchange Carries Disproportionate	canon/canonical_story_tree/all_25_books_latest_full_cycle.txt|canon/canonical_story_tree/books/Book_03_The_First_Thread/book_content.txt	lives	timeline|relationships|scenes|quests|world	implemented_reference_map	reference_extracted_pending_domain_review
WDM-POPULATION-7e9d58df16a5	population	Comfort	canon/canonical_story_tree/all_25_books_latest_full_cycle.txt|canon/canonical_story_tree/books/Book_03_The_First_Thread/book_content.txt	lives	timeline|relationships|scenes|quests|world	implemented_reference_map	reference_extracted_pending_domain_review
WDM-POPULATION-18088df96a3b	population	The Far Voice Lives in	canon/canonical_story_tree/all_25_books_latest_full_cycle.txt|canon/canonical_story_tree/books/Book_03_The_First_Thread/book_content.txt	lives	timeline|relationships|scenes|quests|world	implemented_reference_map	reference_extracted_pending_domain_review
WDM-POPULATION-d9192e9907e0	population	Daily Rhythm	canon/canonical_story_tree/all_25_books_latest_full_cycle.txt|canon/canonical_story_tree/books/Book_03_The_First_Thread/book_content.txt	lives	timeline|relationships|scenes|quests|world	implemented_reference_map	reference_extracted_pending_domain_review
WDM-POPULATION-7755289f94d3	population	Distance Becomes Routine Rather Than	canon/canonical_story_tree/all_25_books_latest_full_cycle.txt|canon/canonical_story_tree/books/Book_03_The_First_Thread/book_content.txt	lives	timeline|relationships|scenes|quests|world	implemented_reference_map	reference_extracted_pending_domain_review
WDM-POPULATION-9882e495c524	population	Rupture	canon/canonical_story_tree/all_25_books_latest_full_cycle.txt|canon/canonical_story_tree/books/Book_03_The_First_Thread/book_content.txt	lives	timeline|relationships|scenes|quests|world	implemented_reference_map	reference_extracted_pending_domain_review
WDM-POPULATION-c72afd1eb71c	population	Pip Thinks with Him Now	canon/canonical_story_tree/all_25_books_latest_full_cycle.txt|canon/canonical_story_tree/books/Book_03_The_First_Thread/book_content.txt	lives	timeline|relationships|scenes|quests|world	implemented_reference_map	reference_extracted_pending_domain_review
WDM-POPULATION-701caeeb454c	population	Inner Dialogue Begins Carrying Xethrolund's	canon/canonical_story_tree/all_25_books_latest_full_cycle.txt|canon/canonical_story_tree/books/Book_03_The_First_Thread/book_content.txt	lives	timeline|relationships|scenes|quests|world	implemented_reference_map	reference_extracted_pending_domain_review
WDM-POPULATION-20ebcfcf18f8	population	S092 Pip-Receives-It-Without-Turning-Him-Into-Symbol	canon/canonical_story_tree/all_25_books_latest_full_cycle.txt|canon/canonical_story_tree/books/Book_06_The_Refusal_And_The_Wound/book_content.txt	species	timeline|relationships|scenes|quests|world	implemented_reference_map	reference_extracted_pending_domain_review
WDM-POPULATION-0c480cc50a60	population	Important correction	canon/canonical_story_tree/all_25_books_latest_full_cycle.txt|canon/canonical_story_tree/books/Book_06_The_Refusal_And_The_Wound/book_content.txt	species	timeline|relationships|scenes|quests|world	implemented_reference_map	reference_extracted_pending_domain_review
WDM-POPULATION-96d13f2e7355	population	S093 The-Outside-World-Starts-Pressing-Again	canon/canonical_story_tree/all_25_books_latest_full_cycle.txt|canon/canonical_story_tree/books/Book_06_The_Refusal_And_The_Wound/book_content.txt	species	timeline|relationships|scenes|quests|world	implemented_reference_map	reference_extracted_pending_domain_review
WDM-POPULATION-0e75b3840890	population	Internal repair must hold under	canon/canonical_story_tree/all_25_books_latest_full_cycle.txt|canon/canonical_story_tree/books/Book_06_The_Refusal_And_The_Wound/book_content.txt	species	timeline|relationships|scenes|quests|world	implemented_reference_map	reference_extracted_pending_domain_review
WDM-POPULATION-cbe14f744d00	population	stress	canon/canonical_story_tree/all_25_books_latest_full_cycle.txt|canon/canonical_story_tree/books/Book_06_The_Refusal_And_The_Wound/book_content.txt	species	timeline|relationships|scenes|quests|world	implemented_reference_map	reference_extracted_pending_domain_review
WDM-POPULATION-10dfe582fdf7	population	S094 Daisy-May-and-Majeski-Anchor-the-Scene-Silently	canon/canonical_story_tree/all_25_books_latest_full_cycle.txt|canon/canonical_story_tree/books/Book_06_The_Refusal_And_The_Wound/book_content.txt	species	timeline|relationships|scenes|quests|world	implemented_reference_map	reference_extracted_pending_domain_review
WDM-POPULATION-aea78b32478c	population	Species truth stays intact	canon/canonical_story_tree/all_25_books_latest_full_cycle.txt|canon/canonical_story_tree/books/Book_06_The_Refusal_And_The_Wound/book_content.txt|canon/canonical_story_tree/books/Book_10_Mack_Falls/book_content.txt	species	timeline|relationships|scenes|quests|world	implemented_reference_map	reference_extracted_pending_domain_review
WDM-POPULATION-7049c0f2dc5d	population	S095 The-Pair-Bond-Grows-More-Precise	canon/canonical_story_tree/all_25_books_latest_full_cycle.txt|canon/canonical_story_tree/books/Book_06_The_Refusal_And_The_Wound/book_content.txt	species	timeline|relationships|scenes|quests|world	implemented_reference_map	reference_extracted_pending_domain_review
WDM-POPULATION-cfe5d1a1c5ec	population	This is love with better	canon/canonical_story_tree/all_25_books_latest_full_cycle.txt|canon/canonical_story_tree/books/Book_06_The_Refusal_And_The_Wound/book_content.txt	species	timeline|relationships|scenes|quests|world	implemented_reference_map	reference_extracted_pending_domain_review
WDM-POPULATION-89f41d4405de	population	vision	canon/canonical_story_tree/all_25_books_latest_full_cycle.txt|canon/canonical_story_tree/books/Book_06_The_Refusal_And_The_Wound/book_content.txt	species	timeline|relationships|scenes|quests|world	implemented_reference_map	reference_extracted_pending_domain_review
WDM-POPULATION-62d8a843f96e	population	S096 The-Beat-Ends-with-Rylos-Set-Correctly-in-the-Spine	canon/canonical_story_tree/all_25_books_latest_full_cycle.txt|canon/canonical_story_tree/books/Book_06_The_Refusal_And_The_Wound/book_content.txt	species	timeline|relationships|scenes|quests|world	implemented_reference_map	reference_extracted_pending_domain_review
WDM-POPULATION-b9f93ae902a3	population	Naming drift is fought inside	canon/canonical_story_tree/all_25_books_latest_full_cycle.txt|canon/canonical_story_tree/books/Book_06_The_Refusal_And_The_Wound/book_content.txt	species	timeline|relationships|scenes|quests|world	implemented_reference_map	reference_extracted_pending_domain_review
WDM-POPULATION-8a44dba22f39	population	Canon naming and role stabilize	canon/canonical_story_tree/all_25_books_latest_full_cycle.txt|canon/canonical_story_tree/books/Book_06_The_Refusal_And_The_Wound/book_content.txt	species	timeline|relationships|scenes|quests|world	implemented_reference_map	reference_extracted_pending_domain_review
WDM-POPULATION-e65ed2e112b2	population	S112 Mack-Vast-Willow-Presence-Is-Reembedded-Properly	canon/canonical_story_tree/all_25_books_latest_full_cycle.txt|canon/canonical_story_tree/books/Book_06_The_Refusal_And_The_Wound/book_content.txt	species	timeline|relationships|scenes|quests|world	implemented_reference_map	reference_extracted_pending_domain_review
WDM-POPULATION-b7113403b0c6	population	Scale	canon/canonical_story_tree/all_25_books_latest_full_cycle.txt|canon/canonical_story_tree/books/Book_06_The_Refusal_And_The_Wound/book_content.txt	species	timeline|relationships|scenes|quests|world	implemented_reference_map	reference_extracted_pending_domain_review
WDM-POPULATION-1f514b9a788c	population	voice	canon/canonical_story_tree/all_25_books_latest_full_cycle.txt|canon/canonical_story_tree/books/Book_06_The_Refusal_And_The_Wound/book_content.txt	species	timeline|relationships|scenes|quests|world	implemented_reference_map	reference_extracted_pending_domain_review
WDM-POPULATION-58db5a84cf45	population	and terrain-magic lock back into	canon/canonical_story_tree/all_25_books_latest_full_cycle.txt|canon/canonical_story_tree/books/Book_06_The_Refusal_And_The_Wound/book_content.txt	species	timeline|relationships|scenes|quests|world	implemented_reference_map	reference_extracted_pending_domain_review
WDM-POPULATION-58160295680a	population	the spine	canon/canonical_story_tree/all_25_books_latest_full_cycle.txt|canon/canonical_story_tree/books/Book_06_The_Refusal_And_The_Wound/book_content.txt	species	timeline|relationships|scenes|quests|world	implemented_reference_map	reference_extracted_pending_domain_review
WDM-POPULATION-e202d4dd5c00	population	S113 Daisy-May-and-Majeski-Remain-True-to-Species-and-Silence	canon/canonical_story_tree/all_25_books_latest_full_cycle.txt|canon/canonical_story_tree/books/Book_06_The_Refusal_And_The_Wound/book_content.txt	species	timeline|relationships|scenes|quests|world	implemented_reference_map	reference_extracted_pending_domain_review
WDM-POPULATION-fdd77fa75346	population	No humanization drift survives	canon/canonical_story_tree/all_25_books_latest_full_cycle.txt|canon/canonical_story_tree/books/Book_06_The_Refusal_And_The_Wound/book_content.txt	species	timeline|relationships|scenes|quests|world	implemented_reference_map	reference_extracted_pending_domain_review
WDM-POPULATION-301785f5ec3b	population	S114 The-Wound-Is-Shown-to-Be-Moral-Relational-and-Route-Bearing	canon/canonical_story_tree/all_25_books_latest_full_cycle.txt|canon/canonical_story_tree/books/Book_06_The_Refusal_And_The_Wound/book_content.txt	species	timeline|relationships|scenes|quests|world	implemented_reference_map	reference_extracted_pending_domain_review
WDM-POPULATION-ac6d9716ac0f	population	Book law deepens	canon/canonical_story_tree/all_25_books_latest_full_cycle.txt|canon/canonical_story_tree/books/Book_06_The_Refusal_And_The_Wound/book_content.txt	species	timeline|relationships|scenes|quests|world	implemented_reference_map	reference_extracted_pending_domain_review
WDM-POPULATION-1d674d4dba69	population	S115 The-Sanctuary-Proves-It-Can-Hold-Severe-Truth-Without-Losing-Love	canon/canonical_story_tree/all_25_books_latest_full_cycle.txt|canon/canonical_story_tree/books/Book_06_The_Refusal_And_The_Wound/book_content.txt	species	timeline|relationships|scenes|quests|world	implemented_reference_map	reference_extracted_pending_domain_review
WDM-POPULATION-376a21761973	population	S052 Rylos-Acts-Without-Waiting-to-Be-Told-Twice	canon/canonical_story_tree/all_25_books_latest_full_cycle.txt|canon/canonical_story_tree/books/Book_07_The_Rift_Widens/book_content.txt	species	timeline|relationships|scenes|quests|world	implemented_reference_map	reference_extracted_pending_domain_review
WDM-POPULATION-465278dcf22b	population	He is load-bearing	canon/canonical_story_tree/all_25_books_latest_full_cycle.txt|canon/canonical_story_tree/books/Book_07_The_Rift_Widens/book_content.txt	species	timeline|relationships|scenes|quests|world	implemented_reference_map	reference_extracted_pending_domain_review
WDM-POPULATION-4b7e1952326a	population	S053 Daisy-May-and-Majeski-Shift-From-Comfort-Presence-to-Household-Defense	canon/canonical_story_tree/all_25_books_latest_full_cycle.txt|canon/canonical_story_tree/books/Book_07_The_Rift_Widens/book_content.txt	species	timeline|relationships|scenes|quests|world	implemented_reference_map	reference_extracted_pending_domain_review
WDM-POPULATION-8246403c738f	population	Their function sharpens without breaking	canon/canonical_story_tree/all_25_books_latest_full_cycle.txt|canon/canonical_story_tree/books/Book_07_The_Rift_Widens/book_content.txt	species	timeline|relationships|scenes|quests|world	implemented_reference_map	reference_extracted_pending_domain_review
WDM-POPULATION-b0d85e9b3f7d	population	species truth	canon/canonical_story_tree/all_25_books_latest_full_cycle.txt|canon/canonical_story_tree/books/Book_07_The_Rift_Widens/book_content.txt	species	timeline|relationships|scenes|quests|world	implemented_reference_map	reference_extracted_pending_domain_review
WDM-POPULATION-cb4c5da9a6e4	population	S054 The-Needled-Canopy-Lowers-and-the-Ground-Tenses	canon/canonical_story_tree/all_25_books_latest_full_cycle.txt|canon/canonical_story_tree/books/Book_07_The_Rift_Widens/book_content.txt	species	timeline|relationships|scenes|quests|world	implemented_reference_map	reference_extracted_pending_domain_review
WDM-POPULATION-aafa6f8c2eef	population	Mack's body and magic are	canon/canonical_story_tree/all_25_books_latest_full_cycle.txt|canon/canonical_story_tree/books/Book_07_The_Rift_Widens/book_content.txt	species	timeline|relationships|scenes|quests|world	implemented_reference_map	reference_extracted_pending_domain_review
WDM-POPULATION-f07a38eece2a	population	the scene	canon/canonical_story_tree/all_25_books_latest_full_cycle.txt|canon/canonical_story_tree/books/Book_07_The_Rift_Widens/book_content.txt	species	timeline|relationships|scenes|quests|world	implemented_reference_map	reference_extracted_pending_domain_review
WDM-POPULATION-b4efa9539b42	population	S055 Pip-Does-Not-Reach-for-Sonomancy-As-Easy-Solution	canon/canonical_story_tree/all_25_books_latest_full_cycle.txt|canon/canonical_story_tree/books/Book_07_The_Rift_Widens/book_content.txt	species	timeline|relationships|scenes|quests|world	implemented_reference_map	reference_extracted_pending_domain_review
WDM-POPULATION-dfcadd7fd95c	population	Limit stays intact	canon/canonical_story_tree/all_25_books_latest_full_cycle.txt|canon/canonical_story_tree/books/Book_07_The_Rift_Widens/book_content.txt	species	timeline|relationships|scenes|quests|world	implemented_reference_map	reference_extracted_pending_domain_review
WDM-POPULATION-b00aa21598eb	population	S055 Rylos-Keeps-the-Moment-From-Turning-Mythic-and-Vague	canon/canonical_story_tree/all_25_books_latest_full_cycle.txt|canon/canonical_story_tree/books/Book_10_Mack_Falls/book_content.txt	species	timeline|relationships|scenes|quests|world	implemented_reference_map	reference_extracted_pending_domain_review
WDM-POPULATION-23dd998bc636	population	Accuracy matters	canon/canonical_story_tree/all_25_books_latest_full_cycle.txt|canon/canonical_story_tree/books/Book_10_Mack_Falls/book_content.txt	species	timeline|relationships|scenes|quests|world	implemented_reference_map	reference_extracted_pending_domain_review
WDM-POPULATION-0de0704da2ed	population	S056 Daisy-May-and-Majeski-Remain-Present-As-Living-Household-Truth-Within-Cosmic-Discussion	canon/canonical_story_tree/all_25_books_latest_full_cycle.txt|canon/canonical_story_tree/books/Book_10_Mack_Falls/book_content.txt	species	timeline|relationships|scenes|quests|world	implemented_reference_map	reference_extracted_pending_domain_review
WDM-POPULATION-241099c3950f	population	Species truth holds	canon/canonical_story_tree/all_25_books_latest_full_cycle.txt|canon/canonical_story_tree/books/Book_10_Mack_Falls/book_content.txt	species	timeline|relationships|scenes|quests|world	implemented_reference_map	reference_extracted_pending_domain_review
WDM-POPULATION-82af759052be	population	S057 Mack-Frames-His-Fall-As-Part-of-a-Wider-Wound-Pattern	canon/canonical_story_tree/all_25_books_latest_full_cycle.txt|canon/canonical_story_tree/books/Book_10_Mack_Falls/book_content.txt	species	timeline|relationships|scenes|quests|world	implemented_reference_map	reference_extracted_pending_domain_review
WDM-POPULATION-ad6e0f10d982	population	Deity reading deepens	canon/canonical_story_tree/all_25_books_latest_full_cycle.txt|canon/canonical_story_tree/books/Book_10_Mack_Falls/book_content.txt	species	timeline|relationships|scenes|quests|world	implemented_reference_map	reference_extracted_pending_domain_review
WDM-POPULATION-4e6d75e7d471	population	S058 The-Sanctuary-Feels-Like-It-Is-Listening-Downward-Into-the-Planet	canon/canonical_story_tree/all_25_books_latest_full_cycle.txt|canon/canonical_story_tree/books/Book_10_Mack_Falls/book_content.txt	species	timeline|relationships|scenes|quests|world	implemented_reference_map	reference_extracted_pending_domain_review
WDM-POPULATION-4827b34fe4e8	population	Setting truth sharpens	canon/canonical_story_tree/all_25_books_latest_full_cycle.txt|canon/canonical_story_tree/books/Book_10_Mack_Falls/book_content.txt	species	timeline|relationships|scenes|quests|world	implemented_reference_map	reference_extracted_pending_domain_review
WDM-POPULATION-68446a355268	population	Essential clarity	canon/canonical_story_tree/all_25_books_latest_full_cycle.txt|canon/canonical_story_tree/books/Book_10_Mack_Falls/book_content.txt	species	timeline|relationships|scenes|quests|world	implemented_reference_map	reference_extracted_pending_domain_review
WDM-POPULATION-6fde9243f63e	population	S077 Mack-Reorders-the-Ground-One-More-Time-to-Protect-Them	canon/canonical_story_tree/all_25_books_latest_full_cycle.txt|canon/canonical_story_tree/books/Book_10_Mack_Falls/book_content.txt	species	timeline|relationships|scenes|quests|world	implemented_reference_map	reference_extracted_pending_domain_review
WDM-POPULATION-311492cca322	population	Deity-class effort under damage	canon/canonical_story_tree/all_25_books_latest_full_cycle.txt|canon/canonical_story_tree/books/Book_10_Mack_Falls/book_content.txt	species	timeline|relationships|scenes|quests|world	implemented_reference_map	reference_extracted_pending_domain_review
WDM-POPULATION-53082adf7709	population	S078 Daisy-May-and-Majeski-Move-Through-the-Shift-As-Family-Not-Symbols	canon/canonical_story_tree/all_25_books_latest_full_cycle.txt|canon/canonical_story_tree/books/Book_10_Mack_Falls/book_content.txt	species	timeline|relationships|scenes|quests|world	implemented_reference_map	reference_extracted_pending_domain_review
WDM-POPULATION-c072227fb781	population	S079 Pip-Does-Not-Try-to-Solve-It-With-Easy-Sonomancy	canon/canonical_story_tree/all_25_books_latest_full_cycle.txt|canon/canonical_story_tree/books/Book_10_Mack_Falls/book_content.txt	species	timeline|relationships|scenes|quests|world	implemented_reference_map	reference_extracted_pending_domain_review
WDM-POPULATION-a216ef827b1f	population	Limit remains honest	canon/canonical_story_tree/all_25_books_latest_full_cycle.txt|canon/canonical_story_tree/books/Book_10_Mack_Falls/book_content.txt	species	timeline|relationships|scenes|quests|world	implemented_reference_map	reference_extracted_pending_domain_review
WDM-POPULATION-193a05f116bd	population	S080 He-Acts-With-What-He-Actually-Has	canon/canonical_story_tree/all_25_books_latest_full_cycle.txt|canon/canonical_story_tree/books/Book_10_Mack_Falls/book_content.txt	species	timeline|relationships|scenes|quests|world	implemented_reference_map	reference_extracted_pending_domain_review
WDM-POPULATION-37442e775154	population	Determination stays grounded	canon/canonical_story_tree/all_25_books_latest_full_cycle.txt|canon/canonical_story_tree/books/Book_10_Mack_Falls/book_content.txt	species	timeline|relationships|scenes|quests|world	implemented_reference_map	reference_extracted_pending_domain_review
WDM-POPULATION-3091c8e9e400	population	S081 Rylos-Stays-Beside-Him-And-Beside-Mack	canon/canonical_story_tree/all_25_books_latest_full_cycle.txt|canon/canonical_story_tree/books/Book_10_Mack_Falls/book_content.txt	species	timeline|relationships|scenes|quests|world	implemented_reference_map	reference_extracted_pending_domain_review
WDM-POPULATION-9e16a76f4c23	population	S101 Ursula's-Core-Binding-and-Mack-Fall-Start-to-Look-Like-Adjacent-Wounds	canon/canonical_story_tree/all_25_books_latest_full_cycle.txt|canon/canonical_story_tree/books/Book_10_Mack_Falls/book_content.txt	species	timeline|relationships|scenes|quests|world	implemented_reference_map	reference_extracted_pending_domain_review
WDM-POPULATION-ec0cee292222	population	Deity-scale pattern strengthens	canon/canonical_story_tree/all_25_books_latest_full_cycle.txt|canon/canonical_story_tree/books/Book_10_Mack_Falls/book_content.txt	species	timeline|relationships|scenes|quests|world	implemented_reference_map	reference_extracted_pending_domain_review
WDM-POPULATION-b0b49654370b	population	S102 Daisy-May-and-Majeski-Remain-Present-Within-the-Lesson-As-Living-Household-Truth	canon/canonical_story_tree/all_25_books_latest_full_cycle.txt|canon/canonical_story_tree/books/Book_10_Mack_Falls/book_content.txt	species	timeline|relationships|scenes|quests|world	implemented_reference_map	reference_extracted_pending_domain_review
WDM-POPULATION-9e3e5f5a7eb9	population	Species truth continues	canon/canonical_story_tree/all_25_books_latest_full_cycle.txt|canon/canonical_story_tree/books/Book_10_Mack_Falls/book_content.txt	species	timeline|relationships|scenes|quests|world	implemented_reference_map	reference_extracted_pending_domain_review
WDM-POPULATION-c1e4cf75c781	population	S103 Pip-Does-Not-Claim-He-Can-Replace-Mack	canon/canonical_story_tree/all_25_books_latest_full_cycle.txt|canon/canonical_story_tree/books/Book_10_Mack_Falls/book_content.txt	species	timeline|relationships|scenes|quests|world	implemented_reference_map	reference_extracted_pending_domain_review
WDM-POPULATION-4e6a30567948	population	Honest limitation	canon/canonical_story_tree/all_25_books_latest_full_cycle.txt|canon/canonical_story_tree/books/Book_10_Mack_Falls/book_content.txt	species	timeline|relationships|scenes|quests|world	implemented_reference_map	reference_extracted_pending_domain_review
WDM-POPULATION-b73e8718b080	population	S104 He-Does-Claim-He-Will-Answer-What-He-Can	canon/canonical_story_tree/all_25_books_latest_full_cycle.txt|canon/canonical_story_tree/books/Book_10_Mack_Falls/book_content.txt	species	timeline|relationships|scenes|quests|world	implemented_reference_map	reference_extracted_pending_domain_review
WDM-POPULATION-2d5159843a8e	population	Determination remains core	canon/canonical_story_tree/all_25_books_latest_full_cycle.txt|canon/canonical_story_tree/books/Book_10_Mack_Falls/book_content.txt	species	timeline|relationships|scenes|quests|world	implemented_reference_map	reference_extracted_pending_domain_review
WDM-POPULATION-2560107cf8fd	population	S105 Rylos-Stands-With-Him-In-That-Cleaner-Shape	canon/canonical_story_tree/all_25_books_latest_full_cycle.txt|canon/canonical_story_tree/books/Book_10_Mack_Falls/book_content.txt	species	timeline|relationships|scenes|quests|world	implemented_reference_map	reference_extracted_pending_domain_review
WDM-POPULATION-1b4609c581b6	population	S082 Majeski-Remains-With-Her	canon/canonical_story_tree/all_25_books_latest_full_cycle.txt|canon/canonical_story_tree/books/Book_11_The_Portal_Opens/book_content.txt|canon/canonical_story_tree/books/Book_12_Stasis/book_content.txt|canon/canonical_story_tree/books/Book_13_The_Afterwake/book_content.txt|canon/canonical_story_tree/books/Book_14_The_Long_Reorientation/book_content.txt|canon/canonical_story_tree/books/Book_15_Suffocating_In_Silence/book_content.txt|canon/canonical_story_tree/books/Book_16_The_Deepening_World/book_content.txt|canon/canonical_story_tree/books/Book_17_Black_Heart_Scar/book_content.txt|canon/canonical_story_tree/books/Book_18_Strange_Gravity/book_content.txt|canon/canonical_story_tree/books/Book_19_The_Cracking_Core/book_content.txt|canon/canonical_story_tree/books/Book_20_The_Beforemath/book_content.txt|canon/canonical_story_tree/books/Book_21_The_Final_Descent/book_content.txt|canon/canonical_story_tree/books/Book_22_The_Last_Open_Gate/book_content.txt|canon/canonical_story_tree/books/Book_23_The_Final_Resonance/book_content.txt|canon/canonical_story_tree/books/Book_24_Born_To_Die/book_content.txt|canon/canonical_story_tree/books/Book_25_Death_Is_Rebirth/book_content.txt	species	timeline|relationships|scenes|quests|world	implemented_reference_map	reference_extracted_pending_domain_review
WDM-POPULATION-a0b19403e73a	population	Their pair truth remains protected	canon/canonical_story_tree/all_25_books_latest_full_cycle.txt|canon/canonical_story_tree/books/Book_11_The_Portal_Opens/book_content.txt|canon/canonical_story_tree/books/Book_12_Stasis/book_content.txt|canon/canonical_story_tree/books/Book_13_The_Afterwake/book_content.txt|canon/canonical_story_tree/books/Book_14_The_Long_Reorientation/book_content.txt|canon/canonical_story_tree/books/Book_15_Suffocating_In_Silence/book_content.txt|canon/canonical_story_tree/books/Book_16_The_Deepening_World/book_content.txt|canon/canonical_story_tree/books/Book_17_Black_Heart_Scar/book_content.txt|canon/canonical_story_tree/books/Book_18_Strange_Gravity/book_content.txt|canon/canonical_story_tree/books/Book_19_The_Cracking_Core/book_content.txt|canon/canonical_story_tree/books/Book_20_The_Beforemath/book_content.txt|canon/canonical_story_tree/books/Book_21_The_Final_Descent/book_content.txt|canon/canonical_story_tree/books/Book_22_The_Last_Open_Gate/book_content.txt|canon/canonical_story_tree/books/Book_23_The_Final_Resonance/book_content.txt|canon/canonical_story_tree/books/Book_24_Born_To_Die/book_content.txt|canon/canonical_story_tree/books/Book_25_Death_Is_Rebirth/book_content.txt	species	timeline|relationships|scenes|quests|world	implemented_reference_map	reference_extracted_pending_domain_review
WDM-POPULATION-84b839a2605e	population	S083 The-Household-Finds-Strength-in-Not-Lying-About-Who-Anyone-Is	canon/canonical_story_tree/all_25_books_latest_full_cycle.txt|canon/canonical_story_tree/books/Book_11_The_Portal_Opens/book_content.txt	species	timeline|relationships|scenes|quests|world	implemented_reference_map	reference_extracted_pending_domain_review
WDM-POPULATION-80daf09850ee	population	Theme sharpens	canon/canonical_story_tree/all_25_books_latest_full_cycle.txt|canon/canonical_story_tree/books/Book_11_The_Portal_Opens/book_content.txt|canon/canonical_story_tree/books/Book_12_Stasis/book_content.txt|canon/canonical_story_tree/books/Book_13_The_Afterwake/book_content.txt|canon/canonical_story_tree/books/Book_14_The_Long_Reorientation/book_content.txt|canon/canonical_story_tree/books/Book_15_Suffocating_In_Silence/book_content.txt|canon/canonical_story_tree/books/Book_16_The_Deepening_World/book_content.txt|canon/canonical_story_tree/books/Book_17_Black_Heart_Scar/book_content.txt|canon/canonical_story_tree/books/Book_18_Strange_Gravity/book_content.txt|canon/canonical_story_tree/books/Book_19_The_Cracking_Core/book_content.txt|canon/canonical_story_tree/books/Book_20_The_Beforemath/book_content.txt|canon/canonical_story_tree/books/Book_21_The_Final_Descent/book_content.txt|canon/canonical_story_tree/books/Book_22_The_Last_Open_Gate/book_content.txt|canon/canonical_story_tree/books/Book_23_The_Final_Resonance/book_content.txt|canon/canonical_story_tree/books/Book_24_Born_To_Die/book_content.txt|canon/canonical_story_tree/books/Book_25_Death_Is_Rebirth/book_content.txt	species	timeline|relationships|scenes|quests|world	implemented_reference_map	reference_extracted_pending_domain_review
WDM-POPULATION-c03eb27c14ce	population	S084 The-Beat-Ends-with-Species-and-Relation-Truth-Held-Firm	canon/canonical_story_tree/all_25_books_latest_full_cycle.txt|canon/canonical_story_tree/books/Book_11_The_Portal_Opens/book_content.txt	species	timeline|relationships|scenes|quests|world	implemented_reference_map	reference_extracted_pending_domain_review
WDM-POPULATION-4494c2384069	population	stays clean	canon/canonical_story_tree/all_25_books_latest_full_cycle.txt|canon/canonical_story_tree/books/Book_11_The_Portal_Opens/book_content.txt|canon/canonical_story_tree/books/Book_12_Stasis/book_content.txt|canon/canonical_story_tree/books/Book_13_The_Afterwake/book_content.txt|canon/canonical_story_tree/books/Book_14_The_Long_Reorientation/book_content.txt|canon/canonical_story_tree/books/Book_15_Suffocating_In_Silence/book_content.txt|canon/canonical_story_tree/books/Book_16_The_Deepening_World/book_content.txt|canon/canonical_story_tree/books/Book_17_Black_Heart_Scar/book_content.txt|canon/canonical_story_tree/books/Book_18_Strange_Gravity/book_content.txt|canon/canonical_story_tree/books/Book_19_The_Cracking_Core/book_content.txt|canon/canonical_story_tree/books/Book_20_The_Beforemath/book_content.txt|canon/canonical_story_tree/books/Book_21_The_Final_Descent/book_content.txt|canon/canonical_story_tree/books/Book_22_The_Last_Open_Gate/book_content.txt|canon/canonical_story_tree/books/Book_23_The_Final_Resonance/book_content.txt|canon/canonical_story_tree/books/Book_24_Born_To_Die/book_content.txt|canon/canonical_story_tree/books/Book_25_Death_Is_Rebirth/book_content.txt	species	timeline|relationships|scenes|quests|world	implemented_reference_map	reference_extracted_pending_domain_review
WDM-POPULATION-98aa26b1502b	population	B11	canon/canonical_story_tree/all_25_books_latest_full_cycle.txt|canon/canonical_story_tree/books/Book_11_The_Portal_Opens/book_content.txt	species	timeline|relationships|scenes|quests|world	implemented_reference_map	reference_extracted_pending_domain_review
WDM-POPULATION-ef07d7076151	population	"The Crossing Attempt
target"	canon/canonical_story_tree/all_25_books_latest_full_cycle.txt|canon/canonical_story_tree/books/Book_11_The_Portal_Opens/book_content.txt	species	timeline|relationships|scenes|quests|world	implemented_reference_map	reference_extracted_pending_domain_review
WDM-POPULATION-69ca12080cec	population	scenes	canon/canonical_story_tree/all_25_books_latest_full_cycle.txt|canon/canonical_story_tree/books/Book_11_The_Portal_Opens/book_content.txt|canon/canonical_story_tree/books/Book_12_Stasis/book_content.txt|canon/canonical_story_tree/books/Book_13_The_Afterwake/book_content.txt|canon/canonical_story_tree/books/Book_14_The_Long_Reorientation/book_content.txt|canon/canonical_story_tree/books/Book_24_Born_To_Die/book_content.txt	mortality|species	timeline|relationships|scenes|quests|world	implemented_reference_map	reference_extracted_pending_domain_review
WDM-POPULATION-98e14eaa0b4e	population	S085 The-First-True-Move-Toward-the-Portal-Begins	canon/canonical_story_tree/all_25_books_latest_full_cycle.txt|canon/canonical_story_tree/books/Book_11_The_Portal_Opens/book_content.txt	species	timeline|relationships|scenes|quests|world	implemented_reference_map	reference_extracted_pending_domain_review
WDM-POPULATION-a9ad9af3d27d	population	Tension converts into action	canon/canonical_story_tree/all_25_books_latest_full_cycle.txt|canon/canonical_story_tree/books/Book_11_The_Portal_Opens/book_content.txt	species	timeline|relationships|scenes|quests|world	implemented_reference_map	reference_extracted_pending_domain_review
WDM-POPULATION-f37a9c056f92	population	S083 The-Household-Finds-Steadiness-By-Not-Lying-About-Who-Anyone-Is	canon/canonical_story_tree/all_25_books_latest_full_cycle.txt|canon/canonical_story_tree/books/Book_12_Stasis/book_content.txt	species	timeline|relationships|scenes|quests|world	implemented_reference_map	reference_extracted_pending_domain_review
WDM-POPULATION-14323e653db6	population	S084 The-Beat-Ends-with-Species-and-Relation-Truth-Held-Firm-Through-Stasis	canon/canonical_story_tree/all_25_books_latest_full_cycle.txt|canon/canonical_story_tree/books/Book_12_Stasis/book_content.txt	species	timeline|relationships|scenes|quests|world	implemented_reference_map	reference_extracted_pending_domain_review
WDM-POPULATION-07fe7bf577e8	population	B12	canon/canonical_story_tree/all_25_books_latest_full_cycle.txt|canon/canonical_story_tree/books/Book_12_Stasis/book_content.txt	species	timeline|relationships|scenes|quests|world	implemented_reference_map	reference_extracted_pending_domain_review
WDM-POPULATION-c41966d54a5f	population	Hairline Shift in the Held	canon/canonical_story_tree/all_25_books_latest_full_cycle.txt|canon/canonical_story_tree/books/Book_12_Stasis/book_content.txt	species	timeline|relationships|scenes|quests|world	implemented_reference_map	reference_extracted_pending_domain_review
WDM-POPULATION-6473a14ecb74	population	"Field
target"	canon/canonical_story_tree/all_25_books_latest_full_cycle.txt|canon/canonical_story_tree/books/Book_12_Stasis/book_content.txt	species	timeline|relationships|scenes|quests|world	implemented_reference_map	reference_extracted_pending_domain_review
WDM-POPULATION-6f9349a1979d	population	S085 Something-Within-Stasis-Moves-a-Fraction	canon/canonical_story_tree/all_25_books_latest_full_cycle.txt|canon/canonical_story_tree/books/Book_12_Stasis/book_content.txt	species	timeline|relationships|scenes|quests|world	implemented_reference_map	reference_extracted_pending_domain_review
WDM-POPULATION-e9a08b4c71cb	population	Relationship truth remains intact	canon/canonical_story_tree/all_25_books_latest_full_cycle.txt|canon/canonical_story_tree/books/Book_13_The_Afterwake/book_content.txt	species	timeline|relationships|scenes|quests|world	implemented_reference_map	reference_extracted_pending_domain_review
WDM-POPULATION-760b5c331838	population	S076 Pip-Feels-How-Much-of-Reality-Is-Carried-by-Beings-Who-Simply-Stay-Themselves	canon/canonical_story_tree/all_25_books_latest_full_cycle.txt|canon/canonical_story_tree/books/Book_13_The_Afterwake/book_content.txt	species	timeline|relationships|scenes|quests|world	implemented_reference_map	reference_extracted_pending_domain_review
WDM-POPULATION-2c5c273807a1	population	Emotional growth continues	canon/canonical_story_tree/all_25_books_latest_full_cycle.txt|canon/canonical_story_tree/books/Book_13_The_Afterwake/book_content.txt	species	timeline|relationships|scenes|quests|world	implemented_reference_map	reference_extracted_pending_domain_review
WDM-POPULATION-c270c5132aa0	population	S077 Rylos-Understands-That-Continuity-Of-Species-and-Love-Is-Part-of-What-Rebuilds-the-Household	canon/canonical_story_tree/all_25_books_latest_full_cycle.txt|canon/canonical_story_tree/books/Book_13_The_Afterwake/book_content.txt	species	timeline|relationships|scenes|quests|world	implemented_reference_map	reference_extracted_pending_domain_review
WDM-POPULATION-3694794331cb	population	Important insight	canon/canonical_story_tree/all_25_books_latest_full_cycle.txt|canon/canonical_story_tree/books/Book_13_The_Afterwake/book_content.txt	species	timeline|relationships|scenes|quests|world	implemented_reference_map	reference_extracted_pending_domain_review
WDM-POPULATION-4fe2e10408ae	population	S078 Mack-Grows-Sheltered-Runs-and-Resting-Hollows-Without-Humanizing-Them	canon/canonical_story_tree/all_25_books_latest_full_cycle.txt|canon/canonical_story_tree/books/Book_13_The_Afterwake/book_content.txt	species	timeline|relationships|scenes|quests|world	implemented_reference_map	reference_extracted_pending_domain_review
WDM-POPULATION-30eb8840affb	population	Representation remains correct	canon/canonical_story_tree/all_25_books_latest_full_cycle.txt|canon/canonical_story_tree/books/Book_13_The_Afterwake/book_content.txt	species	timeline|relationships|scenes|quests|world	implemented_reference_map	reference_extracted_pending_domain_review
WDM-POPULATION-38f080ac8ca4	population	Canon stays explicit again	canon/canonical_story_tree/all_25_books_latest_full_cycle.txt|canon/canonical_story_tree/books/Book_13_The_Afterwake/book_content.txt|canon/canonical_story_tree/books/Book_14_The_Long_Reorientation/book_content.txt|canon/canonical_story_tree/books/Book_15_Suffocating_In_Silence/book_content.txt|canon/canonical_story_tree/books/Book_16_The_Deepening_World/book_content.txt|canon/canonical_story_tree/books/Book_17_Black_Heart_Scar/book_content.txt|canon/canonical_story_tree/books/Book_18_Strange_Gravity/book_content.txt|canon/canonical_story_tree/books/Book_19_The_Cracking_Core/book_content.txt|canon/canonical_story_tree/books/Book_20_The_Beforemath/book_content.txt|canon/canonical_story_tree/books/Book_21_The_Final_Descent/book_content.txt|canon/canonical_story_tree/books/Book_22_The_Last_Open_Gate/book_content.txt|canon/canonical_story_tree/books/Book_23_The_Final_Resonance/book_content.txt|canon/canonical_story_tree/books/Book_24_Born_To_Die/book_content.txt|canon/canonical_story_tree/books/Book_25_Death_Is_Rebirth/book_content.txt	species	timeline|relationships|scenes|quests|world	implemented_reference_map	reference_extracted_pending_domain_review
WDM-POPULATION-aaad90787ce0	population	S083 The-Household-Feels-More-True-When-Nothing-Is-Flattened	canon/canonical_story_tree/all_25_books_latest_full_cycle.txt|canon/canonical_story_tree/books/Book_13_The_Afterwake/book_content.txt	species	timeline|relationships|scenes|quests|world	implemented_reference_map	reference_extracted_pending_domain_review
WDM-POPULATION-b6b35a54c626	population	S084 The-Beat-Ends-with-Species-and-Relation-Truth-Held-Through-Afterwake	canon/canonical_story_tree/all_25_books_latest_full_cycle.txt|canon/canonical_story_tree/books/Book_13_The_Afterwake/book_content.txt	species	timeline|relationships|scenes|quests|world	implemented_reference_map	reference_extracted_pending_domain_review
WDM-POPULATION-e13076adac5e	population	B13	canon/canonical_story_tree/all_25_books_latest_full_cycle.txt|canon/canonical_story_tree/books/Book_13_The_Afterwake/book_content.txt	species	timeline|relationships|scenes|quests|world	implemented_reference_map	reference_extracted_pending_domain_review
WDM-POPULATION-7e270168c190	population	"The First Real Reorientation
target"	canon/canonical_story_tree/all_25_books_latest_full_cycle.txt|canon/canonical_story_tree/books/Book_13_The_Afterwake/book_content.txt	species	timeline|relationships|scenes|quests|world	implemented_reference_map	reference_extracted_pending_domain_review
WDM-POPULATION-326ed972fab1	population	S085 The-Household-Finally-Makes-a-Move-That-Belongs-to-the-New-World-State-Not-the-Old-One	canon/canonical_story_tree/all_25_books_latest_full_cycle.txt|canon/canonical_story_tree/books/Book_13_The_Afterwake/book_content.txt	species	timeline|relationships|scenes|quests|world	implemented_reference_map	reference_extracted_pending_domain_review
WDM-POPULATION-14ba8e61a5ca	population	S083 The-Household-Feels-More-True-When-No-One-Is-Flattened	canon/canonical_story_tree/all_25_books_latest_full_cycle.txt|canon/canonical_story_tree/books/Book_14_The_Long_Reorientation/book_content.txt	species	timeline|relationships|scenes|quests|world	implemented_reference_map	reference_extracted_pending_domain_review
WDM-POPULATION-292afe9e7b9c	population	S084 The-Beat-Ends-with-Species-and-Relation-Truth-Held-through-Long-Reorientation	canon/canonical_story_tree/all_25_books_latest_full_cycle.txt|canon/canonical_story_tree/books/Book_14_The_Long_Reorientation/book_content.txt	species	timeline|relationships|scenes|quests|world	implemented_reference_map	reference_extracted_pending_domain_review
WDM-POPULATION-e97792857704	population	B14	canon/canonical_story_tree/all_25_books_latest_full_cycle.txt|canon/canonical_story_tree/books/Book_14_The_Long_Reorientation/book_content.txt	species	timeline|relationships|scenes|quests|world	implemented_reference_map	reference_extracted_pending_domain_review
WDM-POPULATION-ad573448bc00	population	"New Daily Route
target"	canon/canonical_story_tree/all_25_books_latest_full_cycle.txt|canon/canonical_story_tree/books/Book_14_The_Long_Reorientation/book_content.txt	species	timeline|relationships|scenes|quests|world	implemented_reference_map	reference_extracted_pending_domain_review
WDM-POPULATION-4b45690e04b3	population	S085 The-Household-Finally-Builds-a-Daily-Path-That-Belongs-to-the-New-World-State	canon/canonical_story_tree/all_25_books_latest_full_cycle.txt|canon/canonical_story_tree/books/Book_14_The_Long_Reorientation/book_content.txt	species	timeline|relationships|scenes|quests|world	implemented_reference_map	reference_extracted_pending_domain_review
WDM-POPULATION-06e7d8e6d5d6	population	S081 Daisy-May-Is-Never-Sacrificed	canon/canonical_story_tree/all_25_books_latest_full_cycle.txt|canon/canonical_story_tree/books/Book_15_Suffocating_In_Silence/book_content.txt|canon/canonical_story_tree/books/Book_16_The_Deepening_World/book_content.txt|canon/canonical_story_tree/books/Book_17_Black_Heart_Scar/book_content.txt|canon/canonical_story_tree/books/Book_18_Strange_Gravity/book_content.txt|canon/canonical_story_tree/books/Book_19_The_Cracking_Core/book_content.txt|canon/canonical_story_tree/books/Book_20_The_Beforemath/book_content.txt|canon/canonical_story_tree/books/Book_21_The_Final_Descent/book_content.txt|canon/canonical_story_tree/books/Book_22_The_Last_Open_Gate/book_content.txt|canon/canonical_story_tree/books/Book_23_The_Final_Resonance/book_content.txt|canon/canonical_story_tree/books/Book_24_Born_To_Die/book_content.txt|canon/canonical_story_tree/books/Book_25_Death_Is_Rebirth/book_content.txt	species	timeline|relationships|scenes|quests|world	implemented_reference_map	reference_extracted_pending_domain_review
WDM-POPULATION-53676b8946df	population	S083 The-Household-Feels-More-True-When-Species-and-Relational-Truth-Are-Kept-Clean	canon/canonical_story_tree/all_25_books_latest_full_cycle.txt|canon/canonical_story_tree/books/Book_15_Suffocating_In_Silence/book_content.txt|canon/canonical_story_tree/books/Book_17_Black_Heart_Scar/book_content.txt|canon/canonical_story_tree/books/Book_18_Strange_Gravity/book_content.txt|canon/canonical_story_tree/books/Book_19_The_Cracking_Core/book_content.txt|canon/canonical_story_tree/books/Book_20_The_Beforemath/book_content.txt|canon/canonical_story_tree/books/Book_21_The_Final_Descent/book_content.txt|canon/canonical_story_tree/books/Book_22_The_Last_Open_Gate/book_content.txt|canon/canonical_story_tree/books/Book_23_The_Final_Resonance/book_content.txt|canon/canonical_story_tree/books/Book_24_Born_To_Die/book_content.txt|canon/canonical_story_tree/books/Book_25_Death_Is_Rebirth/book_content.txt	species	timeline|relationships|scenes|quests|world	implemented_reference_map	reference_extracted_pending_domain_review
WDM-POPULATION-33901027f013	population	S084 The-Beat-Ends-with-Daisy-May-and-Majeski-Held-As-Breathing-Truth-Within-a-Suffocating-Book	canon/canonical_story_tree/all_25_books_latest_full_cycle.txt|canon/canonical_story_tree/books/Book_15_Suffocating_In_Silence/book_content.txt	species	timeline|relationships|scenes|quests|world	implemented_reference_map	reference_extracted_pending_domain_review
WDM-POPULATION-9d3ca63c4ca7	population	S083 The-Household-Feels-More-True-When-Species-and-Relation-Truth-Are-Kept-Clean	canon/canonical_story_tree/all_25_books_latest_full_cycle.txt|canon/canonical_story_tree/books/Book_16_The_Deepening_World/book_content.txt	species	timeline|relationships|scenes|quests|world	implemented_reference_map	reference_extracted_pending_domain_review
WDM-POPULATION-d669a4f34cd5	population	S084 The-Beat-Ends-with-Daisy-May-and-Majeski-Held-Firm-In-the-Larger-Field	canon/canonical_story_tree/all_25_books_latest_full_cycle.txt|canon/canonical_story_tree/books/Book_16_The_Deepening_World/book_content.txt	species	timeline|relationships|scenes|quests|world	implemented_reference_map	reference_extracted_pending_domain_review
WDM-POPULATION-b760ed9d50c4	population	B16	canon/canonical_story_tree/all_25_books_latest_full_cycle.txt|canon/canonical_story_tree/books/Book_16_The_Deepening_World/book_content.txt	species	timeline|relationships|scenes|quests|world	implemented_reference_map	reference_extracted_pending_domain_review
WDM-POPULATION-d2202474432a	population	The First Major Outer Reach	canon/canonical_story_tree/all_25_books_latest_full_cycle.txt|canon/canonical_story_tree/books/Book_16_The_Deepening_World/book_content.txt	species	timeline|relationships|scenes|quests|world	implemented_reference_map	reference_extracted_pending_domain_review
WDM-POPULATION-9c44df5690e7	population	S084 The-Beat-Ends-with-Daisy-May-and-Majeski-Held-Firm-Against-Darker-Pressure	canon/canonical_story_tree/all_25_books_latest_full_cycle.txt|canon/canonical_story_tree/books/Book_17_Black_Heart_Scar/book_content.txt	species	timeline|relationships|scenes|quests|world	implemented_reference_map	reference_extracted_pending_domain_review
WDM-POPULATION-161000b34406	population	B17	canon/canonical_story_tree/all_25_books_latest_full_cycle.txt|canon/canonical_story_tree/books/Book_17_Black_Heart_Scar/book_content.txt	species	timeline|relationships|scenes|quests|world	implemented_reference_map	reference_extracted_pending_domain_review
WDM-POPULATION-2c21d4fdc979	population	The First Direct Contact with	canon/canonical_story_tree/all_25_books_latest_full_cycle.txt|canon/canonical_story_tree/books/Book_17_Black_Heart_Scar/book_content.txt	species	timeline|relationships|scenes|quests|world	implemented_reference_map	reference_extracted_pending_domain_review
WDM-POPULATION-59e1b5dc400e	population	S084 The-Beat-Ends-with-Daisy-May-and-Majeski-Held-Firm-As-Steady-Mass	canon/canonical_story_tree/all_25_books_latest_full_cycle.txt|canon/canonical_story_tree/books/Book_18_Strange_Gravity/book_content.txt	species	timeline|relationships|scenes|quests|world	implemented_reference_map	reference_extracted_pending_domain_review
WDM-POPULATION-53417d263c30	population	B18	canon/canonical_story_tree/all_25_books_latest_full_cycle.txt|canon/canonical_story_tree/books/Book_18_Strange_Gravity/book_content.txt	species	timeline|relationships|scenes|quests|world	implemented_reference_map	reference_extracted_pending_domain_review
WDM-POPULATION-c4550e3e0a26	population	The First Major Drift Event	canon/canonical_story_tree/all_25_books_latest_full_cycle.txt|canon/canonical_story_tree/books/Book_18_Strange_Gravity/book_content.txt	species	timeline|relationships|scenes|quests|world	implemented_reference_map	reference_extracted_pending_domain_review
WDM-POPULATION-14f9bf0c1dc0	population	S084 The-Beat-Ends-with-Daisy-May-and-Majeski-Held-Firm-Above-the-Depth	canon/canonical_story_tree/all_25_books_latest_full_cycle.txt|canon/canonical_story_tree/books/Book_19_The_Cracking_Core/book_content.txt	species	timeline|relationships|scenes|quests|world	implemented_reference_map	reference_extracted_pending_domain_review
WDM-POPULATION-9066d1a99134	population	B19	canon/canonical_story_tree/all_25_books_latest_full_cycle.txt|canon/canonical_story_tree/books/Book_19_The_Cracking_Core/book_content.txt	species	timeline|relationships|scenes|quests|world	implemented_reference_map	reference_extracted_pending_domain_review
WDM-POPULATION-dffa0d508a1b	population	The First Direct Core Shock	canon/canonical_story_tree/all_25_books_latest_full_cycle.txt|canon/canonical_story_tree/books/Book_19_The_Cracking_Core/book_content.txt	species	timeline|relationships|scenes|quests|world	implemented_reference_map	reference_extracted_pending_domain_review
WDM-POPULATION-e8ae0b49ff3c	population	S084 The-Beat-Ends-with-Daisy-May-and-Majeski-Held-Firm-As-True-Axis	canon/canonical_story_tree/all_25_books_latest_full_cycle.txt|canon/canonical_story_tree/books/Book_20_The_Beforemath/book_content.txt	species	timeline|relationships|scenes|quests|world	implemented_reference_map	reference_extracted_pending_domain_review
WDM-POPULATION-fe858767075b	population	B20	canon/canonical_story_tree/all_25_books_latest_full_cycle.txt|canon/canonical_story_tree/books/Book_20_The_Beforemath/book_content.txt	species	timeline|relationships|scenes|quests|world	implemented_reference_map	reference_extracted_pending_domain_review
WDM-POPULATION-b9c3cf626902	population	"The First Partial Break
target"	canon/canonical_story_tree/all_25_books_latest_full_cycle.txt|canon/canonical_story_tree/books/Book_20_The_Beforemath/book_content.txt	species	timeline|relationships|scenes|quests|world	implemented_reference_map	reference_extracted_pending_domain_review
WDM-POPULATION-d8005d123c81	population	S084 The-Beat-Ends-with-Daisy-May-and-Majeski-Held-Firm-at-the-Brink	canon/canonical_story_tree/all_25_books_latest_full_cycle.txt|canon/canonical_story_tree/books/Book_21_The_Final_Descent/book_content.txt	species	timeline|relationships|scenes|quests|world	implemented_reference_map	reference_extracted_pending_domain_review
WDM-POPULATION-88a61f1361f9	population	B21	canon/canonical_story_tree/all_25_books_latest_full_cycle.txt|canon/canonical_story_tree/books/Book_21_The_Final_Descent/book_content.txt	species	timeline|relationships|scenes|quests|world	implemented_reference_map	reference_extracted_pending_domain_review
WDM-POPULATION-385ce4307bc1	population	"The First Committed Lowering
target"	canon/canonical_story_tree/all_25_books_latest_full_cycle.txt|canon/canonical_story_tree/books/Book_21_The_Final_Descent/book_content.txt	species	timeline|relationships|scenes|quests|world	implemented_reference_map	reference_extracted_pending_domain_review
WDM-POPULATION-911fe9e24af8	population	S084 The-Beat-Ends-with-Daisy-May-and-Majeski-Held-Firm-at-the-Gate	canon/canonical_story_tree/all_25_books_latest_full_cycle.txt|canon/canonical_story_tree/books/Book_22_The_Last_Open_Gate/book_content.txt	species	timeline|relationships|scenes|quests|world	implemented_reference_map	reference_extracted_pending_domain_review
WDM-POPULATION-25c9c6c71e2d	population	B22	canon/canonical_story_tree/all_25_books_latest_full_cycle.txt|canon/canonical_story_tree/books/Book_22_The_Last_Open_Gate/book_content.txt	species	timeline|relationships|scenes|quests|world	implemented_reference_map	reference_extracted_pending_domain_review
WDM-POPULATION-5be9b3b9adea	population	The First True Threshold Test	canon/canonical_story_tree/all_25_books_latest_full_cycle.txt|canon/canonical_story_tree/books/Book_22_The_Last_Open_Gate/book_content.txt	species	timeline|relationships|scenes|quests|world	implemented_reference_map	reference_extracted_pending_domain_review
WDM-POPULATION-b65ca9b0fbe2	population	S084 The-Beat-Ends-with-Daisy-May-and-Majeski-Held-Firm-In-the-Answering-World	canon/canonical_story_tree/all_25_books_latest_full_cycle.txt|canon/canonical_story_tree/books/Book_23_The_Final_Resonance/book_content.txt	species	timeline|relationships|scenes|quests|world	implemented_reference_map	reference_extracted_pending_domain_review
WDM-POPULATION-f1d7a0ed5159	population	B23	canon/canonical_story_tree/all_25_books_latest_full_cycle.txt|canon/canonical_story_tree/books/Book_23_The_Final_Resonance/book_content.txt	species	timeline|relationships|scenes|quests|world	implemented_reference_map	reference_extracted_pending_domain_review
WDM-POPULATION-b472e1eb31fd	population	The First True Harmonic Convergence	canon/canonical_story_tree/all_25_books_latest_full_cycle.txt|canon/canonical_story_tree/books/Book_23_The_Final_Resonance/book_content.txt	species	timeline|relationships|scenes|quests|world	implemented_reference_map	reference_extracted_pending_domain_review
WDM-POPULATION-3f783a877d30	population	Covers Beats	canon/canonical_story_tree/all_25_books_latest_full_cycle.txt|canon/canonical_story_tree/books/Book_24_Born_To_Die/book_content.txt	mortality	timeline|relationships|scenes|quests|world	implemented_reference_map	reference_extracted_pending_domain_review
WDM-POPULATION-84f38d4f1770	population	Born To Die	canon/canonical_story_tree/all_25_books_latest_full_cycle.txt|canon/canonical_story_tree/books/Book_24_Born_To_Die/book_content.txt	mortality	timeline|relationships|scenes|quests|world	implemented_reference_map	reference_extracted_pending_domain_review
WDM-POPULATION-b911f3e34ce8	population	B24	canon/canonical_story_tree/all_25_books_latest_full_cycle.txt|canon/canonical_story_tree/books/Book_24_Born_To_Die/book_content.txt	mortality|species	timeline|relationships|scenes|quests|world	implemented_reference_map	reference_extracted_pending_domain_review
WDM-POPULATION-2f31244176f7	population	Death Stops Being Future Tense	canon/canonical_story_tree/all_25_books_latest_full_cycle.txt|canon/canonical_story_tree/books/Book_24_Born_To_Die/book_content.txt	mortality	timeline|relationships|scenes|quests|world	implemented_reference_map	reference_extracted_pending_domain_review
WDM-POPULATION-c1bf9aaff224	population	target	canon/canonical_story_tree/all_25_books_latest_full_cycle.txt|canon/canonical_story_tree/books/Book_24_Born_To_Die/book_content.txt	mortality	timeline|relationships|scenes|quests|world	implemented_reference_map	reference_extracted_pending_domain_review
WDM-POPULATION-d1a33fe86ee3	population	S001 The-Book-Opens-on-Death-As-an-Active-Condition-Already-Inside-the-World	canon/canonical_story_tree/all_25_books_latest_full_cycle.txt|canon/canonical_story_tree/books/Book_24_Born_To_Die/book_content.txt	mortality	timeline|relationships|scenes|quests|world	implemented_reference_map	reference_extracted_pending_domain_review
WDM-POPULATION-23d50cddc39f	population	Mortality is no longer distant	canon/canonical_story_tree/all_25_books_latest_full_cycle.txt|canon/canonical_story_tree/books/Book_24_Born_To_Die/book_content.txt	mortality	timeline|relationships|scenes|quests|world	implemented_reference_map	reference_extracted_pending_domain_review
WDM-POPULATION-2d9d332ed2c5	population	forecast	canon/canonical_story_tree/all_25_books_latest_full_cycle.txt|canon/canonical_story_tree/books/Book_24_Born_To_Die/book_content.txt	mortality	timeline|relationships|scenes|quests|world	implemented_reference_map	reference_extracted_pending_domain_review
WDM-POPULATION-70b70a04c1b9	population	S002 Pip-Feels-the-Weight-of-Finality-Pressing-on-the-Present-Moment	canon/canonical_story_tree/all_25_books_latest_full_cycle.txt|canon/canonical_story_tree/books/Book_24_Born_To_Die/book_content.txt	mortality	timeline|relationships|scenes|quests|world	implemented_reference_map	reference_extracted_pending_domain_review
WDM-POPULATION-5c6c99f3f18d	population	Emotional and structural stakes deepen	canon/canonical_story_tree/all_25_books_latest_full_cycle.txt|canon/canonical_story_tree/books/Book_24_Born_To_Die/book_content.txt	mortality	timeline|relationships|scenes|quests|world	implemented_reference_map	reference_extracted_pending_domain_review
WDM-POPULATION-c06efb1c5441	population	immediately	canon/canonical_story_tree/all_25_books_latest_full_cycle.txt|canon/canonical_story_tree/books/Book_24_Born_To_Die/book_content.txt	mortality	timeline|relationships|scenes|quests|world	implemented_reference_map	reference_extracted_pending_domain_review
WDM-POPULATION-10cc4f68af05	population	S003 Rylos-Vayne-Johnson-Reads-the-State-As-Lethal-Without-Letting-It-Become-Hysteria	canon/canonical_story_tree/all_25_books_latest_full_cycle.txt|canon/canonical_story_tree/books/Book_24_Born_To_Die/book_content.txt	mortality	timeline|relationships|scenes|quests|world	implemented_reference_map	reference_extracted_pending_domain_review
WDM-POPULATION-38e7cf43f6da	population	The vast willow remains present	canon/canonical_story_tree/all_25_books_latest_full_cycle.txt|canon/canonical_story_tree/books/Book_24_Born_To_Die/book_content.txt	mortality	timeline|relationships|scenes|quests|world	implemented_reference_map	reference_extracted_pending_domain_review
WDM-POPULATION-89c068447431	population	through terminal pressure	canon/canonical_story_tree/all_25_books_latest_full_cycle.txt|canon/canonical_story_tree/books/Book_24_Born_To_Die/book_content.txt	mortality	timeline|relationships|scenes|quests|world	implemented_reference_map	reference_extracted_pending_domain_review
WDM-POPULATION-311b31bca4e8	population	S005 The-Ground-Grows-Holding-Terraces-Last-Routes-and-Protective-Grottos-Out-of-the-Earth	canon/canonical_story_tree/all_25_books_latest_full_cycle.txt|canon/canonical_story_tree/books/Book_24_Born_To_Die/book_content.txt	mortality	timeline|relationships|scenes|quests|world	implemented_reference_map	reference_extracted_pending_domain_review
WDM-POPULATION-edbae2fc9765	population	Life magic responds to mortality	canon/canonical_story_tree/all_25_books_latest_full_cycle.txt|canon/canonical_story_tree/books/Book_24_Born_To_Die/book_content.txt	mortality	timeline|relationships|scenes|quests|world	implemented_reference_map	reference_extracted_pending_domain_review
WDM-POPULATION-80e5fb9538b9	population	conditions	canon/canonical_story_tree/all_25_books_latest_full_cycle.txt|canon/canonical_story_tree/books/Book_24_Born_To_Die/book_content.txt	mortality	timeline|relationships|scenes|quests|world	implemented_reference_map	reference_extracted_pending_domain_review
WDM-POPULATION-eaca670b93c6	population	S006 Pip-Understands-That-Born-To-Die-Is-Not-Cynicism-But-World-Law-Arriving-Without-Filter	canon/canonical_story_tree/all_25_books_latest_full_cycle.txt|canon/canonical_story_tree/books/Book_24_Born_To_Die/book_content.txt	mortality	timeline|relationships|scenes|quests|world	implemented_reference_map	reference_extracted_pending_domain_review
WDM-POPULATION-8c845cfc1155	population	Serious maturity note	canon/canonical_story_tree/all_25_books_latest_full_cycle.txt|canon/canonical_story_tree/books/Book_24_Born_To_Die/book_content.txt	mortality	timeline|relationships|scenes|quests|world	implemented_reference_map	reference_extracted_pending_domain_review
WDM-POPULATION-12cfadc797f8	population	S007 Rylos-Refuses-to-Let-Him-Treat-Death-As-Only-Poetic-Weight	canon/canonical_story_tree/all_25_books_latest_full_cycle.txt|canon/canonical_story_tree/books/Book_24_Born_To_Die/book_content.txt	mortality	timeline|relationships|scenes|quests|world	implemented_reference_map	reference_extracted_pending_domain_review
WDM-POPULATION-6c77ab5a59ae	population	Canon remains central	canon/canonical_story_tree/all_25_books_latest_full_cycle.txt|canon/canonical_story_tree/books/Book_24_Born_To_Die/book_content.txt	mortality	timeline|relationships|scenes|quests|world	implemented_reference_map	reference_extracted_pending_domain_review
WDM-POPULATION-dab34cb4319d	population	S009 The-Sanctuary-Feels-Like-a-Living-Body-Holding-Its-Breath-Before-Terminal-Cost	canon/canonical_story_tree/all_25_books_latest_full_cycle.txt|canon/canonical_story_tree/books/Book_24_Born_To_Die/book_content.txt	mortality	timeline|relationships|scenes|quests|world	implemented_reference_map	reference_extracted_pending_domain_review
WDM-POPULATION-403650bc2193	population	Setting truth deepens	canon/canonical_story_tree/all_25_books_latest_full_cycle.txt|canon/canonical_story_tree/books/Book_24_Born_To_Die/book_content.txt	mortality	timeline|relationships|scenes|quests|world	implemented_reference_map	reference_extracted_pending_domain_review
WDM-POPULATION-91393648a368	population	S010 Pip-Does-Not-Imagine-Sonomancy-Will-Suddenly-Solve-Mortality	canon/canonical_story_tree/all_25_books_latest_full_cycle.txt|canon/canonical_story_tree/books/Book_24_Born_To_Die/book_content.txt	mortality	timeline|relationships|scenes|quests|world	implemented_reference_map	reference_extracted_pending_domain_review
WDM-POPULATION-bb9dc0746ccf	population	Safeguard remains intact	canon/canonical_story_tree/all_25_books_latest_full_cycle.txt|canon/canonical_story_tree/books/Book_24_Born_To_Die/book_content.txt	mortality	timeline|relationships|scenes|quests|world	implemented_reference_map	reference_extracted_pending_domain_review
WDM-POPULATION-75121c9bdfaf	population	S011 Mack-Frames-Born-To-Die-As-a-Question-of-How-Life-Is-Held-Under-Finality	canon/canonical_story_tree/all_25_books_latest_full_cycle.txt|canon/canonical_story_tree/books/Book_24_Born_To_Die/book_content.txt	mortality	timeline|relationships|scenes|quests|world	implemented_reference_map	reference_extracted_pending_domain_review
WDM-POPULATION-b2ef5033cabd	population	Deity-scale reading enters	canon/canonical_story_tree/all_25_books_latest_full_cycle.txt|canon/canonical_story_tree/books/Book_24_Born_To_Die/book_content.txt	mortality	timeline|relationships|scenes|quests|world	implemented_reference_map	reference_extracted_pending_domain_review
WDM-POPULATION-4647b4970021	population	S012 The-Beat-Ends-with-Born-To-Die-Classified-Correctly	canon/canonical_story_tree/all_25_books_latest_full_cycle.txt|canon/canonical_story_tree/books/Book_24_Born_To_Die/book_content.txt	mortality	timeline|relationships|scenes|quests|world	implemented_reference_map	reference_extracted_pending_domain_review
WDM-POPULATION-eaa255abcf65	population	begins under terminal law	canon/canonical_story_tree/all_25_books_latest_full_cycle.txt|canon/canonical_story_tree/books/Book_24_Born_To_Die/book_content.txt	mortality	timeline|relationships|scenes|quests|world	implemented_reference_map	reference_extracted_pending_domain_review
WDM-POPULATION-b5b7d368f319	population	"Mortality Rearranges Value
target"	canon/canonical_story_tree/all_25_books_latest_full_cycle.txt|canon/canonical_story_tree/books/Book_24_Born_To_Die/book_content.txt	mortality	timeline|relationships|scenes|quests|world	implemented_reference_map	reference_extracted_pending_domain_review
WDM-POPULATION-d89b14d56a6d	population	S013 The-Household-Begins-Feeling-How-Death-Reorders-What-Matters-Most	canon/canonical_story_tree/all_25_books_latest_full_cycle.txt|canon/canonical_story_tree/books/Book_24_Born_To_Die/book_content.txt	mortality	timeline|relationships|scenes|quests|world	implemented_reference_map	reference_extracted_pending_domain_review
WDM-POPULATION-3aae07cfaebd	population	Value changes under terminal pressure	canon/canonical_story_tree/all_25_books_latest_full_cycle.txt|canon/canonical_story_tree/books/Book_24_Born_To_Die/book_content.txt	mortality	timeline|relationships|scenes|quests|world	implemented_reference_map	reference_extracted_pending_domain_review
WDM-POPULATION-a048cbdff34b	population	S014 Pip-Feels-How-Each-Small-Choice-Now-Carries-Edge	canon/canonical_story_tree/all_25_books_latest_full_cycle.txt|canon/canonical_story_tree/books/Book_24_Born_To_Die/book_content.txt	mortality	timeline|relationships|scenes|quests|world	implemented_reference_map	reference_extracted_pending_domain_review
WDM-POPULATION-7ada325a248c	population	S015 Rylos-Reads-Which-Values-Are-Becoming-Clearer-and-Which-Are-Only-Panic-Reactions	canon/canonical_story_tree/all_25_books_latest_full_cycle.txt|canon/canonical_story_tree/books/Book_24_Born_To_Die/book_content.txt	mortality	timeline|relationships|scenes|quests|world	implemented_reference_map	reference_extracted_pending_domain_review
WDM-POPULATION-072859eab186	population	Practical clarity remains essential	canon/canonical_story_tree/all_25_books_latest_full_cycle.txt|canon/canonical_story_tree/books/Book_24_Born_To_Die/book_content.txt	mortality	timeline|relationships|scenes|quests|world	implemented_reference_map	reference_extracted_pending_domain_review
WDM-POPULATION-1a503578ee98	population	S016 Mack-Grows-Meeting-Rings-Witness-Hollows-and-Travel-Lines-Out-of-the-Earth	canon/canonical_story_tree/all_25_books_latest_full_cycle.txt|canon/canonical_story_tree/books/Book_24_Born_To_Die/book_content.txt	mortality	timeline|relationships|scenes|quests|world	implemented_reference_map	reference_extracted_pending_domain_review
WDM-POPULATION-412b26f94ea6	population	Terrain becomes mortality architecture	canon/canonical_story_tree/all_25_books_latest_full_cycle.txt|canon/canonical_story_tree/books/Book_24_Born_To_Die/book_content.txt	mortality	timeline|relationships|scenes|quests|world	implemented_reference_map	reference_extracted_pending_domain_review
WDM-POPULATION-04ccc5b50fb2	population	S017 The-Sanctuary-Uses-Living-Form-to-Teach-Value-Under-Finality	canon/canonical_story_tree/all_25_books_latest_full_cycle.txt|canon/canonical_story_tree/books/Book_24_Born_To_Die/book_content.txt	mortality	timeline|relationships|scenes|quests|world	implemented_reference_map	reference_extracted_pending_domain_review
WDM-POPULATION-0fb17a024ce9	population	Setting remains active intelligence	canon/canonical_story_tree/all_25_books_latest_full_cycle.txt|canon/canonical_story_tree/books/Book_24_Born_To_Die/book_content.txt	mortality	timeline|relationships|scenes|quests|world	implemented_reference_map	reference_extracted_pending_domain_review
WDM-POPULATION-8efcd26fb915	population	S018 Daisy-May-Rests-Silent-Within-the-Hard-Conversation	canon/canonical_story_tree/all_25_books_latest_full_cycle.txt|canon/canonical_story_tree/books/Book_24_Born_To_Die/book_content.txt	mortality	timeline|relationships|scenes|quests|world	implemented_reference_map	reference_extracted_pending_domain_review
WDM-POPULATION-4b636df4f00e	population	S022 Mack-Rejects-Cheap-Death-Romanticism	canon/canonical_story_tree/all_25_books_latest_full_cycle.txt|canon/canonical_story_tree/books/Book_24_Born_To_Die/book_content.txt	mortality	timeline|relationships|scenes|quests|world	implemented_reference_map	reference_extracted_pending_domain_review
WDM-POPULATION-413288e59a6b	population	Tonal law remains serious	canon/canonical_story_tree/all_25_books_latest_full_cycle.txt|canon/canonical_story_tree/books/Book_24_Born_To_Die/book_content.txt	mortality	timeline|relationships|scenes|quests|world	implemented_reference_map	reference_extracted_pending_domain_review
WDM-POPULATION-dcc04c4773e1	population	S023 The-Land-Itself-Feels-More-Exacting	canon/canonical_story_tree/all_25_books_latest_full_cycle.txt|canon/canonical_story_tree/books/Book_24_Born_To_Die/book_content.txt	mortality	timeline|relationships|scenes|quests|world	implemented_reference_map	reference_extracted_pending_domain_review
WDM-POPULATION-32a83c2038e7	population	World-state texture sharpens	canon/canonical_story_tree/all_25_books_latest_full_cycle.txt|canon/canonical_story_tree/books/Book_24_Born_To_Die/book_content.txt	mortality	timeline|relationships|scenes|quests|world	implemented_reference_map	reference_extracted_pending_domain_review
WDM-POPULATION-8fbdc649c58d	population	S024 The-Beat-Ends-with-Value-Recast-Under-Mortality	canon/canonical_story_tree/all_25_books_latest_full_cycle.txt|canon/canonical_story_tree/books/Book_24_Born_To_Die/book_content.txt	mortality	timeline|relationships|scenes|quests|world	implemented_reference_map	reference_extracted_pending_domain_review
WDM-POPULATION-4bede2cc0d3f	population	deepens properly	canon/canonical_story_tree/all_25_books_latest_full_cycle.txt|canon/canonical_story_tree/books/Book_24_Born_To_Die/book_content.txt	mortality	timeline|relationships|scenes|quests|world	implemented_reference_map	reference_extracted_pending_domain_review
WDM-POPULATION-7ddcf831c078	population	Pip Trains Under Death Pressure	canon/canonical_story_tree/all_25_books_latest_full_cycle.txt|canon/canonical_story_tree/books/Book_24_Born_To_Die/book_content.txt	mortality	timeline|relationships|scenes|quests|world	implemented_reference_map	reference_extracted_pending_domain_review
WDM-POPULATION-36fe95e8e945	population	S036 The-Beat-Ends-with-Death-Pressure-Still-Beyond-His-Magic	canon/canonical_story_tree/all_25_books_latest_full_cycle.txt|canon/canonical_story_tree/books/Book_24_Born_To_Die/book_content.txt	mortality	timeline|relationships|scenes|quests|world	implemented_reference_map	reference_extracted_pending_domain_review
WDM-POPULATION-180799b71898	population	Book law stays true	canon/canonical_story_tree/all_25_books_latest_full_cycle.txt|canon/canonical_story_tree/books/Book_24_Born_To_Die/book_content.txt	mortality	timeline|relationships|scenes|quests|world	implemented_reference_map	reference_extracted_pending_domain_review
WDM-POPULATION-45e33784d5c0	population	The Household Learns to Live	canon/canonical_story_tree/all_25_books_latest_full_cycle.txt|canon/canonical_story_tree/books/Book_24_Born_To_Die/book_content.txt	mortality	timeline|relationships|scenes|quests|world	implemented_reference_map	reference_extracted_pending_domain_review
WDM-POPULATION-9c80a05de054	population	"With Terminal Knowledge
target"	canon/canonical_story_tree/all_25_books_latest_full_cycle.txt|canon/canonical_story_tree/books/Book_24_Born_To_Die/book_content.txt	mortality	timeline|relationships|scenes|quests|world	implemented_reference_map	reference_extracted_pending_domain_review
WDM-POPULATION-e786de4cf418	population	S037 Mortality-Knowledge-Changes-Daily-Life-Itself	canon/canonical_story_tree/all_25_books_latest_full_cycle.txt|canon/canonical_story_tree/books/Book_24_Born_To_Die/book_content.txt	mortality	timeline|relationships|scenes|quests|world	implemented_reference_map	reference_extracted_pending_domain_review
WDM-POPULATION-d44fb697289b	population	Domestic structure reorganizes under terminal	canon/canonical_story_tree/all_25_books_latest_full_cycle.txt|canon/canonical_story_tree/books/Book_24_Born_To_Die/book_content.txt	mortality	timeline|relationships|scenes|quests|world	implemented_reference_map	reference_extracted_pending_domain_review
WDM-POPULATION-28d18fb9a904	population	awareness	canon/canonical_story_tree/all_25_books_latest_full_cycle.txt|canon/canonical_story_tree/books/Book_24_Born_To_Die/book_content.txt	mortality	timeline|relationships|scenes|quests|world	implemented_reference_map	reference_extracted_pending_domain_review
WDM-POPULATION-29675230e209	population	S038 Pip-Feels-How-Hard-It-Is-to-Sit-Eat-Rest-and-Speak-Normally-Under-It	canon/canonical_story_tree/all_25_books_latest_full_cycle.txt|canon/canonical_story_tree/books/Book_24_Born_To_Die/book_content.txt	mortality	timeline|relationships|scenes|quests|world	implemented_reference_map	reference_extracted_pending_domain_review
WDM-POPULATION-c7166718239b	population	S043 Pip-Learns-That-Terminal-Knowledge-Does-Not-Absolve-Him-of-Living-Well	canon/canonical_story_tree/all_25_books_latest_full_cycle.txt|canon/canonical_story_tree/books/Book_24_Born_To_Die/book_content.txt	mortality	timeline|relationships|scenes|quests|world	implemented_reference_map	reference_extracted_pending_domain_review
WDM-POPULATION-9717cedac229	population	Serious growth note	canon/canonical_story_tree/all_25_books_latest_full_cycle.txt|canon/canonical_story_tree/books/Book_24_Born_To_Die/book_content.txt	mortality	timeline|relationships|scenes|quests|world	implemented_reference_map	reference_extracted_pending_domain_review
WDM-POPULATION-7b054a69d698	population	S044 Rylos-Keeps-the-Moment-From-Turning-Into-Only-Doom	canon/canonical_story_tree/all_25_books_latest_full_cycle.txt|canon/canonical_story_tree/books/Book_24_Born_To_Die/book_content.txt	mortality	timeline|relationships|scenes|quests|world	implemented_reference_map	reference_extracted_pending_domain_review
WDM-POPULATION-9b9a07069a72	population	Bond remains corrective	canon/canonical_story_tree/all_25_books_latest_full_cycle.txt|canon/canonical_story_tree/books/Book_24_Born_To_Die/book_content.txt	mortality	timeline|relationships|scenes|quests|world	implemented_reference_map	reference_extracted_pending_domain_review
WDM-POPULATION-1e8ce936462f	population	S045 Mack-Frames-Living-Under-Mortality-As-a-Dignity-Problem-Not-Only-a-Fear-Problem	canon/canonical_story_tree/all_25_books_latest_full_cycle.txt|canon/canonical_story_tree/books/Book_24_Born_To_Die/book_content.txt	mortality	timeline|relationships|scenes|quests|world	implemented_reference_map	reference_extracted_pending_domain_review
WDM-POPULATION-f12e7c3871f7	population	Deity teaching deepens	canon/canonical_story_tree/all_25_books_latest_full_cycle.txt|canon/canonical_story_tree/books/Book_24_Born_To_Die/book_content.txt	mortality	timeline|relationships|scenes|quests|world	implemented_reference_map	reference_extracted_pending_domain_review
WDM-POPULATION-0bf48d11fe09	population	S046 The-Land-Feels-More-Stable-When-No-One-Pretends-Death-Isn't-Here	canon/canonical_story_tree/all_25_books_latest_full_cycle.txt|canon/canonical_story_tree/books/Book_24_Born_To_Die/book_content.txt	mortality	timeline|relationships|scenes|quests|world	implemented_reference_map	reference_extracted_pending_domain_review
WDM-POPULATION-75594aeadd69	population	World-state mirrors truth	canon/canonical_story_tree/all_25_books_latest_full_cycle.txt|canon/canonical_story_tree/books/Book_24_Born_To_Die/book_content.txt	mortality	timeline|relationships|scenes|quests|world	implemented_reference_map	reference_extracted_pending_domain_review
WDM-POPULATION-6e5a03e5a2da	population	S047 The-Household-Begins-to-Inhabit-the-Terminal-Truth	canon/canonical_story_tree/all_25_books_latest_full_cycle.txt|canon/canonical_story_tree/books/Book_24_Born_To_Die/book_content.txt	mortality	timeline|relationships|scenes|quests|world	implemented_reference_map	reference_extracted_pending_domain_review
WDM-POPULATION-fb37ad987d00	population	Practical clarity matters	canon/canonical_story_tree/all_25_books_latest_full_cycle.txt|canon/canonical_story_tree/books/Book_24_Born_To_Die/book_content.txt	mortality	timeline|relationships|scenes|quests|world	implemented_reference_map	reference_extracted_pending_domain_review
WDM-POPULATION-4597fa440ba6	population	S052 Mack-Speaks-of-Ursula-As-Core-Bound-Deity-Again-Without-Flattening-Her	canon/canonical_story_tree/all_25_books_latest_full_cycle.txt|canon/canonical_story_tree/books/Book_24_Born_To_Die/book_content.txt	mortality	timeline|relationships|scenes|quests|world	implemented_reference_map	reference_extracted_pending_domain_review
WDM-POPULATION-39d155786a31	population	Canon stays embedded	canon/canonical_story_tree/all_25_books_latest_full_cycle.txt|canon/canonical_story_tree/books/Book_24_Born_To_Die/book_content.txt	mortality	timeline|relationships|scenes|quests|world	implemented_reference_map	reference_extracted_pending_domain_review
WDM-POPULATION-f9301bccbba7	population	S053 The-Ground-Shows-Amethyst-Lines-Tense-Beneath-Mortality-Rootwork	canon/canonical_story_tree/all_25_books_latest_full_cycle.txt|canon/canonical_story_tree/books/Book_24_Born_To_Die/book_content.txt	mortality	timeline|relationships|scenes|quests|world	implemented_reference_map	reference_extracted_pending_domain_review
WDM-POPULATION-362329c542a0	population	Symbol and state remain joined	canon/canonical_story_tree/all_25_books_latest_full_cycle.txt|canon/canonical_story_tree/books/Book_24_Born_To_Die/book_content.txt	mortality	timeline|relationships|scenes|quests|world	implemented_reference_map	reference_extracted_pending_domain_review
WDM-POPULATION-25c591cd281d	population	S054 Pip-Understands-That-the-Planet's-Heart-Knows-What-It-Means-to-Be-Held-Under-Terminal-Force	canon/canonical_story_tree/all_25_books_latest_full_cycle.txt|canon/canonical_story_tree/books/Book_24_Born_To_Die/book_content.txt	mortality	timeline|relationships|scenes|quests|world	implemented_reference_map	reference_extracted_pending_domain_review
WDM-POPULATION-e60c77a643ed	population	S055 Rylos-Keeps-the-Moment-Clear-and-Embodied	canon/canonical_story_tree/all_25_books_latest_full_cycle.txt|canon/canonical_story_tree/books/Book_24_Born_To_Die/book_content.txt	mortality	timeline|relationships|scenes|quests|world	implemented_reference_map	reference_extracted_pending_domain_review
WDM-POPULATION-e1450ad2bd5d	population	S095 The-World-Feels-More-Final-and-More-Personal-than-Before	canon/canonical_story_tree/all_25_books_latest_full_cycle.txt|canon/canonical_story_tree/books/Book_24_Born_To_Die/book_content.txt	mortality	timeline|relationships|scenes|quests|world	implemented_reference_map	reference_extracted_pending_domain_review
WDM-POPULATION-8e10be311b61	population	Tone remains honest	canon/canonical_story_tree/all_25_books_latest_full_cycle.txt|canon/canonical_story_tree/books/Book_24_Born_To_Die/book_content.txt	mortality	timeline|relationships|scenes|quests|world	implemented_reference_map	reference_extracted_pending_domain_review
WDM-POPULATION-3349e0383533	population	S096 The-Beat-Ends-with-Terminal-Shock-Underway	canon/canonical_story_tree/all_25_books_latest_full_cycle.txt|canon/canonical_story_tree/books/Book_24_Born_To_Die/book_content.txt	mortality	timeline|relationships|scenes|quests|world	implemented_reference_map	reference_extracted_pending_domain_review
WDM-POPULATION-44a29a68e630	population	gains forward motion	canon/canonical_story_tree/all_25_books_latest_full_cycle.txt|canon/canonical_story_tree/books/Book_24_Born_To_Die/book_content.txt	mortality	timeline|relationships|scenes|quests|world	implemented_reference_map	reference_extracted_pending_domain_review
WDM-POPULATION-0db5545d076a	population	What Mortality Does to Love	canon/canonical_story_tree/all_25_books_latest_full_cycle.txt|canon/canonical_story_tree/books/Book_24_Born_To_Die/book_content.txt	mortality	timeline|relationships|scenes|quests|world	implemented_reference_map	reference_extracted_pending_domain_review
WDM-POPULATION-320935ceeb3a	population	S097 Born-To-Die-Forces-the-Pair-to-Reckon-With-How-Love-Holds-Under-Finality	canon/canonical_story_tree/all_25_books_latest_full_cycle.txt|canon/canonical_story_tree/books/Book_24_Born_To_Die/book_content.txt	mortality	timeline|relationships|scenes|quests|world	implemented_reference_map	reference_extracted_pending_domain_review
WDM-POPULATION-f6e9ca732def	population	Relational stakes deepen	canon/canonical_story_tree/all_25_books_latest_full_cycle.txt|canon/canonical_story_tree/books/Book_24_Born_To_Die/book_content.txt	mortality	timeline|relationships|scenes|quests|world	implemented_reference_map	reference_extracted_pending_domain_review
WDM-POPULATION-5120123d2f84	population	S098 Pip-Feels-How-Easy-It-Is-to-Mistake-Love-for-Advance-Grief	canon/canonical_story_tree/all_25_books_latest_full_cycle.txt|canon/canonical_story_tree/books/Book_24_Born_To_Die/book_content.txt	mortality	timeline|relationships|scenes|quests|world	implemented_reference_map	reference_extracted_pending_domain_review
WDM-POPULATION-5eea875c26c5	population	Emotional insight sharpens	canon/canonical_story_tree/all_25_books_latest_full_cycle.txt|canon/canonical_story_tree/books/Book_24_Born_To_Die/book_content.txt	mortality	timeline|relationships|scenes|quests|world	implemented_reference_map	reference_extracted_pending_domain_review
WDM-POPULATION-a6802fd5c5a3	population	S099 Rylos-Frames-Love-As-Something-That-Must-Stay-Accurate-Under-Death-Pressure	canon/canonical_story_tree/all_25_books_latest_full_cycle.txt|canon/canonical_story_tree/books/Book_24_Born_To_Die/book_content.txt	mortality	timeline|relationships|scenes|quests|world	implemented_reference_map	reference_extracted_pending_domain_review
WDM-POPULATION-b6c5a830dca3	population	Mature clarity remains	canon/canonical_story_tree/all_25_books_latest_full_cycle.txt|canon/canonical_story_tree/books/Book_24_Born_To_Die/book_content.txt	mortality	timeline|relationships|scenes|quests|world	implemented_reference_map	reference_extracted_pending_domain_review
WDM-POPULATION-bc84b4f1987a	population	S100 Mack-Grows-a-Low-Wide-Mortality-Glen-for-the-Conversation	canon/canonical_story_tree/all_25_books_latest_full_cycle.txt|canon/canonical_story_tree/books/Book_24_Born_To_Die/book_content.txt	mortality	timeline|relationships|scenes|quests|world	implemented_reference_map	reference_extracted_pending_domain_review
WDM-POPULATION-0c3f3c1c07de	population	The land becomes relational truth	canon/canonical_story_tree/all_25_books_latest_full_cycle.txt|canon/canonical_story_tree/books/Book_24_Born_To_Die/book_content.txt	mortality	timeline|relationships|scenes|quests|world	implemented_reference_map	reference_extracted_pending_domain_review
WDM-POPULATION-54280e7606b6	population	space again	canon/canonical_story_tree/all_25_books_latest_full_cycle.txt|canon/canonical_story_tree/books/Book_24_Born_To_Die/book_content.txt	mortality	timeline|relationships|scenes|quests|world	implemented_reference_map	reference_extracted_pending_domain_review
WDM-POPULATION-336c6707baa5	population	S101 Daisy-May-and-Majeski-Hold-the-Household-Center-As-That-Truth-Is-Spoken	canon/canonical_story_tree/all_25_books_latest_full_cycle.txt|canon/canonical_story_tree/books/Book_24_Born_To_Die/book_content.txt	mortality	timeline|relationships|scenes|quests|world	implemented_reference_map	reference_extracted_pending_domain_review
WDM-POPULATION-3ecfaf175f14	population	Great Dane truth remains central	canon/canonical_story_tree/all_25_books_latest_full_cycle.txt|canon/canonical_story_tree/books/Book_24_Born_To_Die/book_content.txt	mortality	timeline|relationships|scenes|quests|world	implemented_reference_map	reference_extracted_pending_domain_review
WDM-POPULATION-d92cc68c8af1	population	Canon actively protected	canon/canonical_story_tree/all_25_books_latest_full_cycle.txt|canon/canonical_story_tree/books/Book_24_Born_To_Die/book_content.txt	mortality	timeline|relationships|scenes|quests|world	implemented_reference_map	reference_extracted_pending_domain_review
WDM-POPULATION-a249346ed81e	population	S115 Born-To-Die-Is-Recast-As-Living-Under-Finality-Not-Surrendering-to-It	canon/canonical_story_tree/all_25_books_latest_full_cycle.txt|canon/canonical_story_tree/books/Book_24_Born_To_Die/book_content.txt	mortality	timeline|relationships|scenes|quests|world	implemented_reference_map	reference_extracted_pending_domain_review
WDM-POPULATION-d98df2f0836a	population	Structural law deepens	canon/canonical_story_tree/all_25_books_latest_full_cycle.txt|canon/canonical_story_tree/books/Book_24_Born_To_Die/book_content.txt	mortality	timeline|relationships|scenes|quests|world	implemented_reference_map	reference_extracted_pending_domain_review
WDM-POPULATION-863f714cbed5	population	S116 Sonomancy-Stays-Rare-Hard-and-Inadequate-As-Easy-Mortality-Solution	canon/canonical_story_tree/all_25_books_latest_full_cycle.txt|canon/canonical_story_tree/books/Book_24_Born_To_Die/book_content.txt	mortality	timeline|relationships|scenes|quests|world	implemented_reference_map	reference_extracted_pending_domain_review
WDM-POPULATION-b1ef6cc895bd	population	S117 Pip-and-Rylos-Move-Forward-More-Accurately-Bound-Under-Death-Pressure	canon/canonical_story_tree/all_25_books_latest_full_cycle.txt|canon/canonical_story_tree/books/Book_24_Born_To_Die/book_content.txt	mortality	timeline|relationships|scenes|quests|world	implemented_reference_map	reference_extracted_pending_domain_review
WDM-POPULATION-91e5b8ae6766	population	Pair refinement continues	canon/canonical_story_tree/all_25_books_latest_full_cycle.txt|canon/canonical_story_tree/books/Book_24_Born_To_Die/book_content.txt	mortality	timeline|relationships|scenes|quests|world	implemented_reference_map	reference_extracted_pending_domain_review
WDM-POPULATION-c05969593a9a	population	S118 The-Book-Finds-Its-Death-Law	canon/canonical_story_tree/all_25_books_latest_full_cycle.txt|canon/canonical_story_tree/books/Book_24_Born_To_Die/book_content.txt	mortality	timeline|relationships|scenes|quests|world	implemented_reference_map	reference_extracted_pending_domain_review
WDM-POPULATION-fa3d46f59066	population	S084 The-Beat-Ends-with-Daisy-May-and-Majeski-Held-Firm-As-Living-Truth	canon/canonical_story_tree/all_25_books_latest_full_cycle.txt|canon/canonical_story_tree/books/Book_24_Born_To_Die/book_content.txt	species	timeline|relationships|scenes|quests|world	implemented_reference_map	reference_extracted_pending_domain_review
WDM-POPULATION-3a5bbd7cfeb4	population	"The First Terminal Shock
target"	canon/canonical_story_tree/all_25_books_latest_full_cycle.txt|canon/canonical_story_tree/books/Book_24_Born_To_Die/book_content.txt	species	timeline|relationships|scenes|quests|world	implemented_reference_map	reference_extracted_pending_domain_review
WDM-POPULATION-59a8475dc775	population	S084 The-Beat-Ends-with-Daisy-May-and-Majeski-Held-Firm-As-Living-Continuity	canon/canonical_story_tree/all_25_books_latest_full_cycle.txt|canon/canonical_story_tree/books/Book_25_Death_Is_Rebirth/book_content.txt	species	timeline|relationships|scenes|quests|world	implemented_reference_map	reference_extracted_pending_domain_review
WDM-POPULATION-7caa48f9b0b4	population	B25	canon/canonical_story_tree/all_25_books_latest_full_cycle.txt|canon/canonical_story_tree/books/Book_25_Death_Is_Rebirth/book_content.txt	species	timeline|relationships|scenes|quests|world	implemented_reference_map	reference_extracted_pending_domain_review
WDM-POPULATION-c5f080677df9	population	The First True Transformational Shock	canon/canonical_story_tree/all_25_books_latest_full_cycle.txt|canon/canonical_story_tree/books/Book_25_Death_Is_Rebirth/book_content.txt	species	timeline|relationships|scenes|quests|world	implemented_reference_map	reference_extracted_pending_domain_review
WDM-POPULATION-294d1ad93102	population	"Choices Make World

Exit-Velocity-Is-Achieved"	canon/canonical_story_tree/all_25_books_latest_full_cycle.txt	mortality	timeline|relationships|scenes|quests|world	implemented_reference_map	reference_extracted_pending_domain_review
WDM-POPULATION-0664652182f0	population	The first book ends with	canon/canonical_story_tree/all_25_books_latest_full_cycle.txt	mortality	timeline|relationships|scenes|quests|world	implemented_reference_map	reference_extracted_pending_domain_review
WDM-POPULATION-a0177aa5db17	population	enough emotional	canon/canonical_story_tree/all_25_books_latest_full_cycle.txt	mortality	timeline|relationships|scenes|quests|world	implemented_reference_map	reference_extracted_pending_domain_review
WDM-POPULATION-ec42ed79d651	population	relational	canon/canonical_story_tree/all_25_books_latest_full_cycle.txt	mortality	timeline|relationships|scenes|quests|world	implemented_reference_map	reference_extracted_pending_domain_review
WDM-POPULATION-2588212df110	population	notes	canon/canonical_story_tree/all_25_books_latest_full_cycle.txt	mortality	timeline|relationships|scenes|quests|world	implemented_reference_map	reference_extracted_pending_domain_review
WDM-POPULATION-c9744f83abe7	population	source	canon/canonical_story_tree/all_25_books_latest_full_cycle.txt	mortality	timeline|relationships|scenes|quests|world	implemented_reference_map	reference_extracted_pending_domain_review
WDM-POPULATION-c07fe1c5dc71	population	"support
Manuscript body"	canon/canonical_story_tree/all_25_books_latest_full_cycle.txt	mortality	timeline|relationships|scenes|quests|world	implemented_reference_map	reference_extracted_pending_domain_review
WDM-POPULATION-eb4c95141e2d	population	crates	canon/canonical_story_tree/world/wowas_world_zone_map.json	population|settlement	timeline|relationships|scenes|quests|world	implemented_reference_map	reference_extracted_pending_domain_review
WDM-POPULATION-1ac908335bed	population	wowas-engine	canon/canonical_story_tree/world/wowas_world_zone_map.json	population|settlement	timeline|relationships|scenes|quests|world	implemented_reference_map	reference_extracted_pending_domain_review
WDM-POPULATION-3f4953c5d51f	population	canon	canon/canonical_story_tree/world/wowas_world_zone_map.json	population|settlement	timeline|relationships|scenes|quests|world	implemented_reference_map	reference_extracted_pending_domain_review
WDM-POPULATION-4433623e5d6f	population	data	canon/canonical_story_tree/world/wowas_world_zone_map.json	population|settlement	timeline|relationships|scenes|quests|world	implemented_reference_map	reference_extracted_pending_domain_review
WDM-POPULATION-a3fc2bfb004f	population	mutation	canon/canonical_story_tree/world/wowas_world_zone_map.json	population	timeline|relationships|scenes|quests|world	implemented_reference_map	reference_extracted_pending_domain_review
WDM-POPULATION-839236a41b07	population	society	canon/canonical_story_tree/world/wowas_world_zone_map.json	population	timeline|relationships|scenes|quests|world	implemented_reference_map	reference_extracted_pending_domain_review
WDM-POPULATION-bd88d5a2a1df	population	framework	canon/canonical_story_tree/world/wowas_world_zone_map.json	population	timeline|relationships|scenes|quests|world	implemented_reference_map	reference_extracted_pending_domain_review
WDM-POPULATION-f734e5f85e7c	population	json	canon/canonical_story_tree/world/wowas_world_zone_map.json	population|settlement	timeline|relationships|scenes|quests|world	implemented_reference_map	reference_extracted_pending_domain_review
WDM-POPULATION-60ffc4190bc2	population	sources	canon/canonical_story_tree/world/wowas_world_zone_map.json	population	timeline|relationships|scenes|quests|world	implemented_reference_map	reference_extracted_pending_domain_review
WDM-POPULATION-31d64bd5493d	population	STATE	canon/canonical_story_tree/world/wowas_world_zone_map.json	population	timeline|relationships|scenes|quests|world	implemented_reference_map	reference_extracted_pending_domain_review
WDM-POPULATION-d1bcaca1766d	population	overview	canon/canonical_story_tree/world/wowas_world_zone_map.json	population	timeline|relationships|scenes|quests|world	implemented_reference_map	reference_extracted_pending_domain_review
WDM-POPULATION-e8bc07cd865f	population	pre	canon/canonical_story_tree/world/wowas_world_zone_map.json	population	timeline|relationships|scenes|quests|world	implemented_reference_map	reference_extracted_pending_domain_review
WDM-POPULATION-04d317eab4cd	population	collapse	canon/canonical_story_tree/world/wowas_world_zone_map.json	population|settlement	timeline|relationships|scenes|quests|world	implemented_reference_map	reference_extracted_pending_domain_review
WDM-POPULATION-0f42be0fccc7	population	population	canon/canonical_story_tree/world/wowas_world_zone_map.json	census|population|settlement	timeline|relationships|scenes|quests|world	implemented_reference_map	reference_extracted_pending_domain_review
WDM-POPULATION-8760505b7374	population	post	canon/canonical_story_tree/world/wowas_world_zone_map.json	population	timeline|relationships|scenes|quests|world	implemented_reference_map	reference_extracted_pending_domain_review
WDM-POPULATION-f7fe814be276	population	loss	canon/canonical_story_tree/world/wowas_world_zone_map.json	population	timeline|relationships|scenes|quests|world	implemented_reference_map	reference_extracted_pending_domain_review
WDM-POPULATION-631a278e1e97	population	cause	canon/canonical_story_tree/world/wowas_world_zone_map.json	population	timeline|relationships|scenes|quests|world	implemented_reference_map	reference_extracted_pending_domain_review
WDM-POPULATION-b5eee0f3261e	population	unspecified in corpus	canon/canonical_story_tree/world/wowas_world_zone_map.json	population	timeline|relationships|scenes|quests|world	implemented_reference_map	reference_extracted_pending_domain_review
WDM-POPULATION-31eda4f91a3d	population	authorial decision	canon/canonical_story_tree/world/wowas_world_zone_map.json	population	timeline|relationships|scenes|quests|world	implemented_reference_map	reference_extracted_pending_domain_review
WDM-POPULATION-f075239f2a34	population	referred to as	canon/canonical_story_tree/world/wowas_world_zone_map.json	population	timeline|relationships|scenes|quests|world	implemented_reference_map	reference_extracted_pending_domain_review
WDM-POPULATION-9e8323512e54	population	the collapse event'	canon/canonical_story_tree/world/wowas_world_zone_map.json	population	timeline|relationships|scenes|quests|world	implemented_reference_map	reference_extracted_pending_domain_review
WDM-POPULATION-e2871e853254	population	territory	canon/canonical_story_tree/world/wowas_world_zone_map.json	population	timeline|relationships|scenes|quests|world	implemented_reference_map	reference_extracted_pending_domain_review
WDM-POPULATION-b7a6177f0594	population	extent	canon/canonical_story_tree/world/wowas_world_zone_map.json	population	timeline|relationships|scenes|quests|world	implemented_reference_map	reference_extracted_pending_domain_review
WDM-POPULATION-499641b6da9d	population	the known survivor territory	canon/canonical_story_tree/world/wowas_world_zone_map.json	population	timeline|relationships|scenes|quests|world	implemented_reference_map	reference_extracted_pending_domain_review
WDM-POPULATION-78ace4128e15	population	not the full pre-collapse world	canon/canonical_story_tree/world/wowas_world_zone_map.json	population	timeline|relationships|scenes|quests|world	implemented_reference_map	reference_extracted_pending_domain_review
WDM-POPULATION-17256b162f8b	population	defensible natural borders to north	canon/canonical_story_tree/world/wowas_world_zone_map.json	population|settlement	timeline|relationships|scenes|quests|world	implemented_reference_map	reference_extracted_pending_domain_review
WDM-POPULATION-e43b07c1be2b	population	and east	canon/canonical_story_tree/world/wowas_world_zone_map.json	population|settlement	timeline|relationships|scenes|quests|world	implemented_reference_map	reference_extracted_pending_domain_review
WDM-POPULATION-651afa425960	population	change	canon/canonical_story_tree/world/wowas_world_zone_map.json	population|settlement	timeline|relationships|scenes|quests|world	implemented_reference_map	reference_extracted_pending_domain_review
WDM-POPULATION-57fb56189d66	population	minor	canon/canonical_story_tree/world/wowas_world_zone_map.json	population|settlement	timeline|relationships|scenes|quests|world	implemented_reference_map	reference_extracted_pending_domain_review
WDM-POPULATION-2476baeb31e9	population	the Heartland was the most	canon/canonical_story_tree/world/wowas_world_zone_map.json	population|settlement	timeline|relationships|scenes|quests|world	implemented_reference_map	reference_extracted_pending_domain_review
WDM-POPULATION-511ed8a18bb3	population	stable zone during the collapse	canon/canonical_story_tree/world/wowas_world_zone_map.json	population	timeline|relationships|scenes|quests|world	implemented_reference_map	reference_extracted_pending_domain_review
WDM-POPULATION-92a11b987807	population	it is why survivors concentrated	canon/canonical_story_tree/world/wowas_world_zone_map.json	population|settlement	timeline|relationships|scenes|quests|world	implemented_reference_map	reference_extracted_pending_domain_review
WDM-POPULATION-967f1e174db6	population	here	canon/canonical_story_tree/world/wowas_world_zone_map.json	population|settlement	timeline|relationships|scenes|quests|world	implemented_reference_map	reference_extracted_pending_domain_review
WDM-POPULATION-18ae2c0e1f59	population	faction	canon/canonical_story_tree/world/wowas_world_zone_map.json	population|settlement	timeline|relationships|scenes|quests|world	implemented_reference_map	reference_extracted_pending_domain_review
WDM-POPULATION-15633cfa44f9	population	presence	canon/canonical_story_tree/world/wowas_world_zone_map.json	population|settlement	timeline|relationships|scenes|quests|world	implemented_reference_map	reference_extracted_pending_domain_review
WDM-POPULATION-fc7c2fc1659e	population	The Resonance	canon/canonical_story_tree/world/wowas_world_zone_map.json	population|settlement	timeline|relationships|scenes|quests|world	implemented_reference_map	reference_extracted_pending_domain_review
WDM-POPULATION-dc9c428f4475	population	estimate	canon/canonical_story_tree/world/wowas_world_zone_map.json	population|settlement	timeline|relationships|scenes|quests|world	implemented_reference_map	reference_extracted_pending_domain_review
WDM-POPULATION-50a341a640b7	population	primary	canon/canonical_story_tree/world/wowas_world_zone_map.json	population|settlement	timeline|relationships|scenes|quests|world	implemented_reference_map	reference_extracted_pending_domain_review
WDM-POPULATION-5b3af08f6f9d	population	settlement	canon/canonical_story_tree/world/wowas_world_zone_map.json	census|population|settlement	timeline|relationships|scenes|quests|world	implemented_reference_map	reference_extracted_pending_domain_review
WDM-POPULATION-8b46547fb5bc	population	The Archive District	canon/canonical_story_tree/world/wowas_world_zone_map.json	population|settlement	timeline|relationships|scenes|quests|world	implemented_reference_map	reference_extracted_pending_domain_review
WDM-POPULATION-3396e41809d8	population	secondary	canon/canonical_story_tree/world/wowas_world_zone_map.json	population|settlement	timeline|relationships|scenes|quests|world	implemented_reference_map	reference_extracted_pending_domain_review
WDM-POPULATION-526495584f79	population	healing centers throughout	canon/canonical_story_tree/world/wowas_world_zone_map.json	population|settlement	timeline|relationships|scenes|quests|world	implemented_reference_map	reference_extracted_pending_domain_review
WDM-POPULATION-0336150b4bb2	population	The Meridian	canon/canonical_story_tree/world/wowas_world_zone_map.json	population|settlement	timeline|relationships|scenes|quests|world	implemented_reference_map	reference_extracted_pending_domain_review
WDM-POPULATION-85a92df560e1	population	The Neutral Quarter	canon/canonical_story_tree/world/wowas_world_zone_map.json	population|settlement	timeline|relationships|scenes|quests|world	implemented_reference_map	reference_extracted_pending_domain_review
WDM-POPULATION-041e53a0e0d5	population	healing stations at zone borders	canon/canonical_story_tree/world/wowas_world_zone_map.json	population|settlement	timeline|relationships|scenes|quests|world	implemented_reference_map	reference_extracted_pending_domain_review
WDM-POPULATION-3bcfb56c667d	population	The Iron Accord	canon/canonical_story_tree/world/wowas_world_zone_map.json	population|settlement	timeline|relationships|scenes|quests|world	implemented_reference_map	reference_extracted_pending_domain_review
WDM-POPULATION-14c9d8c40da6	population	The Accord Hall	canon/canonical_story_tree/world/wowas_world_zone_map.json	population|settlement	timeline|relationships|scenes|quests|world	implemented_reference_map	reference_extracted_pending_domain_review
WDM-POPULATION-a9bc97ec7cb7	population	field camps on zone perimeter	canon/canonical_story_tree/world/wowas_world_zone_map.json	population|settlement	timeline|relationships|scenes|quests|world	implemented_reference_map	reference_extracted_pending_domain_review
WDM-POPULATION-5e4a406d73ce	population	Unaffiliated	canon/canonical_story_tree/world/wowas_world_zone_map.json	population|settlement	timeline|relationships|scenes|quests|world	implemented_reference_map	reference_extracted_pending_domain_review
WDM-POPULATION-8fb8e184374d	population	The Gap Districts	canon/canonical_story_tree/world/wowas_world_zone_map.json	population|settlement	timeline|relationships|scenes|quests|world	implemented_reference_map	reference_extracted_pending_domain_review
WDM-POPULATION-686709fa3974	population	informal settlement clusters between faction	canon/canonical_story_tree/world/wowas_world_zone_map.json	population|settlement	timeline|relationships|scenes|quests|world	implemented_reference_map	reference_extracted_pending_domain_review
WDM-POPULATION-cb8fb16fa417	population	areas	canon/canonical_story_tree/world/wowas_world_zone_map.json	population|settlement	timeline|relationships|scenes|quests|world	implemented_reference_map	reference_extracted_pending_domain_review
WDM-POPULATION-d13f015e385e	population	note	canon/canonical_story_tree/world/wowas_world_zone_map.json	population|settlement	timeline|relationships|scenes|quests|world	implemented_reference_map	reference_extracted_pending_domain_review
WDM-POPULATION-3dca7fbad795	population	highest concentration of unaffiliated in	canon/canonical_story_tree/world/wowas_world_zone_map.json	population|settlement	timeline|relationships|scenes|quests|world	implemented_reference_map	reference_extracted_pending_domain_review
WDM-POPULATION-d75bedb4ea03	population	any zone	canon/canonical_story_tree/world/wowas_world_zone_map.json	population|settlement	timeline|relationships|scenes|quests|world	implemented_reference_map	reference_extracted_pending_domain_review
WDM-POPULATION-dbfb0bda46e8	population	The Ash-Born	canon/canonical_story_tree/world/wowas_world_zone_map.json	population|settlement	timeline|relationships|scenes|quests|world	implemented_reference_map	reference_extracted_pending_domain_review
WDM-POPULATION-53d822cc547f	population	minimal presence	canon/canonical_story_tree/world/wowas_world_zone_map.json	population	timeline|relationships|scenes|quests|world	implemented_reference_map	reference_extracted_pending_domain_review
WDM-POPULATION-59dbc76907cc	population	disputed territory	canon/canonical_story_tree/world/wowas_world_zone_map.json	population	timeline|relationships|scenes|quests|world	implemented_reference_map	reference_extracted_pending_domain_review
WDM-POPULATION-6205315a1d82	population	Ash-Born consider the Heartland too	canon/canonical_story_tree/world/wowas_world_zone_map.json	population	timeline|relationships|scenes|quests|world	implemented_reference_map	reference_extracted_pending_domain_review
WDM-POPULATION-b9a9258c31a7	population	open	canon/canonical_story_tree/world/wowas_world_zone_map.json	population	timeline|relationships|scenes|quests|world	implemented_reference_map	reference_extracted_pending_domain_review
WDM-POPULATION-fdf6e80ff497	population	not defensible enough	canon/canonical_story_tree/world/wowas_world_zone_map.json	population|settlement	timeline|relationships|scenes|quests|world	implemented_reference_map	reference_extracted_pending_domain_review
WDM-POPULATION-76177afa9894	population	The Severed	canon/canonical_story_tree/world/wowas_world_zone_map.json	population|settlement	timeline|relationships|scenes|quests|world	implemented_reference_map	reference_extracted_pending_domain_review
WDM-POPULATION-5e6200c6652c	population	scattered presence	canon/canonical_story_tree/world/wowas_world_zone_map.json	population|settlement	timeline|relationships|scenes|quests|world	implemented_reference_map	reference_extracted_pending_domain_review
WDM-POPULATION-e332ca9e1f3d	population	The Severed have no formal	canon/canonical_story_tree/world/wowas_world_zone_map.json	population|settlement	timeline|relationships|scenes|quests|world	implemented_reference_map	reference_extracted_pending_domain_review
WDM-POPULATION-ccf132307064	population	Heartland settlement	canon/canonical_story_tree/world/wowas_world_zone_map.json	population|settlement	timeline|relationships|scenes|quests|world	implemented_reference_map	reference_extracted_pending_domain_review
WDM-POPULATION-dec738f81884	population	key	canon/canonical_story_tree/world/wowas_world_zone_map.json	population|settlement	timeline|relationships|scenes|quests|world	implemented_reference_map	reference_extracted_pending_domain_review
WDM-POPULATION-4977bbf110b3	population	locations	canon/canonical_story_tree/world/wowas_world_zone_map.json	population|settlement	timeline|relationships|scenes|quests|world	implemented_reference_map	reference_extracted_pending_domain_review
WDM-POPULATION-2ca74cd813d1	population	the forest that previously covered	canon/canonical_story_tree/world/wowas_world_zone_map.json	population	timeline|relationships|scenes|quests|world	implemented_reference_map	reference_extracted_pending_domain_review
WDM-POPULATION-246453b453e4	population	the plateau burned during the	canon/canonical_story_tree/world/wowas_world_zone_map.json	population	timeline|relationships|scenes|quests|world	implemented_reference_map	reference_extracted_pending_domain_review
WDM-POPULATION-14fb44ff29f4	population	collapse event	canon/canonical_story_tree/world/wowas_world_zone_map.json	population|settlement	timeline|relationships|scenes|quests|world	implemented_reference_map	reference_extracted_pending_domain_review
WDM-POPULATION-8490e76ab368	population	the terrain is functionally new	canon/canonical_story_tree/world/wowas_world_zone_map.json	population	timeline|relationships|scenes|quests|world	implemented_reference_map	reference_extracted_pending_domain_review
WDM-POPULATION-b2eba97fd1ca	population	which is why the Ash-Born	canon/canonical_story_tree/world/wowas_world_zone_map.json	population	timeline|relationships|scenes|quests|world	implemented_reference_map	reference_extracted_pending_domain_review
WDM-POPULATION-9db7faa1eb62	population	claimed it	canon/canonical_story_tree/world/wowas_world_zone_map.json	population	timeline|relationships|scenes|quests|world	implemented_reference_map	reference_extracted_pending_domain_review
WDM-POPULATION-4ae12604eee7	population	it has no pre-collapse owners	canon/canonical_story_tree/world/wowas_world_zone_map.json	population|settlement	timeline|relationships|scenes|quests|world	implemented_reference_map	reference_extracted_pending_domain_review
WDM-POPULATION-b2ad9bf06ea0	population	The Forge Plateau	canon/canonical_story_tree/world/wowas_world_zone_map.json	population|settlement	timeline|relationships|scenes|quests|world	implemented_reference_map	reference_extracted_pending_domain_review
WDM-POPULATION-d8f2f6f16f5d	population	perimeter watch stations	canon/canonical_story_tree/world/wowas_world_zone_map.json	population|settlement	timeline|relationships|scenes|quests|world	implemented_reference_map	reference_extracted_pending_domain_review
WDM-POPULATION-1f241b443335	population	resource extraction sites	canon/canonical_story_tree/world/wowas_world_zone_map.json	population|settlement	timeline|relationships|scenes|quests|world	implemented_reference_map	reference_extracted_pending_domain_review
WDM-POPULATION-314c8e4fe87b	population	presence disputed	canon/canonical_story_tree/world/wowas_world_zone_map.json	population	timeline|relationships|scenes|quests|world	implemented_reference_map	reference_extracted_pending_domain_review
WDM-POPULATION-230486fe96a1	population	Iron Accord has supply route	canon/canonical_story_tree/world/wowas_world_zone_map.json	population	timeline|relationships|scenes|quests|world	implemented_reference_map	reference_extracted_pending_domain_review
WDM-POPULATION-5c91f74539fb	population	agreements that require access	canon/canonical_story_tree/world/wowas_world_zone_map.json	population	timeline|relationships|scenes|quests|world	implemented_reference_map	reference_extracted_pending_domain_review
WDM-POPULATION-5eab920d8853	population	this is the source of	canon/canonical_story_tree/world/wowas_world_zone_map.json	population	timeline|relationships|scenes|quests|world	implemented_reference_map	reference_extracted_pending_domain_review
WDM-POPULATION-f7cb266de0c0	population	Corveth-Reval friction	canon/canonical_story_tree/world/wowas_world_zone_map.json	population	timeline|relationships|scenes|quests|world	implemented_reference_map	reference_extracted_pending_domain_review
WDM-POPULATION-cf352e981cf5	population	primarily labor-for-access arrangements	canon/canonical_story_tree/world/wowas_world_zone_map.json	population	timeline|relationships|scenes|quests|world	implemented_reference_map	reference_extracted_pending_domain_review
WDM-POPULATION-e6a7d6ec9035	population	loc	canon/canonical_story_tree/world/wowas_world_zone_map.json	population|settlement	timeline|relationships|scenes|quests|world	implemented_reference_map	reference_extracted_pending_domain_review
WDM-POPULATION-3bf05c5340f7	population	forge	canon/canonical_story_tree/world/wowas_world_zone_map.json	population|settlement	timeline|relationships|scenes|quests|world	implemented_reference_map	reference_extracted_pending_domain_review
WDM-POPULATION-297fb73123fe	population	plateau	canon/canonical_story_tree/world/wowas_world_zone_map.json	population|settlement	timeline|relationships|scenes|quests|world	implemented_reference_map	reference_extracted_pending_domain_review
WDM-POPULATION-2fe08a61a28d	population	drainage patterns	canon/canonical_story_tree/world/wowas_world_zone_map.json	population|settlement	timeline|relationships|scenes|quests|world	implemented_reference_map	reference_extracted_pending_domain_review
WDM-POPULATION-f303e6759311	population	moderate	canon/canonical_story_tree/world/wowas_world_zone_map.json	population|settlement	timeline|relationships|scenes|quests|world	implemented_reference_map	reference_extracted_pending_domain_review
WDM-POPULATION-10947b3d4cc5	population	river routing changed	canon/canonical_story_tree/world/wowas_world_zone_map.json	population|settlement	timeline|relationships|scenes|quests|world	implemented_reference_map	reference_extracted_pending_domain_review
WDM-POPULATION-cee68d20b7d9	population	some pre-collapse settlements flooded	canon/canonical_story_tree/world/wowas_world_zone_map.json	population|settlement	timeline|relationships|scenes|quests|world	implemented_reference_map	reference_extracted_pending_domain_review
WDM-POPULATION-0db25c77b2fe	population	current settlements are built above	canon/canonical_story_tree/world/wowas_world_zone_map.json	population|settlement	timeline|relationships|scenes|quests|world	implemented_reference_map	reference_extracted_pending_domain_review
WDM-POPULATION-88df66c0f7d9	population	the new flood lines	canon/canonical_story_tree/world/wowas_world_zone_map.json	population|settlement	timeline|relationships|scenes|quests|world	implemented_reference_map	reference_extracted_pending_domain_review
WDM-POPULATION-cffc417b97f8	population	secondary Resonance presence	canon/canonical_story_tree/world/wowas_world_zone_map.json	population	timeline|relationships|scenes|quests|world	implemented_reference_map	reference_extracted_pending_domain_review
WDM-POPULATION-fd71c41281b5	population	knowledge outpost	canon/canonical_story_tree/world/wowas_world_zone_map.json	population	timeline|relationships|scenes|quests|world	implemented_reference_map	reference_extracted_pending_domain_review
WDM-POPULATION-0b7aebfd2e02	population	healing station	canon/canonical_story_tree/world/wowas_world_zone_map.json	population	timeline|relationships|scenes|quests|world	implemented_reference_map	reference_extracted_pending_domain_review
WDM-POPULATION-7edd323d8585	population	agricultural production base	canon/canonical_story_tree/world/wowas_world_zone_map.json	population	timeline|relationships|scenes|quests|world	implemented_reference_map	reference_extracted_pending_domain_review
WDM-POPULATION-68e36c6f0071	population	Elven's primary operations are here	canon/canonical_story_tree/world/wowas_world_zone_map.json	population	timeline|relationships|scenes|quests|world	implemented_reference_map	reference_extracted_pending_domain_review
WDM-POPULATION-2f9efd3cd8fe	population	basin	canon/canonical_story_tree/world/wowas_world_zone_map.json	population|settlement	timeline|relationships|scenes|quests|world	implemented_reference_map	reference_extracted_pending_domain_review
WDM-POPULATION-2bc774a5de8a	population	agricultural	canon/canonical_story_tree/world/wowas_world_zone_map.json	population	timeline|relationships|scenes|quests|world	implemented_reference_map	reference_extracted_pending_domain_review
WDM-POPULATION-afba110a2597	population	name	canon/canonical_story_tree/world/wowas_world_zone_map.json	population|settlement	timeline|relationships|scenes|quests|world	implemented_reference_map	reference_extracted_pending_domain_review
WDM-POPULATION-eb4871100ca9	population	The Basin Agricultural Complex	canon/canonical_story_tree/world/wowas_world_zone_map.json	population	timeline|relationships|scenes|quests|world	implemented_reference_map	reference_extracted_pending_domain_review
WDM-POPULATION-a9164acd2254	population	the marsh expanded during the	canon/canonical_story_tree/world/wowas_world_zone_map.json	population|settlement	timeline|relationships|scenes|quests|world	implemented_reference_map	reference_extracted_pending_domain_review
WDM-POPULATION-60a26a36db5d	population	what was firm ground is	canon/canonical_story_tree/world/wowas_world_zone_map.json	population|settlement	timeline|relationships|scenes|quests|world	implemented_reference_map	reference_extracted_pending_domain_review
WDM-POPULATION-e51da3e706a0	population	now marsh	canon/canonical_story_tree/world/wowas_world_zone_map.json	population|settlement	timeline|relationships|scenes|quests|world	implemented_reference_map	reference_extracted_pending_domain_review
WDM-POPULATION-84f7421216a3	population	the expansion created natural barriers	canon/canonical_story_tree/world/wowas_world_zone_map.json	population|settlement	timeline|relationships|scenes|quests|world	implemented_reference_map	reference_extracted_pending_domain_review
WDM-POPULATION-be5d03a05760	population	that several settlements use as	canon/canonical_story_tree/world/wowas_world_zone_map.json	population|settlement	timeline|relationships|scenes|quests|world	implemented_reference_map	reference_extracted_pending_domain_review
WDM-POPULATION-05002cd28696	population	protection	canon/canonical_story_tree/world/wowas_world_zone_map.json	population|settlement	timeline|relationships|scenes|quests|world	implemented_reference_map	reference_extracted_pending_domain_review
WDM-POPULATION-077fce587c46	population	The Firm Ground Settlement	canon/canonical_story_tree/world/wowas_world_zone_map.json|canonical_story_tree/world/wowas_world_zone_map.json	population|settlement	timeline|relationships|scenes|quests|world	implemented_reference_map	reference_extracted_pending_domain_review
WDM-POPULATION-de66eb1e18c9	population	The marsh expansion is what	canon/canonical_story_tree/world/wowas_world_zone_map.json	population|settlement	timeline|relationships|scenes|quests|world	implemented_reference_map	reference_extracted_pending_domain_review
WDM-POPULATION-06caa029a8b1	population	the Iron Accord built their	canon/canonical_story_tree/world/wowas_world_zone_map.json	population|settlement	timeline|relationships|scenes|quests|world	implemented_reference_map	reference_extracted_pending_domain_review
WDM-POPULATION-a588df293908	population	eastern settlements around	canon/canonical_story_tree/world/wowas_world_zone_map.json	population|settlement	timeline|relationships|scenes|quests|world	implemented_reference_map	reference_extracted_pending_domain_review
WDM-POPULATION-d88faf9d4547	population	they know the routes	canon/canonical_story_tree/world/wowas_world_zone_map.json	population|settlement	timeline|relationships|scenes|quests|world	implemented_reference_map	reference_extracted_pending_domain_review
WDM-POPULATION-45635048b1c3	population	firm	canon/canonical_story_tree/world/wowas_world_zone_map.json	population|settlement	timeline|relationships|scenes|quests|world	implemented_reference_map	reference_extracted_pending_domain_review
WDM-POPULATION-150bcaee8160	population	ground	canon/canonical_story_tree/world/wowas_world_zone_map.json	population|settlement	timeline|relationships|scenes|quests|world	implemented_reference_map	reference_extracted_pending_domain_review
WDM-POPULATION-3405b8010a64	population	minor terrain change	canon/canonical_story_tree/world/wowas_world_zone_map.json	population|settlement	timeline|relationships|scenes|quests|world	implemented_reference_map	reference_extracted_pending_domain_review
WDM-POPULATION-e07a4e52d1e1	population	significant political change	canon/canonical_story_tree/world/wowas_world_zone_map.json	population|settlement	timeline|relationships|scenes|quests|world	implemented_reference_map	reference_extracted_pending_domain_review
WDM-POPULATION-10d43d592847	population	pre-collapse settlements on the ridge	canon/canonical_story_tree/world/wowas_world_zone_map.json	population|settlement	timeline|relationships|scenes|quests|world	implemented_reference_map	reference_extracted_pending_domain_review
WDM-POPULATION-f26882d0141a	population	were abandoned and ownership is	canon/canonical_story_tree/world/wowas_world_zone_map.json	population|settlement	timeline|relationships|scenes|quests|world	implemented_reference_map	reference_extracted_pending_domain_review
WDM-POPULATION-69dd2e2e5fd7	population	now contested	canon/canonical_story_tree/world/wowas_world_zone_map.json	population|settlement	timeline|relationships|scenes|quests|world	implemented_reference_map	reference_extracted_pending_domain_review
WDM-POPULATION-5c8980b90ba5	population	watch stations	canon/canonical_story_tree/world/wowas_world_zone_map.json	population	timeline|relationships|scenes|quests|world	implemented_reference_map	reference_extracted_pending_domain_review
WDM-POPULATION-69ce55a58310	population	strategic positioning	canon/canonical_story_tree/world/wowas_world_zone_map.json	population	timeline|relationships|scenes|quests|world	implemented_reference_map	reference_extracted_pending_domain_review
WDM-POPULATION-abdd3ec8e0bf	population	Verath's operational base for cross-faction	canon/canonical_story_tree/world/wowas_world_zone_map.json	population	timeline|relationships|scenes|quests|world	implemented_reference_map	reference_extracted_pending_domain_review
WDM-POPULATION-d24e43ead74e	population	intelligence	canon/canonical_story_tree/world/wowas_world_zone_map.json	population	timeline|relationships|scenes|quests|world	implemented_reference_map	reference_extracted_pending_domain_review
WDM-POPULATION-6fdb802e3a9d	population	Unbound	canon/canonical_story_tree/world/wowas_world_zone_map.json	population|settlement	timeline|relationships|scenes|quests|world	implemented_reference_map	reference_extracted_pending_domain_review
WDM-POPULATION-155014f947b6	population	transit presence	canon/canonical_story_tree/world/wowas_world_zone_map.json	population	timeline|relationships|scenes|quests|world	implemented_reference_map	reference_extracted_pending_domain_review
WDM-POPULATION-f8baeabdcc7d	population	Thael's route passes through	canon/canonical_story_tree/world/wowas_world_zone_map.json	population	timeline|relationships|scenes|quests|world	implemented_reference_map	reference_extracted_pending_domain_review
WDM-POPULATION-0d6836fba264	population	thornridge	canon/canonical_story_tree/world/wowas_world_zone_map.json	census|population|settlement	timeline|relationships|scenes|quests|world	implemented_reference_map	reference_extracted_pending_domain_review
WDM-POPULATION-a38c3cb34b04	population	the Deepwood Remnant survived the	canon/canonical_story_tree/world/wowas_world_zone_map.json	population	timeline|relationships|scenes|quests|world	implemented_reference_map	reference_extracted_pending_domain_review
WDM-POPULATION-1027a9072526	population	collapse intact for reasons that	canon/canonical_story_tree/world/wowas_world_zone_map.json	population	timeline|relationships|scenes|quests|world	implemented_reference_map	reference_extracted_pending_domain_review
WDM-POPULATION-ad352b1a5a2b	population	are not fully understood	canon/canonical_story_tree/world/wowas_world_zone_map.json	population	timeline|relationships|scenes|quests|world	implemented_reference_map	reference_extracted_pending_domain_review
WDM-POPULATION-a3e0eb2764ea	population	some attribute it to pre-collapse	canon/canonical_story_tree/world/wowas_world_zone_map.json	population	timeline|relationships|scenes|quests|world	implemented_reference_map	reference_extracted_pending_domain_review
WDM-POPULATION-d3c4e6e352ac	population	sonomantic protection	canon/canonical_story_tree/world/wowas_world_zone_map.json	population	timeline|relationships|scenes|quests|world	implemented_reference_map	reference_extracted_pending_domain_review
WDM-POPULATION-eb27362427e2	population	this is not confirmed	canon/canonical_story_tree/world/wowas_world_zone_map.json	population	timeline|relationships|scenes|quests|world	implemented_reference_map	reference_extracted_pending_domain_review
WDM-POPULATION-fc44edb0da5b	population	The Unbound	canon/canonical_story_tree/world/wowas_world_zone_map.json	population|settlement	timeline|relationships|scenes|quests|world	implemented_reference_map	reference_extracted_pending_domain_review
WDM-POPULATION-6e6a60714fd1	population	Drevyn's primary camping ground	canon/canonical_story_tree/world/wowas_world_zone_map.json	population|settlement	timeline|relationships|scenes|quests|world	implemented_reference_map	reference_extracted_pending_domain_review
WDM-POPULATION-ac753b729a47	population	the Unbound use it as	canon/canonical_story_tree/world/wowas_world_zone_map.json	population|settlement	timeline|relationships|scenes|quests|world	implemented_reference_map	reference_extracted_pending_domain_review
WDM-POPULATION-2f25bb1339b7	population	rest point	canon/canonical_story_tree/world/wowas_world_zone_map.json	population|settlement	timeline|relationships|scenes|quests|world	implemented_reference_map	reference_extracted_pending_domain_review
WDM-POPULATION-328430a706a9	population	people who live outside the	canon/canonical_story_tree/world/wowas_world_zone_map.json	population|settlement	timeline|relationships|scenes|quests|world	implemented_reference_map	reference_extracted_pending_domain_review
WDM-POPULATION-ca98bd35f3c8	population	settlement system by choice or	canon/canonical_story_tree/world/wowas_world_zone_map.json	population|settlement	timeline|relationships|scenes|quests|world	implemented_reference_map	reference_extracted_pending_domain_review
WDM-POPULATION-4472408d5398	population	necessity	canon/canonical_story_tree/world/wowas_world_zone_map.json	population|settlement	timeline|relationships|scenes|quests|world	implemented_reference_map	reference_extracted_pending_domain_review
WDM-POPULATION-355abb0d34d4	population	sonomantic	canon/canonical_story_tree/world/wowas_world_zone_map.json	population|settlement	timeline|relationships|scenes|quests|world	implemented_reference_map	reference_extracted_pending_domain_review
WDM-POPULATION-8b5fa809c229	population	The Deepwood Remnant has unusual	canon/canonical_story_tree/world/wowas_world_zone_map.json	population|settlement	timeline|relationships|scenes|quests|world	implemented_reference_map	reference_extracted_pending_domain_review
WDM-POPULATION-e9da7bdfec0a	population	significant	canon/canonical_story_tree/world/wowas_world_zone_map.json	population|settlement	timeline|relationships|scenes|quests|world	implemented_reference_map	reference_extracted_pending_domain_review
WDM-POPULATION-9ec07b4814b2	population	previously	canon/canonical_story_tree/world/wowas_world_zone_map.json	population|settlement	timeline|relationships|scenes|quests|world	implemented_reference_map	reference_extracted_pending_domain_review
WDM-POPULATION-46c01138318c	population	more varied landscape	canon/canonical_story_tree/world/wowas_world_zone_map.json	population|settlement	timeline|relationships|scenes|quests|world	implemented_reference_map	reference_extracted_pending_domain_review
WDM-POPULATION-fdce09ca36ed	population	the collapse event left exposed	canon/canonical_story_tree/world/wowas_world_zone_map.json	population|settlement	timeline|relationships|scenes|quests|world	implemented_reference_map	reference_extracted_pending_domain_review
WDM-POPULATION-ee49fe8513e6	population	salt flat where there were	canon/canonical_story_tree/world/wowas_world_zone_map.json	population|settlement	timeline|relationships|scenes|quests|world	implemented_reference_map	reference_extracted_pending_domain_review
WDM-POPULATION-9b7f5fe90d5e	population	previously settlements	canon/canonical_story_tree/world/wowas_world_zone_map.json	population|settlement	timeline|relationships|scenes|quests|world	implemented_reference_map	reference_extracted_pending_domain_review
WDM-POPULATION-4c732335ee25	population	the flat condition is new	canon/canonical_story_tree/world/wowas_world_zone_map.json	population|settlement	timeline|relationships|scenes|quests|world	implemented_reference_map	reference_extracted_pending_domain_review
WDM-POPULATION-130ebbad5057	population	the Unbound know the crossing	canon/canonical_story_tree/world/wowas_world_zone_map.json	population|settlement	timeline|relationships|scenes|quests|world	implemented_reference_map	reference_extracted_pending_domain_review
WDM-POPULATION-31e44c60304b	population	routes	canon/canonical_story_tree/world/wowas_world_zone_map.json	population|settlement	timeline|relationships|scenes|quests|world	implemented_reference_map	reference_extracted_pending_domain_review
WDM-POPULATION-ecbe0fc70a7f	population	settlements do not	canon/canonical_story_tree/world/wowas_world_zone_map.json	population|settlement	timeline|relationships|scenes|quests|world	implemented_reference_map	reference_extracted_pending_domain_review
WDM-POPULATION-2c9696e80bc3	population	travelers between zones	canon/canonical_story_tree/world/wowas_world_zone_map.json	population|settlement	timeline|relationships|scenes|quests|world	implemented_reference_map	reference_extracted_pending_domain_review
WDM-POPULATION-b53108b5145f	population	saltflat	canon/canonical_story_tree/world/wowas_world_zone_map.json	population|settlement	timeline|relationships|scenes|quests|world	implemented_reference_map	reference_extracted_pending_domain_review
WDM-POPULATION-d8d0a93262a4	population	waypoint	canon/canonical_story_tree/world/wowas_world_zone_map.json	population	timeline|relationships|scenes|quests|world	implemented_reference_map	reference_extracted_pending_domain_review
WDM-POPULATION-fdac40adaccf	population	most severe	canon/canonical_story_tree/world/wowas_world_zone_map.json	population|settlement	timeline|relationships|scenes|quests|world	implemented_reference_map	reference_extracted_pending_domain_review
WDM-POPULATION-3e32598bcf4d	population	the outer territories sustained the	canon/canonical_story_tree/world/wowas_world_zone_map.json	population|settlement	timeline|relationships|scenes|quests|world	implemented_reference_map	reference_extracted_pending_domain_review
WDM-POPULATION-90db75ffcee6	population	heaviest collapse-event damage	canon/canonical_story_tree/world/wowas_world_zone_map.json	population	timeline|relationships|scenes|quests|world	implemented_reference_map	reference_extracted_pending_domain_review
WDM-POPULATION-85cedc0241b4	population	what exists there now is	canon/canonical_story_tree/world/wowas_world_zone_map.json	population	timeline|relationships|scenes|quests|world	implemented_reference_map	reference_extracted_pending_domain_review
WDM-POPULATION-2aae8efe4c5b	population	different from any pre-collapse record	canon/canonical_story_tree/world/wowas_world_zone_map.json	population	timeline|relationships|scenes|quests|world	implemented_reference_map	reference_extracted_pending_domain_review
WDM-POPULATION-96060e3587da	population	primary Unbound population range	canon/canonical_story_tree/world/wowas_world_zone_map.json	population	timeline|relationships|scenes|quests|world	implemented_reference_map	reference_extracted_pending_domain_review
WDM-POPULATION-abd75b26d2f7	population	multiple small nomadic groups	canon/canonical_story_tree/world/wowas_world_zone_map.json	population	timeline|relationships|scenes|quests|world	implemented_reference_map	reference_extracted_pending_domain_review
WDM-POPULATION-1924b93e5d60	population	extreme outliers	canon/canonical_story_tree/world/wowas_world_zone_map.json	population	timeline|relationships|scenes|quests|world	implemented_reference_map	reference_extracted_pending_domain_review
WDM-POPULATION-93e698b53ec4	population	outer	canon/canonical_story_tree/world/wowas_world_zone_map.json	population|settlement	timeline|relationships|scenes|quests|world	implemented_reference_map	reference_extracted_pending_domain_review
WDM-POPULATION-5b37cb38552b	population	return	canon/canonical_story_tree/world/wowas_world_zone_map.json	population	timeline|relationships|scenes|quests|world	implemented_reference_map	reference_extracted_pending_domain_review
WDM-POPULATION-18e965b6e590	population	sites	canon/canonical_story_tree/world/wowas_world_zone_map.json	population	timeline|relationships|scenes|quests|world	implemented_reference_map	reference_extracted_pending_domain_review
WDM-POPULATION-bc06f4949839	population	via Calevyn and Nirath	canon/canonical_story_tree/world/wowas_world_zone_map.json	population|settlement	timeline|relationships|scenes|quests|world	implemented_reference_map	reference_extracted_pending_domain_review
WDM-POPULATION-5320b78f4ab6	population	nomadic	canon/canonical_story_tree/world/wowas_world_zone_map.json	population|settlement	timeline|relationships|scenes|quests|world	implemented_reference_map	reference_extracted_pending_domain_review
WDM-POPULATION-c5b0d63e3d4b	population	knowledge	canon/canonical_story_tree/world/wowas_world_zone_map.json	population|settlement	timeline|relationships|scenes|quests|world	implemented_reference_map	reference_extracted_pending_domain_review
WDM-POPULATION-2f3ff8800423	population	Outer Territories	canon/canonical_story_tree/world/wowas_world_zone_map.json	population|settlement	timeline|relationships|scenes|quests|world	implemented_reference_map	reference_extracted_pending_domain_review
WDM-POPULATION-0d7f4beca09b	population	Deepwood	canon/canonical_story_tree/world/wowas_world_zone_map.json	population|settlement	timeline|relationships|scenes|quests|world	implemented_reference_map	reference_extracted_pending_domain_review
WDM-POPULATION-2fe767cb2ec5	population	the zones settled factions cannot	canon/canonical_story_tree/world/wowas_world_zone_map.json	census|population|settlement	timeline|relationships|scenes|quests|world	implemented_reference_map	reference_extracted_pending_domain_review
WDM-POPULATION-1b8538785bd2	population	fully cover	canon/canonical_story_tree/world/wowas_world_zone_map.json	census|population|settlement	timeline|relationships|scenes|quests|world	implemented_reference_map	reference_extracted_pending_domain_review
WDM-POPULATION-56fa66bb19d9	population	tables	canon/canonical_story_tree/world/wowas_world_zone_map.json	census|population|settlement	timeline|relationships|scenes|quests|world	implemented_reference_map	reference_extracted_pending_domain_review
WDM-POPULATION-8fc63e1984b0	population	description	canon/canonical_story_tree/world/wowas_world_zone_map.json	census|population|settlement	timeline|relationships|scenes|quests|world	implemented_reference_map	reference_extracted_pending_domain_review
WDM-POPULATION-799e4cacd75f	population	Approximate named-role population density by	canon/canonical_story_tree/world/wowas_world_zone_map.json	census|population|settlement	timeline|relationships|scenes|quests|world	implemented_reference_map	reference_extracted_pending_domain_review
WDM-POPULATION-c0916a6e03b1	population	zone for census reference	canon/canonical_story_tree/world/wowas_world_zone_map.json	census|population|settlement	timeline|relationships|scenes|quests|world	implemented_reference_map	reference_extracted_pending_domain_review
WDM-POPULATION-97aba7d8bf9a	population	heartland	canon/canonical_story_tree/world/wowas_world_zone_map.json	census|population|settlement	timeline|relationships|scenes|quests|world	implemented_reference_map	reference_extracted_pending_domain_review
WDM-POPULATION-680ca7c516aa	population	total	canon/canonical_story_tree/world/wowas_world_zone_map.json	census|population|settlement	timeline|relationships|scenes|quests|world	implemented_reference_map	reference_extracted_pending_domain_review
WDM-POPULATION-2228cfaf9c6e	population	named	canon/canonical_story_tree/world/wowas_world_zone_map.json	census|population|settlement	timeline|relationships|scenes|quests|world	implemented_reference_map	reference_extracted_pending_domain_review
WDM-POPULATION-d7ac35692764	population	present	canon/canonical_story_tree/world/wowas_world_zone_map.json	census|population	timeline|relationships|scenes|quests|world	implemented_reference_map	reference_extracted_pending_domain_review
WDM-POPULATION-151eafc19565	population	wowas	canon/canonical_story_tree/world/wowas_world_zone_map.json	census|population|settlement	timeline|relationships|scenes|quests|world	implemented_reference_map	reference_extracted_pending_domain_review
WDM-POPULATION-7b5bba4dd631	population	wrenath	canon/canonical_story_tree/world/wowas_world_zone_map.json	census|population	timeline|relationships|scenes|quests|world	implemented_reference_map	reference_extracted_pending_domain_review
WDM-POPULATION-9c8f2d67ab7d	population	velthane	canon/canonical_story_tree/world/wowas_world_zone_map.json	census|population	timeline|relationships|scenes|quests|world	implemented_reference_map	reference_extracted_pending_domain_review
WDM-POPULATION-85e3c3f0d0ef	population	stillwater	canon/canonical_story_tree/world/wowas_world_zone_map.json	census|population	timeline|relationships|scenes|quests|world	implemented_reference_map	reference_extracted_pending_domain_review
WDM-POPULATION-306d0c441fb2	population	laborers	canon/canonical_story_tree/world/wowas_world_zone_map.json	population	timeline|relationships|scenes|quests|world	implemented_reference_map	reference_extracted_pending_domain_review
WDM-POPULATION-1238631607f3	population	ash	canon/canonical_story_tree/world/wowas_world_zone_map.json	population	timeline|relationships|scenes|quests|world	implemented_reference_map	reference_extracted_pending_domain_review
WDM-POPULATION-73193c4692f0	population	born	canon/canonical_story_tree/world/wowas_world_zone_map.json	population	timeline|relationships|scenes|quests|world	implemented_reference_map	reference_extracted_pending_domain_review
WDM-POPULATION-5507f6490f07	population	severed	canon/canonical_story_tree/world/wowas_world_zone_map.json	population	timeline|relationships|scenes|quests|world	implemented_reference_map	reference_extracted_pending_domain_review
WDM-POPULATION-7c2fb593be3e	population	scattered	canon/canonical_story_tree/world/wowas_world_zone_map.json	population	timeline|relationships|scenes|quests|world	implemented_reference_map	reference_extracted_pending_domain_review
WDM-POPULATION-c5ccd3b15b1e	population	children	canon/canonical_story_tree/world/wowas_world_zone_map.json	population	timeline|relationships|scenes|quests|world	implemented_reference_map	reference_extracted_pending_domain_review
WDM-POPULATION-15fb225b1078	population	mixed	canon/canonical_story_tree/world/wowas_world_zone_map.json	population	timeline|relationships|scenes|quests|world	implemented_reference_map	reference_extracted_pending_domain_review
WDM-POPULATION-080879c2240f	population	elders	canon/canonical_story_tree/world/wowas_world_zone_map.json	population	timeline|relationships|scenes|quests|world	implemented_reference_map	reference_extracted_pending_domain_review
WDM-POPULATION-188d0fda92ca	population	general	canon/canonical_story_tree/world/wowas_world_zone_map.json	population	timeline|relationships|scenes|quests|world	implemented_reference_map	reference_extracted_pending_domain_review
WDM-POPULATION-a3f1b777a4d4	population	ashfields	canon/canonical_story_tree/world/wowas_world_zone_map.json	population|settlement	timeline|relationships|scenes|quests|world	implemented_reference_map	reference_extracted_pending_domain_review
WDM-POPULATION-a1672c2f76b5	population	halveth	canon/canonical_story_tree/world/wowas_world_zone_map.json	population	timeline|relationships|scenes|quests|world	implemented_reference_map	reference_extracted_pending_domain_review
WDM-POPULATION-c1f41f27cbd2	population	ashkoral	canon/canonical_story_tree/world/wowas_world_zone_map.json	population	timeline|relationships|scenes|quests|world	implemented_reference_map	reference_extracted_pending_domain_review
WDM-POPULATION-3f9ef3227b10	population	darkcurrent	canon/canonical_story_tree/world/wowas_world_zone_map.json	population	timeline|relationships|scenes|quests|world	implemented_reference_map	reference_extracted_pending_domain_review
WDM-POPULATION-10825b216e5c	population	corveth	canon/canonical_story_tree/world/wowas_world_zone_map.json	population	timeline|relationships|scenes|quests|world	implemented_reference_map	reference_extracted_pending_domain_review
WDM-POPULATION-1a05951be24b	population	unnamed	canon/canonical_story_tree/world/wowas_world_zone_map.json	population	timeline|relationships|scenes|quests|world	implemented_reference_map	reference_extracted_pending_domain_review
WDM-POPULATION-9ec8f0215cc5	population	role	canon/canonical_story_tree/world/wowas_world_zone_map.json	population	timeline|relationships|scenes|quests|world	implemented_reference_map	reference_extracted_pending_domain_review
WDM-POPULATION-e07bcbb48f31	population	distribution	canon/canonical_story_tree/world/wowas_world_zone_map.json	population	timeline|relationships|scenes|quests|world	implemented_reference_map	reference_extracted_pending_domain_review
WDM-POPULATION-8c79c3056661	population	command	canon/canonical_story_tree/world/wowas_world_zone_map.json	population|settlement	timeline|relationships|scenes|quests|world	implemented_reference_map	reference_extracted_pending_domain_review
WDM-POPULATION-d724df1e5283	population	structure	canon/canonical_story_tree/world/wowas_world_zone_map.json	population	timeline|relationships|scenes|quests|world	implemented_reference_map	reference_extracted_pending_domain_review
WDM-POPULATION-bcb50c27a4b1	population	field	canon/canonical_story_tree/world/wowas_world_zone_map.json	population	timeline|relationships|scenes|quests|world	implemented_reference_map	reference_extracted_pending_domain_review
WDM-POPULATION-b7f08c6219ae	population	operatives	canon/canonical_story_tree/world/wowas_world_zone_map.json	population	timeline|relationships|scenes|quests|world	implemented_reference_map	reference_extracted_pending_domain_review
WDM-POPULATION-893a07db8b44	population	specialists	canon/canonical_story_tree/world/wowas_world_zone_map.json	population	timeline|relationships|scenes|quests|world	implemented_reference_map	reference_extracted_pending_domain_review
WDM-POPULATION-e69e4121c308	population	youth	canon/canonical_story_tree/world/wowas_world_zone_map.json	population	timeline|relationships|scenes|quests|world	implemented_reference_map	reference_extracted_pending_domain_review
WDM-POPULATION-702c0ea19a76	population	iron	canon/canonical_story_tree/world/wowas_world_zone_map.json	population	timeline|relationships|scenes|quests|world	implemented_reference_map	reference_extracted_pending_domain_review
WDM-POPULATION-c4a369e1ec1d	population	accord	canon/canonical_story_tree/world/wowas_world_zone_map.json	population	timeline|relationships|scenes|quests|world	implemented_reference_map	reference_extracted_pending_domain_review
WDM-POPULATION-df11d80105bf	population	supply	canon/canonical_story_tree/world/wowas_world_zone_map.json	population	timeline|relationships|scenes|quests|world	implemented_reference_map	reference_extracted_pending_domain_review
WDM-POPULATION-05d836214730	population	labor	canon/canonical_story_tree/world/wowas_world_zone_map.json	population	timeline|relationships|scenes|quests|world	implemented_reference_map	reference_extracted_pending_domain_review
WDM-POPULATION-2966daa1b17a	population	still	canon/canonical_story_tree/world/wowas_world_zone_map.json	population|settlement	timeline|relationships|scenes|quests|world	implemented_reference_map	reference_extracted_pending_domain_review
WDM-POPULATION-810ac024b9df	population	brenath	canon/canonical_story_tree/world/wowas_world_zone_map.json	population	timeline|relationships|scenes|quests|world	implemented_reference_map	reference_extracted_pending_domain_review
WDM-POPULATION-4000a0eae2f1	population	drevyn	canon/canonical_story_tree/world/wowas_world_zone_map.json	population|settlement	timeline|relationships|scenes|quests|world	implemented_reference_map	reference_extracted_pending_domain_review
WDM-POPULATION-128ac3130d22	population	marso	canon/canonical_story_tree/world/wowas_world_zone_map.json	population|settlement	timeline|relationships|scenes|quests|world	implemented_reference_map	reference_extracted_pending_domain_review
WDM-POPULATION-3fe9045a3b6c	population	transit	canon/canonical_story_tree/world/wowas_world_zone_map.json	population	timeline|relationships|scenes|quests|world	implemented_reference_map	reference_extracted_pending_domain_review
WDM-POPULATION-324ed888d477	population	rest	canon/canonical_story_tree/world/wowas_world_zone_map.json	population	timeline|relationships|scenes|quests|world	implemented_reference_map	reference_extracted_pending_domain_review
WDM-POPULATION-7a0adeaa7946	population	forest	canon/canonical_story_tree/world/wowas_world_zone_map.json	population	timeline|relationships|scenes|quests|world	implemented_reference_map	reference_extracted_pending_domain_review
WDM-POPULATION-236f39bd7307	population	dwellers	canon/canonical_story_tree/world/wowas_world_zone_map.json	population	timeline|relationships|scenes|quests|world	implemented_reference_map	reference_extracted_pending_domain_review
WDM-POPULATION-65cfc17b95d4	population	transient	canon/canonical_story_tree/world/wowas_world_zone_map.json	population	timeline|relationships|scenes|quests|world	implemented_reference_map	reference_extracted_pending_domain_review
WDM-POPULATION-4cdb0b00d456	population	travelers	canon/canonical_story_tree/world/wowas_world_zone_map.json	population	timeline|relationships|scenes|quests|world	implemented_reference_map	reference_extracted_pending_domain_review
WDM-POPULATION-795688338dc3	population	territories	canon/canonical_story_tree/world/wowas_world_zone_map.json	population|settlement	timeline|relationships|scenes|quests|world	implemented_reference_map	reference_extracted_pending_domain_review
WDM-POPULATION-e694b0dc942d	population	calevyn	canon/canonical_story_tree/world/wowas_world_zone_map.json	census	timeline|relationships|scenes|quests|world	implemented_reference_map	reference_extracted_pending_domain_review
WDM-POPULATION-250376451646	population	ironsong	canon/canonical_story_tree/world/wowas_world_zone_map.json	census|settlement	timeline|relationships|scenes|quests|world	implemented_reference_map	reference_extracted_pending_domain_review
WDM-POPULATION-bea0e4de437a	population	schema	canon/canonical_story_tree/world/wowas_world_zone_map.json	settlement	timeline|relationships|scenes|quests|world	implemented_reference_map	reference_extracted_pending_domain_review
WDM-POPULATION-baaeaa2b0ced	population	version	canon/canonical_story_tree/world/wowas_world_zone_map.json	settlement	timeline|relationships|scenes|quests|world	implemented_reference_map	reference_extracted_pending_domain_review
WDM-POPULATION-d45a6fbf2ac1	population	document	canon/canonical_story_tree/world/wowas_world_zone_map.json	settlement	timeline|relationships|scenes|quests|world	implemented_reference_map	reference_extracted_pending_domain_review
WDM-POPULATION-6e124de1f171	population	zone	canon/canonical_story_tree/world/wowas_world_zone_map.json	settlement	timeline|relationships|scenes|quests|world	implemented_reference_map	reference_extracted_pending_domain_review
WDM-POPULATION-090baa4e6e54	population	master	canon/canonical_story_tree/world/wowas_world_zone_map.json	settlement	timeline|relationships|scenes|quests|world	implemented_reference_map	reference_extracted_pending_domain_review
WDM-POPULATION-ba11a9c1e0c8	population	map	canon/canonical_story_tree/world/wowas_world_zone_map.json	settlement	timeline|relationships|scenes|quests|world	implemented_reference_map	reference_extracted_pending_domain_review
WDM-POPULATION-84d8f6c255c6	population	date	canon/canonical_story_tree/world/wowas_world_zone_map.json	settlement	timeline|relationships|scenes|quests|world	implemented_reference_map	reference_extracted_pending_domain_review
WDM-POPULATION-7259e73101b6	population	authority	canon/canonical_story_tree/world/wowas_world_zone_map.json	settlement	timeline|relationships|scenes|quests|world	implemented_reference_map	reference_extracted_pending_domain_review
WDM-POPULATION-c1b6e696f96e	population	derived	canon/canonical_story_tree/world/wowas_world_zone_map.json	settlement	timeline|relationships|scenes|quests|world	implemented_reference_map	reference_extracted_pending_domain_review
WDM-POPULATION-f6caef782c88	population	from	canon/canonical_story_tree/world/wowas_world_zone_map.json	settlement	timeline|relationships|scenes|quests|world	implemented_reference_map	reference_extracted_pending_domain_review
WDM-POPULATION-af76c4e11e2e	population	frozen	canon/canonical_story_tree/world/wowas_world_zone_map.json	settlement	timeline|relationships|scenes|quests|world	implemented_reference_map	reference_extracted_pending_domain_review
WDM-POPULATION-655bd0f05e70	population	basis	canon/canonical_story_tree/world/wowas_world_zone_map.json	settlement	timeline|relationships|scenes|quests|world	implemented_reference_map	reference_extracted_pending_domain_review
WDM-POPULATION-de385ecea296	population	scene	canon/canonical_story_tree/world/wowas_world_zone_map.json	settlement	timeline|relationships|scenes|quests|world	implemented_reference_map	reference_extracted_pending_domain_review
WDM-POPULATION-4cc1d3ef7297	population	atlas	canon/canonical_story_tree/world/wowas_world_zone_map.json	settlement	timeline|relationships|scenes|quests|world	implemented_reference_map	reference_extracted_pending_domain_review
WDM-POPULATION-622c0ac0ade2	population	have qualities that non-sonomantic travelers	canon/canonical_story_tree/world/wowas_world_zone_map.json	settlement	timeline|relationships|scenes|quests|world	implemented_reference_map	reference_extracted_pending_domain_review
WDM-POPULATION-3ece248fa9fb	population	may not fully perceive	canon/canonical_story_tree/world/wowas_world_zone_map.json	settlement	timeline|relationships|scenes|quests|world	implemented_reference_map	reference_extracted_pending_domain_review
WDM-POPULATION-5a97e348143b	population	zones	canon/canonical_story_tree/world/wowas_world_zone_map.json	settlement	timeline|relationships|scenes|quests|world	implemented_reference_map	reference_extracted_pending_domain_review
WDM-POPULATION-8e72fa0f10df	population	The Heartland	canon/canonical_story_tree/world/wowas_world_zone_map.json	settlement	timeline|relationships|scenes|quests|world	implemented_reference_map	reference_extracted_pending_domain_review
WDM-POPULATION-b11608bf9e2f	population	type	canon/canonical_story_tree/world/wowas_world_zone_map.json	settlement	timeline|relationships|scenes|quests|world	implemented_reference_map	reference_extracted_pending_domain_review
WDM-POPULATION-441d66ac5345	population	cluster	canon/canonical_story_tree/world/wowas_world_zone_map.json	settlement	timeline|relationships|scenes|quests|world	implemented_reference_map	reference_extracted_pending_domain_review
WDM-POPULATION-ccb2300fde40	population	terrain	canon/canonical_story_tree/world/wowas_world_zone_map.json	settlement	timeline|relationships|scenes|quests|world	implemented_reference_map	reference_extracted_pending_domain_review
WDM-POPULATION-15563ca24f9f	population	broad valley with river access	canon/canonical_story_tree/world/wowas_world_zone_map.json	settlement	timeline|relationships|scenes|quests|world	implemented_reference_map	reference_extracted_pending_domain_review
WDM-POPULATION-734cbd127991	population	moderate elevation	canon/canonical_story_tree/world/wowas_world_zone_map.json	settlement	timeline|relationships|scenes|quests|world	implemented_reference_map	reference_extracted_pending_domain_review
WDM-POPULATION-28f04f4a85bf	population	archive	canon/canonical_story_tree/world/wowas_world_zone_map.json	settlement	timeline|relationships|scenes|quests|world	implemented_reference_map	reference_extracted_pending_domain_review
WDM-POPULATION-9bb1b7776813	population	district	canon/canonical_story_tree/world/wowas_world_zone_map.json	settlement	timeline|relationships|scenes|quests|world	implemented_reference_map	reference_extracted_pending_domain_review
WDM-POPULATION-255932711bce	population	institutional	canon/canonical_story_tree/world/wowas_world_zone_map.json	settlement	timeline|relationships|scenes|quests|world	implemented_reference_map	reference_extracted_pending_domain_review
WDM-POPULATION-16f46325a146	population	Keth's dispute volume crisis	canon/canonical_story_tree/world/wowas_world_zone_map.json	settlement	timeline|relationships|scenes|quests|world	implemented_reference_map	reference_extracted_pending_domain_review
WDM-POPULATION-ea92dd59c866	population	gap	canon/canonical_story_tree/world/wowas_world_zone_map.json	settlement	timeline|relationships|scenes|quests|world	implemented_reference_map	reference_extracted_pending_domain_review
WDM-POPULATION-e1baa2b66681	population	districts	canon/canonical_story_tree/world/wowas_world_zone_map.json	settlement	timeline|relationships|scenes|quests|world	implemented_reference_map	reference_extracted_pending_domain_review
WDM-POPULATION-19e79896d447	population	informal	canon/canonical_story_tree/world/wowas_world_zone_map.json	settlement	timeline|relationships|scenes|quests|world	implemented_reference_map	reference_extracted_pending_domain_review
WDM-POPULATION-24e187f2f49b	population	The unstructured residential space between	canon/canonical_story_tree/world/wowas_world_zone_map.json	settlement	timeline|relationships|scenes|quests|world	implemented_reference_map	reference_extracted_pending_domain_review
WDM-POPULATION-3e4017ad0615	population	formal faction areas	canon/canonical_story_tree/world/wowas_world_zone_map.json	settlement	timeline|relationships|scenes|quests|world	implemented_reference_map	reference_extracted_pending_domain_review
WDM-POPULATION-fc6e247f963e	population	Where unaffiliated survivors live by	canon/canonical_story_tree/world/wowas_world_zone_map.json	settlement	timeline|relationships|scenes|quests|world	implemented_reference_map	reference_extracted_pending_domain_review
WDM-POPULATION-ca2695466218	population	Where cross-faction informal exchanges happen	canon/canonical_story_tree/world/wowas_world_zone_map.json	settlement	timeline|relationships|scenes|quests|world	implemented_reference_map	reference_extracted_pending_domain_review
WDM-POPULATION-be60e043c41e	population	locked	canon/canonical_story_tree/world/wowas_world_zone_map.json	settlement	timeline|relationships|scenes|quests|world	implemented_reference_map	reference_extracted_pending_domain_review
WDM-POPULATION-cfc7a0267014	population	true	canon/canonical_story_tree/world/wowas_world_zone_map.json	settlement	timeline|relationships|scenes|quests|world	implemented_reference_map	reference_extracted_pending_domain_review
WDM-POPULATION-769d5072c3e0	population	The Ashfields	canon/canonical_story_tree/world/wowas_world_zone_map.json	settlement	timeline|relationships|scenes|quests|world	implemented_reference_map	reference_extracted_pending_domain_review
WDM-POPULATION-d4b05b9eadc8	population	elevated plateau with natural defensive	canon/canonical_story_tree/world/wowas_world_zone_map.json	settlement	timeline|relationships|scenes|quests|world	implemented_reference_map	reference_extracted_pending_domain_review
WDM-POPULATION-2d70c22e87c0	population	perimeter on three sides	canon/canonical_story_tree/world/wowas_world_zone_map.json	settlement	timeline|relationships|scenes|quests|world	implemented_reference_map	reference_extracted_pending_domain_review
WDM-POPULATION-1a0e0a1612cc	population	sparse vegetation	canon/canonical_story_tree/world/wowas_world_zone_map.json	settlement	timeline|relationships|scenes|quests|world	implemented_reference_map	reference_extracted_pending_domain_review
WDM-POPULATION-4b2b4078dbb7	population	formerly forested	canon/canonical_story_tree/world/wowas_world_zone_map.json	settlement	timeline|relationships|scenes|quests|world	implemented_reference_map	reference_extracted_pending_domain_review
WDM-POPULATION-9d1e7267b849	population	now open from collapse-event burns	canon/canonical_story_tree/world/wowas_world_zone_map.json	settlement	timeline|relationships|scenes|quests|world	implemented_reference_map	reference_extracted_pending_domain_review
WDM-POPULATION-400455600d23	population	rich mineral substrate that supports	canon/canonical_story_tree/world/wowas_world_zone_map.json	settlement	timeline|relationships|scenes|quests|world	implemented_reference_map	reference_extracted_pending_domain_review
WDM-POPULATION-9cf9a93043b4	population	The Ash-Born's main settlement	canon/canonical_story_tree/world/wowas_world_zone_map.json	settlement	timeline|relationships|scenes|quests|world	implemented_reference_map	reference_extracted_pending_domain_review
WDM-POPULATION-bc4c7a0d2a91	population	Organized around defensibility	canon/canonical_story_tree/world/wowas_world_zone_map.json	settlement	timeline|relationships|scenes|quests|world	implemented_reference_map	reference_extracted_pending_domain_review
WDM-POPULATION-28c3129102cc	population	overlapping watch lines	canon/canonical_story_tree/world/wowas_world_zone_map.json	settlement	timeline|relationships|scenes|quests|world	implemented_reference_map	reference_extracted_pending_domain_review
WDM-POPULATION-006ad2c96307	population	clear perimeter	canon/canonical_story_tree/world/wowas_world_zone_map.json	settlement	timeline|relationships|scenes|quests|world	implemented_reference_map	reference_extracted_pending_domain_review
WDM-POPULATION-99567ef901a3	population	controlled access points	canon/canonical_story_tree/world/wowas_world_zone_map.json	settlement	timeline|relationships|scenes|quests|world	implemented_reference_map	reference_extracted_pending_domain_review
WDM-POPULATION-f7fdc56be8d6	population	Halveth's advisory space occupies	canon/canonical_story_tree/world/wowas_world_zone_map.json	settlement	timeline|relationships|scenes|quests|world	implemented_reference_map	reference_extracted_pending_domain_review
WDM-POPULATION-e14761d79a7e	population	central building	canon/canonical_story_tree/world/wowas_world_zone_map.json	settlement	timeline|relationships|scenes|quests|world	implemented_reference_map	reference_extracted_pending_domain_review
WDM-POPULATION-427bb88e4f0a	population	Corveth's command structure operates from	canon/canonical_story_tree/world/wowas_world_zone_map.json	settlement	timeline|relationships|scenes|quests|world	implemented_reference_map	reference_extracted_pending_domain_review
WDM-POPULATION-25666244fd66	population	larger facility adjacent	canon/canonical_story_tree/world/wowas_world_zone_map.json	settlement	timeline|relationships|scenes|quests|world	implemented_reference_map	reference_extracted_pending_domain_review
WDM-POPULATION-679deca8711a	population	Selkara's field command based at	canon/canonical_story_tree/world/wowas_world_zone_map.json	settlement	timeline|relationships|scenes|quests|world	implemented_reference_map	reference_extracted_pending_domain_review
WDM-POPULATION-113011b08c26	population	the perimeter edge	canon/canonical_story_tree/world/wowas_world_zone_map.json	settlement	timeline|relationships|scenes|quests|world	implemented_reference_map	reference_extracted_pending_domain_review
WDM-POPULATION-00a6a3824bec	population	Beln's maintenance shop is attached	canon/canonical_story_tree/world/wowas_world_zone_map.json	settlement	timeline|relationships|scenes|quests|world	implemented_reference_map	reference_extracted_pending_domain_review
WDM-POPULATION-14e275c17498	population	to the central facility and	canon/canonical_story_tree/world/wowas_world_zone_map.json	settlement	timeline|relationships|scenes|quests|world	implemented_reference_map	reference_extracted_pending_domain_review
WDM-POPULATION-f53512ad6e46	population	is the most visited space	canon/canonical_story_tree/world/wowas_world_zone_map.json	settlement	timeline|relationships|scenes|quests|world	implemented_reference_map	reference_extracted_pending_domain_review
WDM-POPULATION-80da5c88d906	population	by ordinary settlement members	canon/canonical_story_tree/world/wowas_world_zone_map.json	settlement	timeline|relationships|scenes|quests|world	implemented_reference_map	reference_extracted_pending_domain_review
WDM-POPULATION-c3a8d71b297d	population	Ivera's informal network operates throughout	canon/canonical_story_tree/world/wowas_world_zone_map.json	settlement	timeline|relationships|scenes|quests|world	implemented_reference_map	reference_extracted_pending_domain_review
WDM-POPULATION-b1942cc82fcf	population	Ysolde's storytelling happens in the	canon/canonical_story_tree/world/wowas_world_zone_map.json	settlement	timeline|relationships|scenes|quests|world	implemented_reference_map	reference_extracted_pending_domain_review
WDM-POPULATION-eedc043de35c	population	communal gathering space	canon/canonical_story_tree/world/wowas_world_zone_map.json	settlement	timeline|relationships|scenes|quests|world	implemented_reference_map	reference_extracted_pending_domain_review
WDM-POPULATION-8337a74e58b2	population	Neth holds his oldest-elder position	canon/canonical_story_tree/world/wowas_world_zone_map.json	settlement	timeline|relationships|scenes|quests|world	implemented_reference_map	reference_extracted_pending_domain_review
WDM-POPULATION-144548423193	population	in the quietest corner of	canon/canonical_story_tree/world/wowas_world_zone_map.json	settlement	timeline|relationships|scenes|quests|world	implemented_reference_map	reference_extracted_pending_domain_review
WDM-POPULATION-3f58ef6fa79f	population	Not formally recognized by Ash-Born	canon/canonical_story_tree/world/wowas_world_zone_map.json	settlement	timeline|relationships|scenes|quests|world	implemented_reference_map	reference_extracted_pending_domain_review
WDM-POPULATION-07b39df90403	population	set of rooms in	canon/canonical_story_tree/world/wowas_world_zone_map.json	settlement	timeline|relationships|scenes|quests|world	implemented_reference_map	reference_extracted_pending_domain_review
WDM-POPULATION-0fcd8589284e	population	secondary building that Careth has	canon/canonical_story_tree/world/wowas_world_zone_map.json	settlement	timeline|relationships|scenes|quests|world	implemented_reference_map	reference_extracted_pending_domain_review
WDM-POPULATION-3361079985d2	population	converted for her recovery practice	canon/canonical_story_tree/world/wowas_world_zone_map.json	settlement	timeline|relationships|scenes|quests|world	implemented_reference_map	reference_extracted_pending_domain_review
WDM-POPULATION-d73a2294c078	population	She operates here by permission	canon/canonical_story_tree/world/wowas_world_zone_map.json	settlement	timeline|relationships|scenes|quests|world	implemented_reference_map	reference_extracted_pending_domain_review
WDM-POPULATION-71886e930c40	population	of the settlement members who	canon/canonical_story_tree/world/wowas_world_zone_map.json	settlement	timeline|relationships|scenes|quests|world	implemented_reference_map	reference_extracted_pending_domain_review
WDM-POPULATION-be1eb8ba925b	population	use her services rather than	canon/canonical_story_tree/world/wowas_world_zone_map.json	settlement	timeline|relationships|scenes|quests|world	implemented_reference_map	reference_extracted_pending_domain_review
WDM-POPULATION-a90d41165fca	population	by formal authorization	canon/canonical_story_tree/world/wowas_world_zone_map.json	settlement	timeline|relationships|scenes|quests|world	implemented_reference_map	reference_extracted_pending_domain_review
WDM-POPULATION-1160e06662ff	population	Halveth has technically never acknowledged	canon/canonical_story_tree/world/wowas_world_zone_map.json	settlement	timeline|relationships|scenes|quests|world	implemented_reference_map	reference_extracted_pending_domain_review
WDM-POPULATION-e28cba9cd249	population	it exists	canon/canonical_story_tree/world/wowas_world_zone_map.json	settlement	timeline|relationships|scenes|quests|world	implemented_reference_map	reference_extracted_pending_domain_review
WDM-POPULATION-48bb5c5a57c7	population	beat	canon/canonical_story_tree/world/wowas_world_zone_map.json	settlement	timeline|relationships|scenes|quests|world	implemented_reference_map	reference_extracted_pending_domain_review
WDM-POPULATION-ff6e869e6d36	population	relevance	canon/canonical_story_tree/world/wowas_world_zone_map.json	settlement	timeline|relationships|scenes|quests|world	implemented_reference_map	reference_extracted_pending_domain_review
WDM-POPULATION-85bf7a653457	population	Careth's intro scene	canon/canonical_story_tree/world/wowas_world_zone_map.json	settlement	timeline|relationships|scenes|quests|world	implemented_reference_map	reference_extracted_pending_domain_review
WDM-POPULATION-1b21d119a047	population	Thorn's return	canon/canonical_story_tree/world/wowas_world_zone_map.json	settlement	timeline|relationships|scenes|quests|world	implemented_reference_map	reference_extracted_pending_domain_review
WDM-POPULATION-c9cb0644e3b5	population	water	canon/canonical_story_tree/world/wowas_world_zone_map.json	settlement	timeline|relationships|scenes|quests|world	implemented_reference_map	reference_extracted_pending_domain_review
WDM-POPULATION-613099a72d89	population	The Still Water Basin	canon/canonical_story_tree/world/wowas_world_zone_map.json	settlement	timeline|relationships|scenes|quests|world	implemented_reference_map	reference_extracted_pending_domain_review
WDM-POPULATION-8e29d2e32865	population	lowland basin with river network	canon/canonical_story_tree/world/wowas_world_zone_map.json	settlement	timeline|relationships|scenes|quests|world	implemented_reference_map	reference_extracted_pending_domain_review
WDM-POPULATION-15b5c01215a6	population	rich agricultural capacity	canon/canonical_story_tree/world/wowas_world_zone_map.json	settlement	timeline|relationships|scenes|quests|world	implemented_reference_map	reference_extracted_pending_domain_review
WDM-POPULATION-7c6e915fb60a	population	some flooding risk from collapse-altered	canon/canonical_story_tree/world/wowas_world_zone_map.json	settlement	timeline|relationships|scenes|quests|world	implemented_reference_map	reference_extracted_pending_domain_review
WDM-POPULATION-6bb17327f864	population	World-birth documentation relay	canon/canonical_story_tree/world/wowas_world_zone_map.json	settlement	timeline|relationships|scenes|quests|world	implemented_reference_map	reference_extracted_pending_domain_review
WDM-POPULATION-61570fbb94de	population	ironmarsh	canon/canonical_story_tree/world/wowas_world_zone_map.json	settlement	timeline|relationships|scenes|quests|world	implemented_reference_map	reference_extracted_pending_domain_review
WDM-POPULATION-265c6ca4af12	population	The Ironmarsh	canon/canonical_story_tree/world/wowas_world_zone_map.json	settlement	timeline|relationships|scenes|quests|world	implemented_reference_map	reference_extracted_pending_domain_review
WDM-POPULATION-2901d08fec36	population	marshy lowland transitioning to firm	canon/canonical_story_tree/world/wowas_world_zone_map.json	settlement	timeline|relationships|scenes|quests|world	implemented_reference_map	reference_extracted_pending_domain_review
WDM-POPULATION-c14e762b214f	population	rich in mineral deposits	canon/canonical_story_tree/world/wowas_world_zone_map.json	settlement	timeline|relationships|scenes|quests|world	implemented_reference_map	reference_extracted_pending_domain_review
WDM-POPULATION-d216d19df1bd	population	unpleasant to traverse without route	canon/canonical_story_tree/world/wowas_world_zone_map.json	settlement	timeline|relationships|scenes|quests|world	implemented_reference_map	reference_extracted_pending_domain_review
WDM-POPULATION-d374317bd9b9	population	natural barrier properties	canon/canonical_story_tree/world/wowas_world_zone_map.json	settlement	timeline|relationships|scenes|quests|world	implemented_reference_map	reference_extracted_pending_domain_review
WDM-POPULATION-4d000744a01d	population	Iron Accord eastern settlement	canon/canonical_story_tree/world/wowas_world_zone_map.json	settlement	timeline|relationships|scenes|quests|world	implemented_reference_map	reference_extracted_pending_domain_review
WDM-POPULATION-90ddc31dea71	population	Built on the elevated ground	canon/canonical_story_tree/world/wowas_world_zone_map.json	settlement	timeline|relationships|scenes|quests|world	implemented_reference_map	reference_extracted_pending_domain_review
WDM-POPULATION-7f37e07e2527	population	that survived the marsh expansion	canon/canonical_story_tree/world/wowas_world_zone_map.json	settlement	timeline|relationships|scenes|quests|world	implemented_reference_map	reference_extracted_pending_domain_review
WDM-POPULATION-04e8cd428616	population	Daevyn's primary medical operation area	canon/canonical_story_tree/world/wowas_world_zone_map.json	settlement	timeline|relationships|scenes|quests|world	implemented_reference_map	reference_extracted_pending_domain_review
WDM-POPULATION-c8b6b48f4b77	population	the marsh creates unique injury	canon/canonical_story_tree/world/wowas_world_zone_map.json	settlement	timeline|relationships|scenes|quests|world	implemented_reference_map	reference_extracted_pending_domain_review
WDM-POPULATION-b3527ac02d07	population	patterns	canon/canonical_story_tree/world/wowas_world_zone_map.json	settlement	timeline|relationships|scenes|quests|world	implemented_reference_map	reference_extracted_pending_domain_review
WDM-POPULATION-df2550c9fa99	population	Kyrel and Aenwyn's home settlement	canon/canonical_story_tree/world/wowas_world_zone_map.json	settlement	timeline|relationships|scenes|quests|world	implemented_reference_map	reference_extracted_pending_domain_review
WDM-POPULATION-584ce1707011	population	before the main narrative begins	canon/canonical_story_tree/world/wowas_world_zone_map.json	settlement	timeline|relationships|scenes|quests|world	implemented_reference_map	reference_extracted_pending_domain_review
WDM-POPULATION-1f7f1fbc9bf7	population	Pethran's supply routes include	canon/canonical_story_tree/world/wowas_world_zone_map.json	settlement	timeline|relationships|scenes|quests|world	implemented_reference_map	reference_extracted_pending_domain_review
WDM-POPULATION-45a6733cb90f	population	critical marsh crossing here	canon/canonical_story_tree/world/wowas_world_zone_map.json	settlement	timeline|relationships|scenes|quests|world	implemented_reference_map	reference_extracted_pending_domain_review
WDM-POPULATION-7b1ee4b01b34	population	Kyrel and Aenwyn's origin context	canon/canonical_story_tree/world/wowas_world_zone_map.json	settlement	timeline|relationships|scenes|quests|world	implemented_reference_map	reference_extracted_pending_domain_review
WDM-POPULATION-c5875e495a34	population	good visibility	canon/canonical_story_tree/world/wowas_world_zone_map.json	settlement	timeline|relationships|scenes|quests|world	implemented_reference_map	reference_extracted_pending_domain_review
WDM-POPULATION-66b0f4c04cfa	population	strategically valuable	canon/canonical_story_tree/world/wowas_world_zone_map.json	settlement	timeline|relationships|scenes|quests|world	implemented_reference_map	reference_extracted_pending_domain_review
WDM-POPULATION-300647238f2b	population	harsh weather	canon/canonical_story_tree/world/wowas_world_zone_map.json	settlement	timeline|relationships|scenes|quests|world	implemented_reference_map	reference_extracted_pending_domain_review
WDM-POPULATION-8fa38aaf31a2	population	difficult agriculture	canon/canonical_story_tree/world/wowas_world_zone_map.json	settlement	timeline|relationships|scenes|quests|world	implemented_reference_map	reference_extracted_pending_domain_review
WDM-POPULATION-9661c9cda205	population	harmonic resonance properties	canon/canonical_story_tree/world/wowas_world_zone_map.json	settlement	timeline|relationships|scenes|quests|world	implemented_reference_map	reference_extracted_pending_domain_review
WDM-POPULATION-bbccecf30b10	population	Pip perceives it differently from	canon/canonical_story_tree/world/wowas_world_zone_map.json	settlement	timeline|relationships|scenes|quests|world	implemented_reference_map	reference_extracted_pending_domain_review
WDM-POPULATION-070cb25ad2ef	population	and night	canon/canonical_story_tree/world/wowas_world_zone_map.json	settlement	timeline|relationships|scenes|quests|world	implemented_reference_map	reference_extracted_pending_domain_review
WDM-POPULATION-cf3e5cc88bba	population	minimal cover	canon/canonical_story_tree/world/wowas_world_zone_map.json	settlement	timeline|relationships|scenes|quests|world	implemented_reference_map	reference_extracted_pending_domain_review
WDM-POPULATION-fef03c53a2a9	population	The Outer Territories	canon/canonical_story_tree/world/wowas_world_zone_map.json	settlement	timeline|relationships|scenes|quests|world	implemented_reference_map	reference_extracted_pending_domain_review
WDM-POPULATION-2cf79dfd12d8	population	wilderness	canon/canonical_story_tree/world/wowas_world_zone_map.json	settlement	timeline|relationships|scenes|quests|world	implemented_reference_map	reference_extracted_pending_domain_review
WDM-POPULATION-af59ffd5a65e	population	varied	canon/canonical_story_tree/world/wowas_world_zone_map.json	settlement	timeline|relationships|scenes|quests|world	implemented_reference_map	reference_extracted_pending_domain_review
WDM-POPULATION-45c6b5ab36eb	population	the territory beyond the established	canon/canonical_story_tree/world/wowas_world_zone_map.json	settlement	timeline|relationships|scenes|quests|world	implemented_reference_map	reference_extracted_pending_domain_review
WDM-POPULATION-693b46cd22af	population	settlement zones	canon/canonical_story_tree/world/wowas_world_zone_map.json	settlement	timeline|relationships|scenes|quests|world	implemented_reference_map	reference_extracted_pending_domain_review
WDM-POPULATION-10522d2a194d	population	includes remnants of pre-collapse settlements	canon/canonical_story_tree/world/wowas_world_zone_map.json	settlement	timeline|relationships|scenes|quests|world	implemented_reference_map	reference_extracted_pending_domain_review
WDM-POPULATION-ae0ea5f5ce89	population	collapsed infrastructure	canon/canonical_story_tree/world/wowas_world_zone_map.json	settlement	timeline|relationships|scenes|quests|world	implemented_reference_map	reference_extracted_pending_domain_review
WDM-POPULATION-dcd6d6291bef	population	altered terrain	canon/canonical_story_tree/world/wowas_world_zone_map.json	settlement	timeline|relationships|scenes|quests|world	implemented_reference_map	reference_extracted_pending_domain_review
WDM-POPULATION-b4003cfebafd	population	navigable by the Unbound	canon/canonical_story_tree/world/wowas_world_zone_map.json	settlement	timeline|relationships|scenes|quests|world	implemented_reference_map	reference_extracted_pending_domain_review
WDM-POPULATION-b3b47883e2a1	population	largely unknown to settled factions	canon/canonical_story_tree/world/wowas_world_zone_map.json	settlement	timeline|relationships|scenes|quests|world	implemented_reference_map	reference_extracted_pending_domain_review
WDM-POPULATION-d2c55cd8f08b	population	The Unbound's primary nomadic circuit	canon/canonical_story_tree/world/wowas_world_zone_map.json	settlement	timeline|relationships|scenes|quests|world	implemented_reference_map	reference_extracted_pending_domain_review
WDM-POPULATION-e4117a08a985	population	outer territories through the saltflat	canon/canonical_story_tree/world/wowas_world_zone_map.json	settlement	timeline|relationships|scenes|quests|world	implemented_reference_map	reference_extracted_pending_domain_review
WDM-POPULATION-b3d14e7067f5	population	crossing	canon/canonical_story_tree/world/wowas_world_zone_map.json	settlement	timeline|relationships|scenes|quests|world	implemented_reference_map	reference_extracted_pending_domain_review
WDM-POPULATION-418b482436b7	population	through the deepwood remnant	canon/canonical_story_tree/world/wowas_world_zone_map.json	settlement	timeline|relationships|scenes|quests|world	implemented_reference_map	reference_extracted_pending_domain_review
WDM-POPULATION-d6586e136be9	population	to occasional settlement contact	canon/canonical_story_tree/world/wowas_world_zone_map.json	settlement	timeline|relationships|scenes|quests|world	implemented_reference_map	reference_extracted_pending_domain_review
WDM-POPULATION-6ac27a919059	population	Thael's route	canon/canonical_story_tree/world/wowas_world_zone_map.json	settlement	timeline|relationships|scenes|quests|world	implemented_reference_map	reference_extracted_pending_domain_review
WDM-POPULATION-fd688135a6f5	population	Drevyn's extended version	canon/canonical_story_tree/world/wowas_world_zone_map.json	settlement	timeline|relationships|scenes|quests|world	implemented_reference_map	reference_extracted_pending_domain_review
WDM-POPULATION-5c782f573a29	population	thael	canon/canonical_story_tree/world/wowas_world_zone_map.json	settlement	timeline|relationships|scenes|quests|world	implemented_reference_map	reference_extracted_pending_domain_review
