domain_alignment_serial	source_serial	source_name	domain	scene_id	event_beat_id	book_num	alignment_status	fact_status	citation_url	reader_projection	attention_triggers	digital_variance_policy	max_reader_detail	provenance_status
RWD-dbb5261a77fc	RWS-b52496069301	London	location	B01_C001	EB-RW-00001	1	WOWAS_TRANSFORM_SEED_REVIEW_REQUIRED	source_fact_not_rewritten	https://www.wikidata.org/wiki/Q84	promote_only_when_relevant	user_preference|active_quest|scene_relevance|character_world_role	presentation_may_vary; source_fact_and_canon_immutable	one_domain_echo_per_scene	source_to_domain_seed
RWD-882858accd36	RWS-b52496069301	London	artifact	B01_C001	EB-RW-00001	1	WOWAS_TRANSFORM_SEED_REVIEW_REQUIRED	source_fact_not_rewritten	https://www.wikidata.org/wiki/Q84	promote_only_when_relevant	user_preference|active_quest|scene_relevance|character_world_role	presentation_may_vary; source_fact_and_canon_immutable	one_domain_echo_per_scene	source_to_domain_seed
RWD-d1184d985309	RWS-b52496069301	London	faction	B01_C001	EB-RW-00001	1	WOWAS_TRANSFORM_SEED_REVIEW_REQUIRED	source_fact_not_rewritten	https://www.wikidata.org/wiki/Q84	promote_only_when_relevant	user_preference|active_quest|scene_relevance|character_world_role	presentation_may_vary; source_fact_and_canon_immutable	one_domain_echo_per_scene	source_to_domain_seed
RWD-6c2d0a8fb4d4	RWS-b52496069301	London	culture	B01_C001	EB-RW-00001	1	WOWAS_TRANSFORM_SEED_REVIEW_REQUIRED	source_fact_not_rewritten	https://www.wikidata.org/wiki/Q84	promote_only_when_relevant	user_preference|active_quest|scene_relevance|character_world_role	presentation_may_vary; source_fact_and_canon_immutable	one_domain_echo_per_scene	source_to_domain_seed
RWD-4670521d070d	RWS-b52496069301	London	hazard	B01_C001	EB-RW-00001	1	WOWAS_TRANSFORM_SEED_REVIEW_REQUIRED	source_fact_not_rewritten	https://www.wikidata.org/wiki/Q84	promote_only_when_relevant	user_preference|active_quest|scene_relevance|character_world_role	presentation_may_vary; source_fact_and_canon_immutable	one_domain_echo_per_scene	source_to_domain_seed
RWD-36b9f8a5b28a	RWS-b52496069301	London	route	B01_C001	EB-RW-00001	1	WOWAS_TRANSFORM_SEED_REVIEW_REQUIRED	source_fact_not_rewritten	https://www.wikidata.org/wiki/Q84	promote_only_when_relevant	user_preference|active_quest|scene_relevance|character_world_role	presentation_may_vary; source_fact_and_canon_immutable	one_domain_echo_per_scene	source_to_domain_seed
RWD-c65821d37d05	RWS-b52496069301	London	quest	B01_C001	EB-RW-00001	1	WOWAS_TRANSFORM_SEED_REVIEW_REQUIRED	source_fact_not_rewritten	https://www.wikidata.org/wiki/Q84	promote_only_when_relevant	user_preference|active_quest|scene_relevance|character_world_role	presentation_may_vary; source_fact_and_canon_immutable	one_domain_echo_per_scene	source_to_domain_seed
RWD-d887c2e40d37	RWS-b52496069301	London	character_world_role	B01_C001	EB-RW-00001	1	WOWAS_TRANSFORM_SEED_REVIEW_REQUIRED	source_fact_not_rewritten	https://www.wikidata.org/wiki/Q84	promote_only_when_relevant	user_preference|active_quest|scene_relevance|character_world_role	presentation_may_vary; source_fact_and_canon_immutable	one_domain_echo_per_scene	source_to_domain_seed
RWD-655f8536f862	RWS-a21d08dba9ce	Tokyo	location	B01_C002	EB-RW-00002	1	WOWAS_TRANSFORM_SEED_REVIEW_REQUIRED	source_fact_not_rewritten	https://www.wikidata.org/wiki/Q1490	promote_only_when_relevant	user_preference|active_quest|scene_relevance|character_world_role	presentation_may_vary; source_fact_and_canon_immutable	one_domain_echo_per_scene	source_to_domain_seed
RWD-fef379951a0b	RWS-a21d08dba9ce	Tokyo	artifact	B01_C002	EB-RW-00002	1	WOWAS_TRANSFORM_SEED_REVIEW_REQUIRED	source_fact_not_rewritten	https://www.wikidata.org/wiki/Q1490	promote_only_when_relevant	user_preference|active_quest|scene_relevance|character_world_role	presentation_may_vary; source_fact_and_canon_immutable	one_domain_echo_per_scene	source_to_domain_seed
RWD-da0b5749219a	RWS-a21d08dba9ce	Tokyo	faction	B01_C002	EB-RW-00002	1	WOWAS_TRANSFORM_SEED_REVIEW_REQUIRED	source_fact_not_rewritten	https://www.wikidata.org/wiki/Q1490	promote_only_when_relevant	user_preference|active_quest|scene_relevance|character_world_role	presentation_may_vary; source_fact_and_canon_immutable	one_domain_echo_per_scene	source_to_domain_seed
RWD-2db234ecc1f0	RWS-a21d08dba9ce	Tokyo	culture	B01_C002	EB-RW-00002	1	WOWAS_TRANSFORM_SEED_REVIEW_REQUIRED	source_fact_not_rewritten	https://www.wikidata.org/wiki/Q1490	promote_only_when_relevant	user_preference|active_quest|scene_relevance|character_world_role	presentation_may_vary; source_fact_and_canon_immutable	one_domain_echo_per_scene	source_to_domain_seed
RWD-a8ac74cff915	RWS-a21d08dba9ce	Tokyo	hazard	B01_C002	EB-RW-00002	1	WOWAS_TRANSFORM_SEED_REVIEW_REQUIRED	source_fact_not_rewritten	https://www.wikidata.org/wiki/Q1490	promote_only_when_relevant	user_preference|active_quest|scene_relevance|character_world_role	presentation_may_vary; source_fact_and_canon_immutable	one_domain_echo_per_scene	source_to_domain_seed
RWD-95a43c6d0abe	RWS-a21d08dba9ce	Tokyo	route	B01_C002	EB-RW-00002	1	WOWAS_TRANSFORM_SEED_REVIEW_REQUIRED	source_fact_not_rewritten	https://www.wikidata.org/wiki/Q1490	promote_only_when_relevant	user_preference|active_quest|scene_relevance|character_world_role	presentation_may_vary; source_fact_and_canon_immutable	one_domain_echo_per_scene	source_to_domain_seed
RWD-5699b33a85a0	RWS-a21d08dba9ce	Tokyo	quest	B01_C002	EB-RW-00002	1	WOWAS_TRANSFORM_SEED_REVIEW_REQUIRED	source_fact_not_rewritten	https://www.wikidata.org/wiki/Q1490	promote_only_when_relevant	user_preference|active_quest|scene_relevance|character_world_role	presentation_may_vary; source_fact_and_canon_immutable	one_domain_echo_per_scene	source_to_domain_seed
RWD-11f98b322f29	RWS-a21d08dba9ce	Tokyo	character_world_role	B01_C002	EB-RW-00002	1	WOWAS_TRANSFORM_SEED_REVIEW_REQUIRED	source_fact_not_rewritten	https://www.wikidata.org/wiki/Q1490	promote_only_when_relevant	user_preference|active_quest|scene_relevance|character_world_role	presentation_may_vary; source_fact_and_canon_immutable	one_domain_echo_per_scene	source_to_domain_seed
RWD-88945e834757	RWS-c868beff0eaa	New York City	location	B01_C003	EB-RW-00003	1	WOWAS_TRANSFORM_SEED_REVIEW_REQUIRED	source_fact_not_rewritten	https://www.wikidata.org/wiki/Q60	promote_only_when_relevant	user_preference|active_quest|scene_relevance|character_world_role	presentation_may_vary; source_fact_and_canon_immutable	one_domain_echo_per_scene	source_to_domain_seed
RWD-eea12cc1447a	RWS-c868beff0eaa	New York City	artifact	B01_C003	EB-RW-00003	1	WOWAS_TRANSFORM_SEED_REVIEW_REQUIRED	source_fact_not_rewritten	https://www.wikidata.org/wiki/Q60	promote_only_when_relevant	user_preference|active_quest|scene_relevance|character_world_role	presentation_may_vary; source_fact_and_canon_immutable	one_domain_echo_per_scene	source_to_domain_seed
RWD-5adab366e476	RWS-c868beff0eaa	New York City	faction	B01_C003	EB-RW-00003	1	WOWAS_TRANSFORM_SEED_REVIEW_REQUIRED	source_fact_not_rewritten	https://www.wikidata.org/wiki/Q60	promote_only_when_relevant	user_preference|active_quest|scene_relevance|character_world_role	presentation_may_vary; source_fact_and_canon_immutable	one_domain_echo_per_scene	source_to_domain_seed
RWD-2d60cdb7ed26	RWS-c868beff0eaa	New York City	culture	B01_C003	EB-RW-00003	1	WOWAS_TRANSFORM_SEED_REVIEW_REQUIRED	source_fact_not_rewritten	https://www.wikidata.org/wiki/Q60	promote_only_when_relevant	user_preference|active_quest|scene_relevance|character_world_role	presentation_may_vary; source_fact_and_canon_immutable	one_domain_echo_per_scene	source_to_domain_seed
RWD-85ef4da700c5	RWS-c868beff0eaa	New York City	hazard	B01_C003	EB-RW-00003	1	WOWAS_TRANSFORM_SEED_REVIEW_REQUIRED	source_fact_not_rewritten	https://www.wikidata.org/wiki/Q60	promote_only_when_relevant	user_preference|active_quest|scene_relevance|character_world_role	presentation_may_vary; source_fact_and_canon_immutable	one_domain_echo_per_scene	source_to_domain_seed
RWD-253f787252c5	RWS-c868beff0eaa	New York City	route	B01_C003	EB-RW-00003	1	WOWAS_TRANSFORM_SEED_REVIEW_REQUIRED	source_fact_not_rewritten	https://www.wikidata.org/wiki/Q60	promote_only_when_relevant	user_preference|active_quest|scene_relevance|character_world_role	presentation_may_vary; source_fact_and_canon_immutable	one_domain_echo_per_scene	source_to_domain_seed
RWD-9df5bb297e3b	RWS-c868beff0eaa	New York City	quest	B01_C003	EB-RW-00003	1	WOWAS_TRANSFORM_SEED_REVIEW_REQUIRED	source_fact_not_rewritten	https://www.wikidata.org/wiki/Q60	promote_only_when_relevant	user_preference|active_quest|scene_relevance|character_world_role	presentation_may_vary; source_fact_and_canon_immutable	one_domain_echo_per_scene	source_to_domain_seed
RWD-fa005c5c7318	RWS-c868beff0eaa	New York City	character_world_role	B01_C003	EB-RW-00003	1	WOWAS_TRANSFORM_SEED_REVIEW_REQUIRED	source_fact_not_rewritten	https://www.wikidata.org/wiki/Q60	promote_only_when_relevant	user_preference|active_quest|scene_relevance|character_world_role	presentation_may_vary; source_fact_and_canon_immutable	one_domain_echo_per_scene	source_to_domain_seed
RWD-b28e86566ee0	RWS-aa689239665d	Paris	location	B01_C004	EB-RW-00004	1	WOWAS_TRANSFORM_SEED_REVIEW_REQUIRED	source_fact_not_rewritten	https://www.wikidata.org/wiki/Q90	promote_only_when_relevant	user_preference|active_quest|scene_relevance|character_world_role	presentation_may_vary; source_fact_and_canon_immutable	one_domain_echo_per_scene	source_to_domain_seed
RWD-8584b3ddf55a	RWS-aa689239665d	Paris	artifact	B01_C004	EB-RW-00004	1	WOWAS_TRANSFORM_SEED_REVIEW_REQUIRED	source_fact_not_rewritten	https://www.wikidata.org/wiki/Q90	promote_only_when_relevant	user_preference|active_quest|scene_relevance|character_world_role	presentation_may_vary; source_fact_and_canon_immutable	one_domain_echo_per_scene	source_to_domain_seed
RWD-ae5285f4ada2	RWS-aa689239665d	Paris	faction	B01_C004	EB-RW-00004	1	WOWAS_TRANSFORM_SEED_REVIEW_REQUIRED	source_fact_not_rewritten	https://www.wikidata.org/wiki/Q90	promote_only_when_relevant	user_preference|active_quest|scene_relevance|character_world_role	presentation_may_vary; source_fact_and_canon_immutable	one_domain_echo_per_scene	source_to_domain_seed
RWD-42b97fb5a6e6	RWS-aa689239665d	Paris	culture	B01_C004	EB-RW-00004	1	WOWAS_TRANSFORM_SEED_REVIEW_REQUIRED	source_fact_not_rewritten	https://www.wikidata.org/wiki/Q90	promote_only_when_relevant	user_preference|active_quest|scene_relevance|character_world_role	presentation_may_vary; source_fact_and_canon_immutable	one_domain_echo_per_scene	source_to_domain_seed
RWD-2cec9ced3961	RWS-aa689239665d	Paris	hazard	B01_C004	EB-RW-00004	1	WOWAS_TRANSFORM_SEED_REVIEW_REQUIRED	source_fact_not_rewritten	https://www.wikidata.org/wiki/Q90	promote_only_when_relevant	user_preference|active_quest|scene_relevance|character_world_role	presentation_may_vary; source_fact_and_canon_immutable	one_domain_echo_per_scene	source_to_domain_seed
RWD-d6894c4f302b	RWS-aa689239665d	Paris	route	B01_C004	EB-RW-00004	1	WOWAS_TRANSFORM_SEED_REVIEW_REQUIRED	source_fact_not_rewritten	https://www.wikidata.org/wiki/Q90	promote_only_when_relevant	user_preference|active_quest|scene_relevance|character_world_role	presentation_may_vary; source_fact_and_canon_immutable	one_domain_echo_per_scene	source_to_domain_seed
RWD-e5902b0937d0	RWS-aa689239665d	Paris	quest	B01_C004	EB-RW-00004	1	WOWAS_TRANSFORM_SEED_REVIEW_REQUIRED	source_fact_not_rewritten	https://www.wikidata.org/wiki/Q90	promote_only_when_relevant	user_preference|active_quest|scene_relevance|character_world_role	presentation_may_vary; source_fact_and_canon_immutable	one_domain_echo_per_scene	source_to_domain_seed
RWD-f50a87b1d7ad	RWS-aa689239665d	Paris	character_world_role	B01_C004	EB-RW-00004	1	WOWAS_TRANSFORM_SEED_REVIEW_REQUIRED	source_fact_not_rewritten	https://www.wikidata.org/wiki/Q90	promote_only_when_relevant	user_preference|active_quest|scene_relevance|character_world_role	presentation_may_vary; source_fact_and_canon_immutable	one_domain_echo_per_scene	source_to_domain_seed
RWD-a22856554ca0	RWS-5f628d869166	Mumbai	location	B01_C005	EB-RW-00005	1	WOWAS_TRANSFORM_SEED_REVIEW_REQUIRED	source_fact_not_rewritten	https://www.wikidata.org/wiki/Q1156	promote_only_when_relevant	user_preference|active_quest|scene_relevance|character_world_role	presentation_may_vary; source_fact_and_canon_immutable	one_domain_echo_per_scene	source_to_domain_seed
RWD-6ea78eb1bd7d	RWS-5f628d869166	Mumbai	artifact	B01_C005	EB-RW-00005	1	WOWAS_TRANSFORM_SEED_REVIEW_REQUIRED	source_fact_not_rewritten	https://www.wikidata.org/wiki/Q1156	promote_only_when_relevant	user_preference|active_quest|scene_relevance|character_world_role	presentation_may_vary; source_fact_and_canon_immutable	one_domain_echo_per_scene	source_to_domain_seed
RWD-1cd20f62e45f	RWS-5f628d869166	Mumbai	faction	B01_C005	EB-RW-00005	1	WOWAS_TRANSFORM_SEED_REVIEW_REQUIRED	source_fact_not_rewritten	https://www.wikidata.org/wiki/Q1156	promote_only_when_relevant	user_preference|active_quest|scene_relevance|character_world_role	presentation_may_vary; source_fact_and_canon_immutable	one_domain_echo_per_scene	source_to_domain_seed
RWD-67e93f9e4dd8	RWS-5f628d869166	Mumbai	culture	B01_C005	EB-RW-00005	1	WOWAS_TRANSFORM_SEED_REVIEW_REQUIRED	source_fact_not_rewritten	https://www.wikidata.org/wiki/Q1156	promote_only_when_relevant	user_preference|active_quest|scene_relevance|character_world_role	presentation_may_vary; source_fact_and_canon_immutable	one_domain_echo_per_scene	source_to_domain_seed
RWD-0d367971bba0	RWS-5f628d869166	Mumbai	hazard	B01_C005	EB-RW-00005	1	WOWAS_TRANSFORM_SEED_REVIEW_REQUIRED	source_fact_not_rewritten	https://www.wikidata.org/wiki/Q1156	promote_only_when_relevant	user_preference|active_quest|scene_relevance|character_world_role	presentation_may_vary; source_fact_and_canon_immutable	one_domain_echo_per_scene	source_to_domain_seed
RWD-7899404dd2c6	RWS-5f628d869166	Mumbai	route	B01_C005	EB-RW-00005	1	WOWAS_TRANSFORM_SEED_REVIEW_REQUIRED	source_fact_not_rewritten	https://www.wikidata.org/wiki/Q1156	promote_only_when_relevant	user_preference|active_quest|scene_relevance|character_world_role	presentation_may_vary; source_fact_and_canon_immutable	one_domain_echo_per_scene	source_to_domain_seed
RWD-706ce6c9fe13	RWS-5f628d869166	Mumbai	quest	B01_C005	EB-RW-00005	1	WOWAS_TRANSFORM_SEED_REVIEW_REQUIRED	source_fact_not_rewritten	https://www.wikidata.org/wiki/Q1156	promote_only_when_relevant	user_preference|active_quest|scene_relevance|character_world_role	presentation_may_vary; source_fact_and_canon_immutable	one_domain_echo_per_scene	source_to_domain_seed
RWD-acff34a93654	RWS-5f628d869166	Mumbai	character_world_role	B01_C005	EB-RW-00005	1	WOWAS_TRANSFORM_SEED_REVIEW_REQUIRED	source_fact_not_rewritten	https://www.wikidata.org/wiki/Q1156	promote_only_when_relevant	user_preference|active_quest|scene_relevance|character_world_role	presentation_may_vary; source_fact_and_canon_immutable	one_domain_echo_per_scene	source_to_domain_seed
RWD-6d1d76c42ffb	RWS-1345bf7cf1fa	Buenos Aires	location	B01_C006	EB-RW-00006	1	WOWAS_TRANSFORM_SEED_REVIEW_REQUIRED	source_fact_not_rewritten	https://www.wikidata.org/wiki/Q1486	promote_only_when_relevant	user_preference|active_quest|scene_relevance|character_world_role	presentation_may_vary; source_fact_and_canon_immutable	one_domain_echo_per_scene	source_to_domain_seed
RWD-2e9c1d3de046	RWS-1345bf7cf1fa	Buenos Aires	artifact	B01_C006	EB-RW-00006	1	WOWAS_TRANSFORM_SEED_REVIEW_REQUIRED	source_fact_not_rewritten	https://www.wikidata.org/wiki/Q1486	promote_only_when_relevant	user_preference|active_quest|scene_relevance|character_world_role	presentation_may_vary; source_fact_and_canon_immutable	one_domain_echo_per_scene	source_to_domain_seed
RWD-665d5e2637ca	RWS-1345bf7cf1fa	Buenos Aires	faction	B01_C006	EB-RW-00006	1	WOWAS_TRANSFORM_SEED_REVIEW_REQUIRED	source_fact_not_rewritten	https://www.wikidata.org/wiki/Q1486	promote_only_when_relevant	user_preference|active_quest|scene_relevance|character_world_role	presentation_may_vary; source_fact_and_canon_immutable	one_domain_echo_per_scene	source_to_domain_seed
RWD-b40196079b72	RWS-1345bf7cf1fa	Buenos Aires	culture	B01_C006	EB-RW-00006	1	WOWAS_TRANSFORM_SEED_REVIEW_REQUIRED	source_fact_not_rewritten	https://www.wikidata.org/wiki/Q1486	promote_only_when_relevant	user_preference|active_quest|scene_relevance|character_world_role	presentation_may_vary; source_fact_and_canon_immutable	one_domain_echo_per_scene	source_to_domain_seed
RWD-65812fb16b00	RWS-1345bf7cf1fa	Buenos Aires	hazard	B01_C006	EB-RW-00006	1	WOWAS_TRANSFORM_SEED_REVIEW_REQUIRED	source_fact_not_rewritten	https://www.wikidata.org/wiki/Q1486	promote_only_when_relevant	user_preference|active_quest|scene_relevance|character_world_role	presentation_may_vary; source_fact_and_canon_immutable	one_domain_echo_per_scene	source_to_domain_seed
RWD-a99e1e78a32b	RWS-1345bf7cf1fa	Buenos Aires	route	B01_C006	EB-RW-00006	1	WOWAS_TRANSFORM_SEED_REVIEW_REQUIRED	source_fact_not_rewritten	https://www.wikidata.org/wiki/Q1486	promote_only_when_relevant	user_preference|active_quest|scene_relevance|character_world_role	presentation_may_vary; source_fact_and_canon_immutable	one_domain_echo_per_scene	source_to_domain_seed
RWD-70d189a7b22c	RWS-1345bf7cf1fa	Buenos Aires	quest	B01_C006	EB-RW-00006	1	WOWAS_TRANSFORM_SEED_REVIEW_REQUIRED	source_fact_not_rewritten	https://www.wikidata.org/wiki/Q1486	promote_only_when_relevant	user_preference|active_quest|scene_relevance|character_world_role	presentation_may_vary; source_fact_and_canon_immutable	one_domain_echo_per_scene	source_to_domain_seed
RWD-06d0d3492fa2	RWS-1345bf7cf1fa	Buenos Aires	character_world_role	B01_C006	EB-RW-00006	1	WOWAS_TRANSFORM_SEED_REVIEW_REQUIRED	source_fact_not_rewritten	https://www.wikidata.org/wiki/Q1486	promote_only_when_relevant	user_preference|active_quest|scene_relevance|character_world_role	presentation_may_vary; source_fact_and_canon_immutable	one_domain_echo_per_scene	source_to_domain_seed
RWD-c3fa47ab2e1f	RWS-d44da2366087	Cairo	location	B01_C007	EB-RW-00007	1	WOWAS_TRANSFORM_SEED_REVIEW_REQUIRED	source_fact_not_rewritten	https://www.wikidata.org/wiki/Q85	promote_only_when_relevant	user_preference|active_quest|scene_relevance|character_world_role	presentation_may_vary; source_fact_and_canon_immutable	one_domain_echo_per_scene	source_to_domain_seed
RWD-a99f1f474f73	RWS-d44da2366087	Cairo	artifact	B01_C007	EB-RW-00007	1	WOWAS_TRANSFORM_SEED_REVIEW_REQUIRED	source_fact_not_rewritten	https://www.wikidata.org/wiki/Q85	promote_only_when_relevant	user_preference|active_quest|scene_relevance|character_world_role	presentation_may_vary; source_fact_and_canon_immutable	one_domain_echo_per_scene	source_to_domain_seed
RWD-9eed9d141043	RWS-d44da2366087	Cairo	faction	B01_C007	EB-RW-00007	1	WOWAS_TRANSFORM_SEED_REVIEW_REQUIRED	source_fact_not_rewritten	https://www.wikidata.org/wiki/Q85	promote_only_when_relevant	user_preference|active_quest|scene_relevance|character_world_role	presentation_may_vary; source_fact_and_canon_immutable	one_domain_echo_per_scene	source_to_domain_seed
RWD-29690384e12b	RWS-d44da2366087	Cairo	culture	B01_C007	EB-RW-00007	1	WOWAS_TRANSFORM_SEED_REVIEW_REQUIRED	source_fact_not_rewritten	https://www.wikidata.org/wiki/Q85	promote_only_when_relevant	user_preference|active_quest|scene_relevance|character_world_role	presentation_may_vary; source_fact_and_canon_immutable	one_domain_echo_per_scene	source_to_domain_seed
RWD-071b2cd63b90	RWS-d44da2366087	Cairo	hazard	B01_C007	EB-RW-00007	1	WOWAS_TRANSFORM_SEED_REVIEW_REQUIRED	source_fact_not_rewritten	https://www.wikidata.org/wiki/Q85	promote_only_when_relevant	user_preference|active_quest|scene_relevance|character_world_role	presentation_may_vary; source_fact_and_canon_immutable	one_domain_echo_per_scene	source_to_domain_seed
RWD-88f2c1af39c9	RWS-d44da2366087	Cairo	route	B01_C007	EB-RW-00007	1	WOWAS_TRANSFORM_SEED_REVIEW_REQUIRED	source_fact_not_rewritten	https://www.wikidata.org/wiki/Q85	promote_only_when_relevant	user_preference|active_quest|scene_relevance|character_world_role	presentation_may_vary; source_fact_and_canon_immutable	one_domain_echo_per_scene	source_to_domain_seed
RWD-dbbc18761c01	RWS-d44da2366087	Cairo	quest	B01_C007	EB-RW-00007	1	WOWAS_TRANSFORM_SEED_REVIEW_REQUIRED	source_fact_not_rewritten	https://www.wikidata.org/wiki/Q85	promote_only_when_relevant	user_preference|active_quest|scene_relevance|character_world_role	presentation_may_vary; source_fact_and_canon_immutable	one_domain_echo_per_scene	source_to_domain_seed
RWD-9fd9e13c5b42	RWS-d44da2366087	Cairo	character_world_role	B01_C007	EB-RW-00007	1	WOWAS_TRANSFORM_SEED_REVIEW_REQUIRED	source_fact_not_rewritten	https://www.wikidata.org/wiki/Q85	promote_only_when_relevant	user_preference|active_quest|scene_relevance|character_world_role	presentation_may_vary; source_fact_and_canon_immutable	one_domain_echo_per_scene	source_to_domain_seed
RWD-598065b82888	RWS-1b96781732f3	Nairobi	location	B01_C008	EB-RW-00008	1	WOWAS_TRANSFORM_SEED_REVIEW_REQUIRED	source_fact_not_rewritten	https://www.wikidata.org/wiki/Q3870	promote_only_when_relevant	user_preference|active_quest|scene_relevance|character_world_role	presentation_may_vary; source_fact_and_canon_immutable	one_domain_echo_per_scene	source_to_domain_seed
RWD-36cb634cff6a	RWS-1b96781732f3	Nairobi	artifact	B01_C008	EB-RW-00008	1	WOWAS_TRANSFORM_SEED_REVIEW_REQUIRED	source_fact_not_rewritten	https://www.wikidata.org/wiki/Q3870	promote_only_when_relevant	user_preference|active_quest|scene_relevance|character_world_role	presentation_may_vary; source_fact_and_canon_immutable	one_domain_echo_per_scene	source_to_domain_seed
RWD-702201cff850	RWS-1b96781732f3	Nairobi	faction	B01_C008	EB-RW-00008	1	WOWAS_TRANSFORM_SEED_REVIEW_REQUIRED	source_fact_not_rewritten	https://www.wikidata.org/wiki/Q3870	promote_only_when_relevant	user_preference|active_quest|scene_relevance|character_world_role	presentation_may_vary; source_fact_and_canon_immutable	one_domain_echo_per_scene	source_to_domain_seed
RWD-e6ad6ff20f89	RWS-1b96781732f3	Nairobi	culture	B01_C008	EB-RW-00008	1	WOWAS_TRANSFORM_SEED_REVIEW_REQUIRED	source_fact_not_rewritten	https://www.wikidata.org/wiki/Q3870	promote_only_when_relevant	user_preference|active_quest|scene_relevance|character_world_role	presentation_may_vary; source_fact_and_canon_immutable	one_domain_echo_per_scene	source_to_domain_seed
RWD-f8afe029b4de	RWS-1b96781732f3	Nairobi	hazard	B01_C008	EB-RW-00008	1	WOWAS_TRANSFORM_SEED_REVIEW_REQUIRED	source_fact_not_rewritten	https://www.wikidata.org/wiki/Q3870	promote_only_when_relevant	user_preference|active_quest|scene_relevance|character_world_role	presentation_may_vary; source_fact_and_canon_immutable	one_domain_echo_per_scene	source_to_domain_seed
RWD-d6a4bcff6742	RWS-1b96781732f3	Nairobi	route	B01_C008	EB-RW-00008	1	WOWAS_TRANSFORM_SEED_REVIEW_REQUIRED	source_fact_not_rewritten	https://www.wikidata.org/wiki/Q3870	promote_only_when_relevant	user_preference|active_quest|scene_relevance|character_world_role	presentation_may_vary; source_fact_and_canon_immutable	one_domain_echo_per_scene	source_to_domain_seed
RWD-3911d299c717	RWS-1b96781732f3	Nairobi	quest	B01_C008	EB-RW-00008	1	WOWAS_TRANSFORM_SEED_REVIEW_REQUIRED	source_fact_not_rewritten	https://www.wikidata.org/wiki/Q3870	promote_only_when_relevant	user_preference|active_quest|scene_relevance|character_world_role	presentation_may_vary; source_fact_and_canon_immutable	one_domain_echo_per_scene	source_to_domain_seed
RWD-0e5a003f0241	RWS-1b96781732f3	Nairobi	character_world_role	B01_C008	EB-RW-00008	1	WOWAS_TRANSFORM_SEED_REVIEW_REQUIRED	source_fact_not_rewritten	https://www.wikidata.org/wiki/Q3870	promote_only_when_relevant	user_preference|active_quest|scene_relevance|character_world_role	presentation_may_vary; source_fact_and_canon_immutable	one_domain_echo_per_scene	source_to_domain_seed
RWD-4149559f73b1	RWS-e609f5ae6bf2	Lagos	location	B01_C009	EB-RW-00009	1	WOWAS_TRANSFORM_SEED_REVIEW_REQUIRED	source_fact_not_rewritten	https://www.wikidata.org/wiki/Q8673	promote_only_when_relevant	user_preference|active_quest|scene_relevance|character_world_role	presentation_may_vary; source_fact_and_canon_immutable	one_domain_echo_per_scene	source_to_domain_seed
RWD-858a1e81600f	RWS-e609f5ae6bf2	Lagos	artifact	B01_C009	EB-RW-00009	1	WOWAS_TRANSFORM_SEED_REVIEW_REQUIRED	source_fact_not_rewritten	https://www.wikidata.org/wiki/Q8673	promote_only_when_relevant	user_preference|active_quest|scene_relevance|character_world_role	presentation_may_vary; source_fact_and_canon_immutable	one_domain_echo_per_scene	source_to_domain_seed
RWD-9b63ca2b51c4	RWS-e609f5ae6bf2	Lagos	faction	B01_C009	EB-RW-00009	1	WOWAS_TRANSFORM_SEED_REVIEW_REQUIRED	source_fact_not_rewritten	https://www.wikidata.org/wiki/Q8673	promote_only_when_relevant	user_preference|active_quest|scene_relevance|character_world_role	presentation_may_vary; source_fact_and_canon_immutable	one_domain_echo_per_scene	source_to_domain_seed
RWD-59516b69501e	RWS-e609f5ae6bf2	Lagos	culture	B01_C009	EB-RW-00009	1	WOWAS_TRANSFORM_SEED_REVIEW_REQUIRED	source_fact_not_rewritten	https://www.wikidata.org/wiki/Q8673	promote_only_when_relevant	user_preference|active_quest|scene_relevance|character_world_role	presentation_may_vary; source_fact_and_canon_immutable	one_domain_echo_per_scene	source_to_domain_seed
RWD-6ac4fae06d03	RWS-e609f5ae6bf2	Lagos	hazard	B01_C009	EB-RW-00009	1	WOWAS_TRANSFORM_SEED_REVIEW_REQUIRED	source_fact_not_rewritten	https://www.wikidata.org/wiki/Q8673	promote_only_when_relevant	user_preference|active_quest|scene_relevance|character_world_role	presentation_may_vary; source_fact_and_canon_immutable	one_domain_echo_per_scene	source_to_domain_seed
RWD-6e05adb9ed09	RWS-e609f5ae6bf2	Lagos	route	B01_C009	EB-RW-00009	1	WOWAS_TRANSFORM_SEED_REVIEW_REQUIRED	source_fact_not_rewritten	https://www.wikidata.org/wiki/Q8673	promote_only_when_relevant	user_preference|active_quest|scene_relevance|character_world_role	presentation_may_vary; source_fact_and_canon_immutable	one_domain_echo_per_scene	source_to_domain_seed
RWD-265382f6da31	RWS-e609f5ae6bf2	Lagos	quest	B01_C009	EB-RW-00009	1	WOWAS_TRANSFORM_SEED_REVIEW_REQUIRED	source_fact_not_rewritten	https://www.wikidata.org/wiki/Q8673	promote_only_when_relevant	user_preference|active_quest|scene_relevance|character_world_role	presentation_may_vary; source_fact_and_canon_immutable	one_domain_echo_per_scene	source_to_domain_seed
RWD-8808666a901f	RWS-e609f5ae6bf2	Lagos	character_world_role	B01_C009	EB-RW-00009	1	WOWAS_TRANSFORM_SEED_REVIEW_REQUIRED	source_fact_not_rewritten	https://www.wikidata.org/wiki/Q8673	promote_only_when_relevant	user_preference|active_quest|scene_relevance|character_world_role	presentation_may_vary; source_fact_and_canon_immutable	one_domain_echo_per_scene	source_to_domain_seed
RWD-0a24f11d3fb4	RWS-ee8b1ca8f4d5	Johannesburg	location	B01_C010	EB-RW-00010	1	WOWAS_TRANSFORM_SEED_REVIEW_REQUIRED	source_fact_not_rewritten	https://www.wikidata.org/wiki/Q34647	promote_only_when_relevant	user_preference|active_quest|scene_relevance|character_world_role	presentation_may_vary; source_fact_and_canon_immutable	one_domain_echo_per_scene	source_to_domain_seed
RWD-f639888305ed	RWS-ee8b1ca8f4d5	Johannesburg	artifact	B01_C010	EB-RW-00010	1	WOWAS_TRANSFORM_SEED_REVIEW_REQUIRED	source_fact_not_rewritten	https://www.wikidata.org/wiki/Q34647	promote_only_when_relevant	user_preference|active_quest|scene_relevance|character_world_role	presentation_may_vary; source_fact_and_canon_immutable	one_domain_echo_per_scene	source_to_domain_seed
RWD-c12bf7d59ada	RWS-ee8b1ca8f4d5	Johannesburg	faction	B01_C010	EB-RW-00010	1	WOWAS_TRANSFORM_SEED_REVIEW_REQUIRED	source_fact_not_rewritten	https://www.wikidata.org/wiki/Q34647	promote_only_when_relevant	user_preference|active_quest|scene_relevance|character_world_role	presentation_may_vary; source_fact_and_canon_immutable	one_domain_echo_per_scene	source_to_domain_seed
RWD-7b2135d1e7e5	RWS-ee8b1ca8f4d5	Johannesburg	culture	B01_C010	EB-RW-00010	1	WOWAS_TRANSFORM_SEED_REVIEW_REQUIRED	source_fact_not_rewritten	https://www.wikidata.org/wiki/Q34647	promote_only_when_relevant	user_preference|active_quest|scene_relevance|character_world_role	presentation_may_vary; source_fact_and_canon_immutable	one_domain_echo_per_scene	source_to_domain_seed
RWD-60aad8471262	RWS-ee8b1ca8f4d5	Johannesburg	hazard	B01_C010	EB-RW-00010	1	WOWAS_TRANSFORM_SEED_REVIEW_REQUIRED	source_fact_not_rewritten	https://www.wikidata.org/wiki/Q34647	promote_only_when_relevant	user_preference|active_quest|scene_relevance|character_world_role	presentation_may_vary; source_fact_and_canon_immutable	one_domain_echo_per_scene	source_to_domain_seed
RWD-f74f74a6ceb0	RWS-ee8b1ca8f4d5	Johannesburg	route	B01_C010	EB-RW-00010	1	WOWAS_TRANSFORM_SEED_REVIEW_REQUIRED	source_fact_not_rewritten	https://www.wikidata.org/wiki/Q34647	promote_only_when_relevant	user_preference|active_quest|scene_relevance|character_world_role	presentation_may_vary; source_fact_and_canon_immutable	one_domain_echo_per_scene	source_to_domain_seed
RWD-6b28469ca1d3	RWS-ee8b1ca8f4d5	Johannesburg	quest	B01_C010	EB-RW-00010	1	WOWAS_TRANSFORM_SEED_REVIEW_REQUIRED	source_fact_not_rewritten	https://www.wikidata.org/wiki/Q34647	promote_only_when_relevant	user_preference|active_quest|scene_relevance|character_world_role	presentation_may_vary; source_fact_and_canon_immutable	one_domain_echo_per_scene	source_to_domain_seed
RWD-b04bb46771b7	RWS-ee8b1ca8f4d5	Johannesburg	character_world_role	B01_C010	EB-RW-00010	1	WOWAS_TRANSFORM_SEED_REVIEW_REQUIRED	source_fact_not_rewritten	https://www.wikidata.org/wiki/Q34647	promote_only_when_relevant	user_preference|active_quest|scene_relevance|character_world_role	presentation_may_vary; source_fact_and_canon_immutable	one_domain_echo_per_scene	source_to_domain_seed
RWD-72e522576780	RWS-3b802b010cf6	Cape Town	location	B01_C011	EB-RW-00011	1	WOWAS_TRANSFORM_SEED_REVIEW_REQUIRED	source_fact_not_rewritten	https://www.wikidata.org/wiki/Q5465	promote_only_when_relevant	user_preference|active_quest|scene_relevance|character_world_role	presentation_may_vary; source_fact_and_canon_immutable	one_domain_echo_per_scene	source_to_domain_seed
RWD-14a6928afa2a	RWS-3b802b010cf6	Cape Town	artifact	B01_C011	EB-RW-00011	1	WOWAS_TRANSFORM_SEED_REVIEW_REQUIRED	source_fact_not_rewritten	https://www.wikidata.org/wiki/Q5465	promote_only_when_relevant	user_preference|active_quest|scene_relevance|character_world_role	presentation_may_vary; source_fact_and_canon_immutable	one_domain_echo_per_scene	source_to_domain_seed
RWD-85ce43be17cf	RWS-3b802b010cf6	Cape Town	faction	B01_C011	EB-RW-00011	1	WOWAS_TRANSFORM_SEED_REVIEW_REQUIRED	source_fact_not_rewritten	https://www.wikidata.org/wiki/Q5465	promote_only_when_relevant	user_preference|active_quest|scene_relevance|character_world_role	presentation_may_vary; source_fact_and_canon_immutable	one_domain_echo_per_scene	source_to_domain_seed
RWD-fd807aff2fa1	RWS-3b802b010cf6	Cape Town	culture	B01_C011	EB-RW-00011	1	WOWAS_TRANSFORM_SEED_REVIEW_REQUIRED	source_fact_not_rewritten	https://www.wikidata.org/wiki/Q5465	promote_only_when_relevant	user_preference|active_quest|scene_relevance|character_world_role	presentation_may_vary; source_fact_and_canon_immutable	one_domain_echo_per_scene	source_to_domain_seed
RWD-6d579e8d522a	RWS-3b802b010cf6	Cape Town	hazard	B01_C011	EB-RW-00011	1	WOWAS_TRANSFORM_SEED_REVIEW_REQUIRED	source_fact_not_rewritten	https://www.wikidata.org/wiki/Q5465	promote_only_when_relevant	user_preference|active_quest|scene_relevance|character_world_role	presentation_may_vary; source_fact_and_canon_immutable	one_domain_echo_per_scene	source_to_domain_seed
RWD-4c07dace61a1	RWS-3b802b010cf6	Cape Town	route	B01_C011	EB-RW-00011	1	WOWAS_TRANSFORM_SEED_REVIEW_REQUIRED	source_fact_not_rewritten	https://www.wikidata.org/wiki/Q5465	promote_only_when_relevant	user_preference|active_quest|scene_relevance|character_world_role	presentation_may_vary; source_fact_and_canon_immutable	one_domain_echo_per_scene	source_to_domain_seed
RWD-7a01b4c8c40c	RWS-3b802b010cf6	Cape Town	quest	B01_C011	EB-RW-00011	1	WOWAS_TRANSFORM_SEED_REVIEW_REQUIRED	source_fact_not_rewritten	https://www.wikidata.org/wiki/Q5465	promote_only_when_relevant	user_preference|active_quest|scene_relevance|character_world_role	presentation_may_vary; source_fact_and_canon_immutable	one_domain_echo_per_scene	source_to_domain_seed
RWD-7c2930ba9b02	RWS-3b802b010cf6	Cape Town	character_world_role	B01_C011	EB-RW-00011	1	WOWAS_TRANSFORM_SEED_REVIEW_REQUIRED	source_fact_not_rewritten	https://www.wikidata.org/wiki/Q5465	promote_only_when_relevant	user_preference|active_quest|scene_relevance|character_world_role	presentation_may_vary; source_fact_and_canon_immutable	one_domain_echo_per_scene	source_to_domain_seed
RWD-b3e4a8c71a0a	RWS-50aef7261475	Sydney	location	B01_C012	EB-RW-00012	1	WOWAS_TRANSFORM_SEED_REVIEW_REQUIRED	source_fact_not_rewritten	https://www.wikidata.org/wiki/Q3130	promote_only_when_relevant	user_preference|active_quest|scene_relevance|character_world_role	presentation_may_vary; source_fact_and_canon_immutable	one_domain_echo_per_scene	source_to_domain_seed
RWD-b8a563532aa6	RWS-50aef7261475	Sydney	artifact	B01_C012	EB-RW-00012	1	WOWAS_TRANSFORM_SEED_REVIEW_REQUIRED	source_fact_not_rewritten	https://www.wikidata.org/wiki/Q3130	promote_only_when_relevant	user_preference|active_quest|scene_relevance|character_world_role	presentation_may_vary; source_fact_and_canon_immutable	one_domain_echo_per_scene	source_to_domain_seed
RWD-edc439f811a8	RWS-50aef7261475	Sydney	faction	B01_C012	EB-RW-00012	1	WOWAS_TRANSFORM_SEED_REVIEW_REQUIRED	source_fact_not_rewritten	https://www.wikidata.org/wiki/Q3130	promote_only_when_relevant	user_preference|active_quest|scene_relevance|character_world_role	presentation_may_vary; source_fact_and_canon_immutable	one_domain_echo_per_scene	source_to_domain_seed
RWD-974d86d9453e	RWS-50aef7261475	Sydney	culture	B01_C012	EB-RW-00012	1	WOWAS_TRANSFORM_SEED_REVIEW_REQUIRED	source_fact_not_rewritten	https://www.wikidata.org/wiki/Q3130	promote_only_when_relevant	user_preference|active_quest|scene_relevance|character_world_role	presentation_may_vary; source_fact_and_canon_immutable	one_domain_echo_per_scene	source_to_domain_seed
RWD-e4d46da6adfb	RWS-50aef7261475	Sydney	hazard	B01_C012	EB-RW-00012	1	WOWAS_TRANSFORM_SEED_REVIEW_REQUIRED	source_fact_not_rewritten	https://www.wikidata.org/wiki/Q3130	promote_only_when_relevant	user_preference|active_quest|scene_relevance|character_world_role	presentation_may_vary; source_fact_and_canon_immutable	one_domain_echo_per_scene	source_to_domain_seed
RWD-febd03f0dde2	RWS-50aef7261475	Sydney	route	B01_C012	EB-RW-00012	1	WOWAS_TRANSFORM_SEED_REVIEW_REQUIRED	source_fact_not_rewritten	https://www.wikidata.org/wiki/Q3130	promote_only_when_relevant	user_preference|active_quest|scene_relevance|character_world_role	presentation_may_vary; source_fact_and_canon_immutable	one_domain_echo_per_scene	source_to_domain_seed
RWD-b66540cb171d	RWS-50aef7261475	Sydney	quest	B01_C012	EB-RW-00012	1	WOWAS_TRANSFORM_SEED_REVIEW_REQUIRED	source_fact_not_rewritten	https://www.wikidata.org/wiki/Q3130	promote_only_when_relevant	user_preference|active_quest|scene_relevance|character_world_role	presentation_may_vary; source_fact_and_canon_immutable	one_domain_echo_per_scene	source_to_domain_seed
RWD-76da6c114fe4	RWS-50aef7261475	Sydney	character_world_role	B01_C012	EB-RW-00012	1	WOWAS_TRANSFORM_SEED_REVIEW_REQUIRED	source_fact_not_rewritten	https://www.wikidata.org/wiki/Q3130	promote_only_when_relevant	user_preference|active_quest|scene_relevance|character_world_role	presentation_may_vary; source_fact_and_canon_immutable	one_domain_echo_per_scene	source_to_domain_seed
RWD-fb34902b7eaa	RWS-d0c7e274119b	Melbourne	location	B01_C013	EB-RW-00013	1	WOWAS_TRANSFORM_SEED_REVIEW_REQUIRED	source_fact_not_rewritten	https://www.wikidata.org/wiki/Q3141	promote_only_when_relevant	user_preference|active_quest|scene_relevance|character_world_role	presentation_may_vary; source_fact_and_canon_immutable	one_domain_echo_per_scene	source_to_domain_seed
RWD-ccb4a5b40de3	RWS-d0c7e274119b	Melbourne	artifact	B01_C013	EB-RW-00013	1	WOWAS_TRANSFORM_SEED_REVIEW_REQUIRED	source_fact_not_rewritten	https://www.wikidata.org/wiki/Q3141	promote_only_when_relevant	user_preference|active_quest|scene_relevance|character_world_role	presentation_may_vary; source_fact_and_canon_immutable	one_domain_echo_per_scene	source_to_domain_seed
RWD-7173d7d61daa	RWS-d0c7e274119b	Melbourne	faction	B01_C013	EB-RW-00013	1	WOWAS_TRANSFORM_SEED_REVIEW_REQUIRED	source_fact_not_rewritten	https://www.wikidata.org/wiki/Q3141	promote_only_when_relevant	user_preference|active_quest|scene_relevance|character_world_role	presentation_may_vary; source_fact_and_canon_immutable	one_domain_echo_per_scene	source_to_domain_seed
RWD-ca9567f89e56	RWS-d0c7e274119b	Melbourne	culture	B01_C013	EB-RW-00013	1	WOWAS_TRANSFORM_SEED_REVIEW_REQUIRED	source_fact_not_rewritten	https://www.wikidata.org/wiki/Q3141	promote_only_when_relevant	user_preference|active_quest|scene_relevance|character_world_role	presentation_may_vary; source_fact_and_canon_immutable	one_domain_echo_per_scene	source_to_domain_seed
RWD-a3dab08fa94d	RWS-d0c7e274119b	Melbourne	hazard	B01_C013	EB-RW-00013	1	WOWAS_TRANSFORM_SEED_REVIEW_REQUIRED	source_fact_not_rewritten	https://www.wikidata.org/wiki/Q3141	promote_only_when_relevant	user_preference|active_quest|scene_relevance|character_world_role	presentation_may_vary; source_fact_and_canon_immutable	one_domain_echo_per_scene	source_to_domain_seed
RWD-23bc678cbe8a	RWS-d0c7e274119b	Melbourne	route	B01_C013	EB-RW-00013	1	WOWAS_TRANSFORM_SEED_REVIEW_REQUIRED	source_fact_not_rewritten	https://www.wikidata.org/wiki/Q3141	promote_only_when_relevant	user_preference|active_quest|scene_relevance|character_world_role	presentation_may_vary; source_fact_and_canon_immutable	one_domain_echo_per_scene	source_to_domain_seed
RWD-31074c17f357	RWS-d0c7e274119b	Melbourne	quest	B01_C013	EB-RW-00013	1	WOWAS_TRANSFORM_SEED_REVIEW_REQUIRED	source_fact_not_rewritten	https://www.wikidata.org/wiki/Q3141	promote_only_when_relevant	user_preference|active_quest|scene_relevance|character_world_role	presentation_may_vary; source_fact_and_canon_immutable	one_domain_echo_per_scene	source_to_domain_seed
RWD-bfe3881e43bf	RWS-d0c7e274119b	Melbourne	character_world_role	B01_C013	EB-RW-00013	1	WOWAS_TRANSFORM_SEED_REVIEW_REQUIRED	source_fact_not_rewritten	https://www.wikidata.org/wiki/Q3141	promote_only_when_relevant	user_preference|active_quest|scene_relevance|character_world_role	presentation_may_vary; source_fact_and_canon_immutable	one_domain_echo_per_scene	source_to_domain_seed
RWD-30024f2ec89f	RWS-63375eff5fcc	Singapore	location	B01_C014	EB-RW-00014	1	WOWAS_TRANSFORM_SEED_REVIEW_REQUIRED	source_fact_not_rewritten	https://www.wikidata.org/wiki/Q334	promote_only_when_relevant	user_preference|active_quest|scene_relevance|character_world_role	presentation_may_vary; source_fact_and_canon_immutable	one_domain_echo_per_scene	source_to_domain_seed
RWD-7c20c60f0753	RWS-63375eff5fcc	Singapore	artifact	B01_C014	EB-RW-00014	1	WOWAS_TRANSFORM_SEED_REVIEW_REQUIRED	source_fact_not_rewritten	https://www.wikidata.org/wiki/Q334	promote_only_when_relevant	user_preference|active_quest|scene_relevance|character_world_role	presentation_may_vary; source_fact_and_canon_immutable	one_domain_echo_per_scene	source_to_domain_seed
RWD-59fb0a3c9bda	RWS-63375eff5fcc	Singapore	faction	B01_C014	EB-RW-00014	1	WOWAS_TRANSFORM_SEED_REVIEW_REQUIRED	source_fact_not_rewritten	https://www.wikidata.org/wiki/Q334	promote_only_when_relevant	user_preference|active_quest|scene_relevance|character_world_role	presentation_may_vary; source_fact_and_canon_immutable	one_domain_echo_per_scene	source_to_domain_seed
RWD-0e1f4c1aaa13	RWS-63375eff5fcc	Singapore	culture	B01_C014	EB-RW-00014	1	WOWAS_TRANSFORM_SEED_REVIEW_REQUIRED	source_fact_not_rewritten	https://www.wikidata.org/wiki/Q334	promote_only_when_relevant	user_preference|active_quest|scene_relevance|character_world_role	presentation_may_vary; source_fact_and_canon_immutable	one_domain_echo_per_scene	source_to_domain_seed
RWD-3b0ae29f9c11	RWS-63375eff5fcc	Singapore	hazard	B01_C014	EB-RW-00014	1	WOWAS_TRANSFORM_SEED_REVIEW_REQUIRED	source_fact_not_rewritten	https://www.wikidata.org/wiki/Q334	promote_only_when_relevant	user_preference|active_quest|scene_relevance|character_world_role	presentation_may_vary; source_fact_and_canon_immutable	one_domain_echo_per_scene	source_to_domain_seed
RWD-05a32789df08	RWS-63375eff5fcc	Singapore	route	B01_C014	EB-RW-00014	1	WOWAS_TRANSFORM_SEED_REVIEW_REQUIRED	source_fact_not_rewritten	https://www.wikidata.org/wiki/Q334	promote_only_when_relevant	user_preference|active_quest|scene_relevance|character_world_role	presentation_may_vary; source_fact_and_canon_immutable	one_domain_echo_per_scene	source_to_domain_seed
RWD-5a77f64eec2a	RWS-63375eff5fcc	Singapore	quest	B01_C014	EB-RW-00014	1	WOWAS_TRANSFORM_SEED_REVIEW_REQUIRED	source_fact_not_rewritten	https://www.wikidata.org/wiki/Q334	promote_only_when_relevant	user_preference|active_quest|scene_relevance|character_world_role	presentation_may_vary; source_fact_and_canon_immutable	one_domain_echo_per_scene	source_to_domain_seed
RWD-3198ce06c723	RWS-63375eff5fcc	Singapore	character_world_role	B01_C014	EB-RW-00014	1	WOWAS_TRANSFORM_SEED_REVIEW_REQUIRED	source_fact_not_rewritten	https://www.wikidata.org/wiki/Q334	promote_only_when_relevant	user_preference|active_quest|scene_relevance|character_world_role	presentation_may_vary; source_fact_and_canon_immutable	one_domain_echo_per_scene	source_to_domain_seed
RWD-505bcb16b479	RWS-8c25ea70e311	Bangkok	location	B01_C015	EB-RW-00015	1	WOWAS_TRANSFORM_SEED_REVIEW_REQUIRED	source_fact_not_rewritten	https://www.wikidata.org/wiki/Q1861	promote_only_when_relevant	user_preference|active_quest|scene_relevance|character_world_role	presentation_may_vary; source_fact_and_canon_immutable	one_domain_echo_per_scene	source_to_domain_seed
RWD-0c14a15edfe3	RWS-8c25ea70e311	Bangkok	artifact	B01_C015	EB-RW-00015	1	WOWAS_TRANSFORM_SEED_REVIEW_REQUIRED	source_fact_not_rewritten	https://www.wikidata.org/wiki/Q1861	promote_only_when_relevant	user_preference|active_quest|scene_relevance|character_world_role	presentation_may_vary; source_fact_and_canon_immutable	one_domain_echo_per_scene	source_to_domain_seed
RWD-53d1c7f36d1e	RWS-8c25ea70e311	Bangkok	faction	B01_C015	EB-RW-00015	1	WOWAS_TRANSFORM_SEED_REVIEW_REQUIRED	source_fact_not_rewritten	https://www.wikidata.org/wiki/Q1861	promote_only_when_relevant	user_preference|active_quest|scene_relevance|character_world_role	presentation_may_vary; source_fact_and_canon_immutable	one_domain_echo_per_scene	source_to_domain_seed
RWD-f839e0f15bb4	RWS-8c25ea70e311	Bangkok	culture	B01_C015	EB-RW-00015	1	WOWAS_TRANSFORM_SEED_REVIEW_REQUIRED	source_fact_not_rewritten	https://www.wikidata.org/wiki/Q1861	promote_only_when_relevant	user_preference|active_quest|scene_relevance|character_world_role	presentation_may_vary; source_fact_and_canon_immutable	one_domain_echo_per_scene	source_to_domain_seed
RWD-8bba8387d6f6	RWS-8c25ea70e311	Bangkok	hazard	B01_C015	EB-RW-00015	1	WOWAS_TRANSFORM_SEED_REVIEW_REQUIRED	source_fact_not_rewritten	https://www.wikidata.org/wiki/Q1861	promote_only_when_relevant	user_preference|active_quest|scene_relevance|character_world_role	presentation_may_vary; source_fact_and_canon_immutable	one_domain_echo_per_scene	source_to_domain_seed
RWD-91d7b3485c06	RWS-8c25ea70e311	Bangkok	route	B01_C015	EB-RW-00015	1	WOWAS_TRANSFORM_SEED_REVIEW_REQUIRED	source_fact_not_rewritten	https://www.wikidata.org/wiki/Q1861	promote_only_when_relevant	user_preference|active_quest|scene_relevance|character_world_role	presentation_may_vary; source_fact_and_canon_immutable	one_domain_echo_per_scene	source_to_domain_seed
RWD-753568901066	RWS-8c25ea70e311	Bangkok	quest	B01_C015	EB-RW-00015	1	WOWAS_TRANSFORM_SEED_REVIEW_REQUIRED	source_fact_not_rewritten	https://www.wikidata.org/wiki/Q1861	promote_only_when_relevant	user_preference|active_quest|scene_relevance|character_world_role	presentation_may_vary; source_fact_and_canon_immutable	one_domain_echo_per_scene	source_to_domain_seed
RWD-dcee91be9c32	RWS-8c25ea70e311	Bangkok	character_world_role	B01_C015	EB-RW-00015	1	WOWAS_TRANSFORM_SEED_REVIEW_REQUIRED	source_fact_not_rewritten	https://www.wikidata.org/wiki/Q1861	promote_only_when_relevant	user_preference|active_quest|scene_relevance|character_world_role	presentation_may_vary; source_fact_and_canon_immutable	one_domain_echo_per_scene	source_to_domain_seed
RWD-b5784f64ab85	RWS-6ab20b5bd386	Jakarta	location	B01_C016	EB-RW-00016	1	WOWAS_TRANSFORM_SEED_REVIEW_REQUIRED	source_fact_not_rewritten	https://www.wikidata.org/wiki/Q3630	promote_only_when_relevant	user_preference|active_quest|scene_relevance|character_world_role	presentation_may_vary; source_fact_and_canon_immutable	one_domain_echo_per_scene	source_to_domain_seed
RWD-2cc1aaf3c186	RWS-6ab20b5bd386	Jakarta	artifact	B01_C016	EB-RW-00016	1	WOWAS_TRANSFORM_SEED_REVIEW_REQUIRED	source_fact_not_rewritten	https://www.wikidata.org/wiki/Q3630	promote_only_when_relevant	user_preference|active_quest|scene_relevance|character_world_role	presentation_may_vary; source_fact_and_canon_immutable	one_domain_echo_per_scene	source_to_domain_seed
RWD-77c945298c17	RWS-6ab20b5bd386	Jakarta	faction	B01_C016	EB-RW-00016	1	WOWAS_TRANSFORM_SEED_REVIEW_REQUIRED	source_fact_not_rewritten	https://www.wikidata.org/wiki/Q3630	promote_only_when_relevant	user_preference|active_quest|scene_relevance|character_world_role	presentation_may_vary; source_fact_and_canon_immutable	one_domain_echo_per_scene	source_to_domain_seed
RWD-cb26579ee5d4	RWS-6ab20b5bd386	Jakarta	culture	B01_C016	EB-RW-00016	1	WOWAS_TRANSFORM_SEED_REVIEW_REQUIRED	source_fact_not_rewritten	https://www.wikidata.org/wiki/Q3630	promote_only_when_relevant	user_preference|active_quest|scene_relevance|character_world_role	presentation_may_vary; source_fact_and_canon_immutable	one_domain_echo_per_scene	source_to_domain_seed
RWD-a50a8edbfd49	RWS-6ab20b5bd386	Jakarta	hazard	B01_C016	EB-RW-00016	1	WOWAS_TRANSFORM_SEED_REVIEW_REQUIRED	source_fact_not_rewritten	https://www.wikidata.org/wiki/Q3630	promote_only_when_relevant	user_preference|active_quest|scene_relevance|character_world_role	presentation_may_vary; source_fact_and_canon_immutable	one_domain_echo_per_scene	source_to_domain_seed
RWD-0a876ccae5fd	RWS-6ab20b5bd386	Jakarta	route	B01_C016	EB-RW-00016	1	WOWAS_TRANSFORM_SEED_REVIEW_REQUIRED	source_fact_not_rewritten	https://www.wikidata.org/wiki/Q3630	promote_only_when_relevant	user_preference|active_quest|scene_relevance|character_world_role	presentation_may_vary; source_fact_and_canon_immutable	one_domain_echo_per_scene	source_to_domain_seed
RWD-3cf3c93aa6ab	RWS-6ab20b5bd386	Jakarta	quest	B01_C016	EB-RW-00016	1	WOWAS_TRANSFORM_SEED_REVIEW_REQUIRED	source_fact_not_rewritten	https://www.wikidata.org/wiki/Q3630	promote_only_when_relevant	user_preference|active_quest|scene_relevance|character_world_role	presentation_may_vary; source_fact_and_canon_immutable	one_domain_echo_per_scene	source_to_domain_seed
RWD-241bb0477661	RWS-6ab20b5bd386	Jakarta	character_world_role	B01_C016	EB-RW-00016	1	WOWAS_TRANSFORM_SEED_REVIEW_REQUIRED	source_fact_not_rewritten	https://www.wikidata.org/wiki/Q3630	promote_only_when_relevant	user_preference|active_quest|scene_relevance|character_world_role	presentation_may_vary; source_fact_and_canon_immutable	one_domain_echo_per_scene	source_to_domain_seed
RWD-1fa1734673d7	RWS-16d8a3032d1a	Seoul	location	B01_C017	EB-RW-00017	1	WOWAS_TRANSFORM_SEED_REVIEW_REQUIRED	source_fact_not_rewritten	https://www.wikidata.org/wiki/Q8684	promote_only_when_relevant	user_preference|active_quest|scene_relevance|character_world_role	presentation_may_vary; source_fact_and_canon_immutable	one_domain_echo_per_scene	source_to_domain_seed
RWD-6bf8eafffef9	RWS-16d8a3032d1a	Seoul	artifact	B01_C017	EB-RW-00017	1	WOWAS_TRANSFORM_SEED_REVIEW_REQUIRED	source_fact_not_rewritten	https://www.wikidata.org/wiki/Q8684	promote_only_when_relevant	user_preference|active_quest|scene_relevance|character_world_role	presentation_may_vary; source_fact_and_canon_immutable	one_domain_echo_per_scene	source_to_domain_seed
RWD-03b9fc4d8dff	RWS-16d8a3032d1a	Seoul	faction	B01_C017	EB-RW-00017	1	WOWAS_TRANSFORM_SEED_REVIEW_REQUIRED	source_fact_not_rewritten	https://www.wikidata.org/wiki/Q8684	promote_only_when_relevant	user_preference|active_quest|scene_relevance|character_world_role	presentation_may_vary; source_fact_and_canon_immutable	one_domain_echo_per_scene	source_to_domain_seed
RWD-fe8f270dc4e0	RWS-16d8a3032d1a	Seoul	culture	B01_C017	EB-RW-00017	1	WOWAS_TRANSFORM_SEED_REVIEW_REQUIRED	source_fact_not_rewritten	https://www.wikidata.org/wiki/Q8684	promote_only_when_relevant	user_preference|active_quest|scene_relevance|character_world_role	presentation_may_vary; source_fact_and_canon_immutable	one_domain_echo_per_scene	source_to_domain_seed
RWD-ce70f1297c26	RWS-16d8a3032d1a	Seoul	hazard	B01_C017	EB-RW-00017	1	WOWAS_TRANSFORM_SEED_REVIEW_REQUIRED	source_fact_not_rewritten	https://www.wikidata.org/wiki/Q8684	promote_only_when_relevant	user_preference|active_quest|scene_relevance|character_world_role	presentation_may_vary; source_fact_and_canon_immutable	one_domain_echo_per_scene	source_to_domain_seed
RWD-4e2ad99827c6	RWS-16d8a3032d1a	Seoul	route	B01_C017	EB-RW-00017	1	WOWAS_TRANSFORM_SEED_REVIEW_REQUIRED	source_fact_not_rewritten	https://www.wikidata.org/wiki/Q8684	promote_only_when_relevant	user_preference|active_quest|scene_relevance|character_world_role	presentation_may_vary; source_fact_and_canon_immutable	one_domain_echo_per_scene	source_to_domain_seed
RWD-dcc5ba988d53	RWS-16d8a3032d1a	Seoul	quest	B01_C017	EB-RW-00017	1	WOWAS_TRANSFORM_SEED_REVIEW_REQUIRED	source_fact_not_rewritten	https://www.wikidata.org/wiki/Q8684	promote_only_when_relevant	user_preference|active_quest|scene_relevance|character_world_role	presentation_may_vary; source_fact_and_canon_immutable	one_domain_echo_per_scene	source_to_domain_seed
RWD-13c64ea3e4d3	RWS-16d8a3032d1a	Seoul	character_world_role	B01_C017	EB-RW-00017	1	WOWAS_TRANSFORM_SEED_REVIEW_REQUIRED	source_fact_not_rewritten	https://www.wikidata.org/wiki/Q8684	promote_only_when_relevant	user_preference|active_quest|scene_relevance|character_world_role	presentation_may_vary; source_fact_and_canon_immutable	one_domain_echo_per_scene	source_to_domain_seed
RWD-2df2103cfd5f	RWS-4bea0700f49a	Beijing	location	B01_C018	EB-RW-00018	1	WOWAS_TRANSFORM_SEED_REVIEW_REQUIRED	source_fact_not_rewritten	https://www.wikidata.org/wiki/Q956	promote_only_when_relevant	user_preference|active_quest|scene_relevance|character_world_role	presentation_may_vary; source_fact_and_canon_immutable	one_domain_echo_per_scene	source_to_domain_seed
RWD-709e41e6b0ab	RWS-4bea0700f49a	Beijing	artifact	B01_C018	EB-RW-00018	1	WOWAS_TRANSFORM_SEED_REVIEW_REQUIRED	source_fact_not_rewritten	https://www.wikidata.org/wiki/Q956	promote_only_when_relevant	user_preference|active_quest|scene_relevance|character_world_role	presentation_may_vary; source_fact_and_canon_immutable	one_domain_echo_per_scene	source_to_domain_seed
RWD-227c06a3a9ce	RWS-4bea0700f49a	Beijing	faction	B01_C018	EB-RW-00018	1	WOWAS_TRANSFORM_SEED_REVIEW_REQUIRED	source_fact_not_rewritten	https://www.wikidata.org/wiki/Q956	promote_only_when_relevant	user_preference|active_quest|scene_relevance|character_world_role	presentation_may_vary; source_fact_and_canon_immutable	one_domain_echo_per_scene	source_to_domain_seed
RWD-a05cd8b46244	RWS-4bea0700f49a	Beijing	culture	B01_C018	EB-RW-00018	1	WOWAS_TRANSFORM_SEED_REVIEW_REQUIRED	source_fact_not_rewritten	https://www.wikidata.org/wiki/Q956	promote_only_when_relevant	user_preference|active_quest|scene_relevance|character_world_role	presentation_may_vary; source_fact_and_canon_immutable	one_domain_echo_per_scene	source_to_domain_seed
RWD-1cec19143eee	RWS-4bea0700f49a	Beijing	hazard	B01_C018	EB-RW-00018	1	WOWAS_TRANSFORM_SEED_REVIEW_REQUIRED	source_fact_not_rewritten	https://www.wikidata.org/wiki/Q956	promote_only_when_relevant	user_preference|active_quest|scene_relevance|character_world_role	presentation_may_vary; source_fact_and_canon_immutable	one_domain_echo_per_scene	source_to_domain_seed
RWD-dec20a13ca68	RWS-4bea0700f49a	Beijing	route	B01_C018	EB-RW-00018	1	WOWAS_TRANSFORM_SEED_REVIEW_REQUIRED	source_fact_not_rewritten	https://www.wikidata.org/wiki/Q956	promote_only_when_relevant	user_preference|active_quest|scene_relevance|character_world_role	presentation_may_vary; source_fact_and_canon_immutable	one_domain_echo_per_scene	source_to_domain_seed
RWD-fc7ff78fb0b1	RWS-4bea0700f49a	Beijing	quest	B01_C018	EB-RW-00018	1	WOWAS_TRANSFORM_SEED_REVIEW_REQUIRED	source_fact_not_rewritten	https://www.wikidata.org/wiki/Q956	promote_only_when_relevant	user_preference|active_quest|scene_relevance|character_world_role	presentation_may_vary; source_fact_and_canon_immutable	one_domain_echo_per_scene	source_to_domain_seed
RWD-d5cc8286c8f8	RWS-4bea0700f49a	Beijing	character_world_role	B01_C018	EB-RW-00018	1	WOWAS_TRANSFORM_SEED_REVIEW_REQUIRED	source_fact_not_rewritten	https://www.wikidata.org/wiki/Q956	promote_only_when_relevant	user_preference|active_quest|scene_relevance|character_world_role	presentation_may_vary; source_fact_and_canon_immutable	one_domain_echo_per_scene	source_to_domain_seed
RWD-487f659d54c3	RWS-d90712596b7c	Mexico City	location	B01_C019	EB-RW-00019	1	WOWAS_TRANSFORM_SEED_REVIEW_REQUIRED	source_fact_not_rewritten	https://www.wikidata.org/wiki/Q1489	promote_only_when_relevant	user_preference|active_quest|scene_relevance|character_world_role	presentation_may_vary; source_fact_and_canon_immutable	one_domain_echo_per_scene	source_to_domain_seed
RWD-ca4375cb0696	RWS-d90712596b7c	Mexico City	artifact	B01_C019	EB-RW-00019	1	WOWAS_TRANSFORM_SEED_REVIEW_REQUIRED	source_fact_not_rewritten	https://www.wikidata.org/wiki/Q1489	promote_only_when_relevant	user_preference|active_quest|scene_relevance|character_world_role	presentation_may_vary; source_fact_and_canon_immutable	one_domain_echo_per_scene	source_to_domain_seed
RWD-21432d3d7c5c	RWS-d90712596b7c	Mexico City	faction	B01_C019	EB-RW-00019	1	WOWAS_TRANSFORM_SEED_REVIEW_REQUIRED	source_fact_not_rewritten	https://www.wikidata.org/wiki/Q1489	promote_only_when_relevant	user_preference|active_quest|scene_relevance|character_world_role	presentation_may_vary; source_fact_and_canon_immutable	one_domain_echo_per_scene	source_to_domain_seed
RWD-ab10d912667b	RWS-d90712596b7c	Mexico City	culture	B01_C019	EB-RW-00019	1	WOWAS_TRANSFORM_SEED_REVIEW_REQUIRED	source_fact_not_rewritten	https://www.wikidata.org/wiki/Q1489	promote_only_when_relevant	user_preference|active_quest|scene_relevance|character_world_role	presentation_may_vary; source_fact_and_canon_immutable	one_domain_echo_per_scene	source_to_domain_seed
RWD-70397d069c37	RWS-d90712596b7c	Mexico City	hazard	B01_C019	EB-RW-00019	1	WOWAS_TRANSFORM_SEED_REVIEW_REQUIRED	source_fact_not_rewritten	https://www.wikidata.org/wiki/Q1489	promote_only_when_relevant	user_preference|active_quest|scene_relevance|character_world_role	presentation_may_vary; source_fact_and_canon_immutable	one_domain_echo_per_scene	source_to_domain_seed
RWD-dd109d0a48d8	RWS-d90712596b7c	Mexico City	route	B01_C019	EB-RW-00019	1	WOWAS_TRANSFORM_SEED_REVIEW_REQUIRED	source_fact_not_rewritten	https://www.wikidata.org/wiki/Q1489	promote_only_when_relevant	user_preference|active_quest|scene_relevance|character_world_role	presentation_may_vary; source_fact_and_canon_immutable	one_domain_echo_per_scene	source_to_domain_seed
RWD-6582fbe452ab	RWS-d90712596b7c	Mexico City	quest	B01_C019	EB-RW-00019	1	WOWAS_TRANSFORM_SEED_REVIEW_REQUIRED	source_fact_not_rewritten	https://www.wikidata.org/wiki/Q1489	promote_only_when_relevant	user_preference|active_quest|scene_relevance|character_world_role	presentation_may_vary; source_fact_and_canon_immutable	one_domain_echo_per_scene	source_to_domain_seed
RWD-e1d71db0720e	RWS-d90712596b7c	Mexico City	character_world_role	B01_C019	EB-RW-00019	1	WOWAS_TRANSFORM_SEED_REVIEW_REQUIRED	source_fact_not_rewritten	https://www.wikidata.org/wiki/Q1489	promote_only_when_relevant	user_preference|active_quest|scene_relevance|character_world_role	presentation_may_vary; source_fact_and_canon_immutable	one_domain_echo_per_scene	source_to_domain_seed
RWD-38d10428b1bc	RWS-f0e14c70e8c1	São Paulo	location	B01_C020	EB-RW-00020	1	WOWAS_TRANSFORM_SEED_REVIEW_REQUIRED	source_fact_not_rewritten	https://www.wikidata.org/wiki/Q174	promote_only_when_relevant	user_preference|active_quest|scene_relevance|character_world_role	presentation_may_vary; source_fact_and_canon_immutable	one_domain_echo_per_scene	source_to_domain_seed
RWD-a0ce28ca7509	RWS-f0e14c70e8c1	São Paulo	artifact	B01_C020	EB-RW-00020	1	WOWAS_TRANSFORM_SEED_REVIEW_REQUIRED	source_fact_not_rewritten	https://www.wikidata.org/wiki/Q174	promote_only_when_relevant	user_preference|active_quest|scene_relevance|character_world_role	presentation_may_vary; source_fact_and_canon_immutable	one_domain_echo_per_scene	source_to_domain_seed
RWD-43a81f84082b	RWS-f0e14c70e8c1	São Paulo	faction	B01_C020	EB-RW-00020	1	WOWAS_TRANSFORM_SEED_REVIEW_REQUIRED	source_fact_not_rewritten	https://www.wikidata.org/wiki/Q174	promote_only_when_relevant	user_preference|active_quest|scene_relevance|character_world_role	presentation_may_vary; source_fact_and_canon_immutable	one_domain_echo_per_scene	source_to_domain_seed
RWD-a569951ec074	RWS-f0e14c70e8c1	São Paulo	culture	B01_C020	EB-RW-00020	1	WOWAS_TRANSFORM_SEED_REVIEW_REQUIRED	source_fact_not_rewritten	https://www.wikidata.org/wiki/Q174	promote_only_when_relevant	user_preference|active_quest|scene_relevance|character_world_role	presentation_may_vary; source_fact_and_canon_immutable	one_domain_echo_per_scene	source_to_domain_seed
RWD-965a74247475	RWS-f0e14c70e8c1	São Paulo	hazard	B01_C020	EB-RW-00020	1	WOWAS_TRANSFORM_SEED_REVIEW_REQUIRED	source_fact_not_rewritten	https://www.wikidata.org/wiki/Q174	promote_only_when_relevant	user_preference|active_quest|scene_relevance|character_world_role	presentation_may_vary; source_fact_and_canon_immutable	one_domain_echo_per_scene	source_to_domain_seed
RWD-8a8618022adf	RWS-f0e14c70e8c1	São Paulo	route	B01_C020	EB-RW-00020	1	WOWAS_TRANSFORM_SEED_REVIEW_REQUIRED	source_fact_not_rewritten	https://www.wikidata.org/wiki/Q174	promote_only_when_relevant	user_preference|active_quest|scene_relevance|character_world_role	presentation_may_vary; source_fact_and_canon_immutable	one_domain_echo_per_scene	source_to_domain_seed
RWD-068c7cf3ed6d	RWS-f0e14c70e8c1	São Paulo	quest	B01_C020	EB-RW-00020	1	WOWAS_TRANSFORM_SEED_REVIEW_REQUIRED	source_fact_not_rewritten	https://www.wikidata.org/wiki/Q174	promote_only_when_relevant	user_preference|active_quest|scene_relevance|character_world_role	presentation_may_vary; source_fact_and_canon_immutable	one_domain_echo_per_scene	source_to_domain_seed
RWD-54a7bec4ab43	RWS-f0e14c70e8c1	São Paulo	character_world_role	B01_C020	EB-RW-00020	1	WOWAS_TRANSFORM_SEED_REVIEW_REQUIRED	source_fact_not_rewritten	https://www.wikidata.org/wiki/Q174	promote_only_when_relevant	user_preference|active_quest|scene_relevance|character_world_role	presentation_may_vary; source_fact_and_canon_immutable	one_domain_echo_per_scene	source_to_domain_seed
RWD-5c2f96931140	RWS-86b0a21efd87	Toronto	location	B01_C021	EB-RW-00021	1	WOWAS_TRANSFORM_SEED_REVIEW_REQUIRED	source_fact_not_rewritten	https://www.wikidata.org/wiki/Q172	promote_only_when_relevant	user_preference|active_quest|scene_relevance|character_world_role	presentation_may_vary; source_fact_and_canon_immutable	one_domain_echo_per_scene	source_to_domain_seed
RWD-ca10452f0bea	RWS-86b0a21efd87	Toronto	artifact	B01_C021	EB-RW-00021	1	WOWAS_TRANSFORM_SEED_REVIEW_REQUIRED	source_fact_not_rewritten	https://www.wikidata.org/wiki/Q172	promote_only_when_relevant	user_preference|active_quest|scene_relevance|character_world_role	presentation_may_vary; source_fact_and_canon_immutable	one_domain_echo_per_scene	source_to_domain_seed
RWD-131a04e91376	RWS-86b0a21efd87	Toronto	faction	B01_C021	EB-RW-00021	1	WOWAS_TRANSFORM_SEED_REVIEW_REQUIRED	source_fact_not_rewritten	https://www.wikidata.org/wiki/Q172	promote_only_when_relevant	user_preference|active_quest|scene_relevance|character_world_role	presentation_may_vary; source_fact_and_canon_immutable	one_domain_echo_per_scene	source_to_domain_seed
RWD-ad70c0073cc3	RWS-86b0a21efd87	Toronto	culture	B01_C021	EB-RW-00021	1	WOWAS_TRANSFORM_SEED_REVIEW_REQUIRED	source_fact_not_rewritten	https://www.wikidata.org/wiki/Q172	promote_only_when_relevant	user_preference|active_quest|scene_relevance|character_world_role	presentation_may_vary; source_fact_and_canon_immutable	one_domain_echo_per_scene	source_to_domain_seed
RWD-bae7494e59a5	RWS-86b0a21efd87	Toronto	hazard	B01_C021	EB-RW-00021	1	WOWAS_TRANSFORM_SEED_REVIEW_REQUIRED	source_fact_not_rewritten	https://www.wikidata.org/wiki/Q172	promote_only_when_relevant	user_preference|active_quest|scene_relevance|character_world_role	presentation_may_vary; source_fact_and_canon_immutable	one_domain_echo_per_scene	source_to_domain_seed
RWD-4d84efaf374e	RWS-86b0a21efd87	Toronto	route	B01_C021	EB-RW-00021	1	WOWAS_TRANSFORM_SEED_REVIEW_REQUIRED	source_fact_not_rewritten	https://www.wikidata.org/wiki/Q172	promote_only_when_relevant	user_preference|active_quest|scene_relevance|character_world_role	presentation_may_vary; source_fact_and_canon_immutable	one_domain_echo_per_scene	source_to_domain_seed
RWD-e27b9ca07a1a	RWS-86b0a21efd87	Toronto	quest	B01_C021	EB-RW-00021	1	WOWAS_TRANSFORM_SEED_REVIEW_REQUIRED	source_fact_not_rewritten	https://www.wikidata.org/wiki/Q172	promote_only_when_relevant	user_preference|active_quest|scene_relevance|character_world_role	presentation_may_vary; source_fact_and_canon_immutable	one_domain_echo_per_scene	source_to_domain_seed
RWD-aedbc13ca64c	RWS-86b0a21efd87	Toronto	character_world_role	B01_C021	EB-RW-00021	1	WOWAS_TRANSFORM_SEED_REVIEW_REQUIRED	source_fact_not_rewritten	https://www.wikidata.org/wiki/Q172	promote_only_when_relevant	user_preference|active_quest|scene_relevance|character_world_role	presentation_may_vary; source_fact_and_canon_immutable	one_domain_echo_per_scene	source_to_domain_seed
RWD-bb3da477ddca	RWS-ccd49923d9b4	New Delhi	location	B01_C022	EB-RW-00022	1	WOWAS_TRANSFORM_SEED_REVIEW_REQUIRED	source_fact_not_rewritten	https://www.wikidata.org/wiki/Q987	promote_only_when_relevant	user_preference|active_quest|scene_relevance|character_world_role	presentation_may_vary; source_fact_and_canon_immutable	one_domain_echo_per_scene	source_to_domain_seed
RWD-2e8275fc2fcb	RWS-ccd49923d9b4	New Delhi	artifact	B01_C022	EB-RW-00022	1	WOWAS_TRANSFORM_SEED_REVIEW_REQUIRED	source_fact_not_rewritten	https://www.wikidata.org/wiki/Q987	promote_only_when_relevant	user_preference|active_quest|scene_relevance|character_world_role	presentation_may_vary; source_fact_and_canon_immutable	one_domain_echo_per_scene	source_to_domain_seed
RWD-72f2ac771c8b	RWS-ccd49923d9b4	New Delhi	faction	B01_C022	EB-RW-00022	1	WOWAS_TRANSFORM_SEED_REVIEW_REQUIRED	source_fact_not_rewritten	https://www.wikidata.org/wiki/Q987	promote_only_when_relevant	user_preference|active_quest|scene_relevance|character_world_role	presentation_may_vary; source_fact_and_canon_immutable	one_domain_echo_per_scene	source_to_domain_seed
RWD-1b7666bfe3a4	RWS-ccd49923d9b4	New Delhi	culture	B01_C022	EB-RW-00022	1	WOWAS_TRANSFORM_SEED_REVIEW_REQUIRED	source_fact_not_rewritten	https://www.wikidata.org/wiki/Q987	promote_only_when_relevant	user_preference|active_quest|scene_relevance|character_world_role	presentation_may_vary; source_fact_and_canon_immutable	one_domain_echo_per_scene	source_to_domain_seed
RWD-0aedcd640f61	RWS-ccd49923d9b4	New Delhi	hazard	B01_C022	EB-RW-00022	1	WOWAS_TRANSFORM_SEED_REVIEW_REQUIRED	source_fact_not_rewritten	https://www.wikidata.org/wiki/Q987	promote_only_when_relevant	user_preference|active_quest|scene_relevance|character_world_role	presentation_may_vary; source_fact_and_canon_immutable	one_domain_echo_per_scene	source_to_domain_seed
RWD-786d72122258	RWS-ccd49923d9b4	New Delhi	route	B01_C022	EB-RW-00022	1	WOWAS_TRANSFORM_SEED_REVIEW_REQUIRED	source_fact_not_rewritten	https://www.wikidata.org/wiki/Q987	promote_only_when_relevant	user_preference|active_quest|scene_relevance|character_world_role	presentation_may_vary; source_fact_and_canon_immutable	one_domain_echo_per_scene	source_to_domain_seed
RWD-da571deb568e	RWS-ccd49923d9b4	New Delhi	quest	B01_C022	EB-RW-00022	1	WOWAS_TRANSFORM_SEED_REVIEW_REQUIRED	source_fact_not_rewritten	https://www.wikidata.org/wiki/Q987	promote_only_when_relevant	user_preference|active_quest|scene_relevance|character_world_role	presentation_may_vary; source_fact_and_canon_immutable	one_domain_echo_per_scene	source_to_domain_seed
RWD-a525bad26d66	RWS-ccd49923d9b4	New Delhi	character_world_role	B01_C022	EB-RW-00022	1	WOWAS_TRANSFORM_SEED_REVIEW_REQUIRED	source_fact_not_rewritten	https://www.wikidata.org/wiki/Q987	promote_only_when_relevant	user_preference|active_quest|scene_relevance|character_world_role	presentation_may_vary; source_fact_and_canon_immutable	one_domain_echo_per_scene	source_to_domain_seed
RWD-327f1f39a99f	RWS-6101ccd47bb8	Istanbul	location	B01_C023	EB-RW-00023	1	WOWAS_TRANSFORM_SEED_REVIEW_REQUIRED	source_fact_not_rewritten	https://www.wikidata.org/wiki/Q406	promote_only_when_relevant	user_preference|active_quest|scene_relevance|character_world_role	presentation_may_vary; source_fact_and_canon_immutable	one_domain_echo_per_scene	source_to_domain_seed
RWD-ea29c5cad205	RWS-6101ccd47bb8	Istanbul	artifact	B01_C023	EB-RW-00023	1	WOWAS_TRANSFORM_SEED_REVIEW_REQUIRED	source_fact_not_rewritten	https://www.wikidata.org/wiki/Q406	promote_only_when_relevant	user_preference|active_quest|scene_relevance|character_world_role	presentation_may_vary; source_fact_and_canon_immutable	one_domain_echo_per_scene	source_to_domain_seed
RWD-8d57867d6997	RWS-6101ccd47bb8	Istanbul	faction	B01_C023	EB-RW-00023	1	WOWAS_TRANSFORM_SEED_REVIEW_REQUIRED	source_fact_not_rewritten	https://www.wikidata.org/wiki/Q406	promote_only_when_relevant	user_preference|active_quest|scene_relevance|character_world_role	presentation_may_vary; source_fact_and_canon_immutable	one_domain_echo_per_scene	source_to_domain_seed
RWD-19de71aa1eef	RWS-6101ccd47bb8	Istanbul	culture	B01_C023	EB-RW-00023	1	WOWAS_TRANSFORM_SEED_REVIEW_REQUIRED	source_fact_not_rewritten	https://www.wikidata.org/wiki/Q406	promote_only_when_relevant	user_preference|active_quest|scene_relevance|character_world_role	presentation_may_vary; source_fact_and_canon_immutable	one_domain_echo_per_scene	source_to_domain_seed
RWD-288214d4d3a8	RWS-6101ccd47bb8	Istanbul	hazard	B01_C023	EB-RW-00023	1	WOWAS_TRANSFORM_SEED_REVIEW_REQUIRED	source_fact_not_rewritten	https://www.wikidata.org/wiki/Q406	promote_only_when_relevant	user_preference|active_quest|scene_relevance|character_world_role	presentation_may_vary; source_fact_and_canon_immutable	one_domain_echo_per_scene	source_to_domain_seed
RWD-8b820888f929	RWS-6101ccd47bb8	Istanbul	route	B01_C023	EB-RW-00023	1	WOWAS_TRANSFORM_SEED_REVIEW_REQUIRED	source_fact_not_rewritten	https://www.wikidata.org/wiki/Q406	promote_only_when_relevant	user_preference|active_quest|scene_relevance|character_world_role	presentation_may_vary; source_fact_and_canon_immutable	one_domain_echo_per_scene	source_to_domain_seed
RWD-18695f68b106	RWS-6101ccd47bb8	Istanbul	quest	B01_C023	EB-RW-00023	1	WOWAS_TRANSFORM_SEED_REVIEW_REQUIRED	source_fact_not_rewritten	https://www.wikidata.org/wiki/Q406	promote_only_when_relevant	user_preference|active_quest|scene_relevance|character_world_role	presentation_may_vary; source_fact_and_canon_immutable	one_domain_echo_per_scene	source_to_domain_seed
RWD-003d5dc04bf4	RWS-6101ccd47bb8	Istanbul	character_world_role	B01_C023	EB-RW-00023	1	WOWAS_TRANSFORM_SEED_REVIEW_REQUIRED	source_fact_not_rewritten	https://www.wikidata.org/wiki/Q406	promote_only_when_relevant	user_preference|active_quest|scene_relevance|character_world_role	presentation_may_vary; source_fact_and_canon_immutable	one_domain_echo_per_scene	source_to_domain_seed
RWD-f152c822d5fc	RWS-33a583f20aa5	Rome	location	B01_C024	EB-RW-00024	1	WOWAS_TRANSFORM_SEED_REVIEW_REQUIRED	source_fact_not_rewritten	https://www.wikidata.org/wiki/Q220	promote_only_when_relevant	user_preference|active_quest|scene_relevance|character_world_role	presentation_may_vary; source_fact_and_canon_immutable	one_domain_echo_per_scene	source_to_domain_seed
RWD-b60a304c5f7d	RWS-33a583f20aa5	Rome	artifact	B01_C024	EB-RW-00024	1	WOWAS_TRANSFORM_SEED_REVIEW_REQUIRED	source_fact_not_rewritten	https://www.wikidata.org/wiki/Q220	promote_only_when_relevant	user_preference|active_quest|scene_relevance|character_world_role	presentation_may_vary; source_fact_and_canon_immutable	one_domain_echo_per_scene	source_to_domain_seed
RWD-8f7cd305faf4	RWS-33a583f20aa5	Rome	faction	B01_C024	EB-RW-00024	1	WOWAS_TRANSFORM_SEED_REVIEW_REQUIRED	source_fact_not_rewritten	https://www.wikidata.org/wiki/Q220	promote_only_when_relevant	user_preference|active_quest|scene_relevance|character_world_role	presentation_may_vary; source_fact_and_canon_immutable	one_domain_echo_per_scene	source_to_domain_seed
RWD-2c0e822755f3	RWS-33a583f20aa5	Rome	culture	B01_C024	EB-RW-00024	1	WOWAS_TRANSFORM_SEED_REVIEW_REQUIRED	source_fact_not_rewritten	https://www.wikidata.org/wiki/Q220	promote_only_when_relevant	user_preference|active_quest|scene_relevance|character_world_role	presentation_may_vary; source_fact_and_canon_immutable	one_domain_echo_per_scene	source_to_domain_seed
RWD-9a7cbad647d8	RWS-33a583f20aa5	Rome	hazard	B01_C024	EB-RW-00024	1	WOWAS_TRANSFORM_SEED_REVIEW_REQUIRED	source_fact_not_rewritten	https://www.wikidata.org/wiki/Q220	promote_only_when_relevant	user_preference|active_quest|scene_relevance|character_world_role	presentation_may_vary; source_fact_and_canon_immutable	one_domain_echo_per_scene	source_to_domain_seed
RWD-7c414b623135	RWS-33a583f20aa5	Rome	route	B01_C024	EB-RW-00024	1	WOWAS_TRANSFORM_SEED_REVIEW_REQUIRED	source_fact_not_rewritten	https://www.wikidata.org/wiki/Q220	promote_only_when_relevant	user_preference|active_quest|scene_relevance|character_world_role	presentation_may_vary; source_fact_and_canon_immutable	one_domain_echo_per_scene	source_to_domain_seed
RWD-7a306fb99d76	RWS-33a583f20aa5	Rome	quest	B01_C024	EB-RW-00024	1	WOWAS_TRANSFORM_SEED_REVIEW_REQUIRED	source_fact_not_rewritten	https://www.wikidata.org/wiki/Q220	promote_only_when_relevant	user_preference|active_quest|scene_relevance|character_world_role	presentation_may_vary; source_fact_and_canon_immutable	one_domain_echo_per_scene	source_to_domain_seed
RWD-178ffe94fa66	RWS-33a583f20aa5	Rome	character_world_role	B01_C024	EB-RW-00024	1	WOWAS_TRANSFORM_SEED_REVIEW_REQUIRED	source_fact_not_rewritten	https://www.wikidata.org/wiki/Q220	promote_only_when_relevant	user_preference|active_quest|scene_relevance|character_world_role	presentation_may_vary; source_fact_and_canon_immutable	one_domain_echo_per_scene	source_to_domain_seed
RWD-86ca1ce39687	RWS-46eea12e7e88	Berlin	location	B01_C025	EB-RW-00025	1	WOWAS_TRANSFORM_SEED_REVIEW_REQUIRED	source_fact_not_rewritten	https://www.wikidata.org/wiki/Q64	promote_only_when_relevant	user_preference|active_quest|scene_relevance|character_world_role	presentation_may_vary; source_fact_and_canon_immutable	one_domain_echo_per_scene	source_to_domain_seed
RWD-2f5bf907ef71	RWS-46eea12e7e88	Berlin	artifact	B01_C025	EB-RW-00025	1	WOWAS_TRANSFORM_SEED_REVIEW_REQUIRED	source_fact_not_rewritten	https://www.wikidata.org/wiki/Q64	promote_only_when_relevant	user_preference|active_quest|scene_relevance|character_world_role	presentation_may_vary; source_fact_and_canon_immutable	one_domain_echo_per_scene	source_to_domain_seed
RWD-60e719754a75	RWS-46eea12e7e88	Berlin	faction	B01_C025	EB-RW-00025	1	WOWAS_TRANSFORM_SEED_REVIEW_REQUIRED	source_fact_not_rewritten	https://www.wikidata.org/wiki/Q64	promote_only_when_relevant	user_preference|active_quest|scene_relevance|character_world_role	presentation_may_vary; source_fact_and_canon_immutable	one_domain_echo_per_scene	source_to_domain_seed
RWD-958e0e1cd0cc	RWS-46eea12e7e88	Berlin	culture	B01_C025	EB-RW-00025	1	WOWAS_TRANSFORM_SEED_REVIEW_REQUIRED	source_fact_not_rewritten	https://www.wikidata.org/wiki/Q64	promote_only_when_relevant	user_preference|active_quest|scene_relevance|character_world_role	presentation_may_vary; source_fact_and_canon_immutable	one_domain_echo_per_scene	source_to_domain_seed
RWD-1c4057998fcc	RWS-46eea12e7e88	Berlin	hazard	B01_C025	EB-RW-00025	1	WOWAS_TRANSFORM_SEED_REVIEW_REQUIRED	source_fact_not_rewritten	https://www.wikidata.org/wiki/Q64	promote_only_when_relevant	user_preference|active_quest|scene_relevance|character_world_role	presentation_may_vary; source_fact_and_canon_immutable	one_domain_echo_per_scene	source_to_domain_seed
RWD-fa2aa189b8c3	RWS-46eea12e7e88	Berlin	route	B01_C025	EB-RW-00025	1	WOWAS_TRANSFORM_SEED_REVIEW_REQUIRED	source_fact_not_rewritten	https://www.wikidata.org/wiki/Q64	promote_only_when_relevant	user_preference|active_quest|scene_relevance|character_world_role	presentation_may_vary; source_fact_and_canon_immutable	one_domain_echo_per_scene	source_to_domain_seed
RWD-0700f884a41b	RWS-46eea12e7e88	Berlin	quest	B01_C025	EB-RW-00025	1	WOWAS_TRANSFORM_SEED_REVIEW_REQUIRED	source_fact_not_rewritten	https://www.wikidata.org/wiki/Q64	promote_only_when_relevant	user_preference|active_quest|scene_relevance|character_world_role	presentation_may_vary; source_fact_and_canon_immutable	one_domain_echo_per_scene	source_to_domain_seed
RWD-87a06f83cc3a	RWS-46eea12e7e88	Berlin	character_world_role	B01_C025	EB-RW-00025	1	WOWAS_TRANSFORM_SEED_REVIEW_REQUIRED	source_fact_not_rewritten	https://www.wikidata.org/wiki/Q64	promote_only_when_relevant	user_preference|active_quest|scene_relevance|character_world_role	presentation_may_vary; source_fact_and_canon_immutable	one_domain_echo_per_scene	source_to_domain_seed
RWD-eb39e118575d	RWS-d8e88c01ec00	Madrid	location	B01_C026	EB-RW-00026	1	WOWAS_TRANSFORM_SEED_REVIEW_REQUIRED	source_fact_not_rewritten	https://www.wikidata.org/wiki/Q280	promote_only_when_relevant	user_preference|active_quest|scene_relevance|character_world_role	presentation_may_vary; source_fact_and_canon_immutable	one_domain_echo_per_scene	source_to_domain_seed
RWD-9093294432bb	RWS-d8e88c01ec00	Madrid	artifact	B01_C026	EB-RW-00026	1	WOWAS_TRANSFORM_SEED_REVIEW_REQUIRED	source_fact_not_rewritten	https://www.wikidata.org/wiki/Q280	promote_only_when_relevant	user_preference|active_quest|scene_relevance|character_world_role	presentation_may_vary; source_fact_and_canon_immutable	one_domain_echo_per_scene	source_to_domain_seed
RWD-ae469bd02a6d	RWS-d8e88c01ec00	Madrid	faction	B01_C026	EB-RW-00026	1	WOWAS_TRANSFORM_SEED_REVIEW_REQUIRED	source_fact_not_rewritten	https://www.wikidata.org/wiki/Q280	promote_only_when_relevant	user_preference|active_quest|scene_relevance|character_world_role	presentation_may_vary; source_fact_and_canon_immutable	one_domain_echo_per_scene	source_to_domain_seed
RWD-27d6ae4c7b6c	RWS-d8e88c01ec00	Madrid	culture	B01_C026	EB-RW-00026	1	WOWAS_TRANSFORM_SEED_REVIEW_REQUIRED	source_fact_not_rewritten	https://www.wikidata.org/wiki/Q280	promote_only_when_relevant	user_preference|active_quest|scene_relevance|character_world_role	presentation_may_vary; source_fact_and_canon_immutable	one_domain_echo_per_scene	source_to_domain_seed
RWD-2b73ea898af6	RWS-d8e88c01ec00	Madrid	hazard	B01_C026	EB-RW-00026	1	WOWAS_TRANSFORM_SEED_REVIEW_REQUIRED	source_fact_not_rewritten	https://www.wikidata.org/wiki/Q280	promote_only_when_relevant	user_preference|active_quest|scene_relevance|character_world_role	presentation_may_vary; source_fact_and_canon_immutable	one_domain_echo_per_scene	source_to_domain_seed
RWD-e438d337ff25	RWS-d8e88c01ec00	Madrid	route	B01_C026	EB-RW-00026	1	WOWAS_TRANSFORM_SEED_REVIEW_REQUIRED	source_fact_not_rewritten	https://www.wikidata.org/wiki/Q280	promote_only_when_relevant	user_preference|active_quest|scene_relevance|character_world_role	presentation_may_vary; source_fact_and_canon_immutable	one_domain_echo_per_scene	source_to_domain_seed
RWD-cb83a2847fc9	RWS-d8e88c01ec00	Madrid	quest	B01_C026	EB-RW-00026	1	WOWAS_TRANSFORM_SEED_REVIEW_REQUIRED	source_fact_not_rewritten	https://www.wikidata.org/wiki/Q280	promote_only_when_relevant	user_preference|active_quest|scene_relevance|character_world_role	presentation_may_vary; source_fact_and_canon_immutable	one_domain_echo_per_scene	source_to_domain_seed
RWD-ebae142ed12f	RWS-d8e88c01ec00	Madrid	character_world_role	B01_C026	EB-RW-00026	1	WOWAS_TRANSFORM_SEED_REVIEW_REQUIRED	source_fact_not_rewritten	https://www.wikidata.org/wiki/Q280	promote_only_when_relevant	user_preference|active_quest|scene_relevance|character_world_role	presentation_may_vary; source_fact_and_canon_immutable	one_domain_echo_per_scene	source_to_domain_seed
RWD-0aa8812d2999	RWS-05d6adfacee7	Moscow	location	B01_C027	EB-RW-00027	1	WOWAS_TRANSFORM_SEED_REVIEW_REQUIRED	source_fact_not_rewritten	https://www.wikidata.org/wiki/Q649	promote_only_when_relevant	user_preference|active_quest|scene_relevance|character_world_role	presentation_may_vary; source_fact_and_canon_immutable	one_domain_echo_per_scene	source_to_domain_seed
RWD-0dc35bc19b8a	RWS-05d6adfacee7	Moscow	artifact	B01_C027	EB-RW-00027	1	WOWAS_TRANSFORM_SEED_REVIEW_REQUIRED	source_fact_not_rewritten	https://www.wikidata.org/wiki/Q649	promote_only_when_relevant	user_preference|active_quest|scene_relevance|character_world_role	presentation_may_vary; source_fact_and_canon_immutable	one_domain_echo_per_scene	source_to_domain_seed
RWD-64d008384338	RWS-05d6adfacee7	Moscow	faction	B01_C027	EB-RW-00027	1	WOWAS_TRANSFORM_SEED_REVIEW_REQUIRED	source_fact_not_rewritten	https://www.wikidata.org/wiki/Q649	promote_only_when_relevant	user_preference|active_quest|scene_relevance|character_world_role	presentation_may_vary; source_fact_and_canon_immutable	one_domain_echo_per_scene	source_to_domain_seed
RWD-5055feaeb8ef	RWS-05d6adfacee7	Moscow	culture	B01_C027	EB-RW-00027	1	WOWAS_TRANSFORM_SEED_REVIEW_REQUIRED	source_fact_not_rewritten	https://www.wikidata.org/wiki/Q649	promote_only_when_relevant	user_preference|active_quest|scene_relevance|character_world_role	presentation_may_vary; source_fact_and_canon_immutable	one_domain_echo_per_scene	source_to_domain_seed
RWD-73843c5b58e7	RWS-05d6adfacee7	Moscow	hazard	B01_C027	EB-RW-00027	1	WOWAS_TRANSFORM_SEED_REVIEW_REQUIRED	source_fact_not_rewritten	https://www.wikidata.org/wiki/Q649	promote_only_when_relevant	user_preference|active_quest|scene_relevance|character_world_role	presentation_may_vary; source_fact_and_canon_immutable	one_domain_echo_per_scene	source_to_domain_seed
RWD-c7da68041ffc	RWS-05d6adfacee7	Moscow	route	B01_C027	EB-RW-00027	1	WOWAS_TRANSFORM_SEED_REVIEW_REQUIRED	source_fact_not_rewritten	https://www.wikidata.org/wiki/Q649	promote_only_when_relevant	user_preference|active_quest|scene_relevance|character_world_role	presentation_may_vary; source_fact_and_canon_immutable	one_domain_echo_per_scene	source_to_domain_seed
RWD-c0063dd02746	RWS-05d6adfacee7	Moscow	quest	B01_C027	EB-RW-00027	1	WOWAS_TRANSFORM_SEED_REVIEW_REQUIRED	source_fact_not_rewritten	https://www.wikidata.org/wiki/Q649	promote_only_when_relevant	user_preference|active_quest|scene_relevance|character_world_role	presentation_may_vary; source_fact_and_canon_immutable	one_domain_echo_per_scene	source_to_domain_seed
RWD-03278923e77a	RWS-05d6adfacee7	Moscow	character_world_role	B01_C027	EB-RW-00027	1	WOWAS_TRANSFORM_SEED_REVIEW_REQUIRED	source_fact_not_rewritten	https://www.wikidata.org/wiki/Q649	promote_only_when_relevant	user_preference|active_quest|scene_relevance|character_world_role	presentation_may_vary; source_fact_and_canon_immutable	one_domain_echo_per_scene	source_to_domain_seed
RWD-7696ccdfba34	RWS-ec7c27ccda23	Dubai	location	B01_C028	EB-RW-00028	1	WOWAS_TRANSFORM_SEED_REVIEW_REQUIRED	source_fact_not_rewritten	https://www.wikidata.org/wiki/Q612	promote_only_when_relevant	user_preference|active_quest|scene_relevance|character_world_role	presentation_may_vary; source_fact_and_canon_immutable	one_domain_echo_per_scene	source_to_domain_seed
RWD-ca235f1a361a	RWS-ec7c27ccda23	Dubai	artifact	B01_C028	EB-RW-00028	1	WOWAS_TRANSFORM_SEED_REVIEW_REQUIRED	source_fact_not_rewritten	https://www.wikidata.org/wiki/Q612	promote_only_when_relevant	user_preference|active_quest|scene_relevance|character_world_role	presentation_may_vary; source_fact_and_canon_immutable	one_domain_echo_per_scene	source_to_domain_seed
RWD-2b12f8c47457	RWS-ec7c27ccda23	Dubai	faction	B01_C028	EB-RW-00028	1	WOWAS_TRANSFORM_SEED_REVIEW_REQUIRED	source_fact_not_rewritten	https://www.wikidata.org/wiki/Q612	promote_only_when_relevant	user_preference|active_quest|scene_relevance|character_world_role	presentation_may_vary; source_fact_and_canon_immutable	one_domain_echo_per_scene	source_to_domain_seed
RWD-c1b03881ae44	RWS-ec7c27ccda23	Dubai	culture	B01_C028	EB-RW-00028	1	WOWAS_TRANSFORM_SEED_REVIEW_REQUIRED	source_fact_not_rewritten	https://www.wikidata.org/wiki/Q612	promote_only_when_relevant	user_preference|active_quest|scene_relevance|character_world_role	presentation_may_vary; source_fact_and_canon_immutable	one_domain_echo_per_scene	source_to_domain_seed
RWD-4fd69ac3d4a4	RWS-ec7c27ccda23	Dubai	hazard	B01_C028	EB-RW-00028	1	WOWAS_TRANSFORM_SEED_REVIEW_REQUIRED	source_fact_not_rewritten	https://www.wikidata.org/wiki/Q612	promote_only_when_relevant	user_preference|active_quest|scene_relevance|character_world_role	presentation_may_vary; source_fact_and_canon_immutable	one_domain_echo_per_scene	source_to_domain_seed
RWD-50e66e816ae6	RWS-ec7c27ccda23	Dubai	route	B01_C028	EB-RW-00028	1	WOWAS_TRANSFORM_SEED_REVIEW_REQUIRED	source_fact_not_rewritten	https://www.wikidata.org/wiki/Q612	promote_only_when_relevant	user_preference|active_quest|scene_relevance|character_world_role	presentation_may_vary; source_fact_and_canon_immutable	one_domain_echo_per_scene	source_to_domain_seed
RWD-b98fd110deae	RWS-ec7c27ccda23	Dubai	quest	B01_C028	EB-RW-00028	1	WOWAS_TRANSFORM_SEED_REVIEW_REQUIRED	source_fact_not_rewritten	https://www.wikidata.org/wiki/Q612	promote_only_when_relevant	user_preference|active_quest|scene_relevance|character_world_role	presentation_may_vary; source_fact_and_canon_immutable	one_domain_echo_per_scene	source_to_domain_seed
RWD-ac040a3e648c	RWS-ec7c27ccda23	Dubai	character_world_role	B01_C028	EB-RW-00028	1	WOWAS_TRANSFORM_SEED_REVIEW_REQUIRED	source_fact_not_rewritten	https://www.wikidata.org/wiki/Q612	promote_only_when_relevant	user_preference|active_quest|scene_relevance|character_world_role	presentation_may_vary; source_fact_and_canon_immutable	one_domain_echo_per_scene	source_to_domain_seed
RWD-4c0383cc2b52	RWS-946164ffe75c	Lima	location	B01_C029	EB-RW-00029	1	WOWAS_TRANSFORM_SEED_REVIEW_REQUIRED	source_fact_not_rewritten	https://www.wikidata.org/wiki/Q2868	promote_only_when_relevant	user_preference|active_quest|scene_relevance|character_world_role	presentation_may_vary; source_fact_and_canon_immutable	one_domain_echo_per_scene	source_to_domain_seed
RWD-2aed6cbe3179	RWS-946164ffe75c	Lima	artifact	B01_C029	EB-RW-00029	1	WOWAS_TRANSFORM_SEED_REVIEW_REQUIRED	source_fact_not_rewritten	https://www.wikidata.org/wiki/Q2868	promote_only_when_relevant	user_preference|active_quest|scene_relevance|character_world_role	presentation_may_vary; source_fact_and_canon_immutable	one_domain_echo_per_scene	source_to_domain_seed
RWD-b5ef87ecc2ad	RWS-946164ffe75c	Lima	faction	B01_C029	EB-RW-00029	1	WOWAS_TRANSFORM_SEED_REVIEW_REQUIRED	source_fact_not_rewritten	https://www.wikidata.org/wiki/Q2868	promote_only_when_relevant	user_preference|active_quest|scene_relevance|character_world_role	presentation_may_vary; source_fact_and_canon_immutable	one_domain_echo_per_scene	source_to_domain_seed
RWD-6f8524f5f47a	RWS-946164ffe75c	Lima	culture	B01_C029	EB-RW-00029	1	WOWAS_TRANSFORM_SEED_REVIEW_REQUIRED	source_fact_not_rewritten	https://www.wikidata.org/wiki/Q2868	promote_only_when_relevant	user_preference|active_quest|scene_relevance|character_world_role	presentation_may_vary; source_fact_and_canon_immutable	one_domain_echo_per_scene	source_to_domain_seed
RWD-48028cc32e61	RWS-946164ffe75c	Lima	hazard	B01_C029	EB-RW-00029	1	WOWAS_TRANSFORM_SEED_REVIEW_REQUIRED	source_fact_not_rewritten	https://www.wikidata.org/wiki/Q2868	promote_only_when_relevant	user_preference|active_quest|scene_relevance|character_world_role	presentation_may_vary; source_fact_and_canon_immutable	one_domain_echo_per_scene	source_to_domain_seed
RWD-e3165d9c88cc	RWS-946164ffe75c	Lima	route	B01_C029	EB-RW-00029	1	WOWAS_TRANSFORM_SEED_REVIEW_REQUIRED	source_fact_not_rewritten	https://www.wikidata.org/wiki/Q2868	promote_only_when_relevant	user_preference|active_quest|scene_relevance|character_world_role	presentation_may_vary; source_fact_and_canon_immutable	one_domain_echo_per_scene	source_to_domain_seed
RWD-5aeec525e9c5	RWS-946164ffe75c	Lima	quest	B01_C029	EB-RW-00029	1	WOWAS_TRANSFORM_SEED_REVIEW_REQUIRED	source_fact_not_rewritten	https://www.wikidata.org/wiki/Q2868	promote_only_when_relevant	user_preference|active_quest|scene_relevance|character_world_role	presentation_may_vary; source_fact_and_canon_immutable	one_domain_echo_per_scene	source_to_domain_seed
RWD-68c9b9ff69ae	RWS-946164ffe75c	Lima	character_world_role	B01_C029	EB-RW-00029	1	WOWAS_TRANSFORM_SEED_REVIEW_REQUIRED	source_fact_not_rewritten	https://www.wikidata.org/wiki/Q2868	promote_only_when_relevant	user_preference|active_quest|scene_relevance|character_world_role	presentation_may_vary; source_fact_and_canon_immutable	one_domain_echo_per_scene	source_to_domain_seed
RWD-e43235c62303	RWS-feb128274578	Bogotá	location	B01_C030	EB-RW-00030	1	WOWAS_TRANSFORM_SEED_REVIEW_REQUIRED	source_fact_not_rewritten	https://www.wikidata.org/wiki/Q2841	promote_only_when_relevant	user_preference|active_quest|scene_relevance|character_world_role	presentation_may_vary; source_fact_and_canon_immutable	one_domain_echo_per_scene	source_to_domain_seed
RWD-c3638f259c8a	RWS-feb128274578	Bogotá	artifact	B01_C030	EB-RW-00030	1	WOWAS_TRANSFORM_SEED_REVIEW_REQUIRED	source_fact_not_rewritten	https://www.wikidata.org/wiki/Q2841	promote_only_when_relevant	user_preference|active_quest|scene_relevance|character_world_role	presentation_may_vary; source_fact_and_canon_immutable	one_domain_echo_per_scene	source_to_domain_seed
RWD-ca029f154fa8	RWS-feb128274578	Bogotá	faction	B01_C030	EB-RW-00030	1	WOWAS_TRANSFORM_SEED_REVIEW_REQUIRED	source_fact_not_rewritten	https://www.wikidata.org/wiki/Q2841	promote_only_when_relevant	user_preference|active_quest|scene_relevance|character_world_role	presentation_may_vary; source_fact_and_canon_immutable	one_domain_echo_per_scene	source_to_domain_seed
RWD-d926ed5e9f7d	RWS-feb128274578	Bogotá	culture	B01_C030	EB-RW-00030	1	WOWAS_TRANSFORM_SEED_REVIEW_REQUIRED	source_fact_not_rewritten	https://www.wikidata.org/wiki/Q2841	promote_only_when_relevant	user_preference|active_quest|scene_relevance|character_world_role	presentation_may_vary; source_fact_and_canon_immutable	one_domain_echo_per_scene	source_to_domain_seed
RWD-0e05e1e25164	RWS-feb128274578	Bogotá	hazard	B01_C030	EB-RW-00030	1	WOWAS_TRANSFORM_SEED_REVIEW_REQUIRED	source_fact_not_rewritten	https://www.wikidata.org/wiki/Q2841	promote_only_when_relevant	user_preference|active_quest|scene_relevance|character_world_role	presentation_may_vary; source_fact_and_canon_immutable	one_domain_echo_per_scene	source_to_domain_seed
RWD-5bf360c78475	RWS-feb128274578	Bogotá	route	B01_C030	EB-RW-00030	1	WOWAS_TRANSFORM_SEED_REVIEW_REQUIRED	source_fact_not_rewritten	https://www.wikidata.org/wiki/Q2841	promote_only_when_relevant	user_preference|active_quest|scene_relevance|character_world_role	presentation_may_vary; source_fact_and_canon_immutable	one_domain_echo_per_scene	source_to_domain_seed
RWD-70758c0b2970	RWS-feb128274578	Bogotá	quest	B01_C030	EB-RW-00030	1	WOWAS_TRANSFORM_SEED_REVIEW_REQUIRED	source_fact_not_rewritten	https://www.wikidata.org/wiki/Q2841	promote_only_when_relevant	user_preference|active_quest|scene_relevance|character_world_role	presentation_may_vary; source_fact_and_canon_immutable	one_domain_echo_per_scene	source_to_domain_seed
RWD-32461e02d884	RWS-feb128274578	Bogotá	character_world_role	B01_C030	EB-RW-00030	1	WOWAS_TRANSFORM_SEED_REVIEW_REQUIRED	source_fact_not_rewritten	https://www.wikidata.org/wiki/Q2841	promote_only_when_relevant	user_preference|active_quest|scene_relevance|character_world_role	presentation_may_vary; source_fact_and_canon_immutable	one_domain_echo_per_scene	source_to_domain_seed
RWD-0ee49beca97a	RWS-d005a5afa3aa	Great Barrier Reef	location	B01_C031	EB-RW-00031	1	WOWAS_TRANSFORM_SEED_REVIEW_REQUIRED	source_fact_not_rewritten	https://whc.unesco.org/en/list/154	promote_only_when_relevant	user_preference|active_quest|scene_relevance|character_world_role	presentation_may_vary; source_fact_and_canon_immutable	one_domain_echo_per_scene	source_to_domain_seed
RWD-26cb880a6798	RWS-d005a5afa3aa	Great Barrier Reef	artifact	B01_C031	EB-RW-00031	1	WOWAS_TRANSFORM_SEED_REVIEW_REQUIRED	source_fact_not_rewritten	https://whc.unesco.org/en/list/154	promote_only_when_relevant	user_preference|active_quest|scene_relevance|character_world_role	presentation_may_vary; source_fact_and_canon_immutable	one_domain_echo_per_scene	source_to_domain_seed
RWD-04eb179f34a3	RWS-d005a5afa3aa	Great Barrier Reef	faction	B01_C031	EB-RW-00031	1	WOWAS_TRANSFORM_SEED_REVIEW_REQUIRED	source_fact_not_rewritten	https://whc.unesco.org/en/list/154	promote_only_when_relevant	user_preference|active_quest|scene_relevance|character_world_role	presentation_may_vary; source_fact_and_canon_immutable	one_domain_echo_per_scene	source_to_domain_seed
RWD-e25fc728d821	RWS-d005a5afa3aa	Great Barrier Reef	culture	B01_C031	EB-RW-00031	1	WOWAS_TRANSFORM_SEED_REVIEW_REQUIRED	source_fact_not_rewritten	https://whc.unesco.org/en/list/154	promote_only_when_relevant	user_preference|active_quest|scene_relevance|character_world_role	presentation_may_vary; source_fact_and_canon_immutable	one_domain_echo_per_scene	source_to_domain_seed
RWD-e535c993db3b	RWS-d005a5afa3aa	Great Barrier Reef	hazard	B01_C031	EB-RW-00031	1	WOWAS_TRANSFORM_SEED_REVIEW_REQUIRED	source_fact_not_rewritten	https://whc.unesco.org/en/list/154	promote_only_when_relevant	user_preference|active_quest|scene_relevance|character_world_role	presentation_may_vary; source_fact_and_canon_immutable	one_domain_echo_per_scene	source_to_domain_seed
RWD-b8c89ce68dad	RWS-d005a5afa3aa	Great Barrier Reef	route	B01_C031	EB-RW-00031	1	WOWAS_TRANSFORM_SEED_REVIEW_REQUIRED	source_fact_not_rewritten	https://whc.unesco.org/en/list/154	promote_only_when_relevant	user_preference|active_quest|scene_relevance|character_world_role	presentation_may_vary; source_fact_and_canon_immutable	one_domain_echo_per_scene	source_to_domain_seed
RWD-c733aee12d33	RWS-d005a5afa3aa	Great Barrier Reef	quest	B01_C031	EB-RW-00031	1	WOWAS_TRANSFORM_SEED_REVIEW_REQUIRED	source_fact_not_rewritten	https://whc.unesco.org/en/list/154	promote_only_when_relevant	user_preference|active_quest|scene_relevance|character_world_role	presentation_may_vary; source_fact_and_canon_immutable	one_domain_echo_per_scene	source_to_domain_seed
RWD-bf0e17377462	RWS-d005a5afa3aa	Great Barrier Reef	character_world_role	B01_C031	EB-RW-00031	1	WOWAS_TRANSFORM_SEED_REVIEW_REQUIRED	source_fact_not_rewritten	https://whc.unesco.org/en/list/154	promote_only_when_relevant	user_preference|active_quest|scene_relevance|character_world_role	presentation_may_vary; source_fact_and_canon_immutable	one_domain_echo_per_scene	source_to_domain_seed
RWD-1dc6f629a79e	RWS-6c14fcc1b51b	Kakadu National Park	location	B01_C032	EB-RW-00032	1	WOWAS_TRANSFORM_SEED_REVIEW_REQUIRED	source_fact_not_rewritten	https://whc.unesco.org/en/list/147	promote_only_when_relevant	user_preference|active_quest|scene_relevance|character_world_role	presentation_may_vary; source_fact_and_canon_immutable	one_domain_echo_per_scene	source_to_domain_seed
RWD-b94c810311ff	RWS-6c14fcc1b51b	Kakadu National Park	artifact	B01_C032	EB-RW-00032	1	WOWAS_TRANSFORM_SEED_REVIEW_REQUIRED	source_fact_not_rewritten	https://whc.unesco.org/en/list/147	promote_only_when_relevant	user_preference|active_quest|scene_relevance|character_world_role	presentation_may_vary; source_fact_and_canon_immutable	one_domain_echo_per_scene	source_to_domain_seed
RWD-487514f03b24	RWS-6c14fcc1b51b	Kakadu National Park	faction	B01_C032	EB-RW-00032	1	WOWAS_TRANSFORM_SEED_REVIEW_REQUIRED	source_fact_not_rewritten	https://whc.unesco.org/en/list/147	promote_only_when_relevant	user_preference|active_quest|scene_relevance|character_world_role	presentation_may_vary; source_fact_and_canon_immutable	one_domain_echo_per_scene	source_to_domain_seed
RWD-0a1667c099b2	RWS-6c14fcc1b51b	Kakadu National Park	culture	B01_C032	EB-RW-00032	1	WOWAS_TRANSFORM_SEED_REVIEW_REQUIRED	source_fact_not_rewritten	https://whc.unesco.org/en/list/147	promote_only_when_relevant	user_preference|active_quest|scene_relevance|character_world_role	presentation_may_vary; source_fact_and_canon_immutable	one_domain_echo_per_scene	source_to_domain_seed
RWD-5a1e6e30ef0f	RWS-6c14fcc1b51b	Kakadu National Park	hazard	B01_C032	EB-RW-00032	1	WOWAS_TRANSFORM_SEED_REVIEW_REQUIRED	source_fact_not_rewritten	https://whc.unesco.org/en/list/147	promote_only_when_relevant	user_preference|active_quest|scene_relevance|character_world_role	presentation_may_vary; source_fact_and_canon_immutable	one_domain_echo_per_scene	source_to_domain_seed
RWD-23e67a1185fe	RWS-6c14fcc1b51b	Kakadu National Park	route	B01_C032	EB-RW-00032	1	WOWAS_TRANSFORM_SEED_REVIEW_REQUIRED	source_fact_not_rewritten	https://whc.unesco.org/en/list/147	promote_only_when_relevant	user_preference|active_quest|scene_relevance|character_world_role	presentation_may_vary; source_fact_and_canon_immutable	one_domain_echo_per_scene	source_to_domain_seed
RWD-4d7a79c6f724	RWS-6c14fcc1b51b	Kakadu National Park	quest	B01_C032	EB-RW-00032	1	WOWAS_TRANSFORM_SEED_REVIEW_REQUIRED	source_fact_not_rewritten	https://whc.unesco.org/en/list/147	promote_only_when_relevant	user_preference|active_quest|scene_relevance|character_world_role	presentation_may_vary; source_fact_and_canon_immutable	one_domain_echo_per_scene	source_to_domain_seed
RWD-3a2e029d9a26	RWS-6c14fcc1b51b	Kakadu National Park	character_world_role	B01_C032	EB-RW-00032	1	WOWAS_TRANSFORM_SEED_REVIEW_REQUIRED	source_fact_not_rewritten	https://whc.unesco.org/en/list/147	promote_only_when_relevant	user_preference|active_quest|scene_relevance|character_world_role	presentation_may_vary; source_fact_and_canon_immutable	one_domain_echo_per_scene	source_to_domain_seed
RWD-ef2036976e82	RWS-b760b5585d64	Uluru-Kata Tjuta National Park	location	B01_C033	EB-RW-00033	1	WOWAS_TRANSFORM_SEED_REVIEW_REQUIRED	source_fact_not_rewritten	https://whc.unesco.org/en/list/447	promote_only_when_relevant	user_preference|active_quest|scene_relevance|character_world_role	presentation_may_vary; source_fact_and_canon_immutable	one_domain_echo_per_scene	source_to_domain_seed
RWD-f7ff0813fdf5	RWS-b760b5585d64	Uluru-Kata Tjuta National Park	artifact	B01_C033	EB-RW-00033	1	WOWAS_TRANSFORM_SEED_REVIEW_REQUIRED	source_fact_not_rewritten	https://whc.unesco.org/en/list/447	promote_only_when_relevant	user_preference|active_quest|scene_relevance|character_world_role	presentation_may_vary; source_fact_and_canon_immutable	one_domain_echo_per_scene	source_to_domain_seed
RWD-0b7782d0b1e8	RWS-b760b5585d64	Uluru-Kata Tjuta National Park	faction	B01_C033	EB-RW-00033	1	WOWAS_TRANSFORM_SEED_REVIEW_REQUIRED	source_fact_not_rewritten	https://whc.unesco.org/en/list/447	promote_only_when_relevant	user_preference|active_quest|scene_relevance|character_world_role	presentation_may_vary; source_fact_and_canon_immutable	one_domain_echo_per_scene	source_to_domain_seed
RWD-7879ef4d135d	RWS-b760b5585d64	Uluru-Kata Tjuta National Park	culture	B01_C033	EB-RW-00033	1	WOWAS_TRANSFORM_SEED_REVIEW_REQUIRED	source_fact_not_rewritten	https://whc.unesco.org/en/list/447	promote_only_when_relevant	user_preference|active_quest|scene_relevance|character_world_role	presentation_may_vary; source_fact_and_canon_immutable	one_domain_echo_per_scene	source_to_domain_seed
RWD-50d83de0ea04	RWS-b760b5585d64	Uluru-Kata Tjuta National Park	hazard	B01_C033	EB-RW-00033	1	WOWAS_TRANSFORM_SEED_REVIEW_REQUIRED	source_fact_not_rewritten	https://whc.unesco.org/en/list/447	promote_only_when_relevant	user_preference|active_quest|scene_relevance|character_world_role	presentation_may_vary; source_fact_and_canon_immutable	one_domain_echo_per_scene	source_to_domain_seed
RWD-9b0d5aba0deb	RWS-b760b5585d64	Uluru-Kata Tjuta National Park	route	B01_C033	EB-RW-00033	1	WOWAS_TRANSFORM_SEED_REVIEW_REQUIRED	source_fact_not_rewritten	https://whc.unesco.org/en/list/447	promote_only_when_relevant	user_preference|active_quest|scene_relevance|character_world_role	presentation_may_vary; source_fact_and_canon_immutable	one_domain_echo_per_scene	source_to_domain_seed
RWD-1b57cb24cde9	RWS-b760b5585d64	Uluru-Kata Tjuta National Park	quest	B01_C033	EB-RW-00033	1	WOWAS_TRANSFORM_SEED_REVIEW_REQUIRED	source_fact_not_rewritten	https://whc.unesco.org/en/list/447	promote_only_when_relevant	user_preference|active_quest|scene_relevance|character_world_role	presentation_may_vary; source_fact_and_canon_immutable	one_domain_echo_per_scene	source_to_domain_seed
RWD-10d3ad232c5d	RWS-b760b5585d64	Uluru-Kata Tjuta National Park	character_world_role	B01_C033	EB-RW-00033	1	WOWAS_TRANSFORM_SEED_REVIEW_REQUIRED	source_fact_not_rewritten	https://whc.unesco.org/en/list/447	promote_only_when_relevant	user_preference|active_quest|scene_relevance|character_world_role	presentation_may_vary; source_fact_and_canon_immutable	one_domain_echo_per_scene	source_to_domain_seed
RWD-e768f6f5ab08	RWS-faeb64b65584	Sydney Opera House	location	B01_C034	EB-RW-00034	1	WOWAS_TRANSFORM_SEED_REVIEW_REQUIRED	source_fact_not_rewritten	https://whc.unesco.org/en/list/166	promote_only_when_relevant	user_preference|active_quest|scene_relevance|character_world_role	presentation_may_vary; source_fact_and_canon_immutable	one_domain_echo_per_scene	source_to_domain_seed
RWD-4f8f50ad4122	RWS-faeb64b65584	Sydney Opera House	artifact	B01_C034	EB-RW-00034	1	WOWAS_TRANSFORM_SEED_REVIEW_REQUIRED	source_fact_not_rewritten	https://whc.unesco.org/en/list/166	promote_only_when_relevant	user_preference|active_quest|scene_relevance|character_world_role	presentation_may_vary; source_fact_and_canon_immutable	one_domain_echo_per_scene	source_to_domain_seed
RWD-677d2717e6df	RWS-faeb64b65584	Sydney Opera House	faction	B01_C034	EB-RW-00034	1	WOWAS_TRANSFORM_SEED_REVIEW_REQUIRED	source_fact_not_rewritten	https://whc.unesco.org/en/list/166	promote_only_when_relevant	user_preference|active_quest|scene_relevance|character_world_role	presentation_may_vary; source_fact_and_canon_immutable	one_domain_echo_per_scene	source_to_domain_seed
RWD-7ebed3508cea	RWS-faeb64b65584	Sydney Opera House	culture	B01_C034	EB-RW-00034	1	WOWAS_TRANSFORM_SEED_REVIEW_REQUIRED	source_fact_not_rewritten	https://whc.unesco.org/en/list/166	promote_only_when_relevant	user_preference|active_quest|scene_relevance|character_world_role	presentation_may_vary; source_fact_and_canon_immutable	one_domain_echo_per_scene	source_to_domain_seed
RWD-a5077c925f36	RWS-faeb64b65584	Sydney Opera House	hazard	B01_C034	EB-RW-00034	1	WOWAS_TRANSFORM_SEED_REVIEW_REQUIRED	source_fact_not_rewritten	https://whc.unesco.org/en/list/166	promote_only_when_relevant	user_preference|active_quest|scene_relevance|character_world_role	presentation_may_vary; source_fact_and_canon_immutable	one_domain_echo_per_scene	source_to_domain_seed
RWD-8ec11dfac4cc	RWS-faeb64b65584	Sydney Opera House	route	B01_C034	EB-RW-00034	1	WOWAS_TRANSFORM_SEED_REVIEW_REQUIRED	source_fact_not_rewritten	https://whc.unesco.org/en/list/166	promote_only_when_relevant	user_preference|active_quest|scene_relevance|character_world_role	presentation_may_vary; source_fact_and_canon_immutable	one_domain_echo_per_scene	source_to_domain_seed
RWD-a2d7f096e4ca	RWS-faeb64b65584	Sydney Opera House	quest	B01_C034	EB-RW-00034	1	WOWAS_TRANSFORM_SEED_REVIEW_REQUIRED	source_fact_not_rewritten	https://whc.unesco.org/en/list/166	promote_only_when_relevant	user_preference|active_quest|scene_relevance|character_world_role	presentation_may_vary; source_fact_and_canon_immutable	one_domain_echo_per_scene	source_to_domain_seed
RWD-3b595f2a3894	RWS-faeb64b65584	Sydney Opera House	character_world_role	B01_C034	EB-RW-00034	1	WOWAS_TRANSFORM_SEED_REVIEW_REQUIRED	source_fact_not_rewritten	https://whc.unesco.org/en/list/166	promote_only_when_relevant	user_preference|active_quest|scene_relevance|character_world_role	presentation_may_vary; source_fact_and_canon_immutable	one_domain_echo_per_scene	source_to_domain_seed
RWD-be3b5433a00f	RWS-79265b9faa20	Historic Centre of the City of Salzburg	location	B01_C035	EB-RW-00035	1	WOWAS_TRANSFORM_SEED_REVIEW_REQUIRED	source_fact_not_rewritten	https://whc.unesco.org/en/list/784	promote_only_when_relevant	user_preference|active_quest|scene_relevance|character_world_role	presentation_may_vary; source_fact_and_canon_immutable	one_domain_echo_per_scene	source_to_domain_seed
RWD-d5b62f631f5d	RWS-79265b9faa20	Historic Centre of the City of Salzburg	artifact	B01_C035	EB-RW-00035	1	WOWAS_TRANSFORM_SEED_REVIEW_REQUIRED	source_fact_not_rewritten	https://whc.unesco.org/en/list/784	promote_only_when_relevant	user_preference|active_quest|scene_relevance|character_world_role	presentation_may_vary; source_fact_and_canon_immutable	one_domain_echo_per_scene	source_to_domain_seed
RWD-148d8f5483e5	RWS-79265b9faa20	Historic Centre of the City of Salzburg	faction	B01_C035	EB-RW-00035	1	WOWAS_TRANSFORM_SEED_REVIEW_REQUIRED	source_fact_not_rewritten	https://whc.unesco.org/en/list/784	promote_only_when_relevant	user_preference|active_quest|scene_relevance|character_world_role	presentation_may_vary; source_fact_and_canon_immutable	one_domain_echo_per_scene	source_to_domain_seed
RWD-d56f168e76f9	RWS-79265b9faa20	Historic Centre of the City of Salzburg	culture	B01_C035	EB-RW-00035	1	WOWAS_TRANSFORM_SEED_REVIEW_REQUIRED	source_fact_not_rewritten	https://whc.unesco.org/en/list/784	promote_only_when_relevant	user_preference|active_quest|scene_relevance|character_world_role	presentation_may_vary; source_fact_and_canon_immutable	one_domain_echo_per_scene	source_to_domain_seed
RWD-1c5f1365fb0e	RWS-79265b9faa20	Historic Centre of the City of Salzburg	hazard	B01_C035	EB-RW-00035	1	WOWAS_TRANSFORM_SEED_REVIEW_REQUIRED	source_fact_not_rewritten	https://whc.unesco.org/en/list/784	promote_only_when_relevant	user_preference|active_quest|scene_relevance|character_world_role	presentation_may_vary; source_fact_and_canon_immutable	one_domain_echo_per_scene	source_to_domain_seed
RWD-2b910fb457cd	RWS-79265b9faa20	Historic Centre of the City of Salzburg	route	B01_C035	EB-RW-00035	1	WOWAS_TRANSFORM_SEED_REVIEW_REQUIRED	source_fact_not_rewritten	https://whc.unesco.org/en/list/784	promote_only_when_relevant	user_preference|active_quest|scene_relevance|character_world_role	presentation_may_vary; source_fact_and_canon_immutable	one_domain_echo_per_scene	source_to_domain_seed
RWD-341404a882d0	RWS-79265b9faa20	Historic Centre of the City of Salzburg	quest	B01_C035	EB-RW-00035	1	WOWAS_TRANSFORM_SEED_REVIEW_REQUIRED	source_fact_not_rewritten	https://whc.unesco.org/en/list/784	promote_only_when_relevant	user_preference|active_quest|scene_relevance|character_world_role	presentation_may_vary; source_fact_and_canon_immutable	one_domain_echo_per_scene	source_to_domain_seed
RWD-66c6961197bb	RWS-79265b9faa20	Historic Centre of the City of Salzburg	character_world_role	B01_C035	EB-RW-00035	1	WOWAS_TRANSFORM_SEED_REVIEW_REQUIRED	source_fact_not_rewritten	https://whc.unesco.org/en/list/784	promote_only_when_relevant	user_preference|active_quest|scene_relevance|character_world_role	presentation_may_vary; source_fact_and_canon_immutable	one_domain_echo_per_scene	source_to_domain_seed
RWD-cbbd6fec3a09	RWS-5d2f907d061a	Palace and Gardens of Schönbrunn	location	B01_C036	EB-RW-00036	1	WOWAS_TRANSFORM_SEED_REVIEW_REQUIRED	source_fact_not_rewritten	https://whc.unesco.org/en/list/786	promote_only_when_relevant	user_preference|active_quest|scene_relevance|character_world_role	presentation_may_vary; source_fact_and_canon_immutable	one_domain_echo_per_scene	source_to_domain_seed
RWD-eeb8d5c9fe64	RWS-5d2f907d061a	Palace and Gardens of Schönbrunn	artifact	B01_C036	EB-RW-00036	1	WOWAS_TRANSFORM_SEED_REVIEW_REQUIRED	source_fact_not_rewritten	https://whc.unesco.org/en/list/786	promote_only_when_relevant	user_preference|active_quest|scene_relevance|character_world_role	presentation_may_vary; source_fact_and_canon_immutable	one_domain_echo_per_scene	source_to_domain_seed
RWD-0cbc48a3de1a	RWS-5d2f907d061a	Palace and Gardens of Schönbrunn	faction	B01_C036	EB-RW-00036	1	WOWAS_TRANSFORM_SEED_REVIEW_REQUIRED	source_fact_not_rewritten	https://whc.unesco.org/en/list/786	promote_only_when_relevant	user_preference|active_quest|scene_relevance|character_world_role	presentation_may_vary; source_fact_and_canon_immutable	one_domain_echo_per_scene	source_to_domain_seed
RWD-571bbd6bca57	RWS-5d2f907d061a	Palace and Gardens of Schönbrunn	culture	B01_C036	EB-RW-00036	1	WOWAS_TRANSFORM_SEED_REVIEW_REQUIRED	source_fact_not_rewritten	https://whc.unesco.org/en/list/786	promote_only_when_relevant	user_preference|active_quest|scene_relevance|character_world_role	presentation_may_vary; source_fact_and_canon_immutable	one_domain_echo_per_scene	source_to_domain_seed
RWD-5e722f32bc6e	RWS-5d2f907d061a	Palace and Gardens of Schönbrunn	hazard	B01_C036	EB-RW-00036	1	WOWAS_TRANSFORM_SEED_REVIEW_REQUIRED	source_fact_not_rewritten	https://whc.unesco.org/en/list/786	promote_only_when_relevant	user_preference|active_quest|scene_relevance|character_world_role	presentation_may_vary; source_fact_and_canon_immutable	one_domain_echo_per_scene	source_to_domain_seed
RWD-a98a7579749f	RWS-5d2f907d061a	Palace and Gardens of Schönbrunn	route	B01_C036	EB-RW-00036	1	WOWAS_TRANSFORM_SEED_REVIEW_REQUIRED	source_fact_not_rewritten	https://whc.unesco.org/en/list/786	promote_only_when_relevant	user_preference|active_quest|scene_relevance|character_world_role	presentation_may_vary; source_fact_and_canon_immutable	one_domain_echo_per_scene	source_to_domain_seed
RWD-d5cd84dfe530	RWS-5d2f907d061a	Palace and Gardens of Schönbrunn	quest	B01_C036	EB-RW-00036	1	WOWAS_TRANSFORM_SEED_REVIEW_REQUIRED	source_fact_not_rewritten	https://whc.unesco.org/en/list/786	promote_only_when_relevant	user_preference|active_quest|scene_relevance|character_world_role	presentation_may_vary; source_fact_and_canon_immutable	one_domain_echo_per_scene	source_to_domain_seed
RWD-1dbbd2caa28c	RWS-5d2f907d061a	Palace and Gardens of Schönbrunn	character_world_role	B01_C036	EB-RW-00036	1	WOWAS_TRANSFORM_SEED_REVIEW_REQUIRED	source_fact_not_rewritten	https://whc.unesco.org/en/list/786	promote_only_when_relevant	user_preference|active_quest|scene_relevance|character_world_role	presentation_may_vary; source_fact_and_canon_immutable	one_domain_echo_per_scene	source_to_domain_seed
RWD-4c19425771f1	RWS-27ee6ab85ffc	Butrint	location	B01_C037	EB-RW-00037	1	WOWAS_TRANSFORM_SEED_REVIEW_REQUIRED	source_fact_not_rewritten	https://whc.unesco.org/en/list/570	promote_only_when_relevant	user_preference|active_quest|scene_relevance|character_world_role	presentation_may_vary; source_fact_and_canon_immutable	one_domain_echo_per_scene	source_to_domain_seed
RWD-25cd36a60836	RWS-27ee6ab85ffc	Butrint	artifact	B01_C037	EB-RW-00037	1	WOWAS_TRANSFORM_SEED_REVIEW_REQUIRED	source_fact_not_rewritten	https://whc.unesco.org/en/list/570	promote_only_when_relevant	user_preference|active_quest|scene_relevance|character_world_role	presentation_may_vary; source_fact_and_canon_immutable	one_domain_echo_per_scene	source_to_domain_seed
RWD-5713a2093bdd	RWS-27ee6ab85ffc	Butrint	faction	B01_C037	EB-RW-00037	1	WOWAS_TRANSFORM_SEED_REVIEW_REQUIRED	source_fact_not_rewritten	https://whc.unesco.org/en/list/570	promote_only_when_relevant	user_preference|active_quest|scene_relevance|character_world_role	presentation_may_vary; source_fact_and_canon_immutable	one_domain_echo_per_scene	source_to_domain_seed
RWD-e3db37a4f5cd	RWS-27ee6ab85ffc	Butrint	culture	B01_C037	EB-RW-00037	1	WOWAS_TRANSFORM_SEED_REVIEW_REQUIRED	source_fact_not_rewritten	https://whc.unesco.org/en/list/570	promote_only_when_relevant	user_preference|active_quest|scene_relevance|character_world_role	presentation_may_vary; source_fact_and_canon_immutable	one_domain_echo_per_scene	source_to_domain_seed
RWD-b6fd9a54797e	RWS-27ee6ab85ffc	Butrint	hazard	B01_C037	EB-RW-00037	1	WOWAS_TRANSFORM_SEED_REVIEW_REQUIRED	source_fact_not_rewritten	https://whc.unesco.org/en/list/570	promote_only_when_relevant	user_preference|active_quest|scene_relevance|character_world_role	presentation_may_vary; source_fact_and_canon_immutable	one_domain_echo_per_scene	source_to_domain_seed
RWD-dcf58fb4eb6a	RWS-27ee6ab85ffc	Butrint	route	B01_C037	EB-RW-00037	1	WOWAS_TRANSFORM_SEED_REVIEW_REQUIRED	source_fact_not_rewritten	https://whc.unesco.org/en/list/570	promote_only_when_relevant	user_preference|active_quest|scene_relevance|character_world_role	presentation_may_vary; source_fact_and_canon_immutable	one_domain_echo_per_scene	source_to_domain_seed
RWD-8283f9d25f3e	RWS-27ee6ab85ffc	Butrint	quest	B01_C037	EB-RW-00037	1	WOWAS_TRANSFORM_SEED_REVIEW_REQUIRED	source_fact_not_rewritten	https://whc.unesco.org/en/list/570	promote_only_when_relevant	user_preference|active_quest|scene_relevance|character_world_role	presentation_may_vary; source_fact_and_canon_immutable	one_domain_echo_per_scene	source_to_domain_seed
RWD-4bcb55e19e42	RWS-27ee6ab85ffc	Butrint	character_world_role	B01_C037	EB-RW-00037	1	WOWAS_TRANSFORM_SEED_REVIEW_REQUIRED	source_fact_not_rewritten	https://whc.unesco.org/en/list/570	promote_only_when_relevant	user_preference|active_quest|scene_relevance|character_world_role	presentation_may_vary; source_fact_and_canon_immutable	one_domain_echo_per_scene	source_to_domain_seed
RWD-44481530bec1	RWS-b26c2cb5a434	Djémila	location	B01_C038	EB-RW-00038	1	WOWAS_TRANSFORM_SEED_REVIEW_REQUIRED	source_fact_not_rewritten	https://whc.unesco.org/en/list/191	promote_only_when_relevant	user_preference|active_quest|scene_relevance|character_world_role	presentation_may_vary; source_fact_and_canon_immutable	one_domain_echo_per_scene	source_to_domain_seed
RWD-3bf907c0f8d7	RWS-b26c2cb5a434	Djémila	artifact	B01_C038	EB-RW-00038	1	WOWAS_TRANSFORM_SEED_REVIEW_REQUIRED	source_fact_not_rewritten	https://whc.unesco.org/en/list/191	promote_only_when_relevant	user_preference|active_quest|scene_relevance|character_world_role	presentation_may_vary; source_fact_and_canon_immutable	one_domain_echo_per_scene	source_to_domain_seed
RWD-eb9a39be465c	RWS-b26c2cb5a434	Djémila	faction	B01_C038	EB-RW-00038	1	WOWAS_TRANSFORM_SEED_REVIEW_REQUIRED	source_fact_not_rewritten	https://whc.unesco.org/en/list/191	promote_only_when_relevant	user_preference|active_quest|scene_relevance|character_world_role	presentation_may_vary; source_fact_and_canon_immutable	one_domain_echo_per_scene	source_to_domain_seed
RWD-47f7edb9d7be	RWS-b26c2cb5a434	Djémila	culture	B01_C038	EB-RW-00038	1	WOWAS_TRANSFORM_SEED_REVIEW_REQUIRED	source_fact_not_rewritten	https://whc.unesco.org/en/list/191	promote_only_when_relevant	user_preference|active_quest|scene_relevance|character_world_role	presentation_may_vary; source_fact_and_canon_immutable	one_domain_echo_per_scene	source_to_domain_seed
RWD-a638f8b3fb8e	RWS-b26c2cb5a434	Djémila	hazard	B01_C038	EB-RW-00038	1	WOWAS_TRANSFORM_SEED_REVIEW_REQUIRED	source_fact_not_rewritten	https://whc.unesco.org/en/list/191	promote_only_when_relevant	user_preference|active_quest|scene_relevance|character_world_role	presentation_may_vary; source_fact_and_canon_immutable	one_domain_echo_per_scene	source_to_domain_seed
RWD-474e97bf7b03	RWS-b26c2cb5a434	Djémila	route	B01_C038	EB-RW-00038	1	WOWAS_TRANSFORM_SEED_REVIEW_REQUIRED	source_fact_not_rewritten	https://whc.unesco.org/en/list/191	promote_only_when_relevant	user_preference|active_quest|scene_relevance|character_world_role	presentation_may_vary; source_fact_and_canon_immutable	one_domain_echo_per_scene	source_to_domain_seed
RWD-6536ac5b6326	RWS-b26c2cb5a434	Djémila	quest	B01_C038	EB-RW-00038	1	WOWAS_TRANSFORM_SEED_REVIEW_REQUIRED	source_fact_not_rewritten	https://whc.unesco.org/en/list/191	promote_only_when_relevant	user_preference|active_quest|scene_relevance|character_world_role	presentation_may_vary; source_fact_and_canon_immutable	one_domain_echo_per_scene	source_to_domain_seed
RWD-7d8fca26adfb	RWS-b26c2cb5a434	Djémila	character_world_role	B01_C038	EB-RW-00038	1	WOWAS_TRANSFORM_SEED_REVIEW_REQUIRED	source_fact_not_rewritten	https://whc.unesco.org/en/list/191	promote_only_when_relevant	user_preference|active_quest|scene_relevance|character_world_role	presentation_may_vary; source_fact_and_canon_immutable	one_domain_echo_per_scene	source_to_domain_seed
RWD-828cea35fc57	RWS-7fb8161a0bbb	Tassili n'Ajjer	location	B01_C039	EB-RW-00039	1	WOWAS_TRANSFORM_SEED_REVIEW_REQUIRED	source_fact_not_rewritten	https://whc.unesco.org/en/list/179	promote_only_when_relevant	user_preference|active_quest|scene_relevance|character_world_role	presentation_may_vary; source_fact_and_canon_immutable	one_domain_echo_per_scene	source_to_domain_seed
RWD-61b21fa76fff	RWS-7fb8161a0bbb	Tassili n'Ajjer	artifact	B01_C039	EB-RW-00039	1	WOWAS_TRANSFORM_SEED_REVIEW_REQUIRED	source_fact_not_rewritten	https://whc.unesco.org/en/list/179	promote_only_when_relevant	user_preference|active_quest|scene_relevance|character_world_role	presentation_may_vary; source_fact_and_canon_immutable	one_domain_echo_per_scene	source_to_domain_seed
RWD-4f4b9cb0b633	RWS-7fb8161a0bbb	Tassili n'Ajjer	faction	B01_C039	EB-RW-00039	1	WOWAS_TRANSFORM_SEED_REVIEW_REQUIRED	source_fact_not_rewritten	https://whc.unesco.org/en/list/179	promote_only_when_relevant	user_preference|active_quest|scene_relevance|character_world_role	presentation_may_vary; source_fact_and_canon_immutable	one_domain_echo_per_scene	source_to_domain_seed
RWD-453c1b370024	RWS-7fb8161a0bbb	Tassili n'Ajjer	culture	B01_C039	EB-RW-00039	1	WOWAS_TRANSFORM_SEED_REVIEW_REQUIRED	source_fact_not_rewritten	https://whc.unesco.org/en/list/179	promote_only_when_relevant	user_preference|active_quest|scene_relevance|character_world_role	presentation_may_vary; source_fact_and_canon_immutable	one_domain_echo_per_scene	source_to_domain_seed
RWD-fec492e9cc70	RWS-7fb8161a0bbb	Tassili n'Ajjer	hazard	B01_C039	EB-RW-00039	1	WOWAS_TRANSFORM_SEED_REVIEW_REQUIRED	source_fact_not_rewritten	https://whc.unesco.org/en/list/179	promote_only_when_relevant	user_preference|active_quest|scene_relevance|character_world_role	presentation_may_vary; source_fact_and_canon_immutable	one_domain_echo_per_scene	source_to_domain_seed
RWD-349d05fc2108	RWS-7fb8161a0bbb	Tassili n'Ajjer	route	B01_C039	EB-RW-00039	1	WOWAS_TRANSFORM_SEED_REVIEW_REQUIRED	source_fact_not_rewritten	https://whc.unesco.org/en/list/179	promote_only_when_relevant	user_preference|active_quest|scene_relevance|character_world_role	presentation_may_vary; source_fact_and_canon_immutable	one_domain_echo_per_scene	source_to_domain_seed
RWD-ce529bb1ac1e	RWS-7fb8161a0bbb	Tassili n'Ajjer	quest	B01_C039	EB-RW-00039	1	WOWAS_TRANSFORM_SEED_REVIEW_REQUIRED	source_fact_not_rewritten	https://whc.unesco.org/en/list/179	promote_only_when_relevant	user_preference|active_quest|scene_relevance|character_world_role	presentation_may_vary; source_fact_and_canon_immutable	one_domain_echo_per_scene	source_to_domain_seed
RWD-d466a793c63a	RWS-7fb8161a0bbb	Tassili n'Ajjer	character_world_role	B01_C039	EB-RW-00039	1	WOWAS_TRANSFORM_SEED_REVIEW_REQUIRED	source_fact_not_rewritten	https://whc.unesco.org/en/list/179	promote_only_when_relevant	user_preference|active_quest|scene_relevance|character_world_role	presentation_may_vary; source_fact_and_canon_immutable	one_domain_echo_per_scene	source_to_domain_seed
RWD-e45c6712fd28	RWS-7dd35d6f7a92	Los Glaciares National Park	location	B01_C040	EB-RW-00040	1	WOWAS_TRANSFORM_SEED_REVIEW_REQUIRED	source_fact_not_rewritten	https://whc.unesco.org/en/list/145	promote_only_when_relevant	user_preference|active_quest|scene_relevance|character_world_role	presentation_may_vary; source_fact_and_canon_immutable	one_domain_echo_per_scene	source_to_domain_seed
RWD-e33377bea8a1	RWS-7dd35d6f7a92	Los Glaciares National Park	artifact	B01_C040	EB-RW-00040	1	WOWAS_TRANSFORM_SEED_REVIEW_REQUIRED	source_fact_not_rewritten	https://whc.unesco.org/en/list/145	promote_only_when_relevant	user_preference|active_quest|scene_relevance|character_world_role	presentation_may_vary; source_fact_and_canon_immutable	one_domain_echo_per_scene	source_to_domain_seed
RWD-8a860885f6ec	RWS-7dd35d6f7a92	Los Glaciares National Park	faction	B01_C040	EB-RW-00040	1	WOWAS_TRANSFORM_SEED_REVIEW_REQUIRED	source_fact_not_rewritten	https://whc.unesco.org/en/list/145	promote_only_when_relevant	user_preference|active_quest|scene_relevance|character_world_role	presentation_may_vary; source_fact_and_canon_immutable	one_domain_echo_per_scene	source_to_domain_seed
RWD-f2f30a4b8d81	RWS-7dd35d6f7a92	Los Glaciares National Park	culture	B01_C040	EB-RW-00040	1	WOWAS_TRANSFORM_SEED_REVIEW_REQUIRED	source_fact_not_rewritten	https://whc.unesco.org/en/list/145	promote_only_when_relevant	user_preference|active_quest|scene_relevance|character_world_role	presentation_may_vary; source_fact_and_canon_immutable	one_domain_echo_per_scene	source_to_domain_seed
RWD-2faf1a8eaaeb	RWS-7dd35d6f7a92	Los Glaciares National Park	hazard	B01_C040	EB-RW-00040	1	WOWAS_TRANSFORM_SEED_REVIEW_REQUIRED	source_fact_not_rewritten	https://whc.unesco.org/en/list/145	promote_only_when_relevant	user_preference|active_quest|scene_relevance|character_world_role	presentation_may_vary; source_fact_and_canon_immutable	one_domain_echo_per_scene	source_to_domain_seed
RWD-080e529bf26f	RWS-7dd35d6f7a92	Los Glaciares National Park	route	B01_C040	EB-RW-00040	1	WOWAS_TRANSFORM_SEED_REVIEW_REQUIRED	source_fact_not_rewritten	https://whc.unesco.org/en/list/145	promote_only_when_relevant	user_preference|active_quest|scene_relevance|character_world_role	presentation_may_vary; source_fact_and_canon_immutable	one_domain_echo_per_scene	source_to_domain_seed
RWD-067084378e6d	RWS-7dd35d6f7a92	Los Glaciares National Park	quest	B01_C040	EB-RW-00040	1	WOWAS_TRANSFORM_SEED_REVIEW_REQUIRED	source_fact_not_rewritten	https://whc.unesco.org/en/list/145	promote_only_when_relevant	user_preference|active_quest|scene_relevance|character_world_role	presentation_may_vary; source_fact_and_canon_immutable	one_domain_echo_per_scene	source_to_domain_seed
RWD-2f33790aca9c	RWS-7dd35d6f7a92	Los Glaciares National Park	character_world_role	B01_C040	EB-RW-00040	1	WOWAS_TRANSFORM_SEED_REVIEW_REQUIRED	source_fact_not_rewritten	https://whc.unesco.org/en/list/145	promote_only_when_relevant	user_preference|active_quest|scene_relevance|character_world_role	presentation_may_vary; source_fact_and_canon_immutable	one_domain_echo_per_scene	source_to_domain_seed
RWD-d02dc8456a29	RWS-0a85910ef6d5	Iguazu National Park	location	B01_C041	EB-RW-00041	1	WOWAS_TRANSFORM_SEED_REVIEW_REQUIRED	source_fact_not_rewritten	https://whc.unesco.org/en/list/303	promote_only_when_relevant	user_preference|active_quest|scene_relevance|character_world_role	presentation_may_vary; source_fact_and_canon_immutable	one_domain_echo_per_scene	source_to_domain_seed
RWD-486f3fe3d7c3	RWS-0a85910ef6d5	Iguazu National Park	artifact	B01_C041	EB-RW-00041	1	WOWAS_TRANSFORM_SEED_REVIEW_REQUIRED	source_fact_not_rewritten	https://whc.unesco.org/en/list/303	promote_only_when_relevant	user_preference|active_quest|scene_relevance|character_world_role	presentation_may_vary; source_fact_and_canon_immutable	one_domain_echo_per_scene	source_to_domain_seed
RWD-1d98a2e47158	RWS-0a85910ef6d5	Iguazu National Park	faction	B01_C041	EB-RW-00041	1	WOWAS_TRANSFORM_SEED_REVIEW_REQUIRED	source_fact_not_rewritten	https://whc.unesco.org/en/list/303	promote_only_when_relevant	user_preference|active_quest|scene_relevance|character_world_role	presentation_may_vary; source_fact_and_canon_immutable	one_domain_echo_per_scene	source_to_domain_seed
RWD-f973635356a7	RWS-0a85910ef6d5	Iguazu National Park	culture	B01_C041	EB-RW-00041	1	WOWAS_TRANSFORM_SEED_REVIEW_REQUIRED	source_fact_not_rewritten	https://whc.unesco.org/en/list/303	promote_only_when_relevant	user_preference|active_quest|scene_relevance|character_world_role	presentation_may_vary; source_fact_and_canon_immutable	one_domain_echo_per_scene	source_to_domain_seed
RWD-b24017b6d649	RWS-0a85910ef6d5	Iguazu National Park	hazard	B01_C041	EB-RW-00041	1	WOWAS_TRANSFORM_SEED_REVIEW_REQUIRED	source_fact_not_rewritten	https://whc.unesco.org/en/list/303	promote_only_when_relevant	user_preference|active_quest|scene_relevance|character_world_role	presentation_may_vary; source_fact_and_canon_immutable	one_domain_echo_per_scene	source_to_domain_seed
RWD-33625baadbd6	RWS-0a85910ef6d5	Iguazu National Park	route	B01_C041	EB-RW-00041	1	WOWAS_TRANSFORM_SEED_REVIEW_REQUIRED	source_fact_not_rewritten	https://whc.unesco.org/en/list/303	promote_only_when_relevant	user_preference|active_quest|scene_relevance|character_world_role	presentation_may_vary; source_fact_and_canon_immutable	one_domain_echo_per_scene	source_to_domain_seed
RWD-856c4069ddc4	RWS-0a85910ef6d5	Iguazu National Park	quest	B01_C041	EB-RW-00041	1	WOWAS_TRANSFORM_SEED_REVIEW_REQUIRED	source_fact_not_rewritten	https://whc.unesco.org/en/list/303	promote_only_when_relevant	user_preference|active_quest|scene_relevance|character_world_role	presentation_may_vary; source_fact_and_canon_immutable	one_domain_echo_per_scene	source_to_domain_seed
RWD-6e7bda9971c0	RWS-0a85910ef6d5	Iguazu National Park	character_world_role	B01_C041	EB-RW-00041	1	WOWAS_TRANSFORM_SEED_REVIEW_REQUIRED	source_fact_not_rewritten	https://whc.unesco.org/en/list/303	promote_only_when_relevant	user_preference|active_quest|scene_relevance|character_world_role	presentation_may_vary; source_fact_and_canon_immutable	one_domain_echo_per_scene	source_to_domain_seed
RWD-abb22ced659c	RWS-7eaad7bd8328	Cueva de las Manos, Río Pinturas	location	B01_C042	EB-RW-00042	1	WOWAS_TRANSFORM_SEED_REVIEW_REQUIRED	source_fact_not_rewritten	https://whc.unesco.org/en/list/936	promote_only_when_relevant	user_preference|active_quest|scene_relevance|character_world_role	presentation_may_vary; source_fact_and_canon_immutable	one_domain_echo_per_scene	source_to_domain_seed
RWD-7ea3c13a2ad0	RWS-7eaad7bd8328	Cueva de las Manos, Río Pinturas	artifact	B01_C042	EB-RW-00042	1	WOWAS_TRANSFORM_SEED_REVIEW_REQUIRED	source_fact_not_rewritten	https://whc.unesco.org/en/list/936	promote_only_when_relevant	user_preference|active_quest|scene_relevance|character_world_role	presentation_may_vary; source_fact_and_canon_immutable	one_domain_echo_per_scene	source_to_domain_seed
RWD-0d7646cf7d00	RWS-7eaad7bd8328	Cueva de las Manos, Río Pinturas	faction	B01_C042	EB-RW-00042	1	WOWAS_TRANSFORM_SEED_REVIEW_REQUIRED	source_fact_not_rewritten	https://whc.unesco.org/en/list/936	promote_only_when_relevant	user_preference|active_quest|scene_relevance|character_world_role	presentation_may_vary; source_fact_and_canon_immutable	one_domain_echo_per_scene	source_to_domain_seed
RWD-5ab919352c19	RWS-7eaad7bd8328	Cueva de las Manos, Río Pinturas	culture	B01_C042	EB-RW-00042	1	WOWAS_TRANSFORM_SEED_REVIEW_REQUIRED	source_fact_not_rewritten	https://whc.unesco.org/en/list/936	promote_only_when_relevant	user_preference|active_quest|scene_relevance|character_world_role	presentation_may_vary; source_fact_and_canon_immutable	one_domain_echo_per_scene	source_to_domain_seed
RWD-8932c3a07982	RWS-7eaad7bd8328	Cueva de las Manos, Río Pinturas	hazard	B01_C042	EB-RW-00042	1	WOWAS_TRANSFORM_SEED_REVIEW_REQUIRED	source_fact_not_rewritten	https://whc.unesco.org/en/list/936	promote_only_when_relevant	user_preference|active_quest|scene_relevance|character_world_role	presentation_may_vary; source_fact_and_canon_immutable	one_domain_echo_per_scene	source_to_domain_seed
RWD-7e20ebee018d	RWS-7eaad7bd8328	Cueva de las Manos, Río Pinturas	route	B01_C042	EB-RW-00042	1	WOWAS_TRANSFORM_SEED_REVIEW_REQUIRED	source_fact_not_rewritten	https://whc.unesco.org/en/list/936	promote_only_when_relevant	user_preference|active_quest|scene_relevance|character_world_role	presentation_may_vary; source_fact_and_canon_immutable	one_domain_echo_per_scene	source_to_domain_seed
RWD-6145d40d03b6	RWS-7eaad7bd8328	Cueva de las Manos, Río Pinturas	quest	B01_C042	EB-RW-00042	1	WOWAS_TRANSFORM_SEED_REVIEW_REQUIRED	source_fact_not_rewritten	https://whc.unesco.org/en/list/936	promote_only_when_relevant	user_preference|active_quest|scene_relevance|character_world_role	presentation_may_vary; source_fact_and_canon_immutable	one_domain_echo_per_scene	source_to_domain_seed
RWD-e29ac71e52f3	RWS-7eaad7bd8328	Cueva de las Manos, Río Pinturas	character_world_role	B01_C042	EB-RW-00042	1	WOWAS_TRANSFORM_SEED_REVIEW_REQUIRED	source_fact_not_rewritten	https://whc.unesco.org/en/list/936	promote_only_when_relevant	user_preference|active_quest|scene_relevance|character_world_role	presentation_may_vary; source_fact_and_canon_immutable	one_domain_echo_per_scene	source_to_domain_seed
RWD-760c01e6139f	RWS-941ab3130755	Los Alerces National Park	location	B01_C043	EB-RW-00043	1	WOWAS_TRANSFORM_SEED_REVIEW_REQUIRED	source_fact_not_rewritten	https://whc.unesco.org/en/list/1526	promote_only_when_relevant	user_preference|active_quest|scene_relevance|character_world_role	presentation_may_vary; source_fact_and_canon_immutable	one_domain_echo_per_scene	source_to_domain_seed
RWD-844d586e550b	RWS-941ab3130755	Los Alerces National Park	artifact	B01_C043	EB-RW-00043	1	WOWAS_TRANSFORM_SEED_REVIEW_REQUIRED	source_fact_not_rewritten	https://whc.unesco.org/en/list/1526	promote_only_when_relevant	user_preference|active_quest|scene_relevance|character_world_role	presentation_may_vary; source_fact_and_canon_immutable	one_domain_echo_per_scene	source_to_domain_seed
RWD-fef289a5375c	RWS-941ab3130755	Los Alerces National Park	faction	B01_C043	EB-RW-00043	1	WOWAS_TRANSFORM_SEED_REVIEW_REQUIRED	source_fact_not_rewritten	https://whc.unesco.org/en/list/1526	promote_only_when_relevant	user_preference|active_quest|scene_relevance|character_world_role	presentation_may_vary; source_fact_and_canon_immutable	one_domain_echo_per_scene	source_to_domain_seed
RWD-4dc3fec5b4f0	RWS-941ab3130755	Los Alerces National Park	culture	B01_C043	EB-RW-00043	1	WOWAS_TRANSFORM_SEED_REVIEW_REQUIRED	source_fact_not_rewritten	https://whc.unesco.org/en/list/1526	promote_only_when_relevant	user_preference|active_quest|scene_relevance|character_world_role	presentation_may_vary; source_fact_and_canon_immutable	one_domain_echo_per_scene	source_to_domain_seed
RWD-e2ffc3317781	RWS-941ab3130755	Los Alerces National Park	hazard	B01_C043	EB-RW-00043	1	WOWAS_TRANSFORM_SEED_REVIEW_REQUIRED	source_fact_not_rewritten	https://whc.unesco.org/en/list/1526	promote_only_when_relevant	user_preference|active_quest|scene_relevance|character_world_role	presentation_may_vary; source_fact_and_canon_immutable	one_domain_echo_per_scene	source_to_domain_seed
RWD-6763c23c0317	RWS-941ab3130755	Los Alerces National Park	route	B01_C043	EB-RW-00043	1	WOWAS_TRANSFORM_SEED_REVIEW_REQUIRED	source_fact_not_rewritten	https://whc.unesco.org/en/list/1526	promote_only_when_relevant	user_preference|active_quest|scene_relevance|character_world_role	presentation_may_vary; source_fact_and_canon_immutable	one_domain_echo_per_scene	source_to_domain_seed
RWD-e57ebf4aa0ee	RWS-941ab3130755	Los Alerces National Park	quest	B01_C043	EB-RW-00043	1	WOWAS_TRANSFORM_SEED_REVIEW_REQUIRED	source_fact_not_rewritten	https://whc.unesco.org/en/list/1526	promote_only_when_relevant	user_preference|active_quest|scene_relevance|character_world_role	presentation_may_vary; source_fact_and_canon_immutable	one_domain_echo_per_scene	source_to_domain_seed
RWD-fa0f3c6761ae	RWS-941ab3130755	Los Alerces National Park	character_world_role	B01_C043	EB-RW-00043	1	WOWAS_TRANSFORM_SEED_REVIEW_REQUIRED	source_fact_not_rewritten	https://whc.unesco.org/en/list/1526	promote_only_when_relevant	user_preference|active_quest|scene_relevance|character_world_role	presentation_may_vary; source_fact_and_canon_immutable	one_domain_echo_per_scene	source_to_domain_seed
RWD-52795ad02c7c	RWS-1e503c01299d	ESMA Museum and Site of Memory	location	B01_C044	EB-RW-00044	1	WOWAS_TRANSFORM_SEED_REVIEW_REQUIRED	source_fact_not_rewritten	https://whc.unesco.org/en/list/1681	promote_only_when_relevant	user_preference|active_quest|scene_relevance|character_world_role	presentation_may_vary; source_fact_and_canon_immutable	one_domain_echo_per_scene	source_to_domain_seed
RWD-f715d0996492	RWS-1e503c01299d	ESMA Museum and Site of Memory	artifact	B01_C044	EB-RW-00044	1	WOWAS_TRANSFORM_SEED_REVIEW_REQUIRED	source_fact_not_rewritten	https://whc.unesco.org/en/list/1681	promote_only_when_relevant	user_preference|active_quest|scene_relevance|character_world_role	presentation_may_vary; source_fact_and_canon_immutable	one_domain_echo_per_scene	source_to_domain_seed
RWD-e69b9baf38b6	RWS-1e503c01299d	ESMA Museum and Site of Memory	faction	B01_C044	EB-RW-00044	1	WOWAS_TRANSFORM_SEED_REVIEW_REQUIRED	source_fact_not_rewritten	https://whc.unesco.org/en/list/1681	promote_only_when_relevant	user_preference|active_quest|scene_relevance|character_world_role	presentation_may_vary; source_fact_and_canon_immutable	one_domain_echo_per_scene	source_to_domain_seed
RWD-2e80f2d80adb	RWS-1e503c01299d	ESMA Museum and Site of Memory	culture	B01_C044	EB-RW-00044	1	WOWAS_TRANSFORM_SEED_REVIEW_REQUIRED	source_fact_not_rewritten	https://whc.unesco.org/en/list/1681	promote_only_when_relevant	user_preference|active_quest|scene_relevance|character_world_role	presentation_may_vary; source_fact_and_canon_immutable	one_domain_echo_per_scene	source_to_domain_seed
RWD-0f5714ed2646	RWS-1e503c01299d	ESMA Museum and Site of Memory	hazard	B01_C044	EB-RW-00044	1	WOWAS_TRANSFORM_SEED_REVIEW_REQUIRED	source_fact_not_rewritten	https://whc.unesco.org/en/list/1681	promote_only_when_relevant	user_preference|active_quest|scene_relevance|character_world_role	presentation_may_vary; source_fact_and_canon_immutable	one_domain_echo_per_scene	source_to_domain_seed
RWD-05df6140994e	RWS-1e503c01299d	ESMA Museum and Site of Memory	route	B01_C044	EB-RW-00044	1	WOWAS_TRANSFORM_SEED_REVIEW_REQUIRED	source_fact_not_rewritten	https://whc.unesco.org/en/list/1681	promote_only_when_relevant	user_preference|active_quest|scene_relevance|character_world_role	presentation_may_vary; source_fact_and_canon_immutable	one_domain_echo_per_scene	source_to_domain_seed
RWD-6a039b723753	RWS-1e503c01299d	ESMA Museum and Site of Memory	quest	B01_C044	EB-RW-00044	1	WOWAS_TRANSFORM_SEED_REVIEW_REQUIRED	source_fact_not_rewritten	https://whc.unesco.org/en/list/1681	promote_only_when_relevant	user_preference|active_quest|scene_relevance|character_world_role	presentation_may_vary; source_fact_and_canon_immutable	one_domain_echo_per_scene	source_to_domain_seed
RWD-84dd4354155f	RWS-1e503c01299d	ESMA Museum and Site of Memory	character_world_role	B01_C044	EB-RW-00044	1	WOWAS_TRANSFORM_SEED_REVIEW_REQUIRED	source_fact_not_rewritten	https://whc.unesco.org/en/list/1681	promote_only_when_relevant	user_preference|active_quest|scene_relevance|character_world_role	presentation_may_vary; source_fact_and_canon_immutable	one_domain_echo_per_scene	source_to_domain_seed
RWD-6a63ef72fea2	RWS-101ce44f4817	Qhapaq Ñan, Andean Road System	location	B01_C045	EB-RW-00045	1	WOWAS_TRANSFORM_SEED_REVIEW_REQUIRED	source_fact_not_rewritten	https://whc.unesco.org/en/list/1459	promote_only_when_relevant	user_preference|active_quest|scene_relevance|character_world_role	presentation_may_vary; source_fact_and_canon_immutable	one_domain_echo_per_scene	source_to_domain_seed
RWD-a8a187bc2817	RWS-101ce44f4817	Qhapaq Ñan, Andean Road System	artifact	B01_C045	EB-RW-00045	1	WOWAS_TRANSFORM_SEED_REVIEW_REQUIRED	source_fact_not_rewritten	https://whc.unesco.org/en/list/1459	promote_only_when_relevant	user_preference|active_quest|scene_relevance|character_world_role	presentation_may_vary; source_fact_and_canon_immutable	one_domain_echo_per_scene	source_to_domain_seed
RWD-19e44a82bc6d	RWS-101ce44f4817	Qhapaq Ñan, Andean Road System	faction	B01_C045	EB-RW-00045	1	WOWAS_TRANSFORM_SEED_REVIEW_REQUIRED	source_fact_not_rewritten	https://whc.unesco.org/en/list/1459	promote_only_when_relevant	user_preference|active_quest|scene_relevance|character_world_role	presentation_may_vary; source_fact_and_canon_immutable	one_domain_echo_per_scene	source_to_domain_seed
RWD-d814df045913	RWS-101ce44f4817	Qhapaq Ñan, Andean Road System	culture	B01_C045	EB-RW-00045	1	WOWAS_TRANSFORM_SEED_REVIEW_REQUIRED	source_fact_not_rewritten	https://whc.unesco.org/en/list/1459	promote_only_when_relevant	user_preference|active_quest|scene_relevance|character_world_role	presentation_may_vary; source_fact_and_canon_immutable	one_domain_echo_per_scene	source_to_domain_seed
RWD-ed8c40ec2754	RWS-101ce44f4817	Qhapaq Ñan, Andean Road System	hazard	B01_C045	EB-RW-00045	1	WOWAS_TRANSFORM_SEED_REVIEW_REQUIRED	source_fact_not_rewritten	https://whc.unesco.org/en/list/1459	promote_only_when_relevant	user_preference|active_quest|scene_relevance|character_world_role	presentation_may_vary; source_fact_and_canon_immutable	one_domain_echo_per_scene	source_to_domain_seed
RWD-8d8714ba2015	RWS-101ce44f4817	Qhapaq Ñan, Andean Road System	route	B01_C045	EB-RW-00045	1	WOWAS_TRANSFORM_SEED_REVIEW_REQUIRED	source_fact_not_rewritten	https://whc.unesco.org/en/list/1459	promote_only_when_relevant	user_preference|active_quest|scene_relevance|character_world_role	presentation_may_vary; source_fact_and_canon_immutable	one_domain_echo_per_scene	source_to_domain_seed
RWD-f4d30a0ffc9b	RWS-101ce44f4817	Qhapaq Ñan, Andean Road System	quest	B01_C045	EB-RW-00045	1	WOWAS_TRANSFORM_SEED_REVIEW_REQUIRED	source_fact_not_rewritten	https://whc.unesco.org/en/list/1459	promote_only_when_relevant	user_preference|active_quest|scene_relevance|character_world_role	presentation_may_vary; source_fact_and_canon_immutable	one_domain_echo_per_scene	source_to_domain_seed
RWD-65b5ab28448c	RWS-101ce44f4817	Qhapaq Ñan, Andean Road System	character_world_role	B01_C045	EB-RW-00045	1	WOWAS_TRANSFORM_SEED_REVIEW_REQUIRED	source_fact_not_rewritten	https://whc.unesco.org/en/list/1459	promote_only_when_relevant	user_preference|active_quest|scene_relevance|character_world_role	presentation_may_vary; source_fact_and_canon_immutable	one_domain_echo_per_scene	source_to_domain_seed
RWD-661176c5ada7	RWS-62f8f95c46c6	Madriu-Perafita-Claror Valley	location	B01_C046	EB-RW-00046	1	WOWAS_TRANSFORM_SEED_REVIEW_REQUIRED	source_fact_not_rewritten	https://whc.unesco.org/en/list/1160	promote_only_when_relevant	user_preference|active_quest|scene_relevance|character_world_role	presentation_may_vary; source_fact_and_canon_immutable	one_domain_echo_per_scene	source_to_domain_seed
RWD-cf531ab350cf	RWS-62f8f95c46c6	Madriu-Perafita-Claror Valley	artifact	B01_C046	EB-RW-00046	1	WOWAS_TRANSFORM_SEED_REVIEW_REQUIRED	source_fact_not_rewritten	https://whc.unesco.org/en/list/1160	promote_only_when_relevant	user_preference|active_quest|scene_relevance|character_world_role	presentation_may_vary; source_fact_and_canon_immutable	one_domain_echo_per_scene	source_to_domain_seed
RWD-4664a472f29c	RWS-62f8f95c46c6	Madriu-Perafita-Claror Valley	faction	B01_C046	EB-RW-00046	1	WOWAS_TRANSFORM_SEED_REVIEW_REQUIRED	source_fact_not_rewritten	https://whc.unesco.org/en/list/1160	promote_only_when_relevant	user_preference|active_quest|scene_relevance|character_world_role	presentation_may_vary; source_fact_and_canon_immutable	one_domain_echo_per_scene	source_to_domain_seed
RWD-3a2c401f30bb	RWS-62f8f95c46c6	Madriu-Perafita-Claror Valley	culture	B01_C046	EB-RW-00046	1	WOWAS_TRANSFORM_SEED_REVIEW_REQUIRED	source_fact_not_rewritten	https://whc.unesco.org/en/list/1160	promote_only_when_relevant	user_preference|active_quest|scene_relevance|character_world_role	presentation_may_vary; source_fact_and_canon_immutable	one_domain_echo_per_scene	source_to_domain_seed
RWD-ef4553733ddc	RWS-62f8f95c46c6	Madriu-Perafita-Claror Valley	hazard	B01_C046	EB-RW-00046	1	WOWAS_TRANSFORM_SEED_REVIEW_REQUIRED	source_fact_not_rewritten	https://whc.unesco.org/en/list/1160	promote_only_when_relevant	user_preference|active_quest|scene_relevance|character_world_role	presentation_may_vary; source_fact_and_canon_immutable	one_domain_echo_per_scene	source_to_domain_seed
RWD-21a7246fe45b	RWS-62f8f95c46c6	Madriu-Perafita-Claror Valley	route	B01_C046	EB-RW-00046	1	WOWAS_TRANSFORM_SEED_REVIEW_REQUIRED	source_fact_not_rewritten	https://whc.unesco.org/en/list/1160	promote_only_when_relevant	user_preference|active_quest|scene_relevance|character_world_role	presentation_may_vary; source_fact_and_canon_immutable	one_domain_echo_per_scene	source_to_domain_seed
RWD-f03079c00606	RWS-62f8f95c46c6	Madriu-Perafita-Claror Valley	quest	B01_C046	EB-RW-00046	1	WOWAS_TRANSFORM_SEED_REVIEW_REQUIRED	source_fact_not_rewritten	https://whc.unesco.org/en/list/1160	promote_only_when_relevant	user_preference|active_quest|scene_relevance|character_world_role	presentation_may_vary; source_fact_and_canon_immutable	one_domain_echo_per_scene	source_to_domain_seed
RWD-e388944b75c0	RWS-62f8f95c46c6	Madriu-Perafita-Claror Valley	character_world_role	B01_C046	EB-RW-00046	1	WOWAS_TRANSFORM_SEED_REVIEW_REQUIRED	source_fact_not_rewritten	https://whc.unesco.org/en/list/1160	promote_only_when_relevant	user_preference|active_quest|scene_relevance|character_world_role	presentation_may_vary; source_fact_and_canon_immutable	one_domain_echo_per_scene	source_to_domain_seed
RWD-21a4bd72153b	RWS-34315ef14af6	Mbanza Kongo	location	B01_C047	EB-RW-00047	1	WOWAS_TRANSFORM_SEED_REVIEW_REQUIRED	source_fact_not_rewritten	https://whc.unesco.org/en/list/1511	promote_only_when_relevant	user_preference|active_quest|scene_relevance|character_world_role	presentation_may_vary; source_fact_and_canon_immutable	one_domain_echo_per_scene	source_to_domain_seed
RWD-70c2ec1ec0e2	RWS-34315ef14af6	Mbanza Kongo	artifact	B01_C047	EB-RW-00047	1	WOWAS_TRANSFORM_SEED_REVIEW_REQUIRED	source_fact_not_rewritten	https://whc.unesco.org/en/list/1511	promote_only_when_relevant	user_preference|active_quest|scene_relevance|character_world_role	presentation_may_vary; source_fact_and_canon_immutable	one_domain_echo_per_scene	source_to_domain_seed
RWD-e910165f84af	RWS-34315ef14af6	Mbanza Kongo	faction	B01_C047	EB-RW-00047	1	WOWAS_TRANSFORM_SEED_REVIEW_REQUIRED	source_fact_not_rewritten	https://whc.unesco.org/en/list/1511	promote_only_when_relevant	user_preference|active_quest|scene_relevance|character_world_role	presentation_may_vary; source_fact_and_canon_immutable	one_domain_echo_per_scene	source_to_domain_seed
RWD-1e27aa916d52	RWS-34315ef14af6	Mbanza Kongo	culture	B01_C047	EB-RW-00047	1	WOWAS_TRANSFORM_SEED_REVIEW_REQUIRED	source_fact_not_rewritten	https://whc.unesco.org/en/list/1511	promote_only_when_relevant	user_preference|active_quest|scene_relevance|character_world_role	presentation_may_vary; source_fact_and_canon_immutable	one_domain_echo_per_scene	source_to_domain_seed
RWD-08fc2d4951b4	RWS-34315ef14af6	Mbanza Kongo	hazard	B01_C047	EB-RW-00047	1	WOWAS_TRANSFORM_SEED_REVIEW_REQUIRED	source_fact_not_rewritten	https://whc.unesco.org/en/list/1511	promote_only_when_relevant	user_preference|active_quest|scene_relevance|character_world_role	presentation_may_vary; source_fact_and_canon_immutable	one_domain_echo_per_scene	source_to_domain_seed
RWD-da5bdac1200c	RWS-34315ef14af6	Mbanza Kongo	route	B01_C047	EB-RW-00047	1	WOWAS_TRANSFORM_SEED_REVIEW_REQUIRED	source_fact_not_rewritten	https://whc.unesco.org/en/list/1511	promote_only_when_relevant	user_preference|active_quest|scene_relevance|character_world_role	presentation_may_vary; source_fact_and_canon_immutable	one_domain_echo_per_scene	source_to_domain_seed
RWD-1f7159da799c	RWS-34315ef14af6	Mbanza Kongo	quest	B01_C047	EB-RW-00047	1	WOWAS_TRANSFORM_SEED_REVIEW_REQUIRED	source_fact_not_rewritten	https://whc.unesco.org/en/list/1511	promote_only_when_relevant	user_preference|active_quest|scene_relevance|character_world_role	presentation_may_vary; source_fact_and_canon_immutable	one_domain_echo_per_scene	source_to_domain_seed
RWD-5decc0714215	RWS-34315ef14af6	Mbanza Kongo	character_world_role	B01_C047	EB-RW-00047	1	WOWAS_TRANSFORM_SEED_REVIEW_REQUIRED	source_fact_not_rewritten	https://whc.unesco.org/en/list/1511	promote_only_when_relevant	user_preference|active_quest|scene_relevance|character_world_role	presentation_may_vary; source_fact_and_canon_immutable	one_domain_echo_per_scene	source_to_domain_seed
RWD-d47d6c2e2a2f	RWS-332db0e94c96	Historic Centres of Berat and Gjirokastra	location	B01_C048	EB-RW-00048	1	WOWAS_TRANSFORM_SEED_REVIEW_REQUIRED	source_fact_not_rewritten	https://whc.unesco.org/en/list/569	promote_only_when_relevant	user_preference|active_quest|scene_relevance|character_world_role	presentation_may_vary; source_fact_and_canon_immutable	one_domain_echo_per_scene	source_to_domain_seed
RWD-33369a486281	RWS-332db0e94c96	Historic Centres of Berat and Gjirokastra	artifact	B01_C048	EB-RW-00048	1	WOWAS_TRANSFORM_SEED_REVIEW_REQUIRED	source_fact_not_rewritten	https://whc.unesco.org/en/list/569	promote_only_when_relevant	user_preference|active_quest|scene_relevance|character_world_role	presentation_may_vary; source_fact_and_canon_immutable	one_domain_echo_per_scene	source_to_domain_seed
RWD-18334db51b6e	RWS-332db0e94c96	Historic Centres of Berat and Gjirokastra	faction	B01_C048	EB-RW-00048	1	WOWAS_TRANSFORM_SEED_REVIEW_REQUIRED	source_fact_not_rewritten	https://whc.unesco.org/en/list/569	promote_only_when_relevant	user_preference|active_quest|scene_relevance|character_world_role	presentation_may_vary; source_fact_and_canon_immutable	one_domain_echo_per_scene	source_to_domain_seed
RWD-6aa280ffa383	RWS-332db0e94c96	Historic Centres of Berat and Gjirokastra	culture	B01_C048	EB-RW-00048	1	WOWAS_TRANSFORM_SEED_REVIEW_REQUIRED	source_fact_not_rewritten	https://whc.unesco.org/en/list/569	promote_only_when_relevant	user_preference|active_quest|scene_relevance|character_world_role	presentation_may_vary; source_fact_and_canon_immutable	one_domain_echo_per_scene	source_to_domain_seed
RWD-835a3e190321	RWS-332db0e94c96	Historic Centres of Berat and Gjirokastra	hazard	B01_C048	EB-RW-00048	1	WOWAS_TRANSFORM_SEED_REVIEW_REQUIRED	source_fact_not_rewritten	https://whc.unesco.org/en/list/569	promote_only_when_relevant	user_preference|active_quest|scene_relevance|character_world_role	presentation_may_vary; source_fact_and_canon_immutable	one_domain_echo_per_scene	source_to_domain_seed
RWD-38e870c7cceb	RWS-332db0e94c96	Historic Centres of Berat and Gjirokastra	route	B01_C048	EB-RW-00048	1	WOWAS_TRANSFORM_SEED_REVIEW_REQUIRED	source_fact_not_rewritten	https://whc.unesco.org/en/list/569	promote_only_when_relevant	user_preference|active_quest|scene_relevance|character_world_role	presentation_may_vary; source_fact_and_canon_immutable	one_domain_echo_per_scene	source_to_domain_seed
RWD-ce736cd1c5f5	RWS-332db0e94c96	Historic Centres of Berat and Gjirokastra	quest	B01_C048	EB-RW-00048	1	WOWAS_TRANSFORM_SEED_REVIEW_REQUIRED	source_fact_not_rewritten	https://whc.unesco.org/en/list/569	promote_only_when_relevant	user_preference|active_quest|scene_relevance|character_world_role	presentation_may_vary; source_fact_and_canon_immutable	one_domain_echo_per_scene	source_to_domain_seed
RWD-1242dfa2763d	RWS-332db0e94c96	Historic Centres of Berat and Gjirokastra	character_world_role	B01_C048	EB-RW-00048	1	WOWAS_TRANSFORM_SEED_REVIEW_REQUIRED	source_fact_not_rewritten	https://whc.unesco.org/en/list/569	promote_only_when_relevant	user_preference|active_quest|scene_relevance|character_world_role	presentation_may_vary; source_fact_and_canon_immutable	one_domain_echo_per_scene	source_to_domain_seed
RWD-7767d0a93b93	RWS-3c021c24f074	Monastery of Geghard and the Upper Azat Valley	location	B01_000	EB-RW-00049	1	WOWAS_TRANSFORM_SEED_REVIEW_REQUIRED	source_fact_not_rewritten	https://whc.unesco.org/en/list/960	promote_only_when_relevant	user_preference|active_quest|scene_relevance|character_world_role	presentation_may_vary; source_fact_and_canon_immutable	one_domain_echo_per_scene	source_to_domain_seed
RWD-e0cebc81f739	RWS-3c021c24f074	Monastery of Geghard and the Upper Azat Valley	artifact	B01_000	EB-RW-00049	1	WOWAS_TRANSFORM_SEED_REVIEW_REQUIRED	source_fact_not_rewritten	https://whc.unesco.org/en/list/960	promote_only_when_relevant	user_preference|active_quest|scene_relevance|character_world_role	presentation_may_vary; source_fact_and_canon_immutable	one_domain_echo_per_scene	source_to_domain_seed
RWD-87f8b2c865dc	RWS-3c021c24f074	Monastery of Geghard and the Upper Azat Valley	faction	B01_000	EB-RW-00049	1	WOWAS_TRANSFORM_SEED_REVIEW_REQUIRED	source_fact_not_rewritten	https://whc.unesco.org/en/list/960	promote_only_when_relevant	user_preference|active_quest|scene_relevance|character_world_role	presentation_may_vary; source_fact_and_canon_immutable	one_domain_echo_per_scene	source_to_domain_seed
RWD-9bf4dfc74dca	RWS-3c021c24f074	Monastery of Geghard and the Upper Azat Valley	culture	B01_000	EB-RW-00049	1	WOWAS_TRANSFORM_SEED_REVIEW_REQUIRED	source_fact_not_rewritten	https://whc.unesco.org/en/list/960	promote_only_when_relevant	user_preference|active_quest|scene_relevance|character_world_role	presentation_may_vary; source_fact_and_canon_immutable	one_domain_echo_per_scene	source_to_domain_seed
RWD-4f7d522da58f	RWS-3c021c24f074	Monastery of Geghard and the Upper Azat Valley	hazard	B01_000	EB-RW-00049	1	WOWAS_TRANSFORM_SEED_REVIEW_REQUIRED	source_fact_not_rewritten	https://whc.unesco.org/en/list/960	promote_only_when_relevant	user_preference|active_quest|scene_relevance|character_world_role	presentation_may_vary; source_fact_and_canon_immutable	one_domain_echo_per_scene	source_to_domain_seed
RWD-181fc9f52e4b	RWS-3c021c24f074	Monastery of Geghard and the Upper Azat Valley	route	B01_000	EB-RW-00049	1	WOWAS_TRANSFORM_SEED_REVIEW_REQUIRED	source_fact_not_rewritten	https://whc.unesco.org/en/list/960	promote_only_when_relevant	user_preference|active_quest|scene_relevance|character_world_role	presentation_may_vary; source_fact_and_canon_immutable	one_domain_echo_per_scene	source_to_domain_seed
RWD-55b9e2b10b44	RWS-3c021c24f074	Monastery of Geghard and the Upper Azat Valley	quest	B01_000	EB-RW-00049	1	WOWAS_TRANSFORM_SEED_REVIEW_REQUIRED	source_fact_not_rewritten	https://whc.unesco.org/en/list/960	promote_only_when_relevant	user_preference|active_quest|scene_relevance|character_world_role	presentation_may_vary; source_fact_and_canon_immutable	one_domain_echo_per_scene	source_to_domain_seed
RWD-13327a6b4c01	RWS-3c021c24f074	Monastery of Geghard and the Upper Azat Valley	character_world_role	B01_000	EB-RW-00049	1	WOWAS_TRANSFORM_SEED_REVIEW_REQUIRED	source_fact_not_rewritten	https://whc.unesco.org/en/list/960	promote_only_when_relevant	user_preference|active_quest|scene_relevance|character_world_role	presentation_may_vary; source_fact_and_canon_immutable	one_domain_echo_per_scene	source_to_domain_seed
RWD-8b3a18a8db55	RWS-989b07fd9113	Royal Exhibition Building and Carlton Gardens	location	B01_001	EB-RW-00050	1	WOWAS_TRANSFORM_SEED_REVIEW_REQUIRED	source_fact_not_rewritten	https://whc.unesco.org/en/list/1131	promote_only_when_relevant	user_preference|active_quest|scene_relevance|character_world_role	presentation_may_vary; source_fact_and_canon_immutable	one_domain_echo_per_scene	source_to_domain_seed
RWD-543b395e9eab	RWS-989b07fd9113	Royal Exhibition Building and Carlton Gardens	artifact	B01_001	EB-RW-00050	1	WOWAS_TRANSFORM_SEED_REVIEW_REQUIRED	source_fact_not_rewritten	https://whc.unesco.org/en/list/1131	promote_only_when_relevant	user_preference|active_quest|scene_relevance|character_world_role	presentation_may_vary; source_fact_and_canon_immutable	one_domain_echo_per_scene	source_to_domain_seed
RWD-cf741f0de5cc	RWS-989b07fd9113	Royal Exhibition Building and Carlton Gardens	faction	B01_001	EB-RW-00050	1	WOWAS_TRANSFORM_SEED_REVIEW_REQUIRED	source_fact_not_rewritten	https://whc.unesco.org/en/list/1131	promote_only_when_relevant	user_preference|active_quest|scene_relevance|character_world_role	presentation_may_vary; source_fact_and_canon_immutable	one_domain_echo_per_scene	source_to_domain_seed
RWD-a1914c9ceae0	RWS-989b07fd9113	Royal Exhibition Building and Carlton Gardens	culture	B01_001	EB-RW-00050	1	WOWAS_TRANSFORM_SEED_REVIEW_REQUIRED	source_fact_not_rewritten	https://whc.unesco.org/en/list/1131	promote_only_when_relevant	user_preference|active_quest|scene_relevance|character_world_role	presentation_may_vary; source_fact_and_canon_immutable	one_domain_echo_per_scene	source_to_domain_seed
RWD-a9288560138e	RWS-989b07fd9113	Royal Exhibition Building and Carlton Gardens	hazard	B01_001	EB-RW-00050	1	WOWAS_TRANSFORM_SEED_REVIEW_REQUIRED	source_fact_not_rewritten	https://whc.unesco.org/en/list/1131	promote_only_when_relevant	user_preference|active_quest|scene_relevance|character_world_role	presentation_may_vary; source_fact_and_canon_immutable	one_domain_echo_per_scene	source_to_domain_seed
RWD-2cb2a70d25cd	RWS-989b07fd9113	Royal Exhibition Building and Carlton Gardens	route	B01_001	EB-RW-00050	1	WOWAS_TRANSFORM_SEED_REVIEW_REQUIRED	source_fact_not_rewritten	https://whc.unesco.org/en/list/1131	promote_only_when_relevant	user_preference|active_quest|scene_relevance|character_world_role	presentation_may_vary; source_fact_and_canon_immutable	one_domain_echo_per_scene	source_to_domain_seed
RWD-6d03c6434710	RWS-989b07fd9113	Royal Exhibition Building and Carlton Gardens	quest	B01_001	EB-RW-00050	1	WOWAS_TRANSFORM_SEED_REVIEW_REQUIRED	source_fact_not_rewritten	https://whc.unesco.org/en/list/1131	promote_only_when_relevant	user_preference|active_quest|scene_relevance|character_world_role	presentation_may_vary; source_fact_and_canon_immutable	one_domain_echo_per_scene	source_to_domain_seed
RWD-3cb8e5c3b632	RWS-989b07fd9113	Royal Exhibition Building and Carlton Gardens	character_world_role	B01_001	EB-RW-00050	1	WOWAS_TRANSFORM_SEED_REVIEW_REQUIRED	source_fact_not_rewritten	https://whc.unesco.org/en/list/1131	promote_only_when_relevant	user_preference|active_quest|scene_relevance|character_world_role	presentation_may_vary; source_fact_and_canon_immutable	one_domain_echo_per_scene	source_to_domain_seed
