serial	domain	name	source_refs	term_hits	interaction_layers	generator_status	status
WDM-STRUCTURE-ac68e46d519b	structure	actually origin-story material for the	canon/canonical_story_tree/all_25_books_latest_full_cycle.txt|canon/canonical_story_tree/books/Book_01_Choices_Make_World/book_content.txt	structure	timeline|relationships|scenes|quests|world	implemented_reference_map	reference_extracted_pending_domain_review
WDM-STRUCTURE-17ba08d8e542	structure	larger saga	canon/canonical_story_tree/all_25_books_latest_full_cycle.txt|canon/canonical_story_tree/books/Book_01_Choices_Make_World/book_content.txt	structure	timeline|relationships|scenes|quests|world	implemented_reference_map	reference_extracted_pending_domain_review
WDM-STRUCTURE-c3a1d1e318eb	structure	S248 The-First-Book-Closes-on-Expansion-Pressure	canon/canonical_story_tree/all_25_books_latest_full_cycle.txt|canon/canonical_story_tree/books/Book_01_Choices_Make_World/book_content.txt	structure	timeline|relationships|scenes|quests|world	implemented_reference_map	reference_extracted_pending_domain_review
WDM-STRUCTURE-4c652f50b888	structure	Instead of ending small	canon/canonical_story_tree/all_25_books_latest_full_cycle.txt|canon/canonical_story_tree/books/Book_01_Choices_Make_World/book_content.txt	structure	timeline|relationships|scenes|quests|world	implemented_reference_map	reference_extracted_pending_domain_review
WDM-STRUCTURE-f607d1c56ae1	structure	Book	canon/canonical_story_tree/all_25_books_latest_full_cycle.txt|canon/canonical_story_tree/books/Book_01_Choices_Make_World/book_content.txt|canon/canonical_story_tree/books/Book_02_The_Diary_And_The_Blue_Light/book_content.txt|canon/canonical_story_tree/books/Book_03_The_First_Thread/book_content.txt|canon/canonical_story_tree/books/Book_04_Crocodile_Smile/book_content.txt|canon/canonical_story_tree/books/Book_07_The_Rift_Widens/book_content.txt|canon/canonical_story_tree/books/Book_10_Mack_Falls/book_content.txt|canon/canonical_story_tree/books/Book_11_The_Portal_Opens/book_content.txt|canon/canonical_story_tree/books/Book_12_Stasis/book_content.txt|canon/canonical_story_tree/books/Book_13_The_Afterwake/book_content.txt|canon/canonical_story_tree/books/Book_14_The_Long_Reorientation/book_content.txt|canon/canonical_story_tree/books/Book_15_Suffocating_In_Silence/book_content.txt|canon/canonical_story_tree/books/Book_16_The_Deepening_World/book_content.txt|canon/canonical_story_tree/books/Book_17_Black_Heart_Scar/book_content.txt|canon/canonical_story_tree/books/Book_18_Strange_Gravity/book_content.txt|canon/canonical_story_tree/books/Book_19_The_Cracking_Core/book_content.txt|canon/canonical_story_tree/books/Book_20_The_Beforemath/book_content.txt|canon/canonical_story_tree/books/Book_21_The_Final_Descent/book_content.txt|canon/canonical_story_tree/books/Book_22_The_Last_Open_Gate/book_content.txt|canon/canonical_story_tree/books/Book_23_The_Final_Resonance/book_content.txt|canon/canonical_story_tree/books/Book_24_Born_To_Die/book_content.txt|canon/canonical_story_tree/books/Book_25_Death_Is_Rebirth/book_content.txt	bridge|portal|shelter|structure|well	timeline|relationships|scenes|quests|world	implemented_reference_map	reference_extracted_pending_domain_review
WDM-STRUCTURE-dfe61ed6fbed	structure	now points outward toward the	canon/canonical_story_tree/all_25_books_latest_full_cycle.txt|canon/canonical_story_tree/books/Book_01_Choices_Make_World/book_content.txt	structure	timeline|relationships|scenes|quests|world	implemented_reference_map	reference_extracted_pending_domain_review
WDM-STRUCTURE-d31bd9584337	structure	larger structure	canon/canonical_story_tree/all_25_books_latest_full_cycle.txt|canon/canonical_story_tree/books/Book_01_Choices_Make_World/book_content.txt	structure	timeline|relationships|scenes|quests|world	implemented_reference_map	reference_extracted_pending_domain_review
WDM-STRUCTURE-ed9e8d06a31f	structure	merged from	canon/canonical_story_tree/all_25_books_latest_full_cycle.txt|canon/canonical_story_tree/books/Book_01_Choices_Make_World/book_content.txt	structure	timeline|relationships|scenes|quests|world	implemented_reference_map	reference_extracted_pending_domain_review
WDM-STRUCTURE-bcb9352668b8	structure	scene	canon/canonical_story_tree/all_25_books_latest_full_cycle.txt|canon/canonical_story_tree/books/Book_01_Choices_Make_World/book_content.txt|canon/canonical_story_tree/books/Book_11_The_Portal_Opens/book_content.txt|canon/canonical_story_tree/books/Book_15_Suffocating_In_Silence/book_content.txt|canon/canonical_story_tree/books/Book_25_Death_Is_Rebirth/book_content.txt|canon/canonical_story_tree/world/wowas_world_zone_map.json	portal|settlement|shelter|structure|well	timeline|relationships|scenes|quests|world	implemented_reference_map	reference_extracted_pending_domain_review
WDM-STRUCTURE-6ea8fc306f02	structure	expansion	canon/canonical_story_tree/all_25_books_latest_full_cycle.txt|canon/canonical_story_tree/books/Book_01_Choices_Make_World/book_content.txt|canon/canonical_story_tree/books/Book_11_The_Portal_Opens/book_content.txt|canon/canonical_story_tree/books/Book_15_Suffocating_In_Silence/book_content.txt	portal|shelter|structure	timeline|relationships|scenes|quests|world	implemented_reference_map	reference_extracted_pending_domain_review
WDM-STRUCTURE-3f0f4d81796a	structure	part4	canon/canonical_story_tree/all_25_books_latest_full_cycle.txt|canon/canonical_story_tree/books/Book_01_Choices_Make_World/book_content.txt	structure	timeline|relationships|scenes|quests|world	implemented_reference_map	reference_extracted_pending_domain_review
WDM-STRUCTURE-ff55bbf1f6a8	structure	Scene Expansion	canon/canonical_story_tree/all_25_books_latest_full_cycle.txt|canon/canonical_story_tree/books/Book_01_Choices_Make_World/book_content.txt|canon/canonical_story_tree/books/Book_11_The_Portal_Opens/book_content.txt|canon/canonical_story_tree/books/Book_15_Suffocating_In_Silence/book_content.txt	portal|shelter|structure	timeline|relationships|scenes|quests|world	implemented_reference_map	reference_extracted_pending_domain_review
WDM-STRUCTURE-105d09a7b986	structure	Part	canon/canonical_story_tree/all_25_books_latest_full_cycle.txt|canon/canonical_story_tree/books/Book_01_Choices_Make_World/book_content.txt|canon/canonical_story_tree/books/Book_11_The_Portal_Opens/book_content.txt|canon/canonical_story_tree/books/Book_15_Suffocating_In_Silence/book_content.txt	portal|shelter|structure	timeline|relationships|scenes|quests|world	implemented_reference_map	reference_extracted_pending_domain_review
WDM-STRUCTURE-35fbd962f0a3	structure	Covers Beats	canon/canonical_story_tree/all_25_books_latest_full_cycle.txt|canon/canonical_story_tree/books/Book_01_Choices_Make_World/book_content.txt|canon/canonical_story_tree/books/Book_11_The_Portal_Opens/book_content.txt|canon/canonical_story_tree/books/Book_15_Suffocating_In_Silence/book_content.txt	portal|shelter|structure	timeline|relationships|scenes|quests|world	implemented_reference_map	reference_extracted_pending_domain_review
WDM-STRUCTURE-1ac3ef5242d5	structure	B01	canon/canonical_story_tree/all_25_books_latest_full_cycle.txt|canon/canonical_story_tree/books/Book_01_Choices_Make_World/book_content.txt	bridge|shelter|structure|well	timeline|relationships|scenes|quests|world	implemented_reference_map	reference_extracted_pending_domain_review
WDM-STRUCTURE-6470b1bc6863	structure	The Outside World Demands Him	canon/canonical_story_tree/all_25_books_latest_full_cycle.txt|canon/canonical_story_tree/books/Book_01_Choices_Make_World/book_content.txt	shelter|structure	timeline|relationships|scenes|quests|world	implemented_reference_map	reference_extracted_pending_domain_review
WDM-STRUCTURE-748e71ed4f21	structure	"Back
target"	canon/canonical_story_tree/all_25_books_latest_full_cycle.txt|canon/canonical_story_tree/books/Book_01_Choices_Make_World/book_content.txt	shelter|structure	timeline|relationships|scenes|quests|world	implemented_reference_map	reference_extracted_pending_domain_review
WDM-STRUCTURE-eb5c48e4bf3d	structure	scenes	canon/canonical_story_tree/all_25_books_latest_full_cycle.txt|canon/canonical_story_tree/books/Book_01_Choices_Make_World/book_content.txt|canon/canonical_story_tree/books/Book_03_The_First_Thread/book_content.txt|canon/canonical_story_tree/books/Book_04_Crocodile_Smile/book_content.txt|canon/canonical_story_tree/books/Book_05_Runes_And_Wound/book_content.txt|canon/canonical_story_tree/books/Book_10_Mack_Falls/book_content.txt|canon/canonical_story_tree/books/Book_11_The_Portal_Opens/book_content.txt|canon/canonical_story_tree/books/Book_15_Suffocating_In_Silence/book_content.txt|canon/canonical_story_tree/books/Book_16_The_Deepening_World/book_content.txt|canon/canonical_story_tree/books/Book_17_Black_Heart_Scar/book_content.txt|canon/canonical_story_tree/books/Book_18_Strange_Gravity/book_content.txt|canon/canonical_story_tree/books/Book_19_The_Cracking_Core/book_content.txt|canon/canonical_story_tree/books/Book_21_The_Final_Descent/book_content.txt|canon/canonical_story_tree/books/Book_22_The_Last_Open_Gate/book_content.txt|canon/canonical_story_tree/books/Book_23_The_Final_Resonance/book_content.txt|canon/canonical_story_tree/books/Book_24_Born_To_Die/book_content.txt|canon/canonical_story_tree/books/Book_25_Death_Is_Rebirth/book_content.txt	portal|shelter|structure|well	timeline|relationships|scenes|quests|world	implemented_reference_map	reference_extracted_pending_domain_review
WDM-STRUCTURE-a5ebfd992c7e	structure	S307 Pip-Sees-What-Is-at-Stake-More-Clearly-Than-Before	canon/canonical_story_tree/all_25_books_latest_full_cycle.txt|canon/canonical_story_tree/books/Book_01_Choices_Make_World/book_content.txt	structure	timeline|relationships|scenes|quests|world	implemented_reference_map	reference_extracted_pending_domain_review
WDM-STRUCTURE-1ddbf8bffbb2	structure	Daily life itself becomes something	canon/canonical_story_tree/all_25_books_latest_full_cycle.txt|canon/canonical_story_tree/books/Book_01_Choices_Make_World/book_content.txt	structure	timeline|relationships|scenes|quests|world	implemented_reference_map	reference_extracted_pending_domain_review
WDM-STRUCTURE-9339500d6869	structure	worth protecting	canon/canonical_story_tree/all_25_books_latest_full_cycle.txt|canon/canonical_story_tree/books/Book_01_Choices_Make_World/book_content.txt	structure	timeline|relationships|scenes|quests|world	implemented_reference_map	reference_extracted_pending_domain_review
WDM-STRUCTURE-afd41eb3d4d1	structure	not just surviving toward	canon/canonical_story_tree/all_25_books_latest_full_cycle.txt|canon/canonical_story_tree/books/Book_01_Choices_Make_World/book_content.txt	structure	timeline|relationships|scenes|quests|world	implemented_reference_map	reference_extracted_pending_domain_review
WDM-STRUCTURE-a723ec980c11	structure	S308 Mack-World-Is-Revealed-as-Built-Love	canon/canonical_story_tree/all_25_books_latest_full_cycle.txt|canon/canonical_story_tree/books/Book_01_Choices_Make_World/book_content.txt	structure	timeline|relationships|scenes|quests|world	implemented_reference_map	reference_extracted_pending_domain_review
WDM-STRUCTURE-220fe775ddc7	structure	The structure of the oasis	canon/canonical_story_tree/all_25_books_latest_full_cycle.txt|canon/canonical_story_tree/books/Book_01_Choices_Make_World/book_content.txt	structure	timeline|relationships|scenes|quests|world	implemented_reference_map	reference_extracted_pending_domain_review
WDM-STRUCTURE-22ef103d6a77	structure	shows itself as intentional care	canon/canonical_story_tree/all_25_books_latest_full_cycle.txt|canon/canonical_story_tree/books/Book_01_Choices_Make_World/book_content.txt	structure	timeline|relationships|scenes|quests|world	implemented_reference_map	reference_extracted_pending_domain_review
WDM-STRUCTURE-ef22b1d18d9c	structure	made durable	canon/canonical_story_tree/all_25_books_latest_full_cycle.txt|canon/canonical_story_tree/books/Book_01_Choices_Make_World/book_content.txt	structure	timeline|relationships|scenes|quests|world	implemented_reference_map	reference_extracted_pending_domain_review
WDM-STRUCTURE-0183ff96a7b7	structure	S309 Humor-Meal-Rest-and-Conversation-All-Turn-Sacred-by-Use	canon/canonical_story_tree/all_25_books_latest_full_cycle.txt|canon/canonical_story_tree/books/Book_01_Choices_Make_World/book_content.txt	structure	timeline|relationships|scenes|quests|world	implemented_reference_map	reference_extracted_pending_domain_review
WDM-STRUCTURE-edb7f8c15374	structure	The ordinary acquires story weight	canon/canonical_story_tree/all_25_books_latest_full_cycle.txt|canon/canonical_story_tree/books/Book_01_Choices_Make_World/book_content.txt	structure	timeline|relationships|scenes|quests|world	implemented_reference_map	reference_extracted_pending_domain_review
WDM-STRUCTURE-5c2c41a9d630	structure	through shared life	canon/canonical_story_tree/all_25_books_latest_full_cycle.txt|canon/canonical_story_tree/books/Book_01_Choices_Make_World/book_content.txt	structure	timeline|relationships|scenes|quests|world	implemented_reference_map	reference_extracted_pending_domain_review
WDM-STRUCTURE-ca02696aa561	structure	S349 Mack-Recognizes-That-the-Bond-Will-Have-Consequences	canon/canonical_story_tree/all_25_books_latest_full_cycle.txt|canon/canonical_story_tree/books/Book_01_Choices_Make_World/book_content.txt	structure	timeline|relationships|scenes|quests|world	implemented_reference_map	reference_extracted_pending_domain_review
WDM-STRUCTURE-3fe47ca63bd0	structure	The guardian sees future cost	canon/canonical_story_tree/all_25_books_latest_full_cycle.txt|canon/canonical_story_tree/books/Book_01_Choices_Make_World/book_content.txt	structure	timeline|relationships|scenes|quests|world	implemented_reference_map	reference_extracted_pending_domain_review
WDM-STRUCTURE-9f9920f17e57	structure	already gathering around the pair	canon/canonical_story_tree/all_25_books_latest_full_cycle.txt|canon/canonical_story_tree/books/Book_01_Choices_Make_World/book_content.txt	structure	timeline|relationships|scenes|quests|world	implemented_reference_map	reference_extracted_pending_domain_review
WDM-STRUCTURE-20a8b666d289	structure	S350 Intimacy-and-Destiny-Start-to-Rhyme	canon/canonical_story_tree/all_25_books_latest_full_cycle.txt|canon/canonical_story_tree/books/Book_01_Choices_Make_World/book_content.txt	structure	timeline|relationships|scenes|quests|world	implemented_reference_map	reference_extracted_pending_domain_review
WDM-STRUCTURE-d85763f59e00	structure	The emotional and prophetic structures	canon/canonical_story_tree/all_25_books_latest_full_cycle.txt|canon/canonical_story_tree/books/Book_01_Choices_Make_World/book_content.txt	structure	timeline|relationships|scenes|quests|world	implemented_reference_map	reference_extracted_pending_domain_review
WDM-STRUCTURE-501e6e4ed71f	structure	begin reinforcing each other	canon/canonical_story_tree/all_25_books_latest_full_cycle.txt|canon/canonical_story_tree/books/Book_01_Choices_Make_World/book_content.txt	structure	timeline|relationships|scenes|quests|world	implemented_reference_map	reference_extracted_pending_domain_review
WDM-STRUCTURE-c0d1abe6a613	structure	S351 Neither-Boy-Can-Fully-Name-It-Yet	canon/canonical_story_tree/all_25_books_latest_full_cycle.txt|canon/canonical_story_tree/books/Book_01_Choices_Make_World/book_content.txt	structure	timeline|relationships|scenes|quests|world	implemented_reference_map	reference_extracted_pending_domain_review
WDM-STRUCTURE-3460f7ebf966	structure	The bond remains partially beneath	canon/canonical_story_tree/all_25_books_latest_full_cycle.txt|canon/canonical_story_tree/books/Book_01_Choices_Make_World/book_content.txt	structure	timeline|relationships|scenes|quests|world	implemented_reference_map	reference_extracted_pending_domain_review
WDM-STRUCTURE-f2df732f7d79	structure	language	canon/canonical_story_tree/all_25_books_latest_full_cycle.txt|canon/canonical_story_tree/books/Book_01_Choices_Make_World/book_content.txt	structure	timeline|relationships|scenes|quests|world	implemented_reference_map	reference_extracted_pending_domain_review
WDM-STRUCTURE-a7b21c6f3a3c	structure	which keeps it potent	canon/canonical_story_tree/all_25_books_latest_full_cycle.txt|canon/canonical_story_tree/books/Book_01_Choices_Make_World/book_content.txt	structure	timeline|relationships|scenes|quests|world	implemented_reference_map	reference_extracted_pending_domain_review
WDM-STRUCTURE-3adcf62c3b39	structure	S352 The-Beat-Ends-with-the-Pair-As-Future-Architecture	canon/canonical_story_tree/all_25_books_latest_full_cycle.txt|canon/canonical_story_tree/books/Book_01_Choices_Make_World/book_content.txt	structure	timeline|relationships|scenes|quests|world	implemented_reference_map	reference_extracted_pending_domain_review
WDM-STRUCTURE-55f9646ab7af	structure	"Great Constellation
target"	canon/canonical_story_tree/all_25_books_latest_full_cycle.txt|canon/canonical_story_tree/books/Book_01_Choices_Make_World/book_content.txt	structure	timeline|relationships|scenes|quests|world	implemented_reference_map	reference_extracted_pending_domain_review
WDM-STRUCTURE-4b4f79a15519	structure	S353 Pip-Rylos Vayne Johnson-Mack-Blue-Thread-Future-Sanctuary-All-Align	canon/canonical_story_tree/all_25_books_latest_full_cycle.txt|canon/canonical_story_tree/books/Book_01_Choices_Make_World/book_content.txt	structure	timeline|relationships|scenes|quests|world	implemented_reference_map	reference_extracted_pending_domain_review
WDM-STRUCTURE-294e95b62b33	structure	The major emotional and symbolic	canon/canonical_story_tree/all_25_books_latest_full_cycle.txt|canon/canonical_story_tree/books/Book_01_Choices_Make_World/book_content.txt	structure	timeline|relationships|scenes|quests|world	implemented_reference_map	reference_extracted_pending_domain_review
WDM-STRUCTURE-38c2ac56643c	structure	forces of Book	canon/canonical_story_tree/all_25_books_latest_full_cycle.txt|canon/canonical_story_tree/books/Book_01_Choices_Make_World/book_content.txt	structure	timeline|relationships|scenes|quests|world	implemented_reference_map	reference_extracted_pending_domain_review
WDM-STRUCTURE-e14f61c5956b	structure	finally sit in one structure	canon/canonical_story_tree/all_25_books_latest_full_cycle.txt|canon/canonical_story_tree/books/Book_01_Choices_Make_World/book_content.txt	structure	timeline|relationships|scenes|quests|world	implemented_reference_map	reference_extracted_pending_domain_review
WDM-STRUCTURE-7be0213e572e	structure	S354 The-Story-Understands-Its-Own-Shape	canon/canonical_story_tree/all_25_books_latest_full_cycle.txt|canon/canonical_story_tree/books/Book_01_Choices_Make_World/book_content.txt	structure	timeline|relationships|scenes|quests|world	implemented_reference_map	reference_extracted_pending_domain_review
WDM-STRUCTURE-d511359cab98	structure	The book's first constellation becomes	canon/canonical_story_tree/all_25_books_latest_full_cycle.txt|canon/canonical_story_tree/books/Book_01_Choices_Make_World/book_content.txt	structure	timeline|relationships|scenes|quests|world	implemented_reference_map	reference_extracted_pending_domain_review
WDM-STRUCTURE-9d8fc9c4080c	structure	legible from inside itself	canon/canonical_story_tree/all_25_books_latest_full_cycle.txt|canon/canonical_story_tree/books/Book_01_Choices_Make_World/book_content.txt	structure	timeline|relationships|scenes|quests|world	implemented_reference_map	reference_extracted_pending_domain_review
WDM-STRUCTURE-ce410a72ac59	structure	S355 Rescue-Home-Prophecy-and-Wound-Are-No-Longer-Separate-Plots	canon/canonical_story_tree/all_25_books_latest_full_cycle.txt|canon/canonical_story_tree/books/Book_01_Choices_Make_World/book_content.txt	structure	timeline|relationships|scenes|quests|world	implemented_reference_map	reference_extracted_pending_domain_review
WDM-STRUCTURE-c40ed5c46e89	structure	He is no longer removable	canon/canonical_story_tree/all_25_books_latest_full_cycle.txt|canon/canonical_story_tree/books/Book_01_Choices_Make_World/book_content.txt	structure	timeline|relationships|scenes|quests|world	implemented_reference_map	reference_extracted_pending_domain_review
WDM-STRUCTURE-f2de7bd44255	structure	without damaging the shape of	canon/canonical_story_tree/all_25_books_latest_full_cycle.txt|canon/canonical_story_tree/books/Book_01_Choices_Make_World/book_content.txt	structure	timeline|relationships|scenes|quests|world	implemented_reference_map	reference_extracted_pending_domain_review
WDM-STRUCTURE-93a70499a1ee	structure	the saga	canon/canonical_story_tree/all_25_books_latest_full_cycle.txt|canon/canonical_story_tree/books/Book_01_Choices_Make_World/book_content.txt	structure	timeline|relationships|scenes|quests|world	implemented_reference_map	reference_extracted_pending_domain_review
WDM-STRUCTURE-9eb5b5f0410e	structure	S359 Mack-Stands-at-the-Center-as-Love-and-Law	canon/canonical_story_tree/all_25_books_latest_full_cycle.txt|canon/canonical_story_tree/books/Book_01_Choices_Make_World/book_content.txt	structure	timeline|relationships|scenes|quests|world	implemented_reference_map	reference_extracted_pending_domain_review
WDM-STRUCTURE-fe9807de9d24	structure	The guardian becomes the stabilizing	canon/canonical_story_tree/all_25_books_latest_full_cycle.txt|canon/canonical_story_tree/books/Book_01_Choices_Make_World/book_content.txt	structure	timeline|relationships|scenes|quests|world	implemented_reference_map	reference_extracted_pending_domain_review
WDM-STRUCTURE-207efd4fd838	structure	center of the first major	canon/canonical_story_tree/all_25_books_latest_full_cycle.txt|canon/canonical_story_tree/books/Book_01_Choices_Make_World/book_content.txt	structure	timeline|relationships|scenes|quests|world	implemented_reference_map	reference_extracted_pending_domain_review
WDM-STRUCTURE-802584cd4e2a	structure	structure	canon/canonical_story_tree/all_25_books_latest_full_cycle.txt|canon/canonical_story_tree/books/Book_01_Choices_Make_World/book_content.txt|canon/canonical_story_tree/books/Book_02_The_Diary_And_The_Blue_Light/book_content.txt|canon/canonical_story_tree/books/Book_03_The_First_Thread/book_content.txt|canon/canonical_story_tree/books/Book_04_Crocodile_Smile/book_content.txt|canon/canonical_story_tree/books/Book_12_Stasis/book_content.txt|canon/canonical_story_tree/world/wowas_world_zone_map.json	structure	timeline|relationships|scenes|quests|world	implemented_reference_map	reference_extracted_pending_domain_review
WDM-STRUCTURE-fd08519b8fd1	structure	S360 The-Beat-Ends-with-Book-One-Fully-Loaded	canon/canonical_story_tree/all_25_books_latest_full_cycle.txt|canon/canonical_story_tree/books/Book_01_Choices_Make_World/book_content.txt	shelter|structure	timeline|relationships|scenes|quests|world	implemented_reference_map	reference_extracted_pending_domain_review
WDM-STRUCTURE-d5f4b40a33fd	structure	The emotional sky of the	canon/canonical_story_tree/all_25_books_latest_full_cycle.txt|canon/canonical_story_tree/books/Book_01_Choices_Make_World/book_content.txt	shelter|structure	timeline|relationships|scenes|quests|world	implemented_reference_map	reference_extracted_pending_domain_review
WDM-STRUCTURE-191296f9010e	structure	saga is now visibly seeded	canon/canonical_story_tree/all_25_books_latest_full_cycle.txt|canon/canonical_story_tree/books/Book_01_Choices_Make_World/book_content.txt	shelter|structure	timeline|relationships|scenes|quests|world	implemented_reference_map	reference_extracted_pending_domain_review
WDM-STRUCTURE-28a4e3293897	structure	The Sanctuary Becomes	canon/canonical_story_tree/all_25_books_latest_full_cycle.txt|canon/canonical_story_tree/books/Book_01_Choices_Make_World/book_content.txt	shelter|structure	timeline|relationships|scenes|quests|world	implemented_reference_map	reference_extracted_pending_domain_review
WDM-STRUCTURE-b070a5773ebc	structure	"Launch Point Again
target"	canon/canonical_story_tree/all_25_books_latest_full_cycle.txt|canon/canonical_story_tree/books/Book_01_Choices_Make_World/book_content.txt	shelter|structure	timeline|relationships|scenes|quests|world	implemented_reference_map	reference_extracted_pending_domain_review
WDM-STRUCTURE-83d9288c63a1	structure	"The-First-Book-Closes-on-Expansion-Pressure

scene"	canon/canonical_story_tree/all_25_books_latest_full_cycle.txt|canon/canonical_story_tree/books/Book_01_Choices_Make_World/book_content.txt	structure	timeline|relationships|scenes|quests|world	implemented_reference_map	reference_extracted_pending_domain_review
WDM-STRUCTURE-6b7f2464e2c5	structure	"S248
beat"	canon/canonical_story_tree/all_25_books_latest_full_cycle.txt|canon/canonical_story_tree/books/Book_01_Choices_Make_World/book_content.txt	structure	timeline|relationships|scenes|quests|world	implemented_reference_map	reference_extracted_pending_domain_review
WDM-STRUCTURE-d4b7e4d38bdd	structure	"Choices Make World

The-First-Book-Closes-on-Expansion-Pressure"	canon/canonical_story_tree/all_25_books_latest_full_cycle.txt|canon/canonical_story_tree/books/Book_01_Choices_Make_World/book_content.txt	structure	timeline|relationships|scenes|quests|world	implemented_reference_map	reference_extracted_pending_domain_review
WDM-STRUCTURE-9c8e13fd999e	structure	Sanctuary	canon/canonical_story_tree/all_25_books_latest_full_cycle.txt|canon/canonical_story_tree/books/Book_01_Choices_Make_World/book_content.txt|canon/canonical_story_tree/books/Book_03_The_First_Thread/book_content.txt|canon/canonical_story_tree/books/Book_04_Crocodile_Smile/book_content.txt	shelter|structure	timeline|relationships|scenes|quests|world	implemented_reference_map	reference_extracted_pending_domain_review
WDM-STRUCTURE-5af3a0c3dc5d	structure	Does	canon/canonical_story_tree/all_25_books_latest_full_cycle.txt|canon/canonical_story_tree/books/Book_01_Choices_Make_World/book_content.txt|canon/canonical_story_tree/books/Book_02_The_Diary_And_The_Blue_Light/book_content.txt	structure	timeline|relationships|scenes|quests|world	implemented_reference_map	reference_extracted_pending_domain_review
WDM-STRUCTURE-5a758a3e5ec1	structure	Not	canon/canonical_story_tree/all_25_books_latest_full_cycle.txt|canon/canonical_story_tree/books/Book_01_Choices_Make_World/book_content.txt|canon/canonical_story_tree/books/Book_02_The_Diary_And_The_Blue_Light/book_content.txt|canon/canonical_story_tree/books/Book_03_The_First_Thread/book_content.txt|canon/canonical_story_tree/books/Book_20_The_Beforemath/book_content.txt	structure	timeline|relationships|scenes|quests|world	implemented_reference_map	reference_extracted_pending_domain_review
WDM-STRUCTURE-4d04e3de5120	structure	Cancel	canon/canonical_story_tree/all_25_books_latest_full_cycle.txt|canon/canonical_story_tree/books/Book_01_Choices_Make_World/book_content.txt	structure	timeline|relationships|scenes|quests|world	implemented_reference_map	reference_extracted_pending_domain_review
WDM-STRUCTURE-96794765b673	structure	Obligation	canon/canonical_story_tree/all_25_books_latest_full_cycle.txt|canon/canonical_story_tree/books/Book_01_Choices_Make_World/book_content.txt|canon/canonical_story_tree/books/Book_25_Death_Is_Rebirth/book_content.txt	structure|well	timeline|relationships|scenes|quests|world	implemented_reference_map	reference_extracted_pending_domain_review
WDM-STRUCTURE-7a08814cc732	structure	"Sanctuary-Does-Not-Cancel-Obligation

scene"	canon/canonical_story_tree/all_25_books_latest_full_cycle.txt|canon/canonical_story_tree/books/Book_01_Choices_Make_World/book_content.txt	shelter|structure	timeline|relationships|scenes|quests|world	implemented_reference_map	reference_extracted_pending_domain_review
WDM-STRUCTURE-5b6e7867e38a	structure	"S249
beat"	canon/canonical_story_tree/all_25_books_latest_full_cycle.txt|canon/canonical_story_tree/books/Book_01_Choices_Make_World/book_content.txt	shelter|structure	timeline|relationships|scenes|quests|world	implemented_reference_map	reference_extracted_pending_domain_review
WDM-STRUCTURE-1cd056913153	structure	"Choices Make World

Sanctuary-Does-Not-Cancel-Obligation"	canon/canonical_story_tree/all_25_books_latest_full_cycle.txt|canon/canonical_story_tree/books/Book_01_Choices_Make_World/book_content.txt	shelter|structure	timeline|relationships|scenes|quests|world	implemented_reference_map	reference_extracted_pending_domain_review
WDM-STRUCTURE-b4e94086ecea	structure	World	canon/canonical_story_tree/all_25_books_latest_full_cycle.txt|canon/canonical_story_tree/books/Book_01_Choices_Make_World/book_content.txt|canon/canonical_story_tree/books/Book_02_The_Diary_And_The_Blue_Light/book_content.txt|canon/canonical_story_tree/books/Book_03_The_First_Thread/book_content.txt|canon/canonical_story_tree/world/wowas_world_zone_map.json	settlement|shelter|structure	timeline|relationships|scenes|quests|world	implemented_reference_map	reference_extracted_pending_domain_review
WDM-STRUCTURE-7e37eb20988b	structure	Revealed	canon/canonical_story_tree/all_25_books_latest_full_cycle.txt|canon/canonical_story_tree/books/Book_01_Choices_Make_World/book_content.txt	structure	timeline|relationships|scenes|quests|world	implemented_reference_map	reference_extracted_pending_domain_review
WDM-STRUCTURE-b263b3917088	structure	Built	canon/canonical_story_tree/all_25_books_latest_full_cycle.txt|canon/canonical_story_tree/books/Book_01_Choices_Make_World/book_content.txt	shelter|structure	timeline|relationships|scenes|quests|world	implemented_reference_map	reference_extracted_pending_domain_review
WDM-STRUCTURE-deff0c92cd1e	structure	Love	canon/canonical_story_tree/all_25_books_latest_full_cycle.txt|canon/canonical_story_tree/books/Book_01_Choices_Make_World/book_content.txt	structure	timeline|relationships|scenes|quests|world	implemented_reference_map	reference_extracted_pending_domain_review
WDM-STRUCTURE-c1ae08f21d13	structure	"Mack-World-Is-Revealed-as-Built-Love

scene"	canon/canonical_story_tree/all_25_books_latest_full_cycle.txt|canon/canonical_story_tree/books/Book_01_Choices_Make_World/book_content.txt	structure	timeline|relationships|scenes|quests|world	implemented_reference_map	reference_extracted_pending_domain_review
WDM-STRUCTURE-42a6665635af	structure	"S308
beat"	canon/canonical_story_tree/all_25_books_latest_full_cycle.txt|canon/canonical_story_tree/books/Book_01_Choices_Make_World/book_content.txt	structure	timeline|relationships|scenes|quests|world	implemented_reference_map	reference_extracted_pending_domain_review
WDM-STRUCTURE-fecb3ce67474	structure	"Choices Make World

Mack-World-Is-Revealed-as-Built-Love"	canon/canonical_story_tree/all_25_books_latest_full_cycle.txt|canon/canonical_story_tree/books/Book_01_Choices_Make_World/book_content.txt	structure	timeline|relationships|scenes|quests|world	implemented_reference_map	reference_extracted_pending_domain_review
WDM-STRUCTURE-0bcc522928ee	structure	Humor	canon/canonical_story_tree/all_25_books_latest_full_cycle.txt|canon/canonical_story_tree/books/Book_01_Choices_Make_World/book_content.txt	structure	timeline|relationships|scenes|quests|world	implemented_reference_map	reference_extracted_pending_domain_review
WDM-STRUCTURE-964e31dc5629	structure	Meal	canon/canonical_story_tree/all_25_books_latest_full_cycle.txt|canon/canonical_story_tree/books/Book_01_Choices_Make_World/book_content.txt	structure	timeline|relationships|scenes|quests|world	implemented_reference_map	reference_extracted_pending_domain_review
WDM-STRUCTURE-49ac88188310	structure	Rest	canon/canonical_story_tree/all_25_books_latest_full_cycle.txt|canon/canonical_story_tree/books/Book_01_Choices_Make_World/book_content.txt|canon/canonical_story_tree/world/wowas_world_zone_map.json	shelter|structure|well	timeline|relationships|scenes|quests|world	implemented_reference_map	reference_extracted_pending_domain_review
WDM-STRUCTURE-0ba46720c38f	structure	and	canon/canonical_story_tree/all_25_books_latest_full_cycle.txt|canon/canonical_story_tree/books/Book_01_Choices_Make_World/book_content.txt|canon/canonical_story_tree/books/Book_02_The_Diary_And_The_Blue_Light/book_content.txt|canon/canonical_story_tree/books/Book_03_The_First_Thread/book_content.txt|canon/canonical_story_tree/books/Book_10_Mack_Falls/book_content.txt|canon/canonical_story_tree/world/wowas_world_zone_map.json	portal|settlement|shelter|structure	timeline|relationships|scenes|quests|world	implemented_reference_map	reference_extracted_pending_domain_review
WDM-STRUCTURE-c4f8cb0ce9d4	structure	Conversation	canon/canonical_story_tree/all_25_books_latest_full_cycle.txt|canon/canonical_story_tree/books/Book_01_Choices_Make_World/book_content.txt	structure	timeline|relationships|scenes|quests|world	implemented_reference_map	reference_extracted_pending_domain_review
WDM-STRUCTURE-d1b71d9f5273	structure	All	canon/canonical_story_tree/all_25_books_latest_full_cycle.txt|canon/canonical_story_tree/books/Book_01_Choices_Make_World/book_content.txt	structure	timeline|relationships|scenes|quests|world	implemented_reference_map	reference_extracted_pending_domain_review
WDM-STRUCTURE-f0c066f2d732	structure	Turn	canon/canonical_story_tree/all_25_books_latest_full_cycle.txt|canon/canonical_story_tree/books/Book_01_Choices_Make_World/book_content.txt	structure	timeline|relationships|scenes|quests|world	implemented_reference_map	reference_extracted_pending_domain_review
WDM-STRUCTURE-ca30969cc8cf	structure	Sacred	canon/canonical_story_tree/all_25_books_latest_full_cycle.txt|canon/canonical_story_tree/books/Book_01_Choices_Make_World/book_content.txt	structure	timeline|relationships|scenes|quests|world	implemented_reference_map	reference_extracted_pending_domain_review
WDM-STRUCTURE-29a3c6b0d508	structure	Use	canon/canonical_story_tree/all_25_books_latest_full_cycle.txt|canon/canonical_story_tree/books/Book_01_Choices_Make_World/book_content.txt	structure	timeline|relationships|scenes|quests|world	implemented_reference_map	reference_extracted_pending_domain_review
WDM-STRUCTURE-2e78d761e167	structure	"Humor-Meal-Rest-and-Conversation-All-Turn-Sacred-by-Use

scene"	canon/canonical_story_tree/all_25_books_latest_full_cycle.txt|canon/canonical_story_tree/books/Book_01_Choices_Make_World/book_content.txt	structure	timeline|relationships|scenes|quests|world	implemented_reference_map	reference_extracted_pending_domain_review
WDM-STRUCTURE-5c0c038449bc	structure	Rhyme	canon/canonical_story_tree/all_25_books_latest_full_cycle.txt|canon/canonical_story_tree/books/Book_01_Choices_Make_World/book_content.txt	structure	timeline|relationships|scenes|quests|world	implemented_reference_map	reference_extracted_pending_domain_review
WDM-STRUCTURE-19e2ac6b6256	structure	"Intimacy-and-Destiny-Start-to-Rhyme

scene"	canon/canonical_story_tree/all_25_books_latest_full_cycle.txt|canon/canonical_story_tree/books/Book_01_Choices_Make_World/book_content.txt	structure	timeline|relationships|scenes|quests|world	implemented_reference_map	reference_extracted_pending_domain_review
WDM-STRUCTURE-3b8dfe642518	structure	"S350
beat"	canon/canonical_story_tree/all_25_books_latest_full_cycle.txt|canon/canonical_story_tree/books/Book_01_Choices_Make_World/book_content.txt	structure	timeline|relationships|scenes|quests|world	implemented_reference_map	reference_extracted_pending_domain_review
WDM-STRUCTURE-650166cecd13	structure	"Choices Make World

Intimacy-and-Destiny-Start-to-Rhyme"	canon/canonical_story_tree/all_25_books_latest_full_cycle.txt|canon/canonical_story_tree/books/Book_01_Choices_Make_World/book_content.txt	structure	timeline|relationships|scenes|quests|world	implemented_reference_map	reference_extracted_pending_domain_review
WDM-STRUCTURE-67f45bde4f5b	structure	Neither	canon/canonical_story_tree/all_25_books_latest_full_cycle.txt|canon/canonical_story_tree/books/Book_01_Choices_Make_World/book_content.txt	structure	timeline|relationships|scenes|quests|world	implemented_reference_map	reference_extracted_pending_domain_review
WDM-STRUCTURE-2c79318b0ee9	structure	Boy	canon/canonical_story_tree/all_25_books_latest_full_cycle.txt|canon/canonical_story_tree/books/Book_01_Choices_Make_World/book_content.txt	structure	timeline|relationships|scenes|quests|world	implemented_reference_map	reference_extracted_pending_domain_review
WDM-STRUCTURE-84924359ba5a	structure	Can	canon/canonical_story_tree/all_25_books_latest_full_cycle.txt|canon/canonical_story_tree/books/Book_01_Choices_Make_World/book_content.txt	structure	timeline|relationships|scenes|quests|world	implemented_reference_map	reference_extracted_pending_domain_review
WDM-STRUCTURE-f1fc50507402	structure	Fully	canon/canonical_story_tree/all_25_books_latest_full_cycle.txt|canon/canonical_story_tree/books/Book_01_Choices_Make_World/book_content.txt	structure	timeline|relationships|scenes|quests|world	implemented_reference_map	reference_extracted_pending_domain_review
WDM-STRUCTURE-66caef398669	structure	Name	canon/canonical_story_tree/all_25_books_latest_full_cycle.txt|canon/canonical_story_tree/books/Book_01_Choices_Make_World/book_content.txt|canon/canonical_story_tree/world/wowas_world_zone_map.json	settlement|shelter|structure	timeline|relationships|scenes|quests|world	implemented_reference_map	reference_extracted_pending_domain_review
WDM-STRUCTURE-e62f1726fe59	structure	Yet	canon/canonical_story_tree/all_25_books_latest_full_cycle.txt|canon/canonical_story_tree/books/Book_01_Choices_Make_World/book_content.txt|canon/canonical_story_tree/books/Book_02_The_Diary_And_The_Blue_Light/book_content.txt|canon/canonical_story_tree/books/Book_11_The_Portal_Opens/book_content.txt	portal|structure	timeline|relationships|scenes|quests|world	implemented_reference_map	reference_extracted_pending_domain_review
WDM-STRUCTURE-7c256a213736	structure	"Neither-Boy-Can-Fully-Name-It-Yet

scene"	canon/canonical_story_tree/all_25_books_latest_full_cycle.txt|canon/canonical_story_tree/books/Book_01_Choices_Make_World/book_content.txt	structure	timeline|relationships|scenes|quests|world	implemented_reference_map	reference_extracted_pending_domain_review
WDM-STRUCTURE-c46d604d8401	structure	"S351
beat"	canon/canonical_story_tree/all_25_books_latest_full_cycle.txt|canon/canonical_story_tree/books/Book_01_Choices_Make_World/book_content.txt	structure	timeline|relationships|scenes|quests|world	implemented_reference_map	reference_extracted_pending_domain_review
WDM-STRUCTURE-fa947279bba7	structure	"Choices Make World

Neither-Boy-Can-Fully-Name-It-Yet"	canon/canonical_story_tree/all_25_books_latest_full_cycle.txt|canon/canonical_story_tree/books/Book_01_Choices_Make_World/book_content.txt	structure	timeline|relationships|scenes|quests|world	implemented_reference_map	reference_extracted_pending_domain_review
WDM-STRUCTURE-148cc99740b9	structure	"Choices Make World

Pip-Rylos Vayne"	canon/canonical_story_tree/all_25_books_latest_full_cycle.txt|canon/canonical_story_tree/books/Book_01_Choices_Make_World/book_content.txt	structure	timeline|relationships|scenes|quests|world	implemented_reference_map	reference_extracted_pending_domain_review
WDM-STRUCTURE-d977a0523066	structure	Johnson-Mack-Blue-Thread-Future-Sanctuary-All-Align	canon/canonical_story_tree/all_25_books_latest_full_cycle.txt|canon/canonical_story_tree/books/Book_01_Choices_Make_World/book_content.txt	structure	timeline|relationships|scenes|quests|world	implemented_reference_map	reference_extracted_pending_domain_review
WDM-STRUCTURE-b1b44a7a77ad	structure	The	canon/canonical_story_tree/all_25_books_latest_full_cycle.txt|canon/canonical_story_tree/books/Book_01_Choices_Make_World/book_content.txt|canon/canonical_story_tree/books/Book_02_The_Diary_And_The_Blue_Light/book_content.txt|canon/canonical_story_tree/books/Book_03_The_First_Thread/book_content.txt|canon/canonical_story_tree/books/Book_04_Crocodile_Smile/book_content.txt|canon/canonical_story_tree/books/Book_11_The_Portal_Opens/book_content.txt	bridge|portal|shelter|structure|well	timeline|relationships|scenes|quests|world	implemented_reference_map	reference_extracted_pending_domain_review
WDM-STRUCTURE-8ebc346c4a1b	structure	Story	canon/canonical_story_tree/all_25_books_latest_full_cycle.txt|canon/canonical_story_tree/books/Book_01_Choices_Make_World/book_content.txt	shelter|structure	timeline|relationships|scenes|quests|world	implemented_reference_map	reference_extracted_pending_domain_review
WDM-STRUCTURE-38cdfee81800	structure	Understands	canon/canonical_story_tree/all_25_books_latest_full_cycle.txt|canon/canonical_story_tree/books/Book_01_Choices_Make_World/book_content.txt	structure	timeline|relationships|scenes|quests|world	implemented_reference_map	reference_extracted_pending_domain_review
WDM-STRUCTURE-ff5cc0fae2eb	structure	Its	canon/canonical_story_tree/all_25_books_latest_full_cycle.txt|canon/canonical_story_tree/books/Book_01_Choices_Make_World/book_content.txt	structure	timeline|relationships|scenes|quests|world	implemented_reference_map	reference_extracted_pending_domain_review
WDM-STRUCTURE-db66c32f653c	structure	Own	canon/canonical_story_tree/all_25_books_latest_full_cycle.txt|canon/canonical_story_tree/books/Book_01_Choices_Make_World/book_content.txt	structure	timeline|relationships|scenes|quests|world	implemented_reference_map	reference_extracted_pending_domain_review
WDM-STRUCTURE-704951632478	structure	Shape	canon/canonical_story_tree/all_25_books_latest_full_cycle.txt|canon/canonical_story_tree/books/Book_01_Choices_Make_World/book_content.txt	structure	timeline|relationships|scenes|quests|world	implemented_reference_map	reference_extracted_pending_domain_review
WDM-STRUCTURE-88d18625888e	structure	"The-Story-Understands-Its-Own-Shape

scene"	canon/canonical_story_tree/all_25_books_latest_full_cycle.txt|canon/canonical_story_tree/books/Book_01_Choices_Make_World/book_content.txt	structure	timeline|relationships|scenes|quests|world	implemented_reference_map	reference_extracted_pending_domain_review
WDM-STRUCTURE-fecd9f5f1115	structure	"S354
beat"	canon/canonical_story_tree/all_25_books_latest_full_cycle.txt|canon/canonical_story_tree/books/Book_01_Choices_Make_World/book_content.txt	structure	timeline|relationships|scenes|quests|world	implemented_reference_map	reference_extracted_pending_domain_review
WDM-STRUCTURE-17048503bfdc	structure	"Choices Make World

The-Story-Understands-Its-Own-Shape"	canon/canonical_story_tree/all_25_books_latest_full_cycle.txt|canon/canonical_story_tree/books/Book_01_Choices_Make_World/book_content.txt	structure	timeline|relationships|scenes|quests|world	implemented_reference_map	reference_extracted_pending_domain_review
WDM-STRUCTURE-f541f5a2d9fc	structure	"Mack-Stands-at-the-Center-as-Love-and-Law

scene"	canon/canonical_story_tree/all_25_books_latest_full_cycle.txt|canon/canonical_story_tree/books/Book_01_Choices_Make_World/book_content.txt	structure	timeline|relationships|scenes|quests|world	implemented_reference_map	reference_extracted_pending_domain_review
WDM-STRUCTURE-5708dd6721a6	structure	"S359
beat"	canon/canonical_story_tree/all_25_books_latest_full_cycle.txt|canon/canonical_story_tree/books/Book_01_Choices_Make_World/book_content.txt	structure	timeline|relationships|scenes|quests|world	implemented_reference_map	reference_extracted_pending_domain_review
WDM-STRUCTURE-8390762dc70a	structure	"Choices Make World

Mack-Stands-at-the-Center-as-Love-and-Law"	canon/canonical_story_tree/all_25_books_latest_full_cycle.txt|canon/canonical_story_tree/books/Book_01_Choices_Make_World/book_content.txt	structure	timeline|relationships|scenes|quests|world	implemented_reference_map	reference_extracted_pending_domain_review
WDM-STRUCTURE-4f32bc41a82b	structure	Beat	canon/canonical_story_tree/all_25_books_latest_full_cycle.txt|canon/canonical_story_tree/books/Book_01_Choices_Make_World/book_content.txt|canon/canonical_story_tree/world/wowas_world_zone_map.json	settlement|shelter|structure	timeline|relationships|scenes|quests|world	implemented_reference_map	reference_extracted_pending_domain_review
WDM-STRUCTURE-74d47a8af516	structure	Ends	canon/canonical_story_tree/all_25_books_latest_full_cycle.txt|canon/canonical_story_tree/books/Book_01_Choices_Make_World/book_content.txt	shelter|structure	timeline|relationships|scenes|quests|world	implemented_reference_map	reference_extracted_pending_domain_review
WDM-STRUCTURE-5d0fc88a8246	structure	with	canon/canonical_story_tree/all_25_books_latest_full_cycle.txt|canon/canonical_story_tree/books/Book_01_Choices_Make_World/book_content.txt|canon/canonical_story_tree/books/Book_03_The_First_Thread/book_content.txt	shelter|structure	timeline|relationships|scenes|quests|world	implemented_reference_map	reference_extracted_pending_domain_review
WDM-STRUCTURE-d3df3d9fba64	structure	One	canon/canonical_story_tree/all_25_books_latest_full_cycle.txt|canon/canonical_story_tree/books/Book_01_Choices_Make_World/book_content.txt	structure	timeline|relationships|scenes|quests|world	implemented_reference_map	reference_extracted_pending_domain_review
WDM-STRUCTURE-dae33201c340	structure	Loaded	canon/canonical_story_tree/all_25_books_latest_full_cycle.txt|canon/canonical_story_tree/books/Book_01_Choices_Make_World/book_content.txt	structure	timeline|relationships|scenes|quests|world	implemented_reference_map	reference_extracted_pending_domain_review
WDM-STRUCTURE-574e9547a245	structure	"The-Beat-Ends-with-Book-One-Fully-Loaded

scene"	canon/canonical_story_tree/all_25_books_latest_full_cycle.txt|canon/canonical_story_tree/books/Book_01_Choices_Make_World/book_content.txt	structure	timeline|relationships|scenes|quests|world	implemented_reference_map	reference_extracted_pending_domain_review
WDM-STRUCTURE-b61c7d06eb46	structure	"S360
beat"	canon/canonical_story_tree/all_25_books_latest_full_cycle.txt|canon/canonical_story_tree/books/Book_01_Choices_Make_World/book_content.txt	structure	timeline|relationships|scenes|quests|world	implemented_reference_map	reference_extracted_pending_domain_review
WDM-STRUCTURE-b3493d0734f0	structure	"Choices Make World

The-Beat-Ends-with-Book-One-Fully-Loaded"	canon/canonical_story_tree/all_25_books_latest_full_cycle.txt|canon/canonical_story_tree/books/Book_01_Choices_Make_World/book_content.txt	structure	timeline|relationships|scenes|quests|world	implemented_reference_map	reference_extracted_pending_domain_review
WDM-STRUCTURE-b9027ee480f2	structure	S195 Triage-Before-Talk	canon/canonical_story_tree/all_25_books_latest_full_cycle.txt|canon/canonical_story_tree/books/Book_01_Choices_Make_World/book_content.txt	well	timeline|relationships|scenes|quests|world	implemented_reference_map	reference_extracted_pending_domain_review
WDM-STRUCTURE-8d0287659b35	structure	Care needs overtake explanation	canon/canonical_story_tree/all_25_books_latest_full_cycle.txt|canon/canonical_story_tree/books/Book_01_Choices_Make_World/book_content.txt	well	timeline|relationships|scenes|quests|world	implemented_reference_map	reference_extracted_pending_domain_review
WDM-STRUCTURE-dff08be050f1	structure	putting physical reality ahead of	canon/canonical_story_tree/all_25_books_latest_full_cycle.txt|canon/canonical_story_tree/books/Book_01_Choices_Make_World/book_content.txt	well	timeline|relationships|scenes|quests|world	implemented_reference_map	reference_extracted_pending_domain_review
WDM-STRUCTURE-202764adbf54	structure	narrative	canon/canonical_story_tree/all_25_books_latest_full_cycle.txt|canon/canonical_story_tree/books/Book_01_Choices_Make_World/book_content.txt	well	timeline|relationships|scenes|quests|world	implemented_reference_map	reference_extracted_pending_domain_review
WDM-STRUCTURE-19f453e611f5	structure	S196 Pip-Wants-Both-Safety-and-Approval	canon/canonical_story_tree/all_25_books_latest_full_cycle.txt|canon/canonical_story_tree/books/Book_01_Choices_Make_World/book_content.txt	well	timeline|relationships|scenes|quests|world	implemented_reference_map	reference_extracted_pending_domain_review
WDM-STRUCTURE-1f6ac10313c2	structure	He needs Mack to receive	canon/canonical_story_tree/all_25_books_latest_full_cycle.txt|canon/canonical_story_tree/books/Book_01_Choices_Make_World/book_content.txt	well	timeline|relationships|scenes|quests|world	implemented_reference_map	reference_extracted_pending_domain_review
WDM-STRUCTURE-20d28710747b	structure	Rylos Vayne Johnson well	canon/canonical_story_tree/all_25_books_latest_full_cycle.txt|canon/canonical_story_tree/books/Book_01_Choices_Make_World/book_content.txt	well	timeline|relationships|scenes|quests|world	implemented_reference_map	reference_extracted_pending_domain_review
WDM-STRUCTURE-03e980b91389	structure	and the intensity of that	canon/canonical_story_tree/all_25_books_latest_full_cycle.txt|canon/canonical_story_tree/books/Book_01_Choices_Make_World/book_content.txt	well	timeline|relationships|scenes|quests|world	implemented_reference_map	reference_extracted_pending_domain_review
WDM-STRUCTURE-94966f4bd676	structure	need tells its own story	canon/canonical_story_tree/all_25_books_latest_full_cycle.txt|canon/canonical_story_tree/books/Book_01_Choices_Make_World/book_content.txt	well	timeline|relationships|scenes|quests|world	implemented_reference_map	reference_extracted_pending_domain_review
WDM-STRUCTURE-eddec0f254b9	structure	S197 Mack-Authority-Softens-the-Room	canon/canonical_story_tree/all_25_books_latest_full_cycle.txt|canon/canonical_story_tree/books/Book_01_Choices_Make_World/book_content.txt	well	timeline|relationships|scenes|quests|world	implemented_reference_map	reference_extracted_pending_domain_review
WDM-STRUCTURE-f6b0dd49c9d5	structure	The sanctuary locks into	canon/canonical_story_tree/all_25_books_latest_full_cycle.txt|canon/canonical_story_tree/books/Book_01_Choices_Make_World/book_content.txt	well	timeline|relationships|scenes|quests|world	implemented_reference_map	reference_extracted_pending_domain_review
WDM-STRUCTURE-43995ba313e9	structure	more stable orbit once Mack	canon/canonical_story_tree/all_25_books_latest_full_cycle.txt|canon/canonical_story_tree/books/Book_01_Choices_Make_World/book_content.txt	well	timeline|relationships|scenes|quests|world	implemented_reference_map	reference_extracted_pending_domain_review
WDM-STRUCTURE-9bb1f02de653	structure	takes hold of the scene	canon/canonical_story_tree/all_25_books_latest_full_cycle.txt|canon/canonical_story_tree/books/Book_01_Choices_Make_World/book_content.txt	well	timeline|relationships|scenes|quests|world	implemented_reference_map	reference_extracted_pending_domain_review
WDM-STRUCTURE-42d2a4ce7dad	structure	S198 Rylos Vayne Johnson-Feels-the-Difference-Between-Power-and-Safety	canon/canonical_story_tree/all_25_books_latest_full_cycle.txt|canon/canonical_story_tree/books/Book_01_Choices_Make_World/book_content.txt	well	timeline|relationships|scenes|quests|world	implemented_reference_map	reference_extracted_pending_domain_review
WDM-STRUCTURE-f75cdf85a416	structure	"Pip-Wants-Both-Safety-and-Approval

scene"	canon/canonical_story_tree/all_25_books_latest_full_cycle.txt|canon/canonical_story_tree/books/Book_01_Choices_Make_World/book_content.txt	well	timeline|relationships|scenes|quests|world	implemented_reference_map	reference_extracted_pending_domain_review
WDM-STRUCTURE-f1027a2f1e75	structure	"S196
beat"	canon/canonical_story_tree/all_25_books_latest_full_cycle.txt|canon/canonical_story_tree/books/Book_01_Choices_Make_World/book_content.txt	well	timeline|relationships|scenes|quests|world	implemented_reference_map	reference_extracted_pending_domain_review
WDM-STRUCTURE-b779d19bf250	structure	"Choices Make World

Pip-Wants-Both-Safety-and-Approval"	canon/canonical_story_tree/all_25_books_latest_full_cycle.txt|canon/canonical_story_tree/books/Book_01_Choices_Make_World/book_content.txt	well	timeline|relationships|scenes|quests|world	implemented_reference_map	reference_extracted_pending_domain_review
WDM-STRUCTURE-04e6487481e4	structure	Mack	canon/canonical_story_tree/all_25_books_latest_full_cycle.txt|canon/canonical_story_tree/books/Book_01_Choices_Make_World/book_content.txt|canon/canonical_story_tree/books/Book_02_The_Diary_And_The_Blue_Light/book_content.txt|canon/canonical_story_tree/books/Book_03_The_First_Thread/book_content.txt|canon/canonical_story_tree/books/Book_10_Mack_Falls/book_content.txt|canon/canonical_story_tree/books/Book_25_Death_Is_Rebirth/book_content.txt	bridge|portal|shelter|structure|well	timeline|relationships|scenes|quests|world	implemented_reference_map	reference_extracted_pending_domain_review
WDM-STRUCTURE-f11b72f773ce	structure	Authority	canon/canonical_story_tree/all_25_books_latest_full_cycle.txt|canon/canonical_story_tree/books/Book_01_Choices_Make_World/book_content.txt|canon/canonical_story_tree/world/wowas_world_zone_map.json	settlement|well	timeline|relationships|scenes|quests|world	implemented_reference_map	reference_extracted_pending_domain_review
WDM-STRUCTURE-35e3bae05e4f	structure	Softens	canon/canonical_story_tree/all_25_books_latest_full_cycle.txt|canon/canonical_story_tree/books/Book_01_Choices_Make_World/book_content.txt	well	timeline|relationships|scenes|quests|world	implemented_reference_map	reference_extracted_pending_domain_review
WDM-STRUCTURE-68e5f70f0197	structure	Room	canon/canonical_story_tree/all_25_books_latest_full_cycle.txt|canon/canonical_story_tree/books/Book_01_Choices_Make_World/book_content.txt	well	timeline|relationships|scenes|quests|world	implemented_reference_map	reference_extracted_pending_domain_review
WDM-STRUCTURE-18362506e626	structure	"Mack-Authority-Softens-the-Room

scene"	canon/canonical_story_tree/all_25_books_latest_full_cycle.txt|canon/canonical_story_tree/books/Book_01_Choices_Make_World/book_content.txt	well	timeline|relationships|scenes|quests|world	implemented_reference_map	reference_extracted_pending_domain_review
WDM-STRUCTURE-593207a97168	structure	"S197
beat"	canon/canonical_story_tree/all_25_books_latest_full_cycle.txt|canon/canonical_story_tree/books/Book_01_Choices_Make_World/book_content.txt	well	timeline|relationships|scenes|quests|world	implemented_reference_map	reference_extracted_pending_domain_review
WDM-STRUCTURE-787b6efe2b28	structure	Some receive him with ease	canon/canonical_story_tree/all_25_books_latest_full_cycle.txt|canon/canonical_story_tree/books/Book_01_Choices_Make_World/book_content.txt	bridge	timeline|relationships|scenes|quests|world	implemented_reference_map	reference_extracted_pending_domain_review
WDM-STRUCTURE-aef5f1d419b5	structure	some with caution	canon/canonical_story_tree/all_25_books_latest_full_cycle.txt|canon/canonical_story_tree/books/Book_01_Choices_Make_World/book_content.txt	bridge	timeline|relationships|scenes|quests|world	implemented_reference_map	reference_extracted_pending_domain_review
WDM-STRUCTURE-4467a11e785a	structure	some with curiosity	canon/canonical_story_tree/all_25_books_latest_full_cycle.txt|canon/canonical_story_tree/books/Book_01_Choices_Make_World/book_content.txt	bridge	timeline|relationships|scenes|quests|world	implemented_reference_map	reference_extracted_pending_domain_review
WDM-STRUCTURE-2922f759d25d	structure	S223 Pips-Role-Changes-Inside-the-Household	canon/canonical_story_tree/all_25_books_latest_full_cycle.txt|canon/canonical_story_tree/books/Book_01_Choices_Make_World/book_content.txt	bridge	timeline|relationships|scenes|quests|world	implemented_reference_map	reference_extracted_pending_domain_review
WDM-STRUCTURE-092a963786d9	structure	He is no longer only	canon/canonical_story_tree/all_25_books_latest_full_cycle.txt|canon/canonical_story_tree/books/Book_01_Choices_Make_World/book_content.txt	bridge	timeline|relationships|scenes|quests|world	implemented_reference_map	reference_extracted_pending_domain_review
WDM-STRUCTURE-d490c798329d	structure	child	canon/canonical_story_tree/all_25_books_latest_full_cycle.txt|canon/canonical_story_tree/books/Book_01_Choices_Make_World/book_content.txt	bridge	timeline|relationships|scenes|quests|world	implemented_reference_map	reference_extracted_pending_domain_review
WDM-STRUCTURE-ca070b685c18	structure	ward	canon/canonical_story_tree/all_25_books_latest_full_cycle.txt|canon/canonical_story_tree/books/Book_01_Choices_Make_World/book_content.txt	bridge	timeline|relationships|scenes|quests|world	implemented_reference_map	reference_extracted_pending_domain_review
WDM-STRUCTURE-8b28b113d0d7	structure	he is now vector	canon/canonical_story_tree/all_25_books_latest_full_cycle.txt|canon/canonical_story_tree/books/Book_01_Choices_Make_World/book_content.txt	bridge	timeline|relationships|scenes|quests|world	implemented_reference_map	reference_extracted_pending_domain_review
WDM-STRUCTURE-83627f671219	structure	witness	canon/canonical_story_tree/all_25_books_latest_full_cycle.txt|canon/canonical_story_tree/books/Book_01_Choices_Make_World/book_content.txt	bridge	timeline|relationships|scenes|quests|world	implemented_reference_map	reference_extracted_pending_domain_review
WDM-STRUCTURE-16fc40a7fcc8	structure	and bridge	canon/canonical_story_tree/all_25_books_latest_full_cycle.txt|canon/canonical_story_tree/books/Book_01_Choices_Make_World/book_content.txt	bridge	timeline|relationships|scenes|quests|world	implemented_reference_map	reference_extracted_pending_domain_review
WDM-STRUCTURE-0a12c5bbf9db	structure	S224 Mack-Rebalances-Protection	canon/canonical_story_tree/all_25_books_latest_full_cycle.txt|canon/canonical_story_tree/books/Book_01_Choices_Make_World/book_content.txt	bridge	timeline|relationships|scenes|quests|world	implemented_reference_map	reference_extracted_pending_domain_review
WDM-STRUCTURE-bc0d6e675ad6	structure	The guardian's attention splits and	canon/canonical_story_tree/all_25_books_latest_full_cycle.txt|canon/canonical_story_tree/books/Book_01_Choices_Make_World/book_content.txt	bridge	timeline|relationships|scenes|quests|world	implemented_reference_map	reference_extracted_pending_domain_review
WDM-STRUCTURE-06b815fb1400	structure	broadens in response to the	canon/canonical_story_tree/all_25_books_latest_full_cycle.txt|canon/canonical_story_tree/books/Book_01_Choices_Make_World/book_content.txt	bridge	timeline|relationships|scenes|quests|world	implemented_reference_map	reference_extracted_pending_domain_review
WDM-STRUCTURE-e91231c27781	structure	new orbit	canon/canonical_story_tree/all_25_books_latest_full_cycle.txt|canon/canonical_story_tree/books/Book_01_Choices_Make_World/book_content.txt	bridge	timeline|relationships|scenes|quests|world	implemented_reference_map	reference_extracted_pending_domain_review
WDM-STRUCTURE-37afdfc21120	structure	S225 Rylos Vayne Johnson-Influences-the-Space-Without-Trying-To	canon/canonical_story_tree/all_25_books_latest_full_cycle.txt|canon/canonical_story_tree/books/Book_01_Choices_Make_World/book_content.txt	bridge	timeline|relationships|scenes|quests|world	implemented_reference_map	reference_extracted_pending_domain_review
WDM-STRUCTURE-b0944bfc6f04	structure	something real to lose	canon/canonical_story_tree/all_25_books_latest_full_cycle.txt|canon/canonical_story_tree/books/Book_01_Choices_Make_World/book_content.txt	bridge|shelter	timeline|relationships|scenes|quests|world	implemented_reference_map	reference_extracted_pending_domain_review
WDM-STRUCTURE-5ed4144636ad	structure	S261 Daily-Care-and-Cosmic-Pressure-Collide	canon/canonical_story_tree/all_25_books_latest_full_cycle.txt|canon/canonical_story_tree/books/Book_01_Choices_Make_World/book_content.txt	bridge|shelter	timeline|relationships|scenes|quests|world	implemented_reference_map	reference_extracted_pending_domain_review
WDM-STRUCTURE-6ad173f1fb0b	structure	Small ordinary acts occur beside	canon/canonical_story_tree/all_25_books_latest_full_cycle.txt|canon/canonical_story_tree/books/Book_01_Choices_Make_World/book_content.txt	bridge|shelter	timeline|relationships|scenes|quests|world	implemented_reference_map	reference_extracted_pending_domain_review
WDM-STRUCTURE-7222e28d6624	structure	overwhelming future weight	canon/canonical_story_tree/all_25_books_latest_full_cycle.txt|canon/canonical_story_tree/books/Book_01_Choices_Make_World/book_content.txt	bridge|shelter	timeline|relationships|scenes|quests|world	implemented_reference_map	reference_extracted_pending_domain_review
WDM-STRUCTURE-1e74ce55ee0a	structure	S262 Pip-Begins-to-Understand-Himself-as-a-Bridge	canon/canonical_story_tree/all_25_books_latest_full_cycle.txt|canon/canonical_story_tree/books/Book_01_Choices_Make_World/book_content.txt	bridge	timeline|relationships|scenes|quests|world	implemented_reference_map	reference_extracted_pending_domain_review
WDM-STRUCTURE-cb41fd14836c	structure	He is not choosing between	canon/canonical_story_tree/all_25_books_latest_full_cycle.txt|canon/canonical_story_tree/books/Book_01_Choices_Make_World/book_content.txt	bridge	timeline|relationships|scenes|quests|world	implemented_reference_map	reference_extracted_pending_domain_review
WDM-STRUCTURE-7e4ad824b78d	structure	worlds	canon/canonical_story_tree/all_25_books_latest_full_cycle.txt|canon/canonical_story_tree/books/Book_01_Choices_Make_World/book_content.txt	bridge	timeline|relationships|scenes|quests|world	implemented_reference_map	reference_extracted_pending_domain_review
WDM-STRUCTURE-a5883b054462	structure	he is becoming the link	canon/canonical_story_tree/all_25_books_latest_full_cycle.txt|canon/canonical_story_tree/books/Book_01_Choices_Make_World/book_content.txt	bridge	timeline|relationships|scenes|quests|world	implemented_reference_map	reference_extracted_pending_domain_review
WDM-STRUCTURE-eddc2d884959	structure	between them	canon/canonical_story_tree/all_25_books_latest_full_cycle.txt|canon/canonical_story_tree/books/Book_01_Choices_Make_World/book_content.txt	bridge	timeline|relationships|scenes|quests|world	implemented_reference_map	reference_extracted_pending_domain_review
WDM-STRUCTURE-abc79dd89f01	structure	S263 Rylos Vayne Johnson-Is-Now-Inside-the-Threadwork	canon/canonical_story_tree/all_25_books_latest_full_cycle.txt|canon/canonical_story_tree/books/Book_01_Choices_Make_World/book_content.txt	bridge	timeline|relationships|scenes|quests|world	implemented_reference_map	reference_extracted_pending_domain_review
WDM-STRUCTURE-14e533808cec	structure	His presence changes how duty	canon/canonical_story_tree/all_25_books_latest_full_cycle.txt|canon/canonical_story_tree/books/Book_01_Choices_Make_World/book_content.txt	bridge	timeline|relationships|scenes|quests|world	implemented_reference_map	reference_extracted_pending_domain_review
WDM-STRUCTURE-213b9934a7c3	structure	is understood	canon/canonical_story_tree/all_25_books_latest_full_cycle.txt|canon/canonical_story_tree/books/Book_01_Choices_Make_World/book_content.txt	bridge	timeline|relationships|scenes|quests|world	implemented_reference_map	reference_extracted_pending_domain_review
WDM-STRUCTURE-56ca80bfda9d	structure	"Pips-Role-Changes-Inside-the-Household

scene"	canon/canonical_story_tree/all_25_books_latest_full_cycle.txt|canon/canonical_story_tree/books/Book_01_Choices_Make_World/book_content.txt	bridge	timeline|relationships|scenes|quests|world	implemented_reference_map	reference_extracted_pending_domain_review
WDM-STRUCTURE-e1adf3fa0ef6	structure	"S223
beat"	canon/canonical_story_tree/all_25_books_latest_full_cycle.txt|canon/canonical_story_tree/books/Book_01_Choices_Make_World/book_content.txt	bridge	timeline|relationships|scenes|quests|world	implemented_reference_map	reference_extracted_pending_domain_review
WDM-STRUCTURE-bab4aa73bfa5	structure	"Choices Make World

Pips-Role-Changes-Inside-the-Household"	canon/canonical_story_tree/all_25_books_latest_full_cycle.txt|canon/canonical_story_tree/books/Book_01_Choices_Make_World/book_content.txt	bridge	timeline|relationships|scenes|quests|world	implemented_reference_map	reference_extracted_pending_domain_review
WDM-STRUCTURE-db23357a0996	structure	Rebalances	canon/canonical_story_tree/all_25_books_latest_full_cycle.txt|canon/canonical_story_tree/books/Book_01_Choices_Make_World/book_content.txt	bridge	timeline|relationships|scenes|quests|world	implemented_reference_map	reference_extracted_pending_domain_review
WDM-STRUCTURE-d6b6058b9d93	structure	Protection	canon/canonical_story_tree/all_25_books_latest_full_cycle.txt|canon/canonical_story_tree/books/Book_01_Choices_Make_World/book_content.txt|canon/canonical_story_tree/books/Book_02_The_Diary_And_The_Blue_Light/book_content.txt|canon/canonical_story_tree/world/wowas_world_zone_map.json	bridge|settlement|structure	timeline|relationships|scenes|quests|world	implemented_reference_map	reference_extracted_pending_domain_review
WDM-STRUCTURE-17feeef462a6	structure	"Mack-Rebalances-Protection

scene"	canon/canonical_story_tree/all_25_books_latest_full_cycle.txt|canon/canonical_story_tree/books/Book_01_Choices_Make_World/book_content.txt	bridge	timeline|relationships|scenes|quests|world	implemented_reference_map	reference_extracted_pending_domain_review
WDM-STRUCTURE-405e5eb32439	structure	"S224
beat"	canon/canonical_story_tree/all_25_books_latest_full_cycle.txt|canon/canonical_story_tree/books/Book_01_Choices_Make_World/book_content.txt	bridge	timeline|relationships|scenes|quests|world	implemented_reference_map	reference_extracted_pending_domain_review
WDM-STRUCTURE-663ac8013ab0	structure	"Choices Make World

Mack-Rebalances-Protection"	canon/canonical_story_tree/all_25_books_latest_full_cycle.txt|canon/canonical_story_tree/books/Book_01_Choices_Make_World/book_content.txt	bridge	timeline|relationships|scenes|quests|world	implemented_reference_map	reference_extracted_pending_domain_review
WDM-STRUCTURE-1733648ed4c2	structure	"Choices Make World

Daily-Care-and-Cosmic-Pressure-Collide"	canon/canonical_story_tree/all_25_books_latest_full_cycle.txt|canon/canonical_story_tree/books/Book_01_Choices_Make_World/book_content.txt	bridge	timeline|relationships|scenes|quests|world	implemented_reference_map	reference_extracted_pending_domain_review
WDM-STRUCTURE-59668cba05bc	structure	Pip	canon/canonical_story_tree/all_25_books_latest_full_cycle.txt|canon/canonical_story_tree/books/Book_01_Choices_Make_World/book_content.txt|canon/canonical_story_tree/books/Book_02_The_Diary_And_The_Blue_Light/book_content.txt|canon/canonical_story_tree/books/Book_03_The_First_Thread/book_content.txt|canon/canonical_story_tree/books/Book_04_Crocodile_Smile/book_content.txt	bridge|shelter|structure	timeline|relationships|scenes|quests|world	implemented_reference_map	reference_extracted_pending_domain_review
WDM-STRUCTURE-30a1e19ab384	structure	Begins	canon/canonical_story_tree/all_25_books_latest_full_cycle.txt|canon/canonical_story_tree/books/Book_01_Choices_Make_World/book_content.txt	bridge	timeline|relationships|scenes|quests|world	implemented_reference_map	reference_extracted_pending_domain_review
WDM-STRUCTURE-bd930cd73f8a	structure	Understand	canon/canonical_story_tree/all_25_books_latest_full_cycle.txt|canon/canonical_story_tree/books/Book_01_Choices_Make_World/book_content.txt	bridge	timeline|relationships|scenes|quests|world	implemented_reference_map	reference_extracted_pending_domain_review
WDM-STRUCTURE-7b07d3e00ed6	structure	Himself	canon/canonical_story_tree/all_25_books_latest_full_cycle.txt|canon/canonical_story_tree/books/Book_01_Choices_Make_World/book_content.txt	bridge	timeline|relationships|scenes|quests|world	implemented_reference_map	reference_extracted_pending_domain_review
WDM-STRUCTURE-5315104a9cce	structure	Bridge	canon/canonical_story_tree/all_25_books_latest_full_cycle.txt|canon/canonical_story_tree/books/Book_01_Choices_Make_World/book_content.txt	bridge	timeline|relationships|scenes|quests|world	implemented_reference_map	reference_extracted_pending_domain_review
WDM-STRUCTURE-f8f543abd3c1	structure	"Pip-Begins-to-Understand-Himself-as-a-Bridge

scene"	canon/canonical_story_tree/all_25_books_latest_full_cycle.txt|canon/canonical_story_tree/books/Book_01_Choices_Make_World/book_content.txt	bridge	timeline|relationships|scenes|quests|world	implemented_reference_map	reference_extracted_pending_domain_review
WDM-STRUCTURE-166e5ead02f9	structure	"S262
beat"	canon/canonical_story_tree/all_25_books_latest_full_cycle.txt|canon/canonical_story_tree/books/Book_01_Choices_Make_World/book_content.txt	bridge	timeline|relationships|scenes|quests|world	implemented_reference_map	reference_extracted_pending_domain_review
WDM-STRUCTURE-914673e3a654	structure	"Choices Make World

Pip-Begins-to-Understand-Himself-as-a-Bridge"	canon/canonical_story_tree/all_25_books_latest_full_cycle.txt|canon/canonical_story_tree/books/Book_01_Choices_Make_World/book_content.txt	bridge	timeline|relationships|scenes|quests|world	implemented_reference_map	reference_extracted_pending_domain_review
WDM-STRUCTURE-3f9d7b175b71	structure	Rylos	canon/canonical_story_tree/all_25_books_latest_full_cycle.txt|canon/canonical_story_tree/books/Book_01_Choices_Make_World/book_content.txt|canon/canonical_story_tree/books/Book_02_The_Diary_And_The_Blue_Light/book_content.txt	bridge|shelter|structure	timeline|relationships|scenes|quests|world	implemented_reference_map	reference_extracted_pending_domain_review
WDM-STRUCTURE-c7393b8b40a1	structure	Vayne	canon/canonical_story_tree/all_25_books_latest_full_cycle.txt|canon/canonical_story_tree/books/Book_01_Choices_Make_World/book_content.txt|canon/canonical_story_tree/books/Book_02_The_Diary_And_The_Blue_Light/book_content.txt	bridge|shelter|structure	timeline|relationships|scenes|quests|world	implemented_reference_map	reference_extracted_pending_domain_review
WDM-STRUCTURE-b7328cc5cf24	structure	Johnson	canon/canonical_story_tree/all_25_books_latest_full_cycle.txt|canon/canonical_story_tree/books/Book_01_Choices_Make_World/book_content.txt|canon/canonical_story_tree/books/Book_02_The_Diary_And_The_Blue_Light/book_content.txt	bridge|shelter|structure	timeline|relationships|scenes|quests|world	implemented_reference_map	reference_extracted_pending_domain_review
WDM-STRUCTURE-b118e86cc242	structure	Now	canon/canonical_story_tree/all_25_books_latest_full_cycle.txt|canon/canonical_story_tree/books/Book_01_Choices_Make_World/book_content.txt|canon/canonical_story_tree/books/Book_03_The_First_Thread/book_content.txt	bridge|shelter|structure	timeline|relationships|scenes|quests|world	implemented_reference_map	reference_extracted_pending_domain_review
WDM-STRUCTURE-f35c4616d9af	structure	Inside	canon/canonical_story_tree/all_25_books_latest_full_cycle.txt|canon/canonical_story_tree/books/Book_01_Choices_Make_World/book_content.txt	bridge|shelter	timeline|relationships|scenes|quests|world	implemented_reference_map	reference_extracted_pending_domain_review
WDM-STRUCTURE-a9cfb2666539	structure	Threadwork	canon/canonical_story_tree/all_25_books_latest_full_cycle.txt|canon/canonical_story_tree/books/Book_01_Choices_Make_World/book_content.txt	bridge	timeline|relationships|scenes|quests|world	implemented_reference_map	reference_extracted_pending_domain_review
WDM-STRUCTURE-fc7f0d9a4826	structure	"Rylos Vayne Johnson-Is-Now-Inside-the-Threadwork

scene"	canon/canonical_story_tree/all_25_books_latest_full_cycle.txt|canon/canonical_story_tree/books/Book_01_Choices_Make_World/book_content.txt	bridge	timeline|relationships|scenes|quests|world	implemented_reference_map	reference_extracted_pending_domain_review
WDM-STRUCTURE-ebc60eb93749	structure	S173 Rylos Vayne Johnson-Studies-the-Place-Like-a-Hunted-Thing	canon/canonical_story_tree/all_25_books_latest_full_cycle.txt|canon/canonical_story_tree/books/Book_01_Choices_Make_World/book_content.txt	shelter	timeline|relationships|scenes|quests|world	implemented_reference_map	reference_extracted_pending_domain_review
WDM-STRUCTURE-9a51a98d823e	structure	He does not enter as	canon/canonical_story_tree/all_25_books_latest_full_cycle.txt|canon/canonical_story_tree/books/Book_01_Choices_Make_World/book_content.txt	shelter	timeline|relationships|scenes|quests|world	implemented_reference_map	reference_extracted_pending_domain_review
WDM-STRUCTURE-8eb17a8e8b9c	structure	guest at first	canon/canonical_story_tree/all_25_books_latest_full_cycle.txt|canon/canonical_story_tree/books/Book_01_Choices_Make_World/book_content.txt	shelter	timeline|relationships|scenes|quests|world	implemented_reference_map	reference_extracted_pending_domain_review
WDM-STRUCTURE-10ba3d05184a	structure	but as someone checking whether	canon/canonical_story_tree/all_25_books_latest_full_cycle.txt|canon/canonical_story_tree/books/Book_01_Choices_Make_World/book_content.txt	shelter	timeline|relationships|scenes|quests|world	implemented_reference_map	reference_extracted_pending_domain_review
WDM-STRUCTURE-ea5910014289	structure	sanctuary is just	canon/canonical_story_tree/all_25_books_latest_full_cycle.txt|canon/canonical_story_tree/books/Book_01_Choices_Make_World/book_content.txt	shelter	timeline|relationships|scenes|quests|world	implemented_reference_map	reference_extracted_pending_domain_review
WDM-STRUCTURE-08695e0949d4	structure	prettier prison	canon/canonical_story_tree/all_25_books_latest_full_cycle.txt|canon/canonical_story_tree/books/Book_01_Choices_Make_World/book_content.txt	shelter	timeline|relationships|scenes|quests|world	implemented_reference_map	reference_extracted_pending_domain_review
WDM-STRUCTURE-06d95a0838cd	structure	S174 Pip-Sees-Mack-in-the-Shelter-Itself	canon/canonical_story_tree/all_25_books_latest_full_cycle.txt|canon/canonical_story_tree/books/Book_01_Choices_Make_World/book_content.txt	shelter	timeline|relationships|scenes|quests|world	implemented_reference_map	reference_extracted_pending_domain_review
WDM-STRUCTURE-b1ae5318ce79	structure	The sanctuary carries Mack's emotional	canon/canonical_story_tree/all_25_books_latest_full_cycle.txt|canon/canonical_story_tree/books/Book_01_Choices_Make_World/book_content.txt	shelter	timeline|relationships|scenes|quests|world	implemented_reference_map	reference_extracted_pending_domain_review
WDM-STRUCTURE-649f01c30c3a	structure	and moral architecture even before	canon/canonical_story_tree/all_25_books_latest_full_cycle.txt|canon/canonical_story_tree/books/Book_01_Choices_Make_World/book_content.txt	shelter	timeline|relationships|scenes|quests|world	implemented_reference_map	reference_extracted_pending_domain_review
WDM-STRUCTURE-7741f193e19d	structure	Mack fully arrives in scene	canon/canonical_story_tree/all_25_books_latest_full_cycle.txt|canon/canonical_story_tree/books/Book_01_Choices_Make_World/book_content.txt	shelter	timeline|relationships|scenes|quests|world	implemented_reference_map	reference_extracted_pending_domain_review
WDM-STRUCTURE-a639b971186a	structure	S175 The-Leg-Meets-a-World-Built-for-Recovery	canon/canonical_story_tree/all_25_books_latest_full_cycle.txt|canon/canonical_story_tree/books/Book_01_Choices_Make_World/book_content.txt	shelter	timeline|relationships|scenes|quests|world	implemented_reference_map	reference_extracted_pending_domain_review
WDM-STRUCTURE-3ca0ab966855	structure	The first practical signs appear	canon/canonical_story_tree/all_25_books_latest_full_cycle.txt|canon/canonical_story_tree/books/Book_01_Choices_Make_World/book_content.txt	shelter	timeline|relationships|scenes|quests|world	implemented_reference_map	reference_extracted_pending_domain_review
WDM-STRUCTURE-3bd406f15394	structure	Their entry is not neutral	canon/canonical_story_tree/all_25_books_latest_full_cycle.txt|canon/canonical_story_tree/books/Book_01_Choices_Make_World/book_content.txt	shelter	timeline|relationships|scenes|quests|world	implemented_reference_map	reference_extracted_pending_domain_review
WDM-STRUCTURE-53ac15db2b9b	structure	the place itself begins reorganizing	canon/canonical_story_tree/all_25_books_latest_full_cycle.txt|canon/canonical_story_tree/books/Book_01_Choices_Make_World/book_content.txt	shelter	timeline|relationships|scenes|quests|world	implemented_reference_map	reference_extracted_pending_domain_review
WDM-STRUCTURE-8637a45503ea	structure	around their pair-bond and wounded	canon/canonical_story_tree/all_25_books_latest_full_cycle.txt|canon/canonical_story_tree/books/Book_01_Choices_Make_World/book_content.txt	shelter	timeline|relationships|scenes|quests|world	implemented_reference_map	reference_extracted_pending_domain_review
WDM-STRUCTURE-2fd68820323e	structure	arrival	canon/canonical_story_tree/all_25_books_latest_full_cycle.txt|canon/canonical_story_tree/books/Book_01_Choices_Make_World/book_content.txt	shelter	timeline|relationships|scenes|quests|world	implemented_reference_map	reference_extracted_pending_domain_review
WDM-STRUCTURE-dbb2dd14abb6	structure	S179 Home-Is-Not-Simple-Because-He-Brought-Someone	canon/canonical_story_tree/all_25_books_latest_full_cycle.txt|canon/canonical_story_tree/books/Book_01_Choices_Make_World/book_content.txt	shelter	timeline|relationships|scenes|quests|world	implemented_reference_map	reference_extracted_pending_domain_review
WDM-STRUCTURE-ef99dce94d8e	structure	Pip realizes that getting back	canon/canonical_story_tree/all_25_books_latest_full_cycle.txt|canon/canonical_story_tree/books/Book_01_Choices_Make_World/book_content.txt	shelter	timeline|relationships|scenes|quests|world	implemented_reference_map	reference_extracted_pending_domain_review
WDM-STRUCTURE-9edb4c6809d2	structure	to shelter did not restore	canon/canonical_story_tree/all_25_books_latest_full_cycle.txt|canon/canonical_story_tree/books/Book_01_Choices_Make_World/book_content.txt	shelter	timeline|relationships|scenes|quests|world	implemented_reference_map	reference_extracted_pending_domain_review
WDM-STRUCTURE-0deadd6c4a0c	structure	the old world	canon/canonical_story_tree/all_25_books_latest_full_cycle.txt|canon/canonical_story_tree/books/Book_01_Choices_Make_World/book_content.txt	shelter	timeline|relationships|scenes|quests|world	implemented_reference_map	reference_extracted_pending_domain_review
WDM-STRUCTURE-f70c769cbd2c	structure	it transformed it	canon/canonical_story_tree/all_25_books_latest_full_cycle.txt|canon/canonical_story_tree/books/Book_01_Choices_Make_World/book_content.txt	shelter	timeline|relationships|scenes|quests|world	implemented_reference_map	reference_extracted_pending_domain_review
WDM-STRUCTURE-582668424516	structure	S180 Arrival-Creates-New-Debt	canon/canonical_story_tree/all_25_books_latest_full_cycle.txt|canon/canonical_story_tree/books/Book_01_Choices_Make_World/book_content.txt	shelter	timeline|relationships|scenes|quests|world	implemented_reference_map	reference_extracted_pending_domain_review
WDM-STRUCTURE-8bc69da31568	structure	Sanctuary ends one survival problem	canon/canonical_story_tree/all_25_books_latest_full_cycle.txt|canon/canonical_story_tree/books/Book_01_Choices_Make_World/book_content.txt	shelter	timeline|relationships|scenes|quests|world	implemented_reference_map	reference_extracted_pending_domain_review
WDM-STRUCTURE-8e648c7cbb5d	structure	and begins relational	canon/canonical_story_tree/all_25_books_latest_full_cycle.txt|canon/canonical_story_tree/books/Book_01_Choices_Make_World/book_content.txt	shelter	timeline|relationships|scenes|quests|world	implemented_reference_map	reference_extracted_pending_domain_review
WDM-STRUCTURE-5beaef334ced	structure	prophetic	canon/canonical_story_tree/all_25_books_latest_full_cycle.txt|canon/canonical_story_tree/books/Book_01_Choices_Make_World/book_content.txt	shelter	timeline|relationships|scenes|quests|world	implemented_reference_map	reference_extracted_pending_domain_review
WDM-STRUCTURE-00cfa0470bd4	structure	and communal consequences	canon/canonical_story_tree/all_25_books_latest_full_cycle.txt|canon/canonical_story_tree/books/Book_01_Choices_Make_World/book_content.txt	shelter	timeline|relationships|scenes|quests|world	implemented_reference_map	reference_extracted_pending_domain_review
WDM-STRUCTURE-a1364ffb7eb3	structure	The Last Push Before Shelter	canon/canonical_story_tree/all_25_books_latest_full_cycle.txt|canon/canonical_story_tree/books/Book_01_Choices_Make_World/book_content.txt	shelter	timeline|relationships|scenes|quests|world	implemented_reference_map	reference_extracted_pending_domain_review
WDM-STRUCTURE-b606ba49f9b4	structure	target	canon/canonical_story_tree/all_25_books_latest_full_cycle.txt|canon/canonical_story_tree/books/Book_01_Choices_Make_World/book_content.txt|canon/canonical_story_tree/books/Book_11_The_Portal_Opens/book_content.txt|canon/canonical_story_tree/books/Book_17_Black_Heart_Scar/book_content.txt|canon/canonical_story_tree/books/Book_18_Strange_Gravity/book_content.txt|canon/canonical_story_tree/books/Book_22_The_Last_Open_Gate/book_content.txt|canon/canonical_story_tree/books/Book_23_The_Final_Resonance/book_content.txt	portal|shelter|structure	timeline|relationships|scenes|quests|world	implemented_reference_map	reference_extracted_pending_domain_review
WDM-STRUCTURE-675101c71a5a	structure	S181 The-Approach-Almost-Breaks-Them	canon/canonical_story_tree/all_25_books_latest_full_cycle.txt|canon/canonical_story_tree/books/Book_01_Choices_Make_World/book_content.txt	shelter	timeline|relationships|scenes|quests|world	implemented_reference_map	reference_extracted_pending_domain_review
WDM-STRUCTURE-f85f2c592f69	structure	The final stretch costs more	canon/canonical_story_tree/all_25_books_latest_full_cycle.txt|canon/canonical_story_tree/books/Book_01_Choices_Make_World/book_content.txt	shelter	timeline|relationships|scenes|quests|world	implemented_reference_map	reference_extracted_pending_domain_review
WDM-STRUCTURE-dd5fbef3027d	structure	than expected because bodies fail	canon/canonical_story_tree/all_25_books_latest_full_cycle.txt|canon/canonical_story_tree/books/Book_01_Choices_Make_World/book_content.txt	shelter	timeline|relationships|scenes|quests|world	implemented_reference_map	reference_extracted_pending_domain_review
WDM-STRUCTURE-b7aef8334d0b	structure	hardest closest to safety	canon/canonical_story_tree/all_25_books_latest_full_cycle.txt|canon/canonical_story_tree/books/Book_01_Choices_Make_World/book_content.txt	shelter	timeline|relationships|scenes|quests|world	implemented_reference_map	reference_extracted_pending_domain_review
WDM-STRUCTURE-1b192804744a	structure	S182 Carrying-Becomes-Choice-Not-Only-Necessity	canon/canonical_story_tree/all_25_books_latest_full_cycle.txt|canon/canonical_story_tree/books/Book_01_Choices_Make_World/book_content.txt	shelter	timeline|relationships|scenes|quests|world	implemented_reference_map	reference_extracted_pending_domain_review
WDM-STRUCTURE-0c6db566c069	structure	Entry is not graceful	canon/canonical_story_tree/all_25_books_latest_full_cycle.txt|canon/canonical_story_tree/books/Book_01_Choices_Make_World/book_content.txt	shelter	timeline|relationships|scenes|quests|world	implemented_reference_map	reference_extracted_pending_domain_review
WDM-STRUCTURE-6cad09810bdc	structure	it is earned through pain	canon/canonical_story_tree/all_25_books_latest_full_cycle.txt|canon/canonical_story_tree/books/Book_01_Choices_Make_World/book_content.txt	shelter	timeline|relationships|scenes|quests|world	implemented_reference_map	reference_extracted_pending_domain_review
WDM-STRUCTURE-146785c048cf	structure	scrambling	canon/canonical_story_tree/all_25_books_latest_full_cycle.txt|canon/canonical_story_tree/books/Book_01_Choices_Make_World/book_content.txt	shelter	timeline|relationships|scenes|quests|world	implemented_reference_map	reference_extracted_pending_domain_review
WDM-STRUCTURE-8361558b04f5	structure	and stubbornness	canon/canonical_story_tree/all_25_books_latest_full_cycle.txt|canon/canonical_story_tree/books/Book_01_Choices_Make_World/book_content.txt	shelter	timeline|relationships|scenes|quests|world	implemented_reference_map	reference_extracted_pending_domain_review
WDM-STRUCTURE-77e86decd78e	structure	S186 The-Body-Keeps-Moving-After-Arrival	canon/canonical_story_tree/all_25_books_latest_full_cycle.txt|canon/canonical_story_tree/books/Book_01_Choices_Make_World/book_content.txt	shelter	timeline|relationships|scenes|quests|world	implemented_reference_map	reference_extracted_pending_domain_review
WDM-STRUCTURE-cd80be48939c	structure	Momentum carries fear and urgency	canon/canonical_story_tree/all_25_books_latest_full_cycle.txt|canon/canonical_story_tree/books/Book_01_Choices_Make_World/book_content.txt	shelter	timeline|relationships|scenes|quests|world	implemented_reference_map	reference_extracted_pending_domain_review
WDM-STRUCTURE-e751998e120c	structure	into the first moments of	canon/canonical_story_tree/all_25_books_latest_full_cycle.txt|canon/canonical_story_tree/books/Book_01_Choices_Make_World/book_content.txt	shelter	timeline|relationships|scenes|quests|world	implemented_reference_map	reference_extracted_pending_domain_review
WDM-STRUCTURE-15c7d920754f	structure	shelter	canon/canonical_story_tree/all_25_books_latest_full_cycle.txt|canon/canonical_story_tree/books/Book_01_Choices_Make_World/book_content.txt	shelter	timeline|relationships|scenes|quests|world	implemented_reference_map	reference_extracted_pending_domain_review
WDM-STRUCTURE-37437a70ed4e	structure	S187 Sanctuary-Has-to-Be-Believed-In-After-It-Is-Reached	canon/canonical_story_tree/all_25_books_latest_full_cycle.txt|canon/canonical_story_tree/books/Book_01_Choices_Make_World/book_content.txt	shelter	timeline|relationships|scenes|quests|world	implemented_reference_map	reference_extracted_pending_domain_review
WDM-STRUCTURE-2a98ee75ec79	structure	Arrival does not instantly equal	canon/canonical_story_tree/all_25_books_latest_full_cycle.txt|canon/canonical_story_tree/books/Book_01_Choices_Make_World/book_content.txt	shelter	timeline|relationships|scenes|quests|world	implemented_reference_map	reference_extracted_pending_domain_review
WDM-STRUCTURE-dd5816b9c44f	structure	trust	canon/canonical_story_tree/all_25_books_latest_full_cycle.txt|canon/canonical_story_tree/books/Book_01_Choices_Make_World/book_content.txt	shelter	timeline|relationships|scenes|quests|world	implemented_reference_map	reference_extracted_pending_domain_review
WDM-STRUCTURE-7159d654012f	structure	S188 First-Human-Witnesses-to-the-Arrival	canon/canonical_story_tree/all_25_books_latest_full_cycle.txt|canon/canonical_story_tree/books/Book_01_Choices_Make_World/book_content.txt	shelter	timeline|relationships|scenes|quests|world	implemented_reference_map	reference_extracted_pending_domain_review
WDM-STRUCTURE-33858d709217	structure	Other eyes	canon/canonical_story_tree/all_25_books_latest_full_cycle.txt|canon/canonical_story_tree/books/Book_01_Choices_Make_World/book_content.txt	shelter	timeline|relationships|scenes|quests|world	implemented_reference_map	reference_extracted_pending_domain_review
WDM-STRUCTURE-e5af6ebf02fc	structure	if present	canon/canonical_story_tree/all_25_books_latest_full_cycle.txt|canon/canonical_story_tree/books/Book_01_Choices_Make_World/book_content.txt|canon/canonical_story_tree/books/Book_20_The_Beforemath/book_content.txt	shelter|structure	timeline|relationships|scenes|quests|world	implemented_reference_map	reference_extracted_pending_domain_review
WDM-STRUCTURE-92fae86dd42e	structure	begin reading the story of	canon/canonical_story_tree/all_25_books_latest_full_cycle.txt|canon/canonical_story_tree/books/Book_01_Choices_Make_World/book_content.txt	shelter	timeline|relationships|scenes|quests|world	implemented_reference_map	reference_extracted_pending_domain_review
WDM-STRUCTURE-7e5bc6036ebf	structure	S213 The-Dream-No-Longer-Belongs-to-Pip-Alone	canon/canonical_story_tree/all_25_books_latest_full_cycle.txt|canon/canonical_story_tree/books/Book_01_Choices_Make_World/book_content.txt	shelter	timeline|relationships|scenes|quests|world	implemented_reference_map	reference_extracted_pending_domain_review
WDM-STRUCTURE-f55fc818d92f	structure	Its meaning now includes relational	canon/canonical_story_tree/all_25_books_latest_full_cycle.txt|canon/canonical_story_tree/books/Book_01_Choices_Make_World/book_content.txt	shelter	timeline|relationships|scenes|quests|world	implemented_reference_map	reference_extracted_pending_domain_review
WDM-STRUCTURE-5e890ccbc742	structure	consequence	canon/canonical_story_tree/all_25_books_latest_full_cycle.txt|canon/canonical_story_tree/books/Book_01_Choices_Make_World/book_content.txt	shelter	timeline|relationships|scenes|quests|world	implemented_reference_map	reference_extracted_pending_domain_review
WDM-STRUCTURE-09e02ef47f06	structure	not just solitary destiny	canon/canonical_story_tree/all_25_books_latest_full_cycle.txt|canon/canonical_story_tree/books/Book_01_Choices_Make_World/book_content.txt	shelter	timeline|relationships|scenes|quests|world	implemented_reference_map	reference_extracted_pending_domain_review
WDM-STRUCTURE-310b2f30b329	structure	S214 Sanctuary-Light-Changes-the-Symbolism	canon/canonical_story_tree/all_25_books_latest_full_cycle.txt|canon/canonical_story_tree/books/Book_01_Choices_Make_World/book_content.txt	shelter	timeline|relationships|scenes|quests|world	implemented_reference_map	reference_extracted_pending_domain_review
WDM-STRUCTURE-a41f8f6b2745	structure	The dream's imagery interacts differently	canon/canonical_story_tree/all_25_books_latest_full_cycle.txt|canon/canonical_story_tree/books/Book_01_Choices_Make_World/book_content.txt	shelter	timeline|relationships|scenes|quests|world	implemented_reference_map	reference_extracted_pending_domain_review
WDM-STRUCTURE-57aed704e129	structure	with shelter than with fear	canon/canonical_story_tree/all_25_books_latest_full_cycle.txt|canon/canonical_story_tree/books/Book_01_Choices_Make_World/book_content.txt	shelter	timeline|relationships|scenes|quests|world	implemented_reference_map	reference_extracted_pending_domain_review
WDM-STRUCTURE-6db07b629aea	structure	S215 Rylos Vayne Johnson-Becomes-Part-of-the-Reading	canon/canonical_story_tree/all_25_books_latest_full_cycle.txt|canon/canonical_story_tree/books/Book_01_Choices_Make_World/book_content.txt	shelter	timeline|relationships|scenes|quests|world	implemented_reference_map	reference_extracted_pending_domain_review
WDM-STRUCTURE-c4a8210e5e79	structure	Whether he hears it directly	canon/canonical_story_tree/all_25_books_latest_full_cycle.txt|canon/canonical_story_tree/books/Book_01_Choices_Make_World/book_content.txt	shelter	timeline|relationships|scenes|quests|world	implemented_reference_map	reference_extracted_pending_domain_review
WDM-STRUCTURE-823ce8777cfe	structure	or indirectly	canon/canonical_story_tree/all_25_books_latest_full_cycle.txt|canon/canonical_story_tree/books/Book_01_Choices_Make_World/book_content.txt	shelter	timeline|relationships|scenes|quests|world	implemented_reference_map	reference_extracted_pending_domain_review
WDM-STRUCTURE-302fef714a4f	structure	he is now embedded in	canon/canonical_story_tree/all_25_books_latest_full_cycle.txt|canon/canonical_story_tree/books/Book_01_Choices_Make_World/book_content.txt	shelter	timeline|relationships|scenes|quests|world	implemented_reference_map	reference_extracted_pending_domain_review
WDM-STRUCTURE-37ed330969e6	structure	the prophecy-space	canon/canonical_story_tree/all_25_books_latest_full_cycle.txt|canon/canonical_story_tree/books/Book_01_Choices_Make_World/book_content.txt	shelter	timeline|relationships|scenes|quests|world	implemented_reference_map	reference_extracted_pending_domain_review
WDM-STRUCTURE-48920522950e	structure	S216 Mack-Asks-the-Question-Pip-Was-Avoiding	canon/canonical_story_tree/all_25_books_latest_full_cycle.txt|canon/canonical_story_tree/books/Book_01_Choices_Make_World/book_content.txt	shelter	timeline|relationships|scenes|quests|world	implemented_reference_map	reference_extracted_pending_domain_review
WDM-STRUCTURE-e2235c14f962	structure	S218 The-Dream-Deepens-Rather-Than-Clarifies	canon/canonical_story_tree/all_25_books_latest_full_cycle.txt|canon/canonical_story_tree/books/Book_01_Choices_Make_World/book_content.txt	shelter	timeline|relationships|scenes|quests|world	implemented_reference_map	reference_extracted_pending_domain_review
WDM-STRUCTURE-0aa858e780a3	structure	More pattern appears	canon/canonical_story_tree/all_25_books_latest_full_cycle.txt|canon/canonical_story_tree/books/Book_01_Choices_Make_World/book_content.txt	shelter	timeline|relationships|scenes|quests|world	implemented_reference_map	reference_extracted_pending_domain_review
WDM-STRUCTURE-0ee9cb972886	structure	but not clean explanation	canon/canonical_story_tree/all_25_books_latest_full_cycle.txt|canon/canonical_story_tree/books/Book_01_Choices_Make_World/book_content.txt	shelter	timeline|relationships|scenes|quests|world	implemented_reference_map	reference_extracted_pending_domain_review
WDM-STRUCTURE-dc57d9a52e70	structure	S219 The-Blue-Thread-Is-No-Longer-Theoretical	canon/canonical_story_tree/all_25_books_latest_full_cycle.txt|canon/canonical_story_tree/books/Book_01_Choices_Make_World/book_content.txt	shelter	timeline|relationships|scenes|quests|world	implemented_reference_map	reference_extracted_pending_domain_review
WDM-STRUCTURE-fa2aeab1116d	structure	It now has	canon/canonical_story_tree/all_25_books_latest_full_cycle.txt|canon/canonical_story_tree/books/Book_01_Choices_Make_World/book_content.txt	shelter	timeline|relationships|scenes|quests|world	implemented_reference_map	reference_extracted_pending_domain_review
WDM-STRUCTURE-378275152a89	structure	body	canon/canonical_story_tree/all_25_books_latest_full_cycle.txt|canon/canonical_story_tree/books/Book_01_Choices_Make_World/book_content.txt	shelter	timeline|relationships|scenes|quests|world	implemented_reference_map	reference_extracted_pending_domain_review
WDM-STRUCTURE-c4d21b3acb76	structure	wound	canon/canonical_story_tree/all_25_books_latest_full_cycle.txt|canon/canonical_story_tree/books/Book_01_Choices_Make_World/book_content.txt	shelter	timeline|relationships|scenes|quests|world	implemented_reference_map	reference_extracted_pending_domain_review
WDM-STRUCTURE-f6ee7ae32e4b	structure	and consequence	canon/canonical_story_tree/all_25_books_latest_full_cycle.txt|canon/canonical_story_tree/books/Book_01_Choices_Make_World/book_content.txt	shelter	timeline|relationships|scenes|quests|world	implemented_reference_map	reference_extracted_pending_domain_review
WDM-STRUCTURE-45c73d982dfb	structure	S220 The-Beat-Ends-with-Prophecy-Inside-the-Home	canon/canonical_story_tree/all_25_books_latest_full_cycle.txt|canon/canonical_story_tree/books/Book_01_Choices_Make_World/book_content.txt	shelter	timeline|relationships|scenes|quests|world	implemented_reference_map	reference_extracted_pending_domain_review
WDM-STRUCTURE-ab4ac60243b3	structure	The dream world has crossed	canon/canonical_story_tree/all_25_books_latest_full_cycle.txt|canon/canonical_story_tree/books/Book_01_Choices_Make_World/book_content.txt	shelter	timeline|relationships|scenes|quests|world	implemented_reference_map	reference_extracted_pending_domain_review
WDM-STRUCTURE-867506c65fbc	structure	the threshold with them	canon/canonical_story_tree/all_25_books_latest_full_cycle.txt|canon/canonical_story_tree/books/Book_01_Choices_Make_World/book_content.txt	shelter	timeline|relationships|scenes|quests|world	implemented_reference_map	reference_extracted_pending_domain_review
WDM-STRUCTURE-7de98a26d6c8	structure	The Oasis Learns	canon/canonical_story_tree/all_25_books_latest_full_cycle.txt|canon/canonical_story_tree/books/Book_01_Choices_Make_World/book_content.txt	shelter	timeline|relationships|scenes|quests|world	implemented_reference_map	reference_extracted_pending_domain_review
WDM-STRUCTURE-4bbb6a7b9ff9	structure	"New Orbit
target"	canon/canonical_story_tree/all_25_books_latest_full_cycle.txt|canon/canonical_story_tree/books/Book_01_Choices_Make_World/book_content.txt	shelter	timeline|relationships|scenes|quests|world	implemented_reference_map	reference_extracted_pending_domain_review
WDM-STRUCTURE-4959ce337304	structure	The house is still whole	canon/canonical_story_tree/all_25_books_latest_full_cycle.txt|canon/canonical_story_tree/books/Book_01_Choices_Make_World/book_content.txt	shelter	timeline|relationships|scenes|quests|world	implemented_reference_map	reference_extracted_pending_domain_review
WDM-STRUCTURE-ddd2338863ef	structure	but everyone is now angled	canon/canonical_story_tree/all_25_books_latest_full_cycle.txt|canon/canonical_story_tree/books/Book_01_Choices_Make_World/book_content.txt	shelter	timeline|relationships|scenes|quests|world	implemented_reference_map	reference_extracted_pending_domain_review
WDM-STRUCTURE-d82ae37e9bff	structure	toward what comes next	canon/canonical_story_tree/all_25_books_latest_full_cycle.txt|canon/canonical_story_tree/books/Book_01_Choices_Make_World/book_content.txt	shelter	timeline|relationships|scenes|quests|world	implemented_reference_map	reference_extracted_pending_domain_review
WDM-STRUCTURE-505a2ae67103	structure	The First Book Finds Its	canon/canonical_story_tree/all_25_books_latest_full_cycle.txt|canon/canonical_story_tree/books/Book_01_Choices_Make_World/book_content.txt	shelter	timeline|relationships|scenes|quests|world	implemented_reference_map	reference_extracted_pending_domain_review
WDM-STRUCTURE-afbabfb57d4b	structure	"Larger Shape
target"	canon/canonical_story_tree/all_25_books_latest_full_cycle.txt|canon/canonical_story_tree/books/Book_01_Choices_Make_World/book_content.txt|canon/canonical_story_tree/books/Book_16_The_Deepening_World/book_content.txt	shelter|structure	timeline|relationships|scenes|quests|world	implemented_reference_map	reference_extracted_pending_domain_review
WDM-STRUCTURE-31100e3de11f	structure	S241 Pip-Looks-Back-at-the-Road-From-Within-Shelter	canon/canonical_story_tree/all_25_books_latest_full_cycle.txt|canon/canonical_story_tree/books/Book_01_Choices_Make_World/book_content.txt	shelter	timeline|relationships|scenes|quests|world	implemented_reference_map	reference_extracted_pending_domain_review
WDM-STRUCTURE-9c3e9da6702f	structure	He mentally reorders the events	canon/canonical_story_tree/all_25_books_latest_full_cycle.txt|canon/canonical_story_tree/books/Book_01_Choices_Make_World/book_content.txt	shelter	timeline|relationships|scenes|quests|world	implemented_reference_map	reference_extracted_pending_domain_review
WDM-STRUCTURE-29766efbb2cc	structure	and understands the rescue as	canon/canonical_story_tree/all_25_books_latest_full_cycle.txt|canon/canonical_story_tree/books/Book_01_Choices_Make_World/book_content.txt	shelter	timeline|relationships|scenes|quests|world	implemented_reference_map	reference_extracted_pending_domain_review
WDM-STRUCTURE-cc36f8574e4e	structure	the true shape of the	canon/canonical_story_tree/all_25_books_latest_full_cycle.txt|canon/canonical_story_tree/books/Book_01_Choices_Make_World/book_content.txt	shelter	timeline|relationships|scenes|quests|world	implemented_reference_map	reference_extracted_pending_domain_review
WDM-STRUCTURE-5f2a108baef8	structure	S242 Rylos Vayne Johnson-Is-Now-Part-of-the-Constellation	canon/canonical_story_tree/all_25_books_latest_full_cycle.txt|canon/canonical_story_tree/books/Book_01_Choices_Make_World/book_content.txt	shelter	timeline|relationships|scenes|quests|world	implemented_reference_map	reference_extracted_pending_domain_review
WDM-STRUCTURE-81f1497dce2a	structure	He is no longer an	canon/canonical_story_tree/all_25_books_latest_full_cycle.txt|canon/canonical_story_tree/books/Book_01_Choices_Make_World/book_content.txt	shelter	timeline|relationships|scenes|quests|world	implemented_reference_map	reference_extracted_pending_domain_review
WDM-STRUCTURE-3261c444c3fc	structure	incident	canon/canonical_story_tree/all_25_books_latest_full_cycle.txt|canon/canonical_story_tree/books/Book_01_Choices_Make_World/book_content.txt	shelter	timeline|relationships|scenes|quests|world	implemented_reference_map	reference_extracted_pending_domain_review
WDM-STRUCTURE-38e9521cc12b	structure	S249 Sanctuary-Does-Not-Cancel-Obligation	canon/canonical_story_tree/all_25_books_latest_full_cycle.txt|canon/canonical_story_tree/books/Book_01_Choices_Make_World/book_content.txt	shelter	timeline|relationships|scenes|quests|world	implemented_reference_map	reference_extracted_pending_domain_review
WDM-STRUCTURE-6a301b1ef4fe	structure	Pip learns quickly that arriving	canon/canonical_story_tree/all_25_books_latest_full_cycle.txt|canon/canonical_story_tree/books/Book_01_Choices_Make_World/book_content.txt	shelter	timeline|relationships|scenes|quests|world	implemented_reference_map	reference_extracted_pending_domain_review
WDM-STRUCTURE-19c634078865	structure	at shelter does not free	canon/canonical_story_tree/all_25_books_latest_full_cycle.txt|canon/canonical_story_tree/books/Book_01_Choices_Make_World/book_content.txt	shelter	timeline|relationships|scenes|quests|world	implemented_reference_map	reference_extracted_pending_domain_review
WDM-STRUCTURE-2d178bc512fe	structure	him from the world beyond	canon/canonical_story_tree/all_25_books_latest_full_cycle.txt|canon/canonical_story_tree/books/Book_01_Choices_Make_World/book_content.txt	shelter	timeline|relationships|scenes|quests|world	implemented_reference_map	reference_extracted_pending_domain_review
WDM-STRUCTURE-e0146c674770	structure	S250 Mack-Names-the-Returning-Pressure	canon/canonical_story_tree/all_25_books_latest_full_cycle.txt|canon/canonical_story_tree/books/Book_01_Choices_Make_World/book_content.txt	shelter	timeline|relationships|scenes|quests|world	implemented_reference_map	reference_extracted_pending_domain_review
WDM-STRUCTURE-9497d01b9b97	structure	Mack helps frame the practical	canon/canonical_story_tree/all_25_books_latest_full_cycle.txt|canon/canonical_story_tree/books/Book_01_Choices_Make_World/book_content.txt	shelter	timeline|relationships|scenes|quests|world	implemented_reference_map	reference_extracted_pending_domain_review
WDM-STRUCTURE-e1b672668808	structure	and emotional demands waiting outside	canon/canonical_story_tree/all_25_books_latest_full_cycle.txt|canon/canonical_story_tree/books/Book_01_Choices_Make_World/book_content.txt	shelter	timeline|relationships|scenes|quests|world	implemented_reference_map	reference_extracted_pending_domain_review
WDM-STRUCTURE-3af4295b6d5e	structure	the oasis	canon/canonical_story_tree/all_25_books_latest_full_cycle.txt|canon/canonical_story_tree/books/Book_01_Choices_Make_World/book_content.txt	shelter	timeline|relationships|scenes|quests|world	implemented_reference_map	reference_extracted_pending_domain_review
WDM-STRUCTURE-71ddfbc41998	structure	S251 Rylos Vayne Johnson-Hears-What-Pip-Is-Expected-to-Be	canon/canonical_story_tree/all_25_books_latest_full_cycle.txt|canon/canonical_story_tree/books/Book_01_Choices_Make_World/book_content.txt	shelter	timeline|relationships|scenes|quests|world	implemented_reference_map	reference_extracted_pending_domain_review
WDM-STRUCTURE-561fe1efdcb9	structure	them disappears	canon/canonical_story_tree/all_25_books_latest_full_cycle.txt|canon/canonical_story_tree/books/Book_01_Choices_Make_World/book_content.txt	shelter	timeline|relationships|scenes|quests|world	implemented_reference_map	reference_extracted_pending_domain_review
WDM-STRUCTURE-a2e1a6b43f94	structure	S259 Rylos Vayne Johnson-Sees-the-Conflict-and-Does-Not-Mock-It	canon/canonical_story_tree/all_25_books_latest_full_cycle.txt|canon/canonical_story_tree/books/Book_01_Choices_Make_World/book_content.txt	shelter	timeline|relationships|scenes|quests|world	implemented_reference_map	reference_extracted_pending_domain_review
WDM-STRUCTURE-a03ab58e246d	structure	His response reveals tenderness and	canon/canonical_story_tree/all_25_books_latest_full_cycle.txt|canon/canonical_story_tree/books/Book_01_Choices_Make_World/book_content.txt	shelter	timeline|relationships|scenes|quests|world	implemented_reference_map	reference_extracted_pending_domain_review
WDM-STRUCTURE-60c2bfe1f8f4	structure	seriousness under the wit	canon/canonical_story_tree/all_25_books_latest_full_cycle.txt|canon/canonical_story_tree/books/Book_01_Choices_Make_World/book_content.txt	shelter	timeline|relationships|scenes|quests|world	implemented_reference_map	reference_extracted_pending_domain_review
WDM-STRUCTURE-004f20b4093c	structure	S260 The-Blue-Thread-Feels-Closer-in-Shelter	canon/canonical_story_tree/all_25_books_latest_full_cycle.txt|canon/canonical_story_tree/books/Book_01_Choices_Make_World/book_content.txt	shelter	timeline|relationships|scenes|quests|world	implemented_reference_map	reference_extracted_pending_domain_review
WDM-STRUCTURE-b95cb39e209d	structure	The symbolic and prophetic currents	canon/canonical_story_tree/all_25_books_latest_full_cycle.txt|canon/canonical_story_tree/books/Book_01_Choices_Make_World/book_content.txt	shelter	timeline|relationships|scenes|quests|world	implemented_reference_map	reference_extracted_pending_domain_review
WDM-STRUCTURE-8511d7d7da94	structure	intensify because Pip now has	canon/canonical_story_tree/all_25_books_latest_full_cycle.txt|canon/canonical_story_tree/books/Book_01_Choices_Make_World/book_content.txt	shelter	timeline|relationships|scenes|quests|world	implemented_reference_map	reference_extracted_pending_domain_review
WDM-STRUCTURE-cfb4290159b9	structure	The guardian interprets not just	canon/canonical_story_tree/all_25_books_latest_full_cycle.txt|canon/canonical_story_tree/books/Book_01_Choices_Make_World/book_content.txt	shelter	timeline|relationships|scenes|quests|world	implemented_reference_map	reference_extracted_pending_domain_review
WDM-STRUCTURE-0d895e5eed17	structure	what happened	canon/canonical_story_tree/all_25_books_latest_full_cycle.txt|canon/canonical_story_tree/books/Book_01_Choices_Make_World/book_content.txt	shelter	timeline|relationships|scenes|quests|world	implemented_reference_map	reference_extracted_pending_domain_review
WDM-STRUCTURE-f31cd9dc7293	structure	but what kind of future	canon/canonical_story_tree/all_25_books_latest_full_cycle.txt|canon/canonical_story_tree/books/Book_01_Choices_Make_World/book_content.txt	shelter	timeline|relationships|scenes|quests|world	implemented_reference_map	reference_extracted_pending_domain_review
WDM-STRUCTURE-64dc43c46840	structure	is approaching	canon/canonical_story_tree/all_25_books_latest_full_cycle.txt|canon/canonical_story_tree/books/Book_01_Choices_Make_World/book_content.txt	shelter	timeline|relationships|scenes|quests|world	implemented_reference_map	reference_extracted_pending_domain_review
WDM-STRUCTURE-7bacd0ca45ad	structure	S278 Hope-and-Dread-Rise-Together	canon/canonical_story_tree/all_25_books_latest_full_cycle.txt|canon/canonical_story_tree/books/Book_01_Choices_Make_World/book_content.txt	shelter	timeline|relationships|scenes|quests|world	implemented_reference_map	reference_extracted_pending_domain_review
WDM-STRUCTURE-4be230c97fed	structure	The answering future contains beauty	canon/canonical_story_tree/all_25_books_latest_full_cycle.txt|canon/canonical_story_tree/books/Book_01_Choices_Make_World/book_content.txt	shelter	timeline|relationships|scenes|quests|world	implemented_reference_map	reference_extracted_pending_domain_review
WDM-STRUCTURE-a4dfd4e22f81	structure	and terror at once	canon/canonical_story_tree/all_25_books_latest_full_cycle.txt|canon/canonical_story_tree/books/Book_01_Choices_Make_World/book_content.txt	shelter	timeline|relationships|scenes|quests|world	implemented_reference_map	reference_extracted_pending_domain_review
WDM-STRUCTURE-d05b51280979	structure	S279 Shelter-Becomes-Preparation-Ground	canon/canonical_story_tree/all_25_books_latest_full_cycle.txt|canon/canonical_story_tree/books/Book_01_Choices_Make_World/book_content.txt	shelter	timeline|relationships|scenes|quests|world	implemented_reference_map	reference_extracted_pending_domain_review
WDM-STRUCTURE-c206250905e1	structure	The oasis is redefined as	canon/canonical_story_tree/all_25_books_latest_full_cycle.txt|canon/canonical_story_tree/books/Book_01_Choices_Make_World/book_content.txt	shelter	timeline|relationships|scenes|quests|world	implemented_reference_map	reference_extracted_pending_domain_review
WDM-STRUCTURE-8ae40105dca4	structure	staging ground rather than endpoint	canon/canonical_story_tree/all_25_books_latest_full_cycle.txt|canon/canonical_story_tree/books/Book_01_Choices_Make_World/book_content.txt	shelter	timeline|relationships|scenes|quests|world	implemented_reference_map	reference_extracted_pending_domain_review
WDM-STRUCTURE-e04bc4a47b11	structure	S280 The-Beat-Ends-with-the-Story-Looking-Forward-Hard	canon/canonical_story_tree/all_25_books_latest_full_cycle.txt|canon/canonical_story_tree/books/Book_01_Choices_Make_World/book_content.txt	shelter	timeline|relationships|scenes|quests|world	implemented_reference_map	reference_extracted_pending_domain_review
WDM-STRUCTURE-0ce21139de45	structure	The future is no longer	canon/canonical_story_tree/all_25_books_latest_full_cycle.txt|canon/canonical_story_tree/books/Book_01_Choices_Make_World/book_content.txt	shelter	timeline|relationships|scenes|quests|world	implemented_reference_map	reference_extracted_pending_domain_review
WDM-STRUCTURE-b5aa1933bf2d	structure	S361 Refuge-Turns-Back-into-Origin	canon/canonical_story_tree/all_25_books_latest_full_cycle.txt|canon/canonical_story_tree/books/Book_01_Choices_Make_World/book_content.txt	shelter	timeline|relationships|scenes|quests|world	implemented_reference_map	reference_extracted_pending_domain_review
WDM-STRUCTURE-f17338403697	structure	What sheltered them now begins	canon/canonical_story_tree/all_25_books_latest_full_cycle.txt|canon/canonical_story_tree/books/Book_01_Choices_Make_World/book_content.txt	shelter	timeline|relationships|scenes|quests|world	implemented_reference_map	reference_extracted_pending_domain_review
WDM-STRUCTURE-3e4c7c997871	structure	behaving like the place from	canon/canonical_story_tree/all_25_books_latest_full_cycle.txt|canon/canonical_story_tree/books/Book_01_Choices_Make_World/book_content.txt	shelter	timeline|relationships|scenes|quests|world	implemented_reference_map	reference_extracted_pending_domain_review
WDM-STRUCTURE-b61ce842886b	structure	which the next movement must	canon/canonical_story_tree/all_25_books_latest_full_cycle.txt|canon/canonical_story_tree/books/Book_01_Choices_Make_World/book_content.txt	shelter	timeline|relationships|scenes|quests|world	implemented_reference_map	reference_extracted_pending_domain_review
WDM-STRUCTURE-10391d79641a	structure	begin	canon/canonical_story_tree/all_25_books_latest_full_cycle.txt|canon/canonical_story_tree/books/Book_01_Choices_Make_World/book_content.txt	shelter	timeline|relationships|scenes|quests|world	implemented_reference_map	reference_extracted_pending_domain_review
WDM-STRUCTURE-59249d331ea1	structure	S362 Rest-Is-Recast-as-Preparation	canon/canonical_story_tree/all_25_books_latest_full_cycle.txt|canon/canonical_story_tree/books/Book_01_Choices_Make_World/book_content.txt	shelter	timeline|relationships|scenes|quests|world	implemented_reference_map	reference_extracted_pending_domain_review
WDM-STRUCTURE-ade0cfc3b641	structure	Healing	canon/canonical_story_tree/all_25_books_latest_full_cycle.txt|canon/canonical_story_tree/books/Book_01_Choices_Make_World/book_content.txt	shelter	timeline|relationships|scenes|quests|world	implemented_reference_map	reference_extracted_pending_domain_review
WDM-STRUCTURE-d0886cd01625	structure	domesticity	canon/canonical_story_tree/all_25_books_latest_full_cycle.txt|canon/canonical_story_tree/books/Book_01_Choices_Make_World/book_content.txt	shelter	timeline|relationships|scenes|quests|world	implemented_reference_map	reference_extracted_pending_domain_review
WDM-STRUCTURE-ba6e525a2f91	structure	and thought all start leaning	canon/canonical_story_tree/all_25_books_latest_full_cycle.txt|canon/canonical_story_tree/books/Book_01_Choices_Make_World/book_content.txt	shelter	timeline|relationships|scenes|quests|world	implemented_reference_map	reference_extracted_pending_domain_review
WDM-STRUCTURE-26211a0b7347	structure	toward departure or escalation	canon/canonical_story_tree/all_25_books_latest_full_cycle.txt|canon/canonical_story_tree/books/Book_01_Choices_Make_World/book_content.txt	shelter	timeline|relationships|scenes|quests|world	implemented_reference_map	reference_extracted_pending_domain_review
WDM-STRUCTURE-b156b1a99016	structure	Johnson-Studies-the-Place-Like-a-Hunted-Thing	canon/canonical_story_tree/all_25_books_latest_full_cycle.txt|canon/canonical_story_tree/books/Book_01_Choices_Make_World/book_content.txt	shelter	timeline|relationships|scenes|quests|world	implemented_reference_map	reference_extracted_pending_domain_review
WDM-STRUCTURE-b4116c7f8d4b	structure	Sees	canon/canonical_story_tree/all_25_books_latest_full_cycle.txt|canon/canonical_story_tree/books/Book_01_Choices_Make_World/book_content.txt	shelter	timeline|relationships|scenes|quests|world	implemented_reference_map	reference_extracted_pending_domain_review
WDM-STRUCTURE-f3b2eea5d225	structure	Itself	canon/canonical_story_tree/all_25_books_latest_full_cycle.txt|canon/canonical_story_tree/books/Book_01_Choices_Make_World/book_content.txt|canon/canonical_story_tree/books/Book_23_The_Final_Resonance/book_content.txt	shelter|structure	timeline|relationships|scenes|quests|world	implemented_reference_map	reference_extracted_pending_domain_review
WDM-STRUCTURE-bd94acf2a9a1	structure	"Pip-Sees-Mack-in-the-Shelter-Itself

scene"	canon/canonical_story_tree/all_25_books_latest_full_cycle.txt|canon/canonical_story_tree/books/Book_01_Choices_Make_World/book_content.txt	shelter	timeline|relationships|scenes|quests|world	implemented_reference_map	reference_extracted_pending_domain_review
WDM-STRUCTURE-8b2eca8f77a5	structure	"S174
beat"	canon/canonical_story_tree/all_25_books_latest_full_cycle.txt|canon/canonical_story_tree/books/Book_01_Choices_Make_World/book_content.txt	shelter	timeline|relationships|scenes|quests|world	implemented_reference_map	reference_extracted_pending_domain_review
WDM-STRUCTURE-1c6293d572fc	structure	"Choices Make World

Pip-Sees-Mack-in-the-Shelter-Itself"	canon/canonical_story_tree/all_25_books_latest_full_cycle.txt|canon/canonical_story_tree/books/Book_01_Choices_Make_World/book_content.txt	shelter	timeline|relationships|scenes|quests|world	implemented_reference_map	reference_extracted_pending_domain_review
WDM-STRUCTURE-c4be58b1d1d5	structure	Leg	canon/canonical_story_tree/all_25_books_latest_full_cycle.txt|canon/canonical_story_tree/books/Book_01_Choices_Make_World/book_content.txt	shelter	timeline|relationships|scenes|quests|world	implemented_reference_map	reference_extracted_pending_domain_review
WDM-STRUCTURE-4bd51060d1fa	structure	Meets	canon/canonical_story_tree/all_25_books_latest_full_cycle.txt|canon/canonical_story_tree/books/Book_01_Choices_Make_World/book_content.txt	shelter	timeline|relationships|scenes|quests|world	implemented_reference_map	reference_extracted_pending_domain_review
WDM-STRUCTURE-7a1fac6bf29f	structure	for	canon/canonical_story_tree/all_25_books_latest_full_cycle.txt|canon/canonical_story_tree/books/Book_01_Choices_Make_World/book_content.txt|canon/canonical_story_tree/books/Book_03_The_First_Thread/book_content.txt	shelter|structure	timeline|relationships|scenes|quests|world	implemented_reference_map	reference_extracted_pending_domain_review
WDM-STRUCTURE-43130125a14f	structure	Recovery	canon/canonical_story_tree/all_25_books_latest_full_cycle.txt|canon/canonical_story_tree/books/Book_01_Choices_Make_World/book_content.txt	shelter	timeline|relationships|scenes|quests|world	implemented_reference_map	reference_extracted_pending_domain_review
WDM-STRUCTURE-766da5c23497	structure	"Home-Is-Not-Simple-Because-He-Brought-Someone

scene"	canon/canonical_story_tree/all_25_books_latest_full_cycle.txt|canon/canonical_story_tree/books/Book_01_Choices_Make_World/book_content.txt	shelter	timeline|relationships|scenes|quests|world	implemented_reference_map	reference_extracted_pending_domain_review
WDM-STRUCTURE-d19230030c35	structure	"S179
beat"	canon/canonical_story_tree/all_25_books_latest_full_cycle.txt|canon/canonical_story_tree/books/Book_01_Choices_Make_World/book_content.txt	shelter	timeline|relationships|scenes|quests|world	implemented_reference_map	reference_extracted_pending_domain_review
WDM-STRUCTURE-7e1f6e52a5b6	structure	"Choices Make World

Home-Is-Not-Simple-Because-He-Brought-Someone"	canon/canonical_story_tree/all_25_books_latest_full_cycle.txt|canon/canonical_story_tree/books/Book_01_Choices_Make_World/book_content.txt	shelter	timeline|relationships|scenes|quests|world	implemented_reference_map	reference_extracted_pending_domain_review
WDM-STRUCTURE-411185982170	structure	Creates	canon/canonical_story_tree/all_25_books_latest_full_cycle.txt|canon/canonical_story_tree/books/Book_01_Choices_Make_World/book_content.txt	shelter	timeline|relationships|scenes|quests|world	implemented_reference_map	reference_extracted_pending_domain_review
WDM-STRUCTURE-51f4528ea605	structure	New	canon/canonical_story_tree/all_25_books_latest_full_cycle.txt|canon/canonical_story_tree/books/Book_01_Choices_Make_World/book_content.txt	shelter	timeline|relationships|scenes|quests|world	implemented_reference_map	reference_extracted_pending_domain_review
WDM-STRUCTURE-1568d8b80be1	structure	Debt	canon/canonical_story_tree/all_25_books_latest_full_cycle.txt|canon/canonical_story_tree/books/Book_01_Choices_Make_World/book_content.txt	shelter	timeline|relationships|scenes|quests|world	implemented_reference_map	reference_extracted_pending_domain_review
WDM-STRUCTURE-6be499a6de72	structure	"Arrival-Creates-New-Debt

scene"	canon/canonical_story_tree/all_25_books_latest_full_cycle.txt|canon/canonical_story_tree/books/Book_01_Choices_Make_World/book_content.txt	shelter	timeline|relationships|scenes|quests|world	implemented_reference_map	reference_extracted_pending_domain_review
WDM-STRUCTURE-3812d73acf9e	structure	"S180
beat"	canon/canonical_story_tree/all_25_books_latest_full_cycle.txt|canon/canonical_story_tree/books/Book_01_Choices_Make_World/book_content.txt	shelter	timeline|relationships|scenes|quests|world	implemented_reference_map	reference_extracted_pending_domain_review
WDM-STRUCTURE-337ff079fa35	structure	"Choices Make World

Arrival-Creates-New-Debt"	canon/canonical_story_tree/all_25_books_latest_full_cycle.txt|canon/canonical_story_tree/books/Book_01_Choices_Make_World/book_content.txt	shelter	timeline|relationships|scenes|quests|world	implemented_reference_map	reference_extracted_pending_domain_review
WDM-STRUCTURE-9d53420ed0a1	structure	"The-Body-Keeps-Moving-After-Arrival

scene"	canon/canonical_story_tree/all_25_books_latest_full_cycle.txt|canon/canonical_story_tree/books/Book_01_Choices_Make_World/book_content.txt	shelter	timeline|relationships|scenes|quests|world	implemented_reference_map	reference_extracted_pending_domain_review
WDM-STRUCTURE-7d70e7140760	structure	"S186
beat"	canon/canonical_story_tree/all_25_books_latest_full_cycle.txt|canon/canonical_story_tree/books/Book_01_Choices_Make_World/book_content.txt	shelter	timeline|relationships|scenes|quests|world	implemented_reference_map	reference_extracted_pending_domain_review
WDM-STRUCTURE-3c5240534e88	structure	"Choices Make World

The-Body-Keeps-Moving-After-Arrival"	canon/canonical_story_tree/all_25_books_latest_full_cycle.txt|canon/canonical_story_tree/books/Book_01_Choices_Make_World/book_content.txt	shelter	timeline|relationships|scenes|quests|world	implemented_reference_map	reference_extracted_pending_domain_review
WDM-STRUCTURE-96e4769dbd6f	structure	Has	canon/canonical_story_tree/all_25_books_latest_full_cycle.txt|canon/canonical_story_tree/books/Book_01_Choices_Make_World/book_content.txt	shelter	timeline|relationships|scenes|quests|world	implemented_reference_map	reference_extracted_pending_domain_review
WDM-STRUCTURE-8a3e32ab946c	structure	Believed	canon/canonical_story_tree/all_25_books_latest_full_cycle.txt|canon/canonical_story_tree/books/Book_01_Choices_Make_World/book_content.txt	shelter	timeline|relationships|scenes|quests|world	implemented_reference_map	reference_extracted_pending_domain_review
WDM-STRUCTURE-6c74b70b2ca1	structure	After	canon/canonical_story_tree/all_25_books_latest_full_cycle.txt|canon/canonical_story_tree/books/Book_01_Choices_Make_World/book_content.txt	shelter	timeline|relationships|scenes|quests|world	implemented_reference_map	reference_extracted_pending_domain_review
WDM-STRUCTURE-b10c68aa4aa6	structure	Reached	canon/canonical_story_tree/all_25_books_latest_full_cycle.txt|canon/canonical_story_tree/books/Book_01_Choices_Make_World/book_content.txt	shelter	timeline|relationships|scenes|quests|world	implemented_reference_map	reference_extracted_pending_domain_review
WDM-STRUCTURE-7b7b6defa4af	structure	"Sanctuary-Has-to-Be-Believed-In-After-It-Is-Reached

scene"	canon/canonical_story_tree/all_25_books_latest_full_cycle.txt|canon/canonical_story_tree/books/Book_01_Choices_Make_World/book_content.txt	shelter	timeline|relationships|scenes|quests|world	implemented_reference_map	reference_extracted_pending_domain_review
WDM-STRUCTURE-3e558c93394c	structure	"S187
beat"	canon/canonical_story_tree/all_25_books_latest_full_cycle.txt|canon/canonical_story_tree/books/Book_01_Choices_Make_World/book_content.txt	shelter	timeline|relationships|scenes|quests|world	implemented_reference_map	reference_extracted_pending_domain_review
WDM-STRUCTURE-07c0d80994cf	structure	"Choices Make World

Sanctuary-Has-to-Be-Believed-In-After-It-Is-Reached"	canon/canonical_story_tree/all_25_books_latest_full_cycle.txt|canon/canonical_story_tree/books/Book_01_Choices_Make_World/book_content.txt	shelter	timeline|relationships|scenes|quests|world	implemented_reference_map	reference_extracted_pending_domain_review
WDM-STRUCTURE-d0e530db2da0	structure	"Sanctuary-Light-Changes-the-Symbolism

scene"	canon/canonical_story_tree/all_25_books_latest_full_cycle.txt|canon/canonical_story_tree/books/Book_01_Choices_Make_World/book_content.txt	shelter	timeline|relationships|scenes|quests|world	implemented_reference_map	reference_extracted_pending_domain_review
WDM-STRUCTURE-0c487a661654	structure	"S214
beat"	canon/canonical_story_tree/all_25_books_latest_full_cycle.txt|canon/canonical_story_tree/books/Book_01_Choices_Make_World/book_content.txt	shelter	timeline|relationships|scenes|quests|world	implemented_reference_map	reference_extracted_pending_domain_review
WDM-STRUCTURE-9c82e72e1e2a	structure	"Choices Make World

Sanctuary-Light-Changes-the-Symbolism"	canon/canonical_story_tree/all_25_books_latest_full_cycle.txt|canon/canonical_story_tree/books/Book_01_Choices_Make_World/book_content.txt	shelter	timeline|relationships|scenes|quests|world	implemented_reference_map	reference_extracted_pending_domain_review
WDM-STRUCTURE-b04c42bc20c4	structure	Becomes	canon/canonical_story_tree/all_25_books_latest_full_cycle.txt|canon/canonical_story_tree/books/Book_01_Choices_Make_World/book_content.txt	shelter	timeline|relationships|scenes|quests|world	implemented_reference_map	reference_extracted_pending_domain_review
WDM-STRUCTURE-cc8b4f74eb34	structure	Reading	canon/canonical_story_tree/all_25_books_latest_full_cycle.txt|canon/canonical_story_tree/books/Book_01_Choices_Make_World/book_content.txt	shelter	timeline|relationships|scenes|quests|world	implemented_reference_map	reference_extracted_pending_domain_review
WDM-STRUCTURE-790b44513133	structure	"Rylos Vayne Johnson-Becomes-Part-of-the-Reading

scene"	canon/canonical_story_tree/all_25_books_latest_full_cycle.txt|canon/canonical_story_tree/books/Book_01_Choices_Make_World/book_content.txt	shelter	timeline|relationships|scenes|quests|world	implemented_reference_map	reference_extracted_pending_domain_review
WDM-STRUCTURE-0683be814042	structure	"S215
beat"	canon/canonical_story_tree/all_25_books_latest_full_cycle.txt|canon/canonical_story_tree/books/Book_01_Choices_Make_World/book_content.txt	shelter	timeline|relationships|scenes|quests|world	implemented_reference_map	reference_extracted_pending_domain_review
WDM-STRUCTURE-a7e9127c725c	structure	"Choices Make World

Rylos Vayne"	canon/canonical_story_tree/all_25_books_latest_full_cycle.txt|canon/canonical_story_tree/books/Book_01_Choices_Make_World/book_content.txt	shelter	timeline|relationships|scenes|quests|world	implemented_reference_map	reference_extracted_pending_domain_review
WDM-STRUCTURE-953b16f53876	structure	"The-Blue-Thread-Is-No-Longer-Theoretical

scene"	canon/canonical_story_tree/all_25_books_latest_full_cycle.txt|canon/canonical_story_tree/books/Book_01_Choices_Make_World/book_content.txt	shelter	timeline|relationships|scenes|quests|world	implemented_reference_map	reference_extracted_pending_domain_review
WDM-STRUCTURE-141a22601e21	structure	"S219
beat"	canon/canonical_story_tree/all_25_books_latest_full_cycle.txt|canon/canonical_story_tree/books/Book_01_Choices_Make_World/book_content.txt	shelter	timeline|relationships|scenes|quests|world	implemented_reference_map	reference_extracted_pending_domain_review
WDM-STRUCTURE-30a69c014961	structure	"Choices Make World

The-Blue-Thread-Is-No-Longer-Theoretical"	canon/canonical_story_tree/all_25_books_latest_full_cycle.txt|canon/canonical_story_tree/books/Book_01_Choices_Make_World/book_content.txt	shelter	timeline|relationships|scenes|quests|world	implemented_reference_map	reference_extracted_pending_domain_review
WDM-STRUCTURE-318acefb3691	structure	Prophecy	canon/canonical_story_tree/all_25_books_latest_full_cycle.txt|canon/canonical_story_tree/books/Book_01_Choices_Make_World/book_content.txt	shelter	timeline|relationships|scenes|quests|world	implemented_reference_map	reference_extracted_pending_domain_review
WDM-STRUCTURE-553cea1f3870	structure	Home	canon/canonical_story_tree/all_25_books_latest_full_cycle.txt|canon/canonical_story_tree/books/Book_01_Choices_Make_World/book_content.txt|canon/canonical_story_tree/books/Book_02_The_Diary_And_The_Blue_Light/book_content.txt|canon/canonical_story_tree/books/Book_10_Mack_Falls/book_content.txt	portal|shelter|structure	timeline|relationships|scenes|quests|world	implemented_reference_map	reference_extracted_pending_domain_review
WDM-STRUCTURE-98f17050f840	structure	"The-Beat-Ends-with-Prophecy-Inside-the-Home

scene"	canon/canonical_story_tree/all_25_books_latest_full_cycle.txt|canon/canonical_story_tree/books/Book_01_Choices_Make_World/book_content.txt	shelter	timeline|relationships|scenes|quests|world	implemented_reference_map	reference_extracted_pending_domain_review
WDM-STRUCTURE-ecb4c09aecfc	structure	"S220
beat"	canon/canonical_story_tree/all_25_books_latest_full_cycle.txt|canon/canonical_story_tree/books/Book_01_Choices_Make_World/book_content.txt	shelter	timeline|relationships|scenes|quests|world	implemented_reference_map	reference_extracted_pending_domain_review
WDM-STRUCTURE-c653b1335ab9	structure	"Choices Make World

The-Beat-Ends-with-Prophecy-Inside-the-Home"	canon/canonical_story_tree/all_25_books_latest_full_cycle.txt|canon/canonical_story_tree/books/Book_01_Choices_Make_World/book_content.txt	shelter	timeline|relationships|scenes|quests|world	implemented_reference_map	reference_extracted_pending_domain_review
WDM-STRUCTURE-0c38368ec2de	structure	"Choices Make World

The-Beat-Ends-on-Preparation-Not-Panic"	canon/canonical_story_tree/all_25_books_latest_full_cycle.txt|canon/canonical_story_tree/books/Book_01_Choices_Make_World/book_content.txt	shelter	timeline|relationships|scenes|quests|world	implemented_reference_map	reference_extracted_pending_domain_review
WDM-STRUCTURE-61969e5840a4	structure	Looks	canon/canonical_story_tree/all_25_books_latest_full_cycle.txt|canon/canonical_story_tree/books/Book_01_Choices_Make_World/book_content.txt	shelter	timeline|relationships|scenes|quests|world	implemented_reference_map	reference_extracted_pending_domain_review
WDM-STRUCTURE-323a75b28f96	structure	Back	canon/canonical_story_tree/all_25_books_latest_full_cycle.txt|canon/canonical_story_tree/books/Book_01_Choices_Make_World/book_content.txt	shelter	timeline|relationships|scenes|quests|world	implemented_reference_map	reference_extracted_pending_domain_review
WDM-STRUCTURE-89cb665200af	structure	Road	canon/canonical_story_tree/all_25_books_latest_full_cycle.txt|canon/canonical_story_tree/books/Book_01_Choices_Make_World/book_content.txt	shelter	timeline|relationships|scenes|quests|world	implemented_reference_map	reference_extracted_pending_domain_review
WDM-STRUCTURE-ab912badc43b	structure	From	canon/canonical_story_tree/all_25_books_latest_full_cycle.txt|canon/canonical_story_tree/books/Book_01_Choices_Make_World/book_content.txt|canon/canonical_story_tree/world/wowas_world_zone_map.json	settlement|shelter	timeline|relationships|scenes|quests|world	implemented_reference_map	reference_extracted_pending_domain_review
WDM-STRUCTURE-a6ebc3be7a3a	structure	Within	canon/canonical_story_tree/all_25_books_latest_full_cycle.txt|canon/canonical_story_tree/books/Book_01_Choices_Make_World/book_content.txt	shelter	timeline|relationships|scenes|quests|world	implemented_reference_map	reference_extracted_pending_domain_review
WDM-STRUCTURE-25587bed8bb2	structure	"Pip-Looks-Back-at-the-Road-From-Within-Shelter

scene"	canon/canonical_story_tree/all_25_books_latest_full_cycle.txt|canon/canonical_story_tree/books/Book_01_Choices_Make_World/book_content.txt	shelter	timeline|relationships|scenes|quests|world	implemented_reference_map	reference_extracted_pending_domain_review
WDM-STRUCTURE-ecf77d51f149	structure	"S241
beat"	canon/canonical_story_tree/all_25_books_latest_full_cycle.txt|canon/canonical_story_tree/books/Book_01_Choices_Make_World/book_content.txt	shelter	timeline|relationships|scenes|quests|world	implemented_reference_map	reference_extracted_pending_domain_review
WDM-STRUCTURE-be9b59076a5f	structure	"Choices Make World

Pip-Looks-Back-at-the-Road-From-Within-Shelter"	canon/canonical_story_tree/all_25_books_latest_full_cycle.txt|canon/canonical_story_tree/books/Book_01_Choices_Make_World/book_content.txt	shelter	timeline|relationships|scenes|quests|world	implemented_reference_map	reference_extracted_pending_domain_review
WDM-STRUCTURE-6c7906d6b5d8	structure	Constellation	canon/canonical_story_tree/all_25_books_latest_full_cycle.txt|canon/canonical_story_tree/books/Book_01_Choices_Make_World/book_content.txt	shelter	timeline|relationships|scenes|quests|world	implemented_reference_map	reference_extracted_pending_domain_review
WDM-STRUCTURE-a3b77f149c53	structure	"Rylos Vayne Johnson-Is-Now-Part-of-the-Constellation

scene"	canon/canonical_story_tree/all_25_books_latest_full_cycle.txt|canon/canonical_story_tree/books/Book_01_Choices_Make_World/book_content.txt	shelter	timeline|relationships|scenes|quests|world	implemented_reference_map	reference_extracted_pending_domain_review
WDM-STRUCTURE-b488727392a9	structure	Names	canon/canonical_story_tree/all_25_books_latest_full_cycle.txt|canon/canonical_story_tree/books/Book_01_Choices_Make_World/book_content.txt|canon/canonical_story_tree/books/Book_20_The_Beforemath/book_content.txt	shelter|structure	timeline|relationships|scenes|quests|world	implemented_reference_map	reference_extracted_pending_domain_review
WDM-STRUCTURE-2b7343b4286c	structure	Returning	canon/canonical_story_tree/all_25_books_latest_full_cycle.txt|canon/canonical_story_tree/books/Book_01_Choices_Make_World/book_content.txt	shelter	timeline|relationships|scenes|quests|world	implemented_reference_map	reference_extracted_pending_domain_review
WDM-STRUCTURE-d305cb405c34	structure	Pressure	canon/canonical_story_tree/all_25_books_latest_full_cycle.txt|canon/canonical_story_tree/books/Book_01_Choices_Make_World/book_content.txt|canon/canonical_story_tree/books/Book_03_The_First_Thread/book_content.txt|canon/canonical_story_tree/books/Book_24_Born_To_Die/book_content.txt	shelter|structure	timeline|relationships|scenes|quests|world	implemented_reference_map	reference_extracted_pending_domain_review
WDM-STRUCTURE-ad6e90a7a109	structure	"Mack-Names-the-Returning-Pressure

scene"	canon/canonical_story_tree/all_25_books_latest_full_cycle.txt|canon/canonical_story_tree/books/Book_01_Choices_Make_World/book_content.txt	shelter	timeline|relationships|scenes|quests|world	implemented_reference_map	reference_extracted_pending_domain_review
WDM-STRUCTURE-afd57fd3d05a	structure	"S250
beat"	canon/canonical_story_tree/all_25_books_latest_full_cycle.txt|canon/canonical_story_tree/books/Book_01_Choices_Make_World/book_content.txt	shelter	timeline|relationships|scenes|quests|world	implemented_reference_map	reference_extracted_pending_domain_review
WDM-STRUCTURE-58e86a41b149	structure	"Choices Make World

Mack-Names-the-Returning-Pressure"	canon/canonical_story_tree/all_25_books_latest_full_cycle.txt|canon/canonical_story_tree/books/Book_01_Choices_Make_World/book_content.txt	shelter	timeline|relationships|scenes|quests|world	implemented_reference_map	reference_extracted_pending_domain_review
WDM-STRUCTURE-8475562146e6	structure	Johnson-Sees-the-Conflict-and-Does-Not-Mock-It	canon/canonical_story_tree/all_25_books_latest_full_cycle.txt|canon/canonical_story_tree/books/Book_01_Choices_Make_World/book_content.txt	shelter	timeline|relationships|scenes|quests|world	implemented_reference_map	reference_extracted_pending_domain_review
WDM-STRUCTURE-6076f515785e	structure	Blue	canon/canonical_story_tree/all_25_books_latest_full_cycle.txt|canon/canonical_story_tree/books/Book_01_Choices_Make_World/book_content.txt	shelter	timeline|relationships|scenes|quests|world	implemented_reference_map	reference_extracted_pending_domain_review
WDM-STRUCTURE-fd4f0d3e3ec9	structure	Thread	canon/canonical_story_tree/all_25_books_latest_full_cycle.txt|canon/canonical_story_tree/books/Book_01_Choices_Make_World/book_content.txt|canon/canonical_story_tree/books/Book_03_The_First_Thread/book_content.txt	shelter|structure	timeline|relationships|scenes|quests|world	implemented_reference_map	reference_extracted_pending_domain_review
WDM-STRUCTURE-0bd50b2bdd71	structure	Feels	canon/canonical_story_tree/all_25_books_latest_full_cycle.txt|canon/canonical_story_tree/books/Book_01_Choices_Make_World/book_content.txt|canon/canonical_story_tree/books/Book_03_The_First_Thread/book_content.txt	shelter|structure	timeline|relationships|scenes|quests|world	implemented_reference_map	reference_extracted_pending_domain_review
WDM-STRUCTURE-34a67722c429	structure	Closer	canon/canonical_story_tree/all_25_books_latest_full_cycle.txt|canon/canonical_story_tree/books/Book_01_Choices_Make_World/book_content.txt	shelter	timeline|relationships|scenes|quests|world	implemented_reference_map	reference_extracted_pending_domain_review
WDM-STRUCTURE-49a32cd33130	structure	"The-Blue-Thread-Feels-Closer-in-Shelter

scene"	canon/canonical_story_tree/all_25_books_latest_full_cycle.txt|canon/canonical_story_tree/books/Book_01_Choices_Make_World/book_content.txt	shelter	timeline|relationships|scenes|quests|world	implemented_reference_map	reference_extracted_pending_domain_review
WDM-STRUCTURE-7825948e09ce	structure	"S260
beat"	canon/canonical_story_tree/all_25_books_latest_full_cycle.txt|canon/canonical_story_tree/books/Book_01_Choices_Make_World/book_content.txt	shelter	timeline|relationships|scenes|quests|world	implemented_reference_map	reference_extracted_pending_domain_review
WDM-STRUCTURE-390457c26812	structure	"Choices Make World

The-Blue-Thread-Feels-Closer-in-Shelter"	canon/canonical_story_tree/all_25_books_latest_full_cycle.txt|canon/canonical_story_tree/books/Book_01_Choices_Make_World/book_content.txt	shelter	timeline|relationships|scenes|quests|world	implemented_reference_map	reference_extracted_pending_domain_review
WDM-STRUCTURE-0a65044cfebc	structure	Daily	canon/canonical_story_tree/all_25_books_latest_full_cycle.txt|canon/canonical_story_tree/books/Book_01_Choices_Make_World/book_content.txt	shelter	timeline|relationships|scenes|quests|world	implemented_reference_map	reference_extracted_pending_domain_review
WDM-STRUCTURE-d6464e68ebca	structure	Care	canon/canonical_story_tree/all_25_books_latest_full_cycle.txt|canon/canonical_story_tree/books/Book_01_Choices_Make_World/book_content.txt	shelter	timeline|relationships|scenes|quests|world	implemented_reference_map	reference_extracted_pending_domain_review
WDM-STRUCTURE-87b5ebbb58cc	structure	Cosmic	canon/canonical_story_tree/all_25_books_latest_full_cycle.txt|canon/canonical_story_tree/books/Book_01_Choices_Make_World/book_content.txt|canon/canonical_story_tree/books/Book_03_The_First_Thread/book_content.txt	shelter|structure	timeline|relationships|scenes|quests|world	implemented_reference_map	reference_extracted_pending_domain_review
WDM-STRUCTURE-3bdbfb70b7a0	structure	Collide	canon/canonical_story_tree/all_25_books_latest_full_cycle.txt|canon/canonical_story_tree/books/Book_01_Choices_Make_World/book_content.txt	shelter	timeline|relationships|scenes|quests|world	implemented_reference_map	reference_extracted_pending_domain_review
WDM-STRUCTURE-a227ef7f2fa6	structure	"Daily-Care-and-Cosmic-Pressure-Collide

scene"	canon/canonical_story_tree/all_25_books_latest_full_cycle.txt|canon/canonical_story_tree/books/Book_01_Choices_Make_World/book_content.txt	shelter	timeline|relationships|scenes|quests|world	implemented_reference_map	reference_extracted_pending_domain_review
WDM-STRUCTURE-5681bb70ba9d	structure	"Hope-and-Dread-Rise-Together

scene"	canon/canonical_story_tree/all_25_books_latest_full_cycle.txt|canon/canonical_story_tree/books/Book_01_Choices_Make_World/book_content.txt	shelter	timeline|relationships|scenes|quests|world	implemented_reference_map	reference_extracted_pending_domain_review
WDM-STRUCTURE-b0acfd0e3db8	structure	"S278
beat"	canon/canonical_story_tree/all_25_books_latest_full_cycle.txt|canon/canonical_story_tree/books/Book_01_Choices_Make_World/book_content.txt	shelter	timeline|relationships|scenes|quests|world	implemented_reference_map	reference_extracted_pending_domain_review
WDM-STRUCTURE-bdd968aea062	structure	"Choices Make World

Hope-and-Dread-Rise-Together"	canon/canonical_story_tree/all_25_books_latest_full_cycle.txt|canon/canonical_story_tree/books/Book_01_Choices_Make_World/book_content.txt	shelter	timeline|relationships|scenes|quests|world	implemented_reference_map	reference_extracted_pending_domain_review
WDM-STRUCTURE-d875b761f36b	structure	Preparation	canon/canonical_story_tree/all_25_books_latest_full_cycle.txt|canon/canonical_story_tree/books/Book_01_Choices_Make_World/book_content.txt	shelter	timeline|relationships|scenes|quests|world	implemented_reference_map	reference_extracted_pending_domain_review
WDM-STRUCTURE-3127b0f0995e	structure	Ground	canon/canonical_story_tree/all_25_books_latest_full_cycle.txt|canon/canonical_story_tree/books/Book_01_Choices_Make_World/book_content.txt|canon/canonical_story_tree/world/wowas_world_zone_map.json	settlement|shelter	timeline|relationships|scenes|quests|world	implemented_reference_map	reference_extracted_pending_domain_review
WDM-STRUCTURE-582d30d221a3	structure	"Shelter-Becomes-Preparation-Ground

scene"	canon/canonical_story_tree/all_25_books_latest_full_cycle.txt|canon/canonical_story_tree/books/Book_01_Choices_Make_World/book_content.txt	shelter	timeline|relationships|scenes|quests|world	implemented_reference_map	reference_extracted_pending_domain_review
WDM-STRUCTURE-1ef07d7aef11	structure	"S279
beat"	canon/canonical_story_tree/all_25_books_latest_full_cycle.txt|canon/canonical_story_tree/books/Book_01_Choices_Make_World/book_content.txt	shelter	timeline|relationships|scenes|quests|world	implemented_reference_map	reference_extracted_pending_domain_review
WDM-STRUCTURE-eff308c4e87a	structure	"Choices Make World

Shelter-Becomes-Preparation-Ground"	canon/canonical_story_tree/all_25_books_latest_full_cycle.txt|canon/canonical_story_tree/books/Book_01_Choices_Make_World/book_content.txt	shelter	timeline|relationships|scenes|quests|world	implemented_reference_map	reference_extracted_pending_domain_review
WDM-STRUCTURE-6b39d66e2736	structure	Looking	canon/canonical_story_tree/all_25_books_latest_full_cycle.txt|canon/canonical_story_tree/books/Book_01_Choices_Make_World/book_content.txt	shelter	timeline|relationships|scenes|quests|world	implemented_reference_map	reference_extracted_pending_domain_review
WDM-STRUCTURE-07279c618391	structure	Forward	canon/canonical_story_tree/all_25_books_latest_full_cycle.txt|canon/canonical_story_tree/books/Book_01_Choices_Make_World/book_content.txt	shelter	timeline|relationships|scenes|quests|world	implemented_reference_map	reference_extracted_pending_domain_review
WDM-STRUCTURE-8bb18073f7bf	structure	Hard	canon/canonical_story_tree/all_25_books_latest_full_cycle.txt|canon/canonical_story_tree/books/Book_01_Choices_Make_World/book_content.txt|canon/canonical_story_tree/books/Book_10_Mack_Falls/book_content.txt	portal|shelter	timeline|relationships|scenes|quests|world	implemented_reference_map	reference_extracted_pending_domain_review
WDM-STRUCTURE-9eabc0ca95b8	structure	"The-Beat-Ends-with-the-Story-Looking-Forward-Hard

scene"	canon/canonical_story_tree/all_25_books_latest_full_cycle.txt|canon/canonical_story_tree/books/Book_01_Choices_Make_World/book_content.txt	shelter	timeline|relationships|scenes|quests|world	implemented_reference_map	reference_extracted_pending_domain_review
WDM-STRUCTURE-f48d06a79b65	structure	Refuge	canon/canonical_story_tree/all_25_books_latest_full_cycle.txt|canon/canonical_story_tree/books/Book_01_Choices_Make_World/book_content.txt	shelter	timeline|relationships|scenes|quests|world	implemented_reference_map	reference_extracted_pending_domain_review
WDM-STRUCTURE-0142e223196b	structure	Turns	canon/canonical_story_tree/all_25_books_latest_full_cycle.txt|canon/canonical_story_tree/books/Book_01_Choices_Make_World/book_content.txt	shelter	timeline|relationships|scenes|quests|world	implemented_reference_map	reference_extracted_pending_domain_review
WDM-STRUCTURE-673d6b37c589	structure	into	canon/canonical_story_tree/all_25_books_latest_full_cycle.txt|canon/canonical_story_tree/books/Book_01_Choices_Make_World/book_content.txt	shelter	timeline|relationships|scenes|quests|world	implemented_reference_map	reference_extracted_pending_domain_review
WDM-STRUCTURE-e7d9c898182a	structure	Origin	canon/canonical_story_tree/all_25_books_latest_full_cycle.txt|canon/canonical_story_tree/books/Book_01_Choices_Make_World/book_content.txt	shelter	timeline|relationships|scenes|quests|world	implemented_reference_map	reference_extracted_pending_domain_review
WDM-STRUCTURE-06d85a07440f	structure	"Refuge-Turns-Back-into-Origin

scene"	canon/canonical_story_tree/all_25_books_latest_full_cycle.txt|canon/canonical_story_tree/books/Book_01_Choices_Make_World/book_content.txt	shelter	timeline|relationships|scenes|quests|world	implemented_reference_map	reference_extracted_pending_domain_review
WDM-STRUCTURE-8173180a3974	structure	"S361
beat"	canon/canonical_story_tree/all_25_books_latest_full_cycle.txt|canon/canonical_story_tree/books/Book_01_Choices_Make_World/book_content.txt	shelter	timeline|relationships|scenes|quests|world	implemented_reference_map	reference_extracted_pending_domain_review
WDM-STRUCTURE-9ea80337a31c	structure	"Choices Make World

Refuge-Turns-Back-into-Origin"	canon/canonical_story_tree/all_25_books_latest_full_cycle.txt|canon/canonical_story_tree/books/Book_01_Choices_Make_World/book_content.txt	shelter	timeline|relationships|scenes|quests|world	implemented_reference_map	reference_extracted_pending_domain_review
WDM-STRUCTURE-ad23a2982797	structure	Recast	canon/canonical_story_tree/all_25_books_latest_full_cycle.txt|canon/canonical_story_tree/books/Book_01_Choices_Make_World/book_content.txt	shelter	timeline|relationships|scenes|quests|world	implemented_reference_map	reference_extracted_pending_domain_review
WDM-STRUCTURE-063d939f8366	structure	"Rest-Is-Recast-as-Preparation

scene"	canon/canonical_story_tree/all_25_books_latest_full_cycle.txt|canon/canonical_story_tree/books/Book_01_Choices_Make_World/book_content.txt	shelter	timeline|relationships|scenes|quests|world	implemented_reference_map	reference_extracted_pending_domain_review
WDM-STRUCTURE-3b784bc15a84	structure	S014 Rylos Vayne Johnson-Watches-Pips-Reaction-Closely	canon/canonical_story_tree/all_25_books_latest_full_cycle.txt|canon/canonical_story_tree/books/Book_02_The_Diary_And_The_Blue_Light/book_content.txt	structure	timeline|relationships|scenes|quests|world	implemented_reference_map	reference_extracted_pending_domain_review
WDM-STRUCTURE-c69ee6bc89ad	structure	He reads the diary first	canon/canonical_story_tree/all_25_books_latest_full_cycle.txt|canon/canonical_story_tree/books/Book_02_The_Diary_And_The_Blue_Light/book_content.txt	structure	timeline|relationships|scenes|quests|world	implemented_reference_map	reference_extracted_pending_domain_review
WDM-STRUCTURE-0d0ac508ac85	structure	through Pip rather than through	canon/canonical_story_tree/all_25_books_latest_full_cycle.txt|canon/canonical_story_tree/books/Book_02_The_Diary_And_The_Blue_Light/book_content.txt	structure	timeline|relationships|scenes|quests|world	implemented_reference_map	reference_extracted_pending_domain_review
WDM-STRUCTURE-0fe2e1f12deb	structure	its contents	canon/canonical_story_tree/all_25_books_latest_full_cycle.txt|canon/canonical_story_tree/books/Book_02_The_Diary_And_The_Blue_Light/book_content.txt	structure	timeline|relationships|scenes|quests|world	implemented_reference_map	reference_extracted_pending_domain_review
WDM-STRUCTURE-3d738aa40338	structure	S015 The-Diary-Is-Not-Neutral-Memory	canon/canonical_story_tree/all_25_books_latest_full_cycle.txt|canon/canonical_story_tree/books/Book_02_The_Diary_And_The_Blue_Light/book_content.txt	structure	timeline|relationships|scenes|quests|world	implemented_reference_map	reference_extracted_pending_domain_review
WDM-STRUCTURE-cd4fc0a6813b	structure	It behaves like	canon/canonical_story_tree/all_25_books_latest_full_cycle.txt|canon/canonical_story_tree/books/Book_02_The_Diary_And_The_Blue_Light/book_content.txt	structure	timeline|relationships|scenes|quests|world	implemented_reference_map	reference_extracted_pending_domain_review
WDM-STRUCTURE-7e4f12c78f04	structure	living thread into another structure	canon/canonical_story_tree/all_25_books_latest_full_cycle.txt|canon/canonical_story_tree/books/Book_02_The_Diary_And_The_Blue_Light/book_content.txt	structure	timeline|relationships|scenes|quests|world	implemented_reference_map	reference_extracted_pending_domain_review
WDM-STRUCTURE-b47529ae6d40	structure	of truth	canon/canonical_story_tree/all_25_books_latest_full_cycle.txt|canon/canonical_story_tree/books/Book_02_The_Diary_And_The_Blue_Light/book_content.txt	structure	timeline|relationships|scenes|quests|world	implemented_reference_map	reference_extracted_pending_domain_review
WDM-STRUCTURE-9689cdb0c660	structure	S016 Home-Grows-Stranger-Without-Growing-Less-Loving	canon/canonical_story_tree/all_25_books_latest_full_cycle.txt|canon/canonical_story_tree/books/Book_02_The_Diary_And_The_Blue_Light/book_content.txt	structure	timeline|relationships|scenes|quests|world	implemented_reference_map	reference_extracted_pending_domain_review
WDM-STRUCTURE-f477a7efab2f	structure	Sanctuary can hold mystery without	canon/canonical_story_tree/all_25_books_latest_full_cycle.txt|canon/canonical_story_tree/books/Book_02_The_Diary_And_The_Blue_Light/book_content.txt	structure	timeline|relationships|scenes|quests|world	implemented_reference_map	reference_extracted_pending_domain_review
WDM-STRUCTURE-5a5038fbe505	structure	losing safety	canon/canonical_story_tree/all_25_books_latest_full_cycle.txt|canon/canonical_story_tree/books/Book_02_The_Diary_And_The_Blue_Light/book_content.txt	structure	timeline|relationships|scenes|quests|world	implemented_reference_map	reference_extracted_pending_domain_review
WDM-STRUCTURE-ab0adee1fdaa	structure	S017 Pip-Hesitates-to-Open-What-Wants-Him	canon/canonical_story_tree/all_25_books_latest_full_cycle.txt|canon/canonical_story_tree/books/Book_02_The_Diary_And_The_Blue_Light/book_content.txt	structure	timeline|relationships|scenes|quests|world	implemented_reference_map	reference_extracted_pending_domain_review
WDM-STRUCTURE-d4ba5571b0dd	structure	Desire and fear meet at	canon/canonical_story_tree/all_25_books_latest_full_cycle.txt|canon/canonical_story_tree/books/Book_02_The_Diary_And_The_Blue_Light/book_content.txt	structure	timeline|relationships|scenes|quests|world	implemented_reference_map	reference_extracted_pending_domain_review
WDM-STRUCTURE-0d406764e921	structure	S056 Sanctuary-Feels-More-Precious-Because-It-Is-Temporary	canon/canonical_story_tree/all_25_books_latest_full_cycle.txt|canon/canonical_story_tree/books/Book_02_The_Diary_And_The_Blue_Light/book_content.txt	structure	timeline|relationships|scenes|quests|world	implemented_reference_map	reference_extracted_pending_domain_review
WDM-STRUCTURE-bc867d5beb0b	structure	Home's value sharpens under threat	canon/canonical_story_tree/all_25_books_latest_full_cycle.txt|canon/canonical_story_tree/books/Book_02_The_Diary_And_The_Blue_Light/book_content.txt	structure	timeline|relationships|scenes|quests|world	implemented_reference_map	reference_extracted_pending_domain_review
WDM-STRUCTURE-dfe4e74f5f16	structure	S057 Pairhood-Deepens-in-Unremarkable-Minutes	canon/canonical_story_tree/all_25_books_latest_full_cycle.txt|canon/canonical_story_tree/books/Book_02_The_Diary_And_The_Blue_Light/book_content.txt	structure	timeline|relationships|scenes|quests|world	implemented_reference_map	reference_extracted_pending_domain_review
WDM-STRUCTURE-40a26460922b	structure	Quiet scenes continue building structure	canon/canonical_story_tree/all_25_books_latest_full_cycle.txt|canon/canonical_story_tree/books/Book_02_The_Diary_And_The_Blue_Light/book_content.txt	structure	timeline|relationships|scenes|quests|world	implemented_reference_map	reference_extracted_pending_domain_review
WDM-STRUCTURE-f4319cc55626	structure	S058 The-Outside-World-Does-Not-Disappear	canon/canonical_story_tree/all_25_books_latest_full_cycle.txt|canon/canonical_story_tree/books/Book_02_The_Diary_And_The_Blue_Light/book_content.txt	structure	timeline|relationships|scenes|quests|world	implemented_reference_map	reference_extracted_pending_domain_review
WDM-STRUCTURE-3d3a0ae2ca99	structure	Distance pressure remains present	canon/canonical_story_tree/all_25_books_latest_full_cycle.txt|canon/canonical_story_tree/books/Book_02_The_Diary_And_The_Blue_Light/book_content.txt	structure	timeline|relationships|scenes|quests|world	implemented_reference_map	reference_extracted_pending_domain_review
WDM-STRUCTURE-3a3a99b5d1d3	structure	S059 Ordinary-Life-Becomes-Defensive-Magic	canon/canonical_story_tree/all_25_books_latest_full_cycle.txt|canon/canonical_story_tree/books/Book_02_The_Diary_And_The_Blue_Light/book_content.txt	structure	timeline|relationships|scenes|quests|world	implemented_reference_map	reference_extracted_pending_domain_review
WDM-STRUCTURE-ada8b8390110	structure	Routine itself becomes	canon/canonical_story_tree/all_25_books_latest_full_cycle.txt|canon/canonical_story_tree/books/Book_02_The_Diary_And_The_Blue_Light/book_content.txt	structure	timeline|relationships|scenes|quests|world	implemented_reference_map	reference_extracted_pending_domain_review
WDM-STRUCTURE-059e09902ff0	structure	form of warding	canon/canonical_story_tree/all_25_books_latest_full_cycle.txt|canon/canonical_story_tree/books/Book_02_The_Diary_And_The_Blue_Light/book_content.txt	structure	timeline|relationships|scenes|quests|world	implemented_reference_map	reference_extracted_pending_domain_review
WDM-STRUCTURE-d41f08184891	structure	S060 The-Beat-Ends-with-Domesticity-as-Strategy	canon/canonical_story_tree/all_25_books_latest_full_cycle.txt|canon/canonical_story_tree/books/Book_02_The_Diary_And_The_Blue_Light/book_content.txt	structure	timeline|relationships|scenes|quests|world	implemented_reference_map	reference_extracted_pending_domain_review
WDM-STRUCTURE-8d160dfc50b7	structure	S061 Hidden-Layers-of-the-Oasis-Begin-to-Show	canon/canonical_story_tree/all_25_books_latest_full_cycle.txt|canon/canonical_story_tree/books/Book_02_The_Diary_And_The_Blue_Light/book_content.txt	structure	timeline|relationships|scenes|quests|world	implemented_reference_map	reference_extracted_pending_domain_review
WDM-STRUCTURE-9dba7ebd2dc3	structure	The sanctuary reveals deeper architecture	canon/canonical_story_tree/all_25_books_latest_full_cycle.txt|canon/canonical_story_tree/books/Book_02_The_Diary_And_The_Blue_Light/book_content.txt	structure	timeline|relationships|scenes|quests|world	implemented_reference_map	reference_extracted_pending_domain_review
WDM-STRUCTURE-0e0f251c44e0	structure	S062 Mack-Knows-More-Than-He-Has-Said	canon/canonical_story_tree/all_25_books_latest_full_cycle.txt|canon/canonical_story_tree/books/Book_02_The_Diary_And_The_Blue_Light/book_content.txt	structure	timeline|relationships|scenes|quests|world	implemented_reference_map	reference_extracted_pending_domain_review
WDM-STRUCTURE-a314dec2e488	structure	Authority thickens	canon/canonical_story_tree/all_25_books_latest_full_cycle.txt|canon/canonical_story_tree/books/Book_02_The_Diary_And_The_Blue_Light/book_content.txt	structure	timeline|relationships|scenes|quests|world	implemented_reference_map	reference_extracted_pending_domain_review
WDM-STRUCTURE-b61fff3dc913	structure	S063 Pip-Starts-Seeing-Home-as-Made-Structure-Not-Accident	canon/canonical_story_tree/all_25_books_latest_full_cycle.txt|canon/canonical_story_tree/books/Book_02_The_Diary_And_The_Blue_Light/book_content.txt	structure	timeline|relationships|scenes|quests|world	implemented_reference_map	reference_extracted_pending_domain_review
WDM-STRUCTURE-76f8e460794f	structure	Sanctuary has design and law	canon/canonical_story_tree/all_25_books_latest_full_cycle.txt|canon/canonical_story_tree/books/Book_02_The_Diary_And_The_Blue_Light/book_content.txt	structure	timeline|relationships|scenes|quests|world	implemented_reference_map	reference_extracted_pending_domain_review
WDM-STRUCTURE-5dd76f422181	structure	S064 Rylos Vayne Johnson-Reads-Protection-and-Concealment-Together	canon/canonical_story_tree/all_25_books_latest_full_cycle.txt|canon/canonical_story_tree/books/Book_02_The_Diary_And_The_Blue_Light/book_content.txt	structure	timeline|relationships|scenes|quests|world	implemented_reference_map	reference_extracted_pending_domain_review
WDM-STRUCTURE-524e185f100a	structure	He recognizes both kindness and	canon/canonical_story_tree/all_25_books_latest_full_cycle.txt|canon/canonical_story_tree/books/Book_02_The_Diary_And_The_Blue_Light/book_content.txt	structure	timeline|relationships|scenes|quests|world	implemented_reference_map	reference_extracted_pending_domain_review
WDM-STRUCTURE-a9f2a486bb48	structure	guardedness	canon/canonical_story_tree/all_25_books_latest_full_cycle.txt|canon/canonical_story_tree/books/Book_02_The_Diary_And_The_Blue_Light/book_content.txt	structure	timeline|relationships|scenes|quests|world	implemented_reference_map	reference_extracted_pending_domain_review
WDM-STRUCTURE-217fb3bc3098	structure	S065 The-Diary-Points-Toward-What-the-House-Is-Hiding	canon/canonical_story_tree/all_25_books_latest_full_cycle.txt|canon/canonical_story_tree/books/Book_02_The_Diary_And_The_Blue_Light/book_content.txt	structure	timeline|relationships|scenes|quests|world	implemented_reference_map	reference_extracted_pending_domain_review
WDM-STRUCTURE-49aefca1bd93	structure	S014 Rylos-Watches-Pips-Reaction-Closely	canon/canonical_story_tree/all_25_books_latest_full_cycle.txt|canon/canonical_story_tree/books/Book_02_The_Diary_And_The_Blue_Light/book_content.txt	structure	timeline|relationships|scenes|quests|world	implemented_reference_map	reference_extracted_pending_domain_review
WDM-STRUCTURE-fb57727406b4	structure	S064 Rylos-Reads-Protection-and-Concealment-Together	canon/canonical_story_tree/all_25_books_latest_full_cycle.txt|canon/canonical_story_tree/books/Book_02_The_Diary_And_The_Blue_Light/book_content.txt	structure	timeline|relationships|scenes|quests|world	implemented_reference_map	reference_extracted_pending_domain_review
WDM-STRUCTURE-ae35bb28b87d	structure	"The-Diary-Is-Not-Neutral-Memory

scene"	canon/canonical_story_tree/all_25_books_latest_full_cycle.txt|canon/canonical_story_tree/books/Book_02_The_Diary_And_The_Blue_Light/book_content.txt	structure	timeline|relationships|scenes|quests|world	implemented_reference_map	reference_extracted_pending_domain_review
WDM-STRUCTURE-36ee9d6c33ea	structure	"S015
beat"	canon/canonical_story_tree/all_25_books_latest_full_cycle.txt|canon/canonical_story_tree/books/Book_02_The_Diary_And_The_Blue_Light/book_content.txt|canon/canonical_story_tree/books/Book_03_The_First_Thread/book_content.txt	structure	timeline|relationships|scenes|quests|world	implemented_reference_map	reference_extracted_pending_domain_review
WDM-STRUCTURE-c067bc8e9bd3	structure	B02	canon/canonical_story_tree/all_25_books_latest_full_cycle.txt|canon/canonical_story_tree/books/Book_02_The_Diary_And_The_Blue_Light/book_content.txt	portal|structure	timeline|relationships|scenes|quests|world	implemented_reference_map	reference_extracted_pending_domain_review
WDM-STRUCTURE-a33e891cd514	structure	The Diary and the Blue	canon/canonical_story_tree/all_25_books_latest_full_cycle.txt|canon/canonical_story_tree/books/Book_02_The_Diary_And_The_Blue_Light/book_content.txt	structure	timeline|relationships|scenes|quests|world	implemented_reference_map	reference_extracted_pending_domain_review
WDM-STRUCTURE-21cf440682f8	structure	"Light

The-Diary-Is-Not-Neutral-Memory"	canon/canonical_story_tree/all_25_books_latest_full_cycle.txt|canon/canonical_story_tree/books/Book_02_The_Diary_And_The_Blue_Light/book_content.txt	structure	timeline|relationships|scenes|quests|world	implemented_reference_map	reference_extracted_pending_domain_review
WDM-STRUCTURE-de24844c74bf	structure	Grows	canon/canonical_story_tree/all_25_books_latest_full_cycle.txt|canon/canonical_story_tree/books/Book_02_The_Diary_And_The_Blue_Light/book_content.txt	structure	timeline|relationships|scenes|quests|world	implemented_reference_map	reference_extracted_pending_domain_review
WDM-STRUCTURE-e283c175f43a	structure	Stranger	canon/canonical_story_tree/all_25_books_latest_full_cycle.txt|canon/canonical_story_tree/books/Book_02_The_Diary_And_The_Blue_Light/book_content.txt	structure	timeline|relationships|scenes|quests|world	implemented_reference_map	reference_extracted_pending_domain_review
WDM-STRUCTURE-8dbc0f7cb3e9	structure	Without	canon/canonical_story_tree/all_25_books_latest_full_cycle.txt|canon/canonical_story_tree/books/Book_02_The_Diary_And_The_Blue_Light/book_content.txt	structure	timeline|relationships|scenes|quests|world	implemented_reference_map	reference_extracted_pending_domain_review
WDM-STRUCTURE-be871ca7c8e8	structure	Growing	canon/canonical_story_tree/all_25_books_latest_full_cycle.txt|canon/canonical_story_tree/books/Book_02_The_Diary_And_The_Blue_Light/book_content.txt	structure	timeline|relationships|scenes|quests|world	implemented_reference_map	reference_extracted_pending_domain_review
WDM-STRUCTURE-d3d1169e876a	structure	Less	canon/canonical_story_tree/all_25_books_latest_full_cycle.txt|canon/canonical_story_tree/books/Book_02_The_Diary_And_The_Blue_Light/book_content.txt|canon/canonical_story_tree/books/Book_03_The_First_Thread/book_content.txt	shelter|structure	timeline|relationships|scenes|quests|world	implemented_reference_map	reference_extracted_pending_domain_review
WDM-STRUCTURE-3181e51dcb45	structure	Loving	canon/canonical_story_tree/all_25_books_latest_full_cycle.txt|canon/canonical_story_tree/books/Book_02_The_Diary_And_The_Blue_Light/book_content.txt	structure	timeline|relationships|scenes|quests|world	implemented_reference_map	reference_extracted_pending_domain_review
WDM-STRUCTURE-57798db1dd68	structure	"Home-Grows-Stranger-Without-Growing-Less-Loving

scene"	canon/canonical_story_tree/all_25_books_latest_full_cycle.txt|canon/canonical_story_tree/books/Book_02_The_Diary_And_The_Blue_Light/book_content.txt	structure	timeline|relationships|scenes|quests|world	implemented_reference_map	reference_extracted_pending_domain_review
WDM-STRUCTURE-188bc1427cb1	structure	"S016
beat"	canon/canonical_story_tree/all_25_books_latest_full_cycle.txt|canon/canonical_story_tree/books/Book_02_The_Diary_And_The_Blue_Light/book_content.txt|canon/canonical_story_tree/books/Book_03_The_First_Thread/book_content.txt	structure	timeline|relationships|scenes|quests|world	implemented_reference_map	reference_extracted_pending_domain_review
WDM-STRUCTURE-ada4614a07b1	structure	"Pairhood-Deepens-in-Unremarkable-Minutes

scene"	canon/canonical_story_tree/all_25_books_latest_full_cycle.txt|canon/canonical_story_tree/books/Book_02_The_Diary_And_The_Blue_Light/book_content.txt	structure	timeline|relationships|scenes|quests|world	implemented_reference_map	reference_extracted_pending_domain_review
WDM-STRUCTURE-71129034e823	structure	"S057
beat"	canon/canonical_story_tree/all_25_books_latest_full_cycle.txt|canon/canonical_story_tree/books/Book_02_The_Diary_And_The_Blue_Light/book_content.txt	structure	timeline|relationships|scenes|quests|world	implemented_reference_map	reference_extracted_pending_domain_review
WDM-STRUCTURE-ccbc78d0e2c2	structure	"Light

Pairhood-Deepens-in-Unremarkable-Minutes"	canon/canonical_story_tree/all_25_books_latest_full_cycle.txt|canon/canonical_story_tree/books/Book_02_The_Diary_And_The_Blue_Light/book_content.txt	structure	timeline|relationships|scenes|quests|world	implemented_reference_map	reference_extracted_pending_domain_review
WDM-STRUCTURE-9eb9045f303e	structure	Outside	canon/canonical_story_tree/all_25_books_latest_full_cycle.txt|canon/canonical_story_tree/books/Book_02_The_Diary_And_The_Blue_Light/book_content.txt|canon/canonical_story_tree/books/Book_03_The_First_Thread/book_content.txt	shelter|structure	timeline|relationships|scenes|quests|world	implemented_reference_map	reference_extracted_pending_domain_review
WDM-STRUCTURE-f9b3e19f83fb	structure	Disappear	canon/canonical_story_tree/all_25_books_latest_full_cycle.txt|canon/canonical_story_tree/books/Book_02_The_Diary_And_The_Blue_Light/book_content.txt	structure	timeline|relationships|scenes|quests|world	implemented_reference_map	reference_extracted_pending_domain_review
WDM-STRUCTURE-be5de19619f2	structure	"The-Outside-World-Does-Not-Disappear

scene"	canon/canonical_story_tree/all_25_books_latest_full_cycle.txt|canon/canonical_story_tree/books/Book_02_The_Diary_And_The_Blue_Light/book_content.txt	structure	timeline|relationships|scenes|quests|world	implemented_reference_map	reference_extracted_pending_domain_review
WDM-STRUCTURE-e8ddad97f306	structure	"S058
beat"	canon/canonical_story_tree/all_25_books_latest_full_cycle.txt|canon/canonical_story_tree/books/Book_02_The_Diary_And_The_Blue_Light/book_content.txt	structure	timeline|relationships|scenes|quests|world	implemented_reference_map	reference_extracted_pending_domain_review
WDM-STRUCTURE-2c6f6de67966	structure	"Light

The-Outside-World-Does-Not-Disappear"	canon/canonical_story_tree/all_25_books_latest_full_cycle.txt|canon/canonical_story_tree/books/Book_02_The_Diary_And_The_Blue_Light/book_content.txt	structure	timeline|relationships|scenes|quests|world	implemented_reference_map	reference_extracted_pending_domain_review
WDM-STRUCTURE-cd812a3acb8d	structure	"Mack-Knows-More-Than-He-Has-Said

scene"	canon/canonical_story_tree/all_25_books_latest_full_cycle.txt|canon/canonical_story_tree/books/Book_02_The_Diary_And_The_Blue_Light/book_content.txt	structure	timeline|relationships|scenes|quests|world	implemented_reference_map	reference_extracted_pending_domain_review
WDM-STRUCTURE-740dc6d715c1	structure	"S062
beat"	canon/canonical_story_tree/all_25_books_latest_full_cycle.txt|canon/canonical_story_tree/books/Book_02_The_Diary_And_The_Blue_Light/book_content.txt	structure	timeline|relationships|scenes|quests|world	implemented_reference_map	reference_extracted_pending_domain_review
WDM-STRUCTURE-517fe225335f	structure	"Light

Mack-Knows-More-Than-He-Has-Said"	canon/canonical_story_tree/all_25_books_latest_full_cycle.txt|canon/canonical_story_tree/books/Book_02_The_Diary_And_The_Blue_Light/book_content.txt	structure	timeline|relationships|scenes|quests|world	implemented_reference_map	reference_extracted_pending_domain_review
WDM-STRUCTURE-b31e0b2ad174	structure	Starts	canon/canonical_story_tree/all_25_books_latest_full_cycle.txt|canon/canonical_story_tree/books/Book_02_The_Diary_And_The_Blue_Light/book_content.txt	structure	timeline|relationships|scenes|quests|world	implemented_reference_map	reference_extracted_pending_domain_review
WDM-STRUCTURE-81c74f9bc17d	structure	Seeing	canon/canonical_story_tree/all_25_books_latest_full_cycle.txt|canon/canonical_story_tree/books/Book_02_The_Diary_And_The_Blue_Light/book_content.txt|canon/canonical_story_tree/books/Book_04_Crocodile_Smile/book_content.txt	structure|well	timeline|relationships|scenes|quests|world	implemented_reference_map	reference_extracted_pending_domain_review
WDM-STRUCTURE-38b5b3537cb8	structure	Made	canon/canonical_story_tree/all_25_books_latest_full_cycle.txt|canon/canonical_story_tree/books/Book_02_The_Diary_And_The_Blue_Light/book_content.txt	structure	timeline|relationships|scenes|quests|world	implemented_reference_map	reference_extracted_pending_domain_review
WDM-STRUCTURE-414832fb70fa	structure	Accident	canon/canonical_story_tree/all_25_books_latest_full_cycle.txt|canon/canonical_story_tree/books/Book_02_The_Diary_And_The_Blue_Light/book_content.txt	structure	timeline|relationships|scenes|quests|world	implemented_reference_map	reference_extracted_pending_domain_review
WDM-STRUCTURE-647bf07932e2	structure	"Pip-Starts-Seeing-Home-as-Made-Structure-Not-Accident

scene"	canon/canonical_story_tree/all_25_books_latest_full_cycle.txt|canon/canonical_story_tree/books/Book_02_The_Diary_And_The_Blue_Light/book_content.txt	structure	timeline|relationships|scenes|quests|world	implemented_reference_map	reference_extracted_pending_domain_review
WDM-STRUCTURE-eb306a64d725	structure	"S063
beat"	canon/canonical_story_tree/all_25_books_latest_full_cycle.txt|canon/canonical_story_tree/books/Book_02_The_Diary_And_The_Blue_Light/book_content.txt	structure	timeline|relationships|scenes|quests|world	implemented_reference_map	reference_extracted_pending_domain_review
WDM-STRUCTURE-117a4aef0b4c	structure	"Light

Pip-Starts-Seeing-Home-as-Made-Structure-Not-Accident"	canon/canonical_story_tree/all_25_books_latest_full_cycle.txt|canon/canonical_story_tree/books/Book_02_The_Diary_And_The_Blue_Light/book_content.txt	structure	timeline|relationships|scenes|quests|world	implemented_reference_map	reference_extracted_pending_domain_review
WDM-STRUCTURE-8eb6bf468b78	structure	Reads	canon/canonical_story_tree/all_25_books_latest_full_cycle.txt|canon/canonical_story_tree/books/Book_02_The_Diary_And_The_Blue_Light/book_content.txt|canon/canonical_story_tree/books/Book_03_The_First_Thread/book_content.txt	shelter|structure	timeline|relationships|scenes|quests|world	implemented_reference_map	reference_extracted_pending_domain_review
WDM-STRUCTURE-53b6152a9691	structure	Concealment	canon/canonical_story_tree/all_25_books_latest_full_cycle.txt|canon/canonical_story_tree/books/Book_02_The_Diary_And_The_Blue_Light/book_content.txt	structure	timeline|relationships|scenes|quests|world	implemented_reference_map	reference_extracted_pending_domain_review
WDM-STRUCTURE-bd0408b4bb00	structure	Together	canon/canonical_story_tree/all_25_books_latest_full_cycle.txt|canon/canonical_story_tree/books/Book_02_The_Diary_And_The_Blue_Light/book_content.txt|canon/canonical_story_tree/books/Book_04_Crocodile_Smile/book_content.txt	structure	timeline|relationships|scenes|quests|world	implemented_reference_map	reference_extracted_pending_domain_review
WDM-STRUCTURE-cd001077cc24	structure	"Rylos Vayne Johnson-Reads-Protection-and-Concealment-Together

scene"	canon/canonical_story_tree/all_25_books_latest_full_cycle.txt|canon/canonical_story_tree/books/Book_02_The_Diary_And_The_Blue_Light/book_content.txt	structure	timeline|relationships|scenes|quests|world	implemented_reference_map	reference_extracted_pending_domain_review
WDM-STRUCTURE-d88d8ccbd91c	structure	The First Sign Of Trouble	canon/canonical_story_tree/all_25_books_latest_full_cycle.txt|canon/canonical_story_tree/books/Book_02_The_Diary_And_The_Blue_Light/book_content.txt	portal	timeline|relationships|scenes|quests|world	implemented_reference_map	reference_extracted_pending_domain_review
WDM-STRUCTURE-70d04df50a75	structure	At The Market	canon/canonical_story_tree/all_25_books_latest_full_cycle.txt|canon/canonical_story_tree/books/Book_02_The_Diary_And_The_Blue_Light/book_content.txt	portal	timeline|relationships|scenes|quests|world	implemented_reference_map	reference_extracted_pending_domain_review
WDM-STRUCTURE-2aaae7790854	structure	The Betrayal Executes	canon/canonical_story_tree/all_25_books_latest_full_cycle.txt|canon/canonical_story_tree/books/Book_02_The_Diary_And_The_Blue_Light/book_content.txt	portal	timeline|relationships|scenes|quests|world	implemented_reference_map	reference_extracted_pending_domain_review
WDM-STRUCTURE-7fc3ff265bbd	structure	The Diamond Break Window	canon/canonical_story_tree/all_25_books_latest_full_cycle.txt|canon/canonical_story_tree/books/Book_02_The_Diary_And_The_Blue_Light/book_content.txt	portal	timeline|relationships|scenes|quests|world	implemented_reference_map	reference_extracted_pending_domain_review
WDM-STRUCTURE-bc92720d2ee9	structure	Mack Sacrifice	canon/canonical_story_tree/all_25_books_latest_full_cycle.txt|canon/canonical_story_tree/books/Book_02_The_Diary_And_The_Blue_Light/book_content.txt	portal	timeline|relationships|scenes|quests|world	implemented_reference_map	reference_extracted_pending_domain_review
WDM-STRUCTURE-50ae5cf7431f	structure	Xethrolund Portal Arrival	canon/canonical_story_tree/all_25_books_latest_full_cycle.txt|canon/canonical_story_tree/books/Book_02_The_Diary_And_The_Blue_Light/book_content.txt	portal	timeline|relationships|scenes|quests|world	implemented_reference_map	reference_extracted_pending_domain_review
WDM-STRUCTURE-63fcb14345ce	structure	Stasis	canon/canonical_story_tree/all_25_books_latest_full_cycle.txt|canon/canonical_story_tree/books/Book_02_The_Diary_And_The_Blue_Light/book_content.txt	portal	timeline|relationships|scenes|quests|world	implemented_reference_map	reference_extracted_pending_domain_review
WDM-STRUCTURE-ef739c1548c6	structure	unplaced	canon/canonical_story_tree/all_25_books_latest_full_cycle.txt|canon/canonical_story_tree/books/Book_02_The_Diary_And_The_Blue_Light/book_content.txt|canon/canonical_story_tree/books/Book_10_Mack_Falls/book_content.txt|canon/canonical_story_tree/books/Book_25_Death_Is_Rebirth/book_content.txt	portal|well	timeline|relationships|scenes|quests|world	implemented_reference_map	reference_extracted_pending_domain_review
WDM-STRUCTURE-8dea91c65530	structure	candidates	canon/canonical_story_tree/all_25_books_latest_full_cycle.txt|canon/canonical_story_tree/books/Book_02_The_Diary_And_The_Blue_Light/book_content.txt|canon/canonical_story_tree/books/Book_10_Mack_Falls/book_content.txt|canon/canonical_story_tree/books/Book_11_The_Portal_Opens/book_content.txt|canon/canonical_story_tree/books/Book_25_Death_Is_Rebirth/book_content.txt	portal|well	timeline|relationships|scenes|quests|world	implemented_reference_map	reference_extracted_pending_domain_review
WDM-STRUCTURE-d2c7f5a1e508	structure	Unplaced Candidates For This Book	canon/canonical_story_tree/all_25_books_latest_full_cycle.txt|canon/canonical_story_tree/books/Book_02_The_Diary_And_The_Blue_Light/book_content.txt|canon/canonical_story_tree/books/Book_10_Mack_Falls/book_content.txt|canon/canonical_story_tree/books/Book_11_The_Portal_Opens/book_content.txt|canon/canonical_story_tree/books/Book_25_Death_Is_Rebirth/book_content.txt	portal|well	timeline|relationships|scenes|quests|world	implemented_reference_map	reference_extracted_pending_domain_review
WDM-STRUCTURE-ef8f70b95aa7	structure	Use this file to park	canon/canonical_story_tree/all_25_books_latest_full_cycle.txt|canon/canonical_story_tree/books/Book_02_The_Diary_And_The_Blue_Light/book_content.txt|canon/canonical_story_tree/books/Book_10_Mack_Falls/book_content.txt|canon/canonical_story_tree/books/Book_11_The_Portal_Opens/book_content.txt|canon/canonical_story_tree/books/Book_25_Death_Is_Rebirth/book_content.txt	portal|well	timeline|relationships|scenes|quests|world	implemented_reference_map	reference_extracted_pending_domain_review
WDM-STRUCTURE-b295738fa75e	structure	beats that seem to belong	canon/canonical_story_tree/all_25_books_latest_full_cycle.txt|canon/canonical_story_tree/books/Book_02_The_Diary_And_The_Blue_Light/book_content.txt|canon/canonical_story_tree/books/Book_10_Mack_Falls/book_content.txt|canon/canonical_story_tree/books/Book_11_The_Portal_Opens/book_content.txt|canon/canonical_story_tree/books/Book_25_Death_Is_Rebirth/book_content.txt	portal|well	timeline|relationships|scenes|quests|world	implemented_reference_map	reference_extracted_pending_domain_review
WDM-STRUCTURE-3a6a87f9285e	structure	here but are not confirmed	canon/canonical_story_tree/all_25_books_latest_full_cycle.txt|canon/canonical_story_tree/books/Book_02_The_Diary_And_The_Blue_Light/book_content.txt|canon/canonical_story_tree/books/Book_10_Mack_Falls/book_content.txt|canon/canonical_story_tree/books/Book_11_The_Portal_Opens/book_content.txt	portal	timeline|relationships|scenes|quests|world	implemented_reference_map	reference_extracted_pending_domain_review
WDM-STRUCTURE-dd9a3dc455b0	structure	WorldState	canon/canonical_story_tree/all_25_books_latest_full_cycle.txt|canon/canonical_story_tree/books/Book_02_The_Diary_And_The_Blue_Light/book_content.txt	portal	timeline|relationships|scenes|quests|world	implemented_reference_map	reference_extracted_pending_domain_review
WDM-STRUCTURE-8e082dc6623b	structure	candidate	canon/canonical_story_tree/all_25_books_latest_full_cycle.txt|canon/canonical_story_tree/books/Book_02_The_Diary_And_The_Blue_Light/book_content.txt|canon/canonical_story_tree/books/Book_10_Mack_Falls/book_content.txt	portal	timeline|relationships|scenes|quests|world	implemented_reference_map	reference_extracted_pending_domain_review
WDM-STRUCTURE-945677a7dd2f	structure	data	canon/canonical_story_tree/all_25_books_latest_full_cycle.txt|canon/canonical_story_tree/books/Book_02_The_Diary_And_The_Blue_Light/book_content.txt|canon/canonical_story_tree/books/Book_10_Mack_Falls/book_content.txt|canon/canonical_story_tree/world/wowas_world_zone_map.json	portal|settlement	timeline|relationships|scenes|quests|world	implemented_reference_map	reference_extracted_pending_domain_review
WDM-STRUCTURE-5e71484891c8	structure	com	canon/canonical_story_tree/all_25_books_latest_full_cycle.txt|canon/canonical_story_tree/books/Book_02_The_Diary_And_The_Blue_Light/book_content.txt|canon/canonical_story_tree/books/Book_10_Mack_Falls/book_content.txt	portal	timeline|relationships|scenes|quests|world	implemented_reference_map	reference_extracted_pending_domain_review
WDM-STRUCTURE-df1ea5e0094e	structure	termux	canon/canonical_story_tree/all_25_books_latest_full_cycle.txt|canon/canonical_story_tree/books/Book_02_The_Diary_And_The_Blue_Light/book_content.txt|canon/canonical_story_tree/books/Book_10_Mack_Falls/book_content.txt	portal	timeline|relationships|scenes|quests|world	implemented_reference_map	reference_extracted_pending_domain_review
WDM-STRUCTURE-ec2c8023a8d0	structure	files	canon/canonical_story_tree/all_25_books_latest_full_cycle.txt|canon/canonical_story_tree/books/Book_02_The_Diary_And_The_Blue_Light/book_content.txt|canon/canonical_story_tree/books/Book_10_Mack_Falls/book_content.txt	portal	timeline|relationships|scenes|quests|world	implemented_reference_map	reference_extracted_pending_domain_review
WDM-STRUCTURE-f8c21d6be79e	structure	Braxon	canon/canonical_story_tree/all_25_books_latest_full_cycle.txt|canon/canonical_story_tree/books/Book_02_The_Diary_And_The_Blue_Light/book_content.txt|canon/canonical_story_tree/books/Book_10_Mack_Falls/book_content.txt	portal	timeline|relationships|scenes|quests|world	implemented_reference_map	reference_extracted_pending_domain_review
WDM-STRUCTURE-89e3414d7df1	structure	crates	canon/canonical_story_tree/all_25_books_latest_full_cycle.txt|canon/canonical_story_tree/books/Book_02_The_Diary_And_The_Blue_Light/book_content.txt|canon/canonical_story_tree/books/Book_10_Mack_Falls/book_content.txt|canon/canonical_story_tree/world/wowas_world_zone_map.json	portal|settlement	timeline|relationships|scenes|quests|world	implemented_reference_map	reference_extracted_pending_domain_review
WDM-STRUCTURE-192b7289f9af	structure	wowas-engine	canon/canonical_story_tree/all_25_books_latest_full_cycle.txt|canon/canonical_story_tree/books/Book_02_The_Diary_And_The_Blue_Light/book_content.txt|canon/canonical_story_tree/books/Book_10_Mack_Falls/book_content.txt|canon/canonical_story_tree/world/wowas_world_zone_map.json	portal|settlement	timeline|relationships|scenes|quests|world	implemented_reference_map	reference_extracted_pending_domain_review
WDM-STRUCTURE-e612bf76efee	structure	canon	canon/canonical_story_tree/all_25_books_latest_full_cycle.txt|canon/canonical_story_tree/books/Book_02_The_Diary_And_The_Blue_Light/book_content.txt|canon/canonical_story_tree/books/Book_10_Mack_Falls/book_content.txt|canon/canonical_story_tree/books/Book_25_Death_Is_Rebirth/book_content.txt|canon/canonical_story_tree/world/wowas_world_zone_map.json	portal|settlement|well	timeline|relationships|scenes|quests|world	implemented_reference_map	reference_extracted_pending_domain_review
WDM-STRUCTURE-db1c56c27333	structure	codex	canon/canonical_story_tree/all_25_books_latest_full_cycle.txt|canon/canonical_story_tree/books/Book_02_The_Diary_And_The_Blue_Light/book_content.txt|canon/canonical_story_tree/books/Book_10_Mack_Falls/book_content.txt	portal	timeline|relationships|scenes|quests|world	implemented_reference_map	reference_extracted_pending_domain_review
WDM-STRUCTURE-78c071361180	structure	nodes	canon/canonical_story_tree/all_25_books_latest_full_cycle.txt|canon/canonical_story_tree/books/Book_02_The_Diary_And_The_Blue_Light/book_content.txt|canon/canonical_story_tree/books/Book_10_Mack_Falls/book_content.txt	portal	timeline|relationships|scenes|quests|world	implemented_reference_map	reference_extracted_pending_domain_review
WDM-STRUCTURE-402c98908b43	structure	json	canon/canonical_story_tree/all_25_books_latest_full_cycle.txt|canon/canonical_story_tree/books/Book_02_The_Diary_And_The_Blue_Light/book_content.txt|canon/canonical_story_tree/books/Book_10_Mack_Falls/book_content.txt|canon/canonical_story_tree/world/wowas_world_zone_map.json	portal|settlement	timeline|relationships|scenes|quests|world	implemented_reference_map	reference_extracted_pending_domain_review
WDM-STRUCTURE-ee57ff2924ed	structure	summary	canon/canonical_story_tree/all_25_books_latest_full_cycle.txt|canon/canonical_story_tree/books/Book_02_The_Diary_And_The_Blue_Light/book_content.txt|canon/canonical_story_tree/books/Book_10_Mack_Falls/book_content.txt	portal	timeline|relationships|scenes|quests|world	implemented_reference_map	reference_extracted_pending_domain_review
WDM-STRUCTURE-8f8947a61ae6	structure	Pip and Xethrolund experience	canon/canonical_story_tree/all_25_books_latest_full_cycle.txt|canon/canonical_story_tree/books/Book_02_The_Diary_And_The_Blue_Light/book_content.txt|canon/canonical_story_tree/books/Book_10_Mack_Falls/book_content.txt	portal	timeline|relationships|scenes|quests|world	implemented_reference_map	reference_extracted_pending_domain_review
WDM-STRUCTURE-a5693f77bb1f	structure	years in-portal after escaping cursed	canon/canonical_story_tree/all_25_books_latest_full_cycle.txt|canon/canonical_story_tree/books/Book_02_The_Diary_And_The_Blue_Light/book_content.txt|canon/canonical_story_tree/books/Book_10_Mack_Falls/book_content.txt	portal	timeline|relationships|scenes|quests|world	implemented_reference_map	reference_extracted_pending_domain_review
WDM-STRUCTURE-4fb15f80286e	structure	The experience is described as	canon/canonical_story_tree/all_25_books_latest_full_cycle.txt|canon/canonical_story_tree/books/Book_02_The_Diary_And_The_Blue_Light/book_content.txt|canon/canonical_story_tree/books/Book_10_Mack_Falls/book_content.txt	portal	timeline|relationships|scenes|quests|world	implemented_reference_map	reference_extracted_pending_domain_review
WDM-STRUCTURE-f48b826a4ec1	structure	short span of perceived time	canon/canonical_story_tree/all_25_books_latest_full_cycle.txt|canon/canonical_story_tree/books/Book_02_The_Diary_And_The_Blue_Light/book_content.txt|canon/canonical_story_tree/books/Book_10_Mack_Falls/book_content.txt	portal	timeline|relationships|scenes|quests|world	implemented_reference_map	reference_extracted_pending_domain_review
WDM-STRUCTURE-446de1ea6ca5	structure	due to hyper-awareness from the	canon/canonical_story_tree/all_25_books_latest_full_cycle.txt|canon/canonical_story_tree/books/Book_02_The_Diary_And_The_Blue_Light/book_content.txt|canon/canonical_story_tree/books/Book_10_Mack_Falls/book_content.txt	portal	timeline|relationships|scenes|quests|world	implemented_reference_map	reference_extracted_pending_domain_review
WDM-STRUCTURE-b46c5597a8a2	structure	perfection of their union	canon/canonical_story_tree/all_25_books_latest_full_cycle.txt|canon/canonical_story_tree/books/Book_02_The_Diary_And_The_Blue_Light/book_content.txt|canon/canonical_story_tree/books/Book_10_Mack_Falls/book_content.txt	portal	timeline|relationships|scenes|quests|world	implemented_reference_map	reference_extracted_pending_domain_review
WDM-STRUCTURE-830f7d09364f	structure	explicitly not time dilation	canon/canonical_story_tree/all_25_books_latest_full_cycle.txt|canon/canonical_story_tree/books/Book_02_The_Diary_And_The_Blue_Light/book_content.txt|canon/canonical_story_tree/books/Book_10_Mack_Falls/book_content.txt	portal	timeline|relationships|scenes|quests|world	implemented_reference_map	reference_extracted_pending_domain_review
WDM-STRUCTURE-d451fe8d7502	structure	CharacterDossier	canon/canonical_story_tree/all_25_books_latest_full_cycle.txt|canon/canonical_story_tree/books/Book_02_The_Diary_And_The_Blue_Light/book_content.txt	portal	timeline|relationships|scenes|quests|world	implemented_reference_map	reference_extracted_pending_domain_review
WDM-STRUCTURE-03de299dbbdb	structure	PlotBeats	canon/canonical_story_tree/all_25_books_latest_full_cycle.txt|canon/canonical_story_tree/books/Book_02_The_Diary_And_The_Blue_Light/book_content.txt	portal	timeline|relationships|scenes|quests|world	implemented_reference_map	reference_extracted_pending_domain_review
WDM-STRUCTURE-4252fcdd3731	structure	Timeline	canon/canonical_story_tree/all_25_books_latest_full_cycle.txt|canon/canonical_story_tree/books/Book_02_The_Diary_And_The_Blue_Light/book_content.txt|canon/canonical_story_tree/books/Book_10_Mack_Falls/book_content.txt	portal	timeline|relationships|scenes|quests|world	implemented_reference_map	reference_extracted_pending_domain_review
WDM-STRUCTURE-002ab8bbc3a4	structure	TBD	canon/canonical_story_tree/books/Book_02_The_Diary_And_The_Blue_Light/book_content.txt|canon/canonical_story_tree/books/Book_10_Mack_Falls/book_content.txt|canon/canonical_story_tree/books/Book_11_The_Portal_Opens/book_content.txt	portal	timeline|relationships|scenes|quests|world	implemented_reference_map	reference_extracted_pending_domain_review
WDM-STRUCTURE-757a51d4c0a9	structure	notes	canon/canonical_story_tree/all_25_books_latest_full_cycle.txt|canon/canonical_story_tree/books/Book_02_The_Diary_And_The_Blue_Light/book_content.txt|canon/canonical_story_tree/books/Book_10_Mack_Falls/book_content.txt|canon/canonical_story_tree/books/Book_11_The_Portal_Opens/book_content.txt|canon/canonical_story_tree/books/Book_25_Death_Is_Rebirth/book_content.txt	portal|well	timeline|relationships|scenes|quests|world	implemented_reference_map	reference_extracted_pending_domain_review
WDM-STRUCTURE-2939003bcb82	structure	sequence	canon/canonical_story_tree/all_25_books_latest_full_cycle.txt|canon/canonical_story_tree/books/Book_02_The_Diary_And_The_Blue_Light/book_content.txt|canon/canonical_story_tree/books/Book_10_Mack_Falls/book_content.txt|canon/canonical_story_tree/books/Book_11_The_Portal_Opens/book_content.txt	portal	timeline|relationships|scenes|quests|world	implemented_reference_map	reference_extracted_pending_domain_review
WDM-STRUCTURE-099ae6b605ba	structure	position	canon/canonical_story_tree/all_25_books_latest_full_cycle.txt|canon/canonical_story_tree/books/Book_02_The_Diary_And_The_Blue_Light/book_content.txt|canon/canonical_story_tree/books/Book_10_Mack_Falls/book_content.txt|canon/canonical_story_tree/books/Book_11_The_Portal_Opens/book_content.txt	portal	timeline|relationships|scenes|quests|world	implemented_reference_map	reference_extracted_pending_domain_review
WDM-STRUCTURE-781e85446aa9	structure	absolute	canon/canonical_story_tree/all_25_books_latest_full_cycle.txt|canon/canonical_story_tree/books/Book_02_The_Diary_And_The_Blue_Light/book_content.txt|canon/canonical_story_tree/books/Book_10_Mack_Falls/book_content.txt|canon/canonical_story_tree/books/Book_11_The_Portal_Opens/book_content.txt	portal	timeline|relationships|scenes|quests|world	implemented_reference_map	reference_extracted_pending_domain_review
WDM-STRUCTURE-a8a3262720e3	structure	era	canon/canonical_story_tree/all_25_books_latest_full_cycle.txt|canon/canonical_story_tree/books/Book_02_The_Diary_And_The_Blue_Light/book_content.txt|canon/canonical_story_tree/books/Book_10_Mack_Falls/book_content.txt|canon/canonical_story_tree/books/Book_11_The_Portal_Opens/book_content.txt	portal	timeline|relationships|scenes|quests|world	implemented_reference_map	reference_extracted_pending_domain_review
WDM-STRUCTURE-7fff8248fec8	structure	local	canon/canonical_story_tree/all_25_books_latest_full_cycle.txt|canon/canonical_story_tree/books/Book_02_The_Diary_And_The_Blue_Light/book_content.txt|canon/canonical_story_tree/books/Book_04_Crocodile_Smile/book_content.txt|canon/canonical_story_tree/books/Book_10_Mack_Falls/book_content.txt|canon/canonical_story_tree/books/Book_11_The_Portal_Opens/book_content.txt|canon/canonical_story_tree/books/Book_25_Death_Is_Rebirth/book_content.txt	portal|shelter|well	timeline|relationships|scenes|quests|world	implemented_reference_map	reference_extracted_pending_domain_review
WDM-STRUCTURE-9e6b712e9489	structure	time	canon/canonical_story_tree/all_25_books_latest_full_cycle.txt|canon/canonical_story_tree/books/Book_02_The_Diary_And_The_Blue_Light/book_content.txt|canon/canonical_story_tree/books/Book_04_Crocodile_Smile/book_content.txt|canon/canonical_story_tree/books/Book_10_Mack_Falls/book_content.txt|canon/canonical_story_tree/books/Book_11_The_Portal_Opens/book_content.txt|canon/canonical_story_tree/books/Book_25_Death_Is_Rebirth/book_content.txt	portal|shelter|well	timeline|relationships|scenes|quests|world	implemented_reference_map	reference_extracted_pending_domain_review
WDM-STRUCTURE-3f699f66fc65	structure	span	canon/canonical_story_tree/all_25_books_latest_full_cycle.txt|canon/canonical_story_tree/books/Book_02_The_Diary_And_The_Blue_Light/book_content.txt|canon/canonical_story_tree/books/Book_04_Crocodile_Smile/book_content.txt|canon/canonical_story_tree/books/Book_10_Mack_Falls/book_content.txt|canon/canonical_story_tree/books/Book_11_The_Portal_Opens/book_content.txt|canon/canonical_story_tree/books/Book_25_Death_Is_Rebirth/book_content.txt	portal|shelter|well	timeline|relationships|scenes|quests|world	implemented_reference_map	reference_extracted_pending_domain_review
WDM-STRUCTURE-92de710f96fc	structure	linked	canon/canonical_story_tree/all_25_books_latest_full_cycle.txt|canon/canonical_story_tree/books/Book_02_The_Diary_And_The_Blue_Light/book_content.txt|canon/canonical_story_tree/books/Book_10_Mack_Falls/book_content.txt|canon/canonical_story_tree/books/Book_11_The_Portal_Opens/book_content.txt|canon/canonical_story_tree/books/Book_25_Death_Is_Rebirth/book_content.txt	portal|well	timeline|relationships|scenes|quests|world	implemented_reference_map	reference_extracted_pending_domain_review
WDM-STRUCTURE-f262cac510cd	structure	locations	canon/canonical_story_tree/all_25_books_latest_full_cycle.txt|canon/canonical_story_tree/books/Book_02_The_Diary_And_The_Blue_Light/book_content.txt|canon/canonical_story_tree/books/Book_10_Mack_Falls/book_content.txt|canon/canonical_story_tree/books/Book_11_The_Portal_Opens/book_content.txt|canon/canonical_story_tree/books/Book_25_Death_Is_Rebirth/book_content.txt|canon/canonical_story_tree/world/wowas_world_zone_map.json	portal|settlement|shelter|structure|well	timeline|relationships|scenes|quests|world	implemented_reference_map	reference_extracted_pending_domain_review
WDM-STRUCTURE-468db5ebaf71	structure	Shared interpretation becomes urgent	canon/canonical_story_tree/all_25_books_latest_full_cycle.txt|canon/canonical_story_tree/books/Book_03_The_First_Thread/book_content.txt	structure	timeline|relationships|scenes|quests|world	implemented_reference_map	reference_extracted_pending_domain_review
WDM-STRUCTURE-25e1e7dd7f89	structure	S014 Their-Bond-Changes-How-Meaning-Is-Produced	canon/canonical_story_tree/all_25_books_latest_full_cycle.txt|canon/canonical_story_tree/books/Book_03_The_First_Thread/book_content.txt	structure	timeline|relationships|scenes|quests|world	implemented_reference_map	reference_extracted_pending_domain_review
WDM-STRUCTURE-c15e155414a0	structure	Thought and feeling are no	canon/canonical_story_tree/all_25_books_latest_full_cycle.txt|canon/canonical_story_tree/books/Book_03_The_First_Thread/book_content.txt	structure	timeline|relationships|scenes|quests|world	implemented_reference_map	reference_extracted_pending_domain_review
WDM-STRUCTURE-41dd0f104745	structure	longer separable	canon/canonical_story_tree/all_25_books_latest_full_cycle.txt|canon/canonical_story_tree/books/Book_03_The_First_Thread/book_content.txt	structure	timeline|relationships|scenes|quests|world	implemented_reference_map	reference_extracted_pending_domain_review
WDM-STRUCTURE-3c49a2f1aff0	structure	S015 Mack-Frames-the-Thread-with-Older-Law	canon/canonical_story_tree/all_25_books_latest_full_cycle.txt|canon/canonical_story_tree/books/Book_03_The_First_Thread/book_content.txt	structure	timeline|relationships|scenes|quests|world	implemented_reference_map	reference_extracted_pending_domain_review
WDM-STRUCTURE-cb2a9e7cd84c	structure	The guardian offers structure without	canon/canonical_story_tree/all_25_books_latest_full_cycle.txt|canon/canonical_story_tree/books/Book_03_The_First_Thread/book_content.txt	structure	timeline|relationships|scenes|quests|world	implemented_reference_map	reference_extracted_pending_domain_review
WDM-STRUCTURE-16cba4faef2c	structure	deadening wonder	canon/canonical_story_tree/all_25_books_latest_full_cycle.txt|canon/canonical_story_tree/books/Book_03_The_First_Thread/book_content.txt	structure	timeline|relationships|scenes|quests|world	implemented_reference_map	reference_extracted_pending_domain_review
WDM-STRUCTURE-1fa7561490fa	structure	S016 The-Thread-Feels-Personal-and-Cosmic-at-Once	canon/canonical_story_tree/all_25_books_latest_full_cycle.txt|canon/canonical_story_tree/books/Book_03_The_First_Thread/book_content.txt	structure	timeline|relationships|scenes|quests|world	implemented_reference_map	reference_extracted_pending_domain_review
WDM-STRUCTURE-c39d445f4c10	structure	Scale disorients them	canon/canonical_story_tree/all_25_books_latest_full_cycle.txt|canon/canonical_story_tree/books/Book_03_The_First_Thread/book_content.txt	structure	timeline|relationships|scenes|quests|world	implemented_reference_map	reference_extracted_pending_domain_review
WDM-STRUCTURE-fdab0ce26585	structure	S017 Pip-Worries-He-Caused-It	canon/canonical_story_tree/all_25_books_latest_full_cycle.txt|canon/canonical_story_tree/books/Book_03_The_First_Thread/book_content.txt	structure	timeline|relationships|scenes|quests|world	implemented_reference_map	reference_extracted_pending_domain_review
WDM-STRUCTURE-6dd86bbd7358	structure	Responsibility anxiety rises	canon/canonical_story_tree/all_25_books_latest_full_cycle.txt|canon/canonical_story_tree/books/Book_03_The_First_Thread/book_content.txt	structure	timeline|relationships|scenes|quests|world	implemented_reference_map	reference_extracted_pending_domain_review
WDM-STRUCTURE-78d304641ae2	structure	S018 Rylos Vayne Johnson-Worries-He-Is-What-It-Costs	canon/canonical_story_tree/all_25_books_latest_full_cycle.txt|canon/canonical_story_tree/books/Book_03_The_First_Thread/book_content.txt	structure	timeline|relationships|scenes|quests|world	implemented_reference_map	reference_extracted_pending_domain_review
WDM-STRUCTURE-5121b5597ace	structure	S051 Pip-Understands-the-Thread-Is-Not-Private	canon/canonical_story_tree/all_25_books_latest_full_cycle.txt|canon/canonical_story_tree/books/Book_03_The_First_Thread/book_content.txt	structure	timeline|relationships|scenes|quests|world	implemented_reference_map	reference_extracted_pending_domain_review
WDM-STRUCTURE-e4131238abe4	structure	It belongs partly to destiny	canon/canonical_story_tree/all_25_books_latest_full_cycle.txt|canon/canonical_story_tree/books/Book_03_The_First_Thread/book_content.txt	structure	timeline|relationships|scenes|quests|world	implemented_reference_map	reference_extracted_pending_domain_review
WDM-STRUCTURE-d5b6baf1ccaf	structure	S052 Rylos Vayne Johnson-Fears-Being-the-Weak-Point	canon/canonical_story_tree/all_25_books_latest_full_cycle.txt|canon/canonical_story_tree/books/Book_03_The_First_Thread/book_content.txt	structure	timeline|relationships|scenes|quests|world	implemented_reference_map	reference_extracted_pending_domain_review
WDM-STRUCTURE-884040d8c3f9	structure	Vulnerability sharpens	canon/canonical_story_tree/all_25_books_latest_full_cycle.txt|canon/canonical_story_tree/books/Book_03_The_First_Thread/book_content.txt	structure	timeline|relationships|scenes|quests|world	implemented_reference_map	reference_extracted_pending_domain_review
WDM-STRUCTURE-70edb4acc171	structure	S053 Mack-Responds-by-Strengthening-Structure-Not-By-Panicking	canon/canonical_story_tree/all_25_books_latest_full_cycle.txt|canon/canonical_story_tree/books/Book_03_The_First_Thread/book_content.txt	structure	timeline|relationships|scenes|quests|world	implemented_reference_map	reference_extracted_pending_domain_review
WDM-STRUCTURE-1c79a88dad4e	structure	The guardian remains center	canon/canonical_story_tree/all_25_books_latest_full_cycle.txt|canon/canonical_story_tree/books/Book_03_The_First_Thread/book_content.txt	structure	timeline|relationships|scenes|quests|world	implemented_reference_map	reference_extracted_pending_domain_review
WDM-STRUCTURE-ace0bc8317dd	structure	S054 The-Oasis-Feels-More-Precious-Under-Pressure	canon/canonical_story_tree/all_25_books_latest_full_cycle.txt|canon/canonical_story_tree/books/Book_03_The_First_Thread/book_content.txt	structure	timeline|relationships|scenes|quests|world	implemented_reference_map	reference_extracted_pending_domain_review
WDM-STRUCTURE-4b7d974f4947	structure	Contrast heightens value	canon/canonical_story_tree/all_25_books_latest_full_cycle.txt|canon/canonical_story_tree/books/Book_03_The_First_Thread/book_content.txt	structure	timeline|relationships|scenes|quests|world	implemented_reference_map	reference_extracted_pending_domain_review
WDM-STRUCTURE-1a81f7c52313	structure	S055 The-Bond-Proves-It-Affects-Choice	canon/canonical_story_tree/all_25_books_latest_full_cycle.txt|canon/canonical_story_tree/books/Book_03_The_First_Thread/book_content.txt	structure	timeline|relationships|scenes|quests|world	implemented_reference_map	reference_extracted_pending_domain_review
WDM-STRUCTURE-bbb53fd9f72a	structure	Planning shifts around it	canon/canonical_story_tree/all_25_books_latest_full_cycle.txt|canon/canonical_story_tree/books/Book_03_The_First_Thread/book_content.txt	structure	timeline|relationships|scenes|quests|world	implemented_reference_map	reference_extracted_pending_domain_review
WDM-STRUCTURE-928912e2fbc1	structure	S059 Home-and-World-Are-Now-Officially-Continuous	canon/canonical_story_tree/all_25_books_latest_full_cycle.txt|canon/canonical_story_tree/books/Book_03_The_First_Thread/book_content.txt	structure	timeline|relationships|scenes|quests|world	implemented_reference_map	reference_extracted_pending_domain_review
WDM-STRUCTURE-9c5502cdaa8d	structure	No clean separation remains	canon/canonical_story_tree/all_25_books_latest_full_cycle.txt|canon/canonical_story_tree/books/Book_03_The_First_Thread/book_content.txt	structure	timeline|relationships|scenes|quests|world	implemented_reference_map	reference_extracted_pending_domain_review
WDM-STRUCTURE-7fc8b3e05cdf	structure	S060 The-Beat-Ends-with-Tension-Transferred-Forward	canon/canonical_story_tree/all_25_books_latest_full_cycle.txt|canon/canonical_story_tree/books/Book_03_The_First_Thread/book_content.txt	structure	timeline|relationships|scenes|quests|world	implemented_reference_map	reference_extracted_pending_domain_review
WDM-STRUCTURE-2f7356cbd2fb	structure	builds pressure productively	canon/canonical_story_tree/all_25_books_latest_full_cycle.txt|canon/canonical_story_tree/books/Book_03_The_First_Thread/book_content.txt	structure	timeline|relationships|scenes|quests|world	implemented_reference_map	reference_extracted_pending_domain_review
WDM-STRUCTURE-4489b0bb89d2	structure	B03	canon/canonical_story_tree/all_25_books_latest_full_cycle.txt|canon/canonical_story_tree/books/Book_03_The_First_Thread/book_content.txt	shelter|structure	timeline|relationships|scenes|quests|world	implemented_reference_map	reference_extracted_pending_domain_review
WDM-STRUCTURE-38e22b5d16ae	structure	"Mercy Creates Structure
target"	canon/canonical_story_tree/all_25_books_latest_full_cycle.txt|canon/canonical_story_tree/books/Book_03_The_First_Thread/book_content.txt	structure	timeline|relationships|scenes|quests|world	implemented_reference_map	reference_extracted_pending_domain_review
WDM-STRUCTURE-f636327595cc	structure	S061 Pip-Realizes-the-Thread-Began-in-Mercy	canon/canonical_story_tree/all_25_books_latest_full_cycle.txt|canon/canonical_story_tree/books/Book_03_The_First_Thread/book_content.txt	structure	timeline|relationships|scenes|quests|world	implemented_reference_map	reference_extracted_pending_domain_review
WDM-STRUCTURE-3c8e599404cb	structure	The rescue remains causal	canon/canonical_story_tree/all_25_books_latest_full_cycle.txt|canon/canonical_story_tree/books/Book_03_The_First_Thread/book_content.txt	structure	timeline|relationships|scenes|quests|world	implemented_reference_map	reference_extracted_pending_domain_review
WDM-STRUCTURE-2b30dd9c5730	structure	not ornamental	canon/canonical_story_tree/all_25_books_latest_full_cycle.txt|canon/canonical_story_tree/books/Book_03_The_First_Thread/book_content.txt	structure	timeline|relationships|scenes|quests|world	implemented_reference_map	reference_extracted_pending_domain_review
WDM-STRUCTURE-c0d3580a6120	structure	S062 Mack-Names-Mercy-as-Architectural-Force	canon/canonical_story_tree/all_25_books_latest_full_cycle.txt|canon/canonical_story_tree/books/Book_03_The_First_Thread/book_content.txt	structure	timeline|relationships|scenes|quests|world	implemented_reference_map	reference_extracted_pending_domain_review
WDM-STRUCTURE-a7dd8dbeffe0	structure	key teaching scene	canon/canonical_story_tree/all_25_books_latest_full_cycle.txt|canon/canonical_story_tree/books/Book_03_The_First_Thread/book_content.txt	structure	timeline|relationships|scenes|quests|world	implemented_reference_map	reference_extracted_pending_domain_review
WDM-STRUCTURE-27c3215fa857	structure	Stillness cannot hold forever	canon/canonical_story_tree/all_25_books_latest_full_cycle.txt|canon/canonical_story_tree/books/Book_03_The_First_Thread/book_content.txt	structure	timeline|relationships|scenes|quests|world	implemented_reference_map	reference_extracted_pending_domain_review
WDM-STRUCTURE-3c2ae57284e8	structure	S075 Rylos Vayne Johnson-Prepares-with-More-Courage-Than-Comfort	canon/canonical_story_tree/all_25_books_latest_full_cycle.txt|canon/canonical_story_tree/books/Book_03_The_First_Thread/book_content.txt	structure	timeline|relationships|scenes|quests|world	implemented_reference_map	reference_extracted_pending_domain_review
WDM-STRUCTURE-1646cb18fdf3	structure	His growth shows	canon/canonical_story_tree/all_25_books_latest_full_cycle.txt|canon/canonical_story_tree/books/Book_03_The_First_Thread/book_content.txt	structure	timeline|relationships|scenes|quests|world	implemented_reference_map	reference_extracted_pending_domain_review
WDM-STRUCTURE-c74d8463710f	structure	S076 Mack-Sets-Conditions-for-Crossing	canon/canonical_story_tree/all_25_books_latest_full_cycle.txt|canon/canonical_story_tree/books/Book_03_The_First_Thread/book_content.txt	structure	timeline|relationships|scenes|quests|world	implemented_reference_map	reference_extracted_pending_domain_review
WDM-STRUCTURE-287c094158bb	structure	Protection remains structured	canon/canonical_story_tree/all_25_books_latest_full_cycle.txt|canon/canonical_story_tree/books/Book_03_The_First_Thread/book_content.txt	structure	timeline|relationships|scenes|quests|world	implemented_reference_map	reference_extracted_pending_domain_review
WDM-STRUCTURE-f7e6ea0f2957	structure	S077 Sanctuary-Makes-Departure-Feel-Like-Betrayal-and-Maturity-at-Once	canon/canonical_story_tree/all_25_books_latest_full_cycle.txt|canon/canonical_story_tree/books/Book_03_The_First_Thread/book_content.txt	structure	timeline|relationships|scenes|quests|world	implemented_reference_map	reference_extracted_pending_domain_review
WDM-STRUCTURE-32f993fb63f1	structure	Home tension deepens	canon/canonical_story_tree/all_25_books_latest_full_cycle.txt|canon/canonical_story_tree/books/Book_03_The_First_Thread/book_content.txt	structure	timeline|relationships|scenes|quests|world	implemented_reference_map	reference_extracted_pending_domain_review
WDM-STRUCTURE-4a8d19c3374b	structure	S078 The-Bond-Is-Measured-Against-Action	canon/canonical_story_tree/all_25_books_latest_full_cycle.txt|canon/canonical_story_tree/books/Book_03_The_First_Thread/book_content.txt	structure	timeline|relationships|scenes|quests|world	implemented_reference_map	reference_extracted_pending_domain_review
WDM-STRUCTURE-200e2dafd8c0	structure	Can what formed inside hold	canon/canonical_story_tree/all_25_books_latest_full_cycle.txt|canon/canonical_story_tree/books/Book_03_The_First_Thread/book_content.txt	structure	timeline|relationships|scenes|quests|world	implemented_reference_map	reference_extracted_pending_domain_review
WDM-STRUCTURE-71944b96203c	structure	S108 The-Beat-Ends-with-Binding-Chosen-Not-Accidental	canon/canonical_story_tree/all_25_books_latest_full_cycle.txt|canon/canonical_story_tree/books/Book_03_The_First_Thread/book_content.txt	structure	timeline|relationships|scenes|quests|world	implemented_reference_map	reference_extracted_pending_domain_review
WDM-STRUCTURE-07408cf6129e	structure	Agency confirmed	canon/canonical_story_tree/all_25_books_latest_full_cycle.txt|canon/canonical_story_tree/books/Book_03_The_First_Thread/book_content.txt	structure	timeline|relationships|scenes|quests|world	implemented_reference_map	reference_extracted_pending_domain_review
WDM-STRUCTURE-b039327b6440	structure	Book Three Locks Its First	canon/canonical_story_tree/all_25_books_latest_full_cycle.txt|canon/canonical_story_tree/books/Book_03_The_First_Thread/book_content.txt	structure	timeline|relationships|scenes|quests|world	implemented_reference_map	reference_extracted_pending_domain_review
WDM-STRUCTURE-56b786185c1a	structure	"Major Weave
target"	canon/canonical_story_tree/all_25_books_latest_full_cycle.txt|canon/canonical_story_tree/books/Book_03_The_First_Thread/book_content.txt	structure	timeline|relationships|scenes|quests|world	implemented_reference_map	reference_extracted_pending_domain_review
WDM-STRUCTURE-26ad689f9eb2	structure	S109 The-Thread-the-House-the-Pair-and-the-World-Finally-Weave-Together	canon/canonical_story_tree/all_25_books_latest_full_cycle.txt|canon/canonical_story_tree/books/Book_03_The_First_Thread/book_content.txt	structure	timeline|relationships|scenes|quests|world	implemented_reference_map	reference_extracted_pending_domain_review
WDM-STRUCTURE-0a74da3929d9	structure	Book structure clarifies	canon/canonical_story_tree/all_25_books_latest_full_cycle.txt|canon/canonical_story_tree/books/Book_03_The_First_Thread/book_content.txt	structure	timeline|relationships|scenes|quests|world	implemented_reference_map	reference_extracted_pending_domain_review
WDM-STRUCTURE-05996a6cef9a	structure	S110 Pip-Is-Now-Clearly-Moving-Through-the-Saga-Differently	canon/canonical_story_tree/all_25_books_latest_full_cycle.txt|canon/canonical_story_tree/books/Book_03_The_First_Thread/book_content.txt	structure	timeline|relationships|scenes|quests|world	implemented_reference_map	reference_extracted_pending_domain_review
WDM-STRUCTURE-badaa3c661d1	structure	Internal evolution hardens	canon/canonical_story_tree/all_25_books_latest_full_cycle.txt|canon/canonical_story_tree/books/Book_03_The_First_Thread/book_content.txt	structure	timeline|relationships|scenes|quests|world	implemented_reference_map	reference_extracted_pending_domain_review
WDM-STRUCTURE-a654d212f781	structure	S111 Rylos Vayne Johnson-Is-No-Longer-Rescue-Aftermath-He-Is-Weave-Material	canon/canonical_story_tree/all_25_books_latest_full_cycle.txt|canon/canonical_story_tree/books/Book_03_The_First_Thread/book_content.txt	structure	timeline|relationships|scenes|quests|world	implemented_reference_map	reference_extracted_pending_domain_review
WDM-STRUCTURE-96f9b8965ee7	structure	S018 Rylos-Worries-He-Is-What-It-Costs	canon/canonical_story_tree/all_25_books_latest_full_cycle.txt|canon/canonical_story_tree/books/Book_03_The_First_Thread/book_content.txt	structure	timeline|relationships|scenes|quests|world	implemented_reference_map	reference_extracted_pending_domain_review
WDM-STRUCTURE-db6154a3d71a	structure	S052 Rylos-Fears-Being-the-Weak-Point	canon/canonical_story_tree/all_25_books_latest_full_cycle.txt|canon/canonical_story_tree/books/Book_03_The_First_Thread/book_content.txt	structure	timeline|relationships|scenes|quests|world	implemented_reference_map	reference_extracted_pending_domain_review
WDM-STRUCTURE-33e793bc91c1	structure	S074 Pip-Knows-the-Thread-Will-Be-Tested-by-Motion	canon/canonical_story_tree/all_25_books_latest_full_cycle.txt|canon/canonical_story_tree/books/Book_03_The_First_Thread/book_content.txt	structure	timeline|relationships|scenes|quests|world	implemented_reference_map	reference_extracted_pending_domain_review
WDM-STRUCTURE-1a8379332566	structure	S075 Rylos-Prepares-with-More-Courage-Than-Comfort	canon/canonical_story_tree/all_25_books_latest_full_cycle.txt|canon/canonical_story_tree/books/Book_03_The_First_Thread/book_content.txt	structure	timeline|relationships|scenes|quests|world	implemented_reference_map	reference_extracted_pending_domain_review
WDM-STRUCTURE-7efbf9427c58	structure	S111 Rylos-Is-No-Longer-Rescue-Aftermath-He-Is-Weave-Material	canon/canonical_story_tree/all_25_books_latest_full_cycle.txt|canon/canonical_story_tree/books/Book_03_The_First_Thread/book_content.txt	structure	timeline|relationships|scenes|quests|world	implemented_reference_map	reference_extracted_pending_domain_review
WDM-STRUCTURE-213ba4c9437b	structure	Structural promotion	canon/canonical_story_tree/all_25_books_latest_full_cycle.txt|canon/canonical_story_tree/books/Book_03_The_First_Thread/book_content.txt	structure	timeline|relationships|scenes|quests|world	implemented_reference_map	reference_extracted_pending_domain_review
WDM-STRUCTURE-cbdcca557e7d	structure	Older	canon/canonical_story_tree/all_25_books_latest_full_cycle.txt|canon/canonical_story_tree/books/Book_03_The_First_Thread/book_content.txt	structure	timeline|relationships|scenes|quests|world	implemented_reference_map	reference_extracted_pending_domain_review
WDM-STRUCTURE-148926489837	structure	Law	canon/canonical_story_tree/all_25_books_latest_full_cycle.txt|canon/canonical_story_tree/books/Book_03_The_First_Thread/book_content.txt	structure	timeline|relationships|scenes|quests|world	implemented_reference_map	reference_extracted_pending_domain_review
WDM-STRUCTURE-a93af1e59444	structure	"Mack-Frames-the-Thread-with-Older-Law

scene"	canon/canonical_story_tree/all_25_books_latest_full_cycle.txt|canon/canonical_story_tree/books/Book_03_The_First_Thread/book_content.txt	structure	timeline|relationships|scenes|quests|world	implemented_reference_map	reference_extracted_pending_domain_review
WDM-STRUCTURE-6c93f70d5f8a	structure	"The First Thread

Mack-Frames-the-Thread-with-Older-Law"	canon/canonical_story_tree/all_25_books_latest_full_cycle.txt|canon/canonical_story_tree/books/Book_03_The_First_Thread/book_content.txt	structure	timeline|relationships|scenes|quests|world	implemented_reference_map	reference_extracted_pending_domain_review
WDM-STRUCTURE-7ade23328f16	structure	Personal	canon/canonical_story_tree/all_25_books_latest_full_cycle.txt|canon/canonical_story_tree/books/Book_03_The_First_Thread/book_content.txt	structure	timeline|relationships|scenes|quests|world	implemented_reference_map	reference_extracted_pending_domain_review
WDM-STRUCTURE-eb2ae4782609	structure	Once	canon/canonical_story_tree/all_25_books_latest_full_cycle.txt|canon/canonical_story_tree/books/Book_03_The_First_Thread/book_content.txt	structure	timeline|relationships|scenes|quests|world	implemented_reference_map	reference_extracted_pending_domain_review
WDM-STRUCTURE-fce14687d5e7	structure	"The-Thread-Feels-Personal-and-Cosmic-at-Once

scene"	canon/canonical_story_tree/all_25_books_latest_full_cycle.txt|canon/canonical_story_tree/books/Book_03_The_First_Thread/book_content.txt	structure	timeline|relationships|scenes|quests|world	implemented_reference_map	reference_extracted_pending_domain_review
WDM-STRUCTURE-d2ff09c21c1f	structure	"Rylos Vayne Johnson-Fears-Being-the-Weak-Point

scene"	canon/canonical_story_tree/all_25_books_latest_full_cycle.txt|canon/canonical_story_tree/books/Book_03_The_First_Thread/book_content.txt	structure	timeline|relationships|scenes|quests|world	implemented_reference_map	reference_extracted_pending_domain_review
WDM-STRUCTURE-a8aa4f4785e2	structure	"S052
beat"	canon/canonical_story_tree/all_25_books_latest_full_cycle.txt|canon/canonical_story_tree/books/Book_03_The_First_Thread/book_content.txt	structure	timeline|relationships|scenes|quests|world	implemented_reference_map	reference_extracted_pending_domain_review
WDM-STRUCTURE-04de23e040df	structure	"The First Thread

Rylos Vayne"	canon/canonical_story_tree/all_25_books_latest_full_cycle.txt|canon/canonical_story_tree/books/Book_03_The_First_Thread/book_content.txt	structure	timeline|relationships|scenes|quests|world	implemented_reference_map	reference_extracted_pending_domain_review
WDM-STRUCTURE-f60bbd2427a8	structure	Johnson-Fears-Being-the-Weak-Point	canon/canonical_story_tree/all_25_books_latest_full_cycle.txt|canon/canonical_story_tree/books/Book_03_The_First_Thread/book_content.txt	structure	timeline|relationships|scenes|quests|world	implemented_reference_map	reference_extracted_pending_domain_review
WDM-STRUCTURE-e82edda2ccc2	structure	Responds	canon/canonical_story_tree/all_25_books_latest_full_cycle.txt|canon/canonical_story_tree/books/Book_03_The_First_Thread/book_content.txt	structure	timeline|relationships|scenes|quests|world	implemented_reference_map	reference_extracted_pending_domain_review
WDM-STRUCTURE-fa7862f59736	structure	Strengthening	canon/canonical_story_tree/all_25_books_latest_full_cycle.txt|canon/canonical_story_tree/books/Book_03_The_First_Thread/book_content.txt	structure	timeline|relationships|scenes|quests|world	implemented_reference_map	reference_extracted_pending_domain_review
WDM-STRUCTURE-e60756124ec2	structure	Panicking	canon/canonical_story_tree/all_25_books_latest_full_cycle.txt|canon/canonical_story_tree/books/Book_03_The_First_Thread/book_content.txt	structure	timeline|relationships|scenes|quests|world	implemented_reference_map	reference_extracted_pending_domain_review
WDM-STRUCTURE-36b76310a409	structure	"Mack-Responds-by-Strengthening-Structure-Not-By-Panicking

scene"	canon/canonical_story_tree/all_25_books_latest_full_cycle.txt|canon/canonical_story_tree/books/Book_03_The_First_Thread/book_content.txt	structure	timeline|relationships|scenes|quests|world	implemented_reference_map	reference_extracted_pending_domain_review
WDM-STRUCTURE-988c96c96f8c	structure	"S053
beat"	canon/canonical_story_tree/all_25_books_latest_full_cycle.txt|canon/canonical_story_tree/books/Book_03_The_First_Thread/book_content.txt	structure	timeline|relationships|scenes|quests|world	implemented_reference_map	reference_extracted_pending_domain_review
WDM-STRUCTURE-dbb7bb6fce53	structure	"The First Thread

Mack-Responds-by-Strengthening-Structure-Not-By-Panicking"	canon/canonical_story_tree/all_25_books_latest_full_cycle.txt|canon/canonical_story_tree/books/Book_03_The_First_Thread/book_content.txt	structure	timeline|relationships|scenes|quests|world	implemented_reference_map	reference_extracted_pending_domain_review
WDM-STRUCTURE-8d568ca86239	structure	Oasis	canon/canonical_story_tree/all_25_books_latest_full_cycle.txt|canon/canonical_story_tree/books/Book_03_The_First_Thread/book_content.txt	structure	timeline|relationships|scenes|quests|world	implemented_reference_map	reference_extracted_pending_domain_review
WDM-STRUCTURE-62c1e5369b62	structure	More	canon/canonical_story_tree/all_25_books_latest_full_cycle.txt|canon/canonical_story_tree/books/Book_03_The_First_Thread/book_content.txt	structure	timeline|relationships|scenes|quests|world	implemented_reference_map	reference_extracted_pending_domain_review
WDM-STRUCTURE-4d8293b408aa	structure	Precious	canon/canonical_story_tree/all_25_books_latest_full_cycle.txt|canon/canonical_story_tree/books/Book_03_The_First_Thread/book_content.txt	structure	timeline|relationships|scenes|quests|world	implemented_reference_map	reference_extracted_pending_domain_review
WDM-STRUCTURE-44320d403737	structure	Under	canon/canonical_story_tree/all_25_books_latest_full_cycle.txt|canon/canonical_story_tree/books/Book_03_The_First_Thread/book_content.txt	shelter|structure	timeline|relationships|scenes|quests|world	implemented_reference_map	reference_extracted_pending_domain_review
WDM-STRUCTURE-afd00fa13e8f	structure	"The-Oasis-Feels-More-Precious-Under-Pressure

scene"	canon/canonical_story_tree/all_25_books_latest_full_cycle.txt|canon/canonical_story_tree/books/Book_03_The_First_Thread/book_content.txt	structure	timeline|relationships|scenes|quests|world	implemented_reference_map	reference_extracted_pending_domain_review
WDM-STRUCTURE-4535887e4996	structure	Conditions	canon/canonical_story_tree/all_25_books_latest_full_cycle.txt|canon/canonical_story_tree/books/Book_03_The_First_Thread/book_content.txt	shelter|structure	timeline|relationships|scenes|quests|world	implemented_reference_map	reference_extracted_pending_domain_review
WDM-STRUCTURE-88a7714e240c	structure	Crossing	canon/canonical_story_tree/all_25_books_latest_full_cycle.txt|canon/canonical_story_tree/books/Book_03_The_First_Thread/book_content.txt|canon/canonical_story_tree/world/wowas_world_zone_map.json	settlement|structure	timeline|relationships|scenes|quests|world	implemented_reference_map	reference_extracted_pending_domain_review
WDM-STRUCTURE-67831f38527d	structure	"Mack-Sets-Conditions-for-Crossing

scene"	canon/canonical_story_tree/all_25_books_latest_full_cycle.txt|canon/canonical_story_tree/books/Book_03_The_First_Thread/book_content.txt	structure	timeline|relationships|scenes|quests|world	implemented_reference_map	reference_extracted_pending_domain_review
WDM-STRUCTURE-61e0faa7d085	structure	"S076
beat"	canon/canonical_story_tree/all_25_books_latest_full_cycle.txt|canon/canonical_story_tree/books/Book_03_The_First_Thread/book_content.txt	structure	timeline|relationships|scenes|quests|world	implemented_reference_map	reference_extracted_pending_domain_review
WDM-STRUCTURE-26a6dd8f1f78	structure	"The First Thread

Mack-Sets-Conditions-for-Crossing"	canon/canonical_story_tree/all_25_books_latest_full_cycle.txt|canon/canonical_story_tree/books/Book_03_The_First_Thread/book_content.txt	structure	timeline|relationships|scenes|quests|world	implemented_reference_map	reference_extracted_pending_domain_review
WDM-STRUCTURE-826ec05a7216	structure	Makes	canon/canonical_story_tree/all_25_books_latest_full_cycle.txt|canon/canonical_story_tree/books/Book_03_The_First_Thread/book_content.txt	structure	timeline|relationships|scenes|quests|world	implemented_reference_map	reference_extracted_pending_domain_review
WDM-STRUCTURE-0a96c109e522	structure	Departure	canon/canonical_story_tree/all_25_books_latest_full_cycle.txt|canon/canonical_story_tree/books/Book_03_The_First_Thread/book_content.txt	structure	timeline|relationships|scenes|quests|world	implemented_reference_map	reference_extracted_pending_domain_review
WDM-STRUCTURE-98f19cb14bb6	structure	Feel	canon/canonical_story_tree/all_25_books_latest_full_cycle.txt|canon/canonical_story_tree/books/Book_03_The_First_Thread/book_content.txt	structure	timeline|relationships|scenes|quests|world	implemented_reference_map	reference_extracted_pending_domain_review
WDM-STRUCTURE-8d895351056a	structure	Like	canon/canonical_story_tree/all_25_books_latest_full_cycle.txt|canon/canonical_story_tree/books/Book_03_The_First_Thread/book_content.txt	structure	timeline|relationships|scenes|quests|world	implemented_reference_map	reference_extracted_pending_domain_review
WDM-STRUCTURE-3d02266f6562	structure	Betrayal	canon/canonical_story_tree/all_25_books_latest_full_cycle.txt|canon/canonical_story_tree/books/Book_03_The_First_Thread/book_content.txt	structure	timeline|relationships|scenes|quests|world	implemented_reference_map	reference_extracted_pending_domain_review
WDM-STRUCTURE-3a3122c290fc	structure	Maturity	canon/canonical_story_tree/all_25_books_latest_full_cycle.txt|canon/canonical_story_tree/books/Book_03_The_First_Thread/book_content.txt	structure	timeline|relationships|scenes|quests|world	implemented_reference_map	reference_extracted_pending_domain_review
WDM-STRUCTURE-4a31d1a25051	structure	"Sanctuary-Makes-Departure-Feel-Like-Betrayal-and-Maturity-at-Once

scene"	canon/canonical_story_tree/all_25_books_latest_full_cycle.txt|canon/canonical_story_tree/books/Book_03_The_First_Thread/book_content.txt	structure	timeline|relationships|scenes|quests|world	implemented_reference_map	reference_extracted_pending_domain_review
WDM-STRUCTURE-ecca5a638316	structure	"S077
beat"	canon/canonical_story_tree/all_25_books_latest_full_cycle.txt|canon/canonical_story_tree/books/Book_03_The_First_Thread/book_content.txt	structure	timeline|relationships|scenes|quests|world	implemented_reference_map	reference_extracted_pending_domain_review
WDM-STRUCTURE-61486ea6d0ff	structure	"The-Thread-the-House-the-Pair-and-the-World-Finally-Weave-Together

scene"	canon/canonical_story_tree/all_25_books_latest_full_cycle.txt|canon/canonical_story_tree/books/Book_03_The_First_Thread/book_content.txt	structure	timeline|relationships|scenes|quests|world	implemented_reference_map	reference_extracted_pending_domain_review
WDM-STRUCTURE-9b6dfd8f919b	structure	"S109
beat"	canon/canonical_story_tree/all_25_books_latest_full_cycle.txt|canon/canonical_story_tree/books/Book_03_The_First_Thread/book_content.txt	structure	timeline|relationships|scenes|quests|world	implemented_reference_map	reference_extracted_pending_domain_review
WDM-STRUCTURE-0a3bca50b314	structure	"The First Thread

The-Thread-the-House-the-Pair-and-the-World-Finally-Weave-Together"	canon/canonical_story_tree/all_25_books_latest_full_cycle.txt|canon/canonical_story_tree/books/Book_03_The_First_Thread/book_content.txt	structure	timeline|relationships|scenes|quests|world	implemented_reference_map	reference_extracted_pending_domain_review
WDM-STRUCTURE-0784b8cb4860	structure	Clearly	canon/canonical_story_tree/all_25_books_latest_full_cycle.txt|canon/canonical_story_tree/books/Book_03_The_First_Thread/book_content.txt	structure	timeline|relationships|scenes|quests|world	implemented_reference_map	reference_extracted_pending_domain_review
WDM-STRUCTURE-02a0e6a8e136	structure	Moving	canon/canonical_story_tree/all_25_books_latest_full_cycle.txt|canon/canonical_story_tree/books/Book_03_The_First_Thread/book_content.txt	structure	timeline|relationships|scenes|quests|world	implemented_reference_map	reference_extracted_pending_domain_review
WDM-STRUCTURE-53112dd6cdc7	structure	Through	canon/canonical_story_tree/all_25_books_latest_full_cycle.txt|canon/canonical_story_tree/books/Book_03_The_First_Thread/book_content.txt	structure	timeline|relationships|scenes|quests|world	implemented_reference_map	reference_extracted_pending_domain_review
WDM-STRUCTURE-a58a64125264	structure	Saga	canon/canonical_story_tree/all_25_books_latest_full_cycle.txt|canon/canonical_story_tree/books/Book_03_The_First_Thread/book_content.txt	structure	timeline|relationships|scenes|quests|world	implemented_reference_map	reference_extracted_pending_domain_review
WDM-STRUCTURE-b9b78a3c277f	structure	Differently	canon/canonical_story_tree/all_25_books_latest_full_cycle.txt|canon/canonical_story_tree/books/Book_03_The_First_Thread/book_content.txt	shelter|structure	timeline|relationships|scenes|quests|world	implemented_reference_map	reference_extracted_pending_domain_review
WDM-STRUCTURE-cb8c63c81fef	structure	"Pip-Is-Now-Clearly-Moving-Through-the-Saga-Differently

scene"	canon/canonical_story_tree/all_25_books_latest_full_cycle.txt|canon/canonical_story_tree/books/Book_03_The_First_Thread/book_content.txt	structure	timeline|relationships|scenes|quests|world	implemented_reference_map	reference_extracted_pending_domain_review
WDM-STRUCTURE-591e0faedd73	structure	"S110
beat"	canon/canonical_story_tree/all_25_books_latest_full_cycle.txt|canon/canonical_story_tree/books/Book_03_The_First_Thread/book_content.txt	structure	timeline|relationships|scenes|quests|world	implemented_reference_map	reference_extracted_pending_domain_review
WDM-STRUCTURE-1bb0a4593cdc	structure	Xethrolund Meets That Shame Too	canon/canonical_story_tree/all_25_books_latest_full_cycle.txt|canon/canonical_story_tree/books/Book_03_The_First_Thread/book_content.txt	structure	timeline|relationships|scenes|quests|world	implemented_reference_map	reference_extracted_pending_domain_review
WDM-STRUCTURE-019425bb996b	structure	continuous	canon/canonical_story_tree/all_25_books_latest_full_cycle.txt|canon/canonical_story_tree/books/Book_03_The_First_Thread/book_content.txt	shelter|structure	timeline|relationships|scenes|quests|world	implemented_reference_map	reference_extracted_pending_domain_review
WDM-STRUCTURE-4333c305896c	structure	Delay Has Deepened Trust	canon/canonical_story_tree/all_25_books_latest_full_cycle.txt|canon/canonical_story_tree/books/Book_03_The_First_Thread/book_content.txt	structure	timeline|relationships|scenes|quests|world	implemented_reference_map	reference_extracted_pending_domain_review
WDM-STRUCTURE-ec2e4d2b526b	structure	The Day Ends Less Afraid	canon/canonical_story_tree/all_25_books_latest_full_cycle.txt|canon/canonical_story_tree/books/Book_03_The_First_Thread/book_content.txt	structure	timeline|relationships|scenes|quests|world	implemented_reference_map	reference_extracted_pending_domain_review
WDM-STRUCTURE-4fc1cec50ff5	structure	Longing Becomes Structure	canon/canonical_story_tree/all_25_books_latest_full_cycle.txt|canon/canonical_story_tree/books/Book_03_The_First_Thread/book_content.txt	structure	timeline|relationships|scenes|quests|world	implemented_reference_map	reference_extracted_pending_domain_review
WDM-STRUCTURE-3c16319a8750	structure	The Bond Learns Distance	canon/canonical_story_tree/all_25_books_latest_full_cycle.txt|canon/canonical_story_tree/books/Book_03_The_First_Thread/book_content.txt	structure	timeline|relationships|scenes|quests|world	implemented_reference_map	reference_extracted_pending_domain_review
WDM-STRUCTURE-9c89ea3dc03e	structure	The Thread Is Not Made	canon/canonical_story_tree/all_25_books_latest_full_cycle.txt|canon/canonical_story_tree/books/Book_03_The_First_Thread/book_content.txt	structure	timeline|relationships|scenes|quests|world	implemented_reference_map	reference_extracted_pending_domain_review
WDM-STRUCTURE-83b27b2b3029	structure	of Immediacy	canon/canonical_story_tree/all_25_books_latest_full_cycle.txt|canon/canonical_story_tree/books/Book_03_The_First_Thread/book_content.txt	structure	timeline|relationships|scenes|quests|world	implemented_reference_map	reference_extracted_pending_domain_review
WDM-STRUCTURE-c8bf9338831f	structure	Harder Question	canon/canonical_story_tree/all_25_books_latest_full_cycle.txt|canon/canonical_story_tree/books/Book_03_The_First_Thread/book_content.txt	structure	timeline|relationships|scenes|quests|world	implemented_reference_map	reference_extracted_pending_domain_review
WDM-STRUCTURE-3e9e0267e0d2	structure	Grounded Life Benefits from the	canon/canonical_story_tree/all_25_books_latest_full_cycle.txt|canon/canonical_story_tree/books/Book_03_The_First_Thread/book_content.txt	structure	timeline|relationships|scenes|quests|world	implemented_reference_map	reference_extracted_pending_domain_review
WDM-STRUCTURE-c059aa3659fa	structure	Inward Habit	canon/canonical_story_tree/all_25_books_latest_full_cycle.txt|canon/canonical_story_tree/books/Book_03_The_First_Thread/book_content.txt	structure	timeline|relationships|scenes|quests|world	implemented_reference_map	reference_extracted_pending_domain_review
WDM-STRUCTURE-b7c88c836641	structure	The Book Is No Longer	canon/canonical_story_tree/all_25_books_latest_full_cycle.txt|canon/canonical_story_tree/books/Book_03_The_First_Thread/book_content.txt	structure	timeline|relationships|scenes|quests|world	implemented_reference_map	reference_extracted_pending_domain_review
WDM-STRUCTURE-b6d8485f60c3	structure	Event Only	canon/canonical_story_tree/all_25_books_latest_full_cycle.txt|canon/canonical_story_tree/books/Book_03_The_First_Thread/book_content.txt	structure	timeline|relationships|scenes|quests|world	implemented_reference_map	reference_extracted_pending_domain_review
WDM-STRUCTURE-a1051f04c059	structure	It Becomes Part of Living	canon/canonical_story_tree/all_25_books_latest_full_cycle.txt|canon/canonical_story_tree/books/Book_03_The_First_Thread/book_content.txt	structure	timeline|relationships|scenes|quests|world	implemented_reference_map	reference_extracted_pending_domain_review
WDM-STRUCTURE-2b07eb8a5630	structure	Shared Joke Lands	canon/canonical_story_tree/all_25_books_latest_full_cycle.txt|canon/canonical_story_tree/books/Book_03_The_First_Thread/book_content.txt	structure	timeline|relationships|scenes|quests|world	implemented_reference_map	reference_extracted_pending_domain_review
WDM-STRUCTURE-7a34e66992cf	structure	Lightness Becomes One of the	canon/canonical_story_tree/all_25_books_latest_full_cycle.txt|canon/canonical_story_tree/books/Book_03_The_First_Thread/book_content.txt	structure	timeline|relationships|scenes|quests|world	implemented_reference_map	reference_extracted_pending_domain_review
WDM-STRUCTURE-2bfa2f31adcc	structure	Bond's Enduring Forms	canon/canonical_story_tree/all_25_books_latest_full_cycle.txt|canon/canonical_story_tree/books/Book_03_The_First_Thread/book_content.txt	structure	timeline|relationships|scenes|quests|world	implemented_reference_map	reference_extracted_pending_domain_review
WDM-STRUCTURE-e63b31cfb5c2	structure	Pip Learns Xethrolund's Cadences	canon/canonical_story_tree/all_25_books_latest_full_cycle.txt|canon/canonical_story_tree/books/Book_03_The_First_Thread/book_content.txt	structure	timeline|relationships|scenes|quests|world	implemented_reference_map	reference_extracted_pending_domain_review
WDM-STRUCTURE-25e6ccfc4b36	structure	S084 The-Beat-Ends-with-Threshold-Energy-Stored	canon/canonical_story_tree/all_25_books_latest_full_cycle.txt|canon/canonical_story_tree/books/Book_03_The_First_Thread/book_content.txt	shelter	timeline|relationships|scenes|quests|world	implemented_reference_map	reference_extracted_pending_domain_review
WDM-STRUCTURE-8fb99001478a	structure	Anticipation remains powerful	canon/canonical_story_tree/all_25_books_latest_full_cycle.txt|canon/canonical_story_tree/books/Book_03_The_First_Thread/book_content.txt	shelter	timeline|relationships|scenes|quests|world	implemented_reference_map	reference_extracted_pending_domain_review
WDM-STRUCTURE-d84e1255698d	structure	The First Thread in the	canon/canonical_story_tree/all_25_books_latest_full_cycle.txt|canon/canonical_story_tree/books/Book_03_The_First_Thread/book_content.txt	shelter	timeline|relationships|scenes|quests|world	implemented_reference_map	reference_extracted_pending_domain_review
WDM-STRUCTURE-e7d83ead73b4	structure	"Open
target"	canon/canonical_story_tree/all_25_books_latest_full_cycle.txt|canon/canonical_story_tree/books/Book_03_The_First_Thread/book_content.txt	shelter	timeline|relationships|scenes|quests|world	implemented_reference_map	reference_extracted_pending_domain_review
WDM-STRUCTURE-86f77deecb74	structure	S085 The-Bond-Is-Tested-Under-Less-Sheltered-Conditions	canon/canonical_story_tree/all_25_books_latest_full_cycle.txt|canon/canonical_story_tree/books/Book_03_The_First_Thread/book_content.txt	shelter	timeline|relationships|scenes|quests|world	implemented_reference_map	reference_extracted_pending_domain_review
WDM-STRUCTURE-71abc1aeb4da	structure	new exposure scene	canon/canonical_story_tree/all_25_books_latest_full_cycle.txt|canon/canonical_story_tree/books/Book_03_The_First_Thread/book_content.txt	shelter	timeline|relationships|scenes|quests|world	implemented_reference_map	reference_extracted_pending_domain_review
WDM-STRUCTURE-97359444172c	structure	S086 The-Outside-World-Reads-Them-Differently-Now	canon/canonical_story_tree/all_25_books_latest_full_cycle.txt|canon/canonical_story_tree/books/Book_03_The_First_Thread/book_content.txt	shelter	timeline|relationships|scenes|quests|world	implemented_reference_map	reference_extracted_pending_domain_review
WDM-STRUCTURE-27e4f0c10500	structure	Pairhood has public consequence	canon/canonical_story_tree/all_25_books_latest_full_cycle.txt|canon/canonical_story_tree/books/Book_03_The_First_Thread/book_content.txt	shelter	timeline|relationships|scenes|quests|world	implemented_reference_map	reference_extracted_pending_domain_review
WDM-STRUCTURE-bfb3e89d9ff5	structure	S087 Pip-Feels-Protective-and-Exposed-Simultaneously	canon/canonical_story_tree/all_25_books_latest_full_cycle.txt|canon/canonical_story_tree/books/Book_03_The_First_Thread/book_content.txt	shelter	timeline|relationships|scenes|quests|world	implemented_reference_map	reference_extracted_pending_domain_review
WDM-STRUCTURE-cd32c36e152f	structure	"The-Beat-Ends-with-Threshold-Energy-Stored

scene"	canon/canonical_story_tree/all_25_books_latest_full_cycle.txt|canon/canonical_story_tree/books/Book_03_The_First_Thread/book_content.txt	shelter	timeline|relationships|scenes|quests|world	implemented_reference_map	reference_extracted_pending_domain_review
WDM-STRUCTURE-ee368bfe67a7	structure	"S084
beat"	canon/canonical_story_tree/all_25_books_latest_full_cycle.txt|canon/canonical_story_tree/books/Book_03_The_First_Thread/book_content.txt	shelter	timeline|relationships|scenes|quests|world	implemented_reference_map	reference_extracted_pending_domain_review
WDM-STRUCTURE-0e7f9fa96b9a	structure	"The First Thread

The-Beat-Ends-with-Threshold-Energy-Stored"	canon/canonical_story_tree/all_25_books_latest_full_cycle.txt|canon/canonical_story_tree/books/Book_03_The_First_Thread/book_content.txt	shelter	timeline|relationships|scenes|quests|world	implemented_reference_map	reference_extracted_pending_domain_review
WDM-STRUCTURE-8e44a0a54324	structure	Bond	canon/canonical_story_tree/all_25_books_latest_full_cycle.txt|canon/canonical_story_tree/books/Book_03_The_First_Thread/book_content.txt|canon/canonical_story_tree/books/Book_04_Crocodile_Smile/book_content.txt	shelter	timeline|relationships|scenes|quests|world	implemented_reference_map	reference_extracted_pending_domain_review
WDM-STRUCTURE-ae168329b2ef	structure	Tested	canon/canonical_story_tree/all_25_books_latest_full_cycle.txt|canon/canonical_story_tree/books/Book_03_The_First_Thread/book_content.txt	shelter	timeline|relationships|scenes|quests|world	implemented_reference_map	reference_extracted_pending_domain_review
WDM-STRUCTURE-c81a7db7c1a6	structure	Sheltered	canon/canonical_story_tree/all_25_books_latest_full_cycle.txt|canon/canonical_story_tree/books/Book_03_The_First_Thread/book_content.txt	shelter	timeline|relationships|scenes|quests|world	implemented_reference_map	reference_extracted_pending_domain_review
WDM-STRUCTURE-5096d4326e8c	structure	"The-Bond-Is-Tested-Under-Less-Sheltered-Conditions

scene"	canon/canonical_story_tree/all_25_books_latest_full_cycle.txt|canon/canonical_story_tree/books/Book_03_The_First_Thread/book_content.txt	shelter	timeline|relationships|scenes|quests|world	implemented_reference_map	reference_extracted_pending_domain_review
WDM-STRUCTURE-ca38829549b7	structure	"S085
beat"	canon/canonical_story_tree/all_25_books_latest_full_cycle.txt|canon/canonical_story_tree/books/Book_03_The_First_Thread/book_content.txt	shelter	timeline|relationships|scenes|quests|world	implemented_reference_map	reference_extracted_pending_domain_review
WDM-STRUCTURE-3834c27ef003	structure	"The First Thread

The-Bond-Is-Tested-Under-Less-Sheltered-Conditions"	canon/canonical_story_tree/all_25_books_latest_full_cycle.txt|canon/canonical_story_tree/books/Book_03_The_First_Thread/book_content.txt	shelter	timeline|relationships|scenes|quests|world	implemented_reference_map	reference_extracted_pending_domain_review
WDM-STRUCTURE-6f98acc9fd2b	structure	Them	canon/canonical_story_tree/all_25_books_latest_full_cycle.txt|canon/canonical_story_tree/books/Book_03_The_First_Thread/book_content.txt	shelter	timeline|relationships|scenes|quests|world	implemented_reference_map	reference_extracted_pending_domain_review
WDM-STRUCTURE-a2c2e4b7d51a	structure	"The-Outside-World-Reads-Them-Differently-Now

scene"	canon/canonical_story_tree/all_25_books_latest_full_cycle.txt|canon/canonical_story_tree/books/Book_03_The_First_Thread/book_content.txt	shelter	timeline|relationships|scenes|quests|world	implemented_reference_map	reference_extracted_pending_domain_review
WDM-STRUCTURE-854d9fb7a736	structure	"S086
beat"	canon/canonical_story_tree/all_25_books_latest_full_cycle.txt|canon/canonical_story_tree/books/Book_03_The_First_Thread/book_content.txt	shelter	timeline|relationships|scenes|quests|world	implemented_reference_map	reference_extracted_pending_domain_review
WDM-STRUCTURE-e021f3c9b19a	structure	The House Sleeps While the	canon/canonical_story_tree/all_25_books_latest_full_cycle.txt|canon/canonical_story_tree/books/Book_03_The_First_Thread/book_content.txt	shelter	timeline|relationships|scenes|quests|world	implemented_reference_map	reference_extracted_pending_domain_review
WDM-STRUCTURE-e7cd71bcca00	structure	Thread Lives	canon/canonical_story_tree/all_25_books_latest_full_cycle.txt|canon/canonical_story_tree/books/Book_03_The_First_Thread/book_content.txt	shelter	timeline|relationships|scenes|quests|world	implemented_reference_map	reference_extracted_pending_domain_review
WDM-STRUCTURE-9dd5be94dc64	structure	He Closes the Book Slowly	canon/canonical_story_tree/all_25_books_latest_full_cycle.txt|canon/canonical_story_tree/books/Book_03_The_First_Thread/book_content.txt	shelter	timeline|relationships|scenes|quests|world	implemented_reference_map	reference_extracted_pending_domain_review
WDM-STRUCTURE-c69bde9cb140	structure	Blue Memory Persists Into Sleep	canon/canonical_story_tree/all_25_books_latest_full_cycle.txt|canon/canonical_story_tree/books/Book_03_The_First_Thread/book_content.txt	shelter	timeline|relationships|scenes|quests|world	implemented_reference_map	reference_extracted_pending_domain_review
WDM-STRUCTURE-03427519156d	structure	Doctrine Has Become Shelter	canon/canonical_story_tree/all_25_books_latest_full_cycle.txt|canon/canonical_story_tree/books/Book_03_The_First_Thread/book_content.txt	shelter	timeline|relationships|scenes|quests|world	implemented_reference_map	reference_extracted_pending_domain_review
WDM-STRUCTURE-2698526984ef	structure	Intimacy Has Become Study	canon/canonical_story_tree/all_25_books_latest_full_cycle.txt|canon/canonical_story_tree/books/Book_03_The_First_Thread/book_content.txt	shelter	timeline|relationships|scenes|quests|world	implemented_reference_map	reference_extracted_pending_domain_review
WDM-STRUCTURE-55fe4c05f6d9	structure	The First Crest Half Ends	canon/canonical_story_tree/all_25_books_latest_full_cycle.txt|canon/canonical_story_tree/books/Book_03_The_First_Thread/book_content.txt	shelter	timeline|relationships|scenes|quests|world	implemented_reference_map	reference_extracted_pending_domain_review
WDM-STRUCTURE-57f611f7854a	structure	in Nearness	canon/canonical_story_tree/all_25_books_latest_full_cycle.txt|canon/canonical_story_tree/books/Book_03_The_First_Thread/book_content.txt	shelter	timeline|relationships|scenes|quests|world	implemented_reference_map	reference_extracted_pending_domain_review
WDM-STRUCTURE-1e39eb9f8484	structure	Pip Carries the Bond into	canon/canonical_story_tree/all_25_books_latest_full_cycle.txt|canon/canonical_story_tree/books/Book_03_The_First_Thread/book_content.txt	shelter	timeline|relationships|scenes|quests|world	implemented_reference_map	reference_extracted_pending_domain_review
WDM-STRUCTURE-d1cef96212e7	structure	Dream	canon/canonical_story_tree/all_25_books_latest_full_cycle.txt|canon/canonical_story_tree/books/Book_03_The_First_Thread/book_content.txt	shelter	timeline|relationships|scenes|quests|world	implemented_reference_map	reference_extracted_pending_domain_review
WDM-STRUCTURE-691e99619a29	structure	The guardian uses Rylos's warning	canon/canonical_story_tree/all_25_books_latest_full_cycle.txt|canon/canonical_story_tree/books/Book_04_Crocodile_Smile/book_content.txt	structure	timeline|relationships|scenes|quests|world	implemented_reference_map	reference_extracted_pending_domain_review
WDM-STRUCTURE-bca130c6a32b	structure	seriously	canon/canonical_story_tree/all_25_books_latest_full_cycle.txt|canon/canonical_story_tree/books/Book_04_Crocodile_Smile/book_content.txt	structure	timeline|relationships|scenes|quests|world	implemented_reference_map	reference_extracted_pending_domain_review
WDM-STRUCTURE-70ec2267e73a	structure	S029 The-World-Tests-Whether-Pip-Can-Learn-Without-Breaking	canon/canonical_story_tree/all_25_books_latest_full_cycle.txt|canon/canonical_story_tree/books/Book_04_Crocodile_Smile/book_content.txt	structure	timeline|relationships|scenes|quests|world	implemented_reference_map	reference_extracted_pending_domain_review
WDM-STRUCTURE-5b542a37f852	structure	key maturation pressure	canon/canonical_story_tree/all_25_books_latest_full_cycle.txt|canon/canonical_story_tree/books/Book_04_Crocodile_Smile/book_content.txt	structure	timeline|relationships|scenes|quests|world	implemented_reference_map	reference_extracted_pending_domain_review
WDM-STRUCTURE-c91a561513ad	structure	S030 A-Surface-That-Looked-Safe-Proves-Structured-For-Harm	canon/canonical_story_tree/all_25_books_latest_full_cycle.txt|canon/canonical_story_tree/books/Book_04_Crocodile_Smile/book_content.txt	structure	timeline|relationships|scenes|quests|world	implemented_reference_map	reference_extracted_pending_domain_review
WDM-STRUCTURE-d14d2cba24b1	structure	The book's central lesson takes	canon/canonical_story_tree/all_25_books_latest_full_cycle.txt|canon/canonical_story_tree/books/Book_04_Crocodile_Smile/book_content.txt	structure	timeline|relationships|scenes|quests|world	implemented_reference_map	reference_extracted_pending_domain_review
WDM-STRUCTURE-ad8ce867ca69	structure	concrete form	canon/canonical_story_tree/all_25_books_latest_full_cycle.txt|canon/canonical_story_tree/books/Book_04_Crocodile_Smile/book_content.txt	structure	timeline|relationships|scenes|quests|world	implemented_reference_map	reference_extracted_pending_domain_review
WDM-STRUCTURE-c5fd64ffb4e4	structure	S031 Pip-Feels-Angry-at-Deception-Itself	canon/canonical_story_tree/all_25_books_latest_full_cycle.txt|canon/canonical_story_tree/books/Book_04_Crocodile_Smile/book_content.txt	structure	timeline|relationships|scenes|quests|world	implemented_reference_map	reference_extracted_pending_domain_review
WDM-STRUCTURE-e52b0e385331	structure	Moral disgust enters the arc	canon/canonical_story_tree/all_25_books_latest_full_cycle.txt|canon/canonical_story_tree/books/Book_04_Crocodile_Smile/book_content.txt	structure	timeline|relationships|scenes|quests|world	implemented_reference_map	reference_extracted_pending_domain_review
WDM-STRUCTURE-c3827092105a	structure	S032 Rylos-Knows-What-It-Is-to-Enter-a-Trap-Because-It-Looked-Livable	canon/canonical_story_tree/all_25_books_latest_full_cycle.txt|canon/canonical_story_tree/books/Book_04_Crocodile_Smile/book_content.txt	structure	timeline|relationships|scenes|quests|world	implemented_reference_map	reference_extracted_pending_domain_review
WDM-STRUCTURE-a9807dd8d139	structure	Book Four Locks Its First	canon/canonical_story_tree/all_25_books_latest_full_cycle.txt|canon/canonical_story_tree/books/Book_04_Crocodile_Smile/book_content.txt	structure	timeline|relationships|scenes|quests|world	implemented_reference_map	reference_extracted_pending_domain_review
WDM-STRUCTURE-77591d555c6a	structure	"Dangerous Grace
target"	canon/canonical_story_tree/all_25_books_latest_full_cycle.txt|canon/canonical_story_tree/books/Book_04_Crocodile_Smile/book_content.txt	structure	timeline|relationships|scenes|quests|world	implemented_reference_map	reference_extracted_pending_domain_review
WDM-STRUCTURE-2c353da48e71	structure	S109 The-Book's-Forces-Finally-Align	canon/canonical_story_tree/all_25_books_latest_full_cycle.txt|canon/canonical_story_tree/books/Book_04_Crocodile_Smile/book_content.txt	structure	timeline|relationships|scenes|quests|world	implemented_reference_map	reference_extracted_pending_domain_review
WDM-STRUCTURE-0eadb4d2cfb5	structure	Deceptive warmth	canon/canonical_story_tree/all_25_books_latest_full_cycle.txt|canon/canonical_story_tree/books/Book_04_Crocodile_Smile/book_content.txt	structure	timeline|relationships|scenes|quests|world	implemented_reference_map	reference_extracted_pending_domain_review
WDM-STRUCTURE-332351af2c54	structure	discernment	canon/canonical_story_tree/all_25_books_latest_full_cycle.txt|canon/canonical_story_tree/books/Book_04_Crocodile_Smile/book_content.txt	structure	timeline|relationships|scenes|quests|world	implemented_reference_map	reference_extracted_pending_domain_review
WDM-STRUCTURE-ee24592ae284	structure	pair-bond	canon/canonical_story_tree/all_25_books_latest_full_cycle.txt|canon/canonical_story_tree/books/Book_04_Crocodile_Smile/book_content.txt	structure	timeline|relationships|scenes|quests|world	implemented_reference_map	reference_extracted_pending_domain_review
WDM-STRUCTURE-8c7882e92c98	structure	and moral strategy form one	canon/canonical_story_tree/all_25_books_latest_full_cycle.txt|canon/canonical_story_tree/books/Book_04_Crocodile_Smile/book_content.txt	structure	timeline|relationships|scenes|quests|world	implemented_reference_map	reference_extracted_pending_domain_review
WDM-STRUCTURE-3fbb381189af	structure	S110 Pip-Is-Now-Clearly-Less-Easy-to-Fool-and-More-Himself	canon/canonical_story_tree/all_25_books_latest_full_cycle.txt|canon/canonical_story_tree/books/Book_04_Crocodile_Smile/book_content.txt	structure	timeline|relationships|scenes|quests|world	implemented_reference_map	reference_extracted_pending_domain_review
WDM-STRUCTURE-4b71dd856d1c	structure	Growth without hardening into cruelty	canon/canonical_story_tree/all_25_books_latest_full_cycle.txt|canon/canonical_story_tree/books/Book_04_Crocodile_Smile/book_content.txt	structure	timeline|relationships|scenes|quests|world	implemented_reference_map	reference_extracted_pending_domain_review
WDM-STRUCTURE-99814da2b594	structure	S111 Rylos-Is-Fully-Established-as-Perceptive-Partner-Not-Just-Loved-Presence	canon/canonical_story_tree/all_25_books_latest_full_cycle.txt|canon/canonical_story_tree/books/Book_04_Crocodile_Smile/book_content.txt	structure	timeline|relationships|scenes|quests|world	implemented_reference_map	reference_extracted_pending_domain_review
WDM-STRUCTURE-2c3c9e6e492a	structure	Pip Tests Himself for Weakness	canon/canonical_story_tree/all_25_books_latest_full_cycle.txt|canon/canonical_story_tree/books/Book_04_Crocodile_Smile/book_content.txt	structure	timeline|relationships|scenes|quests|world	implemented_reference_map	reference_extracted_pending_domain_review
WDM-STRUCTURE-90d07e80e729	structure	He Fears Being Too Reachable	canon/canonical_story_tree/all_25_books_latest_full_cycle.txt|canon/canonical_story_tree/books/Book_04_Crocodile_Smile/book_content.txt	structure	timeline|relationships|scenes|quests|world	implemented_reference_map	reference_extracted_pending_domain_review
WDM-STRUCTURE-a37d6ffa7f64	structure	Mercy Misfires Toward the Wrong	canon/canonical_story_tree/all_25_books_latest_full_cycle.txt|canon/canonical_story_tree/books/Book_04_Crocodile_Smile/book_content.txt	structure	timeline|relationships|scenes|quests|world	implemented_reference_map	reference_extracted_pending_domain_review
WDM-STRUCTURE-779292cd5531	structure	Thing	canon/canonical_story_tree/all_25_books_latest_full_cycle.txt|canon/canonical_story_tree/books/Book_04_Crocodile_Smile/book_content.txt	structure	timeline|relationships|scenes|quests|world	implemented_reference_map	reference_extracted_pending_domain_review
WDM-STRUCTURE-0c11479858d7	structure	His Care-Instinct Starts Misaligning	canon/canonical_story_tree/all_25_books_latest_full_cycle.txt|canon/canonical_story_tree/books/Book_04_Crocodile_Smile/book_content.txt	structure	timeline|relationships|scenes|quests|world	implemented_reference_map	reference_extracted_pending_domain_review
WDM-STRUCTURE-53e0992c909f	structure	Xethrolund Gives Structure	canon/canonical_story_tree/all_25_books_latest_full_cycle.txt|canon/canonical_story_tree/books/Book_04_Crocodile_Smile/book_content.txt	structure	timeline|relationships|scenes|quests|world	implemented_reference_map	reference_extracted_pending_domain_review
WDM-STRUCTURE-c4e298fd9fab	structure	Not Command	canon/canonical_story_tree/all_25_books_latest_full_cycle.txt|canon/canonical_story_tree/books/Book_04_Crocodile_Smile/book_content.txt	structure	timeline|relationships|scenes|quests|world	implemented_reference_map	reference_extracted_pending_domain_review
WDM-STRUCTURE-195f453e658e	structure	He Helps Pip Think Instead	canon/canonical_story_tree/all_25_books_latest_full_cycle.txt|canon/canonical_story_tree/books/Book_04_Crocodile_Smile/book_content.txt	structure	timeline|relationships|scenes|quests|world	implemented_reference_map	reference_extracted_pending_domain_review
WDM-STRUCTURE-24776c22fbb4	structure	of Controlling Him	canon/canonical_story_tree/all_25_books_latest_full_cycle.txt|canon/canonical_story_tree/books/Book_04_Crocodile_Smile/book_content.txt	structure	timeline|relationships|scenes|quests|world	implemented_reference_map	reference_extracted_pending_domain_review
WDM-STRUCTURE-a7a0a30312fc	structure	The Pull Grows Because It	canon/canonical_story_tree/all_25_books_latest_full_cycle.txt|canon/canonical_story_tree/books/Book_04_Crocodile_Smile/book_content.txt	structure	timeline|relationships|scenes|quests|world	implemented_reference_map	reference_extracted_pending_domain_review
WDM-STRUCTURE-3c1f16f1aae3	structure	Is Resisted	canon/canonical_story_tree/all_25_books_latest_full_cycle.txt|canon/canonical_story_tree/books/Book_04_Crocodile_Smile/book_content.txt	structure	timeline|relationships|scenes|quests|world	implemented_reference_map	reference_extracted_pending_domain_review
WDM-STRUCTURE-e109d770a303	structure	Suppression Intensifies Fascination	canon/canonical_story_tree/all_25_books_latest_full_cycle.txt|canon/canonical_story_tree/books/Book_04_Crocodile_Smile/book_content.txt	structure	timeline|relationships|scenes|quests|world	implemented_reference_map	reference_extracted_pending_domain_review
WDM-STRUCTURE-66a303566f72	structure	Dream with Teeth	canon/canonical_story_tree/all_25_books_latest_full_cycle.txt|canon/canonical_story_tree/books/Book_04_Crocodile_Smile/book_content.txt	structure	timeline|relationships|scenes|quests|world	implemented_reference_map	reference_extracted_pending_domain_review
WDM-STRUCTURE-3c47d49b198c	structure	Pip Names Desire and Fear	canon/canonical_story_tree/all_25_books_latest_full_cycle.txt|canon/canonical_story_tree/books/Book_04_Crocodile_Smile/book_content.txt	structure	timeline|relationships|scenes|quests|world	implemented_reference_map	reference_extracted_pending_domain_review
WDM-STRUCTURE-e87142cc8498	structure	Complexity Becomes Speakable	canon/canonical_story_tree/all_25_books_latest_full_cycle.txt|canon/canonical_story_tree/books/Book_04_Crocodile_Smile/book_content.txt	structure	timeline|relationships|scenes|quests|world	implemented_reference_map	reference_extracted_pending_domain_review
WDM-STRUCTURE-1a1a998a3927	structure	The Bond Survives Contact with	canon/canonical_story_tree/all_25_books_latest_full_cycle.txt|canon/canonical_story_tree/books/Book_04_Crocodile_Smile/book_content.txt	structure	timeline|relationships|scenes|quests|world	implemented_reference_map	reference_extracted_pending_domain_review
WDM-STRUCTURE-b60e911df777	structure	Corruption	canon/canonical_story_tree/all_25_books_latest_full_cycle.txt|canon/canonical_story_tree/books/Book_04_Crocodile_Smile/book_content.txt	structure	timeline|relationships|scenes|quests|world	implemented_reference_map	reference_extracted_pending_domain_review
WDM-STRUCTURE-4f31565a8b7e	structure	Major Relational Proof Point	canon/canonical_story_tree/all_25_books_latest_full_cycle.txt|canon/canonical_story_tree/books/Book_04_Crocodile_Smile/book_content.txt	structure	timeline|relationships|scenes|quests|world	implemented_reference_map	reference_extracted_pending_domain_review
WDM-STRUCTURE-a8b644adfefc	structure	Xethrolund Offers Structure for Future	canon/canonical_story_tree/all_25_books_latest_full_cycle.txt|canon/canonical_story_tree/books/Book_04_Crocodile_Smile/book_content.txt	structure	timeline|relationships|scenes|quests|world	implemented_reference_map	reference_extracted_pending_domain_review
WDM-STRUCTURE-367997f1c3ff	structure	Resistance	canon/canonical_story_tree/all_25_books_latest_full_cycle.txt|canon/canonical_story_tree/books/Book_04_Crocodile_Smile/book_content.txt	structure	timeline|relationships|scenes|quests|world	implemented_reference_map	reference_extracted_pending_domain_review
WDM-STRUCTURE-46baac0f46f6	structure	He Helps Pip Think	canon/canonical_story_tree/all_25_books_latest_full_cycle.txt|canon/canonical_story_tree/books/Book_04_Crocodile_Smile/book_content.txt	structure	timeline|relationships|scenes|quests|world	implemented_reference_map	reference_extracted_pending_domain_review
WDM-STRUCTURE-cf9aaea6bc91	structure	Not Merely Recover	canon/canonical_story_tree/all_25_books_latest_full_cycle.txt|canon/canonical_story_tree/books/Book_04_Crocodile_Smile/book_content.txt	structure	timeline|relationships|scenes|quests|world	implemented_reference_map	reference_extracted_pending_domain_review
WDM-STRUCTURE-611f63a0b316	structure	Pip Accepts That Love Requires	canon/canonical_story_tree/all_25_books_latest_full_cycle.txt|canon/canonical_story_tree/books/Book_04_Crocodile_Smile/book_content.txt	structure	timeline|relationships|scenes|quests|world	implemented_reference_map	reference_extracted_pending_domain_review
WDM-STRUCTURE-139f986ada85	structure	The Core Moral Lesson of	canon/canonical_story_tree/all_25_books_latest_full_cycle.txt|canon/canonical_story_tree/books/Book_04_Crocodile_Smile/book_content.txt	structure	timeline|relationships|scenes|quests|world	implemented_reference_map	reference_extracted_pending_domain_review
WDM-STRUCTURE-8932fb733d40	structure	the Book Sharpens	canon/canonical_story_tree/all_25_books_latest_full_cycle.txt|canon/canonical_story_tree/books/Book_04_Crocodile_Smile/book_content.txt	structure	timeline|relationships|scenes|quests|world	implemented_reference_map	reference_extracted_pending_domain_review
WDM-STRUCTURE-07032fa7d3c9	structure	Blue Light Feels Different Now	canon/canonical_story_tree/all_25_books_latest_full_cycle.txt|canon/canonical_story_tree/books/Book_04_Crocodile_Smile/book_content.txt	structure	timeline|relationships|scenes|quests|world	implemented_reference_map	reference_extracted_pending_domain_review
WDM-STRUCTURE-63297b691753	structure	The Threat Moves from Distance	canon/canonical_story_tree/all_25_books_latest_full_cycle.txt|canon/canonical_story_tree/books/Book_04_Crocodile_Smile/book_content.txt	well	timeline|relationships|scenes|quests|world	implemented_reference_map	reference_extracted_pending_domain_review
WDM-STRUCTURE-be8d7e7fc45b	structure	into Speech Range	canon/canonical_story_tree/all_25_books_latest_full_cycle.txt|canon/canonical_story_tree/books/Book_04_Crocodile_Smile/book_content.txt	well	timeline|relationships|scenes|quests|world	implemented_reference_map	reference_extracted_pending_domain_review
WDM-STRUCTURE-1b8aa86ae2d8	structure	Politeness as Blade	canon/canonical_story_tree/all_25_books_latest_full_cycle.txt|canon/canonical_story_tree/books/Book_04_Crocodile_Smile/book_content.txt	well	timeline|relationships|scenes|quests|world	implemented_reference_map	reference_extracted_pending_domain_review
WDM-STRUCTURE-cd332e89a839	structure	Courtesy Is Used to Disarm	canon/canonical_story_tree/all_25_books_latest_full_cycle.txt|canon/canonical_story_tree/books/Book_04_Crocodile_Smile/book_content.txt	well	timeline|relationships|scenes|quests|world	implemented_reference_map	reference_extracted_pending_domain_review
WDM-STRUCTURE-137473f59e6c	structure	Pip Answers Carefully	canon/canonical_story_tree/all_25_books_latest_full_cycle.txt|canon/canonical_story_tree/books/Book_04_Crocodile_Smile/book_content.txt	well	timeline|relationships|scenes|quests|world	implemented_reference_map	reference_extracted_pending_domain_review
WDM-STRUCTURE-9817b79697cb	structure	His Code Forces Honesty Without	canon/canonical_story_tree/all_25_books_latest_full_cycle.txt|canon/canonical_story_tree/books/Book_04_Crocodile_Smile/book_content.txt	well	timeline|relationships|scenes|quests|world	implemented_reference_map	reference_extracted_pending_domain_review
WDM-STRUCTURE-83511e89de4e	structure	Naivete	canon/canonical_story_tree/all_25_books_latest_full_cycle.txt|canon/canonical_story_tree/books/Book_04_Crocodile_Smile/book_content.txt	well	timeline|relationships|scenes|quests|world	implemented_reference_map	reference_extracted_pending_domain_review
WDM-STRUCTURE-5538bf90dc05	structure	The Stranger Reads Too Well	canon/canonical_story_tree/all_25_books_latest_full_cycle.txt|canon/canonical_story_tree/books/Book_04_Crocodile_Smile/book_content.txt	well	timeline|relationships|scenes|quests|world	implemented_reference_map	reference_extracted_pending_domain_review
WDM-STRUCTURE-d95d204aa7dc	structure	He Is Being Understood in	canon/canonical_story_tree/all_25_books_latest_full_cycle.txt|canon/canonical_story_tree/books/Book_04_Crocodile_Smile/book_content.txt	well	timeline|relationships|scenes|quests|world	implemented_reference_map	reference_extracted_pending_domain_review
WDM-STRUCTURE-ff52c57834db	structure	the Wrong Kind of Way	canon/canonical_story_tree/all_25_books_latest_full_cycle.txt|canon/canonical_story_tree/books/Book_04_Crocodile_Smile/book_content.txt	well	timeline|relationships|scenes|quests|world	implemented_reference_map	reference_extracted_pending_domain_review
WDM-STRUCTURE-e58ab969a725	structure	Compliment That Feels Like	canon/canonical_story_tree/all_25_books_latest_full_cycle.txt|canon/canonical_story_tree/books/Book_04_Crocodile_Smile/book_content.txt	well	timeline|relationships|scenes|quests|world	implemented_reference_map	reference_extracted_pending_domain_review
WDM-STRUCTURE-b3cba99053e1	structure	Hook	canon/canonical_story_tree/all_25_books_latest_full_cycle.txt|canon/canonical_story_tree/books/Book_04_Crocodile_Smile/book_content.txt	well	timeline|relationships|scenes|quests|world	implemented_reference_map	reference_extracted_pending_domain_review
WDM-STRUCTURE-740546c33268	structure	Praise Lands as Capture	canon/canonical_story_tree/all_25_books_latest_full_cycle.txt|canon/canonical_story_tree/books/Book_04_Crocodile_Smile/book_content.txt	well	timeline|relationships|scenes|quests|world	implemented_reference_map	reference_extracted_pending_domain_review
WDM-STRUCTURE-9292dc8fbfca	structure	Not Kindness	canon/canonical_story_tree/all_25_books_latest_full_cycle.txt|canon/canonical_story_tree/books/Book_04_Crocodile_Smile/book_content.txt	well	timeline|relationships|scenes|quests|world	implemented_reference_map	reference_extracted_pending_domain_review
WDM-STRUCTURE-fb20f96664a9	structure	Pip Cannot Decide Whether to	canon/canonical_story_tree/all_25_books_latest_full_cycle.txt|canon/canonical_story_tree/books/Book_04_Crocodile_Smile/book_content.txt	well	timeline|relationships|scenes|quests|world	implemented_reference_map	reference_extracted_pending_domain_review
WDM-STRUCTURE-2968a72ab046	structure	Flee	canon/canonical_story_tree/all_25_books_latest_full_cycle.txt|canon/canonical_story_tree/books/Book_04_Crocodile_Smile/book_content.txt	well	timeline|relationships|scenes|quests|world	implemented_reference_map	reference_extracted_pending_domain_review
WDM-STRUCTURE-d4e04cea22d7	structure	Moment of Seeming Recognition	canon/canonical_story_tree/all_25_books_latest_full_cycle.txt|canon/canonical_story_tree/books/Book_04_Crocodile_Smile/book_content.txt	shelter|well	timeline|relationships|scenes|quests|world	implemented_reference_map	reference_extracted_pending_domain_review
WDM-STRUCTURE-c0b2757f35bf	structure	The Manipulator Appears to Understand	canon/canonical_story_tree/all_25_books_latest_full_cycle.txt|canon/canonical_story_tree/books/Book_04_Crocodile_Smile/book_content.txt	well	timeline|relationships|scenes|quests|world	implemented_reference_map	reference_extracted_pending_domain_review
WDM-STRUCTURE-37e96a358538	structure	Him Deeply	canon/canonical_story_tree/all_25_books_latest_full_cycle.txt|canon/canonical_story_tree/books/Book_04_Crocodile_Smile/book_content.txt	well	timeline|relationships|scenes|quests|world	implemented_reference_map	reference_extracted_pending_domain_review
WDM-STRUCTURE-698bc4f6bed0	structure	Pip Is Starved for Correct	canon/canonical_story_tree/all_25_books_latest_full_cycle.txt|canon/canonical_story_tree/books/Book_04_Crocodile_Smile/book_content.txt	well	timeline|relationships|scenes|quests|world	implemented_reference_map	reference_extracted_pending_domain_review
WDM-STRUCTURE-3a47b9269ade	structure	This Need Makes Him Vulnerable	canon/canonical_story_tree/all_25_books_latest_full_cycle.txt|canon/canonical_story_tree/books/Book_04_Crocodile_Smile/book_content.txt	well	timeline|relationships|scenes|quests|world	implemented_reference_map	reference_extracted_pending_domain_review
WDM-STRUCTURE-34808128a456	structure	The Flattery Fits Too Well	canon/canonical_story_tree/all_25_books_latest_full_cycle.txt|canon/canonical_story_tree/books/Book_04_Crocodile_Smile/book_content.txt	well	timeline|relationships|scenes|quests|world	implemented_reference_map	reference_extracted_pending_domain_review
WDM-STRUCTURE-e7ab3a3048e2	structure	Because It Is Built from	canon/canonical_story_tree/all_25_books_latest_full_cycle.txt|canon/canonical_story_tree/books/Book_04_Crocodile_Smile/book_content.txt	well	timeline|relationships|scenes|quests|world	implemented_reference_map	reference_extracted_pending_domain_review
WDM-STRUCTURE-efe70690b51d	structure	Accurate Fragments	canon/canonical_story_tree/all_25_books_latest_full_cycle.txt|canon/canonical_story_tree/books/Book_04_Crocodile_Smile/book_content.txt	well	timeline|relationships|scenes|quests|world	implemented_reference_map	reference_extracted_pending_domain_review
WDM-STRUCTURE-23d69f19e721	structure	Being Read and Being Known	canon/canonical_story_tree/all_25_books_latest_full_cycle.txt|canon/canonical_story_tree/books/Book_04_Crocodile_Smile/book_content.txt	well	timeline|relationships|scenes|quests|world	implemented_reference_map	reference_extracted_pending_domain_review
WDM-STRUCTURE-74fe1d737cec	structure	Separate	canon/canonical_story_tree/all_25_books_latest_full_cycle.txt|canon/canonical_story_tree/books/Book_04_Crocodile_Smile/book_content.txt	well	timeline|relationships|scenes|quests|world	implemented_reference_map	reference_extracted_pending_domain_review
WDM-STRUCTURE-43fb7f7e2ec4	structure	Major Relational Law of the	canon/canonical_story_tree/all_25_books_latest_full_cycle.txt|canon/canonical_story_tree/books/Book_04_Crocodile_Smile/book_content.txt	well	timeline|relationships|scenes|quests|world	implemented_reference_map	reference_extracted_pending_domain_review
WDM-STRUCTURE-0bcdbf5b2c92	structure	Series Is Clarified	canon/canonical_story_tree/all_25_books_latest_full_cycle.txt|canon/canonical_story_tree/books/Book_04_Crocodile_Smile/book_content.txt	well	timeline|relationships|scenes|quests|world	implemented_reference_map	reference_extracted_pending_domain_review
WDM-STRUCTURE-31e45ec3924c	structure	Pip Feels Chosen in the	canon/canonical_story_tree/all_25_books_latest_full_cycle.txt|canon/canonical_story_tree/books/Book_04_Crocodile_Smile/book_content.txt	well	timeline|relationships|scenes|quests|world	implemented_reference_map	reference_extracted_pending_domain_review
WDM-STRUCTURE-bb05c26cbede	structure	Wrong Direction	canon/canonical_story_tree/all_25_books_latest_full_cycle.txt|canon/canonical_story_tree/books/Book_04_Crocodile_Smile/book_content.txt	well	timeline|relationships|scenes|quests|world	implemented_reference_map	reference_extracted_pending_domain_review
WDM-STRUCTURE-0b749368f726	structure	"notes
Maps directly to the"	canon/canonical_story_tree/all_25_books_latest_full_cycle.txt|canon/canonical_story_tree/books/Book_04_Crocodile_Smile/book_content.txt	shelter	timeline|relationships|scenes|quests|world	implemented_reference_map	reference_extracted_pending_domain_review
WDM-STRUCTURE-be11b547a4f6	structure	first-meeting	canon/canonical_story_tree/all_25_books_latest_full_cycle.txt|canon/canonical_story_tree/books/Book_04_Crocodile_Smile/book_content.txt	shelter	timeline|relationships|scenes|quests|world	implemented_reference_map	reference_extracted_pending_domain_review
WDM-STRUCTURE-53c565886cba	structure	escape	canon/canonical_story_tree/all_25_books_latest_full_cycle.txt|canon/canonical_story_tree/books/Book_04_Crocodile_Smile/book_content.txt	shelter	timeline|relationships|scenes|quests|world	implemented_reference_map	reference_extracted_pending_domain_review
WDM-STRUCTURE-afba0ee3664d	structure	trust-bond beginning with Boojay	canon/canonical_story_tree/all_25_books_latest_full_cycle.txt|canon/canonical_story_tree/books/Book_04_Crocodile_Smile/book_content.txt	shelter	timeline|relationships|scenes|quests|world	implemented_reference_map	reference_extracted_pending_domain_review
WDM-STRUCTURE-52176c870146	structure	B04	canon/canonical_story_tree/all_25_books_latest_full_cycle.txt|canon/canonical_story_tree/books/Book_04_Crocodile_Smile/book_content.txt	shelter	timeline|relationships|scenes|quests|world	implemented_reference_map	reference_extracted_pending_domain_review
WDM-STRUCTURE-8692db8ec0e6	structure	Rescue	canon/canonical_story_tree/all_25_books_latest_full_cycle.txt|canon/canonical_story_tree/books/Book_04_Crocodile_Smile/book_content.txt	shelter	timeline|relationships|scenes|quests|world	implemented_reference_map	reference_extracted_pending_domain_review
WDM-STRUCTURE-f7b9ae1022ae	structure	The Rescue Bond	canon/canonical_story_tree/all_25_books_latest_full_cycle.txt|canon/canonical_story_tree/books/Book_04_Crocodile_Smile/book_content.txt	shelter	timeline|relationships|scenes|quests|world	implemented_reference_map	reference_extracted_pending_domain_review
WDM-STRUCTURE-8900daf8dcec	structure	function	canon/canonical_story_tree/all_25_books_latest_full_cycle.txt|canon/canonical_story_tree/books/Book_04_Crocodile_Smile/book_content.txt	shelter	timeline|relationships|scenes|quests|world	implemented_reference_map	reference_extracted_pending_domain_review
WDM-STRUCTURE-6efb44e0d8e6	structure	trust formation	canon/canonical_story_tree/all_25_books_latest_full_cycle.txt|canon/canonical_story_tree/books/Book_04_Crocodile_Smile/book_content.txt	shelter	timeline|relationships|scenes|quests|world	implemented_reference_map	reference_extracted_pending_domain_review
WDM-STRUCTURE-8d6f1a1bbc92	structure	false shelter	canon/canonical_story_tree/all_25_books_latest_full_cycle.txt|canon/canonical_story_tree/books/Book_04_Crocodile_Smile/book_content.txt	shelter	timeline|relationships|scenes|quests|world	implemented_reference_map	reference_extracted_pending_domain_review
WDM-STRUCTURE-d9bb9bf8f3e2	structure	single scene	canon/canonical_story_tree/all_25_books_latest_full_cycle.txt|canon/canonical_story_tree/books/Book_04_Crocodile_Smile/book_content.txt	shelter	timeline|relationships|scenes|quests|world	implemented_reference_map	reference_extracted_pending_domain_review
WDM-STRUCTURE-0cfda72d1174	structure	location	canon/canonical_story_tree/all_25_books_latest_full_cycle.txt|canon/canonical_story_tree/books/Book_04_Crocodile_Smile/book_content.txt|canon/canonical_story_tree/world/wowas_world_zone_map.json	settlement|shelter|structure	timeline|relationships|scenes|quests|world	implemented_reference_map	reference_extracted_pending_domain_review
WDM-STRUCTURE-8e6094b75d20	structure	post-flight refuge zone	canon/canonical_story_tree/all_25_books_latest_full_cycle.txt|canon/canonical_story_tree/books/Book_04_Crocodile_Smile/book_content.txt	shelter	timeline|relationships|scenes|quests|world	implemented_reference_map	reference_extracted_pending_domain_review
WDM-STRUCTURE-d23c4a8b318a	structure	characters	canon/canonical_story_tree/all_25_books_latest_full_cycle.txt|canon/canonical_story_tree/books/Book_04_Crocodile_Smile/book_content.txt|canon/canonical_story_tree/world/wowas_world_zone_map.json	settlement|shelter|well	timeline|relationships|scenes|quests|world	implemented_reference_map	reference_extracted_pending_domain_review
WDM-STRUCTURE-f0702ffb2f30	structure	Boojay	canon/canonical_story_tree/all_25_books_latest_full_cycle.txt|canon/canonical_story_tree/books/Book_04_Crocodile_Smile/book_content.txt|canon/canonical_story_tree/books/Book_24_Born_To_Die/book_content.txt	shelter	timeline|relationships|scenes|quests|world	implemented_reference_map	reference_extracted_pending_domain_review
WDM-STRUCTURE-d08a306a4222	structure	confidence	canon/canonical_story_tree/all_25_books_latest_full_cycle.txt|canon/canonical_story_tree/books/Book_04_Crocodile_Smile/book_content.txt	shelter	timeline|relationships|scenes|quests|world	implemented_reference_map	reference_extracted_pending_domain_review
WDM-STRUCTURE-ff077a10a6ec	structure	high	canon/canonical_story_tree/all_25_books_latest_full_cycle.txt|canon/canonical_story_tree/books/Book_04_Crocodile_Smile/book_content.txt	shelter	timeline|relationships|scenes|quests|world	implemented_reference_map	reference_extracted_pending_domain_review
WDM-STRUCTURE-7cdad57978b4	structure	"notes
Boojay's rescue must remain"	canon/canonical_story_tree/all_25_books_latest_full_cycle.txt|canon/canonical_story_tree/books/Book_04_Crocodile_Smile/book_content.txt	shelter	timeline|relationships|scenes|quests|world	implemented_reference_map	reference_extracted_pending_domain_review
WDM-STRUCTURE-14470827c600	structure	genuine here	canon/canonical_story_tree/all_25_books_latest_full_cycle.txt|canon/canonical_story_tree/books/Book_04_Crocodile_Smile/book_content.txt	shelter	timeline|relationships|scenes|quests|world	implemented_reference_map	reference_extracted_pending_domain_review
WDM-STRUCTURE-ad5a824486bd	structure	The trap works because the	canon/canonical_story_tree/all_25_books_latest_full_cycle.txt|canon/canonical_story_tree/books/Book_04_Crocodile_Smile/book_content.txt	shelter	timeline|relationships|scenes|quests|world	implemented_reference_map	reference_extracted_pending_domain_review
WDM-STRUCTURE-37964e36420c	structure	Attachment Accelerates Too Quickly	canon/canonical_story_tree/all_25_books_latest_full_cycle.txt|canon/canonical_story_tree/books/Book_04_Crocodile_Smile/book_content.txt	shelter	timeline|relationships|scenes|quests|world	implemented_reference_map	reference_extracted_pending_domain_review
WDM-STRUCTURE-fcafdab68b7c	structure	The Bond with Xethrolund Turns	canon/canonical_story_tree/all_25_books_latest_full_cycle.txt|canon/canonical_story_tree/books/Book_04_Crocodile_Smile/book_content.txt	shelter	timeline|relationships|scenes|quests|world	implemented_reference_map	reference_extracted_pending_domain_review
WDM-STRUCTURE-1ad63bc02fbb	structure	Tenderer	canon/canonical_story_tree/all_25_books_latest_full_cycle.txt|canon/canonical_story_tree/books/Book_04_Crocodile_Smile/book_content.txt	shelter	timeline|relationships|scenes|quests|world	implemented_reference_map	reference_extracted_pending_domain_review
WDM-STRUCTURE-955b07be9408	structure	He Seeks the Thread for	canon/canonical_story_tree/all_25_books_latest_full_cycle.txt|canon/canonical_story_tree/books/Book_04_Crocodile_Smile/book_content.txt	shelter	timeline|relationships|scenes|quests|world	implemented_reference_map	reference_extracted_pending_domain_review
WDM-STRUCTURE-13e5a7e67751	structure	Repair After Misalignment	canon/canonical_story_tree/all_25_books_latest_full_cycle.txt|canon/canonical_story_tree/books/Book_04_Crocodile_Smile/book_content.txt	shelter	timeline|relationships|scenes|quests|world	implemented_reference_map	reference_extracted_pending_domain_review
WDM-STRUCTURE-29796aef9a3a	structure	The Wrong Temperature of Comfort	canon/canonical_story_tree/all_25_books_latest_full_cycle.txt|canon/canonical_story_tree/books/Book_04_Crocodile_Smile/book_content.txt	shelter	timeline|relationships|scenes|quests|world	implemented_reference_map	reference_extracted_pending_domain_review
WDM-STRUCTURE-767e51e1a21e	structure	This Is Not True Shelter	canon/canonical_story_tree/all_25_books_latest_full_cycle.txt|canon/canonical_story_tree/books/Book_04_Crocodile_Smile/book_content.txt	shelter	timeline|relationships|scenes|quests|world	implemented_reference_map	reference_extracted_pending_domain_review
WDM-STRUCTURE-872ded27388b	structure	It Is Targeted Soothing	canon/canonical_story_tree/all_25_books_latest_full_cycle.txt|canon/canonical_story_tree/books/Book_04_Crocodile_Smile/book_content.txt	shelter	timeline|relationships|scenes|quests|world	implemented_reference_map	reference_extracted_pending_domain_review
WDM-STRUCTURE-8b3b9ef87fea	structure	Pip Begins Lying by Omission	canon/canonical_story_tree/all_25_books_latest_full_cycle.txt|canon/canonical_story_tree/books/Book_04_Crocodile_Smile/book_content.txt	shelter	timeline|relationships|scenes|quests|world	implemented_reference_map	reference_extracted_pending_domain_review
WDM-STRUCTURE-7720a56e9f62	structure	Not from Malice	canon/canonical_story_tree/all_25_books_latest_full_cycle.txt|canon/canonical_story_tree/books/Book_04_Crocodile_Smile/book_content.txt	shelter	timeline|relationships|scenes|quests|world	implemented_reference_map	reference_extracted_pending_domain_review
WDM-STRUCTURE-99ce9bca7440	structure	but Confusion	canon/canonical_story_tree/all_25_books_latest_full_cycle.txt|canon/canonical_story_tree/books/Book_04_Crocodile_Smile/book_content.txt	shelter	timeline|relationships|scenes|quests|world	implemented_reference_map	reference_extracted_pending_domain_review
WDM-STRUCTURE-54b6b72daaa7	structure	Golden Warmth	canon/canonical_story_tree/all_25_books_latest_full_cycle.txt|canon/canonical_story_tree/books/Book_04_Crocodile_Smile/book_content.txt	shelter	timeline|relationships|scenes|quests|world	implemented_reference_map	reference_extracted_pending_domain_review
WDM-STRUCTURE-9a1fd844a8c3	structure	Wrong Temperature	canon/canonical_story_tree/all_25_books_latest_full_cycle.txt|canon/canonical_story_tree/books/Book_04_Crocodile_Smile/book_content.txt	shelter	timeline|relationships|scenes|quests|world	implemented_reference_map	reference_extracted_pending_domain_review
WDM-STRUCTURE-0e04572680b8	structure	Not Puritanical	canon/canonical_story_tree/all_25_books_latest_full_cycle.txt|canon/canonical_story_tree/books/Book_04_Crocodile_Smile/book_content.txt	shelter	timeline|relationships|scenes|quests|world	implemented_reference_map	reference_extracted_pending_domain_review
WDM-STRUCTURE-e66ef8c34e09	structure	Pip Learns He Can Bring	canon/canonical_story_tree/all_25_books_latest_full_cycle.txt|canon/canonical_story_tree/books/Book_04_Crocodile_Smile/book_content.txt	shelter	timeline|relationships|scenes|quests|world	implemented_reference_map	reference_extracted_pending_domain_review
WDM-STRUCTURE-5d381680a21d	structure	Ugliness to the Thread	canon/canonical_story_tree/all_25_books_latest_full_cycle.txt|canon/canonical_story_tree/books/Book_04_Crocodile_Smile/book_content.txt	shelter	timeline|relationships|scenes|quests|world	implemented_reference_map	reference_extracted_pending_domain_review
WDM-STRUCTURE-08c1f458bea3	structure	This Deepens Trust	canon/canonical_story_tree/all_25_books_latest_full_cycle.txt|canon/canonical_story_tree/books/Book_04_Crocodile_Smile/book_content.txt	shelter	timeline|relationships|scenes|quests|world	implemented_reference_map	reference_extracted_pending_domain_review
WDM-STRUCTURE-aab09c5d3b6c	structure	Blue Light and Blank Pages	canon/canonical_story_tree/all_25_books_latest_full_cycle.txt|canon/canonical_story_tree/books/Book_04_Crocodile_Smile/book_content.txt	shelter	timeline|relationships|scenes|quests|world	implemented_reference_map	reference_extracted_pending_domain_review
WDM-STRUCTURE-85be804488cc	structure	Steady Him	canon/canonical_story_tree/all_25_books_latest_full_cycle.txt|canon/canonical_story_tree/books/Book_04_Crocodile_Smile/book_content.txt	shelter	timeline|relationships|scenes|quests|world	implemented_reference_map	reference_extracted_pending_domain_review
WDM-STRUCTURE-304ed8424de7	structure	Symbolic Pair Now Operate as	canon/canonical_story_tree/all_25_books_latest_full_cycle.txt|canon/canonical_story_tree/books/Book_04_Crocodile_Smile/book_content.txt	shelter	timeline|relationships|scenes|quests|world	implemented_reference_map	reference_extracted_pending_domain_review
WDM-STRUCTURE-145741129902	structure	Emotional Shelter	canon/canonical_story_tree/all_25_books_latest_full_cycle.txt|canon/canonical_story_tree/books/Book_04_Crocodile_Smile/book_content.txt	shelter	timeline|relationships|scenes|quests|world	implemented_reference_map	reference_extracted_pending_domain_review
WDM-STRUCTURE-37e75b193d81	structure	Better Kind of Seeing	canon/canonical_story_tree/all_25_books_latest_full_cycle.txt|canon/canonical_story_tree/books/Book_04_Crocodile_Smile/book_content.txt	shelter	timeline|relationships|scenes|quests|world	implemented_reference_map	reference_extracted_pending_domain_review
WDM-STRUCTURE-5756eb98b9a7	structure	He Is Known Without Being	canon/canonical_story_tree/all_25_books_latest_full_cycle.txt|canon/canonical_story_tree/books/Book_04_Crocodile_Smile/book_content.txt	shelter	timeline|relationships|scenes|quests|world	implemented_reference_map	reference_extracted_pending_domain_review
WDM-STRUCTURE-3ce45ab5a7be	structure	Hunted	canon/canonical_story_tree/all_25_books_latest_full_cycle.txt|canon/canonical_story_tree/books/Book_04_Crocodile_Smile/book_content.txt	shelter	timeline|relationships|scenes|quests|world	implemented_reference_map	reference_extracted_pending_domain_review
WDM-STRUCTURE-665ce417c8c3	structure	Pip Recommits Without Closing His	canon/canonical_story_tree/all_25_books_latest_full_cycle.txt|canon/canonical_story_tree/books/Book_04_Crocodile_Smile/book_content.txt	shelter	timeline|relationships|scenes|quests|world	implemented_reference_map	reference_extracted_pending_domain_review
WDM-STRUCTURE-e0bb65d1bd46	structure	Eyes	canon/canonical_story_tree/all_25_books_latest_full_cycle.txt|canon/canonical_story_tree/books/Book_04_Crocodile_Smile/book_content.txt	shelter	timeline|relationships|scenes|quests|world	implemented_reference_map	reference_extracted_pending_domain_review
WDM-STRUCTURE-80a75f0ff369	structure	He Chooses the Thread While	canon/canonical_story_tree/all_25_books_latest_full_cycle.txt|canon/canonical_story_tree/books/Book_04_Crocodile_Smile/book_content.txt	shelter	timeline|relationships|scenes|quests|world	implemented_reference_map	reference_extracted_pending_domain_review
WDM-STRUCTURE-cd8f50b3e8ec	structure	Remaining Morally Awake	canon/canonical_story_tree/all_25_books_latest_full_cycle.txt|canon/canonical_story_tree/books/Book_04_Crocodile_Smile/book_content.txt	shelter	timeline|relationships|scenes|quests|world	implemented_reference_map	reference_extracted_pending_domain_review
WDM-STRUCTURE-5de6eb11ca0b	structure	S039 Rylos-Contributes-Through-Pattern-Recognition-From-Lived-Damage	canon/canonical_story_tree/all_25_books_latest_full_cycle.txt|canon/canonical_story_tree/books/Book_05_Runes_And_Wound/book_content.txt	structure	timeline|relationships|scenes|quests|world	implemented_reference_map	reference_extracted_pending_domain_review
WDM-STRUCTURE-7352efc29988	structure	His history remains useful and	canon/canonical_story_tree/all_25_books_latest_full_cycle.txt|canon/canonical_story_tree/books/Book_05_Runes_And_Wound/book_content.txt	structure	timeline|relationships|scenes|quests|world	implemented_reference_map	reference_extracted_pending_domain_review
WDM-STRUCTURE-4867c8c92158	structure	costly	canon/canonical_story_tree/all_25_books_latest_full_cycle.txt|canon/canonical_story_tree/books/Book_05_Runes_And_Wound/book_content.txt	structure	timeline|relationships|scenes|quests|world	implemented_reference_map	reference_extracted_pending_domain_review
WDM-STRUCTURE-b7b04897d5d8	structure	S040 Mack-Begins-Building-a-Working-Interpretive-Frame	canon/canonical_story_tree/all_25_books_latest_full_cycle.txt|canon/canonical_story_tree/books/Book_05_Runes_And_Wound/book_content.txt	structure	timeline|relationships|scenes|quests|world	implemented_reference_map	reference_extracted_pending_domain_review
WDM-STRUCTURE-d347ce770845	structure	Practical structure enters	canon/canonical_story_tree/all_25_books_latest_full_cycle.txt|canon/canonical_story_tree/books/Book_05_Runes_And_Wound/book_content.txt	structure	timeline|relationships|scenes|quests|world	implemented_reference_map	reference_extracted_pending_domain_review
WDM-STRUCTURE-6e42407efeaa	structure	S041 The-House-Becomes-Laboratory-Without-Stopping-Being-Home	canon/canonical_story_tree/all_25_books_latest_full_cycle.txt|canon/canonical_story_tree/books/Book_05_Runes_And_Wound/book_content.txt	structure	timeline|relationships|scenes|quests|world	implemented_reference_map	reference_extracted_pending_domain_review
WDM-STRUCTURE-70eb375369a6	structure	Key series texture	canon/canonical_story_tree/all_25_books_latest_full_cycle.txt|canon/canonical_story_tree/books/Book_05_Runes_And_Wound/book_content.txt	structure	timeline|relationships|scenes|quests|world	implemented_reference_map	reference_extracted_pending_domain_review
WDM-STRUCTURE-f13de3222aef	structure	S042 A-First-Clear-Imperative-or-Warning-Emerges	canon/canonical_story_tree/all_25_books_latest_full_cycle.txt|canon/canonical_story_tree/books/Book_05_Runes_And_Wound/book_content.txt	structure	timeline|relationships|scenes|quests|world	implemented_reference_map	reference_extracted_pending_domain_review
WDM-STRUCTURE-cfbd13a96c31	structure	The signs begin speaking more	canon/canonical_story_tree/all_25_books_latest_full_cycle.txt|canon/canonical_story_tree/books/Book_05_Runes_And_Wound/book_content.txt	structure	timeline|relationships|scenes|quests|world	implemented_reference_map	reference_extracted_pending_domain_review
WDM-STRUCTURE-a5a5fdf02048	structure	prepares its forward surge	canon/canonical_story_tree/all_25_books_latest_full_cycle.txt|canon/canonical_story_tree/books/Book_05_Runes_And_Wound/book_content.txt	structure	timeline|relationships|scenes|quests|world	implemented_reference_map	reference_extracted_pending_domain_review
WDM-STRUCTURE-049945a7e531	structure	B05	canon/canonical_story_tree/all_25_books_latest_full_cycle.txt|canon/canonical_story_tree/books/Book_05_Runes_And_Wound/book_content.txt	structure	timeline|relationships|scenes|quests|world	implemented_reference_map	reference_extracted_pending_domain_review
WDM-STRUCTURE-88d8408192ae	structure	Book Five Locks Its First	canon/canonical_story_tree/all_25_books_latest_full_cycle.txt|canon/canonical_story_tree/books/Book_05_Runes_And_Wound/book_content.txt	structure	timeline|relationships|scenes|quests|world	implemented_reference_map	reference_extracted_pending_domain_review
WDM-STRUCTURE-3b3103b66a7f	structure	"Deep Cipher
target"	canon/canonical_story_tree/all_25_books_latest_full_cycle.txt|canon/canonical_story_tree/books/Book_05_Runes_And_Wound/book_content.txt	structure	timeline|relationships|scenes|quests|world	implemented_reference_map	reference_extracted_pending_domain_review
WDM-STRUCTURE-89dc940f26f2	structure	S109 The-Wound-the-Rune-the-House-the-Road-and-the-Pair-Finally-Align	canon/canonical_story_tree/all_25_books_latest_full_cycle.txt|canon/canonical_story_tree/books/Book_05_Runes_And_Wound/book_content.txt	structure	timeline|relationships|scenes|quests|world	implemented_reference_map	reference_extracted_pending_domain_review
WDM-STRUCTURE-7ada1bd8a5ef	structure	Book structure becomes clear	canon/canonical_story_tree/all_25_books_latest_full_cycle.txt|canon/canonical_story_tree/books/Book_05_Runes_And_Wound/book_content.txt	structure	timeline|relationships|scenes|quests|world	implemented_reference_map	reference_extracted_pending_domain_review
WDM-STRUCTURE-bfc1c74f7b69	structure	S110 Pip-Is-Now-Less-Innocent-More-Exact-and-Still-Merciful	canon/canonical_story_tree/all_25_books_latest_full_cycle.txt|canon/canonical_story_tree/books/Book_05_Runes_And_Wound/book_content.txt	structure	timeline|relationships|scenes|quests|world	implemented_reference_map	reference_extracted_pending_domain_review
WDM-STRUCTURE-091cc35ea789	structure	Important maturation lock	canon/canonical_story_tree/all_25_books_latest_full_cycle.txt|canon/canonical_story_tree/books/Book_05_Runes_And_Wound/book_content.txt	structure	timeline|relationships|scenes|quests|world	implemented_reference_map	reference_extracted_pending_domain_review
WDM-STRUCTURE-0cbfc2149e70	structure	S111 Rylos-Is-Proven-As-Witness-Decoder-and-Beloved-Not-Only-Survivor	canon/canonical_story_tree/all_25_books_latest_full_cycle.txt|canon/canonical_story_tree/books/Book_05_Runes_And_Wound/book_content.txt	structure	timeline|relationships|scenes|quests|world	implemented_reference_map	reference_extracted_pending_domain_review
WDM-STRUCTURE-d0e07b6ec098	structure	His insight matters again	canon/canonical_story_tree/all_25_books_latest_full_cycle.txt|canon/canonical_story_tree/books/Book_05_Runes_And_Wound/book_content.txt	well	timeline|relationships|scenes|quests|world	implemented_reference_map	reference_extracted_pending_domain_review
WDM-STRUCTURE-954a1d58b17e	structure	S009 Mack-Recognizes-That-Interpretation-Will-Now-Need-More-Disclipline	canon/canonical_story_tree/all_25_books_latest_full_cycle.txt|canon/canonical_story_tree/books/Book_05_Runes_And_Wound/book_content.txt	well	timeline|relationships|scenes|quests|world	implemented_reference_map	reference_extracted_pending_domain_review
WDM-STRUCTURE-e1e93c52d836	structure	The next phase is more	canon/canonical_story_tree/all_25_books_latest_full_cycle.txt|canon/canonical_story_tree/books/Book_05_Runes_And_Wound/book_content.txt	well	timeline|relationships|scenes|quests|world	implemented_reference_map	reference_extracted_pending_domain_review
WDM-STRUCTURE-2c7bb9df4e74	structure	exacting	canon/canonical_story_tree/all_25_books_latest_full_cycle.txt|canon/canonical_story_tree/books/Book_05_Runes_And_Wound/book_content.txt	well	timeline|relationships|scenes|quests|world	implemented_reference_map	reference_extracted_pending_domain_review
WDM-STRUCTURE-d09e485ab36f	structure	S010 Home-Becomes-a-Place-of-Decoding-as-Well-as-Recovery	canon/canonical_story_tree/all_25_books_latest_full_cycle.txt|canon/canonical_story_tree/books/Book_05_Runes_And_Wound/book_content.txt	well	timeline|relationships|scenes|quests|world	implemented_reference_map	reference_extracted_pending_domain_review
WDM-STRUCTURE-9d7fce5fbb2b	structure	Sanctuary role expands again	canon/canonical_story_tree/all_25_books_latest_full_cycle.txt|canon/canonical_story_tree/books/Book_05_Runes_And_Wound/book_content.txt	well	timeline|relationships|scenes|quests|world	implemented_reference_map	reference_extracted_pending_domain_review
WDM-STRUCTURE-0e66e01de5e7	structure	S011 The-Wound-and-the-Sign-System-Start-Rhyming	canon/canonical_story_tree/all_25_books_latest_full_cycle.txt|canon/canonical_story_tree/books/Book_05_Runes_And_Wound/book_content.txt	well	timeline|relationships|scenes|quests|world	implemented_reference_map	reference_extracted_pending_domain_review
WDM-STRUCTURE-99e79738c6ea	structure	Book logic locks	canon/canonical_story_tree/all_25_books_latest_full_cycle.txt|canon/canonical_story_tree/books/Book_05_Runes_And_Wound/book_content.txt	well	timeline|relationships|scenes|quests|world	implemented_reference_map	reference_extracted_pending_domain_review
WDM-STRUCTURE-afd658a0c01b	structure	S012 The-Beat-Ends-with-Wound-Upgraded-to-Text	canon/canonical_story_tree/all_25_books_latest_full_cycle.txt|canon/canonical_story_tree/books/Book_05_Runes_And_Wound/book_content.txt	well	timeline|relationships|scenes|quests|world	implemented_reference_map	reference_extracted_pending_domain_review
WDM-STRUCTURE-cc80e6f04709	structure	Pain itself has become legible	canon/canonical_story_tree/all_25_books_latest_full_cycle.txt|canon/canonical_story_tree/books/Book_05_Runes_And_Wound/book_content.txt	well	timeline|relationships|scenes|quests|world	implemented_reference_map	reference_extracted_pending_domain_review
WDM-STRUCTURE-af2baaf09a4b	structure	His experience grounds the interpretation	canon/canonical_story_tree/all_25_books_latest_full_cycle.txt|canon/canonical_story_tree/books/Book_06_The_Refusal_And_The_Wound/book_content.txt	shelter	timeline|relationships|scenes|quests|world	implemented_reference_map	reference_extracted_pending_domain_review
WDM-STRUCTURE-f7cacd12f4c6	structure	S040 Mack-Raises-a-Shallow-Stone-and-Root-Table-from-the-Earth	canon/canonical_story_tree/all_25_books_latest_full_cycle.txt|canon/canonical_story_tree/books/Book_06_The_Refusal_And_The_Wound/book_content.txt	shelter	timeline|relationships|scenes|quests|world	implemented_reference_map	reference_extracted_pending_domain_review
WDM-STRUCTURE-a2d1a5fe4d7b	structure	The place turns into	canon/canonical_story_tree/all_25_books_latest_full_cycle.txt|canon/canonical_story_tree/books/Book_06_The_Refusal_And_The_Wound/book_content.txt	shelter	timeline|relationships|scenes|quests|world	implemented_reference_map	reference_extracted_pending_domain_review
WDM-STRUCTURE-7e467a2eee3b	structure	living work surface for reading	canon/canonical_story_tree/all_25_books_latest_full_cycle.txt|canon/canonical_story_tree/books/Book_06_The_Refusal_And_The_Wound/book_content.txt	shelter	timeline|relationships|scenes|quests|world	implemented_reference_map	reference_extracted_pending_domain_review
WDM-STRUCTURE-0e2a65f41e77	structure	the problem	canon/canonical_story_tree/all_25_books_latest_full_cycle.txt|canon/canonical_story_tree/books/Book_06_The_Refusal_And_The_Wound/book_content.txt	shelter	timeline|relationships|scenes|quests|world	implemented_reference_map	reference_extracted_pending_domain_review
WDM-STRUCTURE-b4473ce5af7a	structure	S041 The-Sanctuary-Becomes-Study-and-Shelter-at-Once	canon/canonical_story_tree/all_25_books_latest_full_cycle.txt|canon/canonical_story_tree/books/Book_06_The_Refusal_And_The_Wound/book_content.txt	shelter	timeline|relationships|scenes|quests|world	implemented_reference_map	reference_extracted_pending_domain_review
WDM-STRUCTURE-d4f4bb4eb76a	structure	Mack's world-shaping remains active and	canon/canonical_story_tree/all_25_books_latest_full_cycle.txt|canon/canonical_story_tree/books/Book_06_The_Refusal_And_The_Wound/book_content.txt	shelter	timeline|relationships|scenes|quests|world	implemented_reference_map	reference_extracted_pending_domain_review
WDM-STRUCTURE-9d6cb359e023	structure	character-true	canon/canonical_story_tree/all_25_books_latest_full_cycle.txt|canon/canonical_story_tree/books/Book_06_The_Refusal_And_The_Wound/book_content.txt	shelter	timeline|relationships|scenes|quests|world	implemented_reference_map	reference_extracted_pending_domain_review
WDM-STRUCTURE-ed53c60d79d1	structure	S042 Pip-Tries-to-Read-Too-Fast	canon/canonical_story_tree/all_25_books_latest_full_cycle.txt|canon/canonical_story_tree/books/Book_06_The_Refusal_And_The_Wound/book_content.txt	shelter	timeline|relationships|scenes|quests|world	implemented_reference_map	reference_extracted_pending_domain_review
WDM-STRUCTURE-3e00aaea8bb3	structure	Determination nearly outruns comprehension	canon/canonical_story_tree/all_25_books_latest_full_cycle.txt|canon/canonical_story_tree/books/Book_06_The_Refusal_And_The_Wound/book_content.txt	shelter	timeline|relationships|scenes|quests|world	implemented_reference_map	reference_extracted_pending_domain_review
WDM-STRUCTURE-57a4ac92605b	structure	S043 Rylos-Slows-Him-With-Blunt-Accuracy	canon/canonical_story_tree/all_25_books_latest_full_cycle.txt|canon/canonical_story_tree/books/Book_06_The_Refusal_And_The_Wound/book_content.txt	shelter	timeline|relationships|scenes|quests|world	implemented_reference_map	reference_extracted_pending_domain_review
WDM-STRUCTURE-9d45f6d20a35	structure	Mack's body and magic are	canon/canonical_story_tree/all_25_books_latest_full_cycle.txt|canon/canonical_story_tree/books/Book_07_The_Rift_Widens/book_content.txt	structure	timeline|relationships|scenes|quests|world	implemented_reference_map	reference_extracted_pending_domain_review
WDM-STRUCTURE-19534e701678	structure	the scene	canon/canonical_story_tree/all_25_books_latest_full_cycle.txt|canon/canonical_story_tree/books/Book_07_The_Rift_Widens/book_content.txt	structure	timeline|relationships|scenes|quests|world	implemented_reference_map	reference_extracted_pending_domain_review
WDM-STRUCTURE-3b282eb1c1ec	structure	S055 Pip-Does-Not-Reach-for-Sonomancy-As-Easy-Solution	canon/canonical_story_tree/all_25_books_latest_full_cycle.txt|canon/canonical_story_tree/books/Book_07_The_Rift_Widens/book_content.txt	structure	timeline|relationships|scenes|quests|world	implemented_reference_map	reference_extracted_pending_domain_review
WDM-STRUCTURE-6e706ea133e2	structure	Limit stays intact	canon/canonical_story_tree/all_25_books_latest_full_cycle.txt|canon/canonical_story_tree/books/Book_07_The_Rift_Widens/book_content.txt	structure	timeline|relationships|scenes|quests|world	implemented_reference_map	reference_extracted_pending_domain_review
WDM-STRUCTURE-ebb4067132cd	structure	S056 The-Rift-Is-Revealed-as-Pattern-Not-Only-Impact	canon/canonical_story_tree/all_25_books_latest_full_cycle.txt|canon/canonical_story_tree/books/Book_07_The_Rift_Widens/book_content.txt	structure	timeline|relationships|scenes|quests|world	implemented_reference_map	reference_extracted_pending_domain_review
WDM-STRUCTURE-cc08ac2651b8	structure	The split has structure	canon/canonical_story_tree/all_25_books_latest_full_cycle.txt|canon/canonical_story_tree/books/Book_07_The_Rift_Widens/book_content.txt	structure	timeline|relationships|scenes|quests|world	implemented_reference_map	reference_extracted_pending_domain_review
WDM-STRUCTURE-0dfd29e148b4	structure	S057 Mack-Booming-Voice-Keeps-Them-From-Fracturing-Worse	canon/canonical_story_tree/all_25_books_latest_full_cycle.txt|canon/canonical_story_tree/books/Book_07_The_Rift_Widens/book_content.txt	structure	timeline|relationships|scenes|quests|world	implemented_reference_map	reference_extracted_pending_domain_review
WDM-STRUCTURE-0fe015297b31	structure	He holds moral shape through	canon/canonical_story_tree/all_25_books_latest_full_cycle.txt|canon/canonical_story_tree/books/Book_07_The_Rift_Widens/book_content.txt	structure	timeline|relationships|scenes|quests|world	implemented_reference_map	reference_extracted_pending_domain_review
WDM-STRUCTURE-aac16cd8251e	structure	speech	canon/canonical_story_tree/all_25_books_latest_full_cycle.txt|canon/canonical_story_tree/books/Book_07_The_Rift_Widens/book_content.txt	structure	timeline|relationships|scenes|quests|world	implemented_reference_map	reference_extracted_pending_domain_review
WDM-STRUCTURE-03d5df09c4ba	structure	S058 Rylos-Catches-the-Meaning-Before-Pip-Does-In-One-Critical-Moment	canon/canonical_story_tree/all_25_books_latest_full_cycle.txt|canon/canonical_story_tree/books/Book_07_The_Rift_Widens/book_content.txt	structure	timeline|relationships|scenes|quests|world	implemented_reference_map	reference_extracted_pending_domain_review
WDM-STRUCTURE-2f28e27094cd	structure	Partnership remains asymmetrically useful	canon/canonical_story_tree/all_25_books_latest_full_cycle.txt|canon/canonical_story_tree/books/Book_07_The_Rift_Widens/book_content.txt	structure	timeline|relationships|scenes|quests|world	implemented_reference_map	reference_extracted_pending_domain_review
WDM-STRUCTURE-15923b8e58b7	structure	Growth note	canon/canonical_story_tree/all_25_books_latest_full_cycle.txt|canon/canonical_story_tree/books/Book_07_The_Rift_Widens/book_content.txt	structure	timeline|relationships|scenes|quests|world	implemented_reference_map	reference_extracted_pending_domain_review
WDM-STRUCTURE-e08da7eae517	structure	S091 Rylos-Sees-That-Connection-Needs-Decision-Not-Only-Feeling	canon/canonical_story_tree/all_25_books_latest_full_cycle.txt|canon/canonical_story_tree/books/Book_07_The_Rift_Widens/book_content.txt	structure	timeline|relationships|scenes|quests|world	implemented_reference_map	reference_extracted_pending_domain_review
WDM-STRUCTURE-d51d30b291a0	structure	Paired growth	canon/canonical_story_tree/all_25_books_latest_full_cycle.txt|canon/canonical_story_tree/books/Book_07_The_Rift_Widens/book_content.txt	structure	timeline|relationships|scenes|quests|world	implemented_reference_map	reference_extracted_pending_domain_review
WDM-STRUCTURE-7d1592724c93	structure	S092 Daisy-May-and-Majeski-Keep-the-Household-Coherent-At-the-Edges	canon/canonical_story_tree/all_25_books_latest_full_cycle.txt|canon/canonical_story_tree/books/Book_07_The_Rift_Widens/book_content.txt	structure	timeline|relationships|scenes|quests|world	implemented_reference_map	reference_extracted_pending_domain_review
WDM-STRUCTURE-2b485232d193	structure	Silent structure	canon/canonical_story_tree/all_25_books_latest_full_cycle.txt|canon/canonical_story_tree/books/Book_07_The_Rift_Widens/book_content.txt	structure	timeline|relationships|scenes|quests|world	implemented_reference_map	reference_extracted_pending_domain_review
WDM-STRUCTURE-419ae4d7b315	structure	S093 The-Rift-Fails-to-Take-Everything-It-Wanted	canon/canonical_story_tree/all_25_books_latest_full_cycle.txt|canon/canonical_story_tree/books/Book_07_The_Rift_Widens/book_content.txt	structure	timeline|relationships|scenes|quests|world	implemented_reference_map	reference_extracted_pending_domain_review
WDM-STRUCTURE-d791ed62b523	structure	Partial victory	canon/canonical_story_tree/all_25_books_latest_full_cycle.txt|canon/canonical_story_tree/books/Book_07_The_Rift_Widens/book_content.txt	structure	timeline|relationships|scenes|quests|world	implemented_reference_map	reference_extracted_pending_domain_review
WDM-STRUCTURE-1787ef344095	structure	S094 The-World-Is-Still-More-Dangerous-Afterward	canon/canonical_story_tree/all_25_books_latest_full_cycle.txt|canon/canonical_story_tree/books/Book_07_The_Rift_Widens/book_content.txt	structure	timeline|relationships|scenes|quests|world	implemented_reference_map	reference_extracted_pending_domain_review
WDM-STRUCTURE-0b2a81924b5f	structure	No false ease	canon/canonical_story_tree/all_25_books_latest_full_cycle.txt|canon/canonical_story_tree/books/Book_07_The_Rift_Widens/book_content.txt	structure	timeline|relationships|scenes|quests|world	implemented_reference_map	reference_extracted_pending_domain_review
WDM-STRUCTURE-60965ec0011b	structure	S095 Mack-Frames-the-Rift-as-Enemy-of-Living-Orbit	canon/canonical_story_tree/all_25_books_latest_full_cycle.txt|canon/canonical_story_tree/books/Book_07_The_Rift_Widens/book_content.txt	structure	timeline|relationships|scenes|quests|world	implemented_reference_map	reference_extracted_pending_domain_review
WDM-STRUCTURE-ab6260e5a345	structure	Pair refinement continues	canon/canonical_story_tree/all_25_books_latest_full_cycle.txt|canon/canonical_story_tree/books/Book_07_The_Rift_Widens/book_content.txt|canon/canonical_story_tree/books/Book_10_Mack_Falls/book_content.txt|canon/canonical_story_tree/books/Book_11_The_Portal_Opens/book_content.txt|canon/canonical_story_tree/books/Book_12_Stasis/book_content.txt|canon/canonical_story_tree/books/Book_13_The_Afterwake/book_content.txt|canon/canonical_story_tree/books/Book_14_The_Long_Reorientation/book_content.txt|canon/canonical_story_tree/books/Book_15_Suffocating_In_Silence/book_content.txt|canon/canonical_story_tree/books/Book_16_The_Deepening_World/book_content.txt|canon/canonical_story_tree/books/Book_17_Black_Heart_Scar/book_content.txt|canon/canonical_story_tree/books/Book_18_Strange_Gravity/book_content.txt|canon/canonical_story_tree/books/Book_19_The_Cracking_Core/book_content.txt|canon/canonical_story_tree/books/Book_20_The_Beforemath/book_content.txt|canon/canonical_story_tree/books/Book_21_The_Final_Descent/book_content.txt|canon/canonical_story_tree/books/Book_22_The_Last_Open_Gate/book_content.txt|canon/canonical_story_tree/books/Book_23_The_Final_Resonance/book_content.txt|canon/canonical_story_tree/books/Book_24_Born_To_Die/book_content.txt|canon/canonical_story_tree/books/Book_25_Death_Is_Rebirth/book_content.txt	portal|structure|well	timeline|relationships|scenes|quests|world	implemented_reference_map	reference_extracted_pending_domain_review
WDM-STRUCTURE-acbee5f6ea34	structure	S118 The-Next-Phase-Is-Loaded-With-Greater-Distance-and-Greater-Need-for-Joinedness	canon/canonical_story_tree/all_25_books_latest_full_cycle.txt|canon/canonical_story_tree/books/Book_07_The_Rift_Widens/book_content.txt	structure	timeline|relationships|scenes|quests|world	implemented_reference_map	reference_extracted_pending_domain_review
WDM-STRUCTURE-a196e9746fa9	structure	Forward pressure	canon/canonical_story_tree/all_25_books_latest_full_cycle.txt|canon/canonical_story_tree/books/Book_07_The_Rift_Widens/book_content.txt	structure	timeline|relationships|scenes|quests|world	implemented_reference_map	reference_extracted_pending_domain_review
WDM-STRUCTURE-18fcf8e7651e	structure	S119 The-Book-Finds-Its-Severe-Expansion-Law	canon/canonical_story_tree/all_25_books_latest_full_cycle.txt|canon/canonical_story_tree/books/Book_07_The_Rift_Widens/book_content.txt	structure	timeline|relationships|scenes|quests|world	implemented_reference_map	reference_extracted_pending_domain_review
WDM-STRUCTURE-1b215b3454c4	structure	Tone and structure lock	canon/canonical_story_tree/all_25_books_latest_full_cycle.txt|canon/canonical_story_tree/books/Book_07_The_Rift_Widens/book_content.txt|canon/canonical_story_tree/books/Book_10_Mack_Falls/book_content.txt|canon/canonical_story_tree/books/Book_11_The_Portal_Opens/book_content.txt|canon/canonical_story_tree/books/Book_12_Stasis/book_content.txt|canon/canonical_story_tree/books/Book_13_The_Afterwake/book_content.txt|canon/canonical_story_tree/books/Book_14_The_Long_Reorientation/book_content.txt|canon/canonical_story_tree/books/Book_15_Suffocating_In_Silence/book_content.txt|canon/canonical_story_tree/books/Book_16_The_Deepening_World/book_content.txt|canon/canonical_story_tree/books/Book_17_Black_Heart_Scar/book_content.txt|canon/canonical_story_tree/books/Book_18_Strange_Gravity/book_content.txt|canon/canonical_story_tree/books/Book_19_The_Cracking_Core/book_content.txt|canon/canonical_story_tree/books/Book_20_The_Beforemath/book_content.txt|canon/canonical_story_tree/books/Book_21_The_Final_Descent/book_content.txt|canon/canonical_story_tree/books/Book_22_The_Last_Open_Gate/book_content.txt|canon/canonical_story_tree/books/Book_23_The_Final_Resonance/book_content.txt|canon/canonical_story_tree/books/Book_24_Born_To_Die/book_content.txt|canon/canonical_story_tree/books/Book_25_Death_Is_Rebirth/book_content.txt	portal|structure	timeline|relationships|scenes|quests|world	implemented_reference_map	reference_extracted_pending_domain_review
WDM-STRUCTURE-8f1c3f7546f3	structure	S120 The-Beat-Ends-with-the-Rift-Actively-Widening	canon/canonical_story_tree/all_25_books_latest_full_cycle.txt|canon/canonical_story_tree/books/Book_07_The_Rift_Widens/book_content.txt	structure	timeline|relationships|scenes|quests|world	implemented_reference_map	reference_extracted_pending_domain_review
WDM-STRUCTURE-28f1f9d4ebf3	structure	is properly underway	canon/canonical_story_tree/all_25_books_latest_full_cycle.txt|canon/canonical_story_tree/books/Book_07_The_Rift_Widens/book_content.txt|canon/canonical_story_tree/books/Book_10_Mack_Falls/book_content.txt|canon/canonical_story_tree/books/Book_11_The_Portal_Opens/book_content.txt|canon/canonical_story_tree/books/Book_12_Stasis/book_content.txt|canon/canonical_story_tree/books/Book_13_The_Afterwake/book_content.txt|canon/canonical_story_tree/books/Book_14_The_Long_Reorientation/book_content.txt|canon/canonical_story_tree/books/Book_16_The_Deepening_World/book_content.txt|canon/canonical_story_tree/books/Book_17_Black_Heart_Scar/book_content.txt|canon/canonical_story_tree/books/Book_18_Strange_Gravity/book_content.txt|canon/canonical_story_tree/books/Book_19_The_Cracking_Core/book_content.txt|canon/canonical_story_tree/books/Book_20_The_Beforemath/book_content.txt|canon/canonical_story_tree/books/Book_22_The_Last_Open_Gate/book_content.txt|canon/canonical_story_tree/books/Book_23_The_Final_Resonance/book_content.txt|canon/canonical_story_tree/books/Book_24_Born_To_Die/book_content.txt	portal|structure	timeline|relationships|scenes|quests|world	implemented_reference_map	reference_extracted_pending_domain_review
WDM-STRUCTURE-83a04ea88100	structure	S014 Pip-Feels-the-Blue-Thread-and-the-Break-Pulling-Together	canon/canonical_story_tree/all_25_books_latest_full_cycle.txt|canon/canonical_story_tree/books/Book_07_The_Rift_Widens/book_content.txt	bridge	timeline|relationships|scenes|quests|world	implemented_reference_map	reference_extracted_pending_domain_review
WDM-STRUCTURE-8a698d427c75	structure	Symbolic pressure rises	canon/canonical_story_tree/all_25_books_latest_full_cycle.txt|canon/canonical_story_tree/books/Book_07_The_Rift_Widens/book_content.txt	bridge	timeline|relationships|scenes|quests|world	implemented_reference_map	reference_extracted_pending_domain_review
WDM-STRUCTURE-caabcec4501b	structure	S015 Rylos-Sees-Where-the-World-Is-Trying-to-Use-Bond-As-Leverage	canon/canonical_story_tree/all_25_books_latest_full_cycle.txt|canon/canonical_story_tree/books/Book_07_The_Rift_Widens/book_content.txt	bridge	timeline|relationships|scenes|quests|world	implemented_reference_map	reference_extracted_pending_domain_review
WDM-STRUCTURE-b145e54a26f9	structure	Practical discernment matters	canon/canonical_story_tree/all_25_books_latest_full_cycle.txt|canon/canonical_story_tree/books/Book_07_The_Rift_Widens/book_content.txt	bridge	timeline|relationships|scenes|quests|world	implemented_reference_map	reference_extracted_pending_domain_review
WDM-STRUCTURE-e035ae9127ba	structure	S016 Mack-Lifts-Low-Walls-and-Root-Bridges-to-Shape-a-Safer-Approach	canon/canonical_story_tree/all_25_books_latest_full_cycle.txt|canon/canonical_story_tree/books/Book_07_The_Rift_Widens/book_content.txt	bridge	timeline|relationships|scenes|quests|world	implemented_reference_map	reference_extracted_pending_domain_review
WDM-STRUCTURE-50fb0d41e08c	structure	Life magic remains part of	canon/canonical_story_tree/all_25_books_latest_full_cycle.txt|canon/canonical_story_tree/books/Book_07_The_Rift_Widens/book_content.txt	bridge	timeline|relationships|scenes|quests|world	implemented_reference_map	reference_extracted_pending_domain_review
WDM-STRUCTURE-4629f4097ca1	structure	every strategic exchange	canon/canonical_story_tree/all_25_books_latest_full_cycle.txt|canon/canonical_story_tree/books/Book_07_The_Rift_Widens/book_content.txt	bridge	timeline|relationships|scenes|quests|world	implemented_reference_map	reference_extracted_pending_domain_review
WDM-STRUCTURE-2349144d015f	structure	S017 The-Sanctuarys-Grace-Takes-Material-Form	canon/canonical_story_tree/all_25_books_latest_full_cycle.txt|canon/canonical_story_tree/books/Book_07_The_Rift_Widens/book_content.txt	bridge	timeline|relationships|scenes|quests|world	implemented_reference_map	reference_extracted_pending_domain_review
WDM-STRUCTURE-04241bf2771a	structure	Protection is architectural	canon/canonical_story_tree/all_25_books_latest_full_cycle.txt|canon/canonical_story_tree/books/Book_07_The_Rift_Widens/book_content.txt	bridge	timeline|relationships|scenes|quests|world	implemented_reference_map	reference_extracted_pending_domain_review
WDM-STRUCTURE-342edeca0729	structure	S018 Pip-Understands-That-Widening-Is-Also-Revelation	canon/canonical_story_tree/all_25_books_latest_full_cycle.txt|canon/canonical_story_tree/books/Book_07_The_Rift_Widens/book_content.txt	bridge	timeline|relationships|scenes|quests|world	implemented_reference_map	reference_extracted_pending_domain_review
WDM-STRUCTURE-7656e034e0fc	structure	Target logic clarifies	canon/canonical_story_tree/all_25_books_latest_full_cycle.txt|canon/canonical_story_tree/books/Book_07_The_Rift_Widens/book_content.txt	shelter	timeline|relationships|scenes|quests|world	implemented_reference_map	reference_extracted_pending_domain_review
WDM-STRUCTURE-7e91247db642	structure	S087 Rylos-Refuses-that-Reduction-on-Sight	canon/canonical_story_tree/all_25_books_latest_full_cycle.txt|canon/canonical_story_tree/books/Book_07_The_Rift_Widens/book_content.txt	shelter	timeline|relationships|scenes|quests|world	implemented_reference_map	reference_extracted_pending_domain_review
WDM-STRUCTURE-4810d77453b6	structure	He protects by naming the	canon/canonical_story_tree/all_25_books_latest_full_cycle.txt|canon/canonical_story_tree/books/Book_07_The_Rift_Widens/book_content.txt	shelter	timeline|relationships|scenes|quests|world	implemented_reference_map	reference_extracted_pending_domain_review
WDM-STRUCTURE-fa605fc78f73	structure	pattern	canon/canonical_story_tree/all_25_books_latest_full_cycle.txt|canon/canonical_story_tree/books/Book_07_The_Rift_Widens/book_content.txt	shelter	timeline|relationships|scenes|quests|world	implemented_reference_map	reference_extracted_pending_domain_review
WDM-STRUCTURE-82fd6ff561c9	structure	S088 Mack-Counters-With-Living-Connection-Work	canon/canonical_story_tree/all_25_books_latest_full_cycle.txt|canon/canonical_story_tree/books/Book_07_The_Rift_Widens/book_content.txt	shelter	timeline|relationships|scenes|quests|world	implemented_reference_map	reference_extracted_pending_domain_review
WDM-STRUCTURE-044dd544e99e	structure	Roots	canon/canonical_story_tree/all_25_books_latest_full_cycle.txt|canon/canonical_story_tree/books/Book_07_The_Rift_Widens/book_content.txt	shelter	timeline|relationships|scenes|quests|world	implemented_reference_map	reference_extracted_pending_domain_review
WDM-STRUCTURE-6b18cbe2f668	structure	paths	canon/canonical_story_tree/all_25_books_latest_full_cycle.txt|canon/canonical_story_tree/books/Book_07_The_Rift_Widens/book_content.txt	shelter	timeline|relationships|scenes|quests|world	implemented_reference_map	reference_extracted_pending_domain_review
WDM-STRUCTURE-5be4b73ceb26	structure	and sheltered spans are raised	canon/canonical_story_tree/all_25_books_latest_full_cycle.txt|canon/canonical_story_tree/books/Book_07_The_Rift_Widens/book_content.txt	shelter	timeline|relationships|scenes|quests|world	implemented_reference_map	reference_extracted_pending_domain_review
WDM-STRUCTURE-14750e2efc1c	structure	to keep relation intact	canon/canonical_story_tree/all_25_books_latest_full_cycle.txt|canon/canonical_story_tree/books/Book_07_The_Rift_Widens/book_content.txt	shelter	timeline|relationships|scenes|quests|world	implemented_reference_map	reference_extracted_pending_domain_review
WDM-STRUCTURE-72e07552bbb8	structure	S089 The-Sanctuarys-Magic-Is-Shown-as-Anti-Rift-Logic	canon/canonical_story_tree/all_25_books_latest_full_cycle.txt|canon/canonical_story_tree/books/Book_07_The_Rift_Widens/book_content.txt	shelter	timeline|relationships|scenes|quests|world	implemented_reference_map	reference_extracted_pending_domain_review
WDM-STRUCTURE-6bb041ad2503	structure	Mack's nature answers division with	canon/canonical_story_tree/all_25_books_latest_full_cycle.txt|canon/canonical_story_tree/books/Book_07_The_Rift_Widens/book_content.txt	shelter	timeline|relationships|scenes|quests|world	implemented_reference_map	reference_extracted_pending_domain_review
WDM-STRUCTURE-e0ae369b5602	structure	living joinedness	canon/canonical_story_tree/all_25_books_latest_full_cycle.txt|canon/canonical_story_tree/books/Book_07_The_Rift_Widens/book_content.txt	shelter	timeline|relationships|scenes|quests|world	implemented_reference_map	reference_extracted_pending_domain_review
WDM-STRUCTURE-a7cf8cdd4bf7	structure	S090 Pip-Sees-That-Determination-Is-Not-Enough-Without-Connection	canon/canonical_story_tree/all_25_books_latest_full_cycle.txt|canon/canonical_story_tree/books/Book_07_The_Rift_Widens/book_content.txt	shelter	timeline|relationships|scenes|quests|world	implemented_reference_map	reference_extracted_pending_domain_review
WDM-STRUCTURE-8076c0e585a4	structure	Safeguard remains intact	canon/canonical_story_tree/all_25_books_latest_full_cycle.txt|canon/canonical_story_tree/books/Book_10_Mack_Falls/book_content.txt|canon/canonical_story_tree/books/Book_11_The_Portal_Opens/book_content.txt|canon/canonical_story_tree/books/Book_12_Stasis/book_content.txt|canon/canonical_story_tree/books/Book_13_The_Afterwake/book_content.txt|canon/canonical_story_tree/books/Book_14_The_Long_Reorientation/book_content.txt|canon/canonical_story_tree/books/Book_15_Suffocating_In_Silence/book_content.txt|canon/canonical_story_tree/books/Book_16_The_Deepening_World/book_content.txt|canon/canonical_story_tree/books/Book_17_Black_Heart_Scar/book_content.txt|canon/canonical_story_tree/books/Book_18_Strange_Gravity/book_content.txt|canon/canonical_story_tree/books/Book_19_The_Cracking_Core/book_content.txt|canon/canonical_story_tree/books/Book_20_The_Beforemath/book_content.txt|canon/canonical_story_tree/books/Book_21_The_Final_Descent/book_content.txt|canon/canonical_story_tree/books/Book_22_The_Last_Open_Gate/book_content.txt|canon/canonical_story_tree/books/Book_23_The_Final_Resonance/book_content.txt|canon/canonical_story_tree/books/Book_24_Born_To_Die/book_content.txt|canon/canonical_story_tree/books/Book_25_Death_Is_Rebirth/book_content.txt	portal|shelter|structure	timeline|relationships|scenes|quests|world	implemented_reference_map	reference_extracted_pending_domain_review
WDM-STRUCTURE-f9e3844bf2aa	structure	S117 Pip-and-Rylos-Move-Forward-More-Accurately-Bound-Under-Mack-Fall	canon/canonical_story_tree/all_25_books_latest_full_cycle.txt|canon/canonical_story_tree/books/Book_10_Mack_Falls/book_content.txt	portal|structure	timeline|relationships|scenes|quests|world	implemented_reference_map	reference_extracted_pending_domain_review
WDM-STRUCTURE-891bcb2d61de	structure	S118 The-Book-Finds-Its-Guardian-Fall-Law	canon/canonical_story_tree/all_25_books_latest_full_cycle.txt|canon/canonical_story_tree/books/Book_10_Mack_Falls/book_content.txt	portal|structure	timeline|relationships|scenes|quests|world	implemented_reference_map	reference_extracted_pending_domain_review
WDM-STRUCTURE-4167034f7230	structure	S119 The-Next-Layer-Promises-Portal-Scale-Consequences	canon/canonical_story_tree/all_25_books_latest_full_cycle.txt|canon/canonical_story_tree/books/Book_10_Mack_Falls/book_content.txt	portal|structure	timeline|relationships|scenes|quests|world	implemented_reference_map	reference_extracted_pending_domain_review
WDM-STRUCTURE-9fa3bc04ae82	structure	loads forward	canon/canonical_story_tree/all_25_books_latest_full_cycle.txt|canon/canonical_story_tree/books/Book_10_Mack_Falls/book_content.txt|canon/canonical_story_tree/books/Book_11_The_Portal_Opens/book_content.txt|canon/canonical_story_tree/books/Book_12_Stasis/book_content.txt|canon/canonical_story_tree/books/Book_13_The_Afterwake/book_content.txt|canon/canonical_story_tree/books/Book_14_The_Long_Reorientation/book_content.txt|canon/canonical_story_tree/books/Book_15_Suffocating_In_Silence/book_content.txt|canon/canonical_story_tree/books/Book_16_The_Deepening_World/book_content.txt|canon/canonical_story_tree/books/Book_17_Black_Heart_Scar/book_content.txt|canon/canonical_story_tree/books/Book_18_Strange_Gravity/book_content.txt|canon/canonical_story_tree/books/Book_19_The_Cracking_Core/book_content.txt|canon/canonical_story_tree/books/Book_20_The_Beforemath/book_content.txt|canon/canonical_story_tree/books/Book_21_The_Final_Descent/book_content.txt|canon/canonical_story_tree/books/Book_22_The_Last_Open_Gate/book_content.txt|canon/canonical_story_tree/books/Book_23_The_Final_Resonance/book_content.txt|canon/canonical_story_tree/books/Book_24_Born_To_Die/book_content.txt	portal|structure	timeline|relationships|scenes|quests|world	implemented_reference_map	reference_extracted_pending_domain_review
WDM-STRUCTURE-ec9e1e5fe754	structure	S120 The-Beat-Ends-with-Mack-Still-Falling-and-Still-Mack	canon/canonical_story_tree/all_25_books_latest_full_cycle.txt|canon/canonical_story_tree/books/Book_10_Mack_Falls/book_content.txt	portal|structure	timeline|relationships|scenes|quests|world	implemented_reference_map	reference_extracted_pending_domain_review
WDM-STRUCTURE-20253c8ce979	structure	"Notes
This file is the"	canon/canonical_story_tree/all_25_books_latest_full_cycle.txt|canon/canonical_story_tree/books/Book_10_Mack_Falls/book_content.txt|canon/canonical_story_tree/books/Book_11_The_Portal_Opens/book_content.txt|canon/canonical_story_tree/books/Book_25_Death_Is_Rebirth/book_content.txt	portal|well	timeline|relationships|scenes|quests|world	implemented_reference_map	reference_extracted_pending_domain_review
WDM-STRUCTURE-cda548897e9b	structure	book-level anchor only	canon/canonical_story_tree/all_25_books_latest_full_cycle.txt|canon/canonical_story_tree/books/Book_10_Mack_Falls/book_content.txt|canon/canonical_story_tree/books/Book_11_The_Portal_Opens/book_content.txt|canon/canonical_story_tree/books/Book_25_Death_Is_Rebirth/book_content.txt	portal|well	timeline|relationships|scenes|quests|world	implemented_reference_map	reference_extracted_pending_domain_review
WDM-STRUCTURE-0423b1b5f9f9	structure	contained	canon/canonical_story_tree/all_25_books_latest_full_cycle.txt|canon/canonical_story_tree/books/Book_10_Mack_Falls/book_content.txt|canon/canonical_story_tree/books/Book_11_The_Portal_Opens/book_content.txt|canon/canonical_story_tree/books/Book_25_Death_Is_Rebirth/book_content.txt	portal|well	timeline|relationships|scenes|quests|world	implemented_reference_map	reference_extracted_pending_domain_review
WDM-STRUCTURE-3a94c0c4afd8	structure	beats	canon/canonical_story_tree/all_25_books_latest_full_cycle.txt|canon/canonical_story_tree/books/Book_10_Mack_Falls/book_content.txt|canon/canonical_story_tree/books/Book_11_The_Portal_Opens/book_content.txt|canon/canonical_story_tree/books/Book_25_Death_Is_Rebirth/book_content.txt	portal|well	timeline|relationships|scenes|quests|world	implemented_reference_map	reference_extracted_pending_domain_review
WDM-STRUCTURE-53ff1939c42e	structure	contained beats	canon/canonical_story_tree/all_25_books_latest_full_cycle.txt|canon/canonical_story_tree/books/Book_10_Mack_Falls/book_content.txt|canon/canonical_story_tree/books/Book_11_The_Portal_Opens/book_content.txt|canon/canonical_story_tree/books/Book_25_Death_Is_Rebirth/book_content.txt	portal|well	timeline|relationships|scenes|quests|world	implemented_reference_map	reference_extracted_pending_domain_review
WDM-STRUCTURE-16002c057a03	structure	Falls	canon/canonical_story_tree/all_25_books_latest_full_cycle.txt|canon/canonical_story_tree/books/Book_10_Mack_Falls/book_content.txt	portal	timeline|relationships|scenes|quests|world	implemented_reference_map	reference_extracted_pending_domain_review
WDM-STRUCTURE-7bc471768a5d	structure	B10	canon/canonical_story_tree/all_25_books_latest_full_cycle.txt|canon/canonical_story_tree/books/Book_10_Mack_Falls/book_content.txt	portal|shelter	timeline|relationships|scenes|quests|world	implemented_reference_map	reference_extracted_pending_domain_review
WDM-STRUCTURE-c854928d9f75	structure	The Discard	canon/canonical_story_tree/all_25_books_latest_full_cycle.txt|canon/canonical_story_tree/books/Book_10_Mack_Falls/book_content.txt	portal	timeline|relationships|scenes|quests|world	implemented_reference_map	reference_extracted_pending_domain_review
WDM-STRUCTURE-f3ddaa91a549	structure	Mack Spends Everything	canon/canonical_story_tree/all_25_books_latest_full_cycle.txt|canon/canonical_story_tree/books/Book_10_Mack_Falls/book_content.txt	portal	timeline|relationships|scenes|quests|world	implemented_reference_map	reference_extracted_pending_domain_review
WDM-STRUCTURE-8b1d2149bd64	structure	The Portal He Cuts Open	canon/canonical_story_tree/all_25_books_latest_full_cycle.txt|canon/canonical_story_tree/books/Book_10_Mack_Falls/book_content.txt	portal	timeline|relationships|scenes|quests|world	implemented_reference_map	reference_extracted_pending_domain_review
WDM-STRUCTURE-c6f604ad8180	structure	The Cockatrice Strikes	canon/canonical_story_tree/all_25_books_latest_full_cycle.txt|canon/canonical_story_tree/books/Book_10_Mack_Falls/book_content.txt	portal	timeline|relationships|scenes|quests|world	implemented_reference_map	reference_extracted_pending_domain_review
WDM-STRUCTURE-543d09b2f157	structure	final	canon/canonical_story_tree/all_25_books_latest_full_cycle.txt|canon/canonical_story_tree/books/Book_10_Mack_Falls/book_content.txt	portal	timeline|relationships|scenes|quests|world	implemented_reference_map	reference_extracted_pending_domain_review
WDM-STRUCTURE-607f2168057b	structure	audit	canon/canonical_story_tree/all_25_books_latest_full_cycle.txt|canon/canonical_story_tree/books/Book_10_Mack_Falls/book_content.txt	portal	timeline|relationships|scenes|quests|world	implemented_reference_map	reference_extracted_pending_domain_review
WDM-STRUCTURE-436e444d7cf5	structure	wowas	canon/canonical_story_tree/all_25_books_latest_full_cycle.txt|canon/canonical_story_tree/books/Book_10_Mack_Falls/book_content.txt|canon/canonical_story_tree/world/wowas_world_zone_map.json	portal|settlement|structure|well	timeline|relationships|scenes|quests|world	implemented_reference_map	reference_extracted_pending_domain_review
WDM-STRUCTURE-40738422da49	structure	knowledge	canon/canonical_story_tree/all_25_books_latest_full_cycle.txt|canon/canonical_story_tree/books/Book_10_Mack_Falls/book_content.txt|canon/canonical_story_tree/world/wowas_world_zone_map.json	portal|settlement	timeline|relationships|scenes|quests|world	implemented_reference_map	reference_extracted_pending_domain_review
WDM-STRUCTURE-9f1f0db03dd6	structure	split	canon/canonical_story_tree/all_25_books_latest_full_cycle.txt|canon/canonical_story_tree/books/Book_10_Mack_Falls/book_content.txt	portal	timeline|relationships|scenes|quests|world	implemented_reference_map	reference_extracted_pending_domain_review
WDM-STRUCTURE-9f037dfc5ebc	structure	"txt
  candidate"	canon/canonical_story_tree/all_25_books_latest_full_cycle.txt|canon/canonical_story_tree/books/Book_10_Mack_Falls/book_content.txt	portal	timeline|relationships|scenes|quests|world	implemented_reference_map	reference_extracted_pending_domain_review
WDM-STRUCTURE-e47cf4276266	structure	SPECIFICATIONS	canon/canonical_story_tree/all_25_books_latest_full_cycle.txt|canon/canonical_story_tree/books/Book_10_Mack_Falls/book_content.txt	portal	timeline|relationships|scenes|quests|world	implemented_reference_map	reference_extracted_pending_domain_review
WDM-STRUCTURE-08b096c0534e	structure	Canon lock	canon/canonical_story_tree/all_25_books_latest_full_cycle.txt|canon/canonical_story_tree/books/Book_10_Mack_Falls/book_content.txt	portal	timeline|relationships|scenes|quests|world	implemented_reference_map	reference_extracted_pending_domain_review
WDM-STRUCTURE-5e9d5990b805	structure	time spent in-portal after escaping	canon/canonical_story_tree/all_25_books_latest_full_cycle.txt|canon/canonical_story_tree/books/Book_10_Mack_Falls/book_content.txt	portal	timeline|relationships|scenes|quests|world	implemented_reference_map	reference_extracted_pending_domain_review
WDM-STRUCTURE-63f0ce130d6f	structure	cursed Mack is	canon/canonical_story_tree/all_25_books_latest_full_cycle.txt|canon/canonical_story_tree/books/Book_10_Mack_Falls/book_content.txt	portal	timeline|relationships|scenes|quests|world	implemented_reference_map	reference_extracted_pending_domain_review
WDM-STRUCTURE-0c426378d6ce	structure	years	canon/canonical_story_tree/all_25_books_latest_full_cycle.txt|canon/canonical_story_tree/books/Book_10_Mack_Falls/book_content.txt	portal	timeline|relationships|scenes|quests|world	implemented_reference_map	reference_extracted_pending_domain_review
WDM-STRUCTURE-cdb8d0d1d3ef	structure	Other figures	canon/canonical_story_tree/all_25_books_latest_full_cycle.txt|canon/canonical_story_tree/books/Book_10_Mack_Falls/book_content.txt	portal	timeline|relationships|scenes|quests|world	implemented_reference_map	reference_extracted_pending_domain_review
WDM-STRUCTURE-54098829dd56	structure	are treated as draft variance	canon/canonical_story_tree/all_25_books_latest_full_cycle.txt|canon/canonical_story_tree/books/Book_10_Mack_Falls/book_content.txt	portal	timeline|relationships|scenes|quests|world	implemented_reference_map	reference_extracted_pending_domain_review
WDM-STRUCTURE-94b73a5bd2aa	structure	unless explicitly canonized	canon/canonical_story_tree/all_25_books_latest_full_cycle.txt|canon/canonical_story_tree/books/Book_10_Mack_Falls/book_content.txt	portal	timeline|relationships|scenes|quests|world	implemented_reference_map	reference_extracted_pending_domain_review
WDM-STRUCTURE-d087f7c977d1	structure	draft variance unless canonized	canon/canonical_story_tree/all_25_books_latest_full_cycle.txt|canon/canonical_story_tree/books/Book_10_Mack_Falls/book_content.txt	portal	timeline|relationships|scenes|quests|world	implemented_reference_map	reference_extracted_pending_domain_review
WDM-STRUCTURE-a0b6e86589a8	structure	scope	canon/canonical_story_tree/all_25_books_latest_full_cycle.txt|canon/canonical_story_tree/books/Book_10_Mack_Falls/book_content.txt	portal	timeline|relationships|scenes|quests|world	implemented_reference_map	reference_extracted_pending_domain_review
WDM-STRUCTURE-5d7c599f1f17	structure	consistency	canon/canonical_story_tree/all_25_books_latest_full_cycle.txt|canon/canonical_story_tree/books/Book_10_Mack_Falls/book_content.txt	portal	timeline|relationships|scenes|quests|world	implemented_reference_map	reference_extracted_pending_domain_review
WDM-STRUCTURE-c98b6749bd9c	structure	report	canon/canonical_story_tree/all_25_books_latest_full_cycle.txt|canon/canonical_story_tree/books/Book_10_Mack_Falls/book_content.txt	portal	timeline|relationships|scenes|quests|world	implemented_reference_map	reference_extracted_pending_domain_review
WDM-STRUCTURE-b211e1ec3f6c	structure	lock	canon/canonical_story_tree/all_25_books_latest_full_cycle.txt|canon/canonical_story_tree/books/Book_10_Mack_Falls/book_content.txt	portal	timeline|relationships|scenes|quests|world	implemented_reference_map	reference_extracted_pending_domain_review
WDM-STRUCTURE-5d3690f8faf4	structure	time in-portal after escaping cursed	canon/canonical_story_tree/all_25_books_latest_full_cycle.txt|canon/canonical_story_tree/books/Book_10_Mack_Falls/book_content.txt	portal	timeline|relationships|scenes|quests|world	implemented_reference_map	reference_extracted_pending_domain_review
WDM-STRUCTURE-39a539475935	structure	Treat	canon/canonical_story_tree/all_25_books_latest_full_cycle.txt|canon/canonical_story_tree/books/Book_10_Mack_Falls/book_content.txt	portal	timeline|relationships|scenes|quests|world	implemented_reference_map	reference_extracted_pending_domain_review
WDM-STRUCTURE-db1c907aed9c	structure	years' as either	canon/canonical_story_tree/all_25_books_latest_full_cycle.txt|canon/canonical_story_tree/books/Book_10_Mack_Falls/book_content.txt	portal	timeline|relationships|scenes|quests|world	implemented_reference_map	reference_extracted_pending_domain_review
WDM-STRUCTURE-45ef38fdb867	structure	total saga span	canon/canonical_story_tree/all_25_books_latest_full_cycle.txt|canon/canonical_story_tree/books/Book_10_Mack_Falls/book_content.txt	portal	timeline|relationships|scenes|quests|world	implemented_reference_map	reference_extracted_pending_domain_review
WDM-STRUCTURE-899782c72f5e	structure	in-portal subjective span after escaping	canon/canonical_story_tree/all_25_books_latest_full_cycle.txt|canon/canonical_story_tree/books/Book_10_Mack_Falls/book_content.txt	portal	timeline|relationships|scenes|quests|world	implemented_reference_map	reference_extracted_pending_domain_review
WDM-STRUCTURE-6ef74b12c605	structure	cursed Mack	canon/canonical_story_tree/all_25_books_latest_full_cycle.txt|canon/canonical_story_tree/books/Book_10_Mack_Falls/book_content.txt	portal	timeline|relationships|scenes|quests|world	implemented_reference_map	reference_extracted_pending_domain_review
WDM-STRUCTURE-d91673b816d9	structure	canon-locked	canon/canonical_story_tree/all_25_books_latest_full_cycle.txt|canon/canonical_story_tree/books/Book_10_Mack_Falls/book_content.txt	portal	timeline|relationships|scenes|quests|world	implemented_reference_map	reference_extracted_pending_domain_review
WDM-STRUCTURE-9fe66b56bd0b	structure	archetype	canon/canonical_story_tree/all_25_books_latest_full_cycle.txt|canon/canonical_story_tree/books/Book_10_Mack_Falls/book_content.txt	portal	timeline|relationships|scenes|quests|world	implemented_reference_map	reference_extracted_pending_domain_review
WDM-STRUCTURE-fcabab0d2b5a	structure	synthesis	canon/canonical_story_tree/all_25_books_latest_full_cycle.txt|canon/canonical_story_tree/books/Book_10_Mack_Falls/book_content.txt	portal	timeline|relationships|scenes|quests|world	implemented_reference_map	reference_extracted_pending_domain_review
WDM-STRUCTURE-74258a2d91bf	structure	master	canon/canonical_story_tree/all_25_books_latest_full_cycle.txt|canon/canonical_story_tree/books/Book_10_Mack_Falls/book_content.txt|canon/canonical_story_tree/world/wowas_world_zone_map.json	portal|settlement	timeline|relationships|scenes|quests|world	implemented_reference_map	reference_extracted_pending_domain_review
WDM-STRUCTURE-f9576053d320	structure	prompt	canon/canonical_story_tree/all_25_books_latest_full_cycle.txt|canon/canonical_story_tree/books/Book_10_Mack_Falls/book_content.txt	portal	timeline|relationships|scenes|quests|world	implemented_reference_map	reference_extracted_pending_domain_review
WDM-STRUCTURE-8e2030d6296b	structure	Mack is	canon/canonical_story_tree/all_25_books_latest_full_cycle.txt|canon/canonical_story_tree/books/Book_10_Mack_Falls/book_content.txt	portal	timeline|relationships|scenes|quests|world	implemented_reference_map	reference_extracted_pending_domain_review
WDM-STRUCTURE-b6dfe2c8313f	structure	cohesion	canon/canonical_story_tree/all_25_books_latest_full_cycle.txt|canon/canonical_story_tree/books/Book_10_Mack_Falls/book_content.txt	portal	timeline|relationships|scenes|quests|world	implemented_reference_map	reference_extracted_pending_domain_review
WDM-STRUCTURE-d9a7c7134876	structure	review	canon/canonical_story_tree/all_25_books_latest_full_cycle.txt|canon/canonical_story_tree/books/Book_10_Mack_Falls/book_content.txt	portal|well	timeline|relationships|scenes|quests|world	implemented_reference_map	reference_extracted_pending_domain_review
WDM-STRUCTURE-04a2e469168f	structure	year in-portal	canon/canonical_story_tree/all_25_books_latest_full_cycle.txt|canon/canonical_story_tree/books/Book_10_Mack_Falls/book_content.txt	portal	timeline|relationships|scenes|quests|world	implemented_reference_map	reference_extracted_pending_domain_review
WDM-STRUCTURE-8cef8e4c969c	structure	after escaping cursed Mack	canon/canonical_story_tree/all_25_books_latest_full_cycle.txt|canon/canonical_story_tree/books/Book_10_Mack_Falls/book_content.txt	portal	timeline|relationships|scenes|quests|world	implemented_reference_map	reference_extracted_pending_domain_review
WDM-STRUCTURE-afad278767d1	structure	source	canon/canonical_story_tree/all_25_books_latest_full_cycle.txt|canon/canonical_story_tree/books/Book_10_Mack_Falls/book_content.txt	portal	timeline|relationships|scenes|quests|world	implemented_reference_map	reference_extracted_pending_domain_review
WDM-STRUCTURE-f16564c50f98	structure	freeze	canon/canonical_story_tree/all_25_books_latest_full_cycle.txt|canon/canonical_story_tree/books/Book_10_Mack_Falls/book_content.txt	portal	timeline|relationships|scenes|quests|world	implemented_reference_map	reference_extracted_pending_domain_review
WDM-STRUCTURE-3ee9227f362f	structure	manifest	canon/canonical_story_tree/all_25_books_latest_full_cycle.txt|canon/canonical_story_tree/books/Book_10_Mack_Falls/book_content.txt	portal	timeline|relationships|scenes|quests|world	implemented_reference_map	reference_extracted_pending_domain_review
WDM-STRUCTURE-fe5815a0ff4f	structure	rake	canon/canonical_story_tree/all_25_books_latest_full_cycle.txt|canon/canonical_story_tree/books/Book_10_Mack_Falls/book_content.txt	portal	timeline|relationships|scenes|quests|world	implemented_reference_map	reference_extracted_pending_domain_review
WDM-STRUCTURE-badd06f6e6f3	structure	crossref	canon/canonical_story_tree/all_25_books_latest_full_cycle.txt|canon/canonical_story_tree/books/Book_10_Mack_Falls/book_content.txt	portal	timeline|relationships|scenes|quests|world	implemented_reference_map	reference_extracted_pending_domain_review
WDM-STRUCTURE-b4f3e73f08c0	structure	Any	canon/canonical_story_tree/all_25_books_latest_full_cycle.txt|canon/canonical_story_tree/books/Book_10_Mack_Falls/book_content.txt	portal	timeline|relationships|scenes|quests|world	implemented_reference_map	reference_extracted_pending_domain_review
WDM-STRUCTURE-4aba50ed726c	structure	year figure is treated as	canon/canonical_story_tree/all_25_books_latest_full_cycle.txt|canon/canonical_story_tree/books/Book_10_Mack_Falls/book_content.txt	portal	timeline|relationships|scenes|quests|world	implemented_reference_map	reference_extracted_pending_domain_review
WDM-STRUCTURE-2e6d5faeea47	structure	map	canon/canonical_story_tree/all_25_books_latest_full_cycle.txt|canon/canonical_story_tree/books/Book_10_Mack_Falls/book_content.txt|canon/canonical_story_tree/books/Book_11_The_Portal_Opens/book_content.txt|canon/canonical_story_tree/books/Book_25_Death_Is_Rebirth/book_content.txt|canon/canonical_story_tree/world/wowas_world_zone_map.json	portal|settlement|well	timeline|relationships|scenes|quests|world	implemented_reference_map	reference_extracted_pending_domain_review
WDM-STRUCTURE-8f6979240cc6	structure	time map	canon/canonical_story_tree/all_25_books_latest_full_cycle.txt|canon/canonical_story_tree/books/Book_10_Mack_Falls/book_content.txt|canon/canonical_story_tree/books/Book_11_The_Portal_Opens/book_content.txt	portal	timeline|relationships|scenes|quests|world	implemented_reference_map	reference_extracted_pending_domain_review
WDM-STRUCTURE-b330c86b59fe	structure	S036 The-Beat-Ends-with-Private-Failure-Still-Part-of-His-Path	canon/canonical_story_tree/all_25_books_latest_full_cycle.txt|canon/canonical_story_tree/books/Book_10_Mack_Falls/book_content.txt	shelter	timeline|relationships|scenes|quests|world	implemented_reference_map	reference_extracted_pending_domain_review
WDM-STRUCTURE-15239348c5f5	structure	Canon stays on track	canon/canonical_story_tree/all_25_books_latest_full_cycle.txt|canon/canonical_story_tree/books/Book_10_Mack_Falls/book_content.txt	shelter	timeline|relationships|scenes|quests|world	implemented_reference_map	reference_extracted_pending_domain_review
WDM-STRUCTURE-b76d5c745912	structure	The Household Learns to Carry	canon/canonical_story_tree/all_25_books_latest_full_cycle.txt|canon/canonical_story_tree/books/Book_10_Mack_Falls/book_content.txt	shelter	timeline|relationships|scenes|quests|world	implemented_reference_map	reference_extracted_pending_domain_review
WDM-STRUCTURE-d90fd605b8c4	structure	"Mack
target"	canon/canonical_story_tree/all_25_books_latest_full_cycle.txt|canon/canonical_story_tree/books/Book_10_Mack_Falls/book_content.txt	shelter	timeline|relationships|scenes|quests|world	implemented_reference_map	reference_extracted_pending_domain_review
WDM-STRUCTURE-4a18d4db14bb	structure	S037 The-Crisis-Forces-a-Reversal-of-Protection-Flow	canon/canonical_story_tree/all_25_books_latest_full_cycle.txt|canon/canonical_story_tree/books/Book_10_Mack_Falls/book_content.txt	shelter	timeline|relationships|scenes|quests|world	implemented_reference_map	reference_extracted_pending_domain_review
WDM-STRUCTURE-02b7c596a794	structure	Those sheltered by Mack must	canon/canonical_story_tree/all_25_books_latest_full_cycle.txt|canon/canonical_story_tree/books/Book_10_Mack_Falls/book_content.txt	shelter	timeline|relationships|scenes|quests|world	implemented_reference_map	reference_extracted_pending_domain_review
WDM-STRUCTURE-ed6efa7d175a	structure	now help hold him	canon/canonical_story_tree/all_25_books_latest_full_cycle.txt|canon/canonical_story_tree/books/Book_10_Mack_Falls/book_content.txt	shelter	timeline|relationships|scenes|quests|world	implemented_reference_map	reference_extracted_pending_domain_review
WDM-STRUCTURE-48481d0661bf	structure	S038 Pip-Struggles-with-the-Idea-of-Guarding-the-Guardian	canon/canonical_story_tree/all_25_books_latest_full_cycle.txt|canon/canonical_story_tree/books/Book_10_Mack_Falls/book_content.txt	shelter	timeline|relationships|scenes|quests|world	implemented_reference_map	reference_extracted_pending_domain_review
WDM-STRUCTURE-34d70b3e3af5	structure	Emotional inversion deepens	canon/canonical_story_tree/all_25_books_latest_full_cycle.txt|canon/canonical_story_tree/books/Book_10_Mack_Falls/book_content.txt	shelter	timeline|relationships|scenes|quests|world	implemented_reference_map	reference_extracted_pending_domain_review
WDM-STRUCTURE-68c1da4b327a	structure	S039 Rylos-Frames-the-Task-As-Response-Not-Presumption	canon/canonical_story_tree/all_25_books_latest_full_cycle.txt|canon/canonical_story_tree/books/Book_10_Mack_Falls/book_content.txt	shelter	timeline|relationships|scenes|quests|world	implemented_reference_map	reference_extracted_pending_domain_review
WDM-STRUCTURE-d592052bdb00	structure	Household truth strengthens him	canon/canonical_story_tree/all_25_books_latest_full_cycle.txt|canon/canonical_story_tree/books/Book_10_Mack_Falls/book_content.txt	shelter	timeline|relationships|scenes|quests|world	implemented_reference_map	reference_extracted_pending_domain_review
WDM-STRUCTURE-e6ed651cde59	structure	S088 Rylos-Recognizes-That-Their-Silence-Is-One-of-the-Things-Keeping-the-World-From-Going-False	canon/canonical_story_tree/all_25_books_latest_full_cycle.txt|canon/canonical_story_tree/books/Book_10_Mack_Falls/book_content.txt	shelter	timeline|relationships|scenes|quests|world	implemented_reference_map	reference_extracted_pending_domain_review
WDM-STRUCTURE-5f5601d6107f	structure	Important refinement	canon/canonical_story_tree/all_25_books_latest_full_cycle.txt|canon/canonical_story_tree/books/Book_10_Mack_Falls/book_content.txt	shelter	timeline|relationships|scenes|quests|world	implemented_reference_map	reference_extracted_pending_domain_review
WDM-STRUCTURE-520b07dd41f2	structure	S089 Mack-Grows-a-Sheltered-Low-Grotto-for-the-Household-Even-While-Falling	canon/canonical_story_tree/all_25_books_latest_full_cycle.txt|canon/canonical_story_tree/books/Book_10_Mack_Falls/book_content.txt	shelter	timeline|relationships|scenes|quests|world	implemented_reference_map	reference_extracted_pending_domain_review
WDM-STRUCTURE-11ca4898fef9	structure	Life magic remains active	canon/canonical_story_tree/all_25_books_latest_full_cycle.txt|canon/canonical_story_tree/books/Book_10_Mack_Falls/book_content.txt	shelter	timeline|relationships|scenes|quests|world	implemented_reference_map	reference_extracted_pending_domain_review
WDM-STRUCTURE-149f6f0100c1	structure	S090 The-Hurt-House-Becomes-a-Place-of-Quiet-Work-Not-Performance	canon/canonical_story_tree/all_25_books_latest_full_cycle.txt|canon/canonical_story_tree/books/Book_10_Mack_Falls/book_content.txt	shelter	timeline|relationships|scenes|quests|world	implemented_reference_map	reference_extracted_pending_domain_review
WDM-STRUCTURE-67ae20c5a22e	structure	Tone stays clean	canon/canonical_story_tree/all_25_books_latest_full_cycle.txt|canon/canonical_story_tree/books/Book_10_Mack_Falls/book_content.txt	shelter	timeline|relationships|scenes|quests|world	implemented_reference_map	reference_extracted_pending_domain_review
WDM-STRUCTURE-897521ea79f5	structure	S091 Daisy-May-Is-Never-Humanized-and-Never-Made-Sacrificial	canon/canonical_story_tree/all_25_books_latest_full_cycle.txt|canon/canonical_story_tree/books/Book_10_Mack_Falls/book_content.txt	shelter	timeline|relationships|scenes|quests|world	implemented_reference_map	reference_extracted_pending_domain_review
WDM-STRUCTURE-ad6b45e67505	structure	S117 Pip-and-Rylos-Move-Forward-More-Accurately-Bound-Under-Opening-Pressure	canon/canonical_story_tree/all_25_books_latest_full_cycle.txt|canon/canonical_story_tree/books/Book_11_The_Portal_Opens/book_content.txt	structure	timeline|relationships|scenes|quests|world	implemented_reference_map	reference_extracted_pending_domain_review
WDM-STRUCTURE-a4bcfd24ca37	structure	S118 The-Book-Finds-Its-Threshold-Law	canon/canonical_story_tree/all_25_books_latest_full_cycle.txt|canon/canonical_story_tree/books/Book_11_The_Portal_Opens/book_content.txt	portal|structure	timeline|relationships|scenes|quests|world	implemented_reference_map	reference_extracted_pending_domain_review
WDM-STRUCTURE-b9c78cb39ed4	structure	S119 The-Next-Layer-Promises-Stasis-Scale-Consequences	canon/canonical_story_tree/all_25_books_latest_full_cycle.txt|canon/canonical_story_tree/books/Book_11_The_Portal_Opens/book_content.txt	portal|structure	timeline|relationships|scenes|quests|world	implemented_reference_map	reference_extracted_pending_domain_review
WDM-STRUCTURE-ff612cfcb97d	structure	S120 The-Beat-Ends-with-the-Portal-Truly-Open	canon/canonical_story_tree/all_25_books_latest_full_cycle.txt|canon/canonical_story_tree/books/Book_11_The_Portal_Opens/book_content.txt	portal|structure	timeline|relationships|scenes|quests|world	implemented_reference_map	reference_extracted_pending_domain_review
WDM-STRUCTURE-ddaedf6f33a1	structure	Portal	canon/canonical_story_tree/all_25_books_latest_full_cycle.txt|canon/canonical_story_tree/books/Book_11_The_Portal_Opens/book_content.txt	portal	timeline|relationships|scenes|quests|world	implemented_reference_map	reference_extracted_pending_domain_review
WDM-STRUCTURE-14c7d6ea6e70	structure	Opens	canon/canonical_story_tree/all_25_books_latest_full_cycle.txt|canon/canonical_story_tree/books/Book_11_The_Portal_Opens/book_content.txt	portal	timeline|relationships|scenes|quests|world	implemented_reference_map	reference_extracted_pending_domain_review
WDM-STRUCTURE-82cfa4b54bf5	structure	Structural Spine	canon/canonical_story_tree/all_25_books_latest_full_cycle.txt|canon/canonical_story_tree/books/Book_11_The_Portal_Opens/book_content.txt	portal	timeline|relationships|scenes|quests|world	implemented_reference_map	reference_extracted_pending_domain_review
WDM-STRUCTURE-24958ed4b2f8	structure	Hope	canon/canonical_story_tree/all_25_books_latest_full_cycle.txt|canon/canonical_story_tree/books/Book_11_The_Portal_Opens/book_content.txt	portal	timeline|relationships|scenes|quests|world	implemented_reference_map	reference_extracted_pending_domain_review
WDM-STRUCTURE-13f0e5294a34	structure	Passage	canon/canonical_story_tree/all_25_books_latest_full_cycle.txt|canon/canonical_story_tree/books/Book_11_The_Portal_Opens/book_content.txt	portal	timeline|relationships|scenes|quests|world	implemented_reference_map	reference_extracted_pending_domain_review
WDM-STRUCTURE-b49c9605e92f	structure	"Working local time span
months"	canon/canonical_story_tree/all_25_books_latest_full_cycle.txt|canon/canonical_story_tree/books/Book_11_The_Portal_Opens/book_content.txt	portal	timeline|relationships|scenes|quests|world	implemented_reference_map	reference_extracted_pending_domain_review
WDM-STRUCTURE-0bb43e5e3677	structure	"Purpose
TBD by review"	canon/canonical_story_tree/books/Book_11_The_Portal_Opens/book_content.txt	portal	timeline|relationships|scenes|quests|world	implemented_reference_map	reference_extracted_pending_domain_review
WDM-STRUCTURE-79124bcff13e	structure	B11	canon/canonical_story_tree/all_25_books_latest_full_cycle.txt|canon/canonical_story_tree/books/Book_11_The_Portal_Opens/book_content.txt	portal	timeline|relationships|scenes|quests|world	implemented_reference_map	reference_extracted_pending_domain_review
WDM-STRUCTURE-aab893cacfd6	structure	Glimmer Of Hope	canon/canonical_story_tree/all_25_books_latest_full_cycle.txt|canon/canonical_story_tree/books/Book_11_The_Portal_Opens/book_content.txt	portal	timeline|relationships|scenes|quests|world	implemented_reference_map	reference_extracted_pending_domain_review
WDM-STRUCTURE-11e889e2819c	structure	Xethrolund Crosses Through	canon/canonical_story_tree/all_25_books_latest_full_cycle.txt|canon/canonical_story_tree/books/Book_11_The_Portal_Opens/book_content.txt	portal	timeline|relationships|scenes|quests|world	implemented_reference_map	reference_extracted_pending_domain_review
WDM-STRUCTURE-1455a1be5f65	structure	He Ran He Came He	canon/canonical_story_tree/all_25_books_latest_full_cycle.txt|canon/canonical_story_tree/books/Book_11_The_Portal_Opens/book_content.txt	portal	timeline|relationships|scenes|quests|world	implemented_reference_map	reference_extracted_pending_domain_review
WDM-STRUCTURE-7c4d5fbb63fb	structure	Arrived	canon/canonical_story_tree/all_25_books_latest_full_cycle.txt|canon/canonical_story_tree/books/Book_11_The_Portal_Opens/book_content.txt	portal	timeline|relationships|scenes|quests|world	implemented_reference_map	reference_extracted_pending_domain_review
WDM-STRUCTURE-3d2e243d2b1c	structure	The Love Bomb	canon/canonical_story_tree/all_25_books_latest_full_cycle.txt|canon/canonical_story_tree/books/Book_11_The_Portal_Opens/book_content.txt	portal	timeline|relationships|scenes|quests|world	implemented_reference_map	reference_extracted_pending_domain_review
WDM-STRUCTURE-b53199e521d7	structure	An Illogical Desire	canon/canonical_story_tree/all_25_books_latest_full_cycle.txt|canon/canonical_story_tree/books/Book_11_The_Portal_Opens/book_content.txt	portal	timeline|relationships|scenes|quests|world	implemented_reference_map	reference_extracted_pending_domain_review
WDM-STRUCTURE-8c768e69164a	structure	spine	canon/canonical_story_tree/all_25_books_latest_full_cycle.txt|canon/canonical_story_tree/books/Book_11_The_Portal_Opens/book_content.txt|canon/canonical_story_tree/books/Book_25_Death_Is_Rebirth/book_content.txt	portal|well	timeline|relationships|scenes|quests|world	implemented_reference_map	reference_extracted_pending_domain_review
WDM-STRUCTURE-4bae610114ab	structure	The Portal Opens Scene Spine	canon/canonical_story_tree/all_25_books_latest_full_cycle.txt|canon/canonical_story_tree/books/Book_11_The_Portal_Opens/book_content.txt	portal	timeline|relationships|scenes|quests|world	implemented_reference_map	reference_extracted_pending_domain_review
WDM-STRUCTURE-a29857d54104	structure	part1	canon/canonical_story_tree/all_25_books_latest_full_cycle.txt|canon/canonical_story_tree/books/Book_11_The_Portal_Opens/book_content.txt|canon/canonical_story_tree/books/Book_15_Suffocating_In_Silence/book_content.txt	portal|shelter	timeline|relationships|scenes|quests|world	implemented_reference_map	reference_extracted_pending_domain_review
WDM-STRUCTURE-33e6806fe1a9	structure	The Portal Opens	canon/canonical_story_tree/all_25_books_latest_full_cycle.txt|canon/canonical_story_tree/books/Book_11_The_Portal_Opens/book_content.txt	portal	timeline|relationships|scenes|quests|world	implemented_reference_map	reference_extracted_pending_domain_review
WDM-STRUCTURE-1c22e133f6d9	structure	The Opening Is Prepared by	canon/canonical_story_tree/all_25_books_latest_full_cycle.txt|canon/canonical_story_tree/books/Book_11_The_Portal_Opens/book_content.txt	portal	timeline|relationships|scenes|quests|world	implemented_reference_map	reference_extracted_pending_domain_review
WDM-STRUCTURE-e9b23e89a30a	structure	"Damage
target"	canon/canonical_story_tree/all_25_books_latest_full_cycle.txt|canon/canonical_story_tree/books/Book_11_The_Portal_Opens/book_content.txt	portal	timeline|relationships|scenes|quests|world	implemented_reference_map	reference_extracted_pending_domain_review
WDM-STRUCTURE-fbe42e60e62a	structure	S001 The-Book-Opens-on-a-Threshold-Made-Possible-by-Everything-That-Has-Broken	canon/canonical_story_tree/all_25_books_latest_full_cycle.txt|canon/canonical_story_tree/books/Book_11_The_Portal_Opens/book_content.txt	portal	timeline|relationships|scenes|quests|world	implemented_reference_map	reference_extracted_pending_domain_review
WDM-STRUCTURE-ec3304147ef6	structure	The portal is consequence	canon/canonical_story_tree/all_25_books_latest_full_cycle.txt|canon/canonical_story_tree/books/Book_11_The_Portal_Opens/book_content.txt	portal	timeline|relationships|scenes|quests|world	implemented_reference_map	reference_extracted_pending_domain_review
WDM-STRUCTURE-fcf5f73847c0	structure	not convenience	canon/canonical_story_tree/all_25_books_latest_full_cycle.txt|canon/canonical_story_tree/books/Book_11_The_Portal_Opens/book_content.txt	portal	timeline|relationships|scenes|quests|world	implemented_reference_map	reference_extracted_pending_domain_review
WDM-STRUCTURE-78748c91a883	structure	S002 Pip-Feels-the-World-Thinning-At-a-Specific-Point	canon/canonical_story_tree/all_25_books_latest_full_cycle.txt|canon/canonical_story_tree/books/Book_11_The_Portal_Opens/book_content.txt	portal	timeline|relationships|scenes|quests|world	implemented_reference_map	reference_extracted_pending_domain_review
WDM-STRUCTURE-2d55ff0276ec	structure	Transition becomes bodily real	canon/canonical_story_tree/all_25_books_latest_full_cycle.txt|canon/canonical_story_tree/books/Book_11_The_Portal_Opens/book_content.txt	portal	timeline|relationships|scenes|quests|world	implemented_reference_map	reference_extracted_pending_domain_review
WDM-STRUCTURE-87b6d6611ecc	structure	S003 Rylos-Vayne-Johnson-Reads-the-Opening-As-Field-Event-Not-Miracle	canon/canonical_story_tree/all_25_books_latest_full_cycle.txt|canon/canonical_story_tree/books/Book_11_The_Portal_Opens/book_content.txt	portal	timeline|relationships|scenes|quests|world	implemented_reference_map	reference_extracted_pending_domain_review
WDM-STRUCTURE-cbf9af54a56c	structure	S009 The-Sanctuary-Acts-Like-a-Living-Launch-Site	canon/canonical_story_tree/all_25_books_latest_full_cycle.txt|canon/canonical_story_tree/books/Book_11_The_Portal_Opens/book_content.txt	portal	timeline|relationships|scenes|quests|world	implemented_reference_map	reference_extracted_pending_domain_review
WDM-STRUCTURE-1714e0b4a827	structure	Home becomes transition architecture	canon/canonical_story_tree/all_25_books_latest_full_cycle.txt|canon/canonical_story_tree/books/Book_11_The_Portal_Opens/book_content.txt	portal	timeline|relationships|scenes|quests|world	implemented_reference_map	reference_extracted_pending_domain_review
WDM-STRUCTURE-24a5c83eaec6	structure	S010 Pip-Does-Not-Assume-Sonomancy-Will-Suddenly-Make-Him-Ready	canon/canonical_story_tree/all_25_books_latest_full_cycle.txt|canon/canonical_story_tree/books/Book_11_The_Portal_Opens/book_content.txt	portal	timeline|relationships|scenes|quests|world	implemented_reference_map	reference_extracted_pending_domain_review
WDM-STRUCTURE-d6eed7c8c6e6	structure	Limit remains honest	canon/canonical_story_tree/all_25_books_latest_full_cycle.txt|canon/canonical_story_tree/books/Book_11_The_Portal_Opens/book_content.txt	portal	timeline|relationships|scenes|quests|world	implemented_reference_map	reference_extracted_pending_domain_review
WDM-STRUCTURE-c24e5319b4dc	structure	S011 Mack-Frames-the-Portal-As-Answer-and-Test	canon/canonical_story_tree/all_25_books_latest_full_cycle.txt|canon/canonical_story_tree/books/Book_11_The_Portal_Opens/book_content.txt	portal	timeline|relationships|scenes|quests|world	implemented_reference_map	reference_extracted_pending_domain_review
WDM-STRUCTURE-dc55cac59ea4	structure	Deity-scale reading enters	canon/canonical_story_tree/all_25_books_latest_full_cycle.txt|canon/canonical_story_tree/books/Book_11_The_Portal_Opens/book_content.txt	portal	timeline|relationships|scenes|quests|world	implemented_reference_map	reference_extracted_pending_domain_review
WDM-STRUCTURE-396129f5eb34	structure	S012 The-Beat-Ends-with-the-Threshold-Classified-Correctly	canon/canonical_story_tree/all_25_books_latest_full_cycle.txt|canon/canonical_story_tree/books/Book_11_The_Portal_Opens/book_content.txt	portal	timeline|relationships|scenes|quests|world	implemented_reference_map	reference_extracted_pending_domain_review
WDM-STRUCTURE-1069f0537009	structure	begins under transition law	canon/canonical_story_tree/all_25_books_latest_full_cycle.txt|canon/canonical_story_tree/books/Book_11_The_Portal_Opens/book_content.txt	portal	timeline|relationships|scenes|quests|world	implemented_reference_map	reference_extracted_pending_domain_review
WDM-STRUCTURE-22caf6d28306	structure	Door Is Not	canon/canonical_story_tree/all_25_books_latest_full_cycle.txt|canon/canonical_story_tree/books/Book_11_The_Portal_Opens/book_content.txt	portal	timeline|relationships|scenes|quests|world	implemented_reference_map	reference_extracted_pending_domain_review
WDM-STRUCTURE-fd289ab54b58	structure	"Promise
target"	canon/canonical_story_tree/all_25_books_latest_full_cycle.txt|canon/canonical_story_tree/books/Book_11_The_Portal_Opens/book_content.txt	portal	timeline|relationships|scenes|quests|world	implemented_reference_map	reference_extracted_pending_domain_review
WDM-STRUCTURE-ce31f664523b	structure	S013 The-Opening-Stabilizes-Enough-to-Be-Seen-Clearly	canon/canonical_story_tree/all_25_books_latest_full_cycle.txt|canon/canonical_story_tree/books/Book_11_The_Portal_Opens/book_content.txt	portal	timeline|relationships|scenes|quests|world	implemented_reference_map	reference_extracted_pending_domain_review
WDM-STRUCTURE-d681571fee1c	structure	The portal becomes undeniable	canon/canonical_story_tree/all_25_books_latest_full_cycle.txt|canon/canonical_story_tree/books/Book_11_The_Portal_Opens/book_content.txt	portal	timeline|relationships|scenes|quests|world	implemented_reference_map	reference_extracted_pending_domain_review
WDM-STRUCTURE-7b7bf9c44015	structure	S014 Pip-Feels-Drawn-and-Warned-at-Once	canon/canonical_story_tree/all_25_books_latest_full_cycle.txt|canon/canonical_story_tree/books/Book_11_The_Portal_Opens/book_content.txt	portal	timeline|relationships|scenes|quests|world	implemented_reference_map	reference_extracted_pending_domain_review
WDM-STRUCTURE-71b1e1486687	structure	Hope and danger stay braided	canon/canonical_story_tree/all_25_books_latest_full_cycle.txt|canon/canonical_story_tree/books/Book_11_The_Portal_Opens/book_content.txt	portal	timeline|relationships|scenes|quests|world	implemented_reference_map	reference_extracted_pending_domain_review
WDM-STRUCTURE-2b251bf19b8f	structure	S015 Rylos-Reads-Which-Parts-of-the-Portal-Are-True-and-Which-Are-Hazard	canon/canonical_story_tree/all_25_books_latest_full_cycle.txt|canon/canonical_story_tree/books/Book_11_The_Portal_Opens/book_content.txt	portal	timeline|relationships|scenes|quests|world	implemented_reference_map	reference_extracted_pending_domain_review
WDM-STRUCTURE-416e458e4425	structure	He remains essential	canon/canonical_story_tree/all_25_books_latest_full_cycle.txt|canon/canonical_story_tree/books/Book_11_The_Portal_Opens/book_content.txt	portal	timeline|relationships|scenes|quests|world	implemented_reference_map	reference_extracted_pending_domain_review
WDM-STRUCTURE-95f74cbbba8e	structure	S016 Mack-Grows-a-Layered-Approach-of-Roots-Stone-and-Lighted-Grottos	canon/canonical_story_tree/all_25_books_latest_full_cycle.txt|canon/canonical_story_tree/books/Book_11_The_Portal_Opens/book_content.txt	portal	timeline|relationships|scenes|quests|world	implemented_reference_map	reference_extracted_pending_domain_review
WDM-STRUCTURE-6ef3c92dfc61	structure	Environment becomes tutorial and defense	canon/canonical_story_tree/all_25_books_latest_full_cycle.txt|canon/canonical_story_tree/books/Book_11_The_Portal_Opens/book_content.txt	portal	timeline|relationships|scenes|quests|world	implemented_reference_map	reference_extracted_pending_domain_review
WDM-STRUCTURE-76ab37220842	structure	S017 The-Sanctuary-Teaches-By-Shaping-the-Walk-Toward-the-Door	canon/canonical_story_tree/all_25_books_latest_full_cycle.txt|canon/canonical_story_tree/books/Book_11_The_Portal_Opens/book_content.txt	portal	timeline|relationships|scenes|quests|world	implemented_reference_map	reference_extracted_pending_domain_review
WDM-STRUCTURE-4b765fcdaf65	structure	S020 Pip-Understands-That-An-Open-Door-Does-Not-Mean-Safe-Passage	canon/canonical_story_tree/all_25_books_latest_full_cycle.txt|canon/canonical_story_tree/books/Book_11_The_Portal_Opens/book_content.txt	portal	timeline|relationships|scenes|quests|world	implemented_reference_map	reference_extracted_pending_domain_review
WDM-STRUCTURE-962024f9f930	structure	Important maturity note	canon/canonical_story_tree/all_25_books_latest_full_cycle.txt|canon/canonical_story_tree/books/Book_11_The_Portal_Opens/book_content.txt	portal	timeline|relationships|scenes|quests|world	implemented_reference_map	reference_extracted_pending_domain_review
WDM-STRUCTURE-3172d8a65223	structure	S021 Rylos-Confirms-It	canon/canonical_story_tree/all_25_books_latest_full_cycle.txt|canon/canonical_story_tree/books/Book_11_The_Portal_Opens/book_content.txt	portal	timeline|relationships|scenes|quests|world	implemented_reference_map	reference_extracted_pending_domain_review
WDM-STRUCTURE-f22f6444bed5	structure	Clarity deepens trust	canon/canonical_story_tree/all_25_books_latest_full_cycle.txt|canon/canonical_story_tree/books/Book_11_The_Portal_Opens/book_content.txt	portal	timeline|relationships|scenes|quests|world	implemented_reference_map	reference_extracted_pending_domain_review
WDM-STRUCTURE-d1c4493a8f35	structure	S022 Mack-Rejects-Any-Reading-of-the-Portal-as-Clean-Escape	canon/canonical_story_tree/all_25_books_latest_full_cycle.txt|canon/canonical_story_tree/books/Book_11_The_Portal_Opens/book_content.txt	portal	timeline|relationships|scenes|quests|world	implemented_reference_map	reference_extracted_pending_domain_review
WDM-STRUCTURE-998748831c09	structure	Serious tonal law	canon/canonical_story_tree/all_25_books_latest_full_cycle.txt|canon/canonical_story_tree/books/Book_11_The_Portal_Opens/book_content.txt	portal	timeline|relationships|scenes|quests|world	implemented_reference_map	reference_extracted_pending_domain_review
WDM-STRUCTURE-23a7c7c7374b	structure	S023 The-Land-Itself-Behaves-Like-It-Is-Listening-to-the-Threshold	canon/canonical_story_tree/all_25_books_latest_full_cycle.txt|canon/canonical_story_tree/books/Book_11_The_Portal_Opens/book_content.txt	portal	timeline|relationships|scenes|quests|world	implemented_reference_map	reference_extracted_pending_domain_review
WDM-STRUCTURE-8c16393f9c66	structure	World-state deepens	canon/canonical_story_tree/all_25_books_latest_full_cycle.txt|canon/canonical_story_tree/books/Book_11_The_Portal_Opens/book_content.txt	portal	timeline|relationships|scenes|quests|world	implemented_reference_map	reference_extracted_pending_domain_review
WDM-STRUCTURE-6cb0dc0b7678	structure	S024 The-Beat-Ends-with-the-Door-Recast-As-Challenge	canon/canonical_story_tree/all_25_books_latest_full_cycle.txt|canon/canonical_story_tree/books/Book_11_The_Portal_Opens/book_content.txt	portal	timeline|relationships|scenes|quests|world	implemented_reference_map	reference_extracted_pending_domain_review
WDM-STRUCTURE-9c9c245eb58b	structure	S037 The-Household-Has-to-Face-the-Question-of-Passage	canon/canonical_story_tree/all_25_books_latest_full_cycle.txt|canon/canonical_story_tree/books/Book_11_The_Portal_Opens/book_content.txt	portal	timeline|relationships|scenes|quests|world	implemented_reference_map	reference_extracted_pending_domain_review
WDM-STRUCTURE-88dea0c0ea6a	structure	Not everyone or everything can	canon/canonical_story_tree/all_25_books_latest_full_cycle.txt|canon/canonical_story_tree/books/Book_11_The_Portal_Opens/book_content.txt	portal	timeline|relationships|scenes|quests|world	implemented_reference_map	reference_extracted_pending_domain_review
WDM-STRUCTURE-910b7cfc5426	structure	move the same way	canon/canonical_story_tree/all_25_books_latest_full_cycle.txt|canon/canonical_story_tree/books/Book_11_The_Portal_Opens/book_content.txt	portal	timeline|relationships|scenes|quests|world	implemented_reference_map	reference_extracted_pending_domain_review
WDM-STRUCTURE-11ecde686536	structure	S038 Pip-Hates-the-Dividing-Logic-of-Thresholds	canon/canonical_story_tree/all_25_books_latest_full_cycle.txt|canon/canonical_story_tree/books/Book_11_The_Portal_Opens/book_content.txt	portal	timeline|relationships|scenes|quests|world	implemented_reference_map	reference_extracted_pending_domain_review
WDM-STRUCTURE-fc3fc956d475	structure	Emotional cost sharpens	canon/canonical_story_tree/all_25_books_latest_full_cycle.txt|canon/canonical_story_tree/books/Book_11_The_Portal_Opens/book_content.txt	portal	timeline|relationships|scenes|quests|world	implemented_reference_map	reference_extracted_pending_domain_review
WDM-STRUCTURE-c525e384f7f6	structure	S039 Rylos-Reads-the-Portal-As-Selective-and-Demanding	canon/canonical_story_tree/all_25_books_latest_full_cycle.txt|canon/canonical_story_tree/books/Book_11_The_Portal_Opens/book_content.txt	portal	timeline|relationships|scenes|quests|world	implemented_reference_map	reference_extracted_pending_domain_review
WDM-STRUCTURE-6d90b56d9788	structure	Practical truth enters	canon/canonical_story_tree/all_25_books_latest_full_cycle.txt|canon/canonical_story_tree/books/Book_11_The_Portal_Opens/book_content.txt	portal	timeline|relationships|scenes|quests|world	implemented_reference_map	reference_extracted_pending_domain_review
WDM-STRUCTURE-ec20d7e99c6e	structure	S040 Mack-Shapes-Multiple-Waiting-Spaces-From-the-Ground-to-Hold-the-Conversation	canon/canonical_story_tree/all_25_books_latest_full_cycle.txt|canon/canonical_story_tree/books/Book_11_The_Portal_Opens/book_content.txt	portal	timeline|relationships|scenes|quests|world	implemented_reference_map	reference_extracted_pending_domain_review
WDM-STRUCTURE-7054f0db2b60	structure	Grottoes and terraces rise as	canon/canonical_story_tree/all_25_books_latest_full_cycle.txt|canon/canonical_story_tree/books/Book_11_The_Portal_Opens/book_content.txt	portal	timeline|relationships|scenes|quests|world	implemented_reference_map	reference_extracted_pending_domain_review
WDM-STRUCTURE-a8dd52bfdb2f	structure	needed	canon/canonical_story_tree/all_25_books_latest_full_cycle.txt|canon/canonical_story_tree/books/Book_11_The_Portal_Opens/book_content.txt	portal	timeline|relationships|scenes|quests|world	implemented_reference_map	reference_extracted_pending_domain_review
WDM-STRUCTURE-877ec9f6e1e0	structure	S044 Rylos-Keeps-the-Moment-From-Turning-Into-Self-Torment	canon/canonical_story_tree/all_25_books_latest_full_cycle.txt|canon/canonical_story_tree/books/Book_11_The_Portal_Opens/book_content.txt	portal	timeline|relationships|scenes|quests|world	implemented_reference_map	reference_extracted_pending_domain_review
WDM-STRUCTURE-7320c0a5d09f	structure	Anti-martyr safeguard stays active	canon/canonical_story_tree/all_25_books_latest_full_cycle.txt|canon/canonical_story_tree/books/Book_11_The_Portal_Opens/book_content.txt	portal	timeline|relationships|scenes|quests|world	implemented_reference_map	reference_extracted_pending_domain_review
WDM-STRUCTURE-9b501980361c	structure	S045 Mack-Frames-Staying-and-Crossing-As-Different-Forms-of-Faithfulness	canon/canonical_story_tree/all_25_books_latest_full_cycle.txt|canon/canonical_story_tree/books/Book_11_The_Portal_Opens/book_content.txt	portal	timeline|relationships|scenes|quests|world	implemented_reference_map	reference_extracted_pending_domain_review
WDM-STRUCTURE-6612843d3579	structure	Deity-scale teaching	canon/canonical_story_tree/all_25_books_latest_full_cycle.txt|canon/canonical_story_tree/books/Book_11_The_Portal_Opens/book_content.txt	portal	timeline|relationships|scenes|quests|world	implemented_reference_map	reference_extracted_pending_domain_review
WDM-STRUCTURE-da222248aa01	structure	S046 The-Portal-Pulses-As-If-It-Recognizes-What-Is-At-Stake	canon/canonical_story_tree/all_25_books_latest_full_cycle.txt|canon/canonical_story_tree/books/Book_11_The_Portal_Opens/book_content.txt	portal	timeline|relationships|scenes|quests|world	implemented_reference_map	reference_extracted_pending_domain_review
WDM-STRUCTURE-877e30da100e	structure	Threshold intelligence rises	canon/canonical_story_tree/all_25_books_latest_full_cycle.txt|canon/canonical_story_tree/books/Book_11_The_Portal_Opens/book_content.txt	portal	timeline|relationships|scenes|quests|world	implemented_reference_map	reference_extracted_pending_domain_review
WDM-STRUCTURE-0f7de8b7e8c7	structure	S047 The-Household-Understands-More-Than-It-Wants-To	canon/canonical_story_tree/all_25_books_latest_full_cycle.txt|canon/canonical_story_tree/books/Book_11_The_Portal_Opens/book_content.txt	portal	timeline|relationships|scenes|quests|world	implemented_reference_map	reference_extracted_pending_domain_review
WDM-STRUCTURE-41a4eee54d70	structure	Cost becomes explicit	canon/canonical_story_tree/all_25_books_latest_full_cycle.txt|canon/canonical_story_tree/books/Book_11_The_Portal_Opens/book_content.txt	portal	timeline|relationships|scenes|quests|world	implemented_reference_map	reference_extracted_pending_domain_review
WDM-STRUCTURE-058670d58996	structure	S048 The-Beat-Ends-with-Threshold-Logic-Accepted-But-Not-Liked	canon/canonical_story_tree/all_25_books_latest_full_cycle.txt|canon/canonical_story_tree/books/Book_11_The_Portal_Opens/book_content.txt	portal	timeline|relationships|scenes|quests|world	implemented_reference_map	reference_extracted_pending_domain_review
WDM-STRUCTURE-70286110d9de	structure	Honest maturity	canon/canonical_story_tree/all_25_books_latest_full_cycle.txt|canon/canonical_story_tree/books/Book_11_The_Portal_Opens/book_content.txt	portal	timeline|relationships|scenes|quests|world	implemented_reference_map	reference_extracted_pending_domain_review
WDM-STRUCTURE-89a06b2521d1	structure	Ursula Is Nearer on the	canon/canonical_story_tree/all_25_books_latest_full_cycle.txt|canon/canonical_story_tree/books/Book_11_The_Portal_Opens/book_content.txt	portal	timeline|relationships|scenes|quests|world	implemented_reference_map	reference_extracted_pending_domain_review
WDM-STRUCTURE-49cf07ad9012	structure	"Other Side
target"	canon/canonical_story_tree/all_25_books_latest_full_cycle.txt|canon/canonical_story_tree/books/Book_11_The_Portal_Opens/book_content.txt	portal	timeline|relationships|scenes|quests|world	implemented_reference_map	reference_extracted_pending_domain_review
WDM-STRUCTURE-b317d62cab52	structure	S049 The-Open-Portal-Makes-the-Core-Amethyst-Presence-Feel-Closer	canon/canonical_story_tree/all_25_books_latest_full_cycle.txt|canon/canonical_story_tree/books/Book_11_The_Portal_Opens/book_content.txt	portal	timeline|relationships|scenes|quests|world	implemented_reference_map	reference_extracted_pending_domain_review
WDM-STRUCTURE-afa9d0192f16	structure	Ursula's half-existence presses nearer	canon/canonical_story_tree/all_25_books_latest_full_cycle.txt|canon/canonical_story_tree/books/Book_11_The_Portal_Opens/book_content.txt	portal	timeline|relationships|scenes|quests|world	implemented_reference_map	reference_extracted_pending_domain_review
WDM-STRUCTURE-e6fe2e7e81cd	structure	S050 Pip-Feels-Her-As-Pressure-Not-Presence-in-a-Room	canon/canonical_story_tree/all_25_books_latest_full_cycle.txt|canon/canonical_story_tree/books/Book_11_The_Portal_Opens/book_content.txt	portal	timeline|relationships|scenes|quests|world	implemented_reference_map	reference_extracted_pending_domain_review
WDM-STRUCTURE-ce1caf9b3fb3	structure	Correction remains intact	canon/canonical_story_tree/all_25_books_latest_full_cycle.txt|canon/canonical_story_tree/books/Book_11_The_Portal_Opens/book_content.txt	portal	timeline|relationships|scenes|quests|world	implemented_reference_map	reference_extracted_pending_domain_review
WDM-STRUCTURE-7522486bcfef	structure	S051 Rylos-Reads-the-Threshold-As-Connected-to-Core-Binding	canon/canonical_story_tree/all_25_books_latest_full_cycle.txt|canon/canonical_story_tree/books/Book_11_The_Portal_Opens/book_content.txt	portal	timeline|relationships|scenes|quests|world	implemented_reference_map	reference_extracted_pending_domain_review
WDM-STRUCTURE-5c4f38b140e3	structure	S052 Mack-Speaks-of-Ursula-As-Deity-Bound-Below-Not-Ordinary-Cast-Above	canon/canonical_story_tree/all_25_books_latest_full_cycle.txt|canon/canonical_story_tree/books/Book_11_The_Portal_Opens/book_content.txt	portal	timeline|relationships|scenes|quests|world	implemented_reference_map	reference_extracted_pending_domain_review
WDM-STRUCTURE-db6d8765ba41	structure	Canon is re-embedded	canon/canonical_story_tree/all_25_books_latest_full_cycle.txt|canon/canonical_story_tree/books/Book_11_The_Portal_Opens/book_content.txt	portal	timeline|relationships|scenes|quests|world	implemented_reference_map	reference_extracted_pending_domain_review
WDM-STRUCTURE-433e315353ce	structure	S053 The-Land-Shows-Amethyst-Veins-Under-the-Approach	canon/canonical_story_tree/all_25_books_latest_full_cycle.txt|canon/canonical_story_tree/books/Book_11_The_Portal_Opens/book_content.txt	portal	timeline|relationships|scenes|quests|world	implemented_reference_map	reference_extracted_pending_domain_review
WDM-STRUCTURE-bcc9f124fe19	structure	Symbol and world-state remain joined	canon/canonical_story_tree/all_25_books_latest_full_cycle.txt|canon/canonical_story_tree/books/Book_11_The_Portal_Opens/book_content.txt	portal	timeline|relationships|scenes|quests|world	implemented_reference_map	reference_extracted_pending_domain_review
WDM-STRUCTURE-1b84376e4409	structure	S054 Pip-Understands-the-Portal-Is-Not-Separate-From-Planetary-Wound	canon/canonical_story_tree/all_25_books_latest_full_cycle.txt|canon/canonical_story_tree/books/Book_11_The_Portal_Opens/book_content.txt	portal	timeline|relationships|scenes|quests|world	implemented_reference_map	reference_extracted_pending_domain_review
WDM-STRUCTURE-616f1153dc65	structure	Stakes deepen	canon/canonical_story_tree/all_25_books_latest_full_cycle.txt|canon/canonical_story_tree/books/Book_11_The_Portal_Opens/book_content.txt	portal	timeline|relationships|scenes|quests|world	implemented_reference_map	reference_extracted_pending_domain_review
WDM-STRUCTURE-bb35dae3aace	structure	S055 Rylos-Prevents-the-Moment-From-Becoming-Vague-Cosmic-Language	canon/canonical_story_tree/all_25_books_latest_full_cycle.txt|canon/canonical_story_tree/books/Book_11_The_Portal_Opens/book_content.txt	portal	timeline|relationships|scenes|quests|world	implemented_reference_map	reference_extracted_pending_domain_review
WDM-STRUCTURE-d42cb2cfbf14	structure	Accuracy matters	canon/canonical_story_tree/all_25_books_latest_full_cycle.txt|canon/canonical_story_tree/books/Book_11_The_Portal_Opens/book_content.txt	portal	timeline|relationships|scenes|quests|world	implemented_reference_map	reference_extracted_pending_domain_review
WDM-STRUCTURE-3ec7e0b196fe	structure	S056 Daisy-May-and-Majeski-Remain-Silent-Household-Truth-Within-the-Cosmic-Field	canon/canonical_story_tree/all_25_books_latest_full_cycle.txt|canon/canonical_story_tree/books/Book_11_The_Portal_Opens/book_content.txt	portal	timeline|relationships|scenes|quests|world	implemented_reference_map	reference_extracted_pending_domain_review
WDM-STRUCTURE-deea325bca84	structure	Determination stays real	canon/canonical_story_tree/all_25_books_latest_full_cycle.txt|canon/canonical_story_tree/books/Book_11_The_Portal_Opens/book_content.txt	portal	timeline|relationships|scenes|quests|world	implemented_reference_map	reference_extracted_pending_domain_review
WDM-STRUCTURE-e754df48308c	structure	S060 The-Beat-Ends-with-Ursulas-Nearness-Recast-Correctly	canon/canonical_story_tree/all_25_books_latest_full_cycle.txt|canon/canonical_story_tree/books/Book_11_The_Portal_Opens/book_content.txt	portal	timeline|relationships|scenes|quests|world	implemented_reference_map	reference_extracted_pending_domain_review
WDM-STRUCTURE-5546fcffa3b5	structure	stays aligned	canon/canonical_story_tree/all_25_books_latest_full_cycle.txt|canon/canonical_story_tree/books/Book_11_The_Portal_Opens/book_content.txt	portal	timeline|relationships|scenes|quests|world	implemented_reference_map	reference_extracted_pending_domain_review
WDM-STRUCTURE-fccac49f6d85	structure	Rylos Keeps the Threshold Honest	canon/canonical_story_tree/all_25_books_latest_full_cycle.txt|canon/canonical_story_tree/books/Book_11_The_Portal_Opens/book_content.txt	portal	timeline|relationships|scenes|quests|world	implemented_reference_map	reference_extracted_pending_domain_review
WDM-STRUCTURE-124692a10c42	structure	S061 The-Portal-Creates-a-Pressure-to-Idealize-or-Demonize-What-Comes-Next	canon/canonical_story_tree/all_25_books_latest_full_cycle.txt|canon/canonical_story_tree/books/Book_11_The_Portal_Opens/book_content.txt	portal	timeline|relationships|scenes|quests|world	implemented_reference_map	reference_extracted_pending_domain_review
WDM-STRUCTURE-449c598b70a2	structure	Binary thinking threatens clarity	canon/canonical_story_tree/all_25_books_latest_full_cycle.txt|canon/canonical_story_tree/books/Book_11_The_Portal_Opens/book_content.txt	portal	timeline|relationships|scenes|quests|world	implemented_reference_map	reference_extracted_pending_domain_review
WDM-STRUCTURE-64b479820ad3	structure	S062 Pip-Feels-the-Pull-Toward-Both-Extremes	canon/canonical_story_tree/all_25_books_latest_full_cycle.txt|canon/canonical_story_tree/books/Book_11_The_Portal_Opens/book_content.txt	portal	timeline|relationships|scenes|quests|world	implemented_reference_map	reference_extracted_pending_domain_review
WDM-STRUCTURE-619fb6b05cad	structure	Emotional strain intensifies	canon/canonical_story_tree/all_25_books_latest_full_cycle.txt|canon/canonical_story_tree/books/Book_11_The_Portal_Opens/book_content.txt	portal	timeline|relationships|scenes|quests|world	implemented_reference_map	reference_extracted_pending_domain_review
WDM-STRUCTURE-7a2ce39a6702	structure	S063 Rylos-Refuses-Both	canon/canonical_story_tree/all_25_books_latest_full_cycle.txt|canon/canonical_story_tree/books/Book_11_The_Portal_Opens/book_content.txt	portal	timeline|relationships|scenes|quests|world	implemented_reference_map	reference_extracted_pending_domain_review
WDM-STRUCTURE-354565090457	structure	S067 Pip-Learns-That-Honest-Crossing-Requires-Accurate-Seeing-More-Than-Courage-Alone	canon/canonical_story_tree/all_25_books_latest_full_cycle.txt|canon/canonical_story_tree/books/Book_11_The_Portal_Opens/book_content.txt	portal	timeline|relationships|scenes|quests|world	implemented_reference_map	reference_extracted_pending_domain_review
WDM-STRUCTURE-72c3950ccdca	structure	Major growth note	canon/canonical_story_tree/all_25_books_latest_full_cycle.txt|canon/canonical_story_tree/books/Book_11_The_Portal_Opens/book_content.txt	portal	timeline|relationships|scenes|quests|world	implemented_reference_map	reference_extracted_pending_domain_review
WDM-STRUCTURE-469973f8a656	structure	S068 Rylos-Makes-Cleaner-Language-Possible-Again	canon/canonical_story_tree/all_25_books_latest_full_cycle.txt|canon/canonical_story_tree/books/Book_11_The_Portal_Opens/book_content.txt	portal	timeline|relationships|scenes|quests|world	implemented_reference_map	reference_extracted_pending_domain_review
WDM-STRUCTURE-5b64287269da	structure	The bond refines truth	canon/canonical_story_tree/all_25_books_latest_full_cycle.txt|canon/canonical_story_tree/books/Book_11_The_Portal_Opens/book_content.txt	portal	timeline|relationships|scenes|quests|world	implemented_reference_map	reference_extracted_pending_domain_review
WDM-STRUCTURE-c2cac61e78af	structure	S069 Mack-Rejects-Cheap-Destiny-Talk	canon/canonical_story_tree/all_25_books_latest_full_cycle.txt|canon/canonical_story_tree/books/Book_11_The_Portal_Opens/book_content.txt	portal	timeline|relationships|scenes|quests|world	implemented_reference_map	reference_extracted_pending_domain_review
WDM-STRUCTURE-aaea8284cc57	structure	No hollow prophecy drift	canon/canonical_story_tree/all_25_books_latest_full_cycle.txt|canon/canonical_story_tree/books/Book_11_The_Portal_Opens/book_content.txt	portal	timeline|relationships|scenes|quests|world	implemented_reference_map	reference_extracted_pending_domain_review
WDM-STRUCTURE-42f82a72b918	structure	S070 The-Portal-Stabilizes-Under-Better-Reading	canon/canonical_story_tree/all_25_books_latest_full_cycle.txt|canon/canonical_story_tree/books/Book_11_The_Portal_Opens/book_content.txt	portal	timeline|relationships|scenes|quests|world	implemented_reference_map	reference_extracted_pending_domain_review
WDM-STRUCTURE-dea14421e874	structure	Practical effect follows moral clarity	canon/canonical_story_tree/all_25_books_latest_full_cycle.txt|canon/canonical_story_tree/books/Book_11_The_Portal_Opens/book_content.txt	portal	timeline|relationships|scenes|quests|world	implemented_reference_map	reference_extracted_pending_domain_review
WDM-STRUCTURE-a1fa6be64773	structure	S071 The-Household-Feels-More-Ready-Without-Feeling-Safe	canon/canonical_story_tree/all_25_books_latest_full_cycle.txt|canon/canonical_story_tree/books/Book_11_The_Portal_Opens/book_content.txt	portal	timeline|relationships|scenes|quests|world	implemented_reference_map	reference_extracted_pending_domain_review
WDM-STRUCTURE-e53d2c418f09	structure	Honest tone	canon/canonical_story_tree/all_25_books_latest_full_cycle.txt|canon/canonical_story_tree/books/Book_11_The_Portal_Opens/book_content.txt	portal	timeline|relationships|scenes|quests|world	implemented_reference_map	reference_extracted_pending_domain_review
WDM-STRUCTURE-e555a07b55a6	structure	S072 The-Beat-Ends-with-the-Threshold-Held-Honestly	canon/canonical_story_tree/all_25_books_latest_full_cycle.txt|canon/canonical_story_tree/books/Book_11_The_Portal_Opens/book_content.txt	portal	timeline|relationships|scenes|quests|world	implemented_reference_map	reference_extracted_pending_domain_review
WDM-STRUCTURE-7e6db47beccc	structure	deepens its law	canon/canonical_story_tree/all_25_books_latest_full_cycle.txt|canon/canonical_story_tree/books/Book_11_The_Portal_Opens/book_content.txt	portal	timeline|relationships|scenes|quests|world	implemented_reference_map	reference_extracted_pending_domain_review
WDM-STRUCTURE-1977bbbf5f70	structure	Daisy-May and Majeski Do Not	canon/canonical_story_tree/all_25_books_latest_full_cycle.txt|canon/canonical_story_tree/books/Book_11_The_Portal_Opens/book_content.txt	portal	timeline|relationships|scenes|quests|world	implemented_reference_map	reference_extracted_pending_domain_review
WDM-STRUCTURE-d11a9209e01e	structure	"Become Symbols
target"	canon/canonical_story_tree/all_25_books_latest_full_cycle.txt|canon/canonical_story_tree/books/Book_11_The_Portal_Opens/book_content.txt	portal	timeline|relationships|scenes|quests|world	implemented_reference_map	reference_extracted_pending_domain_review
WDM-STRUCTURE-d61072bf283f	structure	S073 The-Portal-Moment-Could-Easily-Flatten-the-Dogs-Into-Meaning-Tokens-and-Does-Not	canon/canonical_story_tree/all_25_books_latest_full_cycle.txt|canon/canonical_story_tree/books/Book_11_The_Portal_Opens/book_content.txt	portal	timeline|relationships|scenes|quests|world	implemented_reference_map	reference_extracted_pending_domain_review
WDM-STRUCTURE-11427a8a4b0b	structure	Canon is actively protected	canon/canonical_story_tree/all_25_books_latest_full_cycle.txt|canon/canonical_story_tree/books/Book_11_The_Portal_Opens/book_content.txt	portal	timeline|relationships|scenes|quests|world	implemented_reference_map	reference_extracted_pending_domain_review
WDM-STRUCTURE-8069872cbaab	structure	S074 Daisy-May-Remains-Silent-Great-Dane-Mother-and-Household-Force	canon/canonical_story_tree/all_25_books_latest_full_cycle.txt|canon/canonical_story_tree/books/Book_11_The_Portal_Opens/book_content.txt	portal	timeline|relationships|scenes|quests|world	implemented_reference_map	reference_extracted_pending_domain_review
WDM-STRUCTURE-843419e361ea	structure	Her truth holds	canon/canonical_story_tree/all_25_books_latest_full_cycle.txt|canon/canonical_story_tree/books/Book_11_The_Portal_Opens/book_content.txt	portal	timeline|relationships|scenes|quests|world	implemented_reference_map	reference_extracted_pending_domain_review
WDM-STRUCTURE-426b788abc13	structure	S084 The-Beat-Ends-with-Species-and-Relation-Truth-Held-Firm	canon/canonical_story_tree/all_25_books_latest_full_cycle.txt|canon/canonical_story_tree/books/Book_11_The_Portal_Opens/book_content.txt	portal	timeline|relationships|scenes|quests|world	implemented_reference_map	reference_extracted_pending_domain_review
WDM-STRUCTURE-90be45d4c527	structure	stays clean	canon/canonical_story_tree/all_25_books_latest_full_cycle.txt|canon/canonical_story_tree/books/Book_11_The_Portal_Opens/book_content.txt	portal	timeline|relationships|scenes|quests|world	implemented_reference_map	reference_extracted_pending_domain_review
WDM-STRUCTURE-5a97013927ac	structure	"The Crossing Attempt
target"	canon/canonical_story_tree/all_25_books_latest_full_cycle.txt|canon/canonical_story_tree/books/Book_11_The_Portal_Opens/book_content.txt	portal	timeline|relationships|scenes|quests|world	implemented_reference_map	reference_extracted_pending_domain_review
WDM-STRUCTURE-d5e38c6c3b65	structure	S085 The-First-True-Move-Toward-the-Portal-Begins	canon/canonical_story_tree/all_25_books_latest_full_cycle.txt|canon/canonical_story_tree/books/Book_11_The_Portal_Opens/book_content.txt	portal	timeline|relationships|scenes|quests|world	implemented_reference_map	reference_extracted_pending_domain_review
WDM-STRUCTURE-bdbfbafccfc1	structure	Tension converts into action	canon/canonical_story_tree/all_25_books_latest_full_cycle.txt|canon/canonical_story_tree/books/Book_11_The_Portal_Opens/book_content.txt	portal	timeline|relationships|scenes|quests|world	implemented_reference_map	reference_extracted_pending_domain_review
WDM-STRUCTURE-847902a2d569	structure	S086 Pip-Feels-the-Field-Push-Back-On-Him	canon/canonical_story_tree/all_25_books_latest_full_cycle.txt|canon/canonical_story_tree/books/Book_11_The_Portal_Opens/book_content.txt	portal	timeline|relationships|scenes|quests|world	implemented_reference_map	reference_extracted_pending_domain_review
WDM-STRUCTURE-d55aed1eaa60	structure	Threshold pressure becomes bodily	canon/canonical_story_tree/all_25_books_latest_full_cycle.txt|canon/canonical_story_tree/books/Book_11_The_Portal_Opens/book_content.txt	portal	timeline|relationships|scenes|quests|world	implemented_reference_map	reference_extracted_pending_domain_review
WDM-STRUCTURE-521ff6abff9e	structure	S087 Rylos-Reads-How-to-Adjust-the-Approach-in-Real-Time	canon/canonical_story_tree/all_25_books_latest_full_cycle.txt|canon/canonical_story_tree/books/Book_11_The_Portal_Opens/book_content.txt	portal	timeline|relationships|scenes|quests|world	implemented_reference_map	reference_extracted_pending_domain_review
WDM-STRUCTURE-59edfaa264b8	structure	Discernment remains essential	canon/canonical_story_tree/all_25_books_latest_full_cycle.txt|canon/canonical_story_tree/books/Book_11_The_Portal_Opens/book_content.txt	portal	timeline|relationships|scenes|quests|world	implemented_reference_map	reference_extracted_pending_domain_review
WDM-STRUCTURE-9ab221031d85	structure	S088 Mack-Reorders-the-Living-Approach-Path-Under-Them	canon/canonical_story_tree/all_25_books_latest_full_cycle.txt|canon/canonical_story_tree/books/Book_11_The_Portal_Opens/book_content.txt	portal	timeline|relationships|scenes|quests|world	implemented_reference_map	reference_extracted_pending_domain_review
WDM-STRUCTURE-6ae34b96c32a	structure	Terraforming remains active crisis response	canon/canonical_story_tree/all_25_books_latest_full_cycle.txt|canon/canonical_story_tree/books/Book_11_The_Portal_Opens/book_content.txt	portal	timeline|relationships|scenes|quests|world	implemented_reference_map	reference_extracted_pending_domain_review
WDM-STRUCTURE-16b897b1ff2c	structure	S089 The-Portal-Does-Not-Welcome-Them-It-Tests-Them	canon/canonical_story_tree/all_25_books_latest_full_cycle.txt|canon/canonical_story_tree/books/Book_11_The_Portal_Opens/book_content.txt	portal	timeline|relationships|scenes|quests|world	implemented_reference_map	reference_extracted_pending_domain_review
WDM-STRUCTURE-131b64c22f58	structure	Tone remains honest	canon/canonical_story_tree/all_25_books_latest_full_cycle.txt|canon/canonical_story_tree/books/Book_11_The_Portal_Opens/book_content.txt	portal	timeline|relationships|scenes|quests|world	implemented_reference_map	reference_extracted_pending_domain_review
WDM-STRUCTURE-c5cd6a337e3c	structure	S090 Pip-Does-Not-Reach-for-Easy-Sonomancy-and-Save-the-Day	canon/canonical_story_tree/all_25_books_latest_full_cycle.txt|canon/canonical_story_tree/books/Book_11_The_Portal_Opens/book_content.txt	portal	timeline|relationships|scenes|quests|world	implemented_reference_map	reference_extracted_pending_domain_review
WDM-STRUCTURE-31dea0f7354e	structure	Crucial safeguard holds	canon/canonical_story_tree/all_25_books_latest_full_cycle.txt|canon/canonical_story_tree/books/Book_11_The_Portal_Opens/book_content.txt	portal	timeline|relationships|scenes|quests|world	implemented_reference_map	reference_extracted_pending_domain_review
WDM-STRUCTURE-6b3d9af9b37c	structure	S091 He-Acts-With-Will-and-Limited-Tools-Instead	canon/canonical_story_tree/all_25_books_latest_full_cycle.txt|canon/canonical_story_tree/books/Book_11_The_Portal_Opens/book_content.txt	portal	timeline|relationships|scenes|quests|world	implemented_reference_map	reference_extracted_pending_domain_review
WDM-STRUCTURE-002571bfccc1	structure	S095 The-Attempt-Works-Partially-and-Costs-Immediately	canon/canonical_story_tree/all_25_books_latest_full_cycle.txt|canon/canonical_story_tree/books/Book_11_The_Portal_Opens/book_content.txt	portal	timeline|relationships|scenes|quests|world	implemented_reference_map	reference_extracted_pending_domain_review
WDM-STRUCTURE-7b7820e88bce	structure	Honest progress	canon/canonical_story_tree/all_25_books_latest_full_cycle.txt|canon/canonical_story_tree/books/Book_11_The_Portal_Opens/book_content.txt	portal	timeline|relationships|scenes|quests|world	implemented_reference_map	reference_extracted_pending_domain_review
WDM-STRUCTURE-fddd167ab5dd	structure	S096 The-Beat-Ends-with-Crossing-Recast-As-Real-Work	canon/canonical_story_tree/all_25_books_latest_full_cycle.txt|canon/canonical_story_tree/books/Book_11_The_Portal_Opens/book_content.txt	portal	timeline|relationships|scenes|quests|world	implemented_reference_map	reference_extracted_pending_domain_review
WDM-STRUCTURE-529bd553d02f	structure	moves forward	canon/canonical_story_tree/all_25_books_latest_full_cycle.txt|canon/canonical_story_tree/books/Book_11_The_Portal_Opens/book_content.txt	portal	timeline|relationships|scenes|quests|world	implemented_reference_map	reference_extracted_pending_domain_review
WDM-STRUCTURE-c2efe92c5568	structure	"What Opens Also Separates
target"	canon/canonical_story_tree/all_25_books_latest_full_cycle.txt|canon/canonical_story_tree/books/Book_11_The_Portal_Opens/book_content.txt	portal	timeline|relationships|scenes|quests|world	implemented_reference_map	reference_extracted_pending_domain_review
WDM-STRUCTURE-80ad8daec6c4	structure	S097 The-Portal-Changes-Distance-and-Presence-All-at-Once	canon/canonical_story_tree/all_25_books_latest_full_cycle.txt|canon/canonical_story_tree/books/Book_11_The_Portal_Opens/book_content.txt	portal	timeline|relationships|scenes|quests|world	implemented_reference_map	reference_extracted_pending_domain_review
WDM-STRUCTURE-e8cc38eb6411	structure	Threshold law sharpens	canon/canonical_story_tree/all_25_books_latest_full_cycle.txt|canon/canonical_story_tree/books/Book_11_The_Portal_Opens/book_content.txt	portal	timeline|relationships|scenes|quests|world	implemented_reference_map	reference_extracted_pending_domain_review
WDM-STRUCTURE-53bd654c02a5	structure	S098 Pip-Feels-the-Cost-of-Opening-As-Separation-Pressure	canon/canonical_story_tree/all_25_books_latest_full_cycle.txt|canon/canonical_story_tree/books/Book_11_The_Portal_Opens/book_content.txt	portal	timeline|relationships|scenes|quests|world	implemented_reference_map	reference_extracted_pending_domain_review
WDM-STRUCTURE-123ba407209f	structure	Emotional severity lands	canon/canonical_story_tree/all_25_books_latest_full_cycle.txt|canon/canonical_story_tree/books/Book_11_The_Portal_Opens/book_content.txt	portal	timeline|relationships|scenes|quests|world	implemented_reference_map	reference_extracted_pending_domain_review
WDM-STRUCTURE-943414506ca9	structure	S099 Rylos-Keeps-Him-From-Misreading-That-Cost-As-Abandonment	canon/canonical_story_tree/all_25_books_latest_full_cycle.txt|canon/canonical_story_tree/books/Book_11_The_Portal_Opens/book_content.txt	portal	timeline|relationships|scenes|quests|world	implemented_reference_map	reference_extracted_pending_domain_review
WDM-STRUCTURE-e42cb46493b0	structure	Household reshapes	canon/canonical_story_tree/all_25_books_latest_full_cycle.txt|canon/canonical_story_tree/books/Book_11_The_Portal_Opens/book_content.txt	portal	timeline|relationships|scenes|quests|world	implemented_reference_map	reference_extracted_pending_domain_review
WDM-STRUCTURE-40be8485f423	structure	S108 The-Beat-Ends-with-Opening-and-Separation-Braided	canon/canonical_story_tree/all_25_books_latest_full_cycle.txt|canon/canonical_story_tree/books/Book_11_The_Portal_Opens/book_content.txt	portal	timeline|relationships|scenes|quests|world	implemented_reference_map	reference_extracted_pending_domain_review
WDM-STRUCTURE-a0ccb0ca156f	structure	deepens correctly	canon/canonical_story_tree/all_25_books_latest_full_cycle.txt|canon/canonical_story_tree/books/Book_11_The_Portal_Opens/book_content.txt	portal	timeline|relationships|scenes|quests|world	implemented_reference_map	reference_extracted_pending_domain_review
WDM-STRUCTURE-1b246346db2a	structure	Book Eleven Locks Its First	canon/canonical_story_tree/all_25_books_latest_full_cycle.txt|canon/canonical_story_tree/books/Book_11_The_Portal_Opens/book_content.txt	portal	timeline|relationships|scenes|quests|world	implemented_reference_map	reference_extracted_pending_domain_review
WDM-STRUCTURE-8548ca438703	structure	"Threshold Law
target"	canon/canonical_story_tree/all_25_books_latest_full_cycle.txt|canon/canonical_story_tree/books/Book_11_The_Portal_Opens/book_content.txt	portal	timeline|relationships|scenes|quests|world	implemented_reference_map	reference_extracted_pending_domain_review
WDM-STRUCTURE-d2155b7793d2	structure	S109 Portal-Core-Household-Deity-and-Bond-Finally-Align	canon/canonical_story_tree/all_25_books_latest_full_cycle.txt|canon/canonical_story_tree/books/Book_11_The_Portal_Opens/book_content.txt	portal	timeline|relationships|scenes|quests|world	implemented_reference_map	reference_extracted_pending_domain_review
WDM-STRUCTURE-042bc9dd2e81	structure	The first major weave becomes	canon/canonical_story_tree/all_25_books_latest_full_cycle.txt|canon/canonical_story_tree/books/Book_11_The_Portal_Opens/book_content.txt	portal	timeline|relationships|scenes|quests|world	implemented_reference_map	reference_extracted_pending_domain_review
WDM-STRUCTURE-1d53d79ba3fb	structure	clear	canon/canonical_story_tree/all_25_books_latest_full_cycle.txt|canon/canonical_story_tree/books/Book_11_The_Portal_Opens/book_content.txt	portal	timeline|relationships|scenes|quests|world	implemented_reference_map	reference_extracted_pending_domain_review
WDM-STRUCTURE-01e206b527bb	structure	S110 Pip-Remains-Determined-Limited-and-Non-Machinic-At-the-Threshold	canon/canonical_story_tree/all_25_books_latest_full_cycle.txt|canon/canonical_story_tree/books/Book_11_The_Portal_Opens/book_content.txt	portal	timeline|relationships|scenes|quests|world	implemented_reference_map	reference_extracted_pending_domain_review
WDM-STRUCTURE-b9c7204cdd11	structure	Core correction holds	canon/canonical_story_tree/all_25_books_latest_full_cycle.txt|canon/canonical_story_tree/books/Book_11_The_Portal_Opens/book_content.txt	portal	timeline|relationships|scenes|quests|world	implemented_reference_map	reference_extracted_pending_domain_review
WDM-STRUCTURE-f9961298f707	structure	S111 Rylos-Remains-Canonical-Partner-and-Clear-Reader-at-the-Opening	canon/canonical_story_tree/all_25_books_latest_full_cycle.txt|canon/canonical_story_tree/books/Book_11_The_Portal_Opens/book_content.txt	portal	timeline|relationships|scenes|quests|world	implemented_reference_map	reference_extracted_pending_domain_review
WDM-STRUCTURE-aa61e118ae02	structure	Naming and function remain corrected	canon/canonical_story_tree/all_25_books_latest_full_cycle.txt|canon/canonical_story_tree/books/Book_11_The_Portal_Opens/book_content.txt	portal	timeline|relationships|scenes|quests|world	implemented_reference_map	reference_extracted_pending_domain_review
WDM-STRUCTURE-107760e7e75d	structure	S112 Mack's-Vast-Willow-Embodiment-Booming-Voice-and-Terrain-Magic-Remain-Central-to-the-Portal-Book	canon/canonical_story_tree/all_25_books_latest_full_cycle.txt|canon/canonical_story_tree/books/Book_11_The_Portal_Opens/book_content.txt	portal	timeline|relationships|scenes|quests|world	implemented_reference_map	reference_extracted_pending_domain_review
WDM-STRUCTURE-7cfd1e8518f5	structure	Representation stays right	canon/canonical_story_tree/all_25_books_latest_full_cycle.txt|canon/canonical_story_tree/books/Book_11_The_Portal_Opens/book_content.txt	portal	timeline|relationships|scenes|quests|world	implemented_reference_map	reference_extracted_pending_domain_review
WDM-STRUCTURE-8c7d50620752	structure	S113 Ursula-Remains-Core-Bound-Deity-Half-Existence-Not-Ordinary-World-Character	canon/canonical_story_tree/all_25_books_latest_full_cycle.txt|canon/canonical_story_tree/books/Book_11_The_Portal_Opens/book_content.txt	portal	timeline|relationships|scenes|quests|world	implemented_reference_map	reference_extracted_pending_domain_review
WDM-STRUCTURE-a1bb84140e2b	structure	Important correction holds	canon/canonical_story_tree/all_25_books_latest_full_cycle.txt|canon/canonical_story_tree/books/Book_11_The_Portal_Opens/book_content.txt	portal	timeline|relationships|scenes|quests|world	implemented_reference_map	reference_extracted_pending_domain_review
WDM-STRUCTURE-5b1548dc9096	structure	S114 Daisy-May-and-Majeski-Remain-Silent-Great-Dane-Household-Truth-at-the-Threshold	canon/canonical_story_tree/all_25_books_latest_full_cycle.txt|canon/canonical_story_tree/books/Book_11_The_Portal_Opens/book_content.txt	portal	timeline|relationships|scenes|quests|world	implemented_reference_map	reference_extracted_pending_domain_review
WDM-STRUCTURE-f0b5dbb76c9b	structure	Canon actively protected	canon/canonical_story_tree/all_25_books_latest_full_cycle.txt|canon/canonical_story_tree/books/Book_11_The_Portal_Opens/book_content.txt	portal	timeline|relationships|scenes|quests|world	implemented_reference_map	reference_extracted_pending_domain_review
WDM-STRUCTURE-115564dc0f9f	structure	S115 The-Portal-Is-Recast-As-Answer-Test-and-Separation-Mechanism	canon/canonical_story_tree/all_25_books_latest_full_cycle.txt|canon/canonical_story_tree/books/Book_11_The_Portal_Opens/book_content.txt	portal	timeline|relationships|scenes|quests|world	implemented_reference_map	reference_extracted_pending_domain_review
WDM-STRUCTURE-670a2c07b577	structure	Structural law deepens	canon/canonical_story_tree/all_25_books_latest_full_cycle.txt|canon/canonical_story_tree/books/Book_11_The_Portal_Opens/book_content.txt	portal	timeline|relationships|scenes|quests|world	implemented_reference_map	reference_extracted_pending_domain_review
WDM-STRUCTURE-5c3b663b9615	structure	S116 Sonomancy-Stays-Rare-Hard-and-Unable-to-Shortcut-Threshold-Reality	canon/canonical_story_tree/all_25_books_latest_full_cycle.txt|canon/canonical_story_tree/books/Book_11_The_Portal_Opens/book_content.txt	portal	timeline|relationships|scenes|quests|world	implemented_reference_map	reference_extracted_pending_domain_review
WDM-STRUCTURE-a6c75a40ef0c	structure	S065 Daisy-May-Lies-Beside-Them-in-Silent-Steadiness	canon/canonical_story_tree/all_25_books_latest_full_cycle.txt|canon/canonical_story_tree/books/Book_12_Stasis/book_content.txt	structure	timeline|relationships|scenes|quests|world	implemented_reference_map	reference_extracted_pending_domain_review
WDM-STRUCTURE-27ae59d8a358	structure	Her presence remains load-bearing	canon/canonical_story_tree/all_25_books_latest_full_cycle.txt|canon/canonical_story_tree/books/Book_12_Stasis/book_content.txt	structure	timeline|relationships|scenes|quests|world	implemented_reference_map	reference_extracted_pending_domain_review
WDM-STRUCTURE-3cfdded3380f	structure	S066 Majeski-Holds-the-Outer-Restlessness-At-Bay	canon/canonical_story_tree/all_25_books_latest_full_cycle.txt|canon/canonical_story_tree/books/Book_12_Stasis/book_content.txt	structure	timeline|relationships|scenes|quests|world	implemented_reference_map	reference_extracted_pending_domain_review
WDM-STRUCTURE-1ab42715556a	structure	The pair continue as household	canon/canonical_story_tree/all_25_books_latest_full_cycle.txt|canon/canonical_story_tree/books/Book_12_Stasis/book_content.txt	structure	timeline|relationships|scenes|quests|world	implemented_reference_map	reference_extracted_pending_domain_review
WDM-STRUCTURE-602cbfcd47d8	structure	S067 Pip-Learns-That-Endurance-Is-Not-the-Same-As-Emotional-Ice	canon/canonical_story_tree/all_25_books_latest_full_cycle.txt|canon/canonical_story_tree/books/Book_12_Stasis/book_content.txt	structure	timeline|relationships|scenes|quests|world	implemented_reference_map	reference_extracted_pending_domain_review
WDM-STRUCTURE-7ab39f9c7699	structure	Core character clarification deepens	canon/canonical_story_tree/all_25_books_latest_full_cycle.txt|canon/canonical_story_tree/books/Book_12_Stasis/book_content.txt	structure	timeline|relationships|scenes|quests|world	implemented_reference_map	reference_extracted_pending_domain_review
WDM-STRUCTURE-5b5dabb89108	structure	S068 Rylos-Makes-Him-Stay-Real-Without-Forcing-False-Softness	canon/canonical_story_tree/all_25_books_latest_full_cycle.txt|canon/canonical_story_tree/books/Book_12_Stasis/book_content.txt	structure	timeline|relationships|scenes|quests|world	implemented_reference_map	reference_extracted_pending_domain_review
WDM-STRUCTURE-688d42e01c10	structure	Bond stays accurate	canon/canonical_story_tree/all_25_books_latest_full_cycle.txt|canon/canonical_story_tree/books/Book_12_Stasis/book_content.txt	structure	timeline|relationships|scenes|quests|world	implemented_reference_map	reference_extracted_pending_domain_review
WDM-STRUCTURE-0c1ddea39279	structure	S117 Pip-and-Rylos-Move-Forward-More-Accurately-Bound-Even-Without-Motion	canon/canonical_story_tree/all_25_books_latest_full_cycle.txt|canon/canonical_story_tree/books/Book_12_Stasis/book_content.txt	structure	timeline|relationships|scenes|quests|world	implemented_reference_map	reference_extracted_pending_domain_review
WDM-STRUCTURE-8b20d9b5b7a2	structure	S118 The-Book-Finds-Its-Stasis-Law	canon/canonical_story_tree/all_25_books_latest_full_cycle.txt|canon/canonical_story_tree/books/Book_12_Stasis/book_content.txt	structure	timeline|relationships|scenes|quests|world	implemented_reference_map	reference_extracted_pending_domain_review
WDM-STRUCTURE-e51d4e7d266f	structure	S119 The-Next-Layer-Promises-Afterwake-Scale-Consequences	canon/canonical_story_tree/all_25_books_latest_full_cycle.txt|canon/canonical_story_tree/books/Book_12_Stasis/book_content.txt	structure	timeline|relationships|scenes|quests|world	implemented_reference_map	reference_extracted_pending_domain_review
WDM-STRUCTURE-fabdeb6ed923	structure	S120 The-Beat-Ends-with-Stasis-Holding-but-Not-Forever	canon/canonical_story_tree/all_25_books_latest_full_cycle.txt|canon/canonical_story_tree/books/Book_12_Stasis/book_content.txt	structure	timeline|relationships|scenes|quests|world	implemented_reference_map	reference_extracted_pending_domain_review
WDM-STRUCTURE-e83bff0ea6b5	structure	S076 Pip-Feels-How-Much-Household-Reality-Is-Carried-By-Beings-Who-Do-Not-Explain-Themselves	canon/canonical_story_tree/all_25_books_latest_full_cycle.txt|canon/canonical_story_tree/books/Book_12_Stasis/book_content.txt	shelter	timeline|relationships|scenes|quests|world	implemented_reference_map	reference_extracted_pending_domain_review
WDM-STRUCTURE-0e9e70435474	structure	Emotional growth continues	canon/canonical_story_tree/all_25_books_latest_full_cycle.txt|canon/canonical_story_tree/books/Book_12_Stasis/book_content.txt|canon/canonical_story_tree/books/Book_13_The_Afterwake/book_content.txt|canon/canonical_story_tree/books/Book_14_The_Long_Reorientation/book_content.txt|canon/canonical_story_tree/books/Book_19_The_Cracking_Core/book_content.txt|canon/canonical_story_tree/books/Book_20_The_Beforemath/book_content.txt|canon/canonical_story_tree/books/Book_21_The_Final_Descent/book_content.txt|canon/canonical_story_tree/books/Book_22_The_Last_Open_Gate/book_content.txt|canon/canonical_story_tree/books/Book_23_The_Final_Resonance/book_content.txt|canon/canonical_story_tree/books/Book_24_Born_To_Die/book_content.txt|canon/canonical_story_tree/books/Book_25_Death_Is_Rebirth/book_content.txt	shelter	timeline|relationships|scenes|quests|world	implemented_reference_map	reference_extracted_pending_domain_review
WDM-STRUCTURE-d6ac4f9bc12b	structure	S077 Rylos-Understands-That-Their-Continuing-Themselves-Is-Part-of-What-Keeps-Stasis-From-Winning	canon/canonical_story_tree/all_25_books_latest_full_cycle.txt|canon/canonical_story_tree/books/Book_12_Stasis/book_content.txt	shelter	timeline|relationships|scenes|quests|world	implemented_reference_map	reference_extracted_pending_domain_review
WDM-STRUCTURE-a8618265cbd2	structure	Important insight	canon/canonical_story_tree/all_25_books_latest_full_cycle.txt|canon/canonical_story_tree/books/Book_12_Stasis/book_content.txt|canon/canonical_story_tree/books/Book_13_The_Afterwake/book_content.txt|canon/canonical_story_tree/books/Book_14_The_Long_Reorientation/book_content.txt|canon/canonical_story_tree/books/Book_19_The_Cracking_Core/book_content.txt|canon/canonical_story_tree/books/Book_20_The_Beforemath/book_content.txt|canon/canonical_story_tree/books/Book_21_The_Final_Descent/book_content.txt|canon/canonical_story_tree/books/Book_22_The_Last_Open_Gate/book_content.txt|canon/canonical_story_tree/books/Book_23_The_Final_Resonance/book_content.txt|canon/canonical_story_tree/books/Book_24_Born_To_Die/book_content.txt|canon/canonical_story_tree/books/Book_25_Death_Is_Rebirth/book_content.txt	shelter	timeline|relationships|scenes|quests|world	implemented_reference_map	reference_extracted_pending_domain_review
WDM-STRUCTURE-ed854abebe02	structure	S078 Mack-Grows-a-Sheltered-Root-Hollow-That-Honors-Them-Without-Humanizing-Them	canon/canonical_story_tree/all_25_books_latest_full_cycle.txt|canon/canonical_story_tree/books/Book_12_Stasis/book_content.txt	shelter	timeline|relationships|scenes|quests|world	implemented_reference_map	reference_extracted_pending_domain_review
WDM-STRUCTURE-86a151effa2b	structure	Representation remains correct	canon/canonical_story_tree/all_25_books_latest_full_cycle.txt|canon/canonical_story_tree/books/Book_12_Stasis/book_content.txt|canon/canonical_story_tree/books/Book_13_The_Afterwake/book_content.txt	shelter	timeline|relationships|scenes|quests|world	implemented_reference_map	reference_extracted_pending_domain_review
WDM-STRUCTURE-eeda04baf426	structure	S079 The-Sanctuary-Uses-Space-Not-Speech-to-Make-Their-Meaning-Felt	canon/canonical_story_tree/all_25_books_latest_full_cycle.txt|canon/canonical_story_tree/books/Book_12_Stasis/book_content.txt	shelter	timeline|relationships|scenes|quests|world	implemented_reference_map	reference_extracted_pending_domain_review
WDM-STRUCTURE-152cbc9fb69d	structure	Good setting truth	canon/canonical_story_tree/all_25_books_latest_full_cycle.txt|canon/canonical_story_tree/books/Book_12_Stasis/book_content.txt	shelter	timeline|relationships|scenes|quests|world	implemented_reference_map	reference_extracted_pending_domain_review
WDM-STRUCTURE-70223d3a98a3	structure	Emotional realism deepens	canon/canonical_story_tree/all_25_books_latest_full_cycle.txt|canon/canonical_story_tree/books/Book_13_The_Afterwake/book_content.txt|canon/canonical_story_tree/books/Book_16_The_Deepening_World/book_content.txt|canon/canonical_story_tree/books/Book_17_Black_Heart_Scar/book_content.txt|canon/canonical_story_tree/books/Book_18_Strange_Gravity/book_content.txt|canon/canonical_story_tree/books/Book_20_The_Beforemath/book_content.txt|canon/canonical_story_tree/books/Book_21_The_Final_Descent/book_content.txt|canon/canonical_story_tree/books/Book_22_The_Last_Open_Gate/book_content.txt|canon/canonical_story_tree/books/Book_23_The_Final_Resonance/book_content.txt|canon/canonical_story_tree/books/Book_24_Born_To_Die/book_content.txt|canon/canonical_story_tree/books/Book_25_Death_Is_Rebirth/book_content.txt	bridge|shelter|structure	timeline|relationships|scenes|quests|world	implemented_reference_map	reference_extracted_pending_domain_review
WDM-STRUCTURE-66c52d646bc7	structure	S015 Rylos-Reads-Which-Instabilities-Are-Temporary-and-Which-Are-Foundational	canon/canonical_story_tree/all_25_books_latest_full_cycle.txt|canon/canonical_story_tree/books/Book_13_The_Afterwake/book_content.txt	structure	timeline|relationships|scenes|quests|world	implemented_reference_map	reference_extracted_pending_domain_review
WDM-STRUCTURE-ab26cb3677d0	structure	Practical clarity remains load-bearing	canon/canonical_story_tree/all_25_books_latest_full_cycle.txt|canon/canonical_story_tree/books/Book_13_The_Afterwake/book_content.txt|canon/canonical_story_tree/books/Book_14_The_Long_Reorientation/book_content.txt|canon/canonical_story_tree/books/Book_15_Suffocating_In_Silence/book_content.txt	shelter|structure|well	timeline|relationships|scenes|quests|world	implemented_reference_map	reference_extracted_pending_domain_review
WDM-STRUCTURE-51a21f7e107d	structure	S016 Mack-Grows-Stabilizing-Structures-from-the-Earth-As-the-Land-Relearns-Balance	canon/canonical_story_tree/all_25_books_latest_full_cycle.txt|canon/canonical_story_tree/books/Book_13_The_Afterwake/book_content.txt	structure	timeline|relationships|scenes|quests|world	implemented_reference_map	reference_extracted_pending_domain_review
WDM-STRUCTURE-6e3907afa02d	structure	Terraforming stays central	canon/canonical_story_tree/all_25_books_latest_full_cycle.txt|canon/canonical_story_tree/books/Book_13_The_Afterwake/book_content.txt	structure	timeline|relationships|scenes|quests|world	implemented_reference_map	reference_extracted_pending_domain_review
WDM-STRUCTURE-8bdc571dd574	structure	S017 The-Sanctuary-Uses-Living-Architecture-to-Catch-What-the-World-Drops	canon/canonical_story_tree/all_25_books_latest_full_cycle.txt|canon/canonical_story_tree/books/Book_13_The_Afterwake/book_content.txt	structure	timeline|relationships|scenes|quests|world	implemented_reference_map	reference_extracted_pending_domain_review
WDM-STRUCTURE-dee95a262d34	structure	Setting remains active intelligence	canon/canonical_story_tree/all_25_books_latest_full_cycle.txt|canon/canonical_story_tree/books/Book_13_The_Afterwake/book_content.txt|canon/canonical_story_tree/books/Book_14_The_Long_Reorientation/book_content.txt	shelter|structure	timeline|relationships|scenes|quests|world	implemented_reference_map	reference_extracted_pending_domain_review
WDM-STRUCTURE-b4d8b25266a6	structure	S117 Pip-and-Rylos-Move-Forward-More-Accurately-Bound-Under-Recovery-Pressure	canon/canonical_story_tree/all_25_books_latest_full_cycle.txt|canon/canonical_story_tree/books/Book_13_The_Afterwake/book_content.txt	structure	timeline|relationships|scenes|quests|world	implemented_reference_map	reference_extracted_pending_domain_review
WDM-STRUCTURE-ca261ef1550f	structure	S118 The-Book-Finds-Its-Afterwake-Law	canon/canonical_story_tree/all_25_books_latest_full_cycle.txt|canon/canonical_story_tree/books/Book_13_The_Afterwake/book_content.txt	structure	timeline|relationships|scenes|quests|world	implemented_reference_map	reference_extracted_pending_domain_review
WDM-STRUCTURE-4cfd4cdbdb3c	structure	S119 The-Next-Layer-Promises-Long-Reorientation-Scale-Consequences	canon/canonical_story_tree/all_25_books_latest_full_cycle.txt|canon/canonical_story_tree/books/Book_13_The_Afterwake/book_content.txt	structure	timeline|relationships|scenes|quests|world	implemented_reference_map	reference_extracted_pending_domain_review
WDM-STRUCTURE-59cc9b735dd4	structure	S120 The-Beat-Ends-with-the-World-Moving-Again-on-New-Terms	canon/canonical_story_tree/all_25_books_latest_full_cycle.txt|canon/canonical_story_tree/books/Book_13_The_Afterwake/book_content.txt	structure	timeline|relationships|scenes|quests|world	implemented_reference_map	reference_extracted_pending_domain_review
WDM-STRUCTURE-28d03925ee51	structure	S018 Daisy-May-Rests-Silent-Within-the-Shifted-Household	canon/canonical_story_tree/all_25_books_latest_full_cycle.txt|canon/canonical_story_tree/books/Book_13_The_Afterwake/book_content.txt	bridge	timeline|relationships|scenes|quests|world	implemented_reference_map	reference_extracted_pending_domain_review
WDM-STRUCTURE-49058f8c2069	structure	Great Dane truth remains grounded	canon/canonical_story_tree/all_25_books_latest_full_cycle.txt|canon/canonical_story_tree/books/Book_13_The_Afterwake/book_content.txt	bridge	timeline|relationships|scenes|quests|world	implemented_reference_map	reference_extracted_pending_domain_review
WDM-STRUCTURE-5b4c73f385f4	structure	S019 Majeski-Matches-Her-Steadiness	canon/canonical_story_tree/all_25_books_latest_full_cycle.txt|canon/canonical_story_tree/books/Book_13_The_Afterwake/book_content.txt	bridge	timeline|relationships|scenes|quests|world	implemented_reference_map	reference_extracted_pending_domain_review
WDM-STRUCTURE-060c309a59c4	structure	The pair remain intact	canon/canonical_story_tree/all_25_books_latest_full_cycle.txt|canon/canonical_story_tree/books/Book_13_The_Afterwake/book_content.txt	bridge	timeline|relationships|scenes|quests|world	implemented_reference_map	reference_extracted_pending_domain_review
WDM-STRUCTURE-e0d5024ee7e3	structure	S020 Pip-Understands-That-Aftermath-Is-Its-Own-Phase-Not-Just-a-Bridge	canon/canonical_story_tree/all_25_books_latest_full_cycle.txt|canon/canonical_story_tree/books/Book_13_The_Afterwake/book_content.txt	bridge	timeline|relationships|scenes|quests|world	implemented_reference_map	reference_extracted_pending_domain_review
WDM-STRUCTURE-781e782706f9	structure	Serious maturation note	canon/canonical_story_tree/all_25_books_latest_full_cycle.txt|canon/canonical_story_tree/books/Book_13_The_Afterwake/book_content.txt	bridge	timeline|relationships|scenes|quests|world	implemented_reference_map	reference_extracted_pending_domain_review
WDM-STRUCTURE-fda34df60d4c	structure	S021 Rylos-Confirms-It-With-Cleaner-Language-Than-Pip-Can-Yet-Make	canon/canonical_story_tree/all_25_books_latest_full_cycle.txt|canon/canonical_story_tree/books/Book_13_The_Afterwake/book_content.txt	bridge	timeline|relationships|scenes|quests|world	implemented_reference_map	reference_extracted_pending_domain_review
WDM-STRUCTURE-9f86f545ac01	structure	Bond remains corrective	canon/canonical_story_tree/all_25_books_latest_full_cycle.txt|canon/canonical_story_tree/books/Book_13_The_Afterwake/book_content.txt|canon/canonical_story_tree/books/Book_14_The_Long_Reorientation/book_content.txt|canon/canonical_story_tree/books/Book_16_The_Deepening_World/book_content.txt|canon/canonical_story_tree/books/Book_19_The_Cracking_Core/book_content.txt|canon/canonical_story_tree/books/Book_24_Born_To_Die/book_content.txt	bridge|shelter|structure|well	timeline|relationships|scenes|quests|world	implemented_reference_map	reference_extracted_pending_domain_review
WDM-STRUCTURE-8f6b2e5ea4f5	structure	S022 Mack-Rejects-Any-Reading-of-Afterwake-As-Casual-Cleanup	canon/canonical_story_tree/all_25_books_latest_full_cycle.txt|canon/canonical_story_tree/books/Book_13_The_Afterwake/book_content.txt	bridge	timeline|relationships|scenes|quests|world	implemented_reference_map	reference_extracted_pending_domain_review
WDM-STRUCTURE-2259d9c12854	structure	S076 Pip-Feels-How-Much-of-Reality-Is-Carried-by-Beings-Who-Simply-Stay-Themselves	canon/canonical_story_tree/all_25_books_latest_full_cycle.txt|canon/canonical_story_tree/books/Book_13_The_Afterwake/book_content.txt	shelter	timeline|relationships|scenes|quests|world	implemented_reference_map	reference_extracted_pending_domain_review
WDM-STRUCTURE-d372d37f15f3	structure	S077 Rylos-Understands-That-Continuity-Of-Species-and-Love-Is-Part-of-What-Rebuilds-the-Household	canon/canonical_story_tree/all_25_books_latest_full_cycle.txt|canon/canonical_story_tree/books/Book_13_The_Afterwake/book_content.txt	shelter	timeline|relationships|scenes|quests|world	implemented_reference_map	reference_extracted_pending_domain_review
WDM-STRUCTURE-ee59ef85ba57	structure	S078 Mack-Grows-Sheltered-Runs-and-Resting-Hollows-Without-Humanizing-Them	canon/canonical_story_tree/all_25_books_latest_full_cycle.txt|canon/canonical_story_tree/books/Book_13_The_Afterwake/book_content.txt	shelter	timeline|relationships|scenes|quests|world	implemented_reference_map	reference_extracted_pending_domain_review
WDM-STRUCTURE-37250177e961	structure	S079 The-Sanctuary-Honors-Them-With-Space-Not-Speech	canon/canonical_story_tree/all_25_books_latest_full_cycle.txt|canon/canonical_story_tree/books/Book_13_The_Afterwake/book_content.txt|canon/canonical_story_tree/books/Book_14_The_Long_Reorientation/book_content.txt|canon/canonical_story_tree/books/Book_15_Suffocating_In_Silence/book_content.txt|canon/canonical_story_tree/books/Book_19_The_Cracking_Core/book_content.txt|canon/canonical_story_tree/books/Book_20_The_Beforemath/book_content.txt|canon/canonical_story_tree/books/Book_21_The_Final_Descent/book_content.txt|canon/canonical_story_tree/books/Book_22_The_Last_Open_Gate/book_content.txt|canon/canonical_story_tree/books/Book_23_The_Final_Resonance/book_content.txt|canon/canonical_story_tree/books/Book_24_Born_To_Die/book_content.txt|canon/canonical_story_tree/books/Book_25_Death_Is_Rebirth/book_content.txt	shelter	timeline|relationships|scenes|quests|world	implemented_reference_map	reference_extracted_pending_domain_review
WDM-STRUCTURE-02a945a26417	structure	Setting truth remains good	canon/canonical_story_tree/all_25_books_latest_full_cycle.txt|canon/canonical_story_tree/books/Book_13_The_Afterwake/book_content.txt|canon/canonical_story_tree/books/Book_14_The_Long_Reorientation/book_content.txt|canon/canonical_story_tree/books/Book_15_Suffocating_In_Silence/book_content.txt|canon/canonical_story_tree/books/Book_19_The_Cracking_Core/book_content.txt|canon/canonical_story_tree/books/Book_20_The_Beforemath/book_content.txt|canon/canonical_story_tree/books/Book_21_The_Final_Descent/book_content.txt|canon/canonical_story_tree/books/Book_22_The_Last_Open_Gate/book_content.txt|canon/canonical_story_tree/books/Book_23_The_Final_Resonance/book_content.txt|canon/canonical_story_tree/books/Book_24_Born_To_Die/book_content.txt|canon/canonical_story_tree/books/Book_25_Death_Is_Rebirth/book_content.txt	shelter	timeline|relationships|scenes|quests|world	implemented_reference_map	reference_extracted_pending_domain_review
WDM-STRUCTURE-67839d03b024	structure	S080 Daisy-May-Never-Speaks	canon/canonical_story_tree/all_25_books_latest_full_cycle.txt|canon/canonical_story_tree/books/Book_13_The_Afterwake/book_content.txt	shelter	timeline|relationships|scenes|quests|world	implemented_reference_map	reference_extracted_pending_domain_review
WDM-STRUCTURE-7e12bdcb0807	structure	S004 Mack-Booming-Voice-Rolls-Through-a-Sanctuary-That-Has-Grown-Into-New-Forms	canon/canonical_story_tree/all_25_books_latest_full_cycle.txt|canon/canonical_story_tree/books/Book_14_The_Long_Reorientation/book_content.txt	structure	timeline|relationships|scenes|quests|world	implemented_reference_map	reference_extracted_pending_domain_review
WDM-STRUCTURE-853f405d7f97	structure	The vast willow continues reshaping	canon/canonical_story_tree/all_25_books_latest_full_cycle.txt|canon/canonical_story_tree/books/Book_14_The_Long_Reorientation/book_content.txt	structure	timeline|relationships|scenes|quests|world	implemented_reference_map	reference_extracted_pending_domain_review
WDM-STRUCTURE-1bf9ab9de446	structure	home in response	canon/canonical_story_tree/all_25_books_latest_full_cycle.txt|canon/canonical_story_tree/books/Book_14_The_Long_Reorientation/book_content.txt	structure	timeline|relationships|scenes|quests|world	implemented_reference_map	reference_extracted_pending_domain_review
WDM-STRUCTURE-c99ed387f98f	structure	S005 Rootways-Terraces-and-Low-Grottos-Appear-as-Daily-Architecture-Now	canon/canonical_story_tree/all_25_books_latest_full_cycle.txt|canon/canonical_story_tree/books/Book_14_The_Long_Reorientation/book_content.txt	structure	timeline|relationships|scenes|quests|world	implemented_reference_map	reference_extracted_pending_domain_review
WDM-STRUCTURE-07963f60e711	structure	Life magic becomes lived structure	canon/canonical_story_tree/all_25_books_latest_full_cycle.txt|canon/canonical_story_tree/books/Book_14_The_Long_Reorientation/book_content.txt	structure	timeline|relationships|scenes|quests|world	implemented_reference_map	reference_extracted_pending_domain_review
WDM-STRUCTURE-31846010a81e	structure	S006 Pip-Understands-That-Long-Reorientation-Is-Harder-Than-Crisis	canon/canonical_story_tree/all_25_books_latest_full_cycle.txt|canon/canonical_story_tree/books/Book_14_The_Long_Reorientation/book_content.txt	structure	timeline|relationships|scenes|quests|world	implemented_reference_map	reference_extracted_pending_domain_review
WDM-STRUCTURE-46dc03bc59cd	structure	Maturity deepens	canon/canonical_story_tree/all_25_books_latest_full_cycle.txt|canon/canonical_story_tree/books/Book_14_The_Long_Reorientation/book_content.txt	structure	timeline|relationships|scenes|quests|world	implemented_reference_map	reference_extracted_pending_domain_review
WDM-STRUCTURE-5926093d4022	structure	S007 Rylos-Refuses-to-Let-Him-Romanticize-Endurance	canon/canonical_story_tree/all_25_books_latest_full_cycle.txt|canon/canonical_story_tree/books/Book_14_The_Long_Reorientation/book_content.txt	structure	timeline|relationships|scenes|quests|world	implemented_reference_map	reference_extracted_pending_domain_review
WDM-STRUCTURE-d2a88b5460ca	structure	S008 Daisy-May-and-Majeski-Hold-the-Household-Center-In-Silence	canon/canonical_story_tree/all_25_books_latest_full_cycle.txt|canon/canonical_story_tree/books/Book_14_The_Long_Reorientation/book_content.txt	structure	timeline|relationships|scenes|quests|world	implemented_reference_map	reference_extracted_pending_domain_review
WDM-STRUCTURE-656ed6cb314c	structure	S117 Pip-and-Rylos-Move-Forward-More-Accurately-Bound-Within-New-Daily-Life	canon/canonical_story_tree/all_25_books_latest_full_cycle.txt|canon/canonical_story_tree/books/Book_14_The_Long_Reorientation/book_content.txt	structure	timeline|relationships|scenes|quests|world	implemented_reference_map	reference_extracted_pending_domain_review
WDM-STRUCTURE-3078e4a92c5b	structure	S118 The-Book-Finds-Its-Reorientation-Law	canon/canonical_story_tree/all_25_books_latest_full_cycle.txt|canon/canonical_story_tree/books/Book_14_The_Long_Reorientation/book_content.txt	structure	timeline|relationships|scenes|quests|world	implemented_reference_map	reference_extracted_pending_domain_review
WDM-STRUCTURE-8dc8dc7e4856	structure	S119 The-Next-Layer-Promises-Second-Descent-Scale-Consequences	canon/canonical_story_tree/all_25_books_latest_full_cycle.txt|canon/canonical_story_tree/books/Book_14_The_Long_Reorientation/book_content.txt	structure	timeline|relationships|scenes|quests|world	implemented_reference_map	reference_extracted_pending_domain_review
WDM-STRUCTURE-135a9dded8e9	structure	S120 The-Beat-Ends-with-the-Long-Work-Fully-Underway	canon/canonical_story_tree/all_25_books_latest_full_cycle.txt|canon/canonical_story_tree/books/Book_14_The_Long_Reorientation/book_content.txt	structure	timeline|relationships|scenes|quests|world	implemented_reference_map	reference_extracted_pending_domain_review
WDM-STRUCTURE-45767f1b9df0	structure	S043 Pip-Realizes-That-Love-Requires-New-Shapes-When-World-State-Changes	canon/canonical_story_tree/all_25_books_latest_full_cycle.txt|canon/canonical_story_tree/books/Book_14_The_Long_Reorientation/book_content.txt	well	timeline|relationships|scenes|quests|world	implemented_reference_map	reference_extracted_pending_domain_review
WDM-STRUCTURE-9ae3a058ebd4	structure	Mature growth continues	canon/canonical_story_tree/all_25_books_latest_full_cycle.txt|canon/canonical_story_tree/books/Book_14_The_Long_Reorientation/book_content.txt	well	timeline|relationships|scenes|quests|world	implemented_reference_map	reference_extracted_pending_domain_review
WDM-STRUCTURE-df7458ca9c36	structure	S044 Rylos-Keeps-Him-From-Making-the-Shift-Too-Tragic	canon/canonical_story_tree/all_25_books_latest_full_cycle.txt|canon/canonical_story_tree/books/Book_14_The_Long_Reorientation/book_content.txt	well	timeline|relationships|scenes|quests|world	implemented_reference_map	reference_extracted_pending_domain_review
WDM-STRUCTURE-b2897f1ae2ff	structure	S045 Mack-Frames-Orbit-Change-As-Healthy-If-Read-Well	canon/canonical_story_tree/all_25_books_latest_full_cycle.txt|canon/canonical_story_tree/books/Book_14_The_Long_Reorientation/book_content.txt	well	timeline|relationships|scenes|quests|world	implemented_reference_map	reference_extracted_pending_domain_review
WDM-STRUCTURE-647f8c711418	structure	Deity teaching deepens	canon/canonical_story_tree/all_25_books_latest_full_cycle.txt|canon/canonical_story_tree/books/Book_14_The_Long_Reorientation/book_content.txt|canon/canonical_story_tree/books/Book_16_The_Deepening_World/book_content.txt	structure|well	timeline|relationships|scenes|quests|world	implemented_reference_map	reference_extracted_pending_domain_review
WDM-STRUCTURE-9e3a087110e1	structure	S046 The-Land-Feels-More-Stable-When-Relation-Is-Accurate	canon/canonical_story_tree/all_25_books_latest_full_cycle.txt|canon/canonical_story_tree/books/Book_14_The_Long_Reorientation/book_content.txt	well	timeline|relationships|scenes|quests|world	implemented_reference_map	reference_extracted_pending_domain_review
WDM-STRUCTURE-70a4407d44f1	structure	World-state mirrors truth	canon/canonical_story_tree/all_25_books_latest_full_cycle.txt|canon/canonical_story_tree/books/Book_14_The_Long_Reorientation/book_content.txt|canon/canonical_story_tree/books/Book_16_The_Deepening_World/book_content.txt|canon/canonical_story_tree/books/Book_17_Black_Heart_Scar/book_content.txt	structure|well	timeline|relationships|scenes|quests|world	implemented_reference_map	reference_extracted_pending_domain_review
WDM-STRUCTURE-e155505eaf86	structure	S047 The-Household-Finds-a-New-Balance-Point	canon/canonical_story_tree/all_25_books_latest_full_cycle.txt|canon/canonical_story_tree/books/Book_14_The_Long_Reorientation/book_content.txt	well	timeline|relationships|scenes|quests|world	implemented_reference_map	reference_extracted_pending_domain_review
WDM-STRUCTURE-98571b7a6eff	structure	Family architecture adjusts	canon/canonical_story_tree/all_25_books_latest_full_cycle.txt|canon/canonical_story_tree/books/Book_14_The_Long_Reorientation/book_content.txt|canon/canonical_story_tree/books/Book_16_The_Deepening_World/book_content.txt	structure|well	timeline|relationships|scenes|quests|world	implemented_reference_map	reference_extracted_pending_domain_review
WDM-STRUCTURE-f71c57a53c91	structure	Honest emotional pressure deepens	canon/canonical_story_tree/all_25_books_latest_full_cycle.txt|canon/canonical_story_tree/books/Book_14_The_Long_Reorientation/book_content.txt	shelter	timeline|relationships|scenes|quests|world	implemented_reference_map	reference_extracted_pending_domain_review
WDM-STRUCTURE-0ca0f0cad6dc	structure	S015 Rylos-Reads-Which-Losses-Can-Be-Worked-Around-and-Which-Must-Be-Mourned	canon/canonical_story_tree/all_25_books_latest_full_cycle.txt|canon/canonical_story_tree/books/Book_14_The_Long_Reorientation/book_content.txt	shelter	timeline|relationships|scenes|quests|world	implemented_reference_map	reference_extracted_pending_domain_review
WDM-STRUCTURE-3060d773c186	structure	S016 Mack-Grows-New-Shelters-Out-of-the-Ground-In-Places-Old-Patterns-No-Longer-Fit	canon/canonical_story_tree/all_25_books_latest_full_cycle.txt|canon/canonical_story_tree/books/Book_14_The_Long_Reorientation/book_content.txt	shelter	timeline|relationships|scenes|quests|world	implemented_reference_map	reference_extracted_pending_domain_review
WDM-STRUCTURE-39ac02544a82	structure	Terraforming remains central	canon/canonical_story_tree/all_25_books_latest_full_cycle.txt|canon/canonical_story_tree/books/Book_14_The_Long_Reorientation/book_content.txt|canon/canonical_story_tree/books/Book_16_The_Deepening_World/book_content.txt|canon/canonical_story_tree/books/Book_17_Black_Heart_Scar/book_content.txt|canon/canonical_story_tree/books/Book_18_Strange_Gravity/book_content.txt|canon/canonical_story_tree/books/Book_19_The_Cracking_Core/book_content.txt	bridge|shelter|structure	timeline|relationships|scenes|quests|world	implemented_reference_map	reference_extracted_pending_domain_review
WDM-STRUCTURE-5193b2962f05	structure	S017 The-Sanctuary-Shows-Rebuilding-As-Living-Craft-Not-Wishfulness	canon/canonical_story_tree/all_25_books_latest_full_cycle.txt|canon/canonical_story_tree/books/Book_14_The_Long_Reorientation/book_content.txt	shelter	timeline|relationships|scenes|quests|world	implemented_reference_map	reference_extracted_pending_domain_review
WDM-STRUCTURE-e0a7ce86e963	structure	S076 Pip-Feels-How-Much-Constancy-Is-Carried-by-Beings-Who-Simply-Keep-Being-Themselves	canon/canonical_story_tree/all_25_books_latest_full_cycle.txt|canon/canonical_story_tree/books/Book_14_The_Long_Reorientation/book_content.txt	shelter	timeline|relationships|scenes|quests|world	implemented_reference_map	reference_extracted_pending_domain_review
WDM-STRUCTURE-e21a2417b7e3	structure	S077 Rylos-Understands-That-Their-Continuity-Is-Part-of-Why-the-Household-Can-Endure-Long-Phases	canon/canonical_story_tree/all_25_books_latest_full_cycle.txt|canon/canonical_story_tree/books/Book_14_The_Long_Reorientation/book_content.txt	shelter	timeline|relationships|scenes|quests|world	implemented_reference_map	reference_extracted_pending_domain_review
WDM-STRUCTURE-e0a681cab4c7	structure	S078 Mack-Grows-Sheltered-Resting-Hollows-and-Runways-For-Them-Without-Humanizing-Them	canon/canonical_story_tree/all_25_books_latest_full_cycle.txt|canon/canonical_story_tree/books/Book_14_The_Long_Reorientation/book_content.txt	shelter	timeline|relationships|scenes|quests|world	implemented_reference_map	reference_extracted_pending_domain_review
WDM-STRUCTURE-c6bcee4d2a05	structure	Representation stays correct	canon/canonical_story_tree/all_25_books_latest_full_cycle.txt|canon/canonical_story_tree/books/Book_14_The_Long_Reorientation/book_content.txt|canon/canonical_story_tree/books/Book_15_Suffocating_In_Silence/book_content.txt|canon/canonical_story_tree/books/Book_19_The_Cracking_Core/book_content.txt|canon/canonical_story_tree/books/Book_20_The_Beforemath/book_content.txt|canon/canonical_story_tree/books/Book_21_The_Final_Descent/book_content.txt|canon/canonical_story_tree/books/Book_22_The_Last_Open_Gate/book_content.txt|canon/canonical_story_tree/books/Book_23_The_Final_Resonance/book_content.txt|canon/canonical_story_tree/books/Book_24_Born_To_Die/book_content.txt|canon/canonical_story_tree/books/Book_25_Death_Is_Rebirth/book_content.txt	shelter	timeline|relationships|scenes|quests|world	implemented_reference_map	reference_extracted_pending_domain_review
WDM-STRUCTURE-6f921d2c3873	structure	S117 Pip-and-Rylos-Move-Forward-More-Accurately-Bound-After-Breaking-the-Wrong-Quiet	canon/canonical_story_tree/all_25_books_latest_full_cycle.txt|canon/canonical_story_tree/books/Book_15_Suffocating_In_Silence/book_content.txt	structure	timeline|relationships|scenes|quests|world	implemented_reference_map	reference_extracted_pending_domain_review
WDM-STRUCTURE-2d687eb7cdb6	structure	S118 The-Book-Finds-Its-Suffocation-Law	canon/canonical_story_tree/all_25_books_latest_full_cycle.txt|canon/canonical_story_tree/books/Book_15_Suffocating_In_Silence/book_content.txt	structure	timeline|relationships|scenes|quests|world	implemented_reference_map	reference_extracted_pending_domain_review
WDM-STRUCTURE-7d05a8f41f30	structure	S119 The-Next-Layer-Promises-Deepening-World-Scale-Consequences	canon/canonical_story_tree/all_25_books_latest_full_cycle.txt|canon/canonical_story_tree/books/Book_15_Suffocating_In_Silence/book_content.txt	structure	timeline|relationships|scenes|quests|world	implemented_reference_map	reference_extracted_pending_domain_review
WDM-STRUCTURE-7b1301914839	structure	S120 The-Beat-Ends-with-the-Household-Breathing-Under-Pressure-But-Not-Destroyed	canon/canonical_story_tree/all_25_books_latest_full_cycle.txt|canon/canonical_story_tree/books/Book_15_Suffocating_In_Silence/book_content.txt	structure	timeline|relationships|scenes|quests|world	implemented_reference_map	reference_extracted_pending_domain_review
WDM-STRUCTURE-ef38740ffb4c	structure	begins under compression law	canon/canonical_story_tree/all_25_books_latest_full_cycle.txt|canon/canonical_story_tree/books/Book_15_Suffocating_In_Silence/book_content.txt	well	timeline|relationships|scenes|quests|world	implemented_reference_map	reference_extracted_pending_domain_review
WDM-STRUCTURE-538d73ba2db3	structure	B15	canon/canonical_story_tree/all_25_books_latest_full_cycle.txt|canon/canonical_story_tree/books/Book_15_Suffocating_In_Silence/book_content.txt	shelter|well	timeline|relationships|scenes|quests|world	implemented_reference_map	reference_extracted_pending_domain_review
WDM-STRUCTURE-c519276c7ff3	structure	What Silence Protects and What	canon/canonical_story_tree/all_25_books_latest_full_cycle.txt|canon/canonical_story_tree/books/Book_15_Suffocating_In_Silence/book_content.txt	well	timeline|relationships|scenes|quests|world	implemented_reference_map	reference_extracted_pending_domain_review
WDM-STRUCTURE-4c2f9d0f8d6d	structure	"It Smothers
target"	canon/canonical_story_tree/all_25_books_latest_full_cycle.txt|canon/canonical_story_tree/books/Book_15_Suffocating_In_Silence/book_content.txt	well	timeline|relationships|scenes|quests|world	implemented_reference_map	reference_extracted_pending_domain_review
WDM-STRUCTURE-5f88170c8beb	structure	S013 The-Household-Has-to-Face-Why-So-Much-Has-Gone-Unsaid	canon/canonical_story_tree/all_25_books_latest_full_cycle.txt|canon/canonical_story_tree/books/Book_15_Suffocating_In_Silence/book_content.txt	well	timeline|relationships|scenes|quests|world	implemented_reference_map	reference_extracted_pending_domain_review
WDM-STRUCTURE-38c1022201ba	structure	Silence has motive as well	canon/canonical_story_tree/all_25_books_latest_full_cycle.txt|canon/canonical_story_tree/books/Book_15_Suffocating_In_Silence/book_content.txt	well	timeline|relationships|scenes|quests|world	implemented_reference_map	reference_extracted_pending_domain_review
WDM-STRUCTURE-9d2978a4920e	structure	as damage	canon/canonical_story_tree/all_25_books_latest_full_cycle.txt|canon/canonical_story_tree/books/Book_15_Suffocating_In_Silence/book_content.txt	well	timeline|relationships|scenes|quests|world	implemented_reference_map	reference_extracted_pending_domain_review
WDM-STRUCTURE-91b40061ca9e	structure	S014 Pip-Feels-How-Protection-Can-Become-Concealment	canon/canonical_story_tree/all_25_books_latest_full_cycle.txt|canon/canonical_story_tree/books/Book_15_Suffocating_In_Silence/book_content.txt	well	timeline|relationships|scenes|quests|world	implemented_reference_map	reference_extracted_pending_domain_review
WDM-STRUCTURE-bd4b5f2db879	structure	Complexity deepens	canon/canonical_story_tree/all_25_books_latest_full_cycle.txt|canon/canonical_story_tree/books/Book_15_Suffocating_In_Silence/book_content.txt	well	timeline|relationships|scenes|quests|world	implemented_reference_map	reference_extracted_pending_domain_review
WDM-STRUCTURE-184cd6c3f09d	structure	S015 Rylos-Reads-Which-Silences-Are-Mercy-and-Which-Are-Decay	canon/canonical_story_tree/all_25_books_latest_full_cycle.txt|canon/canonical_story_tree/books/Book_15_Suffocating_In_Silence/book_content.txt	well	timeline|relationships|scenes|quests|world	implemented_reference_map	reference_extracted_pending_domain_review
WDM-STRUCTURE-89325ae5f44e	structure	Suffocating in Silence	canon/canonical_story_tree/all_25_books_latest_full_cycle.txt|canon/canonical_story_tree/books/Book_15_Suffocating_In_Silence/book_content.txt	shelter	timeline|relationships|scenes|quests|world	implemented_reference_map	reference_extracted_pending_domain_review
WDM-STRUCTURE-c3d5ce481292	structure	"Silence Stops Being Shelter
target"	canon/canonical_story_tree/all_25_books_latest_full_cycle.txt|canon/canonical_story_tree/books/Book_15_Suffocating_In_Silence/book_content.txt	shelter	timeline|relationships|scenes|quests|world	implemented_reference_map	reference_extracted_pending_domain_review
WDM-STRUCTURE-0fc2619a4137	structure	S001 The-Book-Opens-on-Silence-Turned-Hostile	canon/canonical_story_tree/all_25_books_latest_full_cycle.txt|canon/canonical_story_tree/books/Book_15_Suffocating_In_Silence/book_content.txt	shelter	timeline|relationships|scenes|quests|world	implemented_reference_map	reference_extracted_pending_domain_review
WDM-STRUCTURE-ff5745640fbb	structure	Quiet is no longer only	canon/canonical_story_tree/all_25_books_latest_full_cycle.txt|canon/canonical_story_tree/books/Book_15_Suffocating_In_Silence/book_content.txt	shelter	timeline|relationships|scenes|quests|world	implemented_reference_map	reference_extracted_pending_domain_review
WDM-STRUCTURE-68ca93f862d5	structure	refuge but pressure	canon/canonical_story_tree/all_25_books_latest_full_cycle.txt|canon/canonical_story_tree/books/Book_15_Suffocating_In_Silence/book_content.txt	shelter	timeline|relationships|scenes|quests|world	implemented_reference_map	reference_extracted_pending_domain_review
WDM-STRUCTURE-d7e26ab77e9c	structure	S002 Pip-Feels-the-Air-of-the-Household-Go-Thick-With-Unsaid-Weight	canon/canonical_story_tree/all_25_books_latest_full_cycle.txt|canon/canonical_story_tree/books/Book_15_Suffocating_In_Silence/book_content.txt	shelter	timeline|relationships|scenes|quests|world	implemented_reference_map	reference_extracted_pending_domain_review
WDM-STRUCTURE-5a946d4ec9b1	structure	Emotional understanding deepens	canon/canonical_story_tree/all_25_books_latest_full_cycle.txt|canon/canonical_story_tree/books/Book_15_Suffocating_In_Silence/book_content.txt	shelter	timeline|relationships|scenes|quests|world	implemented_reference_map	reference_extracted_pending_domain_review
WDM-STRUCTURE-5371f4d2c07d	structure	S077 Rylos-Understands-That-Their-Way-of-Being-Is-Not-the-Same-as-the-Households-Harmful-Concealment	canon/canonical_story_tree/all_25_books_latest_full_cycle.txt|canon/canonical_story_tree/books/Book_15_Suffocating_In_Silence/book_content.txt	shelter	timeline|relationships|scenes|quests|world	implemented_reference_map	reference_extracted_pending_domain_review
WDM-STRUCTURE-648f03c76fda	structure	Important clarification	canon/canonical_story_tree/all_25_books_latest_full_cycle.txt|canon/canonical_story_tree/books/Book_15_Suffocating_In_Silence/book_content.txt	shelter	timeline|relationships|scenes|quests|world	implemented_reference_map	reference_extracted_pending_domain_review
WDM-STRUCTURE-11dbbd90d035	structure	S078 Mack-Grows-Sheltered-Low-Paths-and-Resting-Hollows-For-Them-Without-Humanizing-Them	canon/canonical_story_tree/all_25_books_latest_full_cycle.txt|canon/canonical_story_tree/books/Book_15_Suffocating_In_Silence/book_content.txt	shelter	timeline|relationships|scenes|quests|world	implemented_reference_map	reference_extracted_pending_domain_review
WDM-STRUCTURE-11ffbef8b5d0	structure	S036 The-Beat-Ends-with-Scale-Still-Ahead-of-His-Magic	canon/canonical_story_tree/all_25_books_latest_full_cycle.txt|canon/canonical_story_tree/books/Book_16_The_Deepening_World/book_content.txt	structure	timeline|relationships|scenes|quests|world	implemented_reference_map	reference_extracted_pending_domain_review
WDM-STRUCTURE-09876c87f8b7	structure	Book law stays true	canon/canonical_story_tree/all_25_books_latest_full_cycle.txt|canon/canonical_story_tree/books/Book_16_The_Deepening_World/book_content.txt|canon/canonical_story_tree/books/Book_18_Strange_Gravity/book_content.txt|canon/canonical_story_tree/books/Book_21_The_Final_Descent/book_content.txt|canon/canonical_story_tree/books/Book_22_The_Last_Open_Gate/book_content.txt|canon/canonical_story_tree/books/Book_23_The_Final_Resonance/book_content.txt|canon/canonical_story_tree/books/Book_24_Born_To_Die/book_content.txt|canon/canonical_story_tree/books/Book_25_Death_Is_Rebirth/book_content.txt	structure	timeline|relationships|scenes|quests|world	implemented_reference_map	reference_extracted_pending_domain_review
WDM-STRUCTURE-b996a96decca	structure	B16	canon/canonical_story_tree/all_25_books_latest_full_cycle.txt|canon/canonical_story_tree/books/Book_16_The_Deepening_World/book_content.txt	structure|well	timeline|relationships|scenes|quests|world	implemented_reference_map	reference_extracted_pending_domain_review
WDM-STRUCTURE-423b4a983650	structure	The Household Needs	canon/canonical_story_tree/all_25_books_latest_full_cycle.txt|canon/canonical_story_tree/books/Book_16_The_Deepening_World/book_content.txt	structure	timeline|relationships|scenes|quests|world	implemented_reference_map	reference_extracted_pending_domain_review
WDM-STRUCTURE-8d57eed644ef	structure	S037 The-Expanded-World-Forces-the-Household-to-Reorganize-Again	canon/canonical_story_tree/all_25_books_latest_full_cycle.txt|canon/canonical_story_tree/books/Book_16_The_Deepening_World/book_content.txt	structure	timeline|relationships|scenes|quests|world	implemented_reference_map	reference_extracted_pending_domain_review
WDM-STRUCTURE-36139f4c072d	structure	Domestic structure must evolve	canon/canonical_story_tree/all_25_books_latest_full_cycle.txt|canon/canonical_story_tree/books/Book_16_The_Deepening_World/book_content.txt	structure	timeline|relationships|scenes|quests|world	implemented_reference_map	reference_extracted_pending_domain_review
WDM-STRUCTURE-7c9e81f51c29	structure	S038 Pip-Feels-How-Insufficient-the-Old-Habits-Are	canon/canonical_story_tree/all_25_books_latest_full_cycle.txt|canon/canonical_story_tree/books/Book_16_The_Deepening_World/book_content.txt	structure	timeline|relationships|scenes|quests|world	implemented_reference_map	reference_extracted_pending_domain_review
WDM-STRUCTURE-e4d4b03e4bff	structure	S039 Rylos-Reads-Where-Expansion-Requires-New-Role-Distribution	canon/canonical_story_tree/all_25_books_latest_full_cycle.txt|canon/canonical_story_tree/books/Book_16_The_Deepening_World/book_content.txt	structure	timeline|relationships|scenes|quests|world	implemented_reference_map	reference_extracted_pending_domain_review
WDM-STRUCTURE-eda033014514	structure	Practical clarity remains crucial	canon/canonical_story_tree/all_25_books_latest_full_cycle.txt|canon/canonical_story_tree/books/Book_16_The_Deepening_World/book_content.txt|canon/canonical_story_tree/books/Book_17_Black_Heart_Scar/book_content.txt|canon/canonical_story_tree/books/Book_18_Strange_Gravity/book_content.txt|canon/canonical_story_tree/books/Book_19_The_Cracking_Core/book_content.txt|canon/canonical_story_tree/books/Book_20_The_Beforemath/book_content.txt|canon/canonical_story_tree/books/Book_22_The_Last_Open_Gate/book_content.txt	bridge|shelter|structure	timeline|relationships|scenes|quests|world	implemented_reference_map	reference_extracted_pending_domain_review
WDM-STRUCTURE-e992a18a74f3	structure	S044 Rylos-Keeps-the-Moment-From-Turning-Into-Overwhelm	canon/canonical_story_tree/all_25_books_latest_full_cycle.txt|canon/canonical_story_tree/books/Book_16_The_Deepening_World/book_content.txt	structure	timeline|relationships|scenes|quests|world	implemented_reference_map	reference_extracted_pending_domain_review
WDM-STRUCTURE-45e8de9a0448	structure	S045 Mack-Frames-Larger-Shape-As-Healthy-If-Built-Cleanly	canon/canonical_story_tree/all_25_books_latest_full_cycle.txt|canon/canonical_story_tree/books/Book_16_The_Deepening_World/book_content.txt	structure	timeline|relationships|scenes|quests|world	implemented_reference_map	reference_extracted_pending_domain_review
WDM-STRUCTURE-b9f882a6f8e8	structure	S046 The-Land-Feels-More-Stable-When-Structure-Matches-Scale	canon/canonical_story_tree/all_25_books_latest_full_cycle.txt|canon/canonical_story_tree/books/Book_16_The_Deepening_World/book_content.txt	structure	timeline|relationships|scenes|quests|world	implemented_reference_map	reference_extracted_pending_domain_review
WDM-STRUCTURE-bd252ce59e1a	structure	S047 The-Household-Begins-To-Fit-the-New-World-Better	canon/canonical_story_tree/all_25_books_latest_full_cycle.txt|canon/canonical_story_tree/books/Book_16_The_Deepening_World/book_content.txt	structure	timeline|relationships|scenes|quests|world	implemented_reference_map	reference_extracted_pending_domain_review
WDM-STRUCTURE-59aa2e2255e6	structure	S048 The-Beat-Ends-with-Larger-Shape-Recast-As-Necessary	canon/canonical_story_tree/all_25_books_latest_full_cycle.txt|canon/canonical_story_tree/books/Book_16_The_Deepening_World/book_content.txt	structure	timeline|relationships|scenes|quests|world	implemented_reference_map	reference_extracted_pending_domain_review
WDM-STRUCTURE-686f05863a0d	structure	S117 Pip-and-Rylos-Move-Forward-More-Accurately-Bound-In-a-Larger-World	canon/canonical_story_tree/all_25_books_latest_full_cycle.txt|canon/canonical_story_tree/books/Book_16_The_Deepening_World/book_content.txt	structure	timeline|relationships|scenes|quests|world	implemented_reference_map	reference_extracted_pending_domain_review
WDM-STRUCTURE-83efc8f05990	structure	S118 The-Book-Finds-Its-Deepening-Law	canon/canonical_story_tree/all_25_books_latest_full_cycle.txt|canon/canonical_story_tree/books/Book_16_The_Deepening_World/book_content.txt	structure	timeline|relationships|scenes|quests|world	implemented_reference_map	reference_extracted_pending_domain_review
WDM-STRUCTURE-404785edf9b9	structure	S119 The-Next-Layer-Promises-Black-Heart-Scar-Scale-Consequences	canon/canonical_story_tree/all_25_books_latest_full_cycle.txt|canon/canonical_story_tree/books/Book_16_The_Deepening_World/book_content.txt	structure	timeline|relationships|scenes|quests|world	implemented_reference_map	reference_extracted_pending_domain_review
WDM-STRUCTURE-d86fef5470a3	structure	S120 The-Beat-Ends-with-the-World-Truly-Deeper-Than-Before	canon/canonical_story_tree/all_25_books_latest_full_cycle.txt|canon/canonical_story_tree/books/Book_16_The_Deepening_World/book_content.txt	structure	timeline|relationships|scenes|quests|world	implemented_reference_map	reference_extracted_pending_domain_review
WDM-STRUCTURE-52b0a28bcb3e	structure	S106 Mack-Blesses-Accurate-Love-Not-Vague-Devotion	canon/canonical_story_tree/all_25_books_latest_full_cycle.txt|canon/canonical_story_tree/books/Book_16_The_Deepening_World/book_content.txt	well	timeline|relationships|scenes|quests|world	implemented_reference_map	reference_extracted_pending_domain_review
WDM-STRUCTURE-2ce89d0e5b90	structure	Character remains true	canon/canonical_story_tree/all_25_books_latest_full_cycle.txt|canon/canonical_story_tree/books/Book_16_The_Deepening_World/book_content.txt|canon/canonical_story_tree/books/Book_17_Black_Heart_Scar/book_content.txt|canon/canonical_story_tree/books/Book_18_Strange_Gravity/book_content.txt|canon/canonical_story_tree/books/Book_19_The_Cracking_Core/book_content.txt	well	timeline|relationships|scenes|quests|world	implemented_reference_map	reference_extracted_pending_domain_review
WDM-STRUCTURE-8fbe6e1f8a63	structure	S107 The-Sanctuary-Proves-That-Scale-and-Intimacy-Can-Coexist-If-Built-Well	canon/canonical_story_tree/all_25_books_latest_full_cycle.txt|canon/canonical_story_tree/books/Book_16_The_Deepening_World/book_content.txt	well	timeline|relationships|scenes|quests|world	implemented_reference_map	reference_extracted_pending_domain_review
WDM-STRUCTURE-4688675624ca	structure	Setting truth shines	canon/canonical_story_tree/all_25_books_latest_full_cycle.txt|canon/canonical_story_tree/books/Book_16_The_Deepening_World/book_content.txt|canon/canonical_story_tree/books/Book_17_Black_Heart_Scar/book_content.txt|canon/canonical_story_tree/books/Book_18_Strange_Gravity/book_content.txt|canon/canonical_story_tree/books/Book_19_The_Cracking_Core/book_content.txt	well	timeline|relationships|scenes|quests|world	implemented_reference_map	reference_extracted_pending_domain_review
WDM-STRUCTURE-0142003ae362	structure	S108 The-Beat-Ends-with-Love-Recast-for-a-Deeper-World	canon/canonical_story_tree/all_25_books_latest_full_cycle.txt|canon/canonical_story_tree/books/Book_16_The_Deepening_World/book_content.txt	well	timeline|relationships|scenes|quests|world	implemented_reference_map	reference_extracted_pending_domain_review
WDM-STRUCTURE-c09002117f21	structure	deepens honestly	canon/canonical_story_tree/all_25_books_latest_full_cycle.txt|canon/canonical_story_tree/books/Book_16_The_Deepening_World/book_content.txt|canon/canonical_story_tree/books/Book_17_Black_Heart_Scar/book_content.txt|canon/canonical_story_tree/books/Book_18_Strange_Gravity/book_content.txt|canon/canonical_story_tree/books/Book_19_The_Cracking_Core/book_content.txt	well	timeline|relationships|scenes|quests|world	implemented_reference_map	reference_extracted_pending_domain_review
WDM-STRUCTURE-eb28110149fd	structure	Book Sixteen Locks Its First	canon/canonical_story_tree/all_25_books_latest_full_cycle.txt|canon/canonical_story_tree/books/Book_16_The_Deepening_World/book_content.txt	well	timeline|relationships|scenes|quests|world	implemented_reference_map	reference_extracted_pending_domain_review
WDM-STRUCTURE-576066863784	structure	"Deepening Law
target"	canon/canonical_story_tree/all_25_books_latest_full_cycle.txt|canon/canonical_story_tree/books/Book_16_The_Deepening_World/book_content.txt	well	timeline|relationships|scenes|quests|world	implemented_reference_map	reference_extracted_pending_domain_review
WDM-STRUCTURE-f6d2bf6ddbd0	structure	S086 Pip-Feels-the-Fear-and-Necessity-of-It-Together	canon/canonical_story_tree/all_25_books_latest_full_cycle.txt|canon/canonical_story_tree/books/Book_16_The_Deepening_World/book_content.txt	bridge	timeline|relationships|scenes|quests|world	implemented_reference_map	reference_extracted_pending_domain_review
WDM-STRUCTURE-34e41e54aa1e	structure	S087 Rylos-Reads-the-Line-They-Can-Actually-Hold	canon/canonical_story_tree/all_25_books_latest_full_cycle.txt|canon/canonical_story_tree/books/Book_16_The_Deepening_World/book_content.txt|canon/canonical_story_tree/books/Book_17_Black_Heart_Scar/book_content.txt	bridge	timeline|relationships|scenes|quests|world	implemented_reference_map	reference_extracted_pending_domain_review
WDM-STRUCTURE-ce0a82bfcd46	structure	S088 Mack-Raises-Longer-Pathways-And-Wider-Land-Bridges-From-the-Earth	canon/canonical_story_tree/all_25_books_latest_full_cycle.txt|canon/canonical_story_tree/books/Book_16_The_Deepening_World/book_content.txt	bridge	timeline|relationships|scenes|quests|world	implemented_reference_map	reference_extracted_pending_domain_review
WDM-STRUCTURE-a7a33fc9a6c2	structure	S089 The-Sanctuary-Acts-Like-a-Living-Origin-Point-for-Exploration	canon/canonical_story_tree/all_25_books_latest_full_cycle.txt|canon/canonical_story_tree/books/Book_16_The_Deepening_World/book_content.txt	bridge	timeline|relationships|scenes|quests|world	implemented_reference_map	reference_extracted_pending_domain_review
WDM-STRUCTURE-2409f9455e3e	structure	Setting truth sharpens	canon/canonical_story_tree/all_25_books_latest_full_cycle.txt|canon/canonical_story_tree/books/Book_16_The_Deepening_World/book_content.txt|canon/canonical_story_tree/books/Book_17_Black_Heart_Scar/book_content.txt|canon/canonical_story_tree/books/Book_18_Strange_Gravity/book_content.txt|canon/canonical_story_tree/books/Book_19_The_Cracking_Core/book_content.txt	bridge|structure	timeline|relationships|scenes|quests|world	implemented_reference_map	reference_extracted_pending_domain_review
WDM-STRUCTURE-4f14ee477cc1	structure	S090 Pip-Does-Not-Assume-Outer-Reach-Means-Control	canon/canonical_story_tree/all_25_books_latest_full_cycle.txt|canon/canonical_story_tree/books/Book_16_The_Deepening_World/book_content.txt	bridge	timeline|relationships|scenes|quests|world	implemented_reference_map	reference_extracted_pending_domain_review
WDM-STRUCTURE-8a1cdc891563	structure	S008 Daisy-May-and-Majeski-Hold-the-Household-Center-In-Silent-Great-Dane-Truth	canon/canonical_story_tree/all_25_books_latest_full_cycle.txt|canon/canonical_story_tree/books/Book_16_The_Deepening_World/book_content.txt|canon/canonical_story_tree/books/Book_19_The_Cracking_Core/book_content.txt	shelter|structure	timeline|relationships|scenes|quests|world	implemented_reference_map	reference_extracted_pending_domain_review
WDM-STRUCTURE-30b55a5f8eac	structure	Canon remains central	canon/canonical_story_tree/all_25_books_latest_full_cycle.txt|canon/canonical_story_tree/books/Book_16_The_Deepening_World/book_content.txt|canon/canonical_story_tree/books/Book_19_The_Cracking_Core/book_content.txt	shelter|structure	timeline|relationships|scenes|quests|world	implemented_reference_map	reference_extracted_pending_domain_review
WDM-STRUCTURE-ed11cc9330ac	structure	S009 The-Sanctuary-Feels-Like-a-Living-Province-Not-Only-a-Shelter-Now	canon/canonical_story_tree/all_25_books_latest_full_cycle.txt|canon/canonical_story_tree/books/Book_16_The_Deepening_World/book_content.txt	shelter	timeline|relationships|scenes|quests|world	implemented_reference_map	reference_extracted_pending_domain_review
WDM-STRUCTURE-99ead7626c98	structure	Setting truth deepens	canon/canonical_story_tree/all_25_books_latest_full_cycle.txt|canon/canonical_story_tree/books/Book_16_The_Deepening_World/book_content.txt|canon/canonical_story_tree/books/Book_19_The_Cracking_Core/book_content.txt|canon/canonical_story_tree/books/Book_20_The_Beforemath/book_content.txt|canon/canonical_story_tree/books/Book_22_The_Last_Open_Gate/book_content.txt	shelter|structure	timeline|relationships|scenes|quests|world	implemented_reference_map	reference_extracted_pending_domain_review
WDM-STRUCTURE-f3547022f4ec	structure	S010 Pip-Does-Not-Expect-Sonomancy-to-Catch-Up-Fast-Enough-to-Match-the-Expansion	canon/canonical_story_tree/all_25_books_latest_full_cycle.txt|canon/canonical_story_tree/books/Book_16_The_Deepening_World/book_content.txt	shelter	timeline|relationships|scenes|quests|world	implemented_reference_map	reference_extracted_pending_domain_review
WDM-STRUCTURE-08b052cbe618	structure	S011 Mack-Frames-Deepening-As-Responsibility	canon/canonical_story_tree/all_25_books_latest_full_cycle.txt|canon/canonical_story_tree/books/Book_16_The_Deepening_World/book_content.txt	shelter	timeline|relationships|scenes|quests|world	implemented_reference_map	reference_extracted_pending_domain_review
WDM-STRUCTURE-f3bf08b435d1	structure	S012 The-Beat-Ends-with-the-Black-Heart-Scar-Classified-Correctly	canon/canonical_story_tree/all_25_books_latest_full_cycle.txt|canon/canonical_story_tree/books/Book_17_Black_Heart_Scar/book_content.txt	structure	timeline|relationships|scenes|quests|world	implemented_reference_map	reference_extracted_pending_domain_review
WDM-STRUCTURE-bfa0a0b59784	structure	begins under old-wound law	canon/canonical_story_tree/all_25_books_latest_full_cycle.txt|canon/canonical_story_tree/books/Book_17_Black_Heart_Scar/book_content.txt	structure	timeline|relationships|scenes|quests|world	implemented_reference_map	reference_extracted_pending_domain_review
WDM-STRUCTURE-f58a6de31361	structure	B17	canon/canonical_story_tree/all_25_books_latest_full_cycle.txt|canon/canonical_story_tree/books/Book_17_Black_Heart_Scar/book_content.txt	structure|well	timeline|relationships|scenes|quests|world	implemented_reference_map	reference_extracted_pending_domain_review
WDM-STRUCTURE-c9bb064f7763	structure	Scar Is	canon/canonical_story_tree/all_25_books_latest_full_cycle.txt|canon/canonical_story_tree/books/Book_17_Black_Heart_Scar/book_content.txt	structure	timeline|relationships|scenes|quests|world	implemented_reference_map	reference_extracted_pending_domain_review
WDM-STRUCTURE-cc0f19b146fb	structure	Memory That Shapes the Present	canon/canonical_story_tree/all_25_books_latest_full_cycle.txt|canon/canonical_story_tree/books/Book_17_Black_Heart_Scar/book_content.txt	structure	timeline|relationships|scenes|quests|world	implemented_reference_map	reference_extracted_pending_domain_review
WDM-STRUCTURE-8e510dc35f32	structure	S013 The-Household-Faces-How-Old-Wounds-Structure-Current-Behavior	canon/canonical_story_tree/all_25_books_latest_full_cycle.txt|canon/canonical_story_tree/books/Book_17_Black_Heart_Scar/book_content.txt	structure	timeline|relationships|scenes|quests|world	implemented_reference_map	reference_extracted_pending_domain_review
WDM-STRUCTURE-f04b3b0407a4	structure	Psychological and world-state truth join	canon/canonical_story_tree/all_25_books_latest_full_cycle.txt|canon/canonical_story_tree/books/Book_17_Black_Heart_Scar/book_content.txt	structure	timeline|relationships|scenes|quests|world	implemented_reference_map	reference_extracted_pending_domain_review
WDM-STRUCTURE-eab98d9b7f48	structure	S014 Pip-Feels-How-Much-of-the-Present-Is-Already-Pre-Bent	canon/canonical_story_tree/all_25_books_latest_full_cycle.txt|canon/canonical_story_tree/books/Book_17_Black_Heart_Scar/book_content.txt	structure	timeline|relationships|scenes|quests|world	implemented_reference_map	reference_extracted_pending_domain_review
WDM-STRUCTURE-05d5bfe64d3e	structure	S015 Rylos-Reads-Which-Patterns-Are-Defense-and-Which-Are-Repetition	canon/canonical_story_tree/all_25_books_latest_full_cycle.txt|canon/canonical_story_tree/books/Book_17_Black_Heart_Scar/book_content.txt	structure	timeline|relationships|scenes|quests|world	implemented_reference_map	reference_extracted_pending_domain_review
WDM-STRUCTURE-775bab7fe970	structure	S018 Daisy-May-Rests-Silent-Within-the-Hard-Conversation	canon/canonical_story_tree/all_25_books_latest_full_cycle.txt|canon/canonical_story_tree/books/Book_17_Black_Heart_Scar/book_content.txt	structure	timeline|relationships|scenes|quests|world	implemented_reference_map	reference_extracted_pending_domain_review
WDM-STRUCTURE-5e737aa0d983	structure	Great Dane truth remains powerful	canon/canonical_story_tree/all_25_books_latest_full_cycle.txt|canon/canonical_story_tree/books/Book_17_Black_Heart_Scar/book_content.txt	structure	timeline|relationships|scenes|quests|world	implemented_reference_map	reference_extracted_pending_domain_review
WDM-STRUCTURE-ffc45598c748	structure	S019 Majeski-Holds-the-Outer-Readiness-of-the-Household	canon/canonical_story_tree/all_25_books_latest_full_cycle.txt|canon/canonical_story_tree/books/Book_17_Black_Heart_Scar/book_content.txt	structure	timeline|relationships|scenes|quests|world	implemented_reference_map	reference_extracted_pending_domain_review
WDM-STRUCTURE-e74a98046ee3	structure	The pair remain themselves	canon/canonical_story_tree/all_25_books_latest_full_cycle.txt|canon/canonical_story_tree/books/Book_17_Black_Heart_Scar/book_content.txt	structure	timeline|relationships|scenes|quests|world	implemented_reference_map	reference_extracted_pending_domain_review
WDM-STRUCTURE-98c42535fd4d	structure	S020 Pip-Understands-That-Hurt-Can-Endure-as-Structure-Not-Only-Feeling	canon/canonical_story_tree/all_25_books_latest_full_cycle.txt|canon/canonical_story_tree/books/Book_17_Black_Heart_Scar/book_content.txt	structure	timeline|relationships|scenes|quests|world	implemented_reference_map	reference_extracted_pending_domain_review
WDM-STRUCTURE-4c526931ae02	structure	Serious maturity note	canon/canonical_story_tree/all_25_books_latest_full_cycle.txt|canon/canonical_story_tree/books/Book_17_Black_Heart_Scar/book_content.txt	structure	timeline|relationships|scenes|quests|world	implemented_reference_map	reference_extracted_pending_domain_review
WDM-STRUCTURE-9ba6150b6c0f	structure	S021 Rylos-Confirms-It-Cleanly	canon/canonical_story_tree/all_25_books_latest_full_cycle.txt|canon/canonical_story_tree/books/Book_17_Black_Heart_Scar/book_content.txt	structure	timeline|relationships|scenes|quests|world	implemented_reference_map	reference_extracted_pending_domain_review
WDM-STRUCTURE-9a127bb4bc58	structure	Bond remains refined	canon/canonical_story_tree/all_25_books_latest_full_cycle.txt|canon/canonical_story_tree/books/Book_17_Black_Heart_Scar/book_content.txt	structure	timeline|relationships|scenes|quests|world	implemented_reference_map	reference_extracted_pending_domain_review
WDM-STRUCTURE-e62b032ecfc3	structure	S022 Mack-Rejects-Romanticizing-Scars	canon/canonical_story_tree/all_25_books_latest_full_cycle.txt|canon/canonical_story_tree/books/Book_17_Black_Heart_Scar/book_content.txt	structure	timeline|relationships|scenes|quests|world	implemented_reference_map	reference_extracted_pending_domain_review
WDM-STRUCTURE-5aeb89c3f18a	structure	Tonal law remains serious	canon/canonical_story_tree/all_25_books_latest_full_cycle.txt|canon/canonical_story_tree/books/Book_17_Black_Heart_Scar/book_content.txt	structure	timeline|relationships|scenes|quests|world	implemented_reference_map	reference_extracted_pending_domain_review
WDM-STRUCTURE-2fdd32cc3180	structure	S023 The-Land-Itself-Feels-Like-It-Remembers	canon/canonical_story_tree/all_25_books_latest_full_cycle.txt|canon/canonical_story_tree/books/Book_17_Black_Heart_Scar/book_content.txt	structure	timeline|relationships|scenes|quests|world	implemented_reference_map	reference_extracted_pending_domain_review
WDM-STRUCTURE-503973a8f595	structure	S046 The-Land-Feels-More-Severe-and-More-Legible-At-Once	canon/canonical_story_tree/all_25_books_latest_full_cycle.txt|canon/canonical_story_tree/books/Book_17_Black_Heart_Scar/book_content.txt	structure	timeline|relationships|scenes|quests|world	implemented_reference_map	reference_extracted_pending_domain_review
WDM-STRUCTURE-5a5c068f74a5	structure	S047 The-Household-Begins-to-Move-Within-the-Old-Wound	canon/canonical_story_tree/all_25_books_latest_full_cycle.txt|canon/canonical_story_tree/books/Book_17_Black_Heart_Scar/book_content.txt	structure	timeline|relationships|scenes|quests|world	implemented_reference_map	reference_extracted_pending_domain_review
WDM-STRUCTURE-d2c20ceff5e6	structure	Family architecture adapts	canon/canonical_story_tree/all_25_books_latest_full_cycle.txt|canon/canonical_story_tree/books/Book_17_Black_Heart_Scar/book_content.txt	structure	timeline|relationships|scenes|quests|world	implemented_reference_map	reference_extracted_pending_domain_review
WDM-STRUCTURE-9bda8551efa0	structure	S048 The-Beat-Ends-with-Older-Darkness-Recast-As-Structured-Reality	canon/canonical_story_tree/all_25_books_latest_full_cycle.txt|canon/canonical_story_tree/books/Book_17_Black_Heart_Scar/book_content.txt	structure	timeline|relationships|scenes|quests|world	implemented_reference_map	reference_extracted_pending_domain_review
WDM-STRUCTURE-69cf6276214c	structure	remains accurate	canon/canonical_story_tree/all_25_books_latest_full_cycle.txt|canon/canonical_story_tree/books/Book_17_Black_Heart_Scar/book_content.txt	structure	timeline|relationships|scenes|quests|world	implemented_reference_map	reference_extracted_pending_domain_review
WDM-STRUCTURE-f9d8a0d009a8	structure	"Ursula Beneath the Scar
target"	canon/canonical_story_tree/all_25_books_latest_full_cycle.txt|canon/canonical_story_tree/books/Book_17_Black_Heart_Scar/book_content.txt	structure	timeline|relationships|scenes|quests|world	implemented_reference_map	reference_extracted_pending_domain_review
WDM-STRUCTURE-791014bd3822	structure	S117 Pip-and-Rylos-Move-Forward-More-Accurately-Bound-Under-Severe-Historical-Pressure	canon/canonical_story_tree/all_25_books_latest_full_cycle.txt|canon/canonical_story_tree/books/Book_17_Black_Heart_Scar/book_content.txt	structure	timeline|relationships|scenes|quests|world	implemented_reference_map	reference_extracted_pending_domain_review
WDM-STRUCTURE-761b2c5d3e33	structure	S118 The-Book-Finds-Its-Scar-Law	canon/canonical_story_tree/all_25_books_latest_full_cycle.txt|canon/canonical_story_tree/books/Book_17_Black_Heart_Scar/book_content.txt	structure	timeline|relationships|scenes|quests|world	implemented_reference_map	reference_extracted_pending_domain_review
WDM-STRUCTURE-ce09a321b83a	structure	S119 The-Next-Layer-Promises-Strange-Gravity-Scale-Consequences	canon/canonical_story_tree/all_25_books_latest_full_cycle.txt|canon/canonical_story_tree/books/Book_17_Black_Heart_Scar/book_content.txt	structure	timeline|relationships|scenes|quests|world	implemented_reference_map	reference_extracted_pending_domain_review
WDM-STRUCTURE-fe58d9c16c10	structure	S120 The-Beat-Ends-with-the-Scar-Field-Truly-Entered	canon/canonical_story_tree/all_25_books_latest_full_cycle.txt|canon/canonical_story_tree/books/Book_17_Black_Heart_Scar/book_content.txt	structure	timeline|relationships|scenes|quests|world	implemented_reference_map	reference_extracted_pending_domain_review
WDM-STRUCTURE-aed4082608ba	structure	S106 Mack-Blesses-Accurate-Love-Not-Scar-Shaped-Devotion	canon/canonical_story_tree/all_25_books_latest_full_cycle.txt|canon/canonical_story_tree/books/Book_17_Black_Heart_Scar/book_content.txt	well	timeline|relationships|scenes|quests|world	implemented_reference_map	reference_extracted_pending_domain_review
WDM-STRUCTURE-3b8092f25ece	structure	S107 The-Sanctuary-Proves-That-Love-and-Severity-Can-Coexist-If-Read-Well	canon/canonical_story_tree/all_25_books_latest_full_cycle.txt|canon/canonical_story_tree/books/Book_17_Black_Heart_Scar/book_content.txt	well	timeline|relationships|scenes|quests|world	implemented_reference_map	reference_extracted_pending_domain_review
WDM-STRUCTURE-f021a8c2fb73	structure	S108 The-Beat-Ends-with-Love-Recast-Against-Old-Darkness	canon/canonical_story_tree/all_25_books_latest_full_cycle.txt|canon/canonical_story_tree/books/Book_17_Black_Heart_Scar/book_content.txt	well	timeline|relationships|scenes|quests|world	implemented_reference_map	reference_extracted_pending_domain_review
WDM-STRUCTURE-cef6627aa33a	structure	Book Seventeen Locks Its First	canon/canonical_story_tree/all_25_books_latest_full_cycle.txt|canon/canonical_story_tree/books/Book_17_Black_Heart_Scar/book_content.txt	well	timeline|relationships|scenes|quests|world	implemented_reference_map	reference_extracted_pending_domain_review
WDM-STRUCTURE-5c6b173ff61b	structure	"Scar Law
target"	canon/canonical_story_tree/all_25_books_latest_full_cycle.txt|canon/canonical_story_tree/books/Book_17_Black_Heart_Scar/book_content.txt	well	timeline|relationships|scenes|quests|world	implemented_reference_map	reference_extracted_pending_domain_review
WDM-STRUCTURE-c4c89413ce62	structure	S086 Pip-Feels-the-Pressure-of-Layered-Harm-As-Atmosphere	canon/canonical_story_tree/all_25_books_latest_full_cycle.txt|canon/canonical_story_tree/books/Book_17_Black_Heart_Scar/book_content.txt	bridge	timeline|relationships|scenes|quests|world	implemented_reference_map	reference_extracted_pending_domain_review
WDM-STRUCTURE-b965ff5158f6	structure	S088 Mack-Raises-Dark-Root-Bridges-and-Protective-Rims-From-the-Earth	canon/canonical_story_tree/all_25_books_latest_full_cycle.txt|canon/canonical_story_tree/books/Book_17_Black_Heart_Scar/book_content.txt	bridge	timeline|relationships|scenes|quests|world	implemented_reference_map	reference_extracted_pending_domain_review
WDM-STRUCTURE-29bd4e1fc3a8	structure	S089 The-Sanctuary-Acts-Like-a-Living-Fortress-At-the-Edge-of-Old-Wrongness	canon/canonical_story_tree/all_25_books_latest_full_cycle.txt|canon/canonical_story_tree/books/Book_17_Black_Heart_Scar/book_content.txt	bridge	timeline|relationships|scenes|quests|world	implemented_reference_map	reference_extracted_pending_domain_review
WDM-STRUCTURE-db09f0fe140b	structure	S090 Pip-Does-Not-Assume-Courage-Means-Control	canon/canonical_story_tree/all_25_books_latest_full_cycle.txt|canon/canonical_story_tree/books/Book_17_Black_Heart_Scar/book_content.txt	bridge	timeline|relationships|scenes|quests|world	implemented_reference_map	reference_extracted_pending_domain_review
WDM-STRUCTURE-f717082eed6e	structure	B18	canon/canonical_story_tree/all_25_books_latest_full_cycle.txt|canon/canonical_story_tree/books/Book_18_Strange_Gravity/book_content.txt	structure|well	timeline|relationships|scenes|quests|world	implemented_reference_map	reference_extracted_pending_domain_review
WDM-STRUCTURE-a7f93b3570ca	structure	The Household Has to Rebalance	canon/canonical_story_tree/all_25_books_latest_full_cycle.txt|canon/canonical_story_tree/books/Book_18_Strange_Gravity/book_content.txt	structure	timeline|relationships|scenes|quests|world	implemented_reference_map	reference_extracted_pending_domain_review
WDM-STRUCTURE-0ef517f962b4	structure	S037 Altered-Gravity-Forces-the-Household-to-Relearn-Movement-and-Presence	canon/canonical_story_tree/all_25_books_latest_full_cycle.txt|canon/canonical_story_tree/books/Book_18_Strange_Gravity/book_content.txt	structure	timeline|relationships|scenes|quests|world	implemented_reference_map	reference_extracted_pending_domain_review
WDM-STRUCTURE-b778ec1d3d45	structure	Domestic structure must adapt again	canon/canonical_story_tree/all_25_books_latest_full_cycle.txt|canon/canonical_story_tree/books/Book_18_Strange_Gravity/book_content.txt	structure	timeline|relationships|scenes|quests|world	implemented_reference_map	reference_extracted_pending_domain_review
WDM-STRUCTURE-807fa49b082d	structure	S038 Pip-Feels-How-Easily-Old-Habits-Now-Throw-Him-Off	canon/canonical_story_tree/all_25_books_latest_full_cycle.txt|canon/canonical_story_tree/books/Book_18_Strange_Gravity/book_content.txt	structure	timeline|relationships|scenes|quests|world	implemented_reference_map	reference_extracted_pending_domain_review
WDM-STRUCTURE-e30672f2ef8b	structure	S039 Rylos-Reads-Where-Rebalancing-Is-Most-Urgent	canon/canonical_story_tree/all_25_books_latest_full_cycle.txt|canon/canonical_story_tree/books/Book_18_Strange_Gravity/book_content.txt	structure	timeline|relationships|scenes|quests|world	implemented_reference_map	reference_extracted_pending_domain_review
WDM-STRUCTURE-7393d4e4fd8e	structure	S117 Pip-and-Rylos-Move-Forward-More-Accurately-Bound-Under-Altered-Pull	canon/canonical_story_tree/all_25_books_latest_full_cycle.txt|canon/canonical_story_tree/books/Book_18_Strange_Gravity/book_content.txt	structure	timeline|relationships|scenes|quests|world	implemented_reference_map	reference_extracted_pending_domain_review
WDM-STRUCTURE-4856bd76550a	structure	S118 The-Book-Finds-Its-Gravity-Law	canon/canonical_story_tree/all_25_books_latest_full_cycle.txt|canon/canonical_story_tree/books/Book_18_Strange_Gravity/book_content.txt	structure	timeline|relationships|scenes|quests|world	implemented_reference_map	reference_extracted_pending_domain_review
WDM-STRUCTURE-d2fcf7d5c1b0	structure	S119 The-Next-Layer-Promises-Cracking-Core-Scale-Consequences	canon/canonical_story_tree/all_25_books_latest_full_cycle.txt|canon/canonical_story_tree/books/Book_18_Strange_Gravity/book_content.txt	structure	timeline|relationships|scenes|quests|world	implemented_reference_map	reference_extracted_pending_domain_review
WDM-STRUCTURE-0305cdb5f0a8	structure	S120 The-Beat-Ends-with-the-World-Truly-Reordered-Around-New-Pull	canon/canonical_story_tree/all_25_books_latest_full_cycle.txt|canon/canonical_story_tree/books/Book_18_Strange_Gravity/book_content.txt	structure	timeline|relationships|scenes|quests|world	implemented_reference_map	reference_extracted_pending_domain_review
WDM-STRUCTURE-5b11e3d7520e	structure	S105 Rylos-Stands-With-Him-In-the-Cleaner-Version-of-That-Truth	canon/canonical_story_tree/all_25_books_latest_full_cycle.txt|canon/canonical_story_tree/books/Book_18_Strange_Gravity/book_content.txt	well	timeline|relationships|scenes|quests|world	implemented_reference_map	reference_extracted_pending_domain_review
WDM-STRUCTURE-17856fe64c02	structure	S106 Mack-Blesses-Accurate-Orbit-Not-Blind-Fall	canon/canonical_story_tree/all_25_books_latest_full_cycle.txt|canon/canonical_story_tree/books/Book_18_Strange_Gravity/book_content.txt	well	timeline|relationships|scenes|quests|world	implemented_reference_map	reference_extracted_pending_domain_review
WDM-STRUCTURE-19a508d69bd1	structure	S107 The-Sanctuary-Proves-That-Love-and-Balance-Can-Coexist-If-Read-Well	canon/canonical_story_tree/all_25_books_latest_full_cycle.txt|canon/canonical_story_tree/books/Book_18_Strange_Gravity/book_content.txt	well	timeline|relationships|scenes|quests|world	implemented_reference_map	reference_extracted_pending_domain_review
WDM-STRUCTURE-4aa64b161c77	structure	S108 The-Beat-Ends-with-Love-Recast-Under-Strange-Gravity	canon/canonical_story_tree/all_25_books_latest_full_cycle.txt|canon/canonical_story_tree/books/Book_18_Strange_Gravity/book_content.txt	well	timeline|relationships|scenes|quests|world	implemented_reference_map	reference_extracted_pending_domain_review
WDM-STRUCTURE-9e18a4f861a2	structure	Book Eighteen Locks Its First	canon/canonical_story_tree/all_25_books_latest_full_cycle.txt|canon/canonical_story_tree/books/Book_18_Strange_Gravity/book_content.txt	well	timeline|relationships|scenes|quests|world	implemented_reference_map	reference_extracted_pending_domain_review
WDM-STRUCTURE-9a79735e7a94	structure	"Gravity Law
target"	canon/canonical_story_tree/all_25_books_latest_full_cycle.txt|canon/canonical_story_tree/books/Book_18_Strange_Gravity/book_content.txt	well	timeline|relationships|scenes|quests|world	implemented_reference_map	reference_extracted_pending_domain_review
WDM-STRUCTURE-c32fad4c846c	structure	S087 Rylos-Reads-the-Line-They-Can-Still-Hold-In-Real-Time	canon/canonical_story_tree/all_25_books_latest_full_cycle.txt|canon/canonical_story_tree/books/Book_18_Strange_Gravity/book_content.txt	bridge	timeline|relationships|scenes|quests|world	implemented_reference_map	reference_extracted_pending_domain_review
WDM-STRUCTURE-ca20b9cc4449	structure	S088 Mack-Raises-Anchor-Roots-and-Counterweighted-Land-Bridges-From-the-Earth	canon/canonical_story_tree/all_25_books_latest_full_cycle.txt|canon/canonical_story_tree/books/Book_18_Strange_Gravity/book_content.txt	bridge	timeline|relationships|scenes|quests|world	implemented_reference_map	reference_extracted_pending_domain_review
WDM-STRUCTURE-a0672737f08f	structure	S089 The-Sanctuary-Acts-Like-a-Living-System-of-Resistance	canon/canonical_story_tree/all_25_books_latest_full_cycle.txt|canon/canonical_story_tree/books/Book_18_Strange_Gravity/book_content.txt	bridge	timeline|relationships|scenes|quests|world	implemented_reference_map	reference_extracted_pending_domain_review
WDM-STRUCTURE-344faf4e6852	structure	S090 Pip-Does-Not-Assume-Willpower-Alone-Will-Solve-It	canon/canonical_story_tree/all_25_books_latest_full_cycle.txt|canon/canonical_story_tree/books/Book_18_Strange_Gravity/book_content.txt	bridge	timeline|relationships|scenes|quests|world	implemented_reference_map	reference_extracted_pending_domain_review
WDM-STRUCTURE-8f729db7d564	structure	S009 The-Sanctuary-Feels-Like-a-Living-Structure-Built-on-a-Strained-Heart	canon/canonical_story_tree/all_25_books_latest_full_cycle.txt|canon/canonical_story_tree/books/Book_19_The_Cracking_Core/book_content.txt	structure	timeline|relationships|scenes|quests|world	implemented_reference_map	reference_extracted_pending_domain_review
WDM-STRUCTURE-c7c39d807cde	structure	S010 Pip-Does-Not-Imagine-Sonomancy-Will-Suddenly-Meet-Planetary-Scale	canon/canonical_story_tree/all_25_books_latest_full_cycle.txt|canon/canonical_story_tree/books/Book_19_The_Cracking_Core/book_content.txt	structure	timeline|relationships|scenes|quests|world	implemented_reference_map	reference_extracted_pending_domain_review
WDM-STRUCTURE-a944550f1c95	structure	S011 Mack-Frames-the-Cracking-Core-As-the-World's-Deepest-Active-Question	canon/canonical_story_tree/all_25_books_latest_full_cycle.txt|canon/canonical_story_tree/books/Book_19_The_Cracking_Core/book_content.txt	structure	timeline|relationships|scenes|quests|world	implemented_reference_map	reference_extracted_pending_domain_review
WDM-STRUCTURE-2612d3615345	structure	S088 Mack-Raises-Emergency-Root-Braces-and-Stone-Rims-From-the-Earth	canon/canonical_story_tree/all_25_books_latest_full_cycle.txt|canon/canonical_story_tree/books/Book_19_The_Cracking_Core/book_content.txt	structure	timeline|relationships|scenes|quests|world	implemented_reference_map	reference_extracted_pending_domain_review
WDM-STRUCTURE-825538c6edf4	structure	S089 The-Sanctuary-Acts-Like-a-Living-Structure-Fighting-to-Keep-Its-Footing	canon/canonical_story_tree/all_25_books_latest_full_cycle.txt|canon/canonical_story_tree/books/Book_19_The_Cracking_Core/book_content.txt	structure	timeline|relationships|scenes|quests|world	implemented_reference_map	reference_extracted_pending_domain_review
WDM-STRUCTURE-5de0ca998f11	structure	S090 Pip-Does-Not-Assume-Willpower-Or-Magic-Will-Make-the-Shock-Simple	canon/canonical_story_tree/all_25_books_latest_full_cycle.txt|canon/canonical_story_tree/books/Book_19_The_Cracking_Core/book_content.txt	structure	timeline|relationships|scenes|quests|world	implemented_reference_map	reference_extracted_pending_domain_review
WDM-STRUCTURE-19d13b38a84a	structure	Honesty remains intact	canon/canonical_story_tree/all_25_books_latest_full_cycle.txt|canon/canonical_story_tree/books/Book_19_The_Cracking_Core/book_content.txt	structure	timeline|relationships|scenes|quests|world	implemented_reference_map	reference_extracted_pending_domain_review
WDM-STRUCTURE-d63abf154ab9	structure	S091 He-Does-Choose-Correctly-Within-His-Limits	canon/canonical_story_tree/all_25_books_latest_full_cycle.txt|canon/canonical_story_tree/books/Book_19_The_Cracking_Core/book_content.txt	structure	timeline|relationships|scenes|quests|world	implemented_reference_map	reference_extracted_pending_domain_review
WDM-STRUCTURE-53b0a051877c	structure	S117 Pip-and-Rylos-Move-Forward-More-Accurately-Bound-Under-World-Heart-Pressure	canon/canonical_story_tree/all_25_books_latest_full_cycle.txt|canon/canonical_story_tree/books/Book_19_The_Cracking_Core/book_content.txt	structure	timeline|relationships|scenes|quests|world	implemented_reference_map	reference_extracted_pending_domain_review
WDM-STRUCTURE-3ff5541b948c	structure	S118 The-Book-Finds-Its-Core-Law	canon/canonical_story_tree/all_25_books_latest_full_cycle.txt|canon/canonical_story_tree/books/Book_19_The_Cracking_Core/book_content.txt	structure	timeline|relationships|scenes|quests|world	implemented_reference_map	reference_extracted_pending_domain_review
WDM-STRUCTURE-cc29b740e84e	structure	S119 The-Next-Layer-Promises-Beforemath-Scale-Consequences	canon/canonical_story_tree/all_25_books_latest_full_cycle.txt|canon/canonical_story_tree/books/Book_19_The_Cracking_Core/book_content.txt	structure	timeline|relationships|scenes|quests|world	implemented_reference_map	reference_extracted_pending_domain_review
WDM-STRUCTURE-0c90f3e1ece2	structure	S120 The-Beat-Ends-with-the-World's-Heart-Truly-In-Play	canon/canonical_story_tree/all_25_books_latest_full_cycle.txt|canon/canonical_story_tree/books/Book_19_The_Cracking_Core/book_content.txt	structure	timeline|relationships|scenes|quests|world	implemented_reference_map	reference_extracted_pending_domain_review
WDM-STRUCTURE-7f2f90e676d7	structure	S106 Mack-Blesses-Accurate-Love-Not-Core-Shaped-Despair	canon/canonical_story_tree/all_25_books_latest_full_cycle.txt|canon/canonical_story_tree/books/Book_19_The_Cracking_Core/book_content.txt	well	timeline|relationships|scenes|quests|world	implemented_reference_map	reference_extracted_pending_domain_review
WDM-STRUCTURE-06212718ba16	structure	S107 The-Sanctuary-Proves-That-Love-and-Planetary-Truth-Can-Coexist-If-Read-Well	canon/canonical_story_tree/all_25_books_latest_full_cycle.txt|canon/canonical_story_tree/books/Book_19_The_Cracking_Core/book_content.txt	well	timeline|relationships|scenes|quests|world	implemented_reference_map	reference_extracted_pending_domain_review
WDM-STRUCTURE-d7b74e17df43	structure	S108 The-Beat-Ends-with-Love-Recast-Under-Core-Pressure	canon/canonical_story_tree/all_25_books_latest_full_cycle.txt|canon/canonical_story_tree/books/Book_19_The_Cracking_Core/book_content.txt	well	timeline|relationships|scenes|quests|world	implemented_reference_map	reference_extracted_pending_domain_review
WDM-STRUCTURE-22bc24f2663d	structure	B19	canon/canonical_story_tree/all_25_books_latest_full_cycle.txt|canon/canonical_story_tree/books/Book_19_The_Cracking_Core/book_content.txt	well	timeline|relationships|scenes|quests|world	implemented_reference_map	reference_extracted_pending_domain_review
WDM-STRUCTURE-21b86708ea36	structure	Book Nineteen Locks Its First	canon/canonical_story_tree/all_25_books_latest_full_cycle.txt|canon/canonical_story_tree/books/Book_19_The_Cracking_Core/book_content.txt	well	timeline|relationships|scenes|quests|world	implemented_reference_map	reference_extracted_pending_domain_review
WDM-STRUCTURE-5a13acc209d8	structure	"Core Law
target"	canon/canonical_story_tree/all_25_books_latest_full_cycle.txt|canon/canonical_story_tree/books/Book_19_The_Cracking_Core/book_content.txt	well	timeline|relationships|scenes|quests|world	implemented_reference_map	reference_extracted_pending_domain_review
WDM-STRUCTURE-8b233fc1b64f	structure	S077 Rylos-Understands-That-Their-Presence-Helps-Keep-the-Household-from-Going-Abstract-and-Wrong	canon/canonical_story_tree/all_25_books_latest_full_cycle.txt|canon/canonical_story_tree/books/Book_19_The_Cracking_Core/book_content.txt	shelter	timeline|relationships|scenes|quests|world	implemented_reference_map	reference_extracted_pending_domain_review
WDM-STRUCTURE-e9ff606a0b51	structure	S078 Mack-Grows-Sheltered-Runs-and-Resting-Hollows-For-Them-Without-Humanizing-Them	canon/canonical_story_tree/all_25_books_latest_full_cycle.txt|canon/canonical_story_tree/books/Book_19_The_Cracking_Core/book_content.txt|canon/canonical_story_tree/books/Book_21_The_Final_Descent/book_content.txt|canon/canonical_story_tree/books/Book_22_The_Last_Open_Gate/book_content.txt|canon/canonical_story_tree/books/Book_23_The_Final_Resonance/book_content.txt|canon/canonical_story_tree/books/Book_24_Born_To_Die/book_content.txt|canon/canonical_story_tree/books/Book_25_Death_Is_Rebirth/book_content.txt	shelter	timeline|relationships|scenes|quests|world	implemented_reference_map	reference_extracted_pending_domain_review
WDM-STRUCTURE-491322a4c8a4	structure	every return must answer that	canon/canonical_story_tree/all_25_books_latest_full_cycle.txt|canon/canonical_story_tree/books/Book_20_The_Beforemath/book_content.txt	structure	timeline|relationships|scenes|quests|world	implemented_reference_map	reference_extracted_pending_domain_review
WDM-STRUCTURE-6b13b84db0a1	structure	hole	canon/canonical_story_tree/all_25_books_latest_full_cycle.txt|canon/canonical_story_tree/books/Book_20_The_Beforemath/book_content.txt	structure	timeline|relationships|scenes|quests|world	implemented_reference_map	reference_extracted_pending_domain_review
WDM-STRUCTURE-1a468498e466	structure	no support death may compete	canon/canonical_story_tree/all_25_books_latest_full_cycle.txt|canon/canonical_story_tree/books/Book_20_The_Beforemath/book_content.txt	structure	timeline|relationships|scenes|quests|world	implemented_reference_map	reference_extracted_pending_domain_review
WDM-STRUCTURE-c1d8dd07ea01	structure	with Rylos as trigger death	canon/canonical_story_tree/all_25_books_latest_full_cycle.txt|canon/canonical_story_tree/books/Book_20_The_Beforemath/book_content.txt	structure	timeline|relationships|scenes|quests|world	implemented_reference_map	reference_extracted_pending_domain_review
WDM-STRUCTURE-dad76d1ebdd2	structure	Book-specific support assignment	canon/canonical_story_tree/all_25_books_latest_full_cycle.txt|canon/canonical_story_tree/books/Book_20_The_Beforemath/book_content.txt	structure	timeline|relationships|scenes|quests|world	implemented_reference_map	reference_extracted_pending_domain_review
WDM-STRUCTURE-1fc4abfe0201	structure	Oswyn most likely dies preserving	canon/canonical_story_tree/all_25_books_latest_full_cycle.txt|canon/canonical_story_tree/books/Book_20_The_Beforemath/book_content.txt	structure	timeline|relationships|scenes|quests|world	implemented_reference_map	reference_extracted_pending_domain_review
WDM-STRUCTURE-817b232d58b5	structure	grief structure and memorial truth	canon/canonical_story_tree/all_25_books_latest_full_cycle.txt|canon/canonical_story_tree/books/Book_20_The_Beforemath/book_content.txt	structure	timeline|relationships|scenes|quests|world	implemented_reference_map	reference_extracted_pending_domain_review
WDM-STRUCTURE-85660095c35b	structure	Davan may be pressured here	canon/canonical_story_tree/all_25_books_latest_full_cycle.txt|canon/canonical_story_tree/books/Book_20_The_Beforemath/book_content.txt	structure	timeline|relationships|scenes|quests|world	implemented_reference_map	reference_extracted_pending_domain_review
WDM-STRUCTURE-d671cb10d7b5	structure	but can also be held	canon/canonical_story_tree/all_25_books_latest_full_cycle.txt|canon/canonical_story_tree/books/Book_20_The_Beforemath/book_content.txt	structure	timeline|relationships|scenes|quests|world	implemented_reference_map	reference_extracted_pending_domain_review
WDM-STRUCTURE-aef0bf2db9fc	structure	for Book	canon/canonical_story_tree/all_25_books_latest_full_cycle.txt|canon/canonical_story_tree/books/Book_20_The_Beforemath/book_content.txt	structure	timeline|relationships|scenes|quests|world	implemented_reference_map	reference_extracted_pending_domain_review
WDM-STRUCTURE-371d2731d66c	structure	wake effect	canon/canonical_story_tree/all_25_books_latest_full_cycle.txt|canon/canonical_story_tree/books/Book_20_The_Beforemath/book_content.txt	structure	timeline|relationships|scenes|quests|world	implemented_reference_map	reference_extracted_pending_domain_review
WDM-STRUCTURE-4228ead85d2d	structure	the world loses one of	canon/canonical_story_tree/all_25_books_latest_full_cycle.txt|canon/canonical_story_tree/books/Book_20_The_Beforemath/book_content.txt	structure	timeline|relationships|scenes|quests|world	implemented_reference_map	reference_extracted_pending_domain_review
WDM-STRUCTURE-d5b575cafe01	structure	its mourning-keepers	canon/canonical_story_tree/all_25_books_latest_full_cycle.txt|canon/canonical_story_tree/books/Book_20_The_Beforemath/book_content.txt	structure	timeline|relationships|scenes|quests|world	implemented_reference_map	reference_extracted_pending_domain_review
WDM-STRUCTURE-b86209a8526f	structure	return effect	canon/canonical_story_tree/all_25_books_latest_full_cycle.txt|canon/canonical_story_tree/books/Book_20_The_Beforemath/book_content.txt	structure	timeline|relationships|scenes|quests|world	implemented_reference_map	reference_extracted_pending_domain_review
WDM-STRUCTURE-f463061fa50f	structure	communal catharsis	canon/canonical_story_tree/all_25_books_latest_full_cycle.txt|canon/canonical_story_tree/books/Book_20_The_Beforemath/book_content.txt	structure	timeline|relationships|scenes|quests|world	implemented_reference_map	reference_extracted_pending_domain_review
WDM-STRUCTURE-1900150ce568	structure	grief without paying it off	canon/canonical_story_tree/all_25_books_latest_full_cycle.txt|canon/canonical_story_tree/books/Book_20_The_Beforemath/book_content.txt	structure	timeline|relationships|scenes|quests|world	implemented_reference_map	reference_extracted_pending_domain_review
WDM-STRUCTURE-7a25252eed98	structure	"yet

Required details"	canon/canonical_story_tree/all_25_books_latest_full_cycle.txt|canon/canonical_story_tree/books/Book_20_The_Beforemath/book_content.txt	structure	timeline|relationships|scenes|quests|world	implemented_reference_map	reference_extracted_pending_domain_review
WDM-STRUCTURE-b3e8fa7893bd	structure	at least one place setting	canon/canonical_story_tree/all_25_books_latest_full_cycle.txt|canon/canonical_story_tree/books/Book_20_The_Beforemath/book_content.txt	structure	timeline|relationships|scenes|quests|world	implemented_reference_map	reference_extracted_pending_domain_review
WDM-STRUCTURE-88def5235c8d	structure	object	canon/canonical_story_tree/all_25_books_latest_full_cycle.txt|canon/canonical_story_tree/books/Book_20_The_Beforemath/book_content.txt	structure	timeline|relationships|scenes|quests|world	implemented_reference_map	reference_extracted_pending_domain_review
WDM-STRUCTURE-49fd02a69d20	structure	threshold	canon/canonical_story_tree/all_25_books_latest_full_cycle.txt|canon/canonical_story_tree/books/Book_20_The_Beforemath/book_content.txt	structure	timeline|relationships|scenes|quests|world	implemented_reference_map	reference_extracted_pending_domain_review
WDM-STRUCTURE-faf87e935e24	structure	or touch appears	canon/canonical_story_tree/all_25_books_latest_full_cycle.txt|canon/canonical_story_tree/books/Book_20_The_Beforemath/book_content.txt	structure	timeline|relationships|scenes|quests|world	implemented_reference_map	reference_extracted_pending_domain_review
WDM-STRUCTURE-190bd66ce802	structure	already missing	canon/canonical_story_tree/all_25_books_latest_full_cycle.txt|canon/canonical_story_tree/books/Book_20_The_Beforemath/book_content.txt	structure	timeline|relationships|scenes|quests|world	implemented_reference_map	reference_extracted_pending_domain_review
WDM-STRUCTURE-0e5224684717	structure	Oswyn	canon/canonical_story_tree/all_25_books_latest_full_cycle.txt|canon/canonical_story_tree/books/Book_20_The_Beforemath/book_content.txt	structure	timeline|relationships|scenes|quests|world	implemented_reference_map	reference_extracted_pending_domain_review
WDM-STRUCTURE-dda868763ad5	structure	recognizes this as	canon/canonical_story_tree/all_25_books_latest_full_cycle.txt|canon/canonical_story_tree/books/Book_20_The_Beforemath/book_content.txt	structure	timeline|relationships|scenes|quests|world	implemented_reference_map	reference_extracted_pending_domain_review
WDM-STRUCTURE-7eb13b40db2a	structure	grief-structure violation	canon/canonical_story_tree/all_25_books_latest_full_cycle.txt|canon/canonical_story_tree/books/Book_20_The_Beforemath/book_content.txt	structure	timeline|relationships|scenes|quests|world	implemented_reference_map	reference_extracted_pending_domain_review
WDM-STRUCTURE-e19d9dd0a276	structure	haunting in the ordinary sense	canon/canonical_story_tree/all_25_books_latest_full_cycle.txt|canon/canonical_story_tree/books/Book_20_The_Beforemath/book_content.txt	structure	timeline|relationships|scenes|quests|world	implemented_reference_map	reference_extracted_pending_domain_review
WDM-STRUCTURE-153d9b17a240	structure	no character fully understands it	canon/canonical_story_tree/all_25_books_latest_full_cycle.txt|canon/canonical_story_tree/books/Book_20_The_Beforemath/book_content.txt	structure	timeline|relationships|scenes|quests|world	implemented_reference_map	reference_extracted_pending_domain_review
WDM-STRUCTURE-d863ade25783	structure	Pip feels it too strongly	canon/canonical_story_tree/all_25_books_latest_full_cycle.txt|canon/canonical_story_tree/books/Book_20_The_Beforemath/book_content.txt	structure	timeline|relationships|scenes|quests|world	implemented_reference_map	reference_extracted_pending_domain_review
WDM-STRUCTURE-91e0f717ffab	structure	but cannot yet name the	canon/canonical_story_tree/all_25_books_latest_full_cycle.txt|canon/canonical_story_tree/books/Book_20_The_Beforemath/book_content.txt	structure	timeline|relationships|scenes|quests|world	implemented_reference_map	reference_extracted_pending_domain_review
WDM-STRUCTURE-c9d9230620fc	structure	life-thread logic	canon/canonical_story_tree/all_25_books_latest_full_cycle.txt|canon/canonical_story_tree/books/Book_20_The_Beforemath/book_content.txt	structure	timeline|relationships|scenes|quests|world	implemented_reference_map	reference_extracted_pending_domain_review
WDM-STRUCTURE-e29cca26f9a0	structure	Scene Block	canon/canonical_story_tree/all_25_books_latest_full_cycle.txt|canon/canonical_story_tree/books/Book_20_The_Beforemath/book_content.txt|canon/canonical_story_tree/books/Book_25_Death_Is_Rebirth/book_content.txt	structure|well	timeline|relationships|scenes|quests|world	implemented_reference_map	reference_extracted_pending_domain_review
WDM-STRUCTURE-8e74e6860a58	structure	villain exposure should feel humiliating	canon/canonical_story_tree/all_25_books_latest_full_cycle.txt|canon/canonical_story_tree/books/Book_20_The_Beforemath/book_content.txt	structure	timeline|relationships|scenes|quests|world	implemented_reference_map	reference_extracted_pending_domain_review
WDM-STRUCTURE-583299d32bd3	structure	and morally clarifying	canon/canonical_story_tree/all_25_books_latest_full_cycle.txt|canon/canonical_story_tree/books/Book_20_The_Beforemath/book_content.txt	structure	timeline|relationships|scenes|quests|world	implemented_reference_map	reference_extracted_pending_domain_review
WDM-STRUCTURE-e7ecef926e08	structure	not melodramatic	canon/canonical_story_tree/all_25_books_latest_full_cycle.txt|canon/canonical_story_tree/books/Book_20_The_Beforemath/book_content.txt	structure	timeline|relationships|scenes|quests|world	implemented_reference_map	reference_extracted_pending_domain_review
WDM-STRUCTURE-dbdf3d1dbc67	structure	likely weak prose risks	canon/canonical_story_tree/all_25_books_latest_full_cycle.txt|canon/canonical_story_tree/books/Book_20_The_Beforemath/book_content.txt	structure	timeline|relationships|scenes|quests|world	implemented_reference_map	reference_extracted_pending_domain_review
WDM-STRUCTURE-4d1f120bbe3c	structure	wake language becoming abstract	canon/canonical_story_tree/all_25_books_latest_full_cycle.txt|canon/canonical_story_tree/books/Book_20_The_Beforemath/book_content.txt	structure	timeline|relationships|scenes|quests|world	implemented_reference_map	reference_extracted_pending_domain_review
WDM-STRUCTURE-cf351dea93a4	structure	too much explanation around memorial	canon/canonical_story_tree/all_25_books_latest_full_cycle.txt|canon/canonical_story_tree/books/Book_20_The_Beforemath/book_content.txt	structure	timeline|relationships|scenes|quests|world	implemented_reference_map	reference_extracted_pending_domain_review
WDM-STRUCTURE-a3efa990b631	structure	structures	canon/canonical_story_tree/all_25_books_latest_full_cycle.txt|canon/canonical_story_tree/books/Book_20_The_Beforemath/book_content.txt	structure	timeline|relationships|scenes|quests|world	implemented_reference_map	reference_extracted_pending_domain_review
WDM-STRUCTURE-9ed7882f6468	structure	the book sounding like setup	canon/canonical_story_tree/all_25_books_latest_full_cycle.txt|canon/canonical_story_tree/books/Book_20_The_Beforemath/book_content.txt	structure	timeline|relationships|scenes|quests|world	implemented_reference_map	reference_extracted_pending_domain_review
WDM-STRUCTURE-a17226811c26	structure	instead of lived pressure	canon/canonical_story_tree/all_25_books_latest_full_cycle.txt|canon/canonical_story_tree/books/Book_20_The_Beforemath/book_content.txt	structure	timeline|relationships|scenes|quests|world	implemented_reference_map	reference_extracted_pending_domain_review
WDM-STRUCTURE-e6414b24113b	structure	strongest prose corrections	canon/canonical_story_tree/all_25_books_latest_full_cycle.txt|canon/canonical_story_tree/books/Book_20_The_Beforemath/book_content.txt	structure	timeline|relationships|scenes|quests|world	implemented_reference_map	reference_extracted_pending_domain_review
WDM-STRUCTURE-72f7086eb543	structure	use objects	canon/canonical_story_tree/all_25_books_latest_full_cycle.txt|canon/canonical_story_tree/books/Book_20_The_Beforemath/book_content.txt	structure	timeline|relationships|scenes|quests|world	implemented_reference_map	reference_extracted_pending_domain_review
WDM-STRUCTURE-e51d920a7f84	structure	empty places	canon/canonical_story_tree/all_25_books_latest_full_cycle.txt|canon/canonical_story_tree/books/Book_20_The_Beforemath/book_content.txt	structure	timeline|relationships|scenes|quests|world	implemented_reference_map	reference_extracted_pending_domain_review
WDM-STRUCTURE-a3efb2e063a9	structure	unfinished gestures	canon/canonical_story_tree/all_25_books_latest_full_cycle.txt|canon/canonical_story_tree/books/Book_20_The_Beforemath/book_content.txt	structure	timeline|relationships|scenes|quests|world	implemented_reference_map	reference_extracted_pending_domain_review
WDM-STRUCTURE-b86bab430980	structure	let communal ritual carry the	canon/canonical_story_tree/all_25_books_latest_full_cycle.txt|canon/canonical_story_tree/books/Book_20_The_Beforemath/book_content.txt	structure	timeline|relationships|scenes|quests|world	implemented_reference_map	reference_extracted_pending_domain_review
WDM-STRUCTURE-21ba9a15e011	structure	S040 Mack-Grows-Wider-Holding-Places-Interim-Paths-and-Low-Shelters-Out-of-the-Earth	canon/canonical_story_tree/all_25_books_latest_full_cycle.txt|canon/canonical_story_tree/books/Book_20_The_Beforemath/book_content.txt	shelter|structure	timeline|relationships|scenes|quests|world	implemented_reference_map	reference_extracted_pending_domain_review
WDM-STRUCTURE-ad2cac7bd9d4	structure	Life magic remains central and	canon/canonical_story_tree/all_25_books_latest_full_cycle.txt|canon/canonical_story_tree/books/Book_20_The_Beforemath/book_content.txt|canon/canonical_story_tree/books/Book_22_The_Last_Open_Gate/book_content.txt	shelter|structure	timeline|relationships|scenes|quests|world	implemented_reference_map	reference_extracted_pending_domain_review
WDM-STRUCTURE-01c540a0fb48	structure	relational	canon/canonical_story_tree/all_25_books_latest_full_cycle.txt|canon/canonical_story_tree/books/Book_20_The_Beforemath/book_content.txt|canon/canonical_story_tree/books/Book_22_The_Last_Open_Gate/book_content.txt	shelter|structure	timeline|relationships|scenes|quests|world	implemented_reference_map	reference_extracted_pending_domain_review
WDM-STRUCTURE-5297f2b28133	structure	S041 The-Sanctuary-Becomes-a-Living-Structure-for-Enduring-the-Lean	canon/canonical_story_tree/all_25_books_latest_full_cycle.txt|canon/canonical_story_tree/books/Book_20_The_Beforemath/book_content.txt	shelter|structure	timeline|relationships|scenes|quests|world	implemented_reference_map	reference_extracted_pending_domain_review
WDM-STRUCTURE-135b5a64100f	structure	S042 Daisy-May-and-Majeski-Hold-the-Household-Center-As-the-Future-Presses-In	canon/canonical_story_tree/all_25_books_latest_full_cycle.txt|canon/canonical_story_tree/books/Book_20_The_Beforemath/book_content.txt	shelter|structure	timeline|relationships|scenes|quests|world	implemented_reference_map	reference_extracted_pending_domain_review
WDM-STRUCTURE-8239ab99ab7f	structure	Great Dane truth remains structural	canon/canonical_story_tree/all_25_books_latest_full_cycle.txt|canon/canonical_story_tree/books/Book_20_The_Beforemath/book_content.txt|canon/canonical_story_tree/books/Book_24_Born_To_Die/book_content.txt	structure|well	timeline|relationships|scenes|quests|world	implemented_reference_map	reference_extracted_pending_domain_review
WDM-STRUCTURE-e9bd7b119c0c	structure	S043 Pip-Learns-That-Some-Phases-Must-Be-Lived-Before-They-Can-Be-Named-Cleanly	canon/canonical_story_tree/all_25_books_latest_full_cycle.txt|canon/canonical_story_tree/books/Book_20_The_Beforemath/book_content.txt	structure	timeline|relationships|scenes|quests|world	implemented_reference_map	reference_extracted_pending_domain_review
WDM-STRUCTURE-0b66bb0071f1	structure	S117 Pip-and-Rylos-Move-Forward-More-Accurately-Bound-Under-Advancing-Cost	canon/canonical_story_tree/all_25_books_latest_full_cycle.txt|canon/canonical_story_tree/books/Book_20_The_Beforemath/book_content.txt	structure	timeline|relationships|scenes|quests|world	implemented_reference_map	reference_extracted_pending_domain_review
WDM-STRUCTURE-52365cf68912	structure	S118 The-Book-Finds-Its-Beforemath-Law	canon/canonical_story_tree/all_25_books_latest_full_cycle.txt|canon/canonical_story_tree/books/Book_20_The_Beforemath/book_content.txt	structure	timeline|relationships|scenes|quests|world	implemented_reference_map	reference_extracted_pending_domain_review
WDM-STRUCTURE-d4c3c2beb24c	structure	S119 The-Next-Layer-Promises-Final-Descent-Scale-Consequences	canon/canonical_story_tree/all_25_books_latest_full_cycle.txt|canon/canonical_story_tree/books/Book_20_The_Beforemath/book_content.txt	structure	timeline|relationships|scenes|quests|world	implemented_reference_map	reference_extracted_pending_domain_review
WDM-STRUCTURE-91c27a4021ab	structure	S120 The-Beat-Ends-with-the-World-Fully-In-the-Beforemath	canon/canonical_story_tree/all_25_books_latest_full_cycle.txt|canon/canonical_story_tree/books/Book_20_The_Beforemath/book_content.txt	structure	timeline|relationships|scenes|quests|world	implemented_reference_map	reference_extracted_pending_domain_review
WDM-STRUCTURE-2f37367ff16d	structure	S039 Rylos-Reads-Where-the-Household-Is-Most-Likely-to-Crack-Early	canon/canonical_story_tree/all_25_books_latest_full_cycle.txt|canon/canonical_story_tree/books/Book_20_The_Beforemath/book_content.txt	shelter	timeline|relationships|scenes|quests|world	implemented_reference_map	reference_extracted_pending_domain_review
WDM-STRUCTURE-604e6aa7c828	structure	S077 Rylos-Understands-That-Their-Presence-Keeps-the-Household-from-Going-Theatrical-under-Pressure	canon/canonical_story_tree/all_25_books_latest_full_cycle.txt|canon/canonical_story_tree/books/Book_20_The_Beforemath/book_content.txt	shelter	timeline|relationships|scenes|quests|world	implemented_reference_map	reference_extracted_pending_domain_review
WDM-STRUCTURE-f987ced31590	structure	S078 Mack-Grows-Sheltered-Resting-Hollows-and-Steadying-Paths-for-Them-Without-Humanizing-Them	canon/canonical_story_tree/all_25_books_latest_full_cycle.txt|canon/canonical_story_tree/books/Book_20_The_Beforemath/book_content.txt	shelter	timeline|relationships|scenes|quests|world	implemented_reference_map	reference_extracted_pending_domain_review
WDM-STRUCTURE-867db0c3c7cf	structure	S036 The-Beat-Ends-with-Depth-Still-Beyond-His-Magic	canon/canonical_story_tree/all_25_books_latest_full_cycle.txt|canon/canonical_story_tree/books/Book_21_The_Final_Descent/book_content.txt	structure	timeline|relationships|scenes|quests|world	implemented_reference_map	reference_extracted_pending_domain_review
WDM-STRUCTURE-8bbd09aa35b3	structure	B21	canon/canonical_story_tree/all_25_books_latest_full_cycle.txt|canon/canonical_story_tree/books/Book_21_The_Final_Descent/book_content.txt	structure	timeline|relationships|scenes|quests|world	implemented_reference_map	reference_extracted_pending_domain_review
WDM-STRUCTURE-5867e82f1378	structure	The Household Reorients Around Going	canon/canonical_story_tree/all_25_books_latest_full_cycle.txt|canon/canonical_story_tree/books/Book_21_The_Final_Descent/book_content.txt	structure	timeline|relationships|scenes|quests|world	implemented_reference_map	reference_extracted_pending_domain_review
WDM-STRUCTURE-aa859549dec1	structure	"Down
target"	canon/canonical_story_tree/all_25_books_latest_full_cycle.txt|canon/canonical_story_tree/books/Book_21_The_Final_Descent/book_content.txt	structure	timeline|relationships|scenes|quests|world	implemented_reference_map	reference_extracted_pending_domain_review
WDM-STRUCTURE-3fd2994b5717	structure	S037 The-Imminent-Descent-Changes-Daily-Life-Itself	canon/canonical_story_tree/all_25_books_latest_full_cycle.txt|canon/canonical_story_tree/books/Book_21_The_Final_Descent/book_content.txt	structure	timeline|relationships|scenes|quests|world	implemented_reference_map	reference_extracted_pending_domain_review
WDM-STRUCTURE-b61e51a64980	structure	Domestic structure rearranges toward vertical	canon/canonical_story_tree/all_25_books_latest_full_cycle.txt|canon/canonical_story_tree/books/Book_21_The_Final_Descent/book_content.txt	structure	timeline|relationships|scenes|quests|world	implemented_reference_map	reference_extracted_pending_domain_review
WDM-STRUCTURE-c6031f120c00	structure	commitment	canon/canonical_story_tree/all_25_books_latest_full_cycle.txt|canon/canonical_story_tree/books/Book_21_The_Final_Descent/book_content.txt	structure	timeline|relationships|scenes|quests|world	implemented_reference_map	reference_extracted_pending_domain_review
WDM-STRUCTURE-509f483411d2	structure	S038 Pip-Feels-How-Hard-It-Is-to-Live-Normally-When-the-Next-Step-Is-Lowering-Into-World-Wound	canon/canonical_story_tree/all_25_books_latest_full_cycle.txt|canon/canonical_story_tree/books/Book_21_The_Final_Descent/book_content.txt	structure	timeline|relationships|scenes|quests|world	implemented_reference_map	reference_extracted_pending_domain_review
WDM-STRUCTURE-da0ec3c2aed8	structure	S039 Rylos-Reads-Where-the-Household-Is-Most-Likely-to-Fray-Before-Departure	canon/canonical_story_tree/all_25_books_latest_full_cycle.txt|canon/canonical_story_tree/books/Book_21_The_Final_Descent/book_content.txt	structure	timeline|relationships|scenes|quests|world	implemented_reference_map	reference_extracted_pending_domain_review
WDM-STRUCTURE-eca22812a9eb	structure	S117 Pip-and-Rylos-Move-Forward-More-Accurately-Bound-Under-Lowering-Truth	canon/canonical_story_tree/all_25_books_latest_full_cycle.txt|canon/canonical_story_tree/books/Book_21_The_Final_Descent/book_content.txt	structure	timeline|relationships|scenes|quests|world	implemented_reference_map	reference_extracted_pending_domain_review
WDM-STRUCTURE-e8c59fa612bd	structure	S118 The-Book-Finds-Its-Descent-Law	canon/canonical_story_tree/all_25_books_latest_full_cycle.txt|canon/canonical_story_tree/books/Book_21_The_Final_Descent/book_content.txt	structure	timeline|relationships|scenes|quests|world	implemented_reference_map	reference_extracted_pending_domain_review
WDM-STRUCTURE-421cdac1f0d5	structure	S119 The-Next-Layer-Promises-Last-Open-Gate-Scale-Consequences	canon/canonical_story_tree/all_25_books_latest_full_cycle.txt|canon/canonical_story_tree/books/Book_21_The_Final_Descent/book_content.txt	structure	timeline|relationships|scenes|quests|world	implemented_reference_map	reference_extracted_pending_domain_review
WDM-STRUCTURE-ae9ab662746d	structure	S120 The-Beat-Ends-with-the-Household-Truly-Entering-the-Final-Descent	canon/canonical_story_tree/all_25_books_latest_full_cycle.txt|canon/canonical_story_tree/books/Book_21_The_Final_Descent/book_content.txt	structure	timeline|relationships|scenes|quests|world	implemented_reference_map	reference_extracted_pending_domain_review
WDM-STRUCTURE-5e636013193c	structure	S076 Pip-Feels-How-Much-It-Matters-That-Some-Presences-Remain-Clean-and-Real-at-the-Brink-of-Depth	canon/canonical_story_tree/all_25_books_latest_full_cycle.txt|canon/canonical_story_tree/books/Book_21_The_Final_Descent/book_content.txt	shelter	timeline|relationships|scenes|quests|world	implemented_reference_map	reference_extracted_pending_domain_review
WDM-STRUCTURE-3b0977901948	structure	S077 Rylos-Understands-That-Their-Truthfulness-Keeps-the-Household-from-Going-Symbolic-and-Wrong	canon/canonical_story_tree/all_25_books_latest_full_cycle.txt|canon/canonical_story_tree/books/Book_21_The_Final_Descent/book_content.txt	shelter	timeline|relationships|scenes|quests|world	implemented_reference_map	reference_extracted_pending_domain_review
WDM-STRUCTURE-52d255c5701d	structure	S036 The-Beat-Ends-with-the-Gate-Still-Ahead-of-His-Magic	canon/canonical_story_tree/all_25_books_latest_full_cycle.txt|canon/canonical_story_tree/books/Book_22_The_Last_Open_Gate/book_content.txt	structure	timeline|relationships|scenes|quests|world	implemented_reference_map	reference_extracted_pending_domain_review
WDM-STRUCTURE-e6af2fca75ba	structure	B22	canon/canonical_story_tree/all_25_books_latest_full_cycle.txt|canon/canonical_story_tree/books/Book_22_The_Last_Open_Gate/book_content.txt	structure|well	timeline|relationships|scenes|quests|world	implemented_reference_map	reference_extracted_pending_domain_review
WDM-STRUCTURE-2ef832b41968	structure	The Household Learns Threshold Discipline	canon/canonical_story_tree/all_25_books_latest_full_cycle.txt|canon/canonical_story_tree/books/Book_22_The_Last_Open_Gate/book_content.txt	structure	timeline|relationships|scenes|quests|world	implemented_reference_map	reference_extracted_pending_domain_review
WDM-STRUCTURE-94ebebd6c216	structure	S037 The-Open-Gate-Changes-Daily-Life-Itself	canon/canonical_story_tree/all_25_books_latest_full_cycle.txt|canon/canonical_story_tree/books/Book_22_The_Last_Open_Gate/book_content.txt	structure	timeline|relationships|scenes|quests|world	implemented_reference_map	reference_extracted_pending_domain_review
WDM-STRUCTURE-f89cef5e6f25	structure	Domestic structure reorganizes around access	canon/canonical_story_tree/all_25_books_latest_full_cycle.txt|canon/canonical_story_tree/books/Book_22_The_Last_Open_Gate/book_content.txt	structure	timeline|relationships|scenes|quests|world	implemented_reference_map	reference_extracted_pending_domain_review
WDM-STRUCTURE-98229e0c15f9	structure	and restraint	canon/canonical_story_tree/all_25_books_latest_full_cycle.txt|canon/canonical_story_tree/books/Book_22_The_Last_Open_Gate/book_content.txt	structure	timeline|relationships|scenes|quests|world	implemented_reference_map	reference_extracted_pending_domain_review
WDM-STRUCTURE-b7214ad6ceb9	structure	S038 Pip-Feels-How-Hard-It-Is-to-Live-Normally-Near-Something-That-Could-Change-Everything	canon/canonical_story_tree/all_25_books_latest_full_cycle.txt|canon/canonical_story_tree/books/Book_22_The_Last_Open_Gate/book_content.txt	structure	timeline|relationships|scenes|quests|world	implemented_reference_map	reference_extracted_pending_domain_review
WDM-STRUCTURE-9d1387d289b4	structure	S039 Rylos-Reads-Where-the-Household-Is-Most-Likely-to-Fray-Under-Possibility	canon/canonical_story_tree/all_25_books_latest_full_cycle.txt|canon/canonical_story_tree/books/Book_22_The_Last_Open_Gate/book_content.txt	shelter|structure	timeline|relationships|scenes|quests|world	implemented_reference_map	reference_extracted_pending_domain_review
WDM-STRUCTURE-7a823351263d	structure	S117 Pip-and-Rylos-Move-Forward-More-Accurately-Bound-Under-Open-Threshold-Strain	canon/canonical_story_tree/all_25_books_latest_full_cycle.txt|canon/canonical_story_tree/books/Book_22_The_Last_Open_Gate/book_content.txt	structure	timeline|relationships|scenes|quests|world	implemented_reference_map	reference_extracted_pending_domain_review
WDM-STRUCTURE-23e8ade0c4a2	structure	S118 The-Book-Finds-Its-Gate-Law	canon/canonical_story_tree/all_25_books_latest_full_cycle.txt|canon/canonical_story_tree/books/Book_22_The_Last_Open_Gate/book_content.txt	structure	timeline|relationships|scenes|quests|world	implemented_reference_map	reference_extracted_pending_domain_review
WDM-STRUCTURE-c974402c5233	structure	S119 The-Next-Layer-Promises-Final-Resonance-Scale-Consequences	canon/canonical_story_tree/all_25_books_latest_full_cycle.txt|canon/canonical_story_tree/books/Book_22_The_Last_Open_Gate/book_content.txt	structure	timeline|relationships|scenes|quests|world	implemented_reference_map	reference_extracted_pending_domain_review
WDM-STRUCTURE-0b45dadedceb	structure	S120 The-Beat-Ends-with-the-Household-Truly-Brought-to-the-Gate	canon/canonical_story_tree/all_25_books_latest_full_cycle.txt|canon/canonical_story_tree/books/Book_22_The_Last_Open_Gate/book_content.txt	structure	timeline|relationships|scenes|quests|world	implemented_reference_map	reference_extracted_pending_domain_review
WDM-STRUCTURE-d016ed0c2602	structure	Required truths	canon/canonical_story_tree/all_25_books_latest_full_cycle.txt|canon/canonical_story_tree/books/Book_22_The_Last_Open_Gate/book_content.txt|canon/canonical_story_tree/books/Book_25_Death_Is_Rebirth/book_content.txt	well	timeline|relationships|scenes|quests|world	implemented_reference_map	reference_extracted_pending_domain_review
WDM-STRUCTURE-a81aba0300c6	structure	Ursula is not	canon/canonical_story_tree/all_25_books_latest_full_cycle.txt|canon/canonical_story_tree/books/Book_22_The_Last_Open_Gate/book_content.txt	well	timeline|relationships|scenes|quests|world	implemented_reference_map	reference_extracted_pending_domain_review
WDM-STRUCTURE-43c480f27ebb	structure	lore reveal only	canon/canonical_story_tree/all_25_books_latest_full_cycle.txt|canon/canonical_story_tree/books/Book_22_The_Last_Open_Gate/book_content.txt	well	timeline|relationships|scenes|quests|world	implemented_reference_map	reference_extracted_pending_domain_review
WDM-STRUCTURE-78cbed787a6d	structure	her mostly-dead state matters to	canon/canonical_story_tree/all_25_books_latest_full_cycle.txt|canon/canonical_story_tree/books/Book_22_The_Last_Open_Gate/book_content.txt	well	timeline|relationships|scenes|quests|world	implemented_reference_map	reference_extracted_pending_domain_review
WDM-STRUCTURE-9a0713c4793b	structure	how access works	canon/canonical_story_tree/all_25_books_latest_full_cycle.txt|canon/canonical_story_tree/books/Book_22_The_Last_Open_Gate/book_content.txt	well	timeline|relationships|scenes|quests|world	implemented_reference_map	reference_extracted_pending_domain_review
WDM-STRUCTURE-62485de96206	structure	she is vast	canon/canonical_story_tree/all_25_books_latest_full_cycle.txt|canon/canonical_story_tree/books/Book_22_The_Last_Open_Gate/book_content.txt	well	timeline|relationships|scenes|quests|world	implemented_reference_map	reference_extracted_pending_domain_review
WDM-STRUCTURE-652fca66d8ff	structure	holy	canon/canonical_story_tree/all_25_books_latest_full_cycle.txt|canon/canonical_story_tree/books/Book_22_The_Last_Open_Gate/book_content.txt	well	timeline|relationships|scenes|quests|world	implemented_reference_map	reference_extracted_pending_domain_review
WDM-STRUCTURE-2a49071722c0	structure	and damaged	canon/canonical_story_tree/all_25_books_latest_full_cycle.txt|canon/canonical_story_tree/books/Book_22_The_Last_Open_Gate/book_content.txt	well	timeline|relationships|scenes|quests|world	implemented_reference_map	reference_extracted_pending_domain_review
WDM-STRUCTURE-68988aa65922	structure	the gate recognizes her through	canon/canonical_story_tree/all_25_books_latest_full_cycle.txt|canon/canonical_story_tree/books/Book_22_The_Last_Open_Gate/book_content.txt	well	timeline|relationships|scenes|quests|world	implemented_reference_map	reference_extracted_pending_domain_review
WDM-STRUCTURE-6d4aa917076f	structure	ghost-weight as well as bloodline	canon/canonical_story_tree/all_25_books_latest_full_cycle.txt|canon/canonical_story_tree/books/Book_22_The_Last_Open_Gate/book_content.txt	well	timeline|relationships|scenes|quests|world	implemented_reference_map	reference_extracted_pending_domain_review
WDM-STRUCTURE-4c5c0d1807fc	structure	Cost	canon/canonical_story_tree/all_25_books_latest_full_cycle.txt|canon/canonical_story_tree/books/Book_22_The_Last_Open_Gate/book_content.txt	well	timeline|relationships|scenes|quests|world	implemented_reference_map	reference_extracted_pending_domain_review
WDM-STRUCTURE-8336de826a2b	structure	"Reader
Function"	canon/canonical_story_tree/all_25_books_latest_full_cycle.txt|canon/canonical_story_tree/books/Book_22_The_Last_Open_Gate/book_content.txt	well	timeline|relationships|scenes|quests|world	implemented_reference_map	reference_extracted_pending_domain_review
WDM-STRUCTURE-612dd5538f3f	structure	Xethrolund pays	canon/canonical_story_tree/all_25_books_latest_full_cycle.txt|canon/canonical_story_tree/books/Book_22_The_Last_Open_Gate/book_content.txt	well	timeline|relationships|scenes|quests|world	implemented_reference_map	reference_extracted_pending_domain_review
WDM-STRUCTURE-e34157ef9ca1	structure	visible threshold cost in reading	canon/canonical_story_tree/all_25_books_latest_full_cycle.txt|canon/canonical_story_tree/books/Book_22_The_Last_Open_Gate/book_content.txt	well	timeline|relationships|scenes|quests|world	implemented_reference_map	reference_extracted_pending_domain_review
WDM-STRUCTURE-d2c487abfa3d	structure	or holding the gate grammar	canon/canonical_story_tree/all_25_books_latest_full_cycle.txt|canon/canonical_story_tree/books/Book_22_The_Last_Open_Gate/book_content.txt	well	timeline|relationships|scenes|quests|world	implemented_reference_map	reference_extracted_pending_domain_review
WDM-STRUCTURE-8fa48f955510	structure	he remains indispensable	canon/canonical_story_tree/all_25_books_latest_full_cycle.txt|canon/canonical_story_tree/books/Book_22_The_Last_Open_Gate/book_content.txt	well	timeline|relationships|scenes|quests|world	implemented_reference_map	reference_extracted_pending_domain_review
WDM-STRUCTURE-6fe371b85cd4	structure	S026 He-Practices-Alone-In-a-Chamber-Mack-Grows-With-Held-Quiet-and-Threshold-Like-Acoustics	canon/canonical_story_tree/all_25_books_latest_full_cycle.txt|canon/canonical_story_tree/books/Book_22_The_Last_Open_Gate/book_content.txt	well	timeline|relationships|scenes|quests|world	implemented_reference_map	reference_extracted_pending_domain_review
WDM-STRUCTURE-6620f775b342	structure	Private discipline continues	canon/canonical_story_tree/all_25_books_latest_full_cycle.txt|canon/canonical_story_tree/books/Book_22_The_Last_Open_Gate/book_content.txt	well	timeline|relationships|scenes|quests|world	implemented_reference_map	reference_extracted_pending_domain_review
WDM-STRUCTURE-8b34b5a15e96	structure	S027 The-First-Attempt-Fails-Because-He-Reaches-for-Answer-Before-Listening-Well-Enough	canon/canonical_story_tree/all_25_books_latest_full_cycle.txt|canon/canonical_story_tree/books/Book_22_The_Last_Open_Gate/book_content.txt	well	timeline|relationships|scenes|quests|world	implemented_reference_map	reference_extracted_pending_domain_review
WDM-STRUCTURE-88902f205d0a	structure	Difficulty remains severe	canon/canonical_story_tree/all_25_books_latest_full_cycle.txt|canon/canonical_story_tree/books/Book_22_The_Last_Open_Gate/book_content.txt	well	timeline|relationships|scenes|quests|world	implemented_reference_map	reference_extracted_pending_domain_review
WDM-STRUCTURE-9ef14d77e5b7	structure	S028 The-Second-Attempt-Catches-a-Faint-Pattern-and-Breaks	canon/canonical_story_tree/all_25_books_latest_full_cycle.txt|canon/canonical_story_tree/books/Book_22_The_Last_Open_Gate/book_content.txt	well	timeline|relationships|scenes|quests|world	implemented_reference_map	reference_extracted_pending_domain_review
WDM-STRUCTURE-2e33d17cb29a	structure	Tiny progress only	canon/canonical_story_tree/all_25_books_latest_full_cycle.txt|canon/canonical_story_tree/books/Book_22_The_Last_Open_Gate/book_content.txt	well	timeline|relationships|scenes|quests|world	implemented_reference_map	reference_extracted_pending_domain_review
WDM-STRUCTURE-7424f90fd72e	structure	S029 Pip-Feels-How-Hope-Itself-Can-Damage-His-Focus	canon/canonical_story_tree/all_25_books_latest_full_cycle.txt|canon/canonical_story_tree/books/Book_22_The_Last_Open_Gate/book_content.txt	well	timeline|relationships|scenes|quests|world	implemented_reference_map	reference_extracted_pending_domain_review
WDM-STRUCTURE-ec75a1a6d2fd	structure	Honest emotional truth deepens	canon/canonical_story_tree/all_25_books_latest_full_cycle.txt|canon/canonical_story_tree/books/Book_22_The_Last_Open_Gate/book_content.txt	well	timeline|relationships|scenes|quests|world	implemented_reference_map	reference_extracted_pending_domain_review
WDM-STRUCTURE-05b33412bb0a	structure	S040 Mack-Grows-Holding-Grottos-Watch-Paths-and-Interim-Shelters-Out-of-the-Earth	canon/canonical_story_tree/all_25_books_latest_full_cycle.txt|canon/canonical_story_tree/books/Book_22_The_Last_Open_Gate/book_content.txt	shelter	timeline|relationships|scenes|quests|world	implemented_reference_map	reference_extracted_pending_domain_review
WDM-STRUCTURE-9d58e604b3c2	structure	S041 The-Sanctuary-Becomes-a-Living-School-of-Approach-Without-Rush	canon/canonical_story_tree/all_25_books_latest_full_cycle.txt|canon/canonical_story_tree/books/Book_22_The_Last_Open_Gate/book_content.txt	shelter	timeline|relationships|scenes|quests|world	implemented_reference_map	reference_extracted_pending_domain_review
WDM-STRUCTURE-6eb1bad8c709	structure	S077 Rylos-Understands-That-Their-Presence-Keeps-the-Household-from-Going-Myth-Drunk	canon/canonical_story_tree/all_25_books_latest_full_cycle.txt|canon/canonical_story_tree/books/Book_22_The_Last_Open_Gate/book_content.txt	shelter	timeline|relationships|scenes|quests|world	implemented_reference_map	reference_extracted_pending_domain_review
WDM-STRUCTURE-739ab7b50c84	structure	all pressures into one audible	canon/canonical_story_tree/all_25_books_latest_full_cycle.txt|canon/canonical_story_tree/books/Book_23_The_Final_Resonance/book_content.txt	structure	timeline|relationships|scenes|quests|world	implemented_reference_map	reference_extracted_pending_domain_review
WDM-STRUCTURE-201f09e47015	structure	emotional	canon/canonical_story_tree/all_25_books_latest_full_cycle.txt|canon/canonical_story_tree/books/Book_23_The_Final_Resonance/book_content.txt	structure	timeline|relationships|scenes|quests|world	implemented_reference_map	reference_extracted_pending_domain_review
WDM-STRUCTURE-f8aee5dfc44b	structure	and structural field	canon/canonical_story_tree/all_25_books_latest_full_cycle.txt|canon/canonical_story_tree/books/Book_23_The_Final_Resonance/book_content.txt	structure	timeline|relationships|scenes|quests|world	implemented_reference_map	reference_extracted_pending_domain_review
WDM-STRUCTURE-512665d04cdd	structure	Nieth pressure in this book	canon/canonical_story_tree/all_25_books_latest_full_cycle.txt|canon/canonical_story_tree/books/Book_23_The_Final_Resonance/book_content.txt	structure	timeline|relationships|scenes|quests|world	implemented_reference_map	reference_extracted_pending_domain_review
WDM-STRUCTURE-b7a4d5d8c4ba	structure	Her lingering weave now behaves	canon/canonical_story_tree/all_25_books_latest_full_cycle.txt|canon/canonical_story_tree/books/Book_23_The_Final_Resonance/book_content.txt	structure	timeline|relationships|scenes|quests|world	implemented_reference_map	reference_extracted_pending_domain_review
WDM-STRUCTURE-3ed7017b5369	structure	like resonance-scaffolding more than hidden	canon/canonical_story_tree/all_25_books_latest_full_cycle.txt|canon/canonical_story_tree/books/Book_23_The_Final_Resonance/book_content.txt	structure	timeline|relationships|scenes|quests|world	implemented_reference_map	reference_extracted_pending_domain_review
WDM-STRUCTURE-afb4eba988e7	structure	infrastructure	canon/canonical_story_tree/all_25_books_latest_full_cycle.txt|canon/canonical_story_tree/books/Book_23_The_Final_Resonance/book_content.txt|canon/canonical_story_tree/world/wowas_world_zone_map.json	structure	timeline|relationships|scenes|quests|world	implemented_reference_map	reference_extracted_pending_domain_review
WDM-STRUCTURE-0d8a5cc1462f	structure	Rippers	canon/canonical_story_tree/all_25_books_latest_full_cycle.txt|canon/canonical_story_tree/books/Book_23_The_Final_Resonance/book_content.txt|canon/canonical_story_tree/books/Book_25_Death_Is_Rebirth/book_content.txt	structure|well	timeline|relationships|scenes|quests|world	implemented_reference_map	reference_extracted_pending_domain_review
WDM-STRUCTURE-fbb75f36c672	structure	Unweavers pressure in this book	canon/canonical_story_tree/all_25_books_latest_full_cycle.txt|canon/canonical_story_tree/books/Book_23_The_Final_Resonance/book_content.txt	structure	timeline|relationships|scenes|quests|world	implemented_reference_map	reference_extracted_pending_domain_review
WDM-STRUCTURE-02c6b7c1fb40	structure	They try to sever gathering	canon/canonical_story_tree/all_25_books_latest_full_cycle.txt|canon/canonical_story_tree/books/Book_23_The_Final_Resonance/book_content.txt	structure	timeline|relationships|scenes|quests|world	implemented_reference_map	reference_extracted_pending_domain_review
WDM-STRUCTURE-4d34b4a290a3	structure	Wraithbound	canon/canonical_story_tree/all_25_books_latest_full_cycle.txt|canon/canonical_story_tree/books/Book_23_The_Final_Resonance/book_content.txt	structure	timeline|relationships|scenes|quests|world	implemented_reference_map	reference_extracted_pending_domain_review
WDM-STRUCTURE-77ea71a06d68	structure	Wraith pressure in this book	canon/canonical_story_tree/all_25_books_latest_full_cycle.txt|canon/canonical_story_tree/books/Book_23_The_Final_Resonance/book_content.txt	structure	timeline|relationships|scenes|quests|world	implemented_reference_map	reference_extracted_pending_domain_review
WDM-STRUCTURE-f87e498e8868	structure	They distort memory	canon/canonical_story_tree/all_25_books_latest_full_cycle.txt|canon/canonical_story_tree/books/Book_23_The_Final_Resonance/book_content.txt	structure	timeline|relationships|scenes|quests|world	implemented_reference_map	reference_extracted_pending_domain_review
WDM-STRUCTURE-ee9e2b6649b6	structure	longing	canon/canonical_story_tree/all_25_books_latest_full_cycle.txt|canon/canonical_story_tree/books/Book_23_The_Final_Resonance/book_content.txt	structure	timeline|relationships|scenes|quests|world	implemented_reference_map	reference_extracted_pending_domain_review
WDM-STRUCTURE-87a87173e730	structure	and false return	canon/canonical_story_tree/all_25_books_latest_full_cycle.txt|canon/canonical_story_tree/books/Book_23_The_Final_Resonance/book_content.txt	structure	timeline|relationships|scenes|quests|world	implemented_reference_map	reference_extracted_pending_domain_review
WDM-STRUCTURE-94c365e69211	structure	S036 The-Beat-Ends-with-Resonance-Still-Ahead-of-His-Magic	canon/canonical_story_tree/all_25_books_latest_full_cycle.txt|canon/canonical_story_tree/books/Book_23_The_Final_Resonance/book_content.txt	structure	timeline|relationships|scenes|quests|world	implemented_reference_map	reference_extracted_pending_domain_review
WDM-STRUCTURE-e15f696e4d88	structure	B23	canon/canonical_story_tree/all_25_books_latest_full_cycle.txt|canon/canonical_story_tree/books/Book_23_The_Final_Resonance/book_content.txt	structure	timeline|relationships|scenes|quests|world	implemented_reference_map	reference_extracted_pending_domain_review
WDM-STRUCTURE-0cf27176da85	structure	The Household Learns Resonance Discipline	canon/canonical_story_tree/all_25_books_latest_full_cycle.txt|canon/canonical_story_tree/books/Book_23_The_Final_Resonance/book_content.txt	structure	timeline|relationships|scenes|quests|world	implemented_reference_map	reference_extracted_pending_domain_review
WDM-STRUCTURE-c584c4c433fa	structure	S037 World-Response-Changes-Daily-Life-Itself	canon/canonical_story_tree/all_25_books_latest_full_cycle.txt|canon/canonical_story_tree/books/Book_23_The_Final_Resonance/book_content.txt	structure	timeline|relationships|scenes|quests|world	implemented_reference_map	reference_extracted_pending_domain_review
WDM-STRUCTURE-85c7fbe0de23	structure	Domestic structure reorganizes around being	canon/canonical_story_tree/all_25_books_latest_full_cycle.txt|canon/canonical_story_tree/books/Book_23_The_Final_Resonance/book_content.txt	structure	timeline|relationships|scenes|quests|world	implemented_reference_map	reference_extracted_pending_domain_review
WDM-STRUCTURE-8ff73475be7f	structure	answered	canon/canonical_story_tree/all_25_books_latest_full_cycle.txt|canon/canonical_story_tree/books/Book_23_The_Final_Resonance/book_content.txt	structure	timeline|relationships|scenes|quests|world	implemented_reference_map	reference_extracted_pending_domain_review
WDM-STRUCTURE-f6bc26049c55	structure	S038 Pip-Feels-How-Hard-It-Is-to-Stay-Clear-When-Everything-Feels-Meaningful	canon/canonical_story_tree/all_25_books_latest_full_cycle.txt|canon/canonical_story_tree/books/Book_23_The_Final_Resonance/book_content.txt	structure	timeline|relationships|scenes|quests|world	implemented_reference_map	reference_extracted_pending_domain_review
WDM-STRUCTURE-d740003b54b8	structure	S039 Rylos-Reads-Where-the-Household-Is-Most-Likely-to-Mishear-the-World	canon/canonical_story_tree/all_25_books_latest_full_cycle.txt|canon/canonical_story_tree/books/Book_23_The_Final_Resonance/book_content.txt	structure	timeline|relationships|scenes|quests|world	implemented_reference_map	reference_extracted_pending_domain_review
WDM-STRUCTURE-d0f45332ba2f	structure	S117 Pip-and-Rylos-Move-Forward-More-Accurately-Bound-Under-World-Scale-Reply	canon/canonical_story_tree/all_25_books_latest_full_cycle.txt|canon/canonical_story_tree/books/Book_23_The_Final_Resonance/book_content.txt	structure	timeline|relationships|scenes|quests|world	implemented_reference_map	reference_extracted_pending_domain_review
WDM-STRUCTURE-f9e0644f4087	structure	S118 The-Book-Finds-Its-Resonance-Law	canon/canonical_story_tree/all_25_books_latest_full_cycle.txt|canon/canonical_story_tree/books/Book_23_The_Final_Resonance/book_content.txt	structure	timeline|relationships|scenes|quests|world	implemented_reference_map	reference_extracted_pending_domain_review
WDM-STRUCTURE-6d589eedeabf	structure	S119 The-Next-Layer-Promises-Born-To-Die-Scale-Consequences	canon/canonical_story_tree/all_25_books_latest_full_cycle.txt|canon/canonical_story_tree/books/Book_23_The_Final_Resonance/book_content.txt	structure	timeline|relationships|scenes|quests|world	implemented_reference_map	reference_extracted_pending_domain_review
WDM-STRUCTURE-39dff6f600b9	structure	S120 The-Beat-Ends-with-the-World-Truly-Answering-Back	canon/canonical_story_tree/all_25_books_latest_full_cycle.txt|canon/canonical_story_tree/books/Book_23_The_Final_Resonance/book_content.txt	structure	timeline|relationships|scenes|quests|world	implemented_reference_map	reference_extracted_pending_domain_review
WDM-STRUCTURE-16b87d0a68c9	structure	identify what kind of return	canon/canonical_story_tree/all_25_books_latest_full_cycle.txt|canon/canonical_story_tree/books/Book_23_The_Final_Resonance/book_content.txt	well	timeline|relationships|scenes|quests|world	implemented_reference_map	reference_extracted_pending_domain_review
WDM-STRUCTURE-786290e1fa9e	structure	texture best fits	canon/canonical_story_tree/all_25_books_latest_full_cycle.txt|canon/canonical_story_tree/books/Book_23_The_Final_Resonance/book_content.txt	well	timeline|relationships|scenes|quests|world	implemented_reference_map	reference_extracted_pending_domain_review
WDM-STRUCTURE-a14d38677689	structure	identify how this strengthens Blood	canon/canonical_story_tree/all_25_books_latest_full_cycle.txt|canon/canonical_story_tree/books/Book_23_The_Final_Resonance/book_content.txt	well	timeline|relationships|scenes|quests|world	implemented_reference_map	reference_extracted_pending_domain_review
WDM-STRUCTURE-2e4f84e09370	structure	Cello	canon/canonical_story_tree/all_25_books_latest_full_cycle.txt|canon/canonical_story_tree/books/Book_23_The_Final_Resonance/book_content.txt|canon/canonical_story_tree/books/Book_25_Death_Is_Rebirth/book_content.txt	well	timeline|relationships|scenes|quests|world	implemented_reference_map	reference_extracted_pending_domain_review
WDM-STRUCTURE-b43631847730	structure	Book-specific mapping	canon/canonical_story_tree/all_25_books_latest_full_cycle.txt|canon/canonical_story_tree/books/Book_23_The_Final_Resonance/book_content.txt	well	timeline|relationships|scenes|quests|world	implemented_reference_map	reference_extracted_pending_domain_review
WDM-STRUCTURE-8b20ab46bd9a	structure	best-fit villain type	canon/canonical_story_tree/all_25_books_latest_full_cycle.txt|canon/canonical_story_tree/books/Book_23_The_Final_Resonance/book_content.txt	well	timeline|relationships|scenes|quests|world	implemented_reference_map	reference_extracted_pending_domain_review
WDM-STRUCTURE-cfb7bddc22f5	structure	revelation-broken antagonist	canon/canonical_story_tree/all_25_books_latest_full_cycle.txt|canon/canonical_story_tree/books/Book_23_The_Final_Resonance/book_content.txt	well	timeline|relationships|scenes|quests|world	implemented_reference_map	reference_extracted_pending_domain_review
WDM-STRUCTURE-dbdf0896bc23	structure	dies learning	canon/canonical_story_tree/all_25_books_latest_full_cycle.txt|canon/canonical_story_tree/books/Book_23_The_Final_Resonance/book_content.txt	well	timeline|relationships|scenes|quests|world	implemented_reference_map	reference_extracted_pending_domain_review
WDM-STRUCTURE-98f20792e1af	structure	farewell can exceed domination	canon/canonical_story_tree/all_25_books_latest_full_cycle.txt|canon/canonical_story_tree/books/Book_23_The_Final_Resonance/book_content.txt	well	timeline|relationships|scenes|quests|world	implemented_reference_map	reference_extracted_pending_domain_review
WDM-STRUCTURE-d8bd4ea7e9f3	structure	wake	canon/canonical_story_tree/all_25_books_latest_full_cycle.txt|canon/canonical_story_tree/books/Book_23_The_Final_Resonance/book_content.txt	well	timeline|relationships|scenes|quests|world	implemented_reference_map	reference_extracted_pending_domain_review
WDM-STRUCTURE-3ba8b02ebcb2	structure	identity collapse under resonance-field truth	canon/canonical_story_tree/all_25_books_latest_full_cycle.txt|canon/canonical_story_tree/books/Book_23_The_Final_Resonance/book_content.txt	well	timeline|relationships|scenes|quests|world	implemented_reference_map	reference_extracted_pending_domain_review
WDM-STRUCTURE-60dcceb76799	structure	return texture	canon/canonical_story_tree/all_25_books_latest_full_cycle.txt|canon/canonical_story_tree/books/Book_23_The_Final_Resonance/book_content.txt	well	timeline|relationships|scenes|quests|world	implemented_reference_map	reference_extracted_pending_domain_review
WDM-STRUCTURE-ad52a88f8d87	structure	tragic return or redemptive-if-earned return	canon/canonical_story_tree/all_25_books_latest_full_cycle.txt|canon/canonical_story_tree/books/Book_23_The_Final_Resonance/book_content.txt	well	timeline|relationships|scenes|quests|world	implemented_reference_map	reference_extracted_pending_domain_review
WDM-STRUCTURE-ce27b63a76b5	structure	Blood Cello value	canon/canonical_story_tree/all_25_books_latest_full_cycle.txt|canon/canonical_story_tree/books/Book_23_The_Final_Resonance/book_content.txt	well	timeline|relationships|scenes|quests|world	implemented_reference_map	reference_extracted_pending_domain_review
WDM-STRUCTURE-39d1f6fc7537	structure	prepares readers for morally varied	canon/canonical_story_tree/all_25_books_latest_full_cycle.txt|canon/canonical_story_tree/books/Book_23_The_Final_Resonance/book_content.txt	well	timeline|relationships|scenes|quests|world	implemented_reference_map	reference_extracted_pending_domain_review
WDM-STRUCTURE-41d7b0c6e442	structure	S077 Rylos-Understands-That-Their-Presence-Keeps-the-Household-from-Going-Mystic-and-Wrong	canon/canonical_story_tree/all_25_books_latest_full_cycle.txt|canon/canonical_story_tree/books/Book_23_The_Final_Resonance/book_content.txt	shelter	timeline|relationships|scenes|quests|world	implemented_reference_map	reference_extracted_pending_domain_review
WDM-STRUCTURE-bac67da8720c	structure	S036 The-Beat-Ends-with-Death-Pressure-Still-Beyond-His-Magic	canon/canonical_story_tree/all_25_books_latest_full_cycle.txt|canon/canonical_story_tree/books/Book_24_Born_To_Die/book_content.txt	structure	timeline|relationships|scenes|quests|world	implemented_reference_map	reference_extracted_pending_domain_review
WDM-STRUCTURE-7d7f17fa5a29	structure	B24	canon/canonical_story_tree/all_25_books_latest_full_cycle.txt|canon/canonical_story_tree/books/Book_24_Born_To_Die/book_content.txt	structure	timeline|relationships|scenes|quests|world	implemented_reference_map	reference_extracted_pending_domain_review
WDM-STRUCTURE-4bf2fc5f30de	structure	The Household Learns to Live	canon/canonical_story_tree/all_25_books_latest_full_cycle.txt|canon/canonical_story_tree/books/Book_24_Born_To_Die/book_content.txt	structure	timeline|relationships|scenes|quests|world	implemented_reference_map	reference_extracted_pending_domain_review
WDM-STRUCTURE-3d1da877c178	structure	"With Terminal Knowledge
target"	canon/canonical_story_tree/all_25_books_latest_full_cycle.txt|canon/canonical_story_tree/books/Book_24_Born_To_Die/book_content.txt	structure	timeline|relationships|scenes|quests|world	implemented_reference_map	reference_extracted_pending_domain_review
WDM-STRUCTURE-7f46fffab2e3	structure	S037 Mortality-Knowledge-Changes-Daily-Life-Itself	canon/canonical_story_tree/all_25_books_latest_full_cycle.txt|canon/canonical_story_tree/books/Book_24_Born_To_Die/book_content.txt	structure	timeline|relationships|scenes|quests|world	implemented_reference_map	reference_extracted_pending_domain_review
WDM-STRUCTURE-f308d9d2059b	structure	Domestic structure reorganizes under terminal	canon/canonical_story_tree/all_25_books_latest_full_cycle.txt|canon/canonical_story_tree/books/Book_24_Born_To_Die/book_content.txt	structure	timeline|relationships|scenes|quests|world	implemented_reference_map	reference_extracted_pending_domain_review
WDM-STRUCTURE-9541845943f2	structure	awareness	canon/canonical_story_tree/all_25_books_latest_full_cycle.txt|canon/canonical_story_tree/books/Book_24_Born_To_Die/book_content.txt	structure	timeline|relationships|scenes|quests|world	implemented_reference_map	reference_extracted_pending_domain_review
WDM-STRUCTURE-bdb6a7fbebfc	structure	S038 Pip-Feels-How-Hard-It-Is-to-Sit-Eat-Rest-and-Speak-Normally-Under-It	canon/canonical_story_tree/all_25_books_latest_full_cycle.txt|canon/canonical_story_tree/books/Book_24_Born_To_Die/book_content.txt	structure	timeline|relationships|scenes|quests|world	implemented_reference_map	reference_extracted_pending_domain_review
WDM-STRUCTURE-9d0a3f315c1b	structure	S039 Rylos-Reads-Where-the-Household-Is-Most-Likely-to-Break-Early	canon/canonical_story_tree/all_25_books_latest_full_cycle.txt|canon/canonical_story_tree/books/Book_24_Born_To_Die/book_content.txt	structure	timeline|relationships|scenes|quests|world	implemented_reference_map	reference_extracted_pending_domain_review
WDM-STRUCTURE-75e7f411927e	structure	S117 Pip-and-Rylos-Move-Forward-More-Accurately-Bound-Under-Death-Pressure	canon/canonical_story_tree/all_25_books_latest_full_cycle.txt|canon/canonical_story_tree/books/Book_24_Born_To_Die/book_content.txt	structure	timeline|relationships|scenes|quests|world	implemented_reference_map	reference_extracted_pending_domain_review
WDM-STRUCTURE-9bf4550c92f5	structure	S118 The-Book-Finds-Its-Death-Law	canon/canonical_story_tree/all_25_books_latest_full_cycle.txt|canon/canonical_story_tree/books/Book_24_Born_To_Die/book_content.txt	structure	timeline|relationships|scenes|quests|world	implemented_reference_map	reference_extracted_pending_domain_review
WDM-STRUCTURE-040a4db6fcfa	structure	S119 The-Next-Layer-Promises-Death-Is-Rebirth-Scale-Consequences	canon/canonical_story_tree/all_25_books_latest_full_cycle.txt|canon/canonical_story_tree/books/Book_24_Born_To_Die/book_content.txt	structure	timeline|relationships|scenes|quests|world	implemented_reference_map	reference_extracted_pending_domain_review
WDM-STRUCTURE-d41b21c2438f	structure	S120 The-Beat-Ends-with-the-World-Fully-Under-Terminal-Truth	canon/canonical_story_tree/all_25_books_latest_full_cycle.txt|canon/canonical_story_tree/books/Book_24_Born_To_Die/book_content.txt	structure	timeline|relationships|scenes|quests|world	implemented_reference_map	reference_extracted_pending_domain_review
WDM-STRUCTURE-05556880cb13	structure	S042 Daisy-May-and-Majeski-Hold-the-Household-Center-As-Finality-Presses-In	canon/canonical_story_tree/all_25_books_latest_full_cycle.txt|canon/canonical_story_tree/books/Book_24_Born_To_Die/book_content.txt	well	timeline|relationships|scenes|quests|world	implemented_reference_map	reference_extracted_pending_domain_review
WDM-STRUCTURE-156a550a3f0d	structure	S043 Pip-Learns-That-Terminal-Knowledge-Does-Not-Absolve-Him-of-Living-Well	canon/canonical_story_tree/all_25_books_latest_full_cycle.txt|canon/canonical_story_tree/books/Book_24_Born_To_Die/book_content.txt	well	timeline|relationships|scenes|quests|world	implemented_reference_map	reference_extracted_pending_domain_review
WDM-STRUCTURE-682c3e298b80	structure	Serious growth note	canon/canonical_story_tree/all_25_books_latest_full_cycle.txt|canon/canonical_story_tree/books/Book_24_Born_To_Die/book_content.txt	well	timeline|relationships|scenes|quests|world	implemented_reference_map	reference_extracted_pending_domain_review
WDM-STRUCTURE-f0a67387affc	structure	S044 Rylos-Keeps-the-Moment-From-Turning-Into-Only-Doom	canon/canonical_story_tree/all_25_books_latest_full_cycle.txt|canon/canonical_story_tree/books/Book_24_Born_To_Die/book_content.txt	well	timeline|relationships|scenes|quests|world	implemented_reference_map	reference_extracted_pending_domain_review
WDM-STRUCTURE-fb7f96cfdef8	structure	S045 Mack-Frames-Living-Under-Mortality-As-a-Dignity-Problem-Not-Only-a-Fear-Problem	canon/canonical_story_tree/all_25_books_latest_full_cycle.txt|canon/canonical_story_tree/books/Book_24_Born_To_Die/book_content.txt	well	timeline|relationships|scenes|quests|world	implemented_reference_map	reference_extracted_pending_domain_review
WDM-STRUCTURE-af3bfcc1f33b	structure	"Blood Cello setup consequence
No"	canon/canonical_story_tree/all_25_books_latest_full_cycle.txt|canon/canonical_story_tree/books/Book_24_Born_To_Die/book_content.txt	shelter	timeline|relationships|scenes|quests|world	implemented_reference_map	reference_extracted_pending_domain_review
WDM-STRUCTURE-9c118c5c2182	structure	escape route remains	canon/canonical_story_tree/all_25_books_latest_full_cycle.txt|canon/canonical_story_tree/books/Book_24_Born_To_Die/book_content.txt	shelter	timeline|relationships|scenes|quests|world	implemented_reference_map	reference_extracted_pending_domain_review
WDM-STRUCTURE-ef0a8b585b56	structure	only the trigger death can	canon/canonical_story_tree/all_25_books_latest_full_cycle.txt|canon/canonical_story_tree/books/Book_24_Born_To_Die/book_content.txt	shelter	timeline|relationships|scenes|quests|world	implemented_reference_map	reference_extracted_pending_domain_review
WDM-STRUCTURE-5818ec96db5f	structure	open the next stage	canon/canonical_story_tree/all_25_books_latest_full_cycle.txt|canon/canonical_story_tree/books/Book_24_Born_To_Die/book_content.txt	shelter	timeline|relationships|scenes|quests|world	implemented_reference_map	reference_extracted_pending_domain_review
WDM-STRUCTURE-bad62e41c565	structure	candidate escalations	canon/canonical_story_tree/all_25_books_latest_full_cycle.txt|canon/canonical_story_tree/books/Book_24_Born_To_Die/book_content.txt	shelter	timeline|relationships|scenes|quests|world	implemented_reference_map	reference_extracted_pending_domain_review
WDM-STRUCTURE-1e1421976f92	structure	Rylos accountability scene	canon/canonical_story_tree/all_25_books_latest_full_cycle.txt|canon/canonical_story_tree/books/Book_24_Born_To_Die/book_content.txt	shelter	timeline|relationships|scenes|quests|world	implemented_reference_map	reference_extracted_pending_domain_review
WDM-STRUCTURE-6fbfd59d4396	structure	Rylos shelter-restoration scene	canon/canonical_story_tree/all_25_books_latest_full_cycle.txt|canon/canonical_story_tree/books/Book_24_Born_To_Die/book_content.txt	shelter	timeline|relationships|scenes|quests|world	implemented_reference_map	reference_extracted_pending_domain_review
WDM-STRUCTURE-e33c212545ca	structure	Rylos saves Pip under impossible	canon/canonical_story_tree/all_25_books_latest_full_cycle.txt|canon/canonical_story_tree/books/Book_24_Born_To_Die/book_content.txt	shelter	timeline|relationships|scenes|quests|world	implemented_reference_map	reference_extracted_pending_domain_review
WDM-STRUCTURE-01d1dd547d91	structure	False return Wraith attempt around	canon/canonical_story_tree/all_25_books_latest_full_cycle.txt|canon/canonical_story_tree/books/Book_24_Born_To_Die/book_content.txt	shelter	timeline|relationships|scenes|quests|world	implemented_reference_map	reference_extracted_pending_domain_review
WDM-STRUCTURE-ac96929c567a	structure	Anti-thread collapse around Pip’s immediate	canon/canonical_story_tree/all_25_books_latest_full_cycle.txt|canon/canonical_story_tree/books/Book_24_Born_To_Die/book_content.txt	shelter	timeline|relationships|scenes|quests|world	implemented_reference_map	reference_extracted_pending_domain_review
WDM-STRUCTURE-783b0222c3be	structure	circle	canon/canonical_story_tree/all_25_books_latest_full_cycle.txt|canon/canonical_story_tree/books/Book_24_Born_To_Die/book_content.txt	shelter	timeline|relationships|scenes|quests|world	implemented_reference_map	reference_extracted_pending_domain_review
WDM-STRUCTURE-aa2509b67c66	structure	Xethrolund reads the cost before	canon/canonical_story_tree/all_25_books_latest_full_cycle.txt|canon/canonical_story_tree/books/Book_24_Born_To_Die/book_content.txt	shelter	timeline|relationships|scenes|quests|world	implemented_reference_map	reference_extracted_pending_domain_review
WDM-STRUCTURE-6a4abbb91b83	structure	S076 Pip-Feels-How-Much-It-Matters-That-Some-Beings-Remain-Living-Truth-Under-Death-Pressure	canon/canonical_story_tree/all_25_books_latest_full_cycle.txt|canon/canonical_story_tree/books/Book_24_Born_To_Die/book_content.txt	shelter	timeline|relationships|scenes|quests|world	implemented_reference_map	reference_extracted_pending_domain_review
WDM-STRUCTURE-2d8a5b1ab033	structure	S077 Rylos-Understands-That-Their-Presence-Keeps-the-Household-from-Turning-Into-Death-Theater	canon/canonical_story_tree/all_25_books_latest_full_cycle.txt|canon/canonical_story_tree/books/Book_24_Born_To_Die/book_content.txt	shelter	timeline|relationships|scenes|quests|world	implemented_reference_map	reference_extracted_pending_domain_review
WDM-STRUCTURE-08e1fdb2e227	structure	B25	canon/canonical_story_tree/all_25_books_latest_full_cycle.txt|canon/canonical_story_tree/books/Book_25_Death_Is_Rebirth/book_content.txt	structure|well	timeline|relationships|scenes|quests|world	implemented_reference_map	reference_extracted_pending_domain_review
WDM-STRUCTURE-1b167b032caf	structure	The Household Learns to Stand	canon/canonical_story_tree/all_25_books_latest_full_cycle.txt|canon/canonical_story_tree/books/Book_25_Death_Is_Rebirth/book_content.txt	structure	timeline|relationships|scenes|quests|world	implemented_reference_map	reference_extracted_pending_domain_review
WDM-STRUCTURE-f2f56585ab52	structure	"in Ending and Beginning
target"	canon/canonical_story_tree/all_25_books_latest_full_cycle.txt|canon/canonical_story_tree/books/Book_25_Death_Is_Rebirth/book_content.txt	structure	timeline|relationships|scenes|quests|world	implemented_reference_map	reference_extracted_pending_domain_review
WDM-STRUCTURE-c794dc4a6680	structure	S037 Transformational-Truth-Changes-Daily-Life-Itself	canon/canonical_story_tree/all_25_books_latest_full_cycle.txt|canon/canonical_story_tree/books/Book_25_Death_Is_Rebirth/book_content.txt	structure	timeline|relationships|scenes|quests|world	implemented_reference_map	reference_extracted_pending_domain_review
WDM-STRUCTURE-bbca9e481cff	structure	Domestic structure reorganizes around ending-and-beginning	canon/canonical_story_tree/all_25_books_latest_full_cycle.txt|canon/canonical_story_tree/books/Book_25_Death_Is_Rebirth/book_content.txt	structure	timeline|relationships|scenes|quests|world	implemented_reference_map	reference_extracted_pending_domain_review
WDM-STRUCTURE-6570e5c2428d	structure	logic	canon/canonical_story_tree/all_25_books_latest_full_cycle.txt|canon/canonical_story_tree/books/Book_25_Death_Is_Rebirth/book_content.txt	structure	timeline|relationships|scenes|quests|world	implemented_reference_map	reference_extracted_pending_domain_review
WDM-STRUCTURE-4f5511678150	structure	S038 Pip-Feels-How-Hard-It-Is-to-Live-When-Both-Loss-and-Renewal-Are-Pressing-At-Once	canon/canonical_story_tree/all_25_books_latest_full_cycle.txt|canon/canonical_story_tree/books/Book_25_Death_Is_Rebirth/book_content.txt	structure	timeline|relationships|scenes|quests|world	implemented_reference_map	reference_extracted_pending_domain_review
WDM-STRUCTURE-aa39f8beac5e	structure	S039 Rylos-Reads-Where-the-Household-Is-Most-Likely-to-Break-Into-Fantasy-or-Despair	canon/canonical_story_tree/all_25_books_latest_full_cycle.txt|canon/canonical_story_tree/books/Book_25_Death_Is_Rebirth/book_content.txt	structure	timeline|relationships|scenes|quests|world	implemented_reference_map	reference_extracted_pending_domain_review
WDM-STRUCTURE-271721b1cd4d	structure	S117 Pip-and-Rylos-Move-Forward-More-Accurately-Bound-Under-Rebirth-Pressure	canon/canonical_story_tree/all_25_books_latest_full_cycle.txt|canon/canonical_story_tree/books/Book_25_Death_Is_Rebirth/book_content.txt	structure	timeline|relationships|scenes|quests|world	implemented_reference_map	reference_extracted_pending_domain_review
WDM-STRUCTURE-b722f59a5507	structure	S118 The-Book-Finds-Its-Rebirth-Law	canon/canonical_story_tree/all_25_books_latest_full_cycle.txt|canon/canonical_story_tree/books/Book_25_Death_Is_Rebirth/book_content.txt	structure	timeline|relationships|scenes|quests|world	implemented_reference_map	reference_extracted_pending_domain_review
WDM-STRUCTURE-da04ee19ad16	structure	S119 The-Next-Layer-Is-Series-Level-Cleanup-Indexing-and-Coherence-Repair	canon/canonical_story_tree/all_25_books_latest_full_cycle.txt|canon/canonical_story_tree/books/Book_25_Death_Is_Rebirth/book_content.txt	structure	timeline|relationships|scenes|quests|world	implemented_reference_map	reference_extracted_pending_domain_review
WDM-STRUCTURE-b1da290e72ed	structure	Finale handoff loads cleanly	canon/canonical_story_tree/all_25_books_latest_full_cycle.txt|canon/canonical_story_tree/books/Book_25_Death_Is_Rebirth/book_content.txt	structure	timeline|relationships|scenes|quests|world	implemented_reference_map	reference_extracted_pending_domain_review
WDM-STRUCTURE-345c85d61cb0	structure	S120 The-Beat-Ends-with-the-World-Fully-In-Transformational-Truth	canon/canonical_story_tree/all_25_books_latest_full_cycle.txt|canon/canonical_story_tree/books/Book_25_Death_Is_Rebirth/book_content.txt	structure	timeline|relationships|scenes|quests|world	implemented_reference_map	reference_extracted_pending_domain_review
WDM-STRUCTURE-b13e4c561a3d	structure	prose pass locks the exact	canon/canonical_story_tree/books/Book_25_Death_Is_Rebirth/book_content.txt	well	timeline|relationships|scenes|quests|world	implemented_reference_map	reference_extracted_pending_domain_review
WDM-STRUCTURE-9941fc0a8a76	structure	purpose line	canon/canonical_story_tree/books/Book_25_Death_Is_Rebirth/book_content.txt	well	timeline|relationships|scenes|quests|world	implemented_reference_map	reference_extracted_pending_domain_review
WDM-STRUCTURE-7af5b2f97916	structure	Blood	canon/canonical_story_tree/all_25_books_latest_full_cycle.txt|canon/canonical_story_tree/books/Book_25_Death_Is_Rebirth/book_content.txt	well	timeline|relationships|scenes|quests|world	implemented_reference_map	reference_extracted_pending_domain_review
WDM-STRUCTURE-99bfb2e13d09	structure	Blood Cello	canon/canonical_story_tree/all_25_books_latest_full_cycle.txt|canon/canonical_story_tree/books/Book_25_Death_Is_Rebirth/book_content.txt	well	timeline|relationships|scenes|quests|world	implemented_reference_map	reference_extracted_pending_domain_review
WDM-STRUCTURE-d80a5d9f8bee	structure	Farewell	canon/canonical_story_tree/all_25_books_latest_full_cycle.txt|canon/canonical_story_tree/books/Book_25_Death_Is_Rebirth/book_content.txt	well	timeline|relationships|scenes|quests|world	implemented_reference_map	reference_extracted_pending_domain_review
WDM-STRUCTURE-f4b5c429b504	structure	Instrument	canon/canonical_story_tree/all_25_books_latest_full_cycle.txt|canon/canonical_story_tree/books/Book_25_Death_Is_Rebirth/book_content.txt	well	timeline|relationships|scenes|quests|world	implemented_reference_map	reference_extracted_pending_domain_review
WDM-STRUCTURE-58480c2dc25c	structure	Waking	canon/canonical_story_tree/all_25_books_latest_full_cycle.txt|canon/canonical_story_tree/books/Book_25_Death_Is_Rebirth/book_content.txt	well	timeline|relationships|scenes|quests|world	implemented_reference_map	reference_extracted_pending_domain_review
WDM-STRUCTURE-2fcbcd99a1b0	structure	Proof	canon/canonical_story_tree/all_25_books_latest_full_cycle.txt|canon/canonical_story_tree/books/Book_25_Death_Is_Rebirth/book_content.txt	well	timeline|relationships|scenes|quests|world	implemented_reference_map	reference_extracted_pending_domain_review
WDM-STRUCTURE-8e5a3da3773a	structure	Rebirth	canon/canonical_story_tree/all_25_books_latest_full_cycle.txt|canon/canonical_story_tree/books/Book_25_Death_Is_Rebirth/book_content.txt	well	timeline|relationships|scenes|quests|world	implemented_reference_map	reference_extracted_pending_domain_review
WDM-STRUCTURE-734d114e9ffd	structure	deferred	canon/canonical_story_tree/all_25_books_latest_full_cycle.txt|canon/canonical_story_tree/books/Book_25_Death_Is_Rebirth/book_content.txt	portal|well	timeline|relationships|scenes|quests|world	implemented_reference_map	reference_extracted_pending_domain_review
WDM-STRUCTURE-2b253d53b561	structure	deferred pending final Book	canon/canonical_story_tree/books/Book_25_Death_Is_Rebirth/book_content.txt	well	timeline|relationships|scenes|quests|world	implemented_reference_map	reference_extracted_pending_domain_review
WDM-STRUCTURE-4ea1663b6337	structure	chronology lock	canon/canonical_story_tree/books/Book_25_Death_Is_Rebirth/book_content.txt	well	timeline|relationships|scenes|quests|world	implemented_reference_map	reference_extracted_pending_domain_review
WDM-STRUCTURE-28269aea1c51	structure	Death Is Rebirth Scene Spine	canon/canonical_story_tree/all_25_books_latest_full_cycle.txt|canon/canonical_story_tree/books/Book_25_Death_Is_Rebirth/book_content.txt	well	timeline|relationships|scenes|quests|world	implemented_reference_map	reference_extracted_pending_domain_review
WDM-STRUCTURE-b8e43225ff32	structure	escalation	canon/canonical_story_tree/all_25_books_latest_full_cycle.txt|canon/canonical_story_tree/books/Book_25_Death_Is_Rebirth/book_content.txt	well	timeline|relationships|scenes|quests|world	implemented_reference_map	reference_extracted_pending_domain_review
WDM-STRUCTURE-fa9c0186aab7	structure	"Blood Cello Escalation

Deliver the"	canon/canonical_story_tree/all_25_books_latest_full_cycle.txt|canon/canonical_story_tree/books/Book_25_Death_Is_Rebirth/book_content.txt	well	timeline|relationships|scenes|quests|world	implemented_reference_map	reference_extracted_pending_domain_review
WDM-STRUCTURE-249e3ff21d51	structure	earned trigger death	canon/canonical_story_tree/all_25_books_latest_full_cycle.txt|canon/canonical_story_tree/books/Book_25_Death_Is_Rebirth/book_content.txt	well	timeline|relationships|scenes|quests|world	implemented_reference_map	reference_extracted_pending_domain_review
WDM-STRUCTURE-1743d1eaadb8	structure	farewell-playing	canon/canonical_story_tree/all_25_books_latest_full_cycle.txt|canon/canonical_story_tree/books/Book_25_Death_Is_Rebirth/book_content.txt	well	timeline|relationships|scenes|quests|world	implemented_reference_map	reference_extracted_pending_domain_review
WDM-STRUCTURE-1a006b52a26d	structure	resurrection field	canon/canonical_story_tree/all_25_books_latest_full_cycle.txt|canon/canonical_story_tree/books/Book_25_Death_Is_Rebirth/book_content.txt	well	timeline|relationships|scenes|quests|world	implemented_reference_map	reference_extracted_pending_domain_review
WDM-STRUCTURE-c97eff4c83a8	structure	destruction-tempo support	canon/canonical_story_tree/all_25_books_latest_full_cycle.txt|canon/canonical_story_tree/books/Book_25_Death_Is_Rebirth/book_content.txt	well	timeline|relationships|scenes|quests|world	implemented_reference_map	reference_extracted_pending_domain_review
WDM-STRUCTURE-288c9c1c7408	structure	and reborn-world waking without making	canon/canonical_story_tree/all_25_books_latest_full_cycle.txt|canon/canonical_story_tree/books/Book_25_Death_Is_Rebirth/book_content.txt	well	timeline|relationships|scenes|quests|world	implemented_reference_map	reference_extracted_pending_domain_review
WDM-STRUCTURE-92e97f4afd31	structure	rebirth cheap	canon/canonical_story_tree/all_25_books_latest_full_cycle.txt|canon/canonical_story_tree/books/Book_25_Death_Is_Rebirth/book_content.txt	well	timeline|relationships|scenes|quests|world	implemented_reference_map	reference_extracted_pending_domain_review
WDM-STRUCTURE-e34cc089c3c6	structure	governing laws	canon/canonical_story_tree/all_25_books_latest_full_cycle.txt|canon/canonical_story_tree/books/Book_25_Death_Is_Rebirth/book_content.txt	well	timeline|relationships|scenes|quests|world	implemented_reference_map	reference_extracted_pending_domain_review
WDM-STRUCTURE-1efd40338e5a	structure	Pip believes he is saying	canon/canonical_story_tree/all_25_books_latest_full_cycle.txt|canon/canonical_story_tree/books/Book_25_Death_Is_Rebirth/book_content.txt	well	timeline|relationships|scenes|quests|world	implemented_reference_map	reference_extracted_pending_domain_review
WDM-STRUCTURE-d158a6ac31c3	structure	goodbye	canon/canonical_story_tree/all_25_books_latest_full_cycle.txt|canon/canonical_story_tree/books/Book_25_Death_Is_Rebirth/book_content.txt	well	timeline|relationships|scenes|quests|world	implemented_reference_map	reference_extracted_pending_domain_review
WDM-STRUCTURE-4864e20ad55a	structure	not wielding known resurrection	canon/canonical_story_tree/all_25_books_latest_full_cycle.txt|canon/canonical_story_tree/books/Book_25_Death_Is_Rebirth/book_content.txt	well	timeline|relationships|scenes|quests|world	implemented_reference_map	reference_extracted_pending_domain_review
WDM-STRUCTURE-69166ab6425b	structure	"Blood Cello itself
Blood-made instrument"	canon/canonical_story_tree/all_25_books_latest_full_cycle.txt|canon/canonical_story_tree/books/Book_25_Death_Is_Rebirth/book_content.txt	well	timeline|relationships|scenes|quests|world	implemented_reference_map	reference_extracted_pending_domain_review
WDM-STRUCTURE-fba16d88cc3c	structure	ether-thread field	canon/canonical_story_tree/all_25_books_latest_full_cycle.txt|canon/canonical_story_tree/books/Book_25_Death_Is_Rebirth/book_content.txt	well	timeline|relationships|scenes|quests|world	implemented_reference_map	reference_extracted_pending_domain_review
WDM-STRUCTURE-e8ab5b3858d9	structure	destruction as tempo	canon/canonical_story_tree/all_25_books_latest_full_cycle.txt|canon/canonical_story_tree/books/Book_25_Death_Is_Rebirth/book_content.txt	well	timeline|relationships|scenes|quests|world	implemented_reference_map	reference_extracted_pending_domain_review
WDM-STRUCTURE-854da5bdd29c	structure	return as audible world-law	canon/canonical_story_tree/all_25_books_latest_full_cycle.txt|canon/canonical_story_tree/books/Book_25_Death_Is_Rebirth/book_content.txt	well	timeline|relationships|scenes|quests|world	implemented_reference_map	reference_extracted_pending_domain_review
WDM-STRUCTURE-b8cefd064414	structure	and rubble becoming new creation	canon/canonical_story_tree/all_25_books_latest_full_cycle.txt|canon/canonical_story_tree/books/Book_25_Death_Is_Rebirth/book_content.txt	well	timeline|relationships|scenes|quests|world	implemented_reference_map	reference_extracted_pending_domain_review
WDM-STRUCTURE-52e7397e4e59	structure	Pip believes he is only	canon/canonical_story_tree/all_25_books_latest_full_cycle.txt|canon/canonical_story_tree/books/Book_25_Death_Is_Rebirth/book_content.txt	well	timeline|relationships|scenes|quests|world	implemented_reference_map	reference_extracted_pending_domain_review
WDM-STRUCTURE-13717244ff5f	structure	saying goodbye	canon/canonical_story_tree/all_25_books_latest_full_cycle.txt|canon/canonical_story_tree/books/Book_25_Death_Is_Rebirth/book_content.txt	well	timeline|relationships|scenes|quests|world	implemented_reference_map	reference_extracted_pending_domain_review
WDM-STRUCTURE-a32ffbf7f7cb	structure	Everyone else hears farewell before	canon/canonical_story_tree/all_25_books_latest_full_cycle.txt|canon/canonical_story_tree/books/Book_25_Death_Is_Rebirth/book_content.txt	well	timeline|relationships|scenes|quests|world	implemented_reference_map	reference_extracted_pending_domain_review
WDM-STRUCTURE-b99839a99130	structure	miracle	canon/canonical_story_tree/all_25_books_latest_full_cycle.txt|canon/canonical_story_tree/books/Book_25_Death_Is_Rebirth/book_content.txt	well	timeline|relationships|scenes|quests|world	implemented_reference_map	reference_extracted_pending_domain_review
WDM-STRUCTURE-373c18b9a32f	structure	Afterward Pip wakes thinking he	canon/canonical_story_tree/all_25_books_latest_full_cycle.txt|canon/canonical_story_tree/books/Book_25_Death_Is_Rebirth/book_content.txt	well	timeline|relationships|scenes|quests|world	implemented_reference_map	reference_extracted_pending_domain_review
WDM-STRUCTURE-e349364e358f	structure	may be dead or insane	canon/canonical_story_tree/all_25_books_latest_full_cycle.txt|canon/canonical_story_tree/books/Book_25_Death_Is_Rebirth/book_content.txt	well	timeline|relationships|scenes|quests|world	implemented_reference_map	reference_extracted_pending_domain_review
WDM-STRUCTURE-71f950f2ddc1	structure	Rylos Vayne Johnson	canon/canonical_story_tree/all_25_books_latest_full_cycle.txt|canon/canonical_story_tree/books/Book_25_Death_Is_Rebirth/book_content.txt	well	timeline|relationships|scenes|quests|world	implemented_reference_map	reference_extracted_pending_domain_review
WDM-STRUCTURE-7784b00f9256	structure	Boojay is the trigger death	canon/canonical_story_tree/all_25_books_latest_full_cycle.txt|canon/canonical_story_tree/books/Book_25_Death_Is_Rebirth/book_content.txt	well	timeline|relationships|scenes|quests|world	implemented_reference_map	reference_extracted_pending_domain_review
WDM-STRUCTURE-bea62ab68023	structure	that begins Blood Cello	canon/canonical_story_tree/all_25_books_latest_full_cycle.txt|canon/canonical_story_tree/books/Book_25_Death_Is_Rebirth/book_content.txt	well	timeline|relationships|scenes|quests|world	implemented_reference_map	reference_extracted_pending_domain_review
WDM-STRUCTURE-0716c4b05400	structure	Blood Cello setup consequence	canon/canonical_story_tree/all_25_books_latest_full_cycle.txt|canon/canonical_story_tree/books/Book_25_Death_Is_Rebirth/book_content.txt	well	timeline|relationships|scenes|quests|world	implemented_reference_map	reference_extracted_pending_domain_review
WDM-STRUCTURE-11712af50acc	structure	maximum	canon/canonical_story_tree/all_25_books_latest_full_cycle.txt|canon/canonical_story_tree/books/Book_25_Death_Is_Rebirth/book_content.txt	well	timeline|relationships|scenes|quests|world	implemented_reference_map	reference_extracted_pending_domain_review
WDM-STRUCTURE-17930982c3da	structure	may exceed this because it	canon/canonical_story_tree/all_25_books_latest_full_cycle.txt|canon/canonical_story_tree/books/Book_25_Death_Is_Rebirth/book_content.txt	well	timeline|relationships|scenes|quests|world	implemented_reference_map	reference_extracted_pending_domain_review
WDM-STRUCTURE-4fab19a18606	structure	is terminal convergence	canon/canonical_story_tree/all_25_books_latest_full_cycle.txt|canon/canonical_story_tree/books/Book_25_Death_Is_Rebirth/book_content.txt	well	timeline|relationships|scenes|quests|world	implemented_reference_map	reference_extracted_pending_domain_review
WDM-STRUCTURE-a662f092a494	structure	target scenes	canon/canonical_story_tree/all_25_books_latest_full_cycle.txt|canon/canonical_story_tree/books/Book_25_Death_Is_Rebirth/book_content.txt	well	timeline|relationships|scenes|quests|world	implemented_reference_map	reference_extracted_pending_domain_review
WDM-STRUCTURE-2d7ed80542ec	structure	Rylos trigger death	canon/canonical_story_tree/all_25_books_latest_full_cycle.txt|canon/canonical_story_tree/books/Book_25_Death_Is_Rebirth/book_content.txt	well	timeline|relationships|scenes|quests|world	implemented_reference_map	reference_extracted_pending_domain_review
WDM-STRUCTURE-5450c73a96f6	structure	cello conjured from Pip’s blood	canon/canonical_story_tree/all_25_books_latest_full_cycle.txt|canon/canonical_story_tree/books/Book_25_Death_Is_Rebirth/book_content.txt	well	timeline|relationships|scenes|quests|world	implemented_reference_map	reference_extracted_pending_domain_review
WDM-STRUCTURE-03663843152b	structure	over dying Rylos	canon/canonical_story_tree/all_25_books_latest_full_cycle.txt|canon/canonical_story_tree/books/Book_25_Death_Is_Rebirth/book_content.txt	well	timeline|relationships|scenes|quests|world	implemented_reference_map	reference_extracted_pending_domain_review
WDM-STRUCTURE-4f8ade633552	structure	farewell-playing scene where the crowd	canon/canonical_story_tree/all_25_books_latest_full_cycle.txt|canon/canonical_story_tree/books/Book_25_Death_Is_Rebirth/book_content.txt	well	timeline|relationships|scenes|quests|world	implemented_reference_map	reference_extracted_pending_domain_review
WDM-STRUCTURE-ac2a22d399a2	structure	hears goodbye before miracle	canon/canonical_story_tree/all_25_books_latest_full_cycle.txt|canon/canonical_story_tree/books/Book_25_Death_Is_Rebirth/book_content.txt	well	timeline|relationships|scenes|quests|world	implemented_reference_map	reference_extracted_pending_domain_review
WDM-STRUCTURE-825c392fb7d2	structure	Xethrolund destruction-dance begins	canon/canonical_story_tree/all_25_books_latest_full_cycle.txt|canon/canonical_story_tree/books/Book_25_Death_Is_Rebirth/book_content.txt	well	timeline|relationships|scenes|quests|world	implemented_reference_map	reference_extracted_pending_domain_review
WDM-STRUCTURE-483c4643f4f7	structure	Rolzen joins almost instantly with	canon/canonical_story_tree/all_25_books_latest_full_cycle.txt|canon/canonical_story_tree/books/Book_25_Death_Is_Rebirth/book_content.txt	well	timeline|relationships|scenes|quests|world	implemented_reference_map	reference_extracted_pending_domain_review
WDM-STRUCTURE-b2d92d730725	structure	counter-rhythm force	canon/canonical_story_tree/all_25_books_latest_full_cycle.txt|canon/canonical_story_tree/books/Book_25_Death_Is_Rebirth/book_content.txt	well	timeline|relationships|scenes|quests|world	implemented_reference_map	reference_extracted_pending_domain_review
WDM-STRUCTURE-52a51f4656a7	structure	returned dead visibly join the	canon/canonical_story_tree/all_25_books_latest_full_cycle.txt|canon/canonical_story_tree/books/Book_25_Death_Is_Rebirth/book_content.txt	well	timeline|relationships|scenes|quests|world	implemented_reference_map	reference_extracted_pending_domain_review
WDM-STRUCTURE-9278783ec2b9	structure	distant heroic tableau	canon/canonical_story_tree/all_25_books_latest_full_cycle.txt|canon/canonical_story_tree/books/Book_25_Death_Is_Rebirth/book_content.txt	well	timeline|relationships|scenes|quests|world	implemented_reference_map	reference_extracted_pending_domain_review
WDM-STRUCTURE-2148fc7f7e56	structure	It is the exact bodily	canon/canonical_story_tree/all_25_books_latest_full_cycle.txt|canon/canonical_story_tree/books/Book_25_Death_Is_Rebirth/book_content.txt	well	timeline|relationships|scenes|quests|world	implemented_reference_map	reference_extracted_pending_domain_review
WDM-STRUCTURE-a572d9a01a24	structure	wound that births Blood Cello	canon/canonical_story_tree/all_25_books_latest_full_cycle.txt|canon/canonical_story_tree/books/Book_25_Death_Is_Rebirth/book_content.txt	well	timeline|relationships|scenes|quests|world	implemented_reference_map	reference_extracted_pending_domain_review
WDM-STRUCTURE-90bd327d4096	structure	ignite Blood Cello correctly	canon/canonical_story_tree/all_25_books_latest_full_cycle.txt|canon/canonical_story_tree/books/Book_25_Death_Is_Rebirth/book_content.txt	well	timeline|relationships|scenes|quests|world	implemented_reference_map	reference_extracted_pending_domain_review
WDM-STRUCTURE-7996b9ca6c9e	structure	keep the grief intimate before	canon/canonical_story_tree/all_25_books_latest_full_cycle.txt|canon/canonical_story_tree/books/Book_25_Death_Is_Rebirth/book_content.txt	well	timeline|relationships|scenes|quests|world	implemented_reference_map	reference_extracted_pending_domain_review
WDM-STRUCTURE-1bdaaa1f194c	structure	the miracle becomes legible	canon/canonical_story_tree/all_25_books_latest_full_cycle.txt|canon/canonical_story_tree/books/Book_25_Death_Is_Rebirth/book_content.txt	well	timeline|relationships|scenes|quests|world	implemented_reference_map	reference_extracted_pending_domain_review
WDM-STRUCTURE-702940f13080	structure	"Farewell Before Miracle
Pip plays"	canon/canonical_story_tree/all_25_books_latest_full_cycle.txt|canon/canonical_story_tree/books/Book_25_Death_Is_Rebirth/book_content.txt	well	timeline|relationships|scenes|quests|world	implemented_reference_map	reference_extracted_pending_domain_review
WDM-STRUCTURE-2c110ddc9f53	structure	believing he is saying goodbye	canon/canonical_story_tree/all_25_books_latest_full_cycle.txt|canon/canonical_story_tree/books/Book_25_Death_Is_Rebirth/book_content.txt	well	timeline|relationships|scenes|quests|world	implemented_reference_map	reference_extracted_pending_domain_review
WDM-STRUCTURE-9e300fa7e0bf	structure	The crowd hears farewell before	canon/canonical_story_tree/all_25_books_latest_full_cycle.txt|canon/canonical_story_tree/books/Book_25_Death_Is_Rebirth/book_content.txt	well	timeline|relationships|scenes|quests|world	implemented_reference_map	reference_extracted_pending_domain_review
WDM-STRUCTURE-e225fc136b3c	structure	it understands return	canon/canonical_story_tree/all_25_books_latest_full_cycle.txt|canon/canonical_story_tree/books/Book_25_Death_Is_Rebirth/book_content.txt	well	timeline|relationships|scenes|quests|world	implemented_reference_map	reference_extracted_pending_domain_review
WDM-STRUCTURE-8d0071ed4c12	structure	keep Pip partial	canon/canonical_story_tree/all_25_books_latest_full_cycle.txt|canon/canonical_story_tree/books/Book_25_Death_Is_Rebirth/book_content.txt	well	timeline|relationships|scenes|quests|world	implemented_reference_map	reference_extracted_pending_domain_review
WDM-STRUCTURE-7b74f77521af	structure	keep the field emotionally sincere	canon/canonical_story_tree/all_25_books_latest_full_cycle.txt|canon/canonical_story_tree/books/Book_25_Death_Is_Rebirth/book_content.txt	well	timeline|relationships|scenes|quests|world	implemented_reference_map	reference_extracted_pending_domain_review
WDM-STRUCTURE-44b7b67d8c5b	structure	before it is cosmically understood	canon/canonical_story_tree/all_25_books_latest_full_cycle.txt|canon/canonical_story_tree/books/Book_25_Death_Is_Rebirth/book_content.txt	well	timeline|relationships|scenes|quests|world	implemented_reference_map	reference_extracted_pending_domain_review
WDM-STRUCTURE-a789602f844b	structure	"Returned Labor
The returned do"	canon/canonical_story_tree/all_25_books_latest_full_cycle.txt|canon/canonical_story_tree/books/Book_25_Death_Is_Rebirth/book_content.txt	well	timeline|relationships|scenes|quests|world	implemented_reference_map	reference_extracted_pending_domain_review
WDM-STRUCTURE-2b4c0dbbc1e7	structure	not appear as spectacle only	canon/canonical_story_tree/all_25_books_latest_full_cycle.txt|canon/canonical_story_tree/books/Book_25_Death_Is_Rebirth/book_content.txt	well	timeline|relationships|scenes|quests|world	implemented_reference_map	reference_extracted_pending_domain_review
WDM-STRUCTURE-6f6832efdfa2	structure	Rylos singularity	canon/canonical_story_tree/all_25_books_latest_full_cycle.txt|canon/canonical_story_tree/books/Book_25_Death_Is_Rebirth/book_content.txt	well	timeline|relationships|scenes|quests|world	implemented_reference_map	reference_extracted_pending_domain_review
WDM-STRUCTURE-5115a316b3dd	structure	wake specificity	canon/canonical_story_tree/all_25_books_latest_full_cycle.txt|canon/canonical_story_tree/books/Book_25_Death_Is_Rebirth/book_content.txt	well	timeline|relationships|scenes|quests|world	implemented_reference_map	reference_extracted_pending_domain_review
WDM-STRUCTURE-e54212eb9fb2	structure	return precision	canon/canonical_story_tree/all_25_books_latest_full_cycle.txt|canon/canonical_story_tree/books/Book_25_Death_Is_Rebirth/book_content.txt	well	timeline|relationships|scenes|quests|world	implemented_reference_map	reference_extracted_pending_domain_review
WDM-STRUCTURE-3ee0bf4e1528	structure	pressure and inevitability	canon/canonical_story_tree/all_25_books_latest_full_cycle.txt|canon/canonical_story_tree/books/Book_25_Death_Is_Rebirth/book_content.txt	well	timeline|relationships|scenes|quests|world	implemented_reference_map	reference_extracted_pending_domain_review
WDM-STRUCTURE-4951e440fdf6	structure	Wraithbound distinction	canon/canonical_story_tree/all_25_books_latest_full_cycle.txt|canon/canonical_story_tree/books/Book_25_Death_Is_Rebirth/book_content.txt	well	timeline|relationships|scenes|quests|world	implemented_reference_map	reference_extracted_pending_domain_review
WDM-STRUCTURE-6a8be50f9172	structure	best resolution priority	canon/canonical_story_tree/all_25_books_latest_full_cycle.txt|canon/canonical_story_tree/books/Book_25_Death_Is_Rebirth/book_content.txt	well	timeline|relationships|scenes|quests|world	implemented_reference_map	reference_extracted_pending_domain_review
WDM-STRUCTURE-ad271f292513	structure	trigger death	canon/canonical_story_tree/all_25_books_latest_full_cycle.txt|canon/canonical_story_tree/books/Book_25_Death_Is_Rebirth/book_content.txt	well	timeline|relationships|scenes|quests|world	implemented_reference_map	reference_extracted_pending_domain_review
WDM-STRUCTURE-e93fc7e4cfcc	structure	blood-conjuring	canon/canonical_story_tree/all_25_books_latest_full_cycle.txt|canon/canonical_story_tree/books/Book_25_Death_Is_Rebirth/book_content.txt	well	timeline|relationships|scenes|quests|world	implemented_reference_map	reference_extracted_pending_domain_review
WDM-STRUCTURE-09941a9fa491	structure	Xethrolund	canon/canonical_story_tree/all_25_books_latest_full_cycle.txt|canon/canonical_story_tree/books/Book_25_Death_Is_Rebirth/book_content.txt	well	timeline|relationships|scenes|quests|world	implemented_reference_map	reference_extracted_pending_domain_review
WDM-STRUCTURE-371e565d3b27	structure	Rolzen entry	canon/canonical_story_tree/all_25_books_latest_full_cycle.txt|canon/canonical_story_tree/books/Book_25_Death_Is_Rebirth/book_content.txt	well	timeline|relationships|scenes|quests|world	implemented_reference_map	reference_extracted_pending_domain_review
WDM-STRUCTURE-0291486baef4	structure	returned dead labor scene	canon/canonical_story_tree/all_25_books_latest_full_cycle.txt|canon/canonical_story_tree/books/Book_25_Death_Is_Rebirth/book_content.txt	well	timeline|relationships|scenes|quests|world	implemented_reference_map	reference_extracted_pending_domain_review
WDM-STRUCTURE-b94e62c2f498	structure	extended waking sequence	canon/canonical_story_tree/all_25_books_latest_full_cycle.txt|canon/canonical_story_tree/books/Book_25_Death_Is_Rebirth/book_content.txt	well	timeline|relationships|scenes|quests|world	implemented_reference_map	reference_extracted_pending_domain_review
WDM-STRUCTURE-019dcb090255	structure	evaluation focus	canon/canonical_story_tree/all_25_books_latest_full_cycle.txt|canon/canonical_story_tree/books/Book_25_Death_Is_Rebirth/book_content.txt	well	timeline|relationships|scenes|quests|world	implemented_reference_map	reference_extracted_pending_domain_review
WDM-STRUCTURE-d19cf27111f7	structure	if Pip sounds like he	canon/canonical_story_tree/all_25_books_latest_full_cycle.txt|canon/canonical_story_tree/books/Book_25_Death_Is_Rebirth/book_content.txt	well	timeline|relationships|scenes|quests|world	implemented_reference_map	reference_extracted_pending_domain_review
WDM-STRUCTURE-e85d06577b91	structure	knows he is resurrecting people	canon/canonical_story_tree/all_25_books_latest_full_cycle.txt|canon/canonical_story_tree/books/Book_25_Death_Is_Rebirth/book_content.txt	well	timeline|relationships|scenes|quests|world	implemented_reference_map	reference_extracted_pending_domain_review
WDM-STRUCTURE-dd217424b255	structure	reject and rewrite	canon/canonical_story_tree/all_25_books_latest_full_cycle.txt|canon/canonical_story_tree/books/Book_25_Death_Is_Rebirth/book_content.txt	well	timeline|relationships|scenes|quests|world	implemented_reference_map	reference_extracted_pending_domain_review
WDM-STRUCTURE-642b54224c9f	structure	emotional crowns of the saga	canon/canonical_story_tree/all_25_books_latest_full_cycle.txt|canon/canonical_story_tree/books/Book_25_Death_Is_Rebirth/book_content.txt	well	timeline|relationships|scenes|quests|world	implemented_reference_map	reference_extracted_pending_domain_review
WDM-STRUCTURE-65a215601725	structure	keep working	canon/canonical_story_tree/all_25_books_latest_full_cycle.txt|canon/canonical_story_tree/books/Book_25_Death_Is_Rebirth/book_content.txt	well	timeline|relationships|scenes|quests|world	implemented_reference_map	reference_extracted_pending_domain_review
WDM-STRUCTURE-d35d889ae7aa	structure	salvage	canon/canonical_story_tree/all_25_books_latest_full_cycle.txt|canon/canonical_story_tree/books/Book_25_Death_Is_Rebirth/book_content.txt	well	timeline|relationships|scenes|quests|world	implemented_reference_map	reference_extracted_pending_domain_review
WDM-STRUCTURE-06c1620cf960	structure	"Salvage Beats

Status"	canon/canonical_story_tree/all_25_books_latest_full_cycle.txt|canon/canonical_story_tree/books/Book_25_Death_Is_Rebirth/book_content.txt	well	timeline|relationships|scenes|quests|world	implemented_reference_map	reference_extracted_pending_domain_review
WDM-STRUCTURE-ca2e1bc61ab6	structure	"additive completion pass
Authority"	canon/canonical_story_tree/all_25_books_latest_full_cycle.txt|canon/canonical_story_tree/books/Book_25_Death_Is_Rebirth/book_content.txt	well	timeline|relationships|scenes|quests|world	implemented_reference_map	reference_extracted_pending_domain_review
WDM-STRUCTURE-28e6c6dd381e	structure	character salvage integration	canon/canonical_story_tree/all_25_books_latest_full_cycle.txt|canon/canonical_story_tree/books/Book_25_Death_Is_Rebirth/book_content.txt	well	timeline|relationships|scenes|quests|world	implemented_reference_map	reference_extracted_pending_domain_review
WDM-STRUCTURE-6366305d04da	structure	"Instrument
Function"	canon/canonical_story_tree/all_25_books_latest_full_cycle.txt|canon/canonical_story_tree/books/Book_25_Death_Is_Rebirth/book_content.txt	well	timeline|relationships|scenes|quests|world	implemented_reference_map	reference_extracted_pending_domain_review
WDM-STRUCTURE-87a90d13fb0d	structure	Pip plays believing he is	canon/canonical_story_tree/all_25_books_latest_full_cycle.txt|canon/canonical_story_tree/books/Book_25_Death_Is_Rebirth/book_content.txt	well	timeline|relationships|scenes|quests|world	implemented_reference_map	reference_extracted_pending_domain_review
WDM-STRUCTURE-8505a9d6357a	structure	Ursula	canon/canonical_story_tree/all_25_books_latest_full_cycle.txt|canon/canonical_story_tree/books/Book_25_Death_Is_Rebirth/book_content.txt	well	timeline|relationships|scenes|quests|world	implemented_reference_map	reference_extracted_pending_domain_review
WDM-STRUCTURE-45920cc16303	structure	Daisy	canon/canonical_story_tree/all_25_books_latest_full_cycle.txt|canon/canonical_story_tree/books/Book_25_Death_Is_Rebirth/book_content.txt	well	timeline|relationships|scenes|quests|world	implemented_reference_map	reference_extracted_pending_domain_review
WDM-STRUCTURE-cc3ba355d0b5	structure	and Boojay all remain structurally	canon/canonical_story_tree/all_25_books_latest_full_cycle.txt|canon/canonical_story_tree/books/Book_25_Death_Is_Rebirth/book_content.txt	well	timeline|relationships|scenes|quests|world	implemented_reference_map	reference_extracted_pending_domain_review
WDM-STRUCTURE-24da32de41a7	structure	accounted for inside the field	canon/canonical_story_tree/all_25_books_latest_full_cycle.txt|canon/canonical_story_tree/books/Book_25_Death_Is_Rebirth/book_content.txt	well	timeline|relationships|scenes|quests|world	implemented_reference_map	reference_extracted_pending_domain_review
WDM-STRUCTURE-58135f464dd6	structure	S076 Pip-Feels-How-Much-It-Matters-That-Some-Truths-Continue-Living-Without-Theatrical-Translation	canon/canonical_story_tree/all_25_books_latest_full_cycle.txt|canon/canonical_story_tree/books/Book_25_Death_Is_Rebirth/book_content.txt	shelter	timeline|relationships|scenes|quests|world	implemented_reference_map	reference_extracted_pending_domain_review
WDM-STRUCTURE-332d8316bf5b	structure	S077 Rylos-Understands-That-Their-Presence-Keeps-the-Household-from-Going-Cosmic-and-Wrong	canon/canonical_story_tree/all_25_books_latest_full_cycle.txt|canon/canonical_story_tree/books/Book_25_Death_Is_Rebirth/book_content.txt	shelter	timeline|relationships|scenes|quests|world	implemented_reference_map	reference_extracted_pending_domain_review
WDM-STRUCTURE-4c3957dde9bc	structure	Trap	canon/canonical_story_tree/all_25_books_latest_full_cycle.txt	structure	timeline|relationships|scenes|quests|world	implemented_reference_map	reference_extracted_pending_domain_review
WDM-STRUCTURE-2d003bb0e511	structure	Tightens	canon/canonical_story_tree/all_25_books_latest_full_cycle.txt	structure	timeline|relationships|scenes|quests|world	implemented_reference_map	reference_extracted_pending_domain_review
WDM-STRUCTURE-7b4c6bbca767	structure	Diamond	canon/canonical_story_tree/all_25_books_latest_full_cycle.txt	structure	timeline|relationships|scenes|quests|world	implemented_reference_map	reference_extracted_pending_domain_review
WDM-STRUCTURE-db8d2cde5d70	structure	Breaks	canon/canonical_story_tree/all_25_books_latest_full_cycle.txt	structure	timeline|relationships|scenes|quests|world	implemented_reference_map	reference_extracted_pending_domain_review
WDM-STRUCTURE-fff746b8c8f2	structure	"Purpose
Deferred pending full-cycle editorial"	canon/canonical_story_tree/all_25_books_latest_full_cycle.txt	portal|well	timeline|relationships|scenes|quests|world	implemented_reference_map	reference_extracted_pending_domain_review
WDM-STRUCTURE-28148de22c5a	structure	pending	canon/canonical_story_tree/all_25_books_latest_full_cycle.txt	portal|well	timeline|relationships|scenes|quests|world	implemented_reference_map	reference_extracted_pending_domain_review
WDM-STRUCTURE-d1589869a361	structure	full	canon/canonical_story_tree/all_25_books_latest_full_cycle.txt	portal|well	timeline|relationships|scenes|quests|world	implemented_reference_map	reference_extracted_pending_domain_review
WDM-STRUCTURE-ece268895c83	structure	cycle	canon/canonical_story_tree/all_25_books_latest_full_cycle.txt	portal|well	timeline|relationships|scenes|quests|world	implemented_reference_map	reference_extracted_pending_domain_review
WDM-STRUCTURE-6aacf93dadda	structure	editorial	canon/canonical_story_tree/all_25_books_latest_full_cycle.txt	portal|well	timeline|relationships|scenes|quests|world	implemented_reference_map	reference_extracted_pending_domain_review
WDM-STRUCTURE-01f28c7db0d3	structure	Death	canon/canonical_story_tree/all_25_books_latest_full_cycle.txt	portal	timeline|relationships|scenes|quests|world	implemented_reference_map	reference_extracted_pending_domain_review
WDM-STRUCTURE-bb52166f7468	structure	the physical archive	canon/canonical_story_tree/world/wowas_world_zone_map.json	structure	timeline|relationships|scenes|quests|world	implemented_reference_map	reference_extracted_pending_domain_review
WDM-STRUCTURE-7cba84c0b728	structure	healing centers	canon/canonical_story_tree/world/wowas_world_zone_map.json	structure	timeline|relationships|scenes|quests|world	implemented_reference_map	reference_extracted_pending_domain_review
WDM-STRUCTURE-9bd1282dc618	structure	Wrenath's archive space	canon/canonical_story_tree/world/wowas_world_zone_map.json	structure	timeline|relationships|scenes|quests|world	implemented_reference_map	reference_extracted_pending_domain_review
WDM-STRUCTURE-166d9ee42a78	structure	Davan's research quarters	canon/canonical_story_tree/world/wowas_world_zone_map.json	structure	timeline|relationships|scenes|quests|world	implemented_reference_map	reference_extracted_pending_domain_review
WDM-STRUCTURE-c2dedd6dcf19	structure	Calevyn's secondary archive work	canon/canonical_story_tree/world/wowas_world_zone_map.json	structure	timeline|relationships|scenes|quests|world	implemented_reference_map	reference_extracted_pending_domain_review
WDM-STRUCTURE-be593fdcba3f	structure	Multi-building complex centered on	canon/canonical_story_tree/world/wowas_world_zone_map.json	structure	timeline|relationships|scenes|quests|world	implemented_reference_map	reference_extracted_pending_domain_review
WDM-STRUCTURE-ef10bf7e7dfb	structure	pre-collapse administrative structure that survived	canon/canonical_story_tree/world/wowas_world_zone_map.json	structure	timeline|relationships|scenes|quests|world	implemented_reference_map	reference_extracted_pending_domain_review
WDM-STRUCTURE-047db15072ed	structure	the collapse intact	canon/canonical_story_tree/world/wowas_world_zone_map.json	structure	timeline|relationships|scenes|quests|world	implemented_reference_map	reference_extracted_pending_domain_review
WDM-STRUCTURE-a947d232caae	structure	The best-preserved pre-collapse construction in	canon/canonical_story_tree/world/wowas_world_zone_map.json	structure	timeline|relationships|scenes|quests|world	implemented_reference_map	reference_extracted_pending_domain_review
WDM-STRUCTURE-c273d48a14c6	structure	the survivor territory	canon/canonical_story_tree/world/wowas_world_zone_map.json	structure	timeline|relationships|scenes|quests|world	implemented_reference_map	reference_extracted_pending_domain_review
WDM-STRUCTURE-4e6d057a1f3c	structure	relevance	canon/canonical_story_tree/world/wowas_world_zone_map.json	settlement|structure	timeline|relationships|scenes|quests|world	implemented_reference_map	reference_extracted_pending_domain_review
WDM-STRUCTURE-4116c4a5b017	structure	Pip's first visit to Wrenath	canon/canonical_story_tree/world/wowas_world_zone_map.json	structure	timeline|relationships|scenes|quests|world	implemented_reference_map	reference_extracted_pending_domain_review
WDM-STRUCTURE-25452340f84a	structure	Keth's dispute resolution offices	canon/canonical_story_tree/world/wowas_world_zone_map.json	structure	timeline|relationships|scenes|quests|world	implemented_reference_map	reference_extracted_pending_domain_review
WDM-STRUCTURE-43412b41519b	structure	Pethran's logistics hub	canon/canonical_story_tree/world/wowas_world_zone_map.json	structure	timeline|relationships|scenes|quests|world	implemented_reference_map	reference_extracted_pending_domain_review
WDM-STRUCTURE-1cdf89315674	structure	Multiple meeting chambers and	canon/canonical_story_tree/world/wowas_world_zone_map.json	structure	timeline|relationships|scenes|quests|world	implemented_reference_map	reference_extracted_pending_domain_review
WDM-STRUCTURE-5ddbce75b165	structure	large communal space used for	canon/canonical_story_tree/world/wowas_world_zone_map.json	structure	timeline|relationships|scenes|quests|world	implemented_reference_map	reference_extracted_pending_domain_review
WDM-STRUCTURE-02466a3fcf1c	structure	faction-wide assemblies	canon/canonical_story_tree/world/wowas_world_zone_map.json	structure	timeline|relationships|scenes|quests|world	implemented_reference_map	reference_extracted_pending_domain_review
WDM-STRUCTURE-3f0b906c7ae3	structure	Attached to Elven's food production	canon/canonical_story_tree/world/wowas_world_zone_map.json	structure	timeline|relationships|scenes|quests|world	implemented_reference_map	reference_extracted_pending_domain_review
WDM-STRUCTURE-7a19f0d428da	structure	Corveth-Reval friction scene	canon/canonical_story_tree/world/wowas_world_zone_map.json	structure	timeline|relationships|scenes|quests|world	implemented_reference_map	reference_extracted_pending_domain_review
WDM-STRUCTURE-792eb6fef745	structure	Pip as inadvertent mediator	canon/canonical_story_tree/world/wowas_world_zone_map.json	structure	timeline|relationships|scenes|quests|world	implemented_reference_map	reference_extracted_pending_domain_review
WDM-STRUCTURE-11abecd01e1d	structure	world-birth organizational response	canon/canonical_story_tree/world/wowas_world_zone_map.json	structure	timeline|relationships|scenes|quests|world	implemented_reference_map	reference_extracted_pending_domain_review
WDM-STRUCTURE-d4efaddfd7b4	structure	loc	canon/canonical_story_tree/world/wowas_world_zone_map.json	settlement|shelter|structure	timeline|relationships|scenes|quests|world	implemented_reference_map	reference_extracted_pending_domain_review
WDM-STRUCTURE-0b643ce9f89b	structure	gap	canon/canonical_story_tree/world/wowas_world_zone_map.json	settlement|structure	timeline|relationships|scenes|quests|world	implemented_reference_map	reference_extracted_pending_domain_review
WDM-STRUCTURE-7e7454d9e9f5	structure	districts	canon/canonical_story_tree/world/wowas_world_zone_map.json	settlement|structure	timeline|relationships|scenes|quests|world	implemented_reference_map	reference_extracted_pending_domain_review
WDM-STRUCTURE-91cdf12606cf	structure	The Gap Districts	canon/canonical_story_tree/world/wowas_world_zone_map.json	settlement|structure	timeline|relationships|scenes|quests|world	implemented_reference_map	reference_extracted_pending_domain_review
WDM-STRUCTURE-d2c39c95210f	structure	type	canon/canonical_story_tree/world/wowas_world_zone_map.json	settlement|shelter|structure	timeline|relationships|scenes|quests|world	implemented_reference_map	reference_extracted_pending_domain_review
WDM-STRUCTURE-04c7686c5fd0	structure	informal	canon/canonical_story_tree/world/wowas_world_zone_map.json	settlement|structure	timeline|relationships|scenes|quests|world	implemented_reference_map	reference_extracted_pending_domain_review
WDM-STRUCTURE-70808a1fc007	structure	settlement	canon/canonical_story_tree/world/wowas_world_zone_map.json	settlement|structure	timeline|relationships|scenes|quests|world	implemented_reference_map	reference_extracted_pending_domain_review
WDM-STRUCTURE-4cf6bcbb036d	structure	description	canon/canonical_story_tree/world/wowas_world_zone_map.json	settlement|shelter|structure	timeline|relationships|scenes|quests|world	implemented_reference_map	reference_extracted_pending_domain_review
WDM-STRUCTURE-9842ce618cba	structure	The unstructured residential space between	canon/canonical_story_tree/world/wowas_world_zone_map.json	settlement|structure	timeline|relationships|scenes|quests|world	implemented_reference_map	reference_extracted_pending_domain_review
WDM-STRUCTURE-ce6b6a6f936f	structure	formal faction areas	canon/canonical_story_tree/world/wowas_world_zone_map.json	settlement|structure	timeline|relationships|scenes|quests|world	implemented_reference_map	reference_extracted_pending_domain_review
WDM-STRUCTURE-3d1737728bef	structure	Where unaffiliated survivors live by	canon/canonical_story_tree/world/wowas_world_zone_map.json	settlement|structure	timeline|relationships|scenes|quests|world	implemented_reference_map	reference_extracted_pending_domain_review
WDM-STRUCTURE-c23ec861201f	structure	necessity	canon/canonical_story_tree/world/wowas_world_zone_map.json	settlement|structure	timeline|relationships|scenes|quests|world	implemented_reference_map	reference_extracted_pending_domain_review
WDM-STRUCTURE-13d3d23fb6c5	structure	Where cross-faction informal exchanges happen	canon/canonical_story_tree/world/wowas_world_zone_map.json	settlement|structure	timeline|relationships|scenes|quests|world	implemented_reference_map	reference_extracted_pending_domain_review
WDM-STRUCTURE-96356aed7838	structure	Where Parn does his construction	canon/canonical_story_tree/world/wowas_world_zone_map.json	structure	timeline|relationships|scenes|quests|world	implemented_reference_map	reference_extracted_pending_domain_review
WDM-STRUCTURE-de9cbfcee04b	structure	Organized around defensibility	canon/canonical_story_tree/world/wowas_world_zone_map.json	settlement|structure	timeline|relationships|scenes|quests|world	implemented_reference_map	reference_extracted_pending_domain_review
WDM-STRUCTURE-7fd002c4175f	structure	overlapping watch lines	canon/canonical_story_tree/world/wowas_world_zone_map.json	settlement|structure	timeline|relationships|scenes|quests|world	implemented_reference_map	reference_extracted_pending_domain_review
WDM-STRUCTURE-011baf0e8c02	structure	clear perimeter	canon/canonical_story_tree/world/wowas_world_zone_map.json	settlement|structure	timeline|relationships|scenes|quests|world	implemented_reference_map	reference_extracted_pending_domain_review
WDM-STRUCTURE-841a5c77a5e6	structure	controlled access points	canon/canonical_story_tree/world/wowas_world_zone_map.json	settlement|structure	timeline|relationships|scenes|quests|world	implemented_reference_map	reference_extracted_pending_domain_review
WDM-STRUCTURE-4665cb642ed1	structure	Halveth's advisory space occupies	canon/canonical_story_tree/world/wowas_world_zone_map.json	settlement|structure	timeline|relationships|scenes|quests|world	implemented_reference_map	reference_extracted_pending_domain_review
WDM-STRUCTURE-0a89e98c45f9	structure	central building	canon/canonical_story_tree/world/wowas_world_zone_map.json	settlement|structure	timeline|relationships|scenes|quests|world	implemented_reference_map	reference_extracted_pending_domain_review
WDM-STRUCTURE-7801e350aa10	structure	Corveth's command structure operates from	canon/canonical_story_tree/world/wowas_world_zone_map.json	settlement|structure	timeline|relationships|scenes|quests|world	implemented_reference_map	reference_extracted_pending_domain_review
WDM-STRUCTURE-102f27a747f7	structure	larger facility adjacent	canon/canonical_story_tree/world/wowas_world_zone_map.json	settlement|structure	timeline|relationships|scenes|quests|world	implemented_reference_map	reference_extracted_pending_domain_review
WDM-STRUCTURE-2b6e42039bd7	structure	Selkara's field command based at	canon/canonical_story_tree/world/wowas_world_zone_map.json	settlement|structure	timeline|relationships|scenes|quests|world	implemented_reference_map	reference_extracted_pending_domain_review
WDM-STRUCTURE-64f57f8bb252	structure	the perimeter edge	canon/canonical_story_tree/world/wowas_world_zone_map.json	settlement|structure	timeline|relationships|scenes|quests|world	implemented_reference_map	reference_extracted_pending_domain_review
WDM-STRUCTURE-7da6a2a8fb56	structure	Beln's maintenance shop is attached	canon/canonical_story_tree/world/wowas_world_zone_map.json	settlement|structure	timeline|relationships|scenes|quests|world	implemented_reference_map	reference_extracted_pending_domain_review
WDM-STRUCTURE-fed50f9b7fe2	structure	to the central facility and	canon/canonical_story_tree/world/wowas_world_zone_map.json	settlement|structure	timeline|relationships|scenes|quests|world	implemented_reference_map	reference_extracted_pending_domain_review
WDM-STRUCTURE-65f3f9254d94	structure	is the most visited space	canon/canonical_story_tree/world/wowas_world_zone_map.json	settlement|structure	timeline|relationships|scenes|quests|world	implemented_reference_map	reference_extracted_pending_domain_review
WDM-STRUCTURE-3f5413b4528a	structure	basin	canon/canonical_story_tree/world/wowas_world_zone_map.json	settlement|structure	timeline|relationships|scenes|quests|world	implemented_reference_map	reference_extracted_pending_domain_review
WDM-STRUCTURE-65e69010718d	structure	agricultural	canon/canonical_story_tree/world/wowas_world_zone_map.json	structure	timeline|relationships|scenes|quests|world	implemented_reference_map	reference_extracted_pending_domain_review
WDM-STRUCTURE-76d48e1bbf24	structure	The Basin Agricultural Complex	canon/canonical_story_tree/world/wowas_world_zone_map.json	structure	timeline|relationships|scenes|quests|world	implemented_reference_map	reference_extracted_pending_domain_review
WDM-STRUCTURE-d8618a83d5d7	structure	production	canon/canonical_story_tree/world/wowas_world_zone_map.json	structure	timeline|relationships|scenes|quests|world	implemented_reference_map	reference_extracted_pending_domain_review
WDM-STRUCTURE-02ae0be3d4fe	structure	Elven's primary food production infrastructure	canon/canonical_story_tree/world/wowas_world_zone_map.json	structure	timeline|relationships|scenes|quests|world	implemented_reference_map	reference_extracted_pending_domain_review
WDM-STRUCTURE-d6756a48a7ed	structure	The post-collapse agricultural innovations she	canon/canonical_story_tree/world/wowas_world_zone_map.json	structure	timeline|relationships|scenes|quests|world	implemented_reference_map	reference_extracted_pending_domain_review
WDM-STRUCTURE-52cd93c82fe2	structure	developed are most fully implemented	canon/canonical_story_tree/world/wowas_world_zone_map.json	structure	timeline|relationships|scenes|quests|world	implemented_reference_map	reference_extracted_pending_domain_review
WDM-STRUCTURE-69121eae24bd	structure	here	canon/canonical_story_tree/world/wowas_world_zone_map.json	settlement|structure	timeline|relationships|scenes|quests|world	implemented_reference_map	reference_extracted_pending_domain_review
WDM-STRUCTURE-240a7e74813c	structure	Cross-faction labor arrangements mean workers	canon/canonical_story_tree/world/wowas_world_zone_map.json	structure	timeline|relationships|scenes|quests|world	implemented_reference_map	reference_extracted_pending_domain_review
WDM-STRUCTURE-f5de26d39dde	structure	from multiple factions are present	canon/canonical_story_tree/world/wowas_world_zone_map.json	structure	timeline|relationships|scenes|quests|world	implemented_reference_map	reference_extracted_pending_domain_review
WDM-STRUCTURE-8a6467ef174b	structure	saltflat	canon/canonical_story_tree/world/wowas_world_zone_map.json	settlement|shelter|structure	timeline|relationships|scenes|quests|world	implemented_reference_map	reference_extracted_pending_domain_review
WDM-STRUCTURE-470006847a86	structure	waypoint	canon/canonical_story_tree/world/wowas_world_zone_map.json	shelter|structure	timeline|relationships|scenes|quests|world	implemented_reference_map	reference_extracted_pending_domain_review
WDM-STRUCTURE-bf91b7c90fe6	structure	The Waypoint	canon/canonical_story_tree/world/wowas_world_zone_map.json	shelter|structure	timeline|relationships|scenes|quests|world	implemented_reference_map	reference_extracted_pending_domain_review
WDM-STRUCTURE-ce31fe651dec	structure	transit	canon/canonical_story_tree/world/wowas_world_zone_map.json	shelter|structure|well	timeline|relationships|scenes|quests|world	implemented_reference_map	reference_extracted_pending_domain_review
WDM-STRUCTURE-8487be0ae33b	structure	shelter structure maintained by the	canon/canonical_story_tree/world/wowas_world_zone_map.json	shelter|structure	timeline|relationships|scenes|quests|world	implemented_reference_map	reference_extracted_pending_domain_review
WDM-STRUCTURE-78decf7ac968	structure	Unbound at the midpoint of	canon/canonical_story_tree/world/wowas_world_zone_map.json	shelter|structure	timeline|relationships|scenes|quests|world	implemented_reference_map	reference_extracted_pending_domain_review
WDM-STRUCTURE-3c1f87aa963f	structure	the Saltflat Crossing	canon/canonical_story_tree/world/wowas_world_zone_map.json	shelter|structure	timeline|relationships|scenes|quests|world	implemented_reference_map	reference_extracted_pending_domain_review
WDM-STRUCTURE-aeaa4af3757b	structure	The only reliable rest point	canon/canonical_story_tree/world/wowas_world_zone_map.json	shelter|structure	timeline|relationships|scenes|quests|world	implemented_reference_map	reference_extracted_pending_domain_review
WDM-STRUCTURE-4f4bf336b357	structure	between the Thornridge zone and	canon/canonical_story_tree/world/wowas_world_zone_map.json	shelter|structure	timeline|relationships|scenes|quests|world	implemented_reference_map	reference_extracted_pending_domain_review
WDM-STRUCTURE-439fcbbbcdfe	structure	the outer territories	canon/canonical_story_tree/world/wowas_world_zone_map.json	settlement|shelter|structure	timeline|relationships|scenes|quests|world	implemented_reference_map	reference_extracted_pending_domain_review
WDM-STRUCTURE-06d1df7fdd3a	structure	Thael and Drevyn both maintain	canon/canonical_story_tree/world/wowas_world_zone_map.json	shelter|structure	timeline|relationships|scenes|quests|world	implemented_reference_map	reference_extracted_pending_domain_review
WDM-STRUCTURE-704837568a48	structure	The Unbound consider it communal	canon/canonical_story_tree/world/wowas_world_zone_map.json	structure	timeline|relationships|scenes|quests|world	implemented_reference_map	reference_extracted_pending_domain_review
WDM-STRUCTURE-89d471bacbe8	structure	Seth's map marks it	canon/canonical_story_tree/world/wowas_world_zone_map.json	structure	timeline|relationships|scenes|quests|world	implemented_reference_map	reference_extracted_pending_domain_review
WDM-STRUCTURE-3581cbe50fdc	structure	Thael's route	canon/canonical_story_tree/world/wowas_world_zone_map.json	settlement|structure	timeline|relationships|scenes|quests|world	implemented_reference_map	reference_extracted_pending_domain_review
WDM-STRUCTURE-d2bed699d050	structure	Drevyn's nomadic territory	canon/canonical_story_tree/world/wowas_world_zone_map.json	structure	timeline|relationships|scenes|quests|world	implemented_reference_map	reference_extracted_pending_domain_review
WDM-STRUCTURE-99aab9fdf5a7	structure	Transit context for outer-zone characters	canon/canonical_story_tree/world/wowas_world_zone_map.json	structure	timeline|relationships|scenes|quests|world	implemented_reference_map	reference_extracted_pending_domain_review
WDM-STRUCTURE-56f9cf88d655	structure	wilderness	canon/canonical_story_tree/world/wowas_world_zone_map.json	settlement|structure	timeline|relationships|scenes|quests|world	implemented_reference_map	reference_extracted_pending_domain_review
WDM-STRUCTURE-705c44f2ab8b	structure	nomadic	canon/canonical_story_tree/world/wowas_world_zone_map.json	settlement|structure	timeline|relationships|scenes|quests|world	implemented_reference_map	reference_extracted_pending_domain_review
WDM-STRUCTURE-f2fd8f692727	structure	zone	canon/canonical_story_tree/world/wowas_world_zone_map.json	settlement|structure	timeline|relationships|scenes|quests|world	implemented_reference_map	reference_extracted_pending_domain_review
WDM-STRUCTURE-2d3dc6f31b48	structure	terrain	canon/canonical_story_tree/world/wowas_world_zone_map.json	settlement|structure	timeline|relationships|scenes|quests|world	implemented_reference_map	reference_extracted_pending_domain_review
WDM-STRUCTURE-ab249a8db92b	structure	varied	canon/canonical_story_tree/world/wowas_world_zone_map.json	settlement|structure	timeline|relationships|scenes|quests|world	implemented_reference_map	reference_extracted_pending_domain_review
WDM-STRUCTURE-7a1bbbe88455	structure	the territory beyond the established	canon/canonical_story_tree/world/wowas_world_zone_map.json	settlement|structure	timeline|relationships|scenes|quests|world	implemented_reference_map	reference_extracted_pending_domain_review
WDM-STRUCTURE-226cf82d3ad3	structure	settlement zones	canon/canonical_story_tree/world/wowas_world_zone_map.json	settlement|structure	timeline|relationships|scenes|quests|world	implemented_reference_map	reference_extracted_pending_domain_review
WDM-STRUCTURE-a49f642d07a2	structure	includes remnants of pre-collapse settlements	canon/canonical_story_tree/world/wowas_world_zone_map.json	settlement|structure	timeline|relationships|scenes|quests|world	implemented_reference_map	reference_extracted_pending_domain_review
WDM-STRUCTURE-177321cdb866	structure	collapsed infrastructure	canon/canonical_story_tree/world/wowas_world_zone_map.json	settlement|structure	timeline|relationships|scenes|quests|world	implemented_reference_map	reference_extracted_pending_domain_review
WDM-STRUCTURE-8274104cc164	structure	altered terrain	canon/canonical_story_tree/world/wowas_world_zone_map.json	settlement|structure	timeline|relationships|scenes|quests|world	implemented_reference_map	reference_extracted_pending_domain_review
WDM-STRUCTURE-a65634d0ce9d	structure	navigable by the Unbound	canon/canonical_story_tree/world/wowas_world_zone_map.json	settlement|structure	timeline|relationships|scenes|quests|world	implemented_reference_map	reference_extracted_pending_domain_review
WDM-STRUCTURE-efb89f0197ac	structure	largely unknown to settled factions	canon/canonical_story_tree/world/wowas_world_zone_map.json	settlement|structure	timeline|relationships|scenes|quests|world	implemented_reference_map	reference_extracted_pending_domain_review
WDM-STRUCTURE-1af8d1a299b7	structure	collapse	canon/canonical_story_tree/world/wowas_world_zone_map.json	settlement|structure	timeline|relationships|scenes|quests|world	implemented_reference_map	reference_extracted_pending_domain_review
WDM-STRUCTURE-977eddbb88ff	structure	change	canon/canonical_story_tree/world/wowas_world_zone_map.json	settlement|structure	timeline|relationships|scenes|quests|world	implemented_reference_map	reference_extracted_pending_domain_review
WDM-STRUCTURE-18daa6bac417	structure	most severe	canon/canonical_story_tree/world/wowas_world_zone_map.json	settlement|structure	timeline|relationships|scenes|quests|world	implemented_reference_map	reference_extracted_pending_domain_review
WDM-STRUCTURE-0dbc3be8042e	structure	the outer territories sustained the	canon/canonical_story_tree/world/wowas_world_zone_map.json	settlement|structure	timeline|relationships|scenes|quests|world	implemented_reference_map	reference_extracted_pending_domain_review
WDM-STRUCTURE-6f2ff1cc8c2f	structure	heaviest collapse-event damage	canon/canonical_story_tree/world/wowas_world_zone_map.json	structure	timeline|relationships|scenes|quests|world	implemented_reference_map	reference_extracted_pending_domain_review
WDM-STRUCTURE-13ad419c4038	structure	survivor territory and beyond	canon/canonical_story_tree/world/wowas_world_zone_map.json	structure	timeline|relationships|scenes|quests|world	implemented_reference_map	reference_extracted_pending_domain_review
WDM-STRUCTURE-955e30e75ae7	structure	The Outer Territory returns are	canon/canonical_story_tree/world/wowas_world_zone_map.json	structure	timeline|relationships|scenes|quests|world	implemented_reference_map	reference_extracted_pending_domain_review
WDM-STRUCTURE-feb75b1f7830	structure	the most geographically isolated and	canon/canonical_story_tree/world/wowas_world_zone_map.json	structure	timeline|relationships|scenes|quests|world	implemented_reference_map	reference_extracted_pending_domain_review
WDM-STRUCTURE-92c442c80279	structure	therefore the most dangerous	canon/canonical_story_tree/world/wowas_world_zone_map.json	structure	timeline|relationships|scenes|quests|world	implemented_reference_map	reference_extracted_pending_domain_review
WDM-STRUCTURE-5d25a5136886	structure	people arriving in damaged terrain	canon/canonical_story_tree/world/wowas_world_zone_map.json	structure	timeline|relationships|scenes|quests|world	implemented_reference_map	reference_extracted_pending_domain_review
WDM-STRUCTURE-183a0a00e0d2	structure	without reception infrastructure	canon/canonical_story_tree/world/wowas_world_zone_map.json	structure	timeline|relationships|scenes|quests|world	implemented_reference_map	reference_extracted_pending_domain_review
WDM-STRUCTURE-caa4ad3ad465	structure	Drevyn's knowledge of these sites	canon/canonical_story_tree/world/wowas_world_zone_map.json	structure	timeline|relationships|scenes|quests|world	implemented_reference_map	reference_extracted_pending_domain_review
WDM-STRUCTURE-aa8508ae725e	structure	is operationally critical	canon/canonical_story_tree/world/wowas_world_zone_map.json	structure	timeline|relationships|scenes|quests|world	implemented_reference_map	reference_extracted_pending_domain_review
WDM-STRUCTURE-6811f1963ac4	structure	Drevyn's world-birth location knowledge	canon/canonical_story_tree/world/wowas_world_zone_map.json	structure	timeline|relationships|scenes|quests|world	implemented_reference_map	reference_extracted_pending_domain_review
WDM-STRUCTURE-ebee319076fa	structure	Naela's nomadic medical response	canon/canonical_story_tree/world/wowas_world_zone_map.json	structure	timeline|relationships|scenes|quests|world	implemented_reference_map	reference_extracted_pending_domain_review
WDM-STRUCTURE-f691de9d95dc	structure	stonehayne	canon/canonical_story_tree/world/wowas_world_zone_map.json	structure	timeline|relationships|scenes|quests|world	implemented_reference_map	reference_extracted_pending_domain_review
WDM-STRUCTURE-ed7d57b90fe2	structure	careth	canon/canonical_story_tree/world/wowas_world_zone_map.json	structure	timeline|relationships|scenes|quests|world	implemented_reference_map	reference_extracted_pending_domain_review
WDM-STRUCTURE-e6ae336e018f	structure	ashkoral	canon/canonical_story_tree/world/wowas_world_zone_map.json	structure|well	timeline|relationships|scenes|quests|world	implemented_reference_map	reference_extracted_pending_domain_review
WDM-STRUCTURE-5f78a4701961	structure	willowjayce	canon/canonical_story_tree/world/wowas_world_zone_map.json	structure	timeline|relationships|scenes|quests|world	implemented_reference_map	reference_extracted_pending_domain_review
WDM-STRUCTURE-f8f6e039ef47	structure	aleth	canon/canonical_story_tree/world/wowas_world_zone_map.json	structure	timeline|relationships|scenes|quests|world	implemented_reference_map	reference_extracted_pending_domain_review
WDM-STRUCTURE-d5aff09202d3	structure	ironsong	canon/canonical_story_tree/world/wowas_world_zone_map.json	settlement|structure|well	timeline|relationships|scenes|quests|world	implemented_reference_map	reference_extracted_pending_domain_review
WDM-STRUCTURE-955603fedd9d	structure	unnamed	canon/canonical_story_tree/world/wowas_world_zone_map.json	structure|well	timeline|relationships|scenes|quests|world	implemented_reference_map	reference_extracted_pending_domain_review
WDM-STRUCTURE-7f16fec2171f	structure	role	canon/canonical_story_tree/world/wowas_world_zone_map.json	structure|well	timeline|relationships|scenes|quests|world	implemented_reference_map	reference_extracted_pending_domain_review
WDM-STRUCTURE-5eb1c7217602	structure	distribution	canon/canonical_story_tree/world/wowas_world_zone_map.json	structure|well	timeline|relationships|scenes|quests|world	implemented_reference_map	reference_extracted_pending_domain_review
WDM-STRUCTURE-cce367c3e04e	structure	ash	canon/canonical_story_tree/world/wowas_world_zone_map.json	structure	timeline|relationships|scenes|quests|world	implemented_reference_map	reference_extracted_pending_domain_review
WDM-STRUCTURE-598c207e8f30	structure	born	canon/canonical_story_tree/world/wowas_world_zone_map.json	structure	timeline|relationships|scenes|quests|world	implemented_reference_map	reference_extracted_pending_domain_review
WDM-STRUCTURE-020806f28394	structure	command	canon/canonical_story_tree/world/wowas_world_zone_map.json	settlement|structure	timeline|relationships|scenes|quests|world	implemented_reference_map	reference_extracted_pending_domain_review
WDM-STRUCTURE-a04d509fa6ef	structure	field	canon/canonical_story_tree/world/wowas_world_zone_map.json	structure	timeline|relationships|scenes|quests|world	implemented_reference_map	reference_extracted_pending_domain_review
WDM-STRUCTURE-4e67260ff96f	structure	operatives	canon/canonical_story_tree/world/wowas_world_zone_map.json	structure	timeline|relationships|scenes|quests|world	implemented_reference_map	reference_extracted_pending_domain_review
WDM-STRUCTURE-22b01a77cda2	structure	specialists	canon/canonical_story_tree/world/wowas_world_zone_map.json	structure	timeline|relationships|scenes|quests|world	implemented_reference_map	reference_extracted_pending_domain_review
WDM-STRUCTURE-02eb177b42d0	structure	general	canon/canonical_story_tree/world/wowas_world_zone_map.json	structure	timeline|relationships|scenes|quests|world	implemented_reference_map	reference_extracted_pending_domain_review
WDM-STRUCTURE-8b1f3dc7bf5d	structure	population	canon/canonical_story_tree/world/wowas_world_zone_map.json	settlement|structure|well	timeline|relationships|scenes|quests|world	implemented_reference_map	reference_extracted_pending_domain_review
WDM-STRUCTURE-28466f0e3fcf	structure	elders	canon/canonical_story_tree/world/wowas_world_zone_map.json	structure	timeline|relationships|scenes|quests|world	implemented_reference_map	reference_extracted_pending_domain_review
WDM-STRUCTURE-a9a55f7b0c5c	structure	unaffiliated	canon/canonical_story_tree/world/wowas_world_zone_map.json	settlement|well	timeline|relationships|scenes|quests|world	implemented_reference_map	reference_extracted_pending_domain_review
WDM-STRUCTURE-08b7b4dc1381	structure	drevyn	canon/canonical_story_tree/world/wowas_world_zone_map.json	settlement|well	timeline|relationships|scenes|quests|world	implemented_reference_map	reference_extracted_pending_domain_review
WDM-STRUCTURE-fa72aaa4fadc	structure	unbound	canon/canonical_story_tree/world/wowas_world_zone_map.json	settlement|well	timeline|relationships|scenes|quests|world	implemented_reference_map	reference_extracted_pending_domain_review
WDM-STRUCTURE-b875af95ebc2	structure	marso	canon/canonical_story_tree/world/wowas_world_zone_map.json	settlement|well	timeline|relationships|scenes|quests|world	implemented_reference_map	reference_extracted_pending_domain_review
WDM-STRUCTURE-a219bc7b6fd1	structure	forest	canon/canonical_story_tree/world/wowas_world_zone_map.json	well	timeline|relationships|scenes|quests|world	implemented_reference_map	reference_extracted_pending_domain_review
WDM-STRUCTURE-4de7e285b5ea	structure	dwellers	canon/canonical_story_tree/world/wowas_world_zone_map.json	well	timeline|relationships|scenes|quests|world	implemented_reference_map	reference_extracted_pending_domain_review
WDM-STRUCTURE-e5d92c2cc963	structure	transient	canon/canonical_story_tree/world/wowas_world_zone_map.json	well	timeline|relationships|scenes|quests|world	implemented_reference_map	reference_extracted_pending_domain_review
WDM-STRUCTURE-a774797a08f1	structure	travelers	canon/canonical_story_tree/world/wowas_world_zone_map.json	well	timeline|relationships|scenes|quests|world	implemented_reference_map	reference_extracted_pending_domain_review
WDM-STRUCTURE-be9956f5f56c	structure	outer	canon/canonical_story_tree/world/wowas_world_zone_map.json	settlement|well	timeline|relationships|scenes|quests|world	implemented_reference_map	reference_extracted_pending_domain_review
WDM-STRUCTURE-6e82a264e90e	structure	territories	canon/canonical_story_tree/world/wowas_world_zone_map.json	settlement|well	timeline|relationships|scenes|quests|world	implemented_reference_map	reference_extracted_pending_domain_review
WDM-STRUCTURE-1660d5b8d58a	structure	total	canon/canonical_story_tree/world/wowas_world_zone_map.json	settlement|well	timeline|relationships|scenes|quests|world	implemented_reference_map	reference_extracted_pending_domain_review
WDM-STRUCTURE-7ba8c1151f08	structure	named	canon/canonical_story_tree/world/wowas_world_zone_map.json	settlement|well	timeline|relationships|scenes|quests|world	implemented_reference_map	reference_extracted_pending_domain_review
WDM-STRUCTURE-585b71b6c567	structure	present	canon/canonical_story_tree/world/wowas_world_zone_map.json	well	timeline|relationships|scenes|quests|world	implemented_reference_map	reference_extracted_pending_domain_review
WDM-STRUCTURE-672f70ff3964	structure	thael	canon/canonical_story_tree/world/wowas_world_zone_map.json	settlement|well	timeline|relationships|scenes|quests|world	implemented_reference_map	reference_extracted_pending_domain_review
WDM-STRUCTURE-a29028ef91a0	structure	key	canon/canonical_story_tree/world/wowas_world_zone_map.json	settlement|shelter	timeline|relationships|scenes|quests|world	implemented_reference_map	reference_extracted_pending_domain_review
WDM-STRUCTURE-1f0050461e13	structure	schema	canon/canonical_story_tree/world/wowas_world_zone_map.json	settlement	timeline|relationships|scenes|quests|world	implemented_reference_map	reference_extracted_pending_domain_review
WDM-STRUCTURE-469b9f68f247	structure	version	canon/canonical_story_tree/world/wowas_world_zone_map.json	settlement	timeline|relationships|scenes|quests|world	implemented_reference_map	reference_extracted_pending_domain_review
WDM-STRUCTURE-3010cee9fa12	structure	document	canon/canonical_story_tree/world/wowas_world_zone_map.json	settlement	timeline|relationships|scenes|quests|world	implemented_reference_map	reference_extracted_pending_domain_review
WDM-STRUCTURE-2708d5092be9	structure	date	canon/canonical_story_tree/world/wowas_world_zone_map.json	settlement	timeline|relationships|scenes|quests|world	implemented_reference_map	reference_extracted_pending_domain_review
WDM-STRUCTURE-2570a824e6e6	structure	derived	canon/canonical_story_tree/world/wowas_world_zone_map.json	settlement	timeline|relationships|scenes|quests|world	implemented_reference_map	reference_extracted_pending_domain_review
WDM-STRUCTURE-774e0b83dc1c	structure	frozen	canon/canonical_story_tree/world/wowas_world_zone_map.json	settlement	timeline|relationships|scenes|quests|world	implemented_reference_map	reference_extracted_pending_domain_review
WDM-STRUCTURE-1a2f6885d7d8	structure	basis	canon/canonical_story_tree/world/wowas_world_zone_map.json	settlement	timeline|relationships|scenes|quests|world	implemented_reference_map	reference_extracted_pending_domain_review
WDM-STRUCTURE-ad65941e268a	structure	atlas	canon/canonical_story_tree/world/wowas_world_zone_map.json	settlement	timeline|relationships|scenes|quests|world	implemented_reference_map	reference_extracted_pending_domain_review
WDM-STRUCTURE-a56c4c915b52	structure	have qualities that non-sonomantic travelers	canon/canonical_story_tree/world/wowas_world_zone_map.json	settlement	timeline|relationships|scenes|quests|world	implemented_reference_map	reference_extracted_pending_domain_review
WDM-STRUCTURE-84f8dc2ca83e	structure	may not fully perceive	canon/canonical_story_tree/world/wowas_world_zone_map.json	settlement	timeline|relationships|scenes|quests|world	implemented_reference_map	reference_extracted_pending_domain_review
WDM-STRUCTURE-43022f61bf9e	structure	zones	canon/canonical_story_tree/world/wowas_world_zone_map.json	settlement	timeline|relationships|scenes|quests|world	implemented_reference_map	reference_extracted_pending_domain_review
WDM-STRUCTURE-8b7969203540	structure	heartland	canon/canonical_story_tree/world/wowas_world_zone_map.json	settlement	timeline|relationships|scenes|quests|world	implemented_reference_map	reference_extracted_pending_domain_review
WDM-STRUCTURE-89de8116e9e4	structure	The Heartland	canon/canonical_story_tree/world/wowas_world_zone_map.json	settlement	timeline|relationships|scenes|quests|world	implemented_reference_map	reference_extracted_pending_domain_review
WDM-STRUCTURE-96f39d81e770	structure	primary	canon/canonical_story_tree/world/wowas_world_zone_map.json	settlement	timeline|relationships|scenes|quests|world	implemented_reference_map	reference_extracted_pending_domain_review
WDM-STRUCTURE-3183d2223a43	structure	cluster	canon/canonical_story_tree/world/wowas_world_zone_map.json	settlement	timeline|relationships|scenes|quests|world	implemented_reference_map	reference_extracted_pending_domain_review
WDM-STRUCTURE-4e0615426022	structure	broad valley with river access	canon/canonical_story_tree/world/wowas_world_zone_map.json	settlement	timeline|relationships|scenes|quests|world	implemented_reference_map	reference_extracted_pending_domain_review
WDM-STRUCTURE-6833f2da40a2	structure	moderate elevation	canon/canonical_story_tree/world/wowas_world_zone_map.json	settlement	timeline|relationships|scenes|quests|world	implemented_reference_map	reference_extracted_pending_domain_review
WDM-STRUCTURE-1fa541ed822e	structure	defensible natural borders to north	canon/canonical_story_tree/world/wowas_world_zone_map.json	settlement	timeline|relationships|scenes|quests|world	implemented_reference_map	reference_extracted_pending_domain_review
WDM-STRUCTURE-8df573f67698	structure	and east	canon/canonical_story_tree/world/wowas_world_zone_map.json	settlement	timeline|relationships|scenes|quests|world	implemented_reference_map	reference_extracted_pending_domain_review
WDM-STRUCTURE-4fc97f5c731a	structure	minor	canon/canonical_story_tree/world/wowas_world_zone_map.json	settlement	timeline|relationships|scenes|quests|world	implemented_reference_map	reference_extracted_pending_domain_review
WDM-STRUCTURE-1d0ec3045f29	structure	the Heartland was the most	canon/canonical_story_tree/world/wowas_world_zone_map.json	settlement	timeline|relationships|scenes|quests|world	implemented_reference_map	reference_extracted_pending_domain_review
WDM-STRUCTURE-2187b8a59207	structure	it is why survivors concentrated	canon/canonical_story_tree/world/wowas_world_zone_map.json	settlement	timeline|relationships|scenes|quests|world	implemented_reference_map	reference_extracted_pending_domain_review
WDM-STRUCTURE-c3fb1dc3e721	structure	faction	canon/canonical_story_tree/world/wowas_world_zone_map.json	settlement	timeline|relationships|scenes|quests|world	implemented_reference_map	reference_extracted_pending_domain_review
WDM-STRUCTURE-97df0e4db70d	structure	presence	canon/canonical_story_tree/world/wowas_world_zone_map.json	settlement	timeline|relationships|scenes|quests|world	implemented_reference_map	reference_extracted_pending_domain_review
WDM-STRUCTURE-42c0ed0bf0ab	structure	The Resonance	canon/canonical_story_tree/world/wowas_world_zone_map.json	settlement	timeline|relationships|scenes|quests|world	implemented_reference_map	reference_extracted_pending_domain_review
WDM-STRUCTURE-f539c893ee2e	structure	estimate	canon/canonical_story_tree/world/wowas_world_zone_map.json	settlement	timeline|relationships|scenes|quests|world	implemented_reference_map	reference_extracted_pending_domain_review
WDM-STRUCTURE-6fba8736bb6c	structure	The Archive District	canon/canonical_story_tree/world/wowas_world_zone_map.json	settlement	timeline|relationships|scenes|quests|world	implemented_reference_map	reference_extracted_pending_domain_review
WDM-STRUCTURE-0914c205c5db	structure	secondary	canon/canonical_story_tree/world/wowas_world_zone_map.json	settlement	timeline|relationships|scenes|quests|world	implemented_reference_map	reference_extracted_pending_domain_review
WDM-STRUCTURE-2012f3801d85	structure	healing centers throughout	canon/canonical_story_tree/world/wowas_world_zone_map.json	settlement	timeline|relationships|scenes|quests|world	implemented_reference_map	reference_extracted_pending_domain_review
WDM-STRUCTURE-4f4a5f8f37b4	structure	The Meridian	canon/canonical_story_tree/world/wowas_world_zone_map.json	settlement	timeline|relationships|scenes|quests|world	implemented_reference_map	reference_extracted_pending_domain_review
WDM-STRUCTURE-b82f9a2be37a	structure	The Neutral Quarter	canon/canonical_story_tree/world/wowas_world_zone_map.json	settlement	timeline|relationships|scenes|quests|world	implemented_reference_map	reference_extracted_pending_domain_review
WDM-STRUCTURE-a66f9760696b	structure	healing stations at zone borders	canon/canonical_story_tree/world/wowas_world_zone_map.json	settlement	timeline|relationships|scenes|quests|world	implemented_reference_map	reference_extracted_pending_domain_review
WDM-STRUCTURE-f80711af063d	structure	The Iron Accord	canon/canonical_story_tree/world/wowas_world_zone_map.json	settlement	timeline|relationships|scenes|quests|world	implemented_reference_map	reference_extracted_pending_domain_review
WDM-STRUCTURE-53b79d61c4bf	structure	The Accord Hall	canon/canonical_story_tree/world/wowas_world_zone_map.json	settlement	timeline|relationships|scenes|quests|world	implemented_reference_map	reference_extracted_pending_domain_review
WDM-STRUCTURE-cb6f0f352d8c	structure	field camps on zone perimeter	canon/canonical_story_tree/world/wowas_world_zone_map.json	settlement	timeline|relationships|scenes|quests|world	implemented_reference_map	reference_extracted_pending_domain_review
WDM-STRUCTURE-e920a89150d4	structure	informal settlement clusters between faction	canon/canonical_story_tree/world/wowas_world_zone_map.json	settlement	timeline|relationships|scenes|quests|world	implemented_reference_map	reference_extracted_pending_domain_review
WDM-STRUCTURE-e7cadd640b8c	structure	areas	canon/canonical_story_tree/world/wowas_world_zone_map.json	settlement	timeline|relationships|scenes|quests|world	implemented_reference_map	reference_extracted_pending_domain_review
WDM-STRUCTURE-278bd939b226	structure	note	canon/canonical_story_tree/world/wowas_world_zone_map.json	settlement	timeline|relationships|scenes|quests|world	implemented_reference_map	reference_extracted_pending_domain_review
WDM-STRUCTURE-39465e5c3330	structure	highest concentration of unaffiliated in	canon/canonical_story_tree/world/wowas_world_zone_map.json	settlement	timeline|relationships|scenes|quests|world	implemented_reference_map	reference_extracted_pending_domain_review
WDM-STRUCTURE-680f6bc14fd5	structure	any zone	canon/canonical_story_tree/world/wowas_world_zone_map.json	settlement	timeline|relationships|scenes|quests|world	implemented_reference_map	reference_extracted_pending_domain_review
WDM-STRUCTURE-5021d6ccfbaf	structure	The Ash-Born	canon/canonical_story_tree/world/wowas_world_zone_map.json	settlement	timeline|relationships|scenes|quests|world	implemented_reference_map	reference_extracted_pending_domain_review
WDM-STRUCTURE-9f0d278c2ed7	structure	not defensible enough	canon/canonical_story_tree/world/wowas_world_zone_map.json	settlement	timeline|relationships|scenes|quests|world	implemented_reference_map	reference_extracted_pending_domain_review
WDM-STRUCTURE-c0a9eac6924e	structure	The Severed	canon/canonical_story_tree/world/wowas_world_zone_map.json	settlement	timeline|relationships|scenes|quests|world	implemented_reference_map	reference_extracted_pending_domain_review
WDM-STRUCTURE-d207800f5b2c	structure	scattered presence	canon/canonical_story_tree/world/wowas_world_zone_map.json	settlement	timeline|relationships|scenes|quests|world	implemented_reference_map	reference_extracted_pending_domain_review
WDM-STRUCTURE-987b67bfdb86	structure	The Severed have no formal	canon/canonical_story_tree/world/wowas_world_zone_map.json	settlement	timeline|relationships|scenes|quests|world	implemented_reference_map	reference_extracted_pending_domain_review
WDM-STRUCTURE-ddc04b8882e2	structure	Heartland settlement	canon/canonical_story_tree/world/wowas_world_zone_map.json	settlement	timeline|relationships|scenes|quests|world	implemented_reference_map	reference_extracted_pending_domain_review
WDM-STRUCTURE-d846ec57917e	structure	archive	canon/canonical_story_tree/world/wowas_world_zone_map.json	settlement	timeline|relationships|scenes|quests|world	implemented_reference_map	reference_extracted_pending_domain_review
WDM-STRUCTURE-f2c6205a5ffd	structure	district	canon/canonical_story_tree/world/wowas_world_zone_map.json	settlement	timeline|relationships|scenes|quests|world	implemented_reference_map	reference_extracted_pending_domain_review
WDM-STRUCTURE-43391edc4249	structure	institutional	canon/canonical_story_tree/world/wowas_world_zone_map.json	settlement	timeline|relationships|scenes|quests|world	implemented_reference_map	reference_extracted_pending_domain_review
WDM-STRUCTURE-646577d35aa4	structure	Keth's dispute volume crisis	canon/canonical_story_tree/world/wowas_world_zone_map.json	settlement	timeline|relationships|scenes|quests|world	implemented_reference_map	reference_extracted_pending_domain_review
WDM-STRUCTURE-58cdd1e1ff42	structure	locked	canon/canonical_story_tree/world/wowas_world_zone_map.json	settlement	timeline|relationships|scenes|quests|world	implemented_reference_map	reference_extracted_pending_domain_review
WDM-STRUCTURE-20c5948d3e42	structure	true	canon/canonical_story_tree/world/wowas_world_zone_map.json	settlement	timeline|relationships|scenes|quests|world	implemented_reference_map	reference_extracted_pending_domain_review
WDM-STRUCTURE-79d8fcd9a14b	structure	ashfields	canon/canonical_story_tree/world/wowas_world_zone_map.json	settlement	timeline|relationships|scenes|quests|world	implemented_reference_map	reference_extracted_pending_domain_review
WDM-STRUCTURE-6772231528b2	structure	The Ashfields	canon/canonical_story_tree/world/wowas_world_zone_map.json	settlement	timeline|relationships|scenes|quests|world	implemented_reference_map	reference_extracted_pending_domain_review
WDM-STRUCTURE-b4b0c8379b25	structure	elevated plateau with natural defensive	canon/canonical_story_tree/world/wowas_world_zone_map.json	settlement	timeline|relationships|scenes|quests|world	implemented_reference_map	reference_extracted_pending_domain_review
WDM-STRUCTURE-244a6f7c7d4a	structure	perimeter on three sides	canon/canonical_story_tree/world/wowas_world_zone_map.json	settlement	timeline|relationships|scenes|quests|world	implemented_reference_map	reference_extracted_pending_domain_review
WDM-STRUCTURE-daae8ee84bf8	structure	sparse vegetation	canon/canonical_story_tree/world/wowas_world_zone_map.json	settlement	timeline|relationships|scenes|quests|world	implemented_reference_map	reference_extracted_pending_domain_review
WDM-STRUCTURE-5695e362bb7b	structure	formerly forested	canon/canonical_story_tree/world/wowas_world_zone_map.json	settlement	timeline|relationships|scenes|quests|world	implemented_reference_map	reference_extracted_pending_domain_review
WDM-STRUCTURE-0a41f359bbc4	structure	now open from collapse-event burns	canon/canonical_story_tree/world/wowas_world_zone_map.json	settlement	timeline|relationships|scenes|quests|world	implemented_reference_map	reference_extracted_pending_domain_review
WDM-STRUCTURE-b7daf321cb2c	structure	rich mineral substrate that supports	canon/canonical_story_tree/world/wowas_world_zone_map.json	settlement	timeline|relationships|scenes|quests|world	implemented_reference_map	reference_extracted_pending_domain_review
WDM-STRUCTURE-fff9e6bebaa7	structure	it has no pre-collapse owners	canon/canonical_story_tree/world/wowas_world_zone_map.json	settlement	timeline|relationships|scenes|quests|world	implemented_reference_map	reference_extracted_pending_domain_review
WDM-STRUCTURE-5248d4ca116d	structure	The Forge Plateau	canon/canonical_story_tree/world/wowas_world_zone_map.json	settlement	timeline|relationships|scenes|quests|world	implemented_reference_map	reference_extracted_pending_domain_review
WDM-STRUCTURE-9305b2487ec6	structure	perimeter watch stations	canon/canonical_story_tree/world/wowas_world_zone_map.json	settlement	timeline|relationships|scenes|quests|world	implemented_reference_map	reference_extracted_pending_domain_review
WDM-STRUCTURE-c14b4e0c855b	structure	resource extraction sites	canon/canonical_story_tree/world/wowas_world_zone_map.json	settlement	timeline|relationships|scenes|quests|world	implemented_reference_map	reference_extracted_pending_domain_review
WDM-STRUCTURE-57989ce1b485	structure	forge	canon/canonical_story_tree/world/wowas_world_zone_map.json	settlement	timeline|relationships|scenes|quests|world	implemented_reference_map	reference_extracted_pending_domain_review
WDM-STRUCTURE-1fab45fd1da8	structure	plateau	canon/canonical_story_tree/world/wowas_world_zone_map.json	settlement	timeline|relationships|scenes|quests|world	implemented_reference_map	reference_extracted_pending_domain_review
WDM-STRUCTURE-acf089cba399	structure	The Ash-Born's main settlement	canon/canonical_story_tree/world/wowas_world_zone_map.json	settlement	timeline|relationships|scenes|quests|world	implemented_reference_map	reference_extracted_pending_domain_review
WDM-STRUCTURE-88e4544de4fa	structure	by ordinary settlement members	canon/canonical_story_tree/world/wowas_world_zone_map.json	settlement	timeline|relationships|scenes|quests|world	implemented_reference_map	reference_extracted_pending_domain_review
WDM-STRUCTURE-dae359ac33f5	structure	Ivera's informal network operates throughout	canon/canonical_story_tree/world/wowas_world_zone_map.json	settlement	timeline|relationships|scenes|quests|world	implemented_reference_map	reference_extracted_pending_domain_review
WDM-STRUCTURE-7be0ead56baa	structure	Ysolde's storytelling happens in the	canon/canonical_story_tree/world/wowas_world_zone_map.json	settlement	timeline|relationships|scenes|quests|world	implemented_reference_map	reference_extracted_pending_domain_review
WDM-STRUCTURE-a04fc0b321f2	structure	communal gathering space	canon/canonical_story_tree/world/wowas_world_zone_map.json	settlement	timeline|relationships|scenes|quests|world	implemented_reference_map	reference_extracted_pending_domain_review
WDM-STRUCTURE-77e5c4395eed	structure	Neth holds his oldest-elder position	canon/canonical_story_tree/world/wowas_world_zone_map.json	settlement	timeline|relationships|scenes|quests|world	implemented_reference_map	reference_extracted_pending_domain_review
WDM-STRUCTURE-7b2a66a300b4	structure	in the quietest corner of	canon/canonical_story_tree/world/wowas_world_zone_map.json	settlement	timeline|relationships|scenes|quests|world	implemented_reference_map	reference_extracted_pending_domain_review
WDM-STRUCTURE-ddb152044171	structure	Not formally recognized by Ash-Born	canon/canonical_story_tree/world/wowas_world_zone_map.json	settlement	timeline|relationships|scenes|quests|world	implemented_reference_map	reference_extracted_pending_domain_review
WDM-STRUCTURE-d2733d377804	structure	set of rooms in	canon/canonical_story_tree/world/wowas_world_zone_map.json	settlement	timeline|relationships|scenes|quests|world	implemented_reference_map	reference_extracted_pending_domain_review
WDM-STRUCTURE-df87544744b4	structure	secondary building that Careth has	canon/canonical_story_tree/world/wowas_world_zone_map.json	settlement	timeline|relationships|scenes|quests|world	implemented_reference_map	reference_extracted_pending_domain_review
WDM-STRUCTURE-4a8dbe4a1785	structure	converted for her recovery practice	canon/canonical_story_tree/world/wowas_world_zone_map.json	settlement	timeline|relationships|scenes|quests|world	implemented_reference_map	reference_extracted_pending_domain_review
WDM-STRUCTURE-bcd4c0975c39	structure	She operates here by permission	canon/canonical_story_tree/world/wowas_world_zone_map.json	settlement	timeline|relationships|scenes|quests|world	implemented_reference_map	reference_extracted_pending_domain_review
WDM-STRUCTURE-74f322c5cf5b	structure	of the settlement members who	canon/canonical_story_tree/world/wowas_world_zone_map.json	settlement	timeline|relationships|scenes|quests|world	implemented_reference_map	reference_extracted_pending_domain_review
WDM-STRUCTURE-a86a7f7e07ef	structure	use her services rather than	canon/canonical_story_tree/world/wowas_world_zone_map.json	settlement	timeline|relationships|scenes|quests|world	implemented_reference_map	reference_extracted_pending_domain_review
WDM-STRUCTURE-6a479449459e	structure	by formal authorization	canon/canonical_story_tree/world/wowas_world_zone_map.json	settlement	timeline|relationships|scenes|quests|world	implemented_reference_map	reference_extracted_pending_domain_review
WDM-STRUCTURE-29d292fc551b	structure	Halveth has technically never acknowledged	canon/canonical_story_tree/world/wowas_world_zone_map.json	settlement	timeline|relationships|scenes|quests|world	implemented_reference_map	reference_extracted_pending_domain_review
WDM-STRUCTURE-ecadce12c11f	structure	it exists	canon/canonical_story_tree/world/wowas_world_zone_map.json	settlement	timeline|relationships|scenes|quests|world	implemented_reference_map	reference_extracted_pending_domain_review
WDM-STRUCTURE-9275f1b09333	structure	Careth's intro scene	canon/canonical_story_tree/world/wowas_world_zone_map.json	settlement	timeline|relationships|scenes|quests|world	implemented_reference_map	reference_extracted_pending_domain_review
WDM-STRUCTURE-cad1a67fffe9	structure	Thorn's return	canon/canonical_story_tree/world/wowas_world_zone_map.json	settlement	timeline|relationships|scenes|quests|world	implemented_reference_map	reference_extracted_pending_domain_review
WDM-STRUCTURE-25d4d9b12ed2	structure	still	canon/canonical_story_tree/world/wowas_world_zone_map.json	settlement	timeline|relationships|scenes|quests|world	implemented_reference_map	reference_extracted_pending_domain_review
WDM-STRUCTURE-3bdcf8541b8b	structure	water	canon/canonical_story_tree/world/wowas_world_zone_map.json	settlement	timeline|relationships|scenes|quests|world	implemented_reference_map	reference_extracted_pending_domain_review
WDM-STRUCTURE-3d63a8b98f8d	structure	The Still Water Basin	canon/canonical_story_tree/world/wowas_world_zone_map.json	settlement	timeline|relationships|scenes|quests|world	implemented_reference_map	reference_extracted_pending_domain_review
WDM-STRUCTURE-d02a13777a5f	structure	lowland basin with river network	canon/canonical_story_tree/world/wowas_world_zone_map.json	settlement	timeline|relationships|scenes|quests|world	implemented_reference_map	reference_extracted_pending_domain_review
WDM-STRUCTURE-405e21f244ef	structure	rich agricultural capacity	canon/canonical_story_tree/world/wowas_world_zone_map.json	settlement	timeline|relationships|scenes|quests|world	implemented_reference_map	reference_extracted_pending_domain_review
WDM-STRUCTURE-d424155fcc64	structure	some flooding risk from collapse-altered	canon/canonical_story_tree/world/wowas_world_zone_map.json	settlement	timeline|relationships|scenes|quests|world	implemented_reference_map	reference_extracted_pending_domain_review
WDM-STRUCTURE-d1a364955795	structure	drainage patterns	canon/canonical_story_tree/world/wowas_world_zone_map.json	settlement	timeline|relationships|scenes|quests|world	implemented_reference_map	reference_extracted_pending_domain_review
WDM-STRUCTURE-9f4820fc89e2	structure	moderate	canon/canonical_story_tree/world/wowas_world_zone_map.json	settlement	timeline|relationships|scenes|quests|world	implemented_reference_map	reference_extracted_pending_domain_review
WDM-STRUCTURE-6957367e1ec4	structure	river routing changed	canon/canonical_story_tree/world/wowas_world_zone_map.json	settlement	timeline|relationships|scenes|quests|world	implemented_reference_map	reference_extracted_pending_domain_review
WDM-STRUCTURE-9e1d9b8181e1	structure	some pre-collapse settlements flooded	canon/canonical_story_tree/world/wowas_world_zone_map.json	settlement	timeline|relationships|scenes|quests|world	implemented_reference_map	reference_extracted_pending_domain_review
WDM-STRUCTURE-ddee5cfb204c	structure	current settlements are built above	canon/canonical_story_tree/world/wowas_world_zone_map.json	settlement	timeline|relationships|scenes|quests|world	implemented_reference_map	reference_extracted_pending_domain_review
WDM-STRUCTURE-65be49c5ddf2	structure	the new flood lines	canon/canonical_story_tree/world/wowas_world_zone_map.json	settlement	timeline|relationships|scenes|quests|world	implemented_reference_map	reference_extracted_pending_domain_review
WDM-STRUCTURE-9e56bc4b0bf8	structure	World-birth documentation relay	canon/canonical_story_tree/world/wowas_world_zone_map.json	settlement	timeline|relationships|scenes|quests|world	implemented_reference_map	reference_extracted_pending_domain_review
WDM-STRUCTURE-268f3684eaec	structure	ironmarsh	canon/canonical_story_tree/world/wowas_world_zone_map.json	settlement	timeline|relationships|scenes|quests|world	implemented_reference_map	reference_extracted_pending_domain_review
WDM-STRUCTURE-d38667244549	structure	The Ironmarsh	canon/canonical_story_tree/world/wowas_world_zone_map.json	settlement	timeline|relationships|scenes|quests|world	implemented_reference_map	reference_extracted_pending_domain_review
WDM-STRUCTURE-bf9757493123	structure	marshy lowland transitioning to firm	canon/canonical_story_tree/world/wowas_world_zone_map.json	settlement	timeline|relationships|scenes|quests|world	implemented_reference_map	reference_extracted_pending_domain_review
WDM-STRUCTURE-73cf88c2e651	structure	rich in mineral deposits	canon/canonical_story_tree/world/wowas_world_zone_map.json	settlement	timeline|relationships|scenes|quests|world	implemented_reference_map	reference_extracted_pending_domain_review
WDM-STRUCTURE-12856971dd5a	structure	unpleasant to traverse without route	canon/canonical_story_tree/world/wowas_world_zone_map.json	settlement	timeline|relationships|scenes|quests|world	implemented_reference_map	reference_extracted_pending_domain_review
WDM-STRUCTURE-ead9dd3ee1cc	structure	natural barrier properties	canon/canonical_story_tree/world/wowas_world_zone_map.json	settlement	timeline|relationships|scenes|quests|world	implemented_reference_map	reference_extracted_pending_domain_review
WDM-STRUCTURE-d6fee822fc94	structure	significant	canon/canonical_story_tree/world/wowas_world_zone_map.json	settlement	timeline|relationships|scenes|quests|world	implemented_reference_map	reference_extracted_pending_domain_review
WDM-STRUCTURE-efdfe5d4274a	structure	the marsh expanded during the	canon/canonical_story_tree/world/wowas_world_zone_map.json	settlement	timeline|relationships|scenes|quests|world	implemented_reference_map	reference_extracted_pending_domain_review
WDM-STRUCTURE-fe19065051da	structure	collapse event	canon/canonical_story_tree/world/wowas_world_zone_map.json	settlement	timeline|relationships|scenes|quests|world	implemented_reference_map	reference_extracted_pending_domain_review
WDM-STRUCTURE-afae70a623ff	structure	what was firm ground is	canon/canonical_story_tree/world/wowas_world_zone_map.json	settlement	timeline|relationships|scenes|quests|world	implemented_reference_map	reference_extracted_pending_domain_review
WDM-STRUCTURE-329a49bebe6d	structure	now marsh	canon/canonical_story_tree/world/wowas_world_zone_map.json	settlement	timeline|relationships|scenes|quests|world	implemented_reference_map	reference_extracted_pending_domain_review
WDM-STRUCTURE-8ce6610b8fde	structure	the expansion created natural barriers	canon/canonical_story_tree/world/wowas_world_zone_map.json	settlement	timeline|relationships|scenes|quests|world	implemented_reference_map	reference_extracted_pending_domain_review
WDM-STRUCTURE-ec0be1e04048	structure	that several settlements use as	canon/canonical_story_tree/world/wowas_world_zone_map.json	settlement	timeline|relationships|scenes|quests|world	implemented_reference_map	reference_extracted_pending_domain_review
WDM-STRUCTURE-5358617de208	structure	The Firm Ground Settlement	canon/canonical_story_tree/world/wowas_world_zone_map.json|canonical_story_tree/world/wowas_world_zone_map.json	settlement	timeline|relationships|scenes|quests|world	implemented_reference_map	reference_extracted_pending_domain_review
WDM-STRUCTURE-da6c7643ee2f	structure	The marsh expansion is what	canon/canonical_story_tree/world/wowas_world_zone_map.json	settlement	timeline|relationships|scenes|quests|world	implemented_reference_map	reference_extracted_pending_domain_review
WDM-STRUCTURE-6c9c9d8feec4	structure	the Iron Accord built their	canon/canonical_story_tree/world/wowas_world_zone_map.json	settlement	timeline|relationships|scenes|quests|world	implemented_reference_map	reference_extracted_pending_domain_review
WDM-STRUCTURE-fdfed26b7297	structure	eastern settlements around	canon/canonical_story_tree/world/wowas_world_zone_map.json	settlement	timeline|relationships|scenes|quests|world	implemented_reference_map	reference_extracted_pending_domain_review
WDM-STRUCTURE-184b41859c61	structure	they know the routes	canon/canonical_story_tree/world/wowas_world_zone_map.json	settlement	timeline|relationships|scenes|quests|world	implemented_reference_map	reference_extracted_pending_domain_review
WDM-STRUCTURE-ad03c76c47d4	structure	firm	canon/canonical_story_tree/world/wowas_world_zone_map.json	settlement	timeline|relationships|scenes|quests|world	implemented_reference_map	reference_extracted_pending_domain_review
WDM-STRUCTURE-c338383055e5	structure	Iron Accord eastern settlement	canon/canonical_story_tree/world/wowas_world_zone_map.json	settlement	timeline|relationships|scenes|quests|world	implemented_reference_map	reference_extracted_pending_domain_review
WDM-STRUCTURE-645e3afe37eb	structure	Built on the elevated ground	canon/canonical_story_tree/world/wowas_world_zone_map.json	settlement	timeline|relationships|scenes|quests|world	implemented_reference_map	reference_extracted_pending_domain_review
WDM-STRUCTURE-73049326a54c	structure	that survived the marsh expansion	canon/canonical_story_tree/world/wowas_world_zone_map.json	settlement	timeline|relationships|scenes|quests|world	implemented_reference_map	reference_extracted_pending_domain_review
WDM-STRUCTURE-3c58476a70c7	structure	Daevyn's primary medical operation area	canon/canonical_story_tree/world/wowas_world_zone_map.json	settlement	timeline|relationships|scenes|quests|world	implemented_reference_map	reference_extracted_pending_domain_review
WDM-STRUCTURE-a063edd13957	structure	the marsh creates unique injury	canon/canonical_story_tree/world/wowas_world_zone_map.json	settlement	timeline|relationships|scenes|quests|world	implemented_reference_map	reference_extracted_pending_domain_review
WDM-STRUCTURE-df2dc36972f3	structure	patterns	canon/canonical_story_tree/world/wowas_world_zone_map.json	settlement	timeline|relationships|scenes|quests|world	implemented_reference_map	reference_extracted_pending_domain_review
WDM-STRUCTURE-6066e58aaa40	structure	Kyrel and Aenwyn's home settlement	canon/canonical_story_tree/world/wowas_world_zone_map.json	settlement	timeline|relationships|scenes|quests|world	implemented_reference_map	reference_extracted_pending_domain_review
WDM-STRUCTURE-31e23dcbc9a7	structure	before the main narrative begins	canon/canonical_story_tree/world/wowas_world_zone_map.json	settlement	timeline|relationships|scenes|quests|world	implemented_reference_map	reference_extracted_pending_domain_review
WDM-STRUCTURE-dd3d373e2ccb	structure	Pethran's supply routes include	canon/canonical_story_tree/world/wowas_world_zone_map.json	settlement	timeline|relationships|scenes|quests|world	implemented_reference_map	reference_extracted_pending_domain_review
WDM-STRUCTURE-be2e0805a74e	structure	critical marsh crossing here	canon/canonical_story_tree/world/wowas_world_zone_map.json	settlement	timeline|relationships|scenes|quests|world	implemented_reference_map	reference_extracted_pending_domain_review
WDM-STRUCTURE-2b1ea516602a	structure	Kyrel and Aenwyn's origin context	canon/canonical_story_tree/world/wowas_world_zone_map.json	settlement	timeline|relationships|scenes|quests|world	implemented_reference_map	reference_extracted_pending_domain_review
WDM-STRUCTURE-9e3a21492194	structure	good visibility	canon/canonical_story_tree/world/wowas_world_zone_map.json	settlement	timeline|relationships|scenes|quests|world	implemented_reference_map	reference_extracted_pending_domain_review
WDM-STRUCTURE-9dd6854d2dfc	structure	strategically valuable	canon/canonical_story_tree/world/wowas_world_zone_map.json	settlement	timeline|relationships|scenes|quests|world	implemented_reference_map	reference_extracted_pending_domain_review
WDM-STRUCTURE-aadf2080f671	structure	harsh weather	canon/canonical_story_tree/world/wowas_world_zone_map.json	settlement	timeline|relationships|scenes|quests|world	implemented_reference_map	reference_extracted_pending_domain_review
WDM-STRUCTURE-ff5d7ffc26b6	structure	difficult agriculture	canon/canonical_story_tree/world/wowas_world_zone_map.json	settlement	timeline|relationships|scenes|quests|world	implemented_reference_map	reference_extracted_pending_domain_review
WDM-STRUCTURE-7ed2fcd98d9f	structure	minor terrain change	canon/canonical_story_tree/world/wowas_world_zone_map.json	settlement	timeline|relationships|scenes|quests|world	implemented_reference_map	reference_extracted_pending_domain_review
WDM-STRUCTURE-730ce0fcaa7a	structure	significant political change	canon/canonical_story_tree/world/wowas_world_zone_map.json	settlement	timeline|relationships|scenes|quests|world	implemented_reference_map	reference_extracted_pending_domain_review
WDM-STRUCTURE-66d3b84283ac	structure	pre-collapse settlements on the ridge	canon/canonical_story_tree/world/wowas_world_zone_map.json	settlement	timeline|relationships|scenes|quests|world	implemented_reference_map	reference_extracted_pending_domain_review
WDM-STRUCTURE-874d9d2a2375	structure	were abandoned and ownership is	canon/canonical_story_tree/world/wowas_world_zone_map.json	settlement	timeline|relationships|scenes|quests|world	implemented_reference_map	reference_extracted_pending_domain_review
WDM-STRUCTURE-969e553f6bde	structure	now contested	canon/canonical_story_tree/world/wowas_world_zone_map.json	settlement	timeline|relationships|scenes|quests|world	implemented_reference_map	reference_extracted_pending_domain_review
WDM-STRUCTURE-802be1b04247	structure	Drevyn's primary camping ground	canon/canonical_story_tree/world/wowas_world_zone_map.json	settlement	timeline|relationships|scenes|quests|world	implemented_reference_map	reference_extracted_pending_domain_review
WDM-STRUCTURE-bf84d7a65e1c	structure	the Unbound use it as	canon/canonical_story_tree/world/wowas_world_zone_map.json	settlement	timeline|relationships|scenes|quests|world	implemented_reference_map	reference_extracted_pending_domain_review
WDM-STRUCTURE-9c46f9e3d41f	structure	rest point	canon/canonical_story_tree/world/wowas_world_zone_map.json	settlement	timeline|relationships|scenes|quests|world	implemented_reference_map	reference_extracted_pending_domain_review
WDM-STRUCTURE-1e034c6cc518	structure	people who live outside the	canon/canonical_story_tree/world/wowas_world_zone_map.json	settlement	timeline|relationships|scenes|quests|world	implemented_reference_map	reference_extracted_pending_domain_review
WDM-STRUCTURE-966711ae18b8	structure	settlement system by choice or	canon/canonical_story_tree/world/wowas_world_zone_map.json	settlement	timeline|relationships|scenes|quests|world	implemented_reference_map	reference_extracted_pending_domain_review
WDM-STRUCTURE-eb589ef5a496	structure	sonomantic	canon/canonical_story_tree/world/wowas_world_zone_map.json	settlement	timeline|relationships|scenes|quests|world	implemented_reference_map	reference_extracted_pending_domain_review
WDM-STRUCTURE-3b3ffdffd6ef	structure	The Deepwood Remnant has unusual	canon/canonical_story_tree/world/wowas_world_zone_map.json	settlement	timeline|relationships|scenes|quests|world	implemented_reference_map	reference_extracted_pending_domain_review
WDM-STRUCTURE-e82ffb6b559e	structure	harmonic resonance properties	canon/canonical_story_tree/world/wowas_world_zone_map.json	settlement	timeline|relationships|scenes|quests|world	implemented_reference_map	reference_extracted_pending_domain_review
WDM-STRUCTURE-d80bc9b90b85	structure	Pip perceives it differently from	canon/canonical_story_tree/world/wowas_world_zone_map.json	settlement	timeline|relationships|scenes|quests|world	implemented_reference_map	reference_extracted_pending_domain_review
WDM-STRUCTURE-555c0fd42487	structure	and night	canon/canonical_story_tree/world/wowas_world_zone_map.json	settlement	timeline|relationships|scenes|quests|world	implemented_reference_map	reference_extracted_pending_domain_review
WDM-STRUCTURE-53b81965a23d	structure	minimal cover	canon/canonical_story_tree/world/wowas_world_zone_map.json	settlement	timeline|relationships|scenes|quests|world	implemented_reference_map	reference_extracted_pending_domain_review
WDM-STRUCTURE-6635ea4d3e43	structure	previously	canon/canonical_story_tree/world/wowas_world_zone_map.json	settlement	timeline|relationships|scenes|quests|world	implemented_reference_map	reference_extracted_pending_domain_review
WDM-STRUCTURE-39c74970927c	structure	more varied landscape	canon/canonical_story_tree/world/wowas_world_zone_map.json	settlement	timeline|relationships|scenes|quests|world	implemented_reference_map	reference_extracted_pending_domain_review
WDM-STRUCTURE-d0d7edf348d9	structure	the collapse event left exposed	canon/canonical_story_tree/world/wowas_world_zone_map.json	settlement	timeline|relationships|scenes|quests|world	implemented_reference_map	reference_extracted_pending_domain_review
WDM-STRUCTURE-93bc12721821	structure	salt flat where there were	canon/canonical_story_tree/world/wowas_world_zone_map.json	settlement	timeline|relationships|scenes|quests|world	implemented_reference_map	reference_extracted_pending_domain_review
WDM-STRUCTURE-9e8c52f7f8c7	structure	previously settlements	canon/canonical_story_tree/world/wowas_world_zone_map.json	settlement	timeline|relationships|scenes|quests|world	implemented_reference_map	reference_extracted_pending_domain_review
WDM-STRUCTURE-05f6db69b742	structure	the flat condition is new	canon/canonical_story_tree/world/wowas_world_zone_map.json	settlement	timeline|relationships|scenes|quests|world	implemented_reference_map	reference_extracted_pending_domain_review
WDM-STRUCTURE-78c68b062a3d	structure	The Unbound	canon/canonical_story_tree/world/wowas_world_zone_map.json	settlement	timeline|relationships|scenes|quests|world	implemented_reference_map	reference_extracted_pending_domain_review
WDM-STRUCTURE-661c901cd1d8	structure	the Unbound know the crossing	canon/canonical_story_tree/world/wowas_world_zone_map.json	settlement	timeline|relationships|scenes|quests|world	implemented_reference_map	reference_extracted_pending_domain_review
WDM-STRUCTURE-4fc43f127222	structure	routes	canon/canonical_story_tree/world/wowas_world_zone_map.json	settlement	timeline|relationships|scenes|quests|world	implemented_reference_map	reference_extracted_pending_domain_review
WDM-STRUCTURE-3bd645fcb84b	structure	settlements do not	canon/canonical_story_tree/world/wowas_world_zone_map.json	settlement	timeline|relationships|scenes|quests|world	implemented_reference_map	reference_extracted_pending_domain_review
WDM-STRUCTURE-c96784761ca5	structure	travelers between zones	canon/canonical_story_tree/world/wowas_world_zone_map.json	settlement	timeline|relationships|scenes|quests|world	implemented_reference_map	reference_extracted_pending_domain_review
WDM-STRUCTURE-ba351a0809d2	structure	The Unbound's primary nomadic circuit	canon/canonical_story_tree/world/wowas_world_zone_map.json	settlement	timeline|relationships|scenes|quests|world	implemented_reference_map	reference_extracted_pending_domain_review
WDM-STRUCTURE-f32933dce04f	structure	outer territories through the saltflat	canon/canonical_story_tree/world/wowas_world_zone_map.json	settlement	timeline|relationships|scenes|quests|world	implemented_reference_map	reference_extracted_pending_domain_review
WDM-STRUCTURE-c1666fef042c	structure	through the deepwood remnant	canon/canonical_story_tree/world/wowas_world_zone_map.json	settlement	timeline|relationships|scenes|quests|world	implemented_reference_map	reference_extracted_pending_domain_review
WDM-STRUCTURE-28555a7d5493	structure	to occasional settlement contact	canon/canonical_story_tree/world/wowas_world_zone_map.json	settlement	timeline|relationships|scenes|quests|world	implemented_reference_map	reference_extracted_pending_domain_review
WDM-STRUCTURE-452949664760	structure	Drevyn's extended version	canon/canonical_story_tree/world/wowas_world_zone_map.json	settlement	timeline|relationships|scenes|quests|world	implemented_reference_map	reference_extracted_pending_domain_review
WDM-STRUCTURE-a8b5e93d59f4	structure	via Calevyn and Nirath	canon/canonical_story_tree/world/wowas_world_zone_map.json	settlement	timeline|relationships|scenes|quests|world	implemented_reference_map	reference_extracted_pending_domain_review
WDM-STRUCTURE-462f4e74096c	structure	Outer Territories	canon/canonical_story_tree/world/wowas_world_zone_map.json	settlement	timeline|relationships|scenes|quests|world	implemented_reference_map	reference_extracted_pending_domain_review
WDM-STRUCTURE-dfa89eb7d6fb	structure	Deepwood	canon/canonical_story_tree/world/wowas_world_zone_map.json	settlement	timeline|relationships|scenes|quests|world	implemented_reference_map	reference_extracted_pending_domain_review
WDM-STRUCTURE-8de216fa6663	structure	Thornridge	canon/canonical_story_tree/world/wowas_world_zone_map.json	settlement	timeline|relationships|scenes|quests|world	implemented_reference_map	reference_extracted_pending_domain_review
WDM-STRUCTURE-3103daecbaca	structure	the zones settled factions cannot	canon/canonical_story_tree/world/wowas_world_zone_map.json	settlement	timeline|relationships|scenes|quests|world	implemented_reference_map	reference_extracted_pending_domain_review
WDM-STRUCTURE-1dbe904c1408	structure	fully cover	canon/canonical_story_tree/world/wowas_world_zone_map.json	settlement	timeline|relationships|scenes|quests|world	implemented_reference_map	reference_extracted_pending_domain_review
WDM-STRUCTURE-ca9e91bf3a5a	structure	tables	canon/canonical_story_tree/world/wowas_world_zone_map.json	settlement	timeline|relationships|scenes|quests|world	implemented_reference_map	reference_extracted_pending_domain_review
WDM-STRUCTURE-22b8e1be8598	structure	Approximate named-role population density by	canon/canonical_story_tree/world/wowas_world_zone_map.json	settlement	timeline|relationships|scenes|quests|world	implemented_reference_map	reference_extracted_pending_domain_review
WDM-STRUCTURE-19c21546979c	structure	zone for census reference	canon/canonical_story_tree/world/wowas_world_zone_map.json	settlement	timeline|relationships|scenes|quests|world	implemented_reference_map	reference_extracted_pending_domain_review
