serial	domain	name	source_refs	term_hits	interaction_layers	generator_status	status
WDM-ARTIFACT-a9e0b0c9a7c9	artifact	the Aortic Labyrinth here as	canon/canonical_story_tree/books/Book_01_Choices_Make_World/book_content.txt	artifact	timeline|relationships|scenes|quests|world	implemented_reference_map	reference_extracted_pending_domain_review
WDM-ARTIFACT-f74bf53dc118	artifact	its own beat	canon/canonical_story_tree/books/Book_01_Choices_Make_World/book_content.txt	artifact	timeline|relationships|scenes|quests|world	implemented_reference_map	reference_extracted_pending_domain_review
WDM-ARTIFACT-1084c9afa05e	artifact	source	canon/canonical_story_tree/all_25_books_latest_full_cycle.txt|canon/canonical_story_tree/books/Book_01_Choices_Make_World/book_content.txt	artifact	timeline|relationships|scenes|quests|world	implemented_reference_map	reference_extracted_pending_domain_review
WDM-ARTIFACT-7bccd9385346	artifact	"support
Manuscript body support"	canon/canonical_story_tree/all_25_books_latest_full_cycle.txt|canon/canonical_story_tree/books/Book_01_Choices_Make_World/book_content.txt	artifact	timeline|relationships|scenes|quests|world	implemented_reference_map	reference_extracted_pending_domain_review
WDM-ARTIFACT-67f478df4394	artifact	B01	canon/canonical_story_tree/all_25_books_latest_full_cycle.txt|canon/canonical_story_tree/books/Book_01_Choices_Make_World/book_content.txt	artifact|blue light|diary	timeline|relationships|scenes|quests|world	implemented_reference_map	reference_extracted_pending_domain_review
WDM-ARTIFACT-514abab08bf7	artifact	The	canon/canonical_story_tree/all_25_books_latest_full_cycle.txt|canon/canonical_story_tree/books/Book_01_Choices_Make_World/book_content.txt|canon/canonical_story_tree/books/Book_02_The_Diary_And_The_Blue_Light/book_content.txt|canon/canonical_story_tree/books/Book_03_The_First_Thread/book_content.txt|canon/canonical_story_tree/books/Book_24_Born_To_Die/book_content.txt	artifact|blue light|cello|diary	timeline|relationships|scenes|quests|world	implemented_reference_map	reference_extracted_pending_domain_review
WDM-ARTIFACT-691f3b027439	artifact	Heart	canon/canonical_story_tree/books/Book_01_Choices_Make_World/book_content.txt	artifact	timeline|relationships|scenes|quests|world	implemented_reference_map	reference_extracted_pending_domain_review
WDM-ARTIFACT-c90f17934c48	artifact	Chronometer	canon/canonical_story_tree/books/Book_01_Choices_Make_World/book_content.txt	artifact	timeline|relationships|scenes|quests|world	implemented_reference_map	reference_extracted_pending_domain_review
WDM-ARTIFACT-4e2e439e31f9	artifact	The Heart-Chronometer	canon/canonical_story_tree/books/Book_01_Choices_Make_World/book_content.txt	artifact	timeline|relationships|scenes|quests|world	implemented_reference_map	reference_extracted_pending_domain_review
WDM-ARTIFACT-bad0a7523964	artifact	function	canon/canonical_story_tree/all_25_books_latest_full_cycle.txt|canon/canonical_story_tree/books/Book_01_Choices_Make_World/book_content.txt|canon/canonical_story_tree/books/Book_02_The_Diary_And_The_Blue_Light/book_content.txt|canon/canonical_story_tree/books/Book_03_The_First_Thread/book_content.txt	artifact|blue light|diary	timeline|relationships|scenes|quests|world	implemented_reference_map	reference_extracted_pending_domain_review
WDM-ARTIFACT-91794b667665	artifact	artifact objective	canon/canonical_story_tree/all_25_books_latest_full_cycle.txt|canon/canonical_story_tree/books/Book_01_Choices_Make_World/book_content.txt	artifact	timeline|relationships|scenes|quests|world	implemented_reference_map	reference_extracted_pending_domain_review
WDM-ARTIFACT-c162e7610389	artifact	restoration target	canon/canonical_story_tree/all_25_books_latest_full_cycle.txt|canon/canonical_story_tree/books/Book_01_Choices_Make_World/book_content.txt	artifact	timeline|relationships|scenes|quests|world	implemented_reference_map	reference_extracted_pending_domain_review
WDM-ARTIFACT-cfcca2e0b245	artifact	local	canon/canonical_story_tree/all_25_books_latest_full_cycle.txt|canon/canonical_story_tree/books/Book_01_Choices_Make_World/book_content.txt|canon/canonical_story_tree/books/Book_02_The_Diary_And_The_Blue_Light/book_content.txt|canon/canonical_story_tree/books/Book_03_The_First_Thread/book_content.txt|canon/canonical_story_tree/books/Book_25_Death_Is_Rebirth/book_content.txt	artifact|blue light|cello|diary	timeline|relationships|scenes|quests|world	implemented_reference_map	reference_extracted_pending_domain_review
WDM-ARTIFACT-b3c8f6c46441	artifact	time	canon/canonical_story_tree/all_25_books_latest_full_cycle.txt|canon/canonical_story_tree/books/Book_01_Choices_Make_World/book_content.txt|canon/canonical_story_tree/books/Book_02_The_Diary_And_The_Blue_Light/book_content.txt|canon/canonical_story_tree/books/Book_03_The_First_Thread/book_content.txt|canon/canonical_story_tree/books/Book_24_Born_To_Die/book_content.txt|canon/canonical_story_tree/books/Book_25_Death_Is_Rebirth/book_content.txt	artifact|blue light|cello|diary	timeline|relationships|scenes|quests|world	implemented_reference_map	reference_extracted_pending_domain_review
WDM-ARTIFACT-9fe7555073de	artifact	span	canon/canonical_story_tree/all_25_books_latest_full_cycle.txt|canon/canonical_story_tree/books/Book_01_Choices_Make_World/book_content.txt|canon/canonical_story_tree/books/Book_02_The_Diary_And_The_Blue_Light/book_content.txt|canon/canonical_story_tree/books/Book_03_The_First_Thread/book_content.txt|canon/canonical_story_tree/books/Book_25_Death_Is_Rebirth/book_content.txt	artifact|blue light|cello|diary	timeline|relationships|scenes|quests|world	implemented_reference_map	reference_extracted_pending_domain_review
WDM-ARTIFACT-57802a72e937	artifact	single scene	canon/canonical_story_tree/all_25_books_latest_full_cycle.txt|canon/canonical_story_tree/books/Book_01_Choices_Make_World/book_content.txt|canon/canonical_story_tree/books/Book_03_The_First_Thread/book_content.txt	artifact|diary	timeline|relationships|scenes|quests|world	implemented_reference_map	reference_extracted_pending_domain_review
WDM-ARTIFACT-c169a417f87f	artifact	location	canon/canonical_story_tree/all_25_books_latest_full_cycle.txt|canon/canonical_story_tree/books/Book_01_Choices_Make_World/book_content.txt|canon/canonical_story_tree/books/Book_03_The_First_Thread/book_content.txt|canon/canonical_story_tree/world/wowas_world_zone_map.json	artifact|diary|gem	timeline|relationships|scenes|quests|world	implemented_reference_map	reference_extracted_pending_domain_review
WDM-ARTIFACT-5688189afa8e	artifact	Heart-Chronometer chamber	canon/canonical_story_tree/all_25_books_latest_full_cycle.txt|canon/canonical_story_tree/books/Book_01_Choices_Make_World/book_content.txt	artifact	timeline|relationships|scenes|quests|world	implemented_reference_map	reference_extracted_pending_domain_review
WDM-ARTIFACT-fd2dabcc931d	artifact	characters	canon/canonical_story_tree/all_25_books_latest_full_cycle.txt|canon/canonical_story_tree/books/Book_01_Choices_Make_World/book_content.txt|canon/canonical_story_tree/books/Book_03_The_First_Thread/book_content.txt	artifact|diary	timeline|relationships|scenes|quests|world	implemented_reference_map	reference_extracted_pending_domain_review
WDM-ARTIFACT-57d6a48e4e28	artifact	Pip	canon/canonical_story_tree/all_25_books_latest_full_cycle.txt|canon/canonical_story_tree/books/Book_01_Choices_Make_World/book_content.txt|canon/canonical_story_tree/books/Book_02_The_Diary_And_The_Blue_Light/book_content.txt|canon/canonical_story_tree/books/Book_03_The_First_Thread/book_content.txt|canon/canonical_story_tree/world/wowas_world_zone_map.json|canon/wowas_magic_system_patch_v10.md	artifact|blue light|diary|weapon	timeline|relationships|scenes|quests|world	implemented_reference_map	reference_extracted_pending_domain_review
WDM-ARTIFACT-c9b599910e9d	artifact	Mack	canon/canonical_story_tree/all_25_books_latest_full_cycle.txt|canon/canonical_story_tree/books/Book_01_Choices_Make_World/book_content.txt|canon/canonical_story_tree/books/Book_02_The_Diary_And_The_Blue_Light/book_content.txt|canon/canonical_story_tree/books/Book_23_The_Final_Resonance/book_content.txt|canon/canonical_story_tree/books/Book_25_Death_Is_Rebirth/book_content.txt	artifact|blue light|cello|diary	timeline|relationships|scenes|quests|world	implemented_reference_map	reference_extracted_pending_domain_review
WDM-ARTIFACT-fcd0213aaec7	artifact	confidence	canon/canonical_story_tree/all_25_books_latest_full_cycle.txt|canon/canonical_story_tree/books/Book_01_Choices_Make_World/book_content.txt|canon/canonical_story_tree/books/Book_03_The_First_Thread/book_content.txt	artifact|diary	timeline|relationships|scenes|quests|world	implemented_reference_map	reference_extracted_pending_domain_review
WDM-ARTIFACT-f40676b76737	artifact	high	canon/canonical_story_tree/all_25_books_latest_full_cycle.txt|canon/canonical_story_tree/books/Book_01_Choices_Make_World/book_content.txt|canon/canonical_story_tree/books/Book_03_The_First_Thread/book_content.txt	artifact|diary	timeline|relationships|scenes|quests|world	implemented_reference_map	reference_extracted_pending_domain_review
WDM-ARTIFACT-3cb56a8e8dc6	artifact	"notes
The objective itself is"	canon/canonical_story_tree/all_25_books_latest_full_cycle.txt|canon/canonical_story_tree/books/Book_01_Choices_Make_World/book_content.txt	artifact	timeline|relationships|scenes|quests|world	implemented_reference_map	reference_extracted_pending_domain_review
WDM-ARTIFACT-3f7806c11d58	artifact	strong	canon/canonical_story_tree/all_25_books_latest_full_cycle.txt|canon/canonical_story_tree/books/Book_01_Choices_Make_World/book_content.txt	artifact	timeline|relationships|scenes|quests|world	implemented_reference_map	reference_extracted_pending_domain_review
WDM-ARTIFACT-ed82c2eb9bba	artifact	"notes
Protective baseline before full"	canon/canonical_story_tree/all_25_books_latest_full_cycle.txt|canon/canonical_story_tree/books/Book_01_Choices_Make_World/book_content.txt	artifact	timeline|relationships|scenes|quests|world	implemented_reference_map	reference_extracted_pending_domain_review
WDM-ARTIFACT-c64b9ce22fa9	artifact	rupture	canon/canonical_story_tree/all_25_books_latest_full_cycle.txt|canon/canonical_story_tree/books/Book_01_Choices_Make_World/book_content.txt	artifact	timeline|relationships|scenes|quests|world	implemented_reference_map	reference_extracted_pending_domain_review
WDM-ARTIFACT-f74febbf63cd	artifact	Travellers	canon/canonical_story_tree/all_25_books_latest_full_cycle.txt|canon/canonical_story_tree/books/Book_01_Choices_Make_World/book_content.txt	artifact	timeline|relationships|scenes|quests|world	implemented_reference_map	reference_extracted_pending_domain_review
WDM-ARTIFACT-a7482a8a8e21	artifact	Codex	canon/canonical_story_tree/all_25_books_latest_full_cycle.txt|canon/canonical_story_tree/books/Book_01_Choices_Make_World/book_content.txt	artifact	timeline|relationships|scenes|quests|world	implemented_reference_map	reference_extracted_pending_domain_review
WDM-ARTIFACT-3b3c8a1b607d	artifact	The Traveller's Codex	canon/canonical_story_tree/all_25_books_latest_full_cycle.txt|canon/canonical_story_tree/books/Book_01_Choices_Make_World/book_content.txt	artifact	timeline|relationships|scenes|quests|world	implemented_reference_map	reference_extracted_pending_domain_review
WDM-ARTIFACT-fd89a5ed38b2	artifact	artifact discovery	canon/canonical_story_tree/all_25_books_latest_full_cycle.txt|canon/canonical_story_tree/books/Book_01_Choices_Make_World/book_content.txt	artifact	timeline|relationships|scenes|quests|world	implemented_reference_map	reference_extracted_pending_domain_review
WDM-ARTIFACT-de9ecf98c1b4	artifact	counter-variable contact	canon/canonical_story_tree/all_25_books_latest_full_cycle.txt|canon/canonical_story_tree/books/Book_01_Choices_Make_World/book_content.txt	artifact	timeline|relationships|scenes|quests|world	implemented_reference_map	reference_extracted_pending_domain_review
WDM-ARTIFACT-1bc6a3c04ce0	artifact	Obsidian Vault	canon/canonical_story_tree/all_25_books_latest_full_cycle.txt|canon/canonical_story_tree/books/Book_01_Choices_Make_World/book_content.txt	artifact	timeline|relationships|scenes|quests|world	implemented_reference_map	reference_extracted_pending_domain_review
WDM-ARTIFACT-f574a93c7f5d	artifact	Restricted Section	canon/canonical_story_tree/all_25_books_latest_full_cycle.txt|canon/canonical_story_tree/books/Book_01_Choices_Make_World/book_content.txt|canon/canonical_story_tree/books/Book_03_The_First_Thread/book_content.txt	artifact|diary	timeline|relationships|scenes|quests|world	implemented_reference_map	reference_extracted_pending_domain_review
WDM-ARTIFACT-73e5d3d31624	artifact	Xethrolund	canon/canonical_story_tree/all_25_books_latest_full_cycle.txt|canon/canonical_story_tree/books/Book_01_Choices_Make_World/book_content.txt|canon/canonical_story_tree/books/Book_03_The_First_Thread/book_content.txt|canon/canonical_story_tree/books/Book_23_The_Final_Resonance/book_content.txt|canon/canonical_story_tree/books/Book_25_Death_Is_Rebirth/book_content.txt	artifact|cello|diary	timeline|relationships|scenes|quests|world	implemented_reference_map	reference_extracted_pending_domain_review
WDM-ARTIFACT-5540a042a517	artifact	"notes
Separate artifact beat for"	canon/canonical_story_tree/all_25_books_latest_full_cycle.txt|canon/canonical_story_tree/books/Book_01_Choices_Make_World/book_content.txt	artifact	timeline|relationships|scenes|quests|world	implemented_reference_map	reference_extracted_pending_domain_review
WDM-ARTIFACT-830c86a24aa7	artifact	the pale-blue blank book	canon/canonical_story_tree/all_25_books_latest_full_cycle.txt|canon/canonical_story_tree/books/Book_01_Choices_Make_World/book_content.txt	artifact	timeline|relationships|scenes|quests|world	implemented_reference_map	reference_extracted_pending_domain_review
WDM-ARTIFACT-69a700abb917	artifact	Traveller's Codex	canon/canonical_story_tree/all_25_books_latest_full_cycle.txt|canon/canonical_story_tree/books/Book_01_Choices_Make_World/book_content.txt	artifact	timeline|relationships|scenes|quests|world	implemented_reference_map	reference_extracted_pending_domain_review
WDM-ARTIFACT-a8916137c87b	artifact	The first contact is downstream	canon/canonical_story_tree/all_25_books_latest_full_cycle.txt|canon/canonical_story_tree/books/Book_01_Choices_Make_World/book_content.txt	artifact	timeline|relationships|scenes|quests|world	implemented_reference_map	reference_extracted_pending_domain_review
WDM-ARTIFACT-d2661b53fbae	artifact	of touching it	canon/canonical_story_tree/all_25_books_latest_full_cycle.txt|canon/canonical_story_tree/books/Book_01_Choices_Make_World/book_content.txt	artifact	timeline|relationships|scenes|quests|world	implemented_reference_map	reference_extracted_pending_domain_review
WDM-ARTIFACT-f053cfa19378	artifact	Searching	canon/canonical_story_tree/all_25_books_latest_full_cycle.txt|canon/canonical_story_tree/books/Book_01_Choices_Make_World/book_content.txt	artifact	timeline|relationships|scenes|quests|world	implemented_reference_map	reference_extracted_pending_domain_review
WDM-ARTIFACT-87eee3fb7b18	artifact	For	canon/canonical_story_tree/all_25_books_latest_full_cycle.txt|canon/canonical_story_tree/books/Book_01_Choices_Make_World/book_content.txt|canon/canonical_story_tree/books/Book_02_The_Diary_And_The_Blue_Light/book_content.txt	artifact|blue light|diary	timeline|relationships|scenes|quests|world	implemented_reference_map	reference_extracted_pending_domain_review
WDM-ARTIFACT-6dc6d5c25dbb	artifact	Different	canon/canonical_story_tree/all_25_books_latest_full_cycle.txt|canon/canonical_story_tree/books/Book_01_Choices_Make_World/book_content.txt	artifact	timeline|relationships|scenes|quests|world	implemented_reference_map	reference_extracted_pending_domain_review
WDM-ARTIFACT-b68b3ef0621d	artifact	Song	canon/canonical_story_tree/all_25_books_latest_full_cycle.txt|canon/canonical_story_tree/books/Book_01_Choices_Make_World/book_content.txt	artifact	timeline|relationships|scenes|quests|world	implemented_reference_map	reference_extracted_pending_domain_review
WDM-ARTIFACT-1c367071b43c	artifact	Searching For	canon/canonical_story_tree/all_25_books_latest_full_cycle.txt|canon/canonical_story_tree/books/Book_01_Choices_Make_World/book_content.txt	artifact	timeline|relationships|scenes|quests|world	implemented_reference_map	reference_extracted_pending_domain_review
WDM-ARTIFACT-4bdceeb8359c	artifact	The Fifteenth Birthday	canon/canonical_story_tree/all_25_books_latest_full_cycle.txt|canon/canonical_story_tree/books/Book_01_Choices_Make_World/book_content.txt	blue light|diary	timeline|relationships|scenes|quests|world	implemented_reference_map	reference_extracted_pending_domain_review
WDM-ARTIFACT-6a088c4acc2a	artifact	Mack And The Oasis	canon/canonical_story_tree/all_25_books_latest_full_cycle.txt|canon/canonical_story_tree/books/Book_01_Choices_Make_World/book_content.txt	blue light|diary	timeline|relationships|scenes|quests|world	implemented_reference_map	reference_extracted_pending_domain_review
WDM-ARTIFACT-55524f8a3aef	artifact	The Quicksilver Test	canon/canonical_story_tree/all_25_books_latest_full_cycle.txt|canon/canonical_story_tree/books/Book_01_Choices_Make_World/book_content.txt	blue light|diary	timeline|relationships|scenes|quests|world	implemented_reference_map	reference_extracted_pending_domain_review
WDM-ARTIFACT-03afc359d361	artifact	The Restricted Section	canon/canonical_story_tree/all_25_books_latest_full_cycle.txt|canon/canonical_story_tree/books/Book_01_Choices_Make_World/book_content.txt|canon/canonical_story_tree/world/wowas_world_zone_map.json	blue light|diary	timeline|relationships|scenes|quests|world	implemented_reference_map	reference_extracted_pending_domain_review
WDM-ARTIFACT-7f30182fa868	artifact	The Travellers Codex	canon/canonical_story_tree/all_25_books_latest_full_cycle.txt|canon/canonical_story_tree/books/Book_01_Choices_Make_World/book_content.txt	blue light|diary	timeline|relationships|scenes|quests|world	implemented_reference_map	reference_extracted_pending_domain_review
WDM-ARTIFACT-afdd0efe137d	artifact	The Blank Diary And Blue	canon/canonical_story_tree/all_25_books_latest_full_cycle.txt|canon/canonical_story_tree/books/Book_01_Choices_Make_World/book_content.txt	blue light|diary	timeline|relationships|scenes|quests|world	implemented_reference_map	reference_extracted_pending_domain_review
WDM-ARTIFACT-7e0d64ca16d0	artifact	Light	canon/canonical_story_tree/all_25_books_latest_full_cycle.txt|canon/canonical_story_tree/books/Book_01_Choices_Make_World/book_content.txt|canon/canonical_story_tree/books/Book_02_The_Diary_And_The_Blue_Light/book_content.txt|canon/canonical_story_tree/books/Book_23_The_Final_Resonance/book_content.txt	blue light|cello|diary	timeline|relationships|scenes|quests|world	implemented_reference_map	reference_extracted_pending_domain_review
WDM-ARTIFACT-ba3d3b73feb5	artifact	Find The Wound That Does	canon/canonical_story_tree/all_25_books_latest_full_cycle.txt|canon/canonical_story_tree/books/Book_01_Choices_Make_World/book_content.txt	blue light|diary	timeline|relationships|scenes|quests|world	implemented_reference_map	reference_extracted_pending_domain_review
WDM-ARTIFACT-f373ae77cbc7	artifact	Not Heal	canon/canonical_story_tree/all_25_books_latest_full_cycle.txt|canon/canonical_story_tree/books/Book_01_Choices_Make_World/book_content.txt	blue light|diary	timeline|relationships|scenes|quests|world	implemented_reference_map	reference_extracted_pending_domain_review
WDM-ARTIFACT-4f16495db5ba	artifact	Xethrolund The First True Thread	canon/canonical_story_tree/all_25_books_latest_full_cycle.txt|canon/canonical_story_tree/books/Book_01_Choices_Make_World/book_content.txt	blue light|diary	timeline|relationships|scenes|quests|world	implemented_reference_map	reference_extracted_pending_domain_review
WDM-ARTIFACT-da1e856b768d	artifact	The Slow Dehumanization	canon/canonical_story_tree/all_25_books_latest_full_cycle.txt|canon/canonical_story_tree/books/Book_01_Choices_Make_World/book_content.txt	blue light|diary	timeline|relationships|scenes|quests|world	implemented_reference_map	reference_extracted_pending_domain_review
WDM-ARTIFACT-f230b23493a0	artifact	The Betrayal Seed	canon/canonical_story_tree/all_25_books_latest_full_cycle.txt|canon/canonical_story_tree/books/Book_01_Choices_Make_World/book_content.txt	blue light|diary	timeline|relationships|scenes|quests|world	implemented_reference_map	reference_extracted_pending_domain_review
WDM-ARTIFACT-63a34bcb50cf	artifact	notes	canon/canonical_story_tree/all_25_books_latest_full_cycle.txt|canon/canonical_story_tree/books/Book_01_Choices_Make_World/book_content.txt|canon/canonical_story_tree/books/Book_02_The_Diary_And_The_Blue_Light/book_content.txt|canon/canonical_story_tree/books/Book_03_The_First_Thread/book_content.txt	artifact|blue light|diary	timeline|relationships|scenes|quests|world	implemented_reference_map	reference_extracted_pending_domain_review
WDM-ARTIFACT-e8522407552e	artifact	TBD	canon/canonical_story_tree/books/Book_01_Choices_Make_World/book_content.txt|canon/canonical_story_tree/books/Book_02_The_Diary_And_The_Blue_Light/book_content.txt|canon/canonical_story_tree/books/Book_03_The_First_Thread/book_content.txt	blue light|diary	timeline|relationships|scenes|quests|world	implemented_reference_map	reference_extracted_pending_domain_review
WDM-ARTIFACT-299b20d1c797	artifact	sequence	canon/canonical_story_tree/all_25_books_latest_full_cycle.txt|canon/canonical_story_tree/books/Book_01_Choices_Make_World/book_content.txt|canon/canonical_story_tree/books/Book_02_The_Diary_And_The_Blue_Light/book_content.txt|canon/canonical_story_tree/books/Book_03_The_First_Thread/book_content.txt|canon/canonical_story_tree/books/Book_25_Death_Is_Rebirth/book_content.txt	blue light|cello|diary	timeline|relationships|scenes|quests|world	implemented_reference_map	reference_extracted_pending_domain_review
WDM-ARTIFACT-cd7932fc03b8	artifact	position	canon/canonical_story_tree/all_25_books_latest_full_cycle.txt|canon/canonical_story_tree/books/Book_01_Choices_Make_World/book_content.txt|canon/canonical_story_tree/books/Book_02_The_Diary_And_The_Blue_Light/book_content.txt|canon/canonical_story_tree/books/Book_03_The_First_Thread/book_content.txt|canon/canonical_story_tree/books/Book_25_Death_Is_Rebirth/book_content.txt	blue light|cello|diary	timeline|relationships|scenes|quests|world	implemented_reference_map	reference_extracted_pending_domain_review
WDM-ARTIFACT-bca510af66e6	artifact	absolute	canon/canonical_story_tree/all_25_books_latest_full_cycle.txt|canon/canonical_story_tree/books/Book_01_Choices_Make_World/book_content.txt|canon/canonical_story_tree/books/Book_02_The_Diary_And_The_Blue_Light/book_content.txt|canon/canonical_story_tree/books/Book_03_The_First_Thread/book_content.txt|canon/canonical_story_tree/books/Book_25_Death_Is_Rebirth/book_content.txt	blue light|cello|diary	timeline|relationships|scenes|quests|world	implemented_reference_map	reference_extracted_pending_domain_review
WDM-ARTIFACT-b0399e25c115	artifact	era	canon/canonical_story_tree/all_25_books_latest_full_cycle.txt|canon/canonical_story_tree/books/Book_01_Choices_Make_World/book_content.txt|canon/canonical_story_tree/books/Book_02_The_Diary_And_The_Blue_Light/book_content.txt|canon/canonical_story_tree/books/Book_03_The_First_Thread/book_content.txt|canon/canonical_story_tree/books/Book_25_Death_Is_Rebirth/book_content.txt	blue light|cello|diary	timeline|relationships|scenes|quests|world	implemented_reference_map	reference_extracted_pending_domain_review
WDM-ARTIFACT-f666f6c335dd	artifact	linked	canon/canonical_story_tree/all_25_books_latest_full_cycle.txt|canon/canonical_story_tree/books/Book_01_Choices_Make_World/book_content.txt|canon/canonical_story_tree/books/Book_02_The_Diary_And_The_Blue_Light/book_content.txt|canon/canonical_story_tree/books/Book_03_The_First_Thread/book_content.txt|canon/canonical_story_tree/books/Book_25_Death_Is_Rebirth/book_content.txt	blue light|cello|diary	timeline|relationships|scenes|quests|world	implemented_reference_map	reference_extracted_pending_domain_review
WDM-ARTIFACT-3ede501bf0fc	artifact	locations	canon/canonical_story_tree/all_25_books_latest_full_cycle.txt|canon/canonical_story_tree/books/Book_01_Choices_Make_World/book_content.txt|canon/canonical_story_tree/books/Book_02_The_Diary_And_The_Blue_Light/book_content.txt|canon/canonical_story_tree/books/Book_03_The_First_Thread/book_content.txt|canon/canonical_story_tree/books/Book_25_Death_Is_Rebirth/book_content.txt|canon/canonical_story_tree/world/wowas_world_zone_map.json	blue light|cello|diary|gem	timeline|relationships|scenes|quests|world	implemented_reference_map	reference_extracted_pending_domain_review
WDM-ARTIFACT-bddfaa5126aa	artifact	Book	canon/canonical_story_tree/all_25_books_latest_full_cycle.txt|canon/canonical_story_tree/books/Book_02_The_Diary_And_The_Blue_Light/book_content.txt|canon/canonical_story_tree/books/Book_03_The_First_Thread/book_content.txt|canon/canonical_story_tree/books/Book_04_Crocodile_Smile/book_content.txt|canon/canonical_story_tree/books/Book_17_Black_Heart_Scar/book_content.txt|canon/canonical_story_tree/books/Book_20_The_Beforemath/book_content.txt|canon/canonical_story_tree/books/Book_21_The_Final_Descent/book_content.txt|canon/canonical_story_tree/books/Book_22_The_Last_Open_Gate/book_content.txt|canon/canonical_story_tree/books/Book_23_The_Final_Resonance/book_content.txt|canon/canonical_story_tree/books/Book_24_Born_To_Die/book_content.txt|canon/canonical_story_tree/books/Book_25_Death_Is_Rebirth/book_content.txt	blue light|cello|diary	timeline|relationships|scenes|quests|world	implemented_reference_map	reference_extracted_pending_domain_review
WDM-ARTIFACT-dd87ba04897b	artifact	Diary	canon/canonical_story_tree/all_25_books_latest_full_cycle.txt|canon/canonical_story_tree/books/Book_02_The_Diary_And_The_Blue_Light/book_content.txt|canon/canonical_story_tree/books/Book_03_The_First_Thread/book_content.txt|canon/canonical_story_tree/books/Book_05_Runes_And_Wound/book_content.txt|canon/canonical_story_tree/world/wowas_world_zone_map.json	blue light|diary	timeline|relationships|scenes|quests|world	implemented_reference_map	reference_extracted_pending_domain_review
WDM-ARTIFACT-a512be4c5dc5	artifact	And	canon/canonical_story_tree/all_25_books_latest_full_cycle.txt|canon/canonical_story_tree/books/Book_02_The_Diary_And_The_Blue_Light/book_content.txt|canon/canonical_story_tree/books/Book_22_The_Last_Open_Gate/book_content.txt|canon/canonical_story_tree/books/Book_24_Born_To_Die/book_content.txt	blue light|cello|diary	timeline|relationships|scenes|quests|world	implemented_reference_map	reference_extracted_pending_domain_review
WDM-ARTIFACT-f5c7d27fce17	artifact	Blue	canon/canonical_story_tree/all_25_books_latest_full_cycle.txt|canon/canonical_story_tree/books/Book_02_The_Diary_And_The_Blue_Light/book_content.txt	blue light|diary	timeline|relationships|scenes|quests|world	implemented_reference_map	reference_extracted_pending_domain_review
WDM-ARTIFACT-f61ac413b80e	artifact	Structural Spine	canon/canonical_story_tree/all_25_books_latest_full_cycle.txt|canon/canonical_story_tree/books/Book_02_The_Diary_And_The_Blue_Light/book_content.txt	blue light|diary	timeline|relationships|scenes|quests|world	implemented_reference_map	reference_extracted_pending_domain_review
WDM-ARTIFACT-0ec081ac4122	artifact	Blue Light	canon/canonical_story_tree/all_25_books_latest_full_cycle.txt|canon/canonical_story_tree/books/Book_02_The_Diary_And_The_Blue_Light/book_content.txt	blue light|diary	timeline|relationships|scenes|quests|world	implemented_reference_map	reference_extracted_pending_domain_review
WDM-ARTIFACT-d32cf6fb12f1	artifact	Answer	canon/canonical_story_tree/all_25_books_latest_full_cycle.txt|canon/canonical_story_tree/books/Book_02_The_Diary_And_The_Blue_Light/book_content.txt	blue light|diary	timeline|relationships|scenes|quests|world	implemented_reference_map	reference_extracted_pending_domain_review
WDM-ARTIFACT-e48f81c33e75	artifact	"Working local time span
days"	canon/canonical_story_tree/all_25_books_latest_full_cycle.txt|canon/canonical_story_tree/books/Book_02_The_Diary_And_The_Blue_Light/book_content.txt|canon/canonical_story_tree/books/Book_24_Born_To_Die/book_content.txt	blue light|cello|diary	timeline|relationships|scenes|quests|world	implemented_reference_map	reference_extracted_pending_domain_review
WDM-ARTIFACT-461643312579	artifact	to several weeks	canon/canonical_story_tree/all_25_books_latest_full_cycle.txt|canon/canonical_story_tree/books/Book_02_The_Diary_And_The_Blue_Light/book_content.txt	blue light|diary	timeline|relationships|scenes|quests|world	implemented_reference_map	reference_extracted_pending_domain_review
WDM-ARTIFACT-3277276034d9	artifact	"Purpose
TBD by review"	canon/canonical_story_tree/books/Book_02_The_Diary_And_The_Blue_Light/book_content.txt|canon/canonical_story_tree/books/Book_03_The_First_Thread/book_content.txt|canon/canonical_story_tree/books/Book_24_Born_To_Die/book_content.txt	blue light|cello|diary	timeline|relationships|scenes|quests|world	implemented_reference_map	reference_extracted_pending_domain_review
WDM-ARTIFACT-ce02631be5ed	artifact	"Notes
This file is the"	canon/canonical_story_tree/all_25_books_latest_full_cycle.txt|canon/canonical_story_tree/books/Book_02_The_Diary_And_The_Blue_Light/book_content.txt|canon/canonical_story_tree/books/Book_03_The_First_Thread/book_content.txt|canon/canonical_story_tree/books/Book_24_Born_To_Die/book_content.txt|canon/canonical_story_tree/books/Book_25_Death_Is_Rebirth/book_content.txt	blue light|cello|diary	timeline|relationships|scenes|quests|world	implemented_reference_map	reference_extracted_pending_domain_review
WDM-ARTIFACT-32211c15271a	artifact	book-level anchor only	canon/canonical_story_tree/all_25_books_latest_full_cycle.txt|canon/canonical_story_tree/books/Book_02_The_Diary_And_The_Blue_Light/book_content.txt|canon/canonical_story_tree/books/Book_03_The_First_Thread/book_content.txt|canon/canonical_story_tree/books/Book_24_Born_To_Die/book_content.txt|canon/canonical_story_tree/books/Book_25_Death_Is_Rebirth/book_content.txt	blue light|cello|diary	timeline|relationships|scenes|quests|world	implemented_reference_map	reference_extracted_pending_domain_review
WDM-ARTIFACT-390fb94d9f2a	artifact	contained	canon/canonical_story_tree/all_25_books_latest_full_cycle.txt|canon/canonical_story_tree/books/Book_02_The_Diary_And_The_Blue_Light/book_content.txt|canon/canonical_story_tree/books/Book_03_The_First_Thread/book_content.txt|canon/canonical_story_tree/books/Book_24_Born_To_Die/book_content.txt|canon/canonical_story_tree/books/Book_25_Death_Is_Rebirth/book_content.txt	blue light|cello|diary	timeline|relationships|scenes|quests|world	implemented_reference_map	reference_extracted_pending_domain_review
WDM-ARTIFACT-c2a92b324b40	artifact	beats	canon/canonical_story_tree/all_25_books_latest_full_cycle.txt|canon/canonical_story_tree/books/Book_02_The_Diary_And_The_Blue_Light/book_content.txt|canon/canonical_story_tree/books/Book_03_The_First_Thread/book_content.txt|canon/canonical_story_tree/books/Book_24_Born_To_Die/book_content.txt|canon/canonical_story_tree/books/Book_25_Death_Is_Rebirth/book_content.txt	blue light|cello|diary	timeline|relationships|scenes|quests|world	implemented_reference_map	reference_extracted_pending_domain_review
WDM-ARTIFACT-d3e08f94e6d2	artifact	contained beats	canon/canonical_story_tree/all_25_books_latest_full_cycle.txt|canon/canonical_story_tree/books/Book_02_The_Diary_And_The_Blue_Light/book_content.txt|canon/canonical_story_tree/books/Book_03_The_First_Thread/book_content.txt|canon/canonical_story_tree/books/Book_24_Born_To_Die/book_content.txt|canon/canonical_story_tree/books/Book_25_Death_Is_Rebirth/book_content.txt	blue light|cello|diary	timeline|relationships|scenes|quests|world	implemented_reference_map	reference_extracted_pending_domain_review
WDM-ARTIFACT-40ba2aad0fb0	artifact	B02	canon/canonical_story_tree/all_25_books_latest_full_cycle.txt|canon/canonical_story_tree/books/Book_02_The_Diary_And_The_Blue_Light/book_content.txt	blue light|diary	timeline|relationships|scenes|quests|world	implemented_reference_map	reference_extracted_pending_domain_review
WDM-ARTIFACT-51e86a4a822e	artifact	Vault Of Whispers	canon/canonical_story_tree/all_25_books_latest_full_cycle.txt|canon/canonical_story_tree/books/Book_02_The_Diary_And_The_Blue_Light/book_content.txt	blue light|diary	timeline|relationships|scenes|quests|world	implemented_reference_map	reference_extracted_pending_domain_review
WDM-ARTIFACT-803696776584	artifact	The Rift Escalates	canon/canonical_story_tree/all_25_books_latest_full_cycle.txt|canon/canonical_story_tree/books/Book_02_The_Diary_And_The_Blue_Light/book_content.txt	diary	timeline|relationships|scenes|quests|world	implemented_reference_map	reference_extracted_pending_domain_review
WDM-ARTIFACT-f5e3dfd59455	artifact	The Wounded Rabbit In The	canon/canonical_story_tree/all_25_books_latest_full_cycle.txt|canon/canonical_story_tree/books/Book_02_The_Diary_And_The_Blue_Light/book_content.txt	diary	timeline|relationships|scenes|quests|world	implemented_reference_map	reference_extracted_pending_domain_review
WDM-ARTIFACT-aee6e82f0e04	artifact	Market	canon/canonical_story_tree/all_25_books_latest_full_cycle.txt|canon/canonical_story_tree/books/Book_02_The_Diary_And_The_Blue_Light/book_content.txt	diary	timeline|relationships|scenes|quests|world	implemented_reference_map	reference_extracted_pending_domain_review
WDM-ARTIFACT-b26d1edfe8ae	artifact	The Healing That Does Not	canon/canonical_story_tree/all_25_books_latest_full_cycle.txt|canon/canonical_story_tree/books/Book_02_The_Diary_And_The_Blue_Light/book_content.txt	diary	timeline|relationships|scenes|quests|world	implemented_reference_map	reference_extracted_pending_domain_review
WDM-ARTIFACT-65b7329acbc2	artifact	Hold	canon/canonical_story_tree/all_25_books_latest_full_cycle.txt|canon/canonical_story_tree/books/Book_02_The_Diary_And_The_Blue_Light/book_content.txt	diary	timeline|relationships|scenes|quests|world	implemented_reference_map	reference_extracted_pending_domain_review
WDM-ARTIFACT-db3fd2f53296	artifact	Item	canon/canonical_story_tree/all_25_books_latest_full_cycle.txt|canon/canonical_story_tree/books/Book_02_The_Diary_And_The_Blue_Light/book_content.txt	diary	timeline|relationships|scenes|quests|world	implemented_reference_map	reference_extracted_pending_domain_review
WDM-ARTIFACT-fab42729b093	artifact	BookRecord	canon/canonical_story_tree/all_25_books_latest_full_cycle.txt|canon/canonical_story_tree/books/Book_02_The_Diary_And_The_Blue_Light/book_content.txt	diary	timeline|relationships|scenes|quests|world	implemented_reference_map	reference_extracted_pending_domain_review
WDM-ARTIFACT-ce4a8cbcf484	artifact	candidate	canon/canonical_story_tree/all_25_books_latest_full_cycle.txt|canon/canonical_story_tree/books/Book_02_The_Diary_And_The_Blue_Light/book_content.txt	diary	timeline|relationships|scenes|quests|world	implemented_reference_map	reference_extracted_pending_domain_review
WDM-ARTIFACT-06c0396a65b9	artifact	crates	canon/canonical_story_tree/all_25_books_latest_full_cycle.txt|canon/canonical_story_tree/books/Book_02_The_Diary_And_The_Blue_Light/book_content.txt	diary	timeline|relationships|scenes|quests|world	implemented_reference_map	reference_extracted_pending_domain_review
WDM-ARTIFACT-e12da5d3ffc3	artifact	knowledge	canon/canonical_story_tree/all_25_books_latest_full_cycle.txt|canon/canonical_story_tree/books/Book_02_The_Diary_And_The_Blue_Light/book_content.txt	diary	timeline|relationships|scenes|quests|world	implemented_reference_map	reference_extracted_pending_domain_review
WDM-ARTIFACT-dd1f0a5b3aa8	artifact	src	canon/canonical_story_tree/all_25_books_latest_full_cycle.txt|canon/canonical_story_tree/books/Book_02_The_Diary_And_The_Blue_Light/book_content.txt	diary	timeline|relationships|scenes|quests|world	implemented_reference_map	reference_extracted_pending_domain_review
WDM-ARTIFACT-063e5391d76b	artifact	vault	canon/canonical_story_tree/all_25_books_latest_full_cycle.txt|canon/canonical_story_tree/books/Book_02_The_Diary_And_The_Blue_Light/book_content.txt	blue light|diary	timeline|relationships|scenes|quests|world	implemented_reference_map	reference_extracted_pending_domain_review
WDM-ARTIFACT-525fcfc09615	artifact	self	canon/canonical_story_tree/all_25_books_latest_full_cycle.txt|canon/canonical_story_tree/books/Book_02_The_Diary_And_The_Blue_Light/book_content.txt	diary	timeline|relationships|scenes|quests|world	implemented_reference_map	reference_extracted_pending_domain_review
WDM-ARTIFACT-fe33015f7783	artifact	books	canon/canonical_story_tree/all_25_books_latest_full_cycle.txt|canon/canonical_story_tree/books/Book_02_The_Diary_And_The_Blue_Light/book_content.txt	blue light|diary	timeline|relationships|scenes|quests|world	implemented_reference_map	reference_extracted_pending_domain_review
WDM-ARTIFACT-c5ece59207e1	artifact	iter	canon/canonical_story_tree/all_25_books_latest_full_cycle.txt|canon/canonical_story_tree/books/Book_02_The_Diary_And_The_Blue_Light/book_content.txt	diary	timeline|relationships|scenes|quests|world	implemented_reference_map	reference_extracted_pending_domain_review
WDM-ARTIFACT-27ba401242b4	artifact	filter	canon/canonical_story_tree/all_25_books_latest_full_cycle.txt|canon/canonical_story_tree/books/Book_02_The_Diary_And_The_Blue_Light/book_content.txt	diary	timeline|relationships|scenes|quests|world	implemented_reference_map	reference_extracted_pending_domain_review
WDM-ARTIFACT-b446c17ff6db	artifact	move	canon/canonical_story_tree/all_25_books_latest_full_cycle.txt|canon/canonical_story_tree/books/Book_02_The_Diary_And_The_Blue_Light/book_content.txt	diary	timeline|relationships|scenes|quests|world	implemented_reference_map	reference_extracted_pending_domain_review
WDM-ARTIFACT-6ec0a7a55bf6	artifact	axiom	canon/canonical_story_tree/all_25_books_latest_full_cycle.txt|canon/canonical_story_tree/books/Book_02_The_Diary_And_The_Blue_Light/book_content.txt	diary	timeline|relationships|scenes|quests|world	implemented_reference_map	reference_extracted_pending_domain_review
WDM-ARTIFACT-da19a9b8c191	artifact	tag	canon/canonical_story_tree/all_25_books_latest_full_cycle.txt|canon/canonical_story_tree/books/Book_02_The_Diary_And_The_Blue_Light/book_content.txt	diary	timeline|relationships|scenes|quests|world	implemented_reference_map	reference_extracted_pending_domain_review
WDM-ARTIFACT-7ed04b004872	artifact	map	canon/canonical_story_tree/all_25_books_latest_full_cycle.txt|canon/canonical_story_tree/books/Book_02_The_Diary_And_The_Blue_Light/book_content.txt|canon/canonical_story_tree/books/Book_03_The_First_Thread/book_content.txt|canon/canonical_story_tree/books/Book_24_Born_To_Die/book_content.txt|canon/canonical_story_tree/books/Book_25_Death_Is_Rebirth/book_content.txt	cello|diary	timeline|relationships|scenes|quests|world	implemented_reference_map	reference_extracted_pending_domain_review
WDM-ARTIFACT-a68b7c6a923f	artifact	time map	canon/canonical_story_tree/all_25_books_latest_full_cycle.txt|canon/canonical_story_tree/books/Book_02_The_Diary_And_The_Blue_Light/book_content.txt|canon/canonical_story_tree/books/Book_03_The_First_Thread/book_content.txt|canon/canonical_story_tree/books/Book_24_Born_To_Die/book_content.txt|canon/canonical_story_tree/books/Book_25_Death_Is_Rebirth/book_content.txt	cello|diary	timeline|relationships|scenes|quests|world	implemented_reference_map	reference_extracted_pending_domain_review
WDM-ARTIFACT-e755f01cbad8	artifact	Stasis	canon/canonical_story_tree/books/Book_02_The_Diary_And_The_Blue_Light/book_content.txt	blue light|diary	timeline|relationships|scenes|quests|world	implemented_reference_map	reference_extracted_pending_domain_review
WDM-ARTIFACT-9f2da92e8c57	artifact	scene	canon/canonical_story_tree/all_25_books_latest_full_cycle.txt|canon/canonical_story_tree/books/Book_02_The_Diary_And_The_Blue_Light/book_content.txt|canon/canonical_story_tree/books/Book_20_The_Beforemath/book_content.txt|canon/canonical_story_tree/books/Book_21_The_Final_Descent/book_content.txt|canon/canonical_story_tree/books/Book_22_The_Last_Open_Gate/book_content.txt|canon/canonical_story_tree/books/Book_23_The_Final_Resonance/book_content.txt|canon/canonical_story_tree/books/Book_24_Born_To_Die/book_content.txt|canon/canonical_story_tree/books/Book_25_Death_Is_Rebirth/book_content.txt	blue light|cello|diary	timeline|relationships|scenes|quests|world	implemented_reference_map	reference_extracted_pending_domain_review
WDM-ARTIFACT-8b788f648e28	artifact	spine	canon/canonical_story_tree/all_25_books_latest_full_cycle.txt|canon/canonical_story_tree/books/Book_02_The_Diary_And_The_Blue_Light/book_content.txt|canon/canonical_story_tree/books/Book_20_The_Beforemath/book_content.txt|canon/canonical_story_tree/books/Book_21_The_Final_Descent/book_content.txt|canon/canonical_story_tree/books/Book_22_The_Last_Open_Gate/book_content.txt|canon/canonical_story_tree/books/Book_23_The_Final_Resonance/book_content.txt|canon/canonical_story_tree/books/Book_24_Born_To_Die/book_content.txt|canon/canonical_story_tree/books/Book_25_Death_Is_Rebirth/book_content.txt	blue light|cello|diary	timeline|relationships|scenes|quests|world	implemented_reference_map	reference_extracted_pending_domain_review
WDM-ARTIFACT-bfddee5236b1	artifact	The Diary And The Blue	canon/canonical_story_tree/all_25_books_latest_full_cycle.txt|canon/canonical_story_tree/books/Book_02_The_Diary_And_The_Blue_Light/book_content.txt	blue light|diary	timeline|relationships|scenes|quests|world	implemented_reference_map	reference_extracted_pending_domain_review
WDM-ARTIFACT-f4d6e4008714	artifact	Light Scene Spine	canon/canonical_story_tree/all_25_books_latest_full_cycle.txt|canon/canonical_story_tree/books/Book_02_The_Diary_And_The_Blue_Light/book_content.txt	blue light|diary	timeline|relationships|scenes|quests|world	implemented_reference_map	reference_extracted_pending_domain_review
WDM-ARTIFACT-fac0e2ae8cf6	artifact	merged from	canon/canonical_story_tree/all_25_books_latest_full_cycle.txt|canon/canonical_story_tree/books/Book_02_The_Diary_And_The_Blue_Light/book_content.txt	blue light|diary	timeline|relationships|scenes|quests|world	implemented_reference_map	reference_extracted_pending_domain_review
WDM-ARTIFACT-4d2cfb249087	artifact	expansion	canon/canonical_story_tree/all_25_books_latest_full_cycle.txt|canon/canonical_story_tree/books/Book_02_The_Diary_And_The_Blue_Light/book_content.txt|canon/canonical_story_tree/books/Book_24_Born_To_Die/book_content.txt	blue light|cello|diary	timeline|relationships|scenes|quests|world	implemented_reference_map	reference_extracted_pending_domain_review
WDM-ARTIFACT-e7b57becf998	artifact	part1	canon/canonical_story_tree/all_25_books_latest_full_cycle.txt|canon/canonical_story_tree/books/Book_02_The_Diary_And_The_Blue_Light/book_content.txt|canon/canonical_story_tree/books/Book_24_Born_To_Die/book_content.txt	blue light|cello|diary	timeline|relationships|scenes|quests|world	implemented_reference_map	reference_extracted_pending_domain_review
WDM-ARTIFACT-be4fed28ce28	artifact	Scene Expansion	canon/canonical_story_tree/all_25_books_latest_full_cycle.txt|canon/canonical_story_tree/books/Book_02_The_Diary_And_The_Blue_Light/book_content.txt|canon/canonical_story_tree/books/Book_24_Born_To_Die/book_content.txt	blue light|cello|diary	timeline|relationships|scenes|quests|world	implemented_reference_map	reference_extracted_pending_domain_review
WDM-ARTIFACT-297fde8e71a3	artifact	Part	canon/canonical_story_tree/all_25_books_latest_full_cycle.txt|canon/canonical_story_tree/books/Book_02_The_Diary_And_The_Blue_Light/book_content.txt|canon/canonical_story_tree/books/Book_24_Born_To_Die/book_content.txt	blue light|cello|diary	timeline|relationships|scenes|quests|world	implemented_reference_map	reference_extracted_pending_domain_review
WDM-ARTIFACT-2fc65016f745	artifact	Covers Beats	canon/canonical_story_tree/all_25_books_latest_full_cycle.txt|canon/canonical_story_tree/books/Book_02_The_Diary_And_The_Blue_Light/book_content.txt|canon/canonical_story_tree/books/Book_24_Born_To_Die/book_content.txt	blue light|cello|diary	timeline|relationships|scenes|quests|world	implemented_reference_map	reference_extracted_pending_domain_review
WDM-ARTIFACT-a99dce717ea6	artifact	"Sanctuary Aftershock
target"	canon/canonical_story_tree/all_25_books_latest_full_cycle.txt|canon/canonical_story_tree/books/Book_02_The_Diary_And_The_Blue_Light/book_content.txt	blue light|diary	timeline|relationships|scenes|quests|world	implemented_reference_map	reference_extracted_pending_domain_review
WDM-ARTIFACT-781b48d21d22	artifact	scenes	canon/canonical_story_tree/all_25_books_latest_full_cycle.txt|canon/canonical_story_tree/books/Book_02_The_Diary_And_The_Blue_Light/book_content.txt|canon/canonical_story_tree/books/Book_04_Crocodile_Smile/book_content.txt|canon/canonical_story_tree/books/Book_05_Runes_And_Wound/book_content.txt|canon/canonical_story_tree/books/Book_24_Born_To_Die/book_content.txt	blue light|cello|diary|weapon	timeline|relationships|scenes|quests|world	implemented_reference_map	reference_extracted_pending_domain_review
WDM-ARTIFACT-5fad598e6567	artifact	S001 The-Morning-After-Book-One-Does-Not-Feel-Simple	canon/canonical_story_tree/all_25_books_latest_full_cycle.txt|canon/canonical_story_tree/books/Book_02_The_Diary_And_The_Blue_Light/book_content.txt	blue light|diary	timeline|relationships|scenes|quests|world	implemented_reference_map	reference_extracted_pending_domain_review
WDM-ARTIFACT-5a03cb295f74	artifact	The oasis carries the emotional	canon/canonical_story_tree/all_25_books_latest_full_cycle.txt|canon/canonical_story_tree/books/Book_02_The_Diary_And_The_Blue_Light/book_content.txt	blue light|diary	timeline|relationships|scenes|quests|world	implemented_reference_map	reference_extracted_pending_domain_review
WDM-ARTIFACT-06d2b87db31d	artifact	aftershock of rescue rather than	canon/canonical_story_tree/all_25_books_latest_full_cycle.txt|canon/canonical_story_tree/books/Book_02_The_Diary_And_The_Blue_Light/book_content.txt	blue light|diary	timeline|relationships|scenes|quests|world	implemented_reference_map	reference_extracted_pending_domain_review
WDM-ARTIFACT-4368959b382e	artifact	The house itself now feels	canon/canonical_story_tree/all_25_books_latest_full_cycle.txt|canon/canonical_story_tree/books/Book_02_The_Diary_And_The_Blue_Light/book_content.txt	blue light|diary	timeline|relationships|scenes|quests|world	implemented_reference_map	reference_extracted_pending_domain_review
WDM-ARTIFACT-c22ff1f4e1e3	artifact	like part of the saga's	canon/canonical_story_tree/all_25_books_latest_full_cycle.txt|canon/canonical_story_tree/books/Book_02_The_Diary_And_The_Blue_Light/book_content.txt	blue light|diary	timeline|relationships|scenes|quests|world	implemented_reference_map	reference_extracted_pending_domain_review
WDM-ARTIFACT-5852304438c0	artifact	active machinery	canon/canonical_story_tree/all_25_books_latest_full_cycle.txt|canon/canonical_story_tree/books/Book_02_The_Diary_And_The_Blue_Light/book_content.txt	blue light|diary	timeline|relationships|scenes|quests|world	implemented_reference_map	reference_extracted_pending_domain_review
WDM-ARTIFACT-db78adf64a63	artifact	S010 Book-Two-Opens-on-Changed-Home-Law	canon/canonical_story_tree/all_25_books_latest_full_cycle.txt|canon/canonical_story_tree/books/Book_02_The_Diary_And_The_Blue_Light/book_content.txt	diary	timeline|relationships|scenes|quests|world	implemented_reference_map	reference_extracted_pending_domain_review
WDM-ARTIFACT-9ec7425ef6e9	artifact	The new book starts with	canon/canonical_story_tree/all_25_books_latest_full_cycle.txt|canon/canonical_story_tree/books/Book_02_The_Diary_And_The_Blue_Light/book_content.txt	blue light|diary	timeline|relationships|scenes|quests|world	implemented_reference_map	reference_extracted_pending_domain_review
WDM-ARTIFACT-7576c06afe35	artifact	home transformed	canon/canonical_story_tree/all_25_books_latest_full_cycle.txt|canon/canonical_story_tree/books/Book_02_The_Diary_And_The_Blue_Light/book_content.txt	blue light|diary	timeline|relationships|scenes|quests|world	implemented_reference_map	reference_extracted_pending_domain_review
WDM-ARTIFACT-3bfed49a2fe6	artifact	not restored	canon/canonical_story_tree/all_25_books_latest_full_cycle.txt|canon/canonical_story_tree/books/Book_02_The_Diary_And_The_Blue_Light/book_content.txt	blue light|diary	timeline|relationships|scenes|quests|world	implemented_reference_map	reference_extracted_pending_domain_review
WDM-ARTIFACT-6d97f1374c75	artifact	The Diary Enters the Orbit	canon/canonical_story_tree/all_25_books_latest_full_cycle.txt|canon/canonical_story_tree/books/Book_02_The_Diary_And_The_Blue_Light/book_content.txt	diary	timeline|relationships|scenes|quests|world	implemented_reference_map	reference_extracted_pending_domain_review
WDM-ARTIFACT-69c8a44dccb7	artifact	target	canon/canonical_story_tree/all_25_books_latest_full_cycle.txt|canon/canonical_story_tree/books/Book_02_The_Diary_And_The_Blue_Light/book_content.txt	diary	timeline|relationships|scenes|quests|world	implemented_reference_map	reference_extracted_pending_domain_review
WDM-ARTIFACT-99122b8715e8	artifact	S011 The-Object-Is-Found-or-Reintroduced	canon/canonical_story_tree/all_25_books_latest_full_cycle.txt|canon/canonical_story_tree/books/Book_02_The_Diary_And_The_Blue_Light/book_content.txt	diary	timeline|relationships|scenes|quests|world	implemented_reference_map	reference_extracted_pending_domain_review
WDM-ARTIFACT-545f7b926534	artifact	diary or diary-equivalent enters the	canon/canonical_story_tree/all_25_books_latest_full_cycle.txt|canon/canonical_story_tree/books/Book_02_The_Diary_And_The_Blue_Light/book_content.txt	blue light|diary	timeline|relationships|scenes|quests|world	implemented_reference_map	reference_extracted_pending_domain_review
WDM-ARTIFACT-780fe99d93c9	artifact	foreground as more than	canon/canonical_story_tree/all_25_books_latest_full_cycle.txt|canon/canonical_story_tree/books/Book_02_The_Diary_And_The_Blue_Light/book_content.txt	blue light|diary	timeline|relationships|scenes|quests|world	implemented_reference_map	reference_extracted_pending_domain_review
WDM-ARTIFACT-0cca784196fe	artifact	keepsake	canon/canonical_story_tree/all_25_books_latest_full_cycle.txt|canon/canonical_story_tree/books/Book_02_The_Diary_And_The_Blue_Light/book_content.txt	blue light|diary	timeline|relationships|scenes|quests|world	implemented_reference_map	reference_extracted_pending_domain_review
WDM-ARTIFACT-f144ada4ad1a	artifact	S012 Pip-Feels-Drawn-Before-He-Understands-Why	canon/canonical_story_tree/all_25_books_latest_full_cycle.txt|canon/canonical_story_tree/books/Book_02_The_Diary_And_The_Blue_Light/book_content.txt	diary	timeline|relationships|scenes|quests|world	implemented_reference_map	reference_extracted_pending_domain_review
WDM-ARTIFACT-741740834cad	artifact	The pull toward it is	canon/canonical_story_tree/all_25_books_latest_full_cycle.txt|canon/canonical_story_tree/books/Book_02_The_Diary_And_The_Blue_Light/book_content.txt	blue light|diary	timeline|relationships|scenes|quests|world	implemented_reference_map	reference_extracted_pending_domain_review
WDM-ARTIFACT-04ab9e605734	artifact	emotional	canon/canonical_story_tree/all_25_books_latest_full_cycle.txt|canon/canonical_story_tree/books/Book_02_The_Diary_And_The_Blue_Light/book_content.txt|canon/canonical_story_tree/books/Book_23_The_Final_Resonance/book_content.txt	blue light|cello|diary	timeline|relationships|scenes|quests|world	implemented_reference_map	reference_extracted_pending_domain_review
WDM-ARTIFACT-a3c413a7d476	artifact	symbolic	canon/canonical_story_tree/all_25_books_latest_full_cycle.txt|canon/canonical_story_tree/books/Book_02_The_Diary_And_The_Blue_Light/book_content.txt	blue light|diary	timeline|relationships|scenes|quests|world	implemented_reference_map	reference_extracted_pending_domain_review
WDM-ARTIFACT-9ff69346eca8	artifact	and unsettling	canon/canonical_story_tree/all_25_books_latest_full_cycle.txt|canon/canonical_story_tree/books/Book_02_The_Diary_And_The_Blue_Light/book_content.txt	blue light|diary	timeline|relationships|scenes|quests|world	implemented_reference_map	reference_extracted_pending_domain_review
WDM-ARTIFACT-6faebff37468	artifact	S013 Mack-Recognizes-Its-Weight	canon/canonical_story_tree/all_25_books_latest_full_cycle.txt|canon/canonical_story_tree/books/Book_02_The_Diary_And_The_Blue_Light/book_content.txt	diary	timeline|relationships|scenes|quests|world	implemented_reference_map	reference_extracted_pending_domain_review
WDM-ARTIFACT-04aad053eecf	artifact	The guardian knows the object	canon/canonical_story_tree/all_25_books_latest_full_cycle.txt|canon/canonical_story_tree/books/Book_02_The_Diary_And_The_Blue_Light/book_content.txt	blue light|diary	timeline|relationships|scenes|quests|world	implemented_reference_map	reference_extracted_pending_domain_review
WDM-ARTIFACT-104bdffd9b96	artifact	carries consequence beyond paper	canon/canonical_story_tree/all_25_books_latest_full_cycle.txt|canon/canonical_story_tree/books/Book_02_The_Diary_And_The_Blue_Light/book_content.txt	blue light|diary	timeline|relationships|scenes|quests|world	implemented_reference_map	reference_extracted_pending_domain_review
WDM-ARTIFACT-0134fbe50d7b	artifact	S014 Rylos Vayne Johnson-Watches-Pips-Reaction-Closely	canon/canonical_story_tree/all_25_books_latest_full_cycle.txt|canon/canonical_story_tree/books/Book_02_The_Diary_And_The_Blue_Light/book_content.txt	diary	timeline|relationships|scenes|quests|world	implemented_reference_map	reference_extracted_pending_domain_review
WDM-ARTIFACT-3640c57917c2	artifact	He reads the diary first	canon/canonical_story_tree/all_25_books_latest_full_cycle.txt|canon/canonical_story_tree/books/Book_02_The_Diary_And_The_Blue_Light/book_content.txt	blue light|diary	timeline|relationships|scenes|quests|world	implemented_reference_map	reference_extracted_pending_domain_review
WDM-ARTIFACT-1dbd55c47990	artifact	through Pip rather than through	canon/canonical_story_tree/all_25_books_latest_full_cycle.txt|canon/canonical_story_tree/books/Book_02_The_Diary_And_The_Blue_Light/book_content.txt	blue light|diary	timeline|relationships|scenes|quests|world	implemented_reference_map	reference_extracted_pending_domain_review
WDM-ARTIFACT-5e745866b656	artifact	its contents	canon/canonical_story_tree/all_25_books_latest_full_cycle.txt|canon/canonical_story_tree/books/Book_02_The_Diary_And_The_Blue_Light/book_content.txt	blue light|diary	timeline|relationships|scenes|quests|world	implemented_reference_map	reference_extracted_pending_domain_review
WDM-ARTIFACT-f0868bd2f484	artifact	S015 The-Diary-Is-Not-Neutral-Memory	canon/canonical_story_tree/all_25_books_latest_full_cycle.txt|canon/canonical_story_tree/books/Book_02_The_Diary_And_The_Blue_Light/book_content.txt	diary	timeline|relationships|scenes|quests|world	implemented_reference_map	reference_extracted_pending_domain_review
WDM-ARTIFACT-b41a1a5f28fa	artifact	It behaves like	canon/canonical_story_tree/all_25_books_latest_full_cycle.txt|canon/canonical_story_tree/books/Book_02_The_Diary_And_The_Blue_Light/book_content.txt	blue light|diary	timeline|relationships|scenes|quests|world	implemented_reference_map	reference_extracted_pending_domain_review
WDM-ARTIFACT-47a9e764c24b	artifact	living thread into another structure	canon/canonical_story_tree/all_25_books_latest_full_cycle.txt|canon/canonical_story_tree/books/Book_02_The_Diary_And_The_Blue_Light/book_content.txt	blue light|diary	timeline|relationships|scenes|quests|world	implemented_reference_map	reference_extracted_pending_domain_review
WDM-ARTIFACT-a8596314c5bc	artifact	of truth	canon/canonical_story_tree/all_25_books_latest_full_cycle.txt|canon/canonical_story_tree/books/Book_02_The_Diary_And_The_Blue_Light/book_content.txt	blue light|diary	timeline|relationships|scenes|quests|world	implemented_reference_map	reference_extracted_pending_domain_review
WDM-ARTIFACT-1c64d3f94be1	artifact	S016 Home-Grows-Stranger-Without-Growing-Less-Loving	canon/canonical_story_tree/all_25_books_latest_full_cycle.txt|canon/canonical_story_tree/books/Book_02_The_Diary_And_The_Blue_Light/book_content.txt	diary	timeline|relationships|scenes|quests|world	implemented_reference_map	reference_extracted_pending_domain_review
WDM-ARTIFACT-12776bd1acda	artifact	Sanctuary can hold mystery without	canon/canonical_story_tree/all_25_books_latest_full_cycle.txt|canon/canonical_story_tree/books/Book_02_The_Diary_And_The_Blue_Light/book_content.txt	blue light|diary	timeline|relationships|scenes|quests|world	implemented_reference_map	reference_extracted_pending_domain_review
WDM-ARTIFACT-3a0aeaf697e0	artifact	losing safety	canon/canonical_story_tree/all_25_books_latest_full_cycle.txt|canon/canonical_story_tree/books/Book_02_The_Diary_And_The_Blue_Light/book_content.txt	blue light|diary	timeline|relationships|scenes|quests|world	implemented_reference_map	reference_extracted_pending_domain_review
WDM-ARTIFACT-97476e97c154	artifact	S017 Pip-Hesitates-to-Open-What-Wants-Him	canon/canonical_story_tree/all_25_books_latest_full_cycle.txt|canon/canonical_story_tree/books/Book_02_The_Diary_And_The_Blue_Light/book_content.txt	diary	timeline|relationships|scenes|quests|world	implemented_reference_map	reference_extracted_pending_domain_review
WDM-ARTIFACT-c4c160d8c21a	artifact	Desire and fear meet at	canon/canonical_story_tree/all_25_books_latest_full_cycle.txt|canon/canonical_story_tree/books/Book_02_The_Diary_And_The_Blue_Light/book_content.txt	blue light|diary	timeline|relationships|scenes|quests|world	implemented_reference_map	reference_extracted_pending_domain_review
WDM-ARTIFACT-f0d88574a16d	artifact	the threshold of reading	canon/canonical_story_tree/all_25_books_latest_full_cycle.txt|canon/canonical_story_tree/books/Book_02_The_Diary_And_The_Blue_Light/book_content.txt	blue light|diary	timeline|relationships|scenes|quests|world	implemented_reference_map	reference_extracted_pending_domain_review
WDM-ARTIFACT-ee11005b10b7	artifact	S018 The-Diary-Becomes-a-Second-Blue-Light	canon/canonical_story_tree/all_25_books_latest_full_cycle.txt|canon/canonical_story_tree/books/Book_02_The_Diary_And_The_Blue_Light/book_content.txt	diary	timeline|relationships|scenes|quests|world	implemented_reference_map	reference_extracted_pending_domain_review
WDM-ARTIFACT-29432e527cdc	artifact	Its emotional function rhymes with	canon/canonical_story_tree/all_25_books_latest_full_cycle.txt|canon/canonical_story_tree/books/Book_02_The_Diary_And_The_Blue_Light/book_content.txt	blue light|diary	timeline|relationships|scenes|quests|world	implemented_reference_map	reference_extracted_pending_domain_review
WDM-ARTIFACT-4e5851f096c3	artifact	the earlier prophecy-currents	canon/canonical_story_tree/all_25_books_latest_full_cycle.txt|canon/canonical_story_tree/books/Book_02_The_Diary_And_The_Blue_Light/book_content.txt	blue light|diary	timeline|relationships|scenes|quests|world	implemented_reference_map	reference_extracted_pending_domain_review
WDM-ARTIFACT-49c5ed0ea782	artifact	S019 Rylos Vayne Johnson-Feels-the-Shift-in-the-Room	canon/canonical_story_tree/all_25_books_latest_full_cycle.txt|canon/canonical_story_tree/books/Book_02_The_Diary_And_The_Blue_Light/book_content.txt	diary	timeline|relationships|scenes|quests|world	implemented_reference_map	reference_extracted_pending_domain_review
WDM-ARTIFACT-f681a2da00cf	artifact	Even unopened	canon/canonical_story_tree/all_25_books_latest_full_cycle.txt|canon/canonical_story_tree/books/Book_02_The_Diary_And_The_Blue_Light/book_content.txt	blue light|diary	timeline|relationships|scenes|quests|world	implemented_reference_map	reference_extracted_pending_domain_review
WDM-ARTIFACT-2d7ab43486b6	artifact	the object changes the atmosphere	canon/canonical_story_tree/all_25_books_latest_full_cycle.txt|canon/canonical_story_tree/books/Book_02_The_Diary_And_The_Blue_Light/book_content.txt	blue light|diary	timeline|relationships|scenes|quests|world	implemented_reference_map	reference_extracted_pending_domain_review
WDM-ARTIFACT-d93898f99615	artifact	S020 The-Beat-Ends-with-Access-Delayed-But-Inevitable	canon/canonical_story_tree/all_25_books_latest_full_cycle.txt|canon/canonical_story_tree/books/Book_02_The_Diary_And_The_Blue_Light/book_content.txt	diary	timeline|relationships|scenes|quests|world	implemented_reference_map	reference_extracted_pending_domain_review
WDM-ARTIFACT-9966038e304b	artifact	The reading is postponed only	canon/canonical_story_tree/all_25_books_latest_full_cycle.txt|canon/canonical_story_tree/books/Book_02_The_Diary_And_The_Blue_Light/book_content.txt	blue light|diary	timeline|relationships|scenes|quests|world	implemented_reference_map	reference_extracted_pending_domain_review
WDM-ARTIFACT-14fe6e82fd6d	artifact	enough to increase weight	canon/canonical_story_tree/all_25_books_latest_full_cycle.txt|canon/canonical_story_tree/books/Book_02_The_Diary_And_The_Blue_Light/book_content.txt	blue light|diary	timeline|relationships|scenes|quests|world	implemented_reference_map	reference_extracted_pending_domain_review
WDM-ARTIFACT-8ea5fc180b3e	artifact	"Reading Changes the Air
target"	canon/canonical_story_tree/all_25_books_latest_full_cycle.txt|canon/canonical_story_tree/books/Book_02_The_Diary_And_The_Blue_Light/book_content.txt	diary	timeline|relationships|scenes|quests|world	implemented_reference_map	reference_extracted_pending_domain_review
WDM-ARTIFACT-8321162115b8	artifact	S021 The-First-Lines-Are-Read	canon/canonical_story_tree/all_25_books_latest_full_cycle.txt|canon/canonical_story_tree/books/Book_02_The_Diary_And_The_Blue_Light/book_content.txt	diary	timeline|relationships|scenes|quests|world	implemented_reference_map	reference_extracted_pending_domain_review
WDM-ARTIFACT-82a60bbd561c	artifact	The diary finally opens	canon/canonical_story_tree/all_25_books_latest_full_cycle.txt|canon/canonical_story_tree/books/Book_02_The_Diary_And_The_Blue_Light/book_content.txt	blue light|diary	timeline|relationships|scenes|quests|world	implemented_reference_map	reference_extracted_pending_domain_review
WDM-ARTIFACT-04d13d4a8e62	artifact	S022 The-Voice-Inside-Is-Too-Close	canon/canonical_story_tree/all_25_books_latest_full_cycle.txt|canon/canonical_story_tree/books/Book_02_The_Diary_And_The_Blue_Light/book_content.txt	diary	timeline|relationships|scenes|quests|world	implemented_reference_map	reference_extracted_pending_domain_review
WDM-ARTIFACT-55306add3763	artifact	The text feels intimate	canon/canonical_story_tree/all_25_books_latest_full_cycle.txt|canon/canonical_story_tree/books/Book_02_The_Diary_And_The_Blue_Light/book_content.txt	blue light|diary	timeline|relationships|scenes|quests|world	implemented_reference_map	reference_extracted_pending_domain_review
WDM-ARTIFACT-bbc7ffe24bbd	artifact	destabilizing	canon/canonical_story_tree/all_25_books_latest_full_cycle.txt|canon/canonical_story_tree/books/Book_02_The_Diary_And_The_Blue_Light/book_content.txt	blue light|diary	timeline|relationships|scenes|quests|world	implemented_reference_map	reference_extracted_pending_domain_review
WDM-ARTIFACT-51b70472fcd8	artifact	or fate-adjacent rather than archival	canon/canonical_story_tree/all_25_books_latest_full_cycle.txt|canon/canonical_story_tree/books/Book_02_The_Diary_And_The_Blue_Light/book_content.txt	blue light|diary	timeline|relationships|scenes|quests|world	implemented_reference_map	reference_extracted_pending_domain_review
WDM-ARTIFACT-db0440cf9eaf	artifact	S023 Pip-Feels-Seen-by-Words-Not-Meant-for-Now	canon/canonical_story_tree/all_25_books_latest_full_cycle.txt|canon/canonical_story_tree/books/Book_02_The_Diary_And_The_Blue_Light/book_content.txt	diary	timeline|relationships|scenes|quests|world	implemented_reference_map	reference_extracted_pending_domain_review
WDM-ARTIFACT-2a64f5636d2f	artifact	The reading strikes him personally	canon/canonical_story_tree/all_25_books_latest_full_cycle.txt|canon/canonical_story_tree/books/Book_02_The_Diary_And_The_Blue_Light/book_content.txt	blue light|diary	timeline|relationships|scenes|quests|world	implemented_reference_map	reference_extracted_pending_domain_review
WDM-ARTIFACT-454ad031c511	artifact	S024 Mack-Reads-for-Pattern	canon/canonical_story_tree/all_25_books_latest_full_cycle.txt|canon/canonical_story_tree/books/Book_02_The_Diary_And_The_Blue_Light/book_content.txt	diary	timeline|relationships|scenes|quests|world	implemented_reference_map	reference_extracted_pending_domain_review
WDM-ARTIFACT-c030b5bd48c9	artifact	The guardian tracks implication as	canon/canonical_story_tree/all_25_books_latest_full_cycle.txt|canon/canonical_story_tree/books/Book_02_The_Diary_And_The_Blue_Light/book_content.txt	blue light|diary	timeline|relationships|scenes|quests|world	implemented_reference_map	reference_extracted_pending_domain_review
WDM-ARTIFACT-343b2aa7da03	artifact	much as literal content	canon/canonical_story_tree/all_25_books_latest_full_cycle.txt|canon/canonical_story_tree/books/Book_02_The_Diary_And_The_Blue_Light/book_content.txt	blue light|diary	timeline|relationships|scenes|quests|world	implemented_reference_map	reference_extracted_pending_domain_review
WDM-ARTIFACT-68949c7990e8	artifact	S025 Rylos Vayne Johnson-Reads-the-Readers	canon/canonical_story_tree/all_25_books_latest_full_cycle.txt|canon/canonical_story_tree/books/Book_02_The_Diary_And_The_Blue_Light/book_content.txt	diary	timeline|relationships|scenes|quests|world	implemented_reference_map	reference_extracted_pending_domain_review
WDM-ARTIFACT-4ebda8fd77bc	artifact	He studies what the diary	canon/canonical_story_tree/all_25_books_latest_full_cycle.txt|canon/canonical_story_tree/books/Book_02_The_Diary_And_The_Blue_Light/book_content.txt	blue light|diary	timeline|relationships|scenes|quests|world	implemented_reference_map	reference_extracted_pending_domain_review
WDM-ARTIFACT-b25c5cebcd6e	artifact	does to others while trying	canon/canonical_story_tree/all_25_books_latest_full_cycle.txt|canon/canonical_story_tree/books/Book_02_The_Diary_And_The_Blue_Light/book_content.txt	blue light|diary	timeline|relationships|scenes|quests|world	implemented_reference_map	reference_extracted_pending_domain_review
WDM-ARTIFACT-886eb901a208	artifact	to place himself inside the	canon/canonical_story_tree/all_25_books_latest_full_cycle.txt|canon/canonical_story_tree/books/Book_02_The_Diary_And_The_Blue_Light/book_content.txt	blue light|diary	timeline|relationships|scenes|quests|world	implemented_reference_map	reference_extracted_pending_domain_review
WDM-ARTIFACT-75851f87cb4a	artifact	S026 The-Room-Tightens-Around-the-Text	canon/canonical_story_tree/all_25_books_latest_full_cycle.txt|canon/canonical_story_tree/books/Book_02_The_Diary_And_The_Blue_Light/book_content.txt	diary	timeline|relationships|scenes|quests|world	implemented_reference_map	reference_extracted_pending_domain_review
WDM-ARTIFACT-7431a94ac73a	artifact	Reading becomes event	canon/canonical_story_tree/all_25_books_latest_full_cycle.txt|canon/canonical_story_tree/books/Book_02_The_Diary_And_The_Blue_Light/book_content.txt	blue light|diary	timeline|relationships|scenes|quests|world	implemented_reference_map	reference_extracted_pending_domain_review
WDM-ARTIFACT-66a4773d8e5f	artifact	not pastime	canon/canonical_story_tree/all_25_books_latest_full_cycle.txt|canon/canonical_story_tree/books/Book_02_The_Diary_And_The_Blue_Light/book_content.txt	blue light|diary	timeline|relationships|scenes|quests|world	implemented_reference_map	reference_extracted_pending_domain_review
WDM-ARTIFACT-35af14ddaefd	artifact	S027 The-Diary-Links-Past-and-Future	canon/canonical_story_tree/all_25_books_latest_full_cycle.txt|canon/canonical_story_tree/books/Book_02_The_Diary_And_The_Blue_Light/book_content.txt	diary	timeline|relationships|scenes|quests|world	implemented_reference_map	reference_extracted_pending_domain_review
WDM-ARTIFACT-9f1e90363826	artifact	The words begin bridging memory	canon/canonical_story_tree/all_25_books_latest_full_cycle.txt|canon/canonical_story_tree/books/Book_02_The_Diary_And_The_Blue_Light/book_content.txt	blue light|diary	timeline|relationships|scenes|quests|world	implemented_reference_map	reference_extracted_pending_domain_review
WDM-ARTIFACT-a8670cdfb28a	artifact	and destiny	canon/canonical_story_tree/all_25_books_latest_full_cycle.txt|canon/canonical_story_tree/books/Book_02_The_Diary_And_The_Blue_Light/book_content.txt	blue light|diary	timeline|relationships|scenes|quests|world	implemented_reference_map	reference_extracted_pending_domain_review
WDM-ARTIFACT-b11027c8afb5	artifact	S028 Pip-Feels-Called-Deeper-Into-the-Thread	canon/canonical_story_tree/all_25_books_latest_full_cycle.txt|canon/canonical_story_tree/books/Book_02_The_Diary_And_The_Blue_Light/book_content.txt	diary	timeline|relationships|scenes|quests|world	implemented_reference_map	reference_extracted_pending_domain_review
WDM-ARTIFACT-b8cc2ccad37d	artifact	The object intensifies rather than	canon/canonical_story_tree/all_25_books_latest_full_cycle.txt|canon/canonical_story_tree/books/Book_02_The_Diary_And_The_Blue_Light/book_content.txt	blue light|diary	timeline|relationships|scenes|quests|world	implemented_reference_map	reference_extracted_pending_domain_review
WDM-ARTIFACT-a05d55579193	artifact	explains	canon/canonical_story_tree/all_25_books_latest_full_cycle.txt|canon/canonical_story_tree/books/Book_02_The_Diary_And_The_Blue_Light/book_content.txt	blue light|diary	timeline|relationships|scenes|quests|world	implemented_reference_map	reference_extracted_pending_domain_review
WDM-ARTIFACT-7ef4eb0b5093	artifact	S029 Someone-Withholds-Full-Interpretation	canon/canonical_story_tree/all_25_books_latest_full_cycle.txt|canon/canonical_story_tree/books/Book_02_The_Diary_And_The_Blue_Light/book_content.txt	blue light|diary	timeline|relationships|scenes|quests|world	implemented_reference_map	reference_extracted_pending_domain_review
WDM-ARTIFACT-41254a81b784	artifact	Not all meaning is spoken	canon/canonical_story_tree/all_25_books_latest_full_cycle.txt|canon/canonical_story_tree/books/Book_02_The_Diary_And_The_Blue_Light/book_content.txt	blue light|diary	timeline|relationships|scenes|quests|world	implemented_reference_map	reference_extracted_pending_domain_review
WDM-ARTIFACT-0e091ebfbf73	artifact	aloud yet	canon/canonical_story_tree/all_25_books_latest_full_cycle.txt|canon/canonical_story_tree/books/Book_02_The_Diary_And_The_Blue_Light/book_content.txt	blue light|diary	timeline|relationships|scenes|quests|world	implemented_reference_map	reference_extracted_pending_domain_review
WDM-ARTIFACT-5e0b7c1c4b73	artifact	S030 The-Beat-Ends-with-Reading-As-Activation	canon/canonical_story_tree/all_25_books_latest_full_cycle.txt|canon/canonical_story_tree/books/Book_02_The_Diary_And_The_Blue_Light/book_content.txt	blue light|diary	timeline|relationships|scenes|quests|world	implemented_reference_map	reference_extracted_pending_domain_review
WDM-ARTIFACT-884f54a8319c	artifact	The diary has now changed	canon/canonical_story_tree/all_25_books_latest_full_cycle.txt|canon/canonical_story_tree/books/Book_02_The_Diary_And_The_Blue_Light/book_content.txt	blue light|diary	timeline|relationships|scenes|quests|world	implemented_reference_map	reference_extracted_pending_domain_review
WDM-ARTIFACT-77ad86227ebb	artifact	the book's trajectory	canon/canonical_story_tree/all_25_books_latest_full_cycle.txt|canon/canonical_story_tree/books/Book_02_The_Diary_And_The_Blue_Light/book_content.txt	blue light|diary	timeline|relationships|scenes|quests|world	implemented_reference_map	reference_extracted_pending_domain_review
WDM-ARTIFACT-d511de152b6c	artifact	"Blue Light in Daylight
target"	canon/canonical_story_tree/all_25_books_latest_full_cycle.txt|canon/canonical_story_tree/books/Book_02_The_Diary_And_The_Blue_Light/book_content.txt	blue light|diary	timeline|relationships|scenes|quests|world	implemented_reference_map	reference_extracted_pending_domain_review
WDM-ARTIFACT-fb02107d2242	artifact	S031 The-Blue-Light-Returns-in-a-New-Mode	canon/canonical_story_tree/all_25_books_latest_full_cycle.txt|canon/canonical_story_tree/books/Book_02_The_Diary_And_The_Blue_Light/book_content.txt	blue light|diary	timeline|relationships|scenes|quests|world	implemented_reference_map	reference_extracted_pending_domain_review
WDM-ARTIFACT-709fe25e8278	artifact	The symbolic current is now	canon/canonical_story_tree/all_25_books_latest_full_cycle.txt|canon/canonical_story_tree/books/Book_02_The_Diary_And_The_Blue_Light/book_content.txt	blue light|diary	timeline|relationships|scenes|quests|world	implemented_reference_map	reference_extracted_pending_domain_review
WDM-ARTIFACT-704bf3e98c5f	artifact	tied to text	canon/canonical_story_tree/all_25_books_latest_full_cycle.txt|canon/canonical_story_tree/books/Book_02_The_Diary_And_The_Blue_Light/book_content.txt	blue light|diary	timeline|relationships|scenes|quests|world	implemented_reference_map	reference_extracted_pending_domain_review
WDM-ARTIFACT-f990df8053b1	artifact	S035 Sanctuary-Holds-a-Strange-Conversation-as-Normal	canon/canonical_story_tree/all_25_books_latest_full_cycle.txt|canon/canonical_story_tree/books/Book_02_The_Diary_And_The_Blue_Light/book_content.txt	diary	timeline|relationships|scenes|quests|world	implemented_reference_map	reference_extracted_pending_domain_review
WDM-ARTIFACT-cf8455668a8f	artifact	The oasis expands what counts	canon/canonical_story_tree/all_25_books_latest_full_cycle.txt|canon/canonical_story_tree/books/Book_02_The_Diary_And_The_Blue_Light/book_content.txt	blue light|diary	timeline|relationships|scenes|quests|world	implemented_reference_map	reference_extracted_pending_domain_review
WDM-ARTIFACT-66107f76fa6e	artifact	as daily life	canon/canonical_story_tree/all_25_books_latest_full_cycle.txt|canon/canonical_story_tree/books/Book_02_The_Diary_And_The_Blue_Light/book_content.txt	blue light|diary	timeline|relationships|scenes|quests|world	implemented_reference_map	reference_extracted_pending_domain_review
WDM-ARTIFACT-533d80529a61	artifact	S036 Fear-Is-No-Longer-the-Only-Lens	canon/canonical_story_tree/all_25_books_latest_full_cycle.txt|canon/canonical_story_tree/books/Book_02_The_Diary_And_The_Blue_Light/book_content.txt	diary	timeline|relationships|scenes|quests|world	implemented_reference_map	reference_extracted_pending_domain_review
WDM-ARTIFACT-edaf5e61f6d9	artifact	Curiosity and calling grow beside	canon/canonical_story_tree/all_25_books_latest_full_cycle.txt|canon/canonical_story_tree/books/Book_02_The_Diary_And_The_Blue_Light/book_content.txt	blue light|diary	timeline|relationships|scenes|quests|world	implemented_reference_map	reference_extracted_pending_domain_review
WDM-ARTIFACT-f812e5e3bcef	artifact	dread	canon/canonical_story_tree/all_25_books_latest_full_cycle.txt|canon/canonical_story_tree/books/Book_02_The_Diary_And_The_Blue_Light/book_content.txt	blue light|diary	timeline|relationships|scenes|quests|world	implemented_reference_map	reference_extracted_pending_domain_review
WDM-ARTIFACT-678504f061e3	artifact	S037 The-Diary-and-the-Blue-Light-Start-Rhyming	canon/canonical_story_tree/all_25_books_latest_full_cycle.txt|canon/canonical_story_tree/books/Book_02_The_Diary_And_The_Blue_Light/book_content.txt	diary	timeline|relationships|scenes|quests|world	implemented_reference_map	reference_extracted_pending_domain_review
WDM-ARTIFACT-d47c52947975	artifact	The book's two title-forces lock	canon/canonical_story_tree/all_25_books_latest_full_cycle.txt|canon/canonical_story_tree/books/Book_02_The_Diary_And_The_Blue_Light/book_content.txt	blue light|diary	timeline|relationships|scenes|quests|world	implemented_reference_map	reference_extracted_pending_domain_review
WDM-ARTIFACT-4f2d2b21a789	artifact	together	canon/canonical_story_tree/all_25_books_latest_full_cycle.txt|canon/canonical_story_tree/books/Book_02_The_Diary_And_The_Blue_Light/book_content.txt	blue light|diary	timeline|relationships|scenes|quests|world	implemented_reference_map	reference_extracted_pending_domain_review
WDM-ARTIFACT-55142f06acad	artifact	S038 Pip-Realizes-the-Thread-Wants-Language	canon/canonical_story_tree/all_25_books_latest_full_cycle.txt|canon/canonical_story_tree/books/Book_02_The_Diary_And_The_Blue_Light/book_content.txt	diary	timeline|relationships|scenes|quests|world	implemented_reference_map	reference_extracted_pending_domain_review
WDM-ARTIFACT-b125f779f66a	artifact	Silence is no longer enough	canon/canonical_story_tree/all_25_books_latest_full_cycle.txt|canon/canonical_story_tree/books/Book_02_The_Diary_And_The_Blue_Light/book_content.txt	blue light|diary	timeline|relationships|scenes|quests|world	implemented_reference_map	reference_extracted_pending_domain_review
WDM-ARTIFACT-e90b389e26aa	artifact	S039 What-Is-Read-Begins-Changing-Choice	canon/canonical_story_tree/all_25_books_latest_full_cycle.txt|canon/canonical_story_tree/books/Book_02_The_Diary_And_The_Blue_Light/book_content.txt	diary	timeline|relationships|scenes|quests|world	implemented_reference_map	reference_extracted_pending_domain_review
WDM-ARTIFACT-a451d6b11387	artifact	S040 The-Beat-Ends-with-Daylight-Prophecy-Legible	canon/canonical_story_tree/all_25_books_latest_full_cycle.txt|canon/canonical_story_tree/books/Book_02_The_Diary_And_The_Blue_Light/book_content.txt	diary	timeline|relationships|scenes|quests|world	implemented_reference_map	reference_extracted_pending_domain_review
WDM-ARTIFACT-6e33e4b149a9	artifact	The supernatural current has entered	canon/canonical_story_tree/all_25_books_latest_full_cycle.txt|canon/canonical_story_tree/books/Book_02_The_Diary_And_The_Blue_Light/book_content.txt	blue light|diary	timeline|relationships|scenes|quests|world	implemented_reference_map	reference_extracted_pending_domain_review
WDM-ARTIFACT-7e64109e6ad6	artifact	open life	canon/canonical_story_tree/all_25_books_latest_full_cycle.txt|canon/canonical_story_tree/books/Book_02_The_Diary_And_The_Blue_Light/book_content.txt	blue light|diary	timeline|relationships|scenes|quests|world	implemented_reference_map	reference_extracted_pending_domain_review
WDM-ARTIFACT-a6ccf6b17b00	artifact	Rylos Vayne Johnson and the	canon/canonical_story_tree/all_25_books_latest_full_cycle.txt|canon/canonical_story_tree/books/Book_02_The_Diary_And_The_Blue_Light/book_content.txt	diary	timeline|relationships|scenes|quests|world	implemented_reference_map	reference_extracted_pending_domain_review
WDM-ARTIFACT-af09e0063056	artifact	"Written World
target"	canon/canonical_story_tree/all_25_books_latest_full_cycle.txt|canon/canonical_story_tree/books/Book_02_The_Diary_And_The_Blue_Light/book_content.txt	diary	timeline|relationships|scenes|quests|world	implemented_reference_map	reference_extracted_pending_domain_review
WDM-ARTIFACT-9f8ecc6ba77a	artifact	S041 Rylos Vayne Johnson-Engages-the-Diary-Indirectly-or-Directly	canon/canonical_story_tree/all_25_books_latest_full_cycle.txt|canon/canonical_story_tree/books/Book_02_The_Diary_And_The_Blue_Light/book_content.txt	diary	timeline|relationships|scenes|quests|world	implemented_reference_map	reference_extracted_pending_domain_review
WDM-ARTIFACT-923eba87a384	artifact	He moves from outsider to	canon/canonical_story_tree/all_25_books_latest_full_cycle.txt|canon/canonical_story_tree/books/Book_02_The_Diary_And_The_Blue_Light/book_content.txt	blue light|diary	timeline|relationships|scenes|quests|world	implemented_reference_map	reference_extracted_pending_domain_review
WDM-ARTIFACT-8526a199e8aa	artifact	participant in the reading orbit	canon/canonical_story_tree/all_25_books_latest_full_cycle.txt|canon/canonical_story_tree/books/Book_02_The_Diary_And_The_Blue_Light/book_content.txt	blue light|diary	timeline|relationships|scenes|quests|world	implemented_reference_map	reference_extracted_pending_domain_review
WDM-ARTIFACT-1429b9dff697	artifact	S042 His-Relationship-to-Written-Truth-Is-Revealed	canon/canonical_story_tree/all_25_books_latest_full_cycle.txt|canon/canonical_story_tree/books/Book_02_The_Diary_And_The_Blue_Light/book_content.txt	diary	timeline|relationships|scenes|quests|world	implemented_reference_map	reference_extracted_pending_domain_review
WDM-ARTIFACT-9c92115e5488	artifact	The diary touches his history	canon/canonical_story_tree/all_25_books_latest_full_cycle.txt|canon/canonical_story_tree/books/Book_02_The_Diary_And_The_Blue_Light/book_content.txt	blue light|diary	timeline|relationships|scenes|quests|world	implemented_reference_map	reference_extracted_pending_domain_review
WDM-ARTIFACT-589fc7a3ef07	artifact	pride	canon/canonical_story_tree/all_25_books_latest_full_cycle.txt|canon/canonical_story_tree/books/Book_02_The_Diary_And_The_Blue_Light/book_content.txt	blue light|diary	timeline|relationships|scenes|quests|world	implemented_reference_map	reference_extracted_pending_domain_review
WDM-ARTIFACT-6dc6ff77e0a7	artifact	or wounds in	canon/canonical_story_tree/all_25_books_latest_full_cycle.txt|canon/canonical_story_tree/books/Book_02_The_Diary_And_The_Blue_Light/book_content.txt	blue light|diary	timeline|relationships|scenes|quests|world	implemented_reference_map	reference_extracted_pending_domain_review
WDM-ARTIFACT-db5b758ab659	artifact	specific way	canon/canonical_story_tree/all_25_books_latest_full_cycle.txt|canon/canonical_story_tree/books/Book_02_The_Diary_And_The_Blue_Light/book_content.txt	blue light|diary	timeline|relationships|scenes|quests|world	implemented_reference_map	reference_extracted_pending_domain_review
WDM-ARTIFACT-74e2bdb09ef0	artifact	S043 Pip-Wants-the-Text-to-Make-Sense-of-Him	canon/canonical_story_tree/all_25_books_latest_full_cycle.txt|canon/canonical_story_tree/books/Book_02_The_Diary_And_The_Blue_Light/book_content.txt	diary	timeline|relationships|scenes|quests|world	implemented_reference_map	reference_extracted_pending_domain_review
WDM-ARTIFACT-1e86c8b70620	artifact	Protective love shapes how he	canon/canonical_story_tree/all_25_books_latest_full_cycle.txt|canon/canonical_story_tree/books/Book_02_The_Diary_And_The_Blue_Light/book_content.txt	blue light|diary	timeline|relationships|scenes|quests|world	implemented_reference_map	reference_extracted_pending_domain_review
WDM-ARTIFACT-25cd130cdc0d	artifact	wants Rylos Vayne Johnson held	canon/canonical_story_tree/all_25_books_latest_full_cycle.txt|canon/canonical_story_tree/books/Book_02_The_Diary_And_The_Blue_Light/book_content.txt	blue light|diary	timeline|relationships|scenes|quests|world	implemented_reference_map	reference_extracted_pending_domain_review
WDM-ARTIFACT-1ca2fca8cd2b	artifact	by meaning	canon/canonical_story_tree/all_25_books_latest_full_cycle.txt|canon/canonical_story_tree/books/Book_02_The_Diary_And_The_Blue_Light/book_content.txt	blue light|diary	timeline|relationships|scenes|quests|world	implemented_reference_map	reference_extracted_pending_domain_review
WDM-ARTIFACT-ed5d10bb1fc7	artifact	S044 Mack-Refuses-to-Flatten-Him-into-Symbol	canon/canonical_story_tree/all_25_books_latest_full_cycle.txt|canon/canonical_story_tree/books/Book_02_The_Diary_And_The_Blue_Light/book_content.txt	diary	timeline|relationships|scenes|quests|world	implemented_reference_map	reference_extracted_pending_domain_review
WDM-ARTIFACT-f2634e027b39	artifact	The guardian keeps the boy	canon/canonical_story_tree/all_25_books_latest_full_cycle.txt|canon/canonical_story_tree/books/Book_02_The_Diary_And_The_Blue_Light/book_content.txt	blue light|diary	timeline|relationships|scenes|quests|world	implemented_reference_map	reference_extracted_pending_domain_review
WDM-ARTIFACT-5f54830b314a	artifact	from becoming only	canon/canonical_story_tree/all_25_books_latest_full_cycle.txt|canon/canonical_story_tree/books/Book_02_The_Diary_And_The_Blue_Light/book_content.txt	blue light|diary	timeline|relationships|scenes|quests|world	implemented_reference_map	reference_extracted_pending_domain_review
WDM-ARTIFACT-3c6296720c29	artifact	sign	canon/canonical_story_tree/all_25_books_latest_full_cycle.txt|canon/canonical_story_tree/books/Book_02_The_Diary_And_The_Blue_Light/book_content.txt	blue light|diary	timeline|relationships|scenes|quests|world	implemented_reference_map	reference_extracted_pending_domain_review
WDM-ARTIFACT-8f425c356f48	artifact	S045 The-Diary-Creates-New-Intimacy	canon/canonical_story_tree/all_25_books_latest_full_cycle.txt|canon/canonical_story_tree/books/Book_02_The_Diary_And_The_Blue_Light/book_content.txt	diary	timeline|relationships|scenes|quests|world	implemented_reference_map	reference_extracted_pending_domain_review
WDM-ARTIFACT-f8a603b8c706	artifact	Shared reading alters the bond	canon/canonical_story_tree/all_25_books_latest_full_cycle.txt|canon/canonical_story_tree/books/Book_02_The_Diary_And_The_Blue_Light/book_content.txt	blue light|diary	timeline|relationships|scenes|quests|world	implemented_reference_map	reference_extracted_pending_domain_review
WDM-ARTIFACT-eb9ad3378734	artifact	between Pip and Rylos Vayne	canon/canonical_story_tree/all_25_books_latest_full_cycle.txt|canon/canonical_story_tree/books/Book_02_The_Diary_And_The_Blue_Light/book_content.txt	blue light|diary	timeline|relationships|scenes|quests|world	implemented_reference_map	reference_extracted_pending_domain_review
WDM-ARTIFACT-3d0cd5d31d0a	artifact	Johnson	canon/canonical_story_tree/all_25_books_latest_full_cycle.txt|canon/canonical_story_tree/books/Book_02_The_Diary_And_The_Blue_Light/book_content.txt	blue light|diary	timeline|relationships|scenes|quests|world	implemented_reference_map	reference_extracted_pending_domain_review
WDM-ARTIFACT-408dfeda1d63	artifact	S046 Humor-Breaks-the-Tension-at-the-Right-Moment	canon/canonical_story_tree/all_25_books_latest_full_cycle.txt|canon/canonical_story_tree/books/Book_02_The_Diary_And_The_Blue_Light/book_content.txt	diary	timeline|relationships|scenes|quests|world	implemented_reference_map	reference_extracted_pending_domain_review
WDM-ARTIFACT-eb833a811813	artifact	Wit keeps revelation human	canon/canonical_story_tree/all_25_books_latest_full_cycle.txt|canon/canonical_story_tree/books/Book_02_The_Diary_And_The_Blue_Light/book_content.txt	blue light|diary	timeline|relationships|scenes|quests|world	implemented_reference_map	reference_extracted_pending_domain_review
WDM-ARTIFACT-1f90b92e0572	artifact	S047 The-Text-Pulls-Rylos Vayne Johnson-Closer-to-Future-Weight	canon/canonical_story_tree/all_25_books_latest_full_cycle.txt|canon/canonical_story_tree/books/Book_02_The_Diary_And_The_Blue_Light/book_content.txt	diary	timeline|relationships|scenes|quests|world	implemented_reference_map	reference_extracted_pending_domain_review
WDM-ARTIFACT-6341823e70a7	artifact	He becomes harder to imagine	canon/canonical_story_tree/all_25_books_latest_full_cycle.txt|canon/canonical_story_tree/books/Book_02_The_Diary_And_The_Blue_Light/book_content.txt	blue light|diary	timeline|relationships|scenes|quests|world	implemented_reference_map	reference_extracted_pending_domain_review
WDM-ARTIFACT-c7433a58571b	artifact	as outside the prophecy	canon/canonical_story_tree/all_25_books_latest_full_cycle.txt|canon/canonical_story_tree/books/Book_02_The_Diary_And_The_Blue_Light/book_content.txt	blue light|diary	timeline|relationships|scenes|quests|world	implemented_reference_map	reference_extracted_pending_domain_review
WDM-ARTIFACT-2a51cbac1fec	artifact	S048 Pip-Feels-the-Risk-of-Knowing-More	canon/canonical_story_tree/all_25_books_latest_full_cycle.txt|canon/canonical_story_tree/books/Book_02_The_Diary_And_The_Blue_Light/book_content.txt	diary	timeline|relationships|scenes|quests|world	implemented_reference_map	reference_extracted_pending_domain_review
WDM-ARTIFACT-599d16adfb9e	artifact	Deeper understanding now threatens innocence	canon/canonical_story_tree/all_25_books_latest_full_cycle.txt|canon/canonical_story_tree/books/Book_02_The_Diary_And_The_Blue_Light/book_content.txt	blue light|diary	timeline|relationships|scenes|quests|world	implemented_reference_map	reference_extracted_pending_domain_review
WDM-ARTIFACT-0bf8bed95b91	artifact	and calm	canon/canonical_story_tree/all_25_books_latest_full_cycle.txt|canon/canonical_story_tree/books/Book_02_The_Diary_And_The_Blue_Light/book_content.txt	blue light|diary	timeline|relationships|scenes|quests|world	implemented_reference_map	reference_extracted_pending_domain_review
WDM-ARTIFACT-b8fc8976a0b5	artifact	S049 The-Diary-Reads-Back-At-Them	canon/canonical_story_tree/all_25_books_latest_full_cycle.txt|canon/canonical_story_tree/books/Book_02_The_Diary_And_The_Blue_Light/book_content.txt	diary	timeline|relationships|scenes|quests|world	implemented_reference_map	reference_extracted_pending_domain_review
WDM-ARTIFACT-3bfb3b311a50	artifact	The scene implies that reading	canon/canonical_story_tree/all_25_books_latest_full_cycle.txt|canon/canonical_story_tree/books/Book_02_The_Diary_And_The_Blue_Light/book_content.txt	blue light|diary	timeline|relationships|scenes|quests|world	implemented_reference_map	reference_extracted_pending_domain_review
WDM-ARTIFACT-b3a1f152948f	artifact	is mutual in	canon/canonical_story_tree/all_25_books_latest_full_cycle.txt|canon/canonical_story_tree/books/Book_02_The_Diary_And_The_Blue_Light/book_content.txt	blue light|diary	timeline|relationships|scenes|quests|world	implemented_reference_map	reference_extracted_pending_domain_review
WDM-ARTIFACT-52a1b83c7e77	artifact	symbolic sense	canon/canonical_story_tree/all_25_books_latest_full_cycle.txt|canon/canonical_story_tree/books/Book_02_The_Diary_And_The_Blue_Light/book_content.txt	blue light|diary	timeline|relationships|scenes|quests|world	implemented_reference_map	reference_extracted_pending_domain_review
WDM-ARTIFACT-29ca810479c9	artifact	S050 The-Beat-Ends-with-Rylos Vayne Johnson-Entangled-in-Written-Fate	canon/canonical_story_tree/all_25_books_latest_full_cycle.txt|canon/canonical_story_tree/books/Book_02_The_Diary_And_The_Blue_Light/book_content.txt	diary	timeline|relationships|scenes|quests|world	implemented_reference_map	reference_extracted_pending_domain_review
WDM-ARTIFACT-7361e2f9789a	artifact	He is now inside the	canon/canonical_story_tree/all_25_books_latest_full_cycle.txt|canon/canonical_story_tree/books/Book_02_The_Diary_And_The_Blue_Light/book_content.txt	blue light|diary	timeline|relationships|scenes|quests|world	implemented_reference_map	reference_extracted_pending_domain_review
WDM-ARTIFACT-ae00164a10ac	artifact	S053 Pip-Fails-and-Succeeds-at-Acting-Normal	canon/canonical_story_tree/all_25_books_latest_full_cycle.txt|canon/canonical_story_tree/books/Book_02_The_Diary_And_The_Blue_Light/book_content.txt	diary	timeline|relationships|scenes|quests|world	implemented_reference_map	reference_extracted_pending_domain_review
WDM-ARTIFACT-95472a4d88c6	artifact	He keeps slipping between daily	canon/canonical_story_tree/all_25_books_latest_full_cycle.txt|canon/canonical_story_tree/books/Book_02_The_Diary_And_The_Blue_Light/book_content.txt	blue light|diary	timeline|relationships|scenes|quests|world	implemented_reference_map	reference_extracted_pending_domain_review
WDM-ARTIFACT-ccb9b07e6a4c	artifact	care and future dread	canon/canonical_story_tree/all_25_books_latest_full_cycle.txt|canon/canonical_story_tree/books/Book_02_The_Diary_And_The_Blue_Light/book_content.txt	blue light|diary	timeline|relationships|scenes|quests|world	implemented_reference_map	reference_extracted_pending_domain_review
WDM-ARTIFACT-0b4d0fb1e249	artifact	S054 Rylos Vayne Johnson-Learns-the-Household-Through-Small-Acts	canon/canonical_story_tree/all_25_books_latest_full_cycle.txt|canon/canonical_story_tree/books/Book_02_The_Diary_And_The_Blue_Light/book_content.txt	diary	timeline|relationships|scenes|quests|world	implemented_reference_map	reference_extracted_pending_domain_review
WDM-ARTIFACT-988b530f1c41	artifact	Belonging grows through detail	canon/canonical_story_tree/all_25_books_latest_full_cycle.txt|canon/canonical_story_tree/books/Book_02_The_Diary_And_The_Blue_Light/book_content.txt	blue light|diary	timeline|relationships|scenes|quests|world	implemented_reference_map	reference_extracted_pending_domain_review
WDM-ARTIFACT-9686b6a9d00a	artifact	S055 The-Diary-Waits-Even-When-Closed	canon/canonical_story_tree/all_25_books_latest_full_cycle.txt|canon/canonical_story_tree/books/Book_02_The_Diary_And_The_Blue_Light/book_content.txt	diary	timeline|relationships|scenes|quests|world	implemented_reference_map	reference_extracted_pending_domain_review
WDM-ARTIFACT-63fc3bbdcf0c	artifact	Its influence remains active offstage	canon/canonical_story_tree/all_25_books_latest_full_cycle.txt|canon/canonical_story_tree/books/Book_02_The_Diary_And_The_Blue_Light/book_content.txt	blue light|diary	timeline|relationships|scenes|quests|world	implemented_reference_map	reference_extracted_pending_domain_review
WDM-ARTIFACT-2c81ad61ae1c	artifact	S056 Sanctuary-Feels-More-Precious-Because-It-Is-Temporary	canon/canonical_story_tree/all_25_books_latest_full_cycle.txt|canon/canonical_story_tree/books/Book_02_The_Diary_And_The_Blue_Light/book_content.txt	diary	timeline|relationships|scenes|quests|world	implemented_reference_map	reference_extracted_pending_domain_review
WDM-ARTIFACT-be5f054b44dd	artifact	Home's value sharpens under threat	canon/canonical_story_tree/all_25_books_latest_full_cycle.txt|canon/canonical_story_tree/books/Book_02_The_Diary_And_The_Blue_Light/book_content.txt	blue light|diary	timeline|relationships|scenes|quests|world	implemented_reference_map	reference_extracted_pending_domain_review
WDM-ARTIFACT-ecf4f998a677	artifact	S057 Pairhood-Deepens-in-Unremarkable-Minutes	canon/canonical_story_tree/all_25_books_latest_full_cycle.txt|canon/canonical_story_tree/books/Book_02_The_Diary_And_The_Blue_Light/book_content.txt	diary	timeline|relationships|scenes|quests|world	implemented_reference_map	reference_extracted_pending_domain_review
WDM-ARTIFACT-a97848f23c10	artifact	S063 Pip-Starts-Seeing-Home-as-Made-Structure-Not-Accident	canon/canonical_story_tree/all_25_books_latest_full_cycle.txt|canon/canonical_story_tree/books/Book_02_The_Diary_And_The_Blue_Light/book_content.txt	diary	timeline|relationships|scenes|quests|world	implemented_reference_map	reference_extracted_pending_domain_review
WDM-ARTIFACT-1e7c31fa3cb5	artifact	Sanctuary has design and law	canon/canonical_story_tree/all_25_books_latest_full_cycle.txt|canon/canonical_story_tree/books/Book_02_The_Diary_And_The_Blue_Light/book_content.txt	blue light|diary	timeline|relationships|scenes|quests|world	implemented_reference_map	reference_extracted_pending_domain_review
WDM-ARTIFACT-112844131b35	artifact	S064 Rylos Vayne Johnson-Reads-Protection-and-Concealment-Together	canon/canonical_story_tree/all_25_books_latest_full_cycle.txt|canon/canonical_story_tree/books/Book_02_The_Diary_And_The_Blue_Light/book_content.txt	diary	timeline|relationships|scenes|quests|world	implemented_reference_map	reference_extracted_pending_domain_review
WDM-ARTIFACT-16e8699496f0	artifact	He recognizes both kindness and	canon/canonical_story_tree/all_25_books_latest_full_cycle.txt|canon/canonical_story_tree/books/Book_02_The_Diary_And_The_Blue_Light/book_content.txt	blue light|diary	timeline|relationships|scenes|quests|world	implemented_reference_map	reference_extracted_pending_domain_review
WDM-ARTIFACT-a33900cf646a	artifact	guardedness	canon/canonical_story_tree/all_25_books_latest_full_cycle.txt|canon/canonical_story_tree/books/Book_02_The_Diary_And_The_Blue_Light/book_content.txt	blue light|diary	timeline|relationships|scenes|quests|world	implemented_reference_map	reference_extracted_pending_domain_review
WDM-ARTIFACT-20cc357fba6b	artifact	S065 The-Diary-Points-Toward-What-the-House-Is-Hiding	canon/canonical_story_tree/all_25_books_latest_full_cycle.txt|canon/canonical_story_tree/books/Book_02_The_Diary_And_The_Blue_Light/book_content.txt	diary	timeline|relationships|scenes|quests|world	implemented_reference_map	reference_extracted_pending_domain_review
WDM-ARTIFACT-de91e73e77e7	artifact	Text and place begin answering	canon/canonical_story_tree/all_25_books_latest_full_cycle.txt|canon/canonical_story_tree/books/Book_02_The_Diary_And_The_Blue_Light/book_content.txt	blue light|diary	timeline|relationships|scenes|quests|world	implemented_reference_map	reference_extracted_pending_domain_review
WDM-ARTIFACT-b69db3d1d434	artifact	each other	canon/canonical_story_tree/all_25_books_latest_full_cycle.txt|canon/canonical_story_tree/books/Book_02_The_Diary_And_The_Blue_Light/book_content.txt	blue light|diary	timeline|relationships|scenes|quests|world	implemented_reference_map	reference_extracted_pending_domain_review
WDM-ARTIFACT-af82b160a016	artifact	S066 Some-Room-Object-or-Memory-Surface-Responds	canon/canonical_story_tree/all_25_books_latest_full_cycle.txt|canon/canonical_story_tree/books/Book_02_The_Diary_And_The_Blue_Light/book_content.txt	diary	timeline|relationships|scenes|quests|world	implemented_reference_map	reference_extracted_pending_domain_review
WDM-ARTIFACT-8598a36ed981	artifact	The environment itself joins the	canon/canonical_story_tree/all_25_books_latest_full_cycle.txt|canon/canonical_story_tree/books/Book_02_The_Diary_And_The_Blue_Light/book_content.txt	blue light|diary	timeline|relationships|scenes|quests|world	implemented_reference_map	reference_extracted_pending_domain_review
WDM-ARTIFACT-4fe681807a86	artifact	mystery	canon/canonical_story_tree/all_25_books_latest_full_cycle.txt|canon/canonical_story_tree/books/Book_02_The_Diary_And_The_Blue_Light/book_content.txt	blue light|diary	timeline|relationships|scenes|quests|world	implemented_reference_map	reference_extracted_pending_domain_review
WDM-ARTIFACT-b4308b08f088	artifact	S070 The-Beat-Ends-with-the-House-As-Active-Memory	canon/canonical_story_tree/all_25_books_latest_full_cycle.txt|canon/canonical_story_tree/books/Book_02_The_Diary_And_The_Blue_Light/book_content.txt	diary	timeline|relationships|scenes|quests|world	implemented_reference_map	reference_extracted_pending_domain_review
WDM-ARTIFACT-b60c9f9a8184	artifact	Home is now part archive	canon/canonical_story_tree/all_25_books_latest_full_cycle.txt|canon/canonical_story_tree/books/Book_02_The_Diary_And_The_Blue_Light/book_content.txt	blue light|diary	timeline|relationships|scenes|quests|world	implemented_reference_map	reference_extracted_pending_domain_review
WDM-ARTIFACT-d069577194e9	artifact	part guardian	canon/canonical_story_tree/all_25_books_latest_full_cycle.txt|canon/canonical_story_tree/books/Book_02_The_Diary_And_The_Blue_Light/book_content.txt	blue light|diary	timeline|relationships|scenes|quests|world	implemented_reference_map	reference_extracted_pending_domain_review
WDM-ARTIFACT-276fbb13da48	artifact	part test	canon/canonical_story_tree/all_25_books_latest_full_cycle.txt|canon/canonical_story_tree/books/Book_02_The_Diary_And_The_Blue_Light/book_content.txt	blue light|diary	timeline|relationships|scenes|quests|world	implemented_reference_map	reference_extracted_pending_domain_review
WDM-ARTIFACT-26c8cc844b5f	artifact	The Wound and the Word	canon/canonical_story_tree/all_25_books_latest_full_cycle.txt|canon/canonical_story_tree/books/Book_02_The_Diary_And_The_Blue_Light/book_content.txt	diary	timeline|relationships|scenes|quests|world	implemented_reference_map	reference_extracted_pending_domain_review
WDM-ARTIFACT-fb757d221a12	artifact	S071 Rylos-Physical-Recovery-and-Diary-Reading-Start-Rhyming	canon/canonical_story_tree/all_25_books_latest_full_cycle.txt|canon/canonical_story_tree/books/Book_02_The_Diary_And_The_Blue_Light/book_content.txt	diary	timeline|relationships|scenes|quests|world	implemented_reference_map	reference_extracted_pending_domain_review
WDM-ARTIFACT-f2c12ceabb31	artifact	Healing body and growing knowledge	canon/canonical_story_tree/all_25_books_latest_full_cycle.txt|canon/canonical_story_tree/books/Book_02_The_Diary_And_The_Blue_Light/book_content.txt	blue light|diary	timeline|relationships|scenes|quests|world	implemented_reference_map	reference_extracted_pending_domain_review
WDM-ARTIFACT-156cf73340f6	artifact	move together	canon/canonical_story_tree/all_25_books_latest_full_cycle.txt|canon/canonical_story_tree/books/Book_02_The_Diary_And_The_Blue_Light/book_content.txt	blue light|diary	timeline|relationships|scenes|quests|world	implemented_reference_map	reference_extracted_pending_domain_review
WDM-ARTIFACT-5e6dde79736d	artifact	S072 Pip-Learns-That-Care-Is-Interpretation	canon/canonical_story_tree/all_25_books_latest_full_cycle.txt|canon/canonical_story_tree/books/Book_02_The_Diary_And_The_Blue_Light/book_content.txt	diary	timeline|relationships|scenes|quests|world	implemented_reference_map	reference_extracted_pending_domain_review
WDM-ARTIFACT-dc56b362981d	artifact	How he tends Rylos Vayne	canon/canonical_story_tree/all_25_books_latest_full_cycle.txt|canon/canonical_story_tree/books/Book_02_The_Diary_And_The_Blue_Light/book_content.txt	blue light|diary	timeline|relationships|scenes|quests|world	implemented_reference_map	reference_extracted_pending_domain_review
WDM-ARTIFACT-d4cefea47057	artifact	Johnson changes how he reads	canon/canonical_story_tree/all_25_books_latest_full_cycle.txt|canon/canonical_story_tree/books/Book_02_The_Diary_And_The_Blue_Light/book_content.txt	blue light|diary	timeline|relationships|scenes|quests|world	implemented_reference_map	reference_extracted_pending_domain_review
WDM-ARTIFACT-44459b1e207b	artifact	the book around them	canon/canonical_story_tree/all_25_books_latest_full_cycle.txt|canon/canonical_story_tree/books/Book_02_The_Diary_And_The_Blue_Light/book_content.txt	blue light|diary	timeline|relationships|scenes|quests|world	implemented_reference_map	reference_extracted_pending_domain_review
WDM-ARTIFACT-58f9d0fe2c2c	artifact	S073 Mack-Binds-Healing-to-Discipline	canon/canonical_story_tree/all_25_books_latest_full_cycle.txt|canon/canonical_story_tree/books/Book_02_The_Diary_And_The_Blue_Light/book_content.txt	diary	timeline|relationships|scenes|quests|world	implemented_reference_map	reference_extracted_pending_domain_review
WDM-ARTIFACT-bb1da145bd97	artifact	Recovery remains practical	canon/canonical_story_tree/all_25_books_latest_full_cycle.txt|canon/canonical_story_tree/books/Book_02_The_Diary_And_The_Blue_Light/book_content.txt	blue light|diary	timeline|relationships|scenes|quests|world	implemented_reference_map	reference_extracted_pending_domain_review
WDM-ARTIFACT-b0de86d3ed8e	artifact	not sentimental	canon/canonical_story_tree/all_25_books_latest_full_cycle.txt|canon/canonical_story_tree/books/Book_02_The_Diary_And_The_Blue_Light/book_content.txt	blue light|diary	timeline|relationships|scenes|quests|world	implemented_reference_map	reference_extracted_pending_domain_review
WDM-ARTIFACT-bdb10ff7b927	artifact	S074 The-Diary-Opens-an-Old-Scar-of-Some-Kind	canon/canonical_story_tree/all_25_books_latest_full_cycle.txt|canon/canonical_story_tree/books/Book_02_The_Diary_And_The_Blue_Light/book_content.txt	diary	timeline|relationships|scenes|quests|world	implemented_reference_map	reference_extracted_pending_domain_review
WDM-ARTIFACT-41dd445b1dc2	artifact	Written truth touches pain that	canon/canonical_story_tree/all_25_books_latest_full_cycle.txt|canon/canonical_story_tree/books/Book_02_The_Diary_And_The_Blue_Light/book_content.txt	blue light|diary	timeline|relationships|scenes|quests|world	implemented_reference_map	reference_extracted_pending_domain_review
WDM-ARTIFACT-056f1a9ec39d	artifact	was not purely physical	canon/canonical_story_tree/all_25_books_latest_full_cycle.txt|canon/canonical_story_tree/books/Book_02_The_Diary_And_The_Blue_Light/book_content.txt	blue light|diary	timeline|relationships|scenes|quests|world	implemented_reference_map	reference_extracted_pending_domain_review
WDM-ARTIFACT-b863809efd05	artifact	S075 Rylos Vayne Johnson-Chooses-Not-to-Hide-One-Part-of-Himself	canon/canonical_story_tree/all_25_books_latest_full_cycle.txt|canon/canonical_story_tree/books/Book_02_The_Diary_And_The_Blue_Light/book_content.txt	diary	timeline|relationships|scenes|quests|world	implemented_reference_map	reference_extracted_pending_domain_review
WDM-ARTIFACT-250129b17482	artifact	controlled disclosure deepens trust	canon/canonical_story_tree/all_25_books_latest_full_cycle.txt|canon/canonical_story_tree/books/Book_02_The_Diary_And_The_Blue_Light/book_content.txt	blue light|diary	timeline|relationships|scenes|quests|world	implemented_reference_map	reference_extracted_pending_domain_review
WDM-ARTIFACT-7d4d12cc570e	artifact	S080 The-Beat-Ends-with-Recovery-and-Meaning-Braided	canon/canonical_story_tree/all_25_books_latest_full_cycle.txt|canon/canonical_story_tree/books/Book_02_The_Diary_And_The_Blue_Light/book_content.txt	diary	timeline|relationships|scenes|quests|world	implemented_reference_map	reference_extracted_pending_domain_review
WDM-ARTIFACT-9fd04bf2e0ea	artifact	Body and destiny are now	canon/canonical_story_tree/all_25_books_latest_full_cycle.txt|canon/canonical_story_tree/books/Book_02_The_Diary_And_The_Blue_Light/book_content.txt	blue light|diary	timeline|relationships|scenes|quests|world	implemented_reference_map	reference_extracted_pending_domain_review
WDM-ARTIFACT-12ae360ebf5a	artifact	moving together	canon/canonical_story_tree/all_25_books_latest_full_cycle.txt|canon/canonical_story_tree/books/Book_02_The_Diary_And_The_Blue_Light/book_content.txt	blue light|diary	timeline|relationships|scenes|quests|world	implemented_reference_map	reference_extracted_pending_domain_review
WDM-ARTIFACT-a6b4fb9ef047	artifact	The World Beyond the Pages	canon/canonical_story_tree/all_25_books_latest_full_cycle.txt|canon/canonical_story_tree/books/Book_02_The_Diary_And_The_Blue_Light/book_content.txt	diary	timeline|relationships|scenes|quests|world	implemented_reference_map	reference_extracted_pending_domain_review
WDM-ARTIFACT-73aa0c75ed6b	artifact	S081 Reading-Spills-Outward	canon/canonical_story_tree/all_25_books_latest_full_cycle.txt|canon/canonical_story_tree/books/Book_02_The_Diary_And_The_Blue_Light/book_content.txt	diary	timeline|relationships|scenes|quests|world	implemented_reference_map	reference_extracted_pending_domain_review
WDM-ARTIFACT-2e2011dc3034	artifact	The diary starts changing what	canon/canonical_story_tree/all_25_books_latest_full_cycle.txt|canon/canonical_story_tree/books/Book_02_The_Diary_And_The_Blue_Light/book_content.txt	blue light|diary	timeline|relationships|scenes|quests|world	implemented_reference_map	reference_extracted_pending_domain_review
WDM-ARTIFACT-a41086c4d2f6	artifact	matters outside itself	canon/canonical_story_tree/all_25_books_latest_full_cycle.txt|canon/canonical_story_tree/books/Book_02_The_Diary_And_The_Blue_Light/book_content.txt	blue light|diary	timeline|relationships|scenes|quests|world	implemented_reference_map	reference_extracted_pending_domain_review
WDM-ARTIFACT-a6e51cdb5e08	artifact	S082 Pip-Connects-Text-to-Larger-Conflict	canon/canonical_story_tree/all_25_books_latest_full_cycle.txt|canon/canonical_story_tree/books/Book_02_The_Diary_And_The_Blue_Light/book_content.txt	diary	timeline|relationships|scenes|quests|world	implemented_reference_map	reference_extracted_pending_domain_review
WDM-ARTIFACT-1d4bb0329e9e	artifact	He begins to see world-shape	canon/canonical_story_tree/all_25_books_latest_full_cycle.txt|canon/canonical_story_tree/books/Book_02_The_Diary_And_The_Blue_Light/book_content.txt	blue light|diary	timeline|relationships|scenes|quests|world	implemented_reference_map	reference_extracted_pending_domain_review
WDM-ARTIFACT-9a44027ff2fb	artifact	in what he reads	canon/canonical_story_tree/all_25_books_latest_full_cycle.txt|canon/canonical_story_tree/books/Book_02_The_Diary_And_The_Blue_Light/book_content.txt	blue light|diary	timeline|relationships|scenes|quests|world	implemented_reference_map	reference_extracted_pending_domain_review
WDM-ARTIFACT-ed2abec0f8d9	artifact	S083 Mack-Confirms-That-Books-Can-Be-Maps	canon/canonical_story_tree/all_25_books_latest_full_cycle.txt|canon/canonical_story_tree/books/Book_02_The_Diary_And_The_Blue_Light/book_content.txt	diary	timeline|relationships|scenes|quests|world	implemented_reference_map	reference_extracted_pending_domain_review
WDM-ARTIFACT-43e7ff966680	artifact	S084 Rylos Vayne Johnson-Feels-the-Pages-Reaching-Toward-His-Past	canon/canonical_story_tree/all_25_books_latest_full_cycle.txt|canon/canonical_story_tree/books/Book_02_The_Diary_And_The_Blue_Light/book_content.txt	diary	timeline|relationships|scenes|quests|world	implemented_reference_map	reference_extracted_pending_domain_review
WDM-ARTIFACT-e4b0cc1a2876	artifact	Personal and global arcs begin	canon/canonical_story_tree/all_25_books_latest_full_cycle.txt|canon/canonical_story_tree/books/Book_02_The_Diary_And_The_Blue_Light/book_content.txt	blue light|diary	timeline|relationships|scenes|quests|world	implemented_reference_map	reference_extracted_pending_domain_review
WDM-ARTIFACT-8136351ec667	artifact	colliding	canon/canonical_story_tree/all_25_books_latest_full_cycle.txt|canon/canonical_story_tree/books/Book_02_The_Diary_And_The_Blue_Light/book_content.txt	blue light|diary	timeline|relationships|scenes|quests|world	implemented_reference_map	reference_extracted_pending_domain_review
WDM-ARTIFACT-b5ff207ab924	artifact	S085 Sanctuary-No-Longer-Feels-Isolated-from-History	canon/canonical_story_tree/all_25_books_latest_full_cycle.txt|canon/canonical_story_tree/books/Book_02_The_Diary_And_The_Blue_Light/book_content.txt	diary	timeline|relationships|scenes|quests|world	implemented_reference_map	reference_extracted_pending_domain_review
WDM-ARTIFACT-a17d14336b8d	artifact	The house sits inside broader	canon/canonical_story_tree/all_25_books_latest_full_cycle.txt|canon/canonical_story_tree/books/Book_02_The_Diary_And_The_Blue_Light/book_content.txt	blue light|diary	timeline|relationships|scenes|quests|world	implemented_reference_map	reference_extracted_pending_domain_review
WDM-ARTIFACT-70bcba80223b	artifact	events	canon/canonical_story_tree/all_25_books_latest_full_cycle.txt|canon/canonical_story_tree/books/Book_02_The_Diary_And_The_Blue_Light/book_content.txt	blue light|diary	timeline|relationships|scenes|quests|world	implemented_reference_map	reference_extracted_pending_domain_review
WDM-ARTIFACT-0b3d85e6fca3	artifact	S086 The-Diary-Demands-a-Response-Not-Just-A-Reaction	canon/canonical_story_tree/all_25_books_latest_full_cycle.txt|canon/canonical_story_tree/books/Book_02_The_Diary_And_The_Blue_Light/book_content.txt	diary	timeline|relationships|scenes|quests|world	implemented_reference_map	reference_extracted_pending_domain_review
WDM-ARTIFACT-43f6f58e65e3	artifact	Passive reading is no longer	canon/canonical_story_tree/all_25_books_latest_full_cycle.txt|canon/canonical_story_tree/books/Book_02_The_Diary_And_The_Blue_Light/book_content.txt	blue light|diary	timeline|relationships|scenes|quests|world	implemented_reference_map	reference_extracted_pending_domain_review
WDM-ARTIFACT-f3083630cbb2	artifact	enough	canon/canonical_story_tree/all_25_books_latest_full_cycle.txt|canon/canonical_story_tree/books/Book_02_The_Diary_And_The_Blue_Light/book_content.txt	blue light|diary	timeline|relationships|scenes|quests|world	implemented_reference_map	reference_extracted_pending_domain_review
WDM-ARTIFACT-d0ae2bdb6b61	artifact	S087 Pip-Struggles-with-Scale-Again	canon/canonical_story_tree/all_25_books_latest_full_cycle.txt|canon/canonical_story_tree/books/Book_02_The_Diary_And_The_Blue_Light/book_content.txt	diary	timeline|relationships|scenes|quests|world	implemented_reference_map	reference_extracted_pending_domain_review
WDM-ARTIFACT-bd41b1e00bdc	artifact	One object opens too many	canon/canonical_story_tree/all_25_books_latest_full_cycle.txt|canon/canonical_story_tree/books/Book_02_The_Diary_And_The_Blue_Light/book_content.txt	blue light|diary	timeline|relationships|scenes|quests|world	implemented_reference_map	reference_extracted_pending_domain_review
WDM-ARTIFACT-e07e2cb1015c	artifact	doors at once	canon/canonical_story_tree/all_25_books_latest_full_cycle.txt|canon/canonical_story_tree/books/Book_02_The_Diary_And_The_Blue_Light/book_content.txt	blue light|diary	timeline|relationships|scenes|quests|world	implemented_reference_map	reference_extracted_pending_domain_review
WDM-ARTIFACT-d913ac7cac41	artifact	S088 The-Pair-Bond-Starts-Shaping-How-the-Text-Is-Held	canon/canonical_story_tree/all_25_books_latest_full_cycle.txt|canon/canonical_story_tree/books/Book_02_The_Diary_And_The_Blue_Light/book_content.txt	diary	timeline|relationships|scenes|quests|world	implemented_reference_map	reference_extracted_pending_domain_review
WDM-ARTIFACT-2c5b26277ff7	artifact	S096 Pip-Begins-Learning-That-Truth-Has-Timing	canon/canonical_story_tree/all_25_books_latest_full_cycle.txt|canon/canonical_story_tree/books/Book_02_The_Diary_And_The_Blue_Light/book_content.txt	diary	timeline|relationships|scenes|quests|world	implemented_reference_map	reference_extracted_pending_domain_review
WDM-ARTIFACT-b4e93a5d9f33	artifact	Not every revelation is mercy	canon/canonical_story_tree/all_25_books_latest_full_cycle.txt|canon/canonical_story_tree/books/Book_02_The_Diary_And_The_Blue_Light/book_content.txt	blue light|diary	timeline|relationships|scenes|quests|world	implemented_reference_map	reference_extracted_pending_domain_review
WDM-ARTIFACT-7f4caf002a67	artifact	when badly timed	canon/canonical_story_tree/all_25_books_latest_full_cycle.txt|canon/canonical_story_tree/books/Book_02_The_Diary_And_The_Blue_Light/book_content.txt	blue light|diary	timeline|relationships|scenes|quests|world	implemented_reference_map	reference_extracted_pending_domain_review
WDM-ARTIFACT-f96fd34eec61	artifact	S097 Rylos Vayne Johnson-Proves-He-Can-Stand-Incomplete-Knowing	canon/canonical_story_tree/all_25_books_latest_full_cycle.txt|canon/canonical_story_tree/books/Book_02_The_Diary_And_The_Blue_Light/book_content.txt	diary	timeline|relationships|scenes|quests|world	implemented_reference_map	reference_extracted_pending_domain_review
WDM-ARTIFACT-bd5476e118c7	artifact	Maturity grows through tension	canon/canonical_story_tree/all_25_books_latest_full_cycle.txt|canon/canonical_story_tree/books/Book_02_The_Diary_And_The_Blue_Light/book_content.txt	blue light|diary	timeline|relationships|scenes|quests|world	implemented_reference_map	reference_extracted_pending_domain_review
WDM-ARTIFACT-46d35456abec	artifact	S098 The-Diary-Holds-Its-Own-Remaining-Reserve	canon/canonical_story_tree/all_25_books_latest_full_cycle.txt|canon/canonical_story_tree/books/Book_02_The_Diary_And_The_Blue_Light/book_content.txt	diary	timeline|relationships|scenes|quests|world	implemented_reference_map	reference_extracted_pending_domain_review
WDM-ARTIFACT-44528db77ec9	artifact	Even the text has not	canon/canonical_story_tree/all_25_books_latest_full_cycle.txt|canon/canonical_story_tree/books/Book_02_The_Diary_And_The_Blue_Light/book_content.txt	blue light|diary	timeline|relationships|scenes|quests|world	implemented_reference_map	reference_extracted_pending_domain_review
WDM-ARTIFACT-37a18e8934b3	artifact	yielded everything	canon/canonical_story_tree/all_25_books_latest_full_cycle.txt|canon/canonical_story_tree/books/Book_02_The_Diary_And_The_Blue_Light/book_content.txt	blue light|diary	timeline|relationships|scenes|quests|world	implemented_reference_map	reference_extracted_pending_domain_review
WDM-ARTIFACT-4c79cfaa6897	artifact	S099 The-Scene-Ends-in-Love-Under-Restraint	canon/canonical_story_tree/all_25_books_latest_full_cycle.txt|canon/canonical_story_tree/books/Book_02_The_Diary_And_The_Blue_Light/book_content.txt	diary	timeline|relationships|scenes|quests|world	implemented_reference_map	reference_extracted_pending_domain_review
WDM-ARTIFACT-0b95f930e5a4	artifact	Mack's withholding is understood as	canon/canonical_story_tree/all_25_books_latest_full_cycle.txt|canon/canonical_story_tree/books/Book_02_The_Diary_And_The_Blue_Light/book_content.txt	blue light|diary	timeline|relationships|scenes|quests|world	implemented_reference_map	reference_extracted_pending_domain_review
WDM-ARTIFACT-14523364cbad	artifact	protective	canon/canonical_story_tree/all_25_books_latest_full_cycle.txt|canon/canonical_story_tree/books/Book_02_The_Diary_And_The_Blue_Light/book_content.txt	blue light|diary	timeline|relationships|scenes|quests|world	implemented_reference_map	reference_extracted_pending_domain_review
WDM-ARTIFACT-fcf36f14d8db	artifact	even if painful	canon/canonical_story_tree/all_25_books_latest_full_cycle.txt|canon/canonical_story_tree/books/Book_02_The_Diary_And_The_Blue_Light/book_content.txt	blue light|diary	timeline|relationships|scenes|quests|world	implemented_reference_map	reference_extracted_pending_domain_review
WDM-ARTIFACT-b441caf3c967	artifact	S103 Humor-and-Tenderness-Enter-Interpretive-Space	canon/canonical_story_tree/all_25_books_latest_full_cycle.txt|canon/canonical_story_tree/books/Book_02_The_Diary_And_The_Blue_Light/book_content.txt	diary	timeline|relationships|scenes|quests|world	implemented_reference_map	reference_extracted_pending_domain_review
WDM-ARTIFACT-f1116399353e	artifact	Intimacy alters cognition	canon/canonical_story_tree/all_25_books_latest_full_cycle.txt|canon/canonical_story_tree/books/Book_02_The_Diary_And_The_Blue_Light/book_content.txt	blue light|diary	timeline|relationships|scenes|quests|world	implemented_reference_map	reference_extracted_pending_domain_review
WDM-ARTIFACT-5f04046c1654	artifact	S104 Mack-Watches-the-Bond-Mature-Through-Thought	canon/canonical_story_tree/all_25_books_latest_full_cycle.txt|canon/canonical_story_tree/books/Book_02_The_Diary_And_The_Blue_Light/book_content.txt	diary	timeline|relationships|scenes|quests|world	implemented_reference_map	reference_extracted_pending_domain_review
WDM-ARTIFACT-5939cfd5a05f	artifact	The guardian sees their relation	canon/canonical_story_tree/all_25_books_latest_full_cycle.txt|canon/canonical_story_tree/books/Book_02_The_Diary_And_The_Blue_Light/book_content.txt	blue light|diary	timeline|relationships|scenes|quests|world	implemented_reference_map	reference_extracted_pending_domain_review
WDM-ARTIFACT-1da4241f804f	artifact	stabilizing into method	canon/canonical_story_tree/all_25_books_latest_full_cycle.txt|canon/canonical_story_tree/books/Book_02_The_Diary_And_The_Blue_Light/book_content.txt	blue light|diary	timeline|relationships|scenes|quests|world	implemented_reference_map	reference_extracted_pending_domain_review
WDM-ARTIFACT-9a545a4a24f1	artifact	S105 The-Diary-Yields-a-Thread-About-What-Comes-Next	canon/canonical_story_tree/all_25_books_latest_full_cycle.txt|canon/canonical_story_tree/books/Book_02_The_Diary_And_The_Blue_Light/book_content.txt	diary	timeline|relationships|scenes|quests|world	implemented_reference_map	reference_extracted_pending_domain_review
WDM-ARTIFACT-a5a9d56130df	artifact	Some future-facing clue emerges	canon/canonical_story_tree/all_25_books_latest_full_cycle.txt|canon/canonical_story_tree/books/Book_02_The_Diary_And_The_Blue_Light/book_content.txt	blue light|diary	timeline|relationships|scenes|quests|world	implemented_reference_map	reference_extracted_pending_domain_review
WDM-ARTIFACT-46f221d94d75	artifact	S106 Pip-Feels-Fear-and-Readiness-at-Once	canon/canonical_story_tree/all_25_books_latest_full_cycle.txt|canon/canonical_story_tree/books/Book_02_The_Diary_And_The_Blue_Light/book_content.txt	diary	timeline|relationships|scenes|quests|world	implemented_reference_map	reference_extracted_pending_domain_review
WDM-ARTIFACT-0bc8de895c36	artifact	He is growing into burdens	canon/canonical_story_tree/all_25_books_latest_full_cycle.txt|canon/canonical_story_tree/books/Book_02_The_Diary_And_The_Blue_Light/book_content.txt	blue light|diary	timeline|relationships|scenes|quests|world	implemented_reference_map	reference_extracted_pending_domain_review
WDM-ARTIFACT-214379965ba5	artifact	that once would have crushed	canon/canonical_story_tree/all_25_books_latest_full_cycle.txt|canon/canonical_story_tree/books/Book_02_The_Diary_And_The_Blue_Light/book_content.txt	blue light|diary	timeline|relationships|scenes|quests|world	implemented_reference_map	reference_extracted_pending_domain_review
WDM-ARTIFACT-b5cce44164e2	artifact	him	canon/canonical_story_tree/all_25_books_latest_full_cycle.txt|canon/canonical_story_tree/books/Book_02_The_Diary_And_The_Blue_Light/book_content.txt	blue light|diary	timeline|relationships|scenes|quests|world	implemented_reference_map	reference_extracted_pending_domain_review
WDM-ARTIFACT-40d292c10880	artifact	S110 The-Beat-Ends-with-the-Pair-Facing-Forward-Together	canon/canonical_story_tree/all_25_books_latest_full_cycle.txt|canon/canonical_story_tree/books/Book_02_The_Diary_And_The_Blue_Light/book_content.txt	diary	timeline|relationships|scenes|quests|world	implemented_reference_map	reference_extracted_pending_domain_review
WDM-ARTIFACT-141d7604978c	artifact	locks shared interpretive motion	canon/canonical_story_tree/all_25_books_latest_full_cycle.txt|canon/canonical_story_tree/books/Book_02_The_Diary_And_The_Blue_Light/book_content.txt	blue light|diary	timeline|relationships|scenes|quests|world	implemented_reference_map	reference_extracted_pending_domain_review
WDM-ARTIFACT-adce1bda1781	artifact	Book Two Finds Its First	canon/canonical_story_tree/all_25_books_latest_full_cycle.txt|canon/canonical_story_tree/books/Book_02_The_Diary_And_The_Blue_Light/book_content.txt	diary	timeline|relationships|scenes|quests|world	implemented_reference_map	reference_extracted_pending_domain_review
WDM-ARTIFACT-05c41f225c1b	artifact	"Deeper Shape
target"	canon/canonical_story_tree/all_25_books_latest_full_cycle.txt|canon/canonical_story_tree/books/Book_02_The_Diary_And_The_Blue_Light/book_content.txt	diary	timeline|relationships|scenes|quests|world	implemented_reference_map	reference_extracted_pending_domain_review
WDM-ARTIFACT-bae425ec6b61	artifact	S111 The-Diary-the-Blue-Light-and-the-Oasis-Form-a-Triad	canon/canonical_story_tree/all_25_books_latest_full_cycle.txt|canon/canonical_story_tree/books/Book_02_The_Diary_And_The_Blue_Light/book_content.txt	diary	timeline|relationships|scenes|quests|world	implemented_reference_map	reference_extracted_pending_domain_review
WDM-ARTIFACT-54df77ad7fe8	artifact	governing forces become legible	canon/canonical_story_tree/all_25_books_latest_full_cycle.txt|canon/canonical_story_tree/books/Book_02_The_Diary_And_The_Blue_Light/book_content.txt	blue light|diary	timeline|relationships|scenes|quests|world	implemented_reference_map	reference_extracted_pending_domain_review
WDM-ARTIFACT-a892fb2e9317	artifact	S112 Pip-Recognizes-He-Is-No-Longer-Only-Reacting	canon/canonical_story_tree/all_25_books_latest_full_cycle.txt|canon/canonical_story_tree/books/Book_02_The_Diary_And_The_Blue_Light/book_content.txt	diary	timeline|relationships|scenes|quests|world	implemented_reference_map	reference_extracted_pending_domain_review
WDM-ARTIFACT-229b46285830	artifact	He has begun participating in	canon/canonical_story_tree/all_25_books_latest_full_cycle.txt|canon/canonical_story_tree/books/Book_02_The_Diary_And_The_Blue_Light/book_content.txt	blue light|diary	timeline|relationships|scenes|quests|world	implemented_reference_map	reference_extracted_pending_domain_review
WDM-ARTIFACT-688e338f3bd0	artifact	the shape of what comes	canon/canonical_story_tree/all_25_books_latest_full_cycle.txt|canon/canonical_story_tree/books/Book_02_The_Diary_And_The_Blue_Light/book_content.txt	blue light|diary	timeline|relationships|scenes|quests|world	implemented_reference_map	reference_extracted_pending_domain_review
WDM-ARTIFACT-29f0e1f24a5d	artifact	S120 The-Beat-Ends-with-Deeper-Descent-Promised	canon/canonical_story_tree/all_25_books_latest_full_cycle.txt|canon/canonical_story_tree/books/Book_02_The_Diary_And_The_Blue_Light/book_content.txt	blue light|diary	timeline|relationships|scenes|quests|world	implemented_reference_map	reference_extracted_pending_domain_review
WDM-ARTIFACT-009d77799b64	artifact	The next phase is now	canon/canonical_story_tree/all_25_books_latest_full_cycle.txt|canon/canonical_story_tree/books/Book_02_The_Diary_And_The_Blue_Light/book_content.txt	blue light|diary	timeline|relationships|scenes|quests|world	implemented_reference_map	reference_extracted_pending_domain_review
WDM-ARTIFACT-8de581daf0f2	artifact	loaded	canon/canonical_story_tree/all_25_books_latest_full_cycle.txt|canon/canonical_story_tree/books/Book_02_The_Diary_And_The_Blue_Light/book_content.txt	blue light|diary	timeline|relationships|scenes|quests|world	implemented_reference_map	reference_extracted_pending_domain_review
WDM-ARTIFACT-34b978cc67e1	artifact	S014 Rylos-Watches-Pips-Reaction-Closely	canon/canonical_story_tree/all_25_books_latest_full_cycle.txt|canon/canonical_story_tree/books/Book_02_The_Diary_And_The_Blue_Light/book_content.txt	diary	timeline|relationships|scenes|quests|world	implemented_reference_map	reference_extracted_pending_domain_review
WDM-ARTIFACT-6502b8a986fd	artifact	S019 Rylos-Feels-the-Shift-in-the-Room	canon/canonical_story_tree/all_25_books_latest_full_cycle.txt|canon/canonical_story_tree/books/Book_02_The_Diary_And_The_Blue_Light/book_content.txt	diary	timeline|relationships|scenes|quests|world	implemented_reference_map	reference_extracted_pending_domain_review
WDM-ARTIFACT-d1d28a2b31be	artifact	S025 Rylos-Reads-the-Readers	canon/canonical_story_tree/all_25_books_latest_full_cycle.txt|canon/canonical_story_tree/books/Book_02_The_Diary_And_The_Blue_Light/book_content.txt	diary	timeline|relationships|scenes|quests|world	implemented_reference_map	reference_extracted_pending_domain_review
WDM-ARTIFACT-37f54fa7db4b	artifact	Rylos and the Written World	canon/canonical_story_tree/all_25_books_latest_full_cycle.txt|canon/canonical_story_tree/books/Book_02_The_Diary_And_The_Blue_Light/book_content.txt	diary	timeline|relationships|scenes|quests|world	implemented_reference_map	reference_extracted_pending_domain_review
WDM-ARTIFACT-2aae0ea83af2	artifact	S041 Rylos-Engages-the-Diary-Indirectly-or-Directly	canon/canonical_story_tree/all_25_books_latest_full_cycle.txt|canon/canonical_story_tree/books/Book_02_The_Diary_And_The_Blue_Light/book_content.txt	diary	timeline|relationships|scenes|quests|world	implemented_reference_map	reference_extracted_pending_domain_review
WDM-ARTIFACT-51c13738256a	artifact	wants Rylos held by meaning	canon/canonical_story_tree/all_25_books_latest_full_cycle.txt|canon/canonical_story_tree/books/Book_02_The_Diary_And_The_Blue_Light/book_content.txt	diary	timeline|relationships|scenes|quests|world	implemented_reference_map	reference_extracted_pending_domain_review
WDM-ARTIFACT-4ea5ac1e3d1d	artifact	between Pip and Rylos	canon/canonical_story_tree/all_25_books_latest_full_cycle.txt|canon/canonical_story_tree/books/Book_02_The_Diary_And_The_Blue_Light/book_content.txt	diary	timeline|relationships|scenes|quests|world	implemented_reference_map	reference_extracted_pending_domain_review
WDM-ARTIFACT-e96fbfc728e6	artifact	S047 The-Text-Pulls-Rylos-Closer-to-Future-Weight	canon/canonical_story_tree/all_25_books_latest_full_cycle.txt|canon/canonical_story_tree/books/Book_02_The_Diary_And_The_Blue_Light/book_content.txt	diary	timeline|relationships|scenes|quests|world	implemented_reference_map	reference_extracted_pending_domain_review
WDM-ARTIFACT-657671bd2abf	artifact	S050 The-Beat-Ends-with-Rylos-Entangled-in-Written-Fate	canon/canonical_story_tree/all_25_books_latest_full_cycle.txt|canon/canonical_story_tree/books/Book_02_The_Diary_And_The_Blue_Light/book_content.txt	diary	timeline|relationships|scenes|quests|world	implemented_reference_map	reference_extracted_pending_domain_review
WDM-ARTIFACT-8ee11ef0d0b6	artifact	textual architecture too	canon/canonical_story_tree/all_25_books_latest_full_cycle.txt|canon/canonical_story_tree/books/Book_02_The_Diary_And_The_Blue_Light/book_content.txt	blue light|diary	timeline|relationships|scenes|quests|world	implemented_reference_map	reference_extracted_pending_domain_review
WDM-ARTIFACT-08e6314094bd	artifact	S054 Rylos-Learns-the-Household-Through-Small-Acts	canon/canonical_story_tree/all_25_books_latest_full_cycle.txt|canon/canonical_story_tree/books/Book_02_The_Diary_And_The_Blue_Light/book_content.txt	diary	timeline|relationships|scenes|quests|world	implemented_reference_map	reference_extracted_pending_domain_review
WDM-ARTIFACT-2108f77ba945	artifact	S064 Rylos-Reads-Protection-and-Concealment-Together	canon/canonical_story_tree/all_25_books_latest_full_cycle.txt|canon/canonical_story_tree/books/Book_02_The_Diary_And_The_Blue_Light/book_content.txt	diary	timeline|relationships|scenes|quests|world	implemented_reference_map	reference_extracted_pending_domain_review
WDM-ARTIFACT-3ea3d12495da	artifact	How he tends Rylos changes	canon/canonical_story_tree/all_25_books_latest_full_cycle.txt|canon/canonical_story_tree/books/Book_02_The_Diary_And_The_Blue_Light/book_content.txt	diary	timeline|relationships|scenes|quests|world	implemented_reference_map	reference_extracted_pending_domain_review
WDM-ARTIFACT-9fe5d4f7c81a	artifact	how he reads the book	canon/canonical_story_tree/all_25_books_latest_full_cycle.txt|canon/canonical_story_tree/books/Book_02_The_Diary_And_The_Blue_Light/book_content.txt	diary	timeline|relationships|scenes|quests|world	implemented_reference_map	reference_extracted_pending_domain_review
WDM-ARTIFACT-ff01ab239efd	artifact	around them	canon/canonical_story_tree/all_25_books_latest_full_cycle.txt|canon/canonical_story_tree/books/Book_02_The_Diary_And_The_Blue_Light/book_content.txt	diary	timeline|relationships|scenes|quests|world	implemented_reference_map	reference_extracted_pending_domain_review
WDM-ARTIFACT-8383fc18e2f8	artifact	S075 Rylos-Chooses-Not-to-Hide-One-Part-of-Himself	canon/canonical_story_tree/all_25_books_latest_full_cycle.txt|canon/canonical_story_tree/books/Book_02_The_Diary_And_The_Blue_Light/book_content.txt	diary	timeline|relationships|scenes|quests|world	implemented_reference_map	reference_extracted_pending_domain_review
WDM-ARTIFACT-c00b15a5c5d1	artifact	S084 Rylos-Feels-the-Pages-Reaching-Toward-His-Past	canon/canonical_story_tree/all_25_books_latest_full_cycle.txt|canon/canonical_story_tree/books/Book_02_The_Diary_And_The_Blue_Light/book_content.txt	diary	timeline|relationships|scenes|quests|world	implemented_reference_map	reference_extracted_pending_domain_review
WDM-ARTIFACT-f47ccaa034b7	artifact	S097 Rylos-Proves-He-Can-Stand-Incomplete-Knowing	canon/canonical_story_tree/all_25_books_latest_full_cycle.txt|canon/canonical_story_tree/books/Book_02_The_Diary_And_The_Blue_Light/book_content.txt	diary	timeline|relationships|scenes|quests|world	implemented_reference_map	reference_extracted_pending_domain_review
WDM-ARTIFACT-c93499b7414b	artifact	Placed Beats	canon/canonical_story_tree/all_25_books_latest_full_cycle.txt|canon/canonical_story_tree/books/Book_02_The_Diary_And_The_Blue_Light/book_content.txt	diary	timeline|relationships|scenes|quests|world	implemented_reference_map	reference_extracted_pending_domain_review
WDM-ARTIFACT-8789b5565619	artifact	Morning	canon/canonical_story_tree/all_25_books_latest_full_cycle.txt|canon/canonical_story_tree/books/Book_02_The_Diary_And_The_Blue_Light/book_content.txt	blue light|diary	timeline|relationships|scenes|quests|world	implemented_reference_map	reference_extracted_pending_domain_review
WDM-ARTIFACT-a9588893cd75	artifact	After	canon/canonical_story_tree/all_25_books_latest_full_cycle.txt|canon/canonical_story_tree/books/Book_02_The_Diary_And_The_Blue_Light/book_content.txt	blue light|diary	timeline|relationships|scenes|quests|world	implemented_reference_map	reference_extracted_pending_domain_review
WDM-ARTIFACT-0d71afc61836	artifact	One	canon/canonical_story_tree/all_25_books_latest_full_cycle.txt|canon/canonical_story_tree/books/Book_02_The_Diary_And_The_Blue_Light/book_content.txt|canon/canonical_story_tree/books/Book_17_Black_Heart_Scar/book_content.txt	blue light|cello|diary	timeline|relationships|scenes|quests|world	implemented_reference_map	reference_extracted_pending_domain_review
WDM-ARTIFACT-ece8badc101b	artifact	Does	canon/canonical_story_tree/all_25_books_latest_full_cycle.txt|canon/canonical_story_tree/books/Book_02_The_Diary_And_The_Blue_Light/book_content.txt	blue light|diary	timeline|relationships|scenes|quests|world	implemented_reference_map	reference_extracted_pending_domain_review
WDM-ARTIFACT-3bfe7723dafc	artifact	Not	canon/canonical_story_tree/all_25_books_latest_full_cycle.txt|canon/canonical_story_tree/books/Book_02_The_Diary_And_The_Blue_Light/book_content.txt|canon/canonical_story_tree/books/Book_20_The_Beforemath/book_content.txt	blue light|cello|diary	timeline|relationships|scenes|quests|world	implemented_reference_map	reference_extracted_pending_domain_review
WDM-ARTIFACT-ca0fae5abf17	artifact	Feel	canon/canonical_story_tree/all_25_books_latest_full_cycle.txt|canon/canonical_story_tree/books/Book_02_The_Diary_And_The_Blue_Light/book_content.txt	blue light|diary	timeline|relationships|scenes|quests|world	implemented_reference_map	reference_extracted_pending_domain_review
WDM-ARTIFACT-cea45c28435b	artifact	Simple	canon/canonical_story_tree/all_25_books_latest_full_cycle.txt|canon/canonical_story_tree/books/Book_02_The_Diary_And_The_Blue_Light/book_content.txt	blue light|diary	timeline|relationships|scenes|quests|world	implemented_reference_map	reference_extracted_pending_domain_review
WDM-ARTIFACT-8e79276e0178	artifact	"The-Morning-After-Book-One-Does-Not-Feel-Simple

scene"	canon/canonical_story_tree/all_25_books_latest_full_cycle.txt|canon/canonical_story_tree/books/Book_02_The_Diary_And_The_Blue_Light/book_content.txt	blue light|diary	timeline|relationships|scenes|quests|world	implemented_reference_map	reference_extracted_pending_domain_review
WDM-ARTIFACT-e064c7c62a4d	artifact	"S001
beat"	canon/canonical_story_tree/all_25_books_latest_full_cycle.txt|canon/canonical_story_tree/books/Book_02_The_Diary_And_The_Blue_Light/book_content.txt	blue light|diary	timeline|relationships|scenes|quests|world	implemented_reference_map	reference_extracted_pending_domain_review
WDM-ARTIFACT-225dc1ec277f	artifact	"Light

The-Morning-After-Book-One-Does-Not-Feel-Simple"	canon/canonical_story_tree/all_25_books_latest_full_cycle.txt|canon/canonical_story_tree/books/Book_02_The_Diary_And_The_Blue_Light/book_content.txt	blue light|diary	timeline|relationships|scenes|quests|world	implemented_reference_map	reference_extracted_pending_domain_review
WDM-ARTIFACT-88332cd4bae7	artifact	ordinary peace	canon/canonical_story_tree/all_25_books_latest_full_cycle.txt|canon/canonical_story_tree/books/Book_02_The_Diary_And_The_Blue_Light/book_content.txt	blue light|diary	timeline|relationships|scenes|quests|world	implemented_reference_map	reference_extracted_pending_domain_review
WDM-ARTIFACT-8d1402d9ebcf	artifact	Wakes	canon/canonical_story_tree/all_25_books_latest_full_cycle.txt|canon/canonical_story_tree/books/Book_02_The_Diary_And_The_Blue_Light/book_content.txt|canon/canonical_story_tree/books/Book_25_Death_Is_Rebirth/book_content.txt	blue light|cello|diary	timeline|relationships|scenes|quests|world	implemented_reference_map	reference_extracted_pending_domain_review
WDM-ARTIFACT-2f3523a5a8d1	artifact	Already	canon/canonical_story_tree/all_25_books_latest_full_cycle.txt|canon/canonical_story_tree/books/Book_02_The_Diary_And_The_Blue_Light/book_content.txt	blue light|diary	timeline|relationships|scenes|quests|world	implemented_reference_map	reference_extracted_pending_domain_review
WDM-ARTIFACT-b7de1b9de2d3	artifact	Changed	canon/canonical_story_tree/all_25_books_latest_full_cycle.txt|canon/canonical_story_tree/books/Book_02_The_Diary_And_The_Blue_Light/book_content.txt	blue light|diary	timeline|relationships|scenes|quests|world	implemented_reference_map	reference_extracted_pending_domain_review
WDM-ARTIFACT-5b4dcce2d1b8	artifact	"Pip-Wakes-Already-Changed

scene"	canon/canonical_story_tree/all_25_books_latest_full_cycle.txt|canon/canonical_story_tree/books/Book_02_The_Diary_And_The_Blue_Light/book_content.txt	blue light|diary	timeline|relationships|scenes|quests|world	implemented_reference_map	reference_extracted_pending_domain_review
WDM-ARTIFACT-46bb818907d5	artifact	"S002
beat"	canon/canonical_story_tree/all_25_books_latest_full_cycle.txt|canon/canonical_story_tree/books/Book_02_The_Diary_And_The_Blue_Light/book_content.txt	blue light|diary	timeline|relationships|scenes|quests|world	implemented_reference_map	reference_extracted_pending_domain_review
WDM-ARTIFACT-ad21c8a1d8f5	artifact	"Light

Pip-Wakes-Already-Changed"	canon/canonical_story_tree/all_25_books_latest_full_cycle.txt|canon/canonical_story_tree/books/Book_02_The_Diary_And_The_Blue_Light/book_content.txt	blue light|diary	timeline|relationships|scenes|quests|world	implemented_reference_map	reference_extracted_pending_domain_review
WDM-ARTIFACT-f2c2cca81159	artifact	He feels the bond	canon/canonical_story_tree/all_25_books_latest_full_cycle.txt|canon/canonical_story_tree/books/Book_02_The_Diary_And_The_Blue_Light/book_content.txt	blue light|diary	timeline|relationships|scenes|quests|world	implemented_reference_map	reference_extracted_pending_domain_review
WDM-ARTIFACT-c04295e1e3e7	artifact	the prophecy	canon/canonical_story_tree/all_25_books_latest_full_cycle.txt|canon/canonical_story_tree/books/Book_02_The_Diary_And_The_Blue_Light/book_content.txt	blue light|diary	timeline|relationships|scenes|quests|world	implemented_reference_map	reference_extracted_pending_domain_review
WDM-ARTIFACT-601d484c8c7c	artifact	and the widened world before	canon/canonical_story_tree/all_25_books_latest_full_cycle.txt|canon/canonical_story_tree/books/Book_02_The_Diary_And_The_Blue_Light/book_content.txt	blue light|diary	timeline|relationships|scenes|quests|world	implemented_reference_map	reference_extracted_pending_domain_review
WDM-ARTIFACT-b214086e9f5e	artifact	the day fully begins	canon/canonical_story_tree/all_25_books_latest_full_cycle.txt|canon/canonical_story_tree/books/Book_02_The_Diary_And_The_Blue_Light/book_content.txt	blue light|diary	timeline|relationships|scenes|quests|world	implemented_reference_map	reference_extracted_pending_domain_review
WDM-ARTIFACT-fda3ae6cdde9	artifact	Rylos	canon/canonical_story_tree/all_25_books_latest_full_cycle.txt|canon/canonical_story_tree/books/Book_02_The_Diary_And_The_Blue_Light/book_content.txt|canon/canonical_story_tree/books/Book_24_Born_To_Die/book_content.txt	blue light|cello|diary	timeline|relationships|scenes|quests|world	implemented_reference_map	reference_extracted_pending_domain_review
WDM-ARTIFACT-24961f09cff7	artifact	Vayne	canon/canonical_story_tree/all_25_books_latest_full_cycle.txt|canon/canonical_story_tree/books/Book_02_The_Diary_And_The_Blue_Light/book_content.txt	blue light|diary	timeline|relationships|scenes|quests|world	implemented_reference_map	reference_extracted_pending_domain_review
WDM-ARTIFACT-3810028e00b0	artifact	Still	canon/canonical_story_tree/all_25_books_latest_full_cycle.txt|canon/canonical_story_tree/books/Book_02_The_Diary_And_The_Blue_Light/book_content.txt	blue light|diary	timeline|relationships|scenes|quests|world	implemented_reference_map	reference_extracted_pending_domain_review
WDM-ARTIFACT-96e97f0b1f8d	artifact	Here	canon/canonical_story_tree/all_25_books_latest_full_cycle.txt|canon/canonical_story_tree/books/Book_02_The_Diary_And_The_Blue_Light/book_content.txt|canon/canonical_story_tree/world/wowas_world_zone_map.json	blue light|diary|gem	timeline|relationships|scenes|quests|world	implemented_reference_map	reference_extracted_pending_domain_review
WDM-ARTIFACT-85f5e95319f4	artifact	"Rylos Vayne Johnson-Is-Still-Here

scene"	canon/canonical_story_tree/all_25_books_latest_full_cycle.txt|canon/canonical_story_tree/books/Book_02_The_Diary_And_The_Blue_Light/book_content.txt	blue light|diary	timeline|relationships|scenes|quests|world	implemented_reference_map	reference_extracted_pending_domain_review
WDM-ARTIFACT-18e047732990	artifact	"S003
beat"	canon/canonical_story_tree/all_25_books_latest_full_cycle.txt|canon/canonical_story_tree/books/Book_02_The_Diary_And_The_Blue_Light/book_content.txt	blue light|diary	timeline|relationships|scenes|quests|world	implemented_reference_map	reference_extracted_pending_domain_review
WDM-ARTIFACT-57f2a16b6db4	artifact	"Light

Rylos Vayne Johnson-Is-Still-Here"	canon/canonical_story_tree/all_25_books_latest_full_cycle.txt|canon/canonical_story_tree/books/Book_02_The_Diary_And_The_Blue_Light/book_content.txt	blue light|diary	timeline|relationships|scenes|quests|world	implemented_reference_map	reference_extracted_pending_domain_review
WDM-ARTIFACT-0285c88baeba	artifact	The reality of continued presence	canon/canonical_story_tree/all_25_books_latest_full_cycle.txt|canon/canonical_story_tree/books/Book_02_The_Diary_And_The_Blue_Light/book_content.txt	blue light|diary	timeline|relationships|scenes|quests|world	implemented_reference_map	reference_extracted_pending_domain_review
WDM-ARTIFACT-e0cfa3a4ac2e	artifact	lands as miracle and problem	canon/canonical_story_tree/all_25_books_latest_full_cycle.txt|canon/canonical_story_tree/books/Book_02_The_Diary_And_The_Blue_Light/book_content.txt	blue light|diary	timeline|relationships|scenes|quests|world	implemented_reference_map	reference_extracted_pending_domain_review
WDM-ARTIFACT-7dc99afe6b65	artifact	at once	canon/canonical_story_tree/all_25_books_latest_full_cycle.txt|canon/canonical_story_tree/books/Book_02_The_Diary_And_The_Blue_Light/book_content.txt	blue light|diary	timeline|relationships|scenes|quests|world	implemented_reference_map	reference_extracted_pending_domain_review
WDM-ARTIFACT-725f5d35af93	artifact	Reads	canon/canonical_story_tree/all_25_books_latest_full_cycle.txt|canon/canonical_story_tree/books/Book_02_The_Diary_And_The_Blue_Light/book_content.txt	blue light|diary	timeline|relationships|scenes|quests|world	implemented_reference_map	reference_extracted_pending_domain_review
WDM-ARTIFACT-91bcec77a6de	artifact	Household	canon/canonical_story_tree/all_25_books_latest_full_cycle.txt|canon/canonical_story_tree/books/Book_02_The_Diary_And_The_Blue_Light/book_content.txt	blue light|diary	timeline|relationships|scenes|quests|world	implemented_reference_map	reference_extracted_pending_domain_review
WDM-ARTIFACT-721c9ccd1489	artifact	Shift	canon/canonical_story_tree/all_25_books_latest_full_cycle.txt|canon/canonical_story_tree/books/Book_02_The_Diary_And_The_Blue_Light/book_content.txt	blue light|diary	timeline|relationships|scenes|quests|world	implemented_reference_map	reference_extracted_pending_domain_review
WDM-ARTIFACT-732bd90e99f1	artifact	"Mack-Reads-the-Household-Shift

scene"	canon/canonical_story_tree/all_25_books_latest_full_cycle.txt|canon/canonical_story_tree/books/Book_02_The_Diary_And_The_Blue_Light/book_content.txt	blue light|diary	timeline|relationships|scenes|quests|world	implemented_reference_map	reference_extracted_pending_domain_review
WDM-ARTIFACT-101c65075776	artifact	"S004
beat"	canon/canonical_story_tree/all_25_books_latest_full_cycle.txt|canon/canonical_story_tree/books/Book_02_The_Diary_And_The_Blue_Light/book_content.txt	blue light|diary	timeline|relationships|scenes|quests|world	implemented_reference_map	reference_extracted_pending_domain_review
WDM-ARTIFACT-dc0fe80d9609	artifact	"Light

Mack-Reads-the-Household-Shift"	canon/canonical_story_tree/all_25_books_latest_full_cycle.txt|canon/canonical_story_tree/books/Book_02_The_Diary_And_The_Blue_Light/book_content.txt	blue light|diary	timeline|relationships|scenes|quests|world	implemented_reference_map	reference_extracted_pending_domain_review
WDM-ARTIFACT-c227a8d075ac	artifact	The guardian quietly measures how	canon/canonical_story_tree/all_25_books_latest_full_cycle.txt|canon/canonical_story_tree/books/Book_02_The_Diary_And_The_Blue_Light/book_content.txt	blue light|diary	timeline|relationships|scenes|quests|world	implemented_reference_map	reference_extracted_pending_domain_review
WDM-ARTIFACT-a600d0d49891	artifact	deeply the rescue altered the	canon/canonical_story_tree/all_25_books_latest_full_cycle.txt|canon/canonical_story_tree/books/Book_02_The_Diary_And_The_Blue_Light/book_content.txt	blue light|diary	timeline|relationships|scenes|quests|world	implemented_reference_map	reference_extracted_pending_domain_review
WDM-ARTIFACT-c5d6313eb8b1	artifact	sanctuary	canon/canonical_story_tree/all_25_books_latest_full_cycle.txt|canon/canonical_story_tree/books/Book_02_The_Diary_And_The_Blue_Light/book_content.txt	blue light|diary	timeline|relationships|scenes|quests|world	implemented_reference_map	reference_extracted_pending_domain_review
WDM-ARTIFACT-0980538f857d	artifact	Domestic	canon/canonical_story_tree/all_25_books_latest_full_cycle.txt|canon/canonical_story_tree/books/Book_02_The_Diary_And_The_Blue_Light/book_content.txt	blue light|diary	timeline|relationships|scenes|quests|world	implemented_reference_map	reference_extracted_pending_domain_review
WDM-ARTIFACT-1e5ca14ff95a	artifact	Rhythm	canon/canonical_story_tree/all_25_books_latest_full_cycle.txt|canon/canonical_story_tree/books/Book_02_The_Diary_And_The_Blue_Light/book_content.txt	blue light|diary	timeline|relationships|scenes|quests|world	implemented_reference_map	reference_extracted_pending_domain_review
WDM-ARTIFACT-14cf88e778c4	artifact	Tries	canon/canonical_story_tree/all_25_books_latest_full_cycle.txt|canon/canonical_story_tree/books/Book_02_The_Diary_And_The_Blue_Light/book_content.txt	blue light|diary	timeline|relationships|scenes|quests|world	implemented_reference_map	reference_extracted_pending_domain_review
WDM-ARTIFACT-f75a76f8f63c	artifact	Reassert	canon/canonical_story_tree/all_25_books_latest_full_cycle.txt|canon/canonical_story_tree/books/Book_02_The_Diary_And_The_Blue_Light/book_content.txt	blue light|diary	timeline|relationships|scenes|quests|world	implemented_reference_map	reference_extracted_pending_domain_review
WDM-ARTIFACT-80e74f940140	artifact	Itself	canon/canonical_story_tree/all_25_books_latest_full_cycle.txt|canon/canonical_story_tree/books/Book_02_The_Diary_And_The_Blue_Light/book_content.txt	blue light|diary	timeline|relationships|scenes|quests|world	implemented_reference_map	reference_extracted_pending_domain_review
WDM-ARTIFACT-27f490cee244	artifact	"Domestic-Rhythm-Tries-to-Reassert-Itself

scene"	canon/canonical_story_tree/all_25_books_latest_full_cycle.txt|canon/canonical_story_tree/books/Book_02_The_Diary_And_The_Blue_Light/book_content.txt	blue light|diary	timeline|relationships|scenes|quests|world	implemented_reference_map	reference_extracted_pending_domain_review
WDM-ARTIFACT-27378c143af3	artifact	"S005
beat"	canon/canonical_story_tree/all_25_books_latest_full_cycle.txt|canon/canonical_story_tree/books/Book_02_The_Diary_And_The_Blue_Light/book_content.txt	blue light|diary	timeline|relationships|scenes|quests|world	implemented_reference_map	reference_extracted_pending_domain_review
WDM-ARTIFACT-e160f7b7beb2	artifact	"Light

Domestic-Rhythm-Tries-to-Reassert-Itself"	canon/canonical_story_tree/all_25_books_latest_full_cycle.txt|canon/canonical_story_tree/books/Book_02_The_Diary_And_The_Blue_Light/book_content.txt	blue light|diary	timeline|relationships|scenes|quests|world	implemented_reference_map	reference_extracted_pending_domain_review
WDM-ARTIFACT-c06dccad9a5c	artifact	Meals	canon/canonical_story_tree/all_25_books_latest_full_cycle.txt|canon/canonical_story_tree/books/Book_02_The_Diary_And_The_Blue_Light/book_content.txt	blue light|diary	timeline|relationships|scenes|quests|world	implemented_reference_map	reference_extracted_pending_domain_review
WDM-ARTIFACT-0512d5cc558d	artifact	rest	canon/canonical_story_tree/all_25_books_latest_full_cycle.txt|canon/canonical_story_tree/books/Book_02_The_Diary_And_The_Blue_Light/book_content.txt	blue light|diary	timeline|relationships|scenes|quests|world	implemented_reference_map	reference_extracted_pending_domain_review
WDM-ARTIFACT-8b482fe31149	artifact	and simple motion return	canon/canonical_story_tree/all_25_books_latest_full_cycle.txt|canon/canonical_story_tree/books/Book_02_The_Diary_And_The_Blue_Light/book_content.txt	blue light|diary	timeline|relationships|scenes|quests|world	implemented_reference_map	reference_extracted_pending_domain_review
WDM-ARTIFACT-3af43cb5b388	artifact	but under changed law	canon/canonical_story_tree/all_25_books_latest_full_cycle.txt|canon/canonical_story_tree/books/Book_02_The_Diary_And_The_Blue_Light/book_content.txt	blue light|diary	timeline|relationships|scenes|quests|world	implemented_reference_map	reference_extracted_pending_domain_review
WDM-ARTIFACT-5e462d8d78df	artifact	Pain	canon/canonical_story_tree/all_25_books_latest_full_cycle.txt|canon/canonical_story_tree/books/Book_02_The_Diary_And_The_Blue_Light/book_content.txt	blue light|diary	timeline|relationships|scenes|quests|world	implemented_reference_map	reference_extracted_pending_domain_review
WDM-ARTIFACT-188302425597	artifact	Belonging	canon/canonical_story_tree/all_25_books_latest_full_cycle.txt|canon/canonical_story_tree/books/Book_02_The_Diary_And_The_Blue_Light/book_content.txt	blue light|diary	timeline|relationships|scenes|quests|world	implemented_reference_map	reference_extracted_pending_domain_review
WDM-ARTIFACT-31e86f9509d8	artifact	Coexist	canon/canonical_story_tree/all_25_books_latest_full_cycle.txt|canon/canonical_story_tree/books/Book_02_The_Diary_And_The_Blue_Light/book_content.txt	blue light|diary	timeline|relationships|scenes|quests|world	implemented_reference_map	reference_extracted_pending_domain_review
WDM-ARTIFACT-4c94383a05e8	artifact	"Pain-and-Belonging-Coexist

scene"	canon/canonical_story_tree/all_25_books_latest_full_cycle.txt|canon/canonical_story_tree/books/Book_02_The_Diary_And_The_Blue_Light/book_content.txt	blue light|diary	timeline|relationships|scenes|quests|world	implemented_reference_map	reference_extracted_pending_domain_review
WDM-ARTIFACT-7a5e42a08d6e	artifact	"S006
beat"	canon/canonical_story_tree/all_25_books_latest_full_cycle.txt|canon/canonical_story_tree/books/Book_02_The_Diary_And_The_Blue_Light/book_content.txt	blue light|diary	timeline|relationships|scenes|quests|world	implemented_reference_map	reference_extracted_pending_domain_review
WDM-ARTIFACT-dad4d4a7f7b5	artifact	"Light

Pain-and-Belonging-Coexist"	canon/canonical_story_tree/all_25_books_latest_full_cycle.txt|canon/canonical_story_tree/books/Book_02_The_Diary_And_The_Blue_Light/book_content.txt	blue light|diary	timeline|relationships|scenes|quests|world	implemented_reference_map	reference_extracted_pending_domain_review
WDM-ARTIFACT-c51106a7430c	artifact	Rylos Vayne Johnson's injury remains	canon/canonical_story_tree/all_25_books_latest_full_cycle.txt|canon/canonical_story_tree/books/Book_02_The_Diary_And_The_Blue_Light/book_content.txt	blue light|diary	timeline|relationships|scenes|quests|world	implemented_reference_map	reference_extracted_pending_domain_review
WDM-ARTIFACT-7994e8a74068	artifact	real even as his place	canon/canonical_story_tree/all_25_books_latest_full_cycle.txt|canon/canonical_story_tree/books/Book_02_The_Diary_And_The_Blue_Light/book_content.txt	blue light|diary	timeline|relationships|scenes|quests|world	implemented_reference_map	reference_extracted_pending_domain_review
WDM-ARTIFACT-42c4d16e30b3	artifact	in the oasis stabilizes	canon/canonical_story_tree/all_25_books_latest_full_cycle.txt|canon/canonical_story_tree/books/Book_02_The_Diary_And_The_Blue_Light/book_content.txt	blue light|diary	timeline|relationships|scenes|quests|world	implemented_reference_map	reference_extracted_pending_domain_review
WDM-ARTIFACT-892c843ada87	artifact	Cannot	canon/canonical_story_tree/all_25_books_latest_full_cycle.txt|canon/canonical_story_tree/books/Book_02_The_Diary_And_The_Blue_Light/book_content.txt	blue light|diary	timeline|relationships|scenes|quests|world	implemented_reference_map	reference_extracted_pending_domain_review
WDM-ARTIFACT-ddcee0b9aa33	artifact	Back	canon/canonical_story_tree/all_25_books_latest_full_cycle.txt|canon/canonical_story_tree/books/Book_02_The_Diary_And_The_Blue_Light/book_content.txt|canon/canonical_story_tree/books/Book_03_The_First_Thread/book_content.txt	blue light|diary	timeline|relationships|scenes|quests|world	implemented_reference_map	reference_extracted_pending_domain_review
WDM-ARTIFACT-b5732c4a0218	artifact	Before	canon/canonical_story_tree/all_25_books_latest_full_cycle.txt|canon/canonical_story_tree/books/Book_02_The_Diary_And_The_Blue_Light/book_content.txt	blue light|diary	timeline|relationships|scenes|quests|world	implemented_reference_map	reference_extracted_pending_domain_review
WDM-ARTIFACT-f2230205465c	artifact	"Pip-Cannot-Go-Back-to-Before

scene"	canon/canonical_story_tree/all_25_books_latest_full_cycle.txt|canon/canonical_story_tree/books/Book_02_The_Diary_And_The_Blue_Light/book_content.txt	blue light|diary	timeline|relationships|scenes|quests|world	implemented_reference_map	reference_extracted_pending_domain_review
WDM-ARTIFACT-e78300479fac	artifact	"S007
beat"	canon/canonical_story_tree/all_25_books_latest_full_cycle.txt|canon/canonical_story_tree/books/Book_02_The_Diary_And_The_Blue_Light/book_content.txt	blue light|diary	timeline|relationships|scenes|quests|world	implemented_reference_map	reference_extracted_pending_domain_review
WDM-ARTIFACT-346c4c798b74	artifact	"Light

Pip-Cannot-Go-Back-to-Before"	canon/canonical_story_tree/all_25_books_latest_full_cycle.txt|canon/canonical_story_tree/books/Book_02_The_Diary_And_The_Blue_Light/book_content.txt	blue light|diary	timeline|relationships|scenes|quests|world	implemented_reference_map	reference_extracted_pending_domain_review
WDM-ARTIFACT-1654ca822b79	artifact	His inner shape rejects any	canon/canonical_story_tree/all_25_books_latest_full_cycle.txt|canon/canonical_story_tree/books/Book_02_The_Diary_And_The_Blue_Light/book_content.txt	blue light|diary	timeline|relationships|scenes|quests|world	implemented_reference_map	reference_extracted_pending_domain_review
WDM-ARTIFACT-1aec4e806182	artifact	illusion of return	canon/canonical_story_tree/all_25_books_latest_full_cycle.txt|canon/canonical_story_tree/books/Book_02_The_Diary_And_The_Blue_Light/book_content.txt	blue light|diary	timeline|relationships|scenes|quests|world	implemented_reference_map	reference_extracted_pending_domain_review
WDM-ARTIFACT-4de605b92b01	artifact	Thread	canon/canonical_story_tree/all_25_books_latest_full_cycle.txt|canon/canonical_story_tree/books/Book_02_The_Diary_And_The_Blue_Light/book_content.txt|canon/canonical_story_tree/books/Book_03_The_First_Thread/book_content.txt	blue light|diary	timeline|relationships|scenes|quests|world	implemented_reference_map	reference_extracted_pending_domain_review
WDM-ARTIFACT-95755ec78009	artifact	Hums	canon/canonical_story_tree/all_25_books_latest_full_cycle.txt|canon/canonical_story_tree/books/Book_02_The_Diary_And_The_Blue_Light/book_content.txt	blue light|diary	timeline|relationships|scenes|quests|world	implemented_reference_map	reference_extracted_pending_domain_review
WDM-ARTIFACT-2c2dab7c7a70	artifact	Beneath	canon/canonical_story_tree/all_25_books_latest_full_cycle.txt|canon/canonical_story_tree/books/Book_02_The_Diary_And_The_Blue_Light/book_content.txt	blue light|diary	timeline|relationships|scenes|quests|world	implemented_reference_map	reference_extracted_pending_domain_review
WDM-ARTIFACT-d074dbcfd1b8	artifact	Calm	canon/canonical_story_tree/all_25_books_latest_full_cycle.txt|canon/canonical_story_tree/books/Book_02_The_Diary_And_The_Blue_Light/book_content.txt|canon/canonical_story_tree/books/Book_20_The_Beforemath/book_content.txt	blue light|cello|diary	timeline|relationships|scenes|quests|world	implemented_reference_map	reference_extracted_pending_domain_review
WDM-ARTIFACT-996c1e2cd476	artifact	"The-Blue-Thread-Hums-Beneath-Calm

scene"	canon/canonical_story_tree/all_25_books_latest_full_cycle.txt|canon/canonical_story_tree/books/Book_02_The_Diary_And_The_Blue_Light/book_content.txt	blue light|diary	timeline|relationships|scenes|quests|world	implemented_reference_map	reference_extracted_pending_domain_review
WDM-ARTIFACT-f24676feeabe	artifact	"S008
beat"	canon/canonical_story_tree/all_25_books_latest_full_cycle.txt|canon/canonical_story_tree/books/Book_02_The_Diary_And_The_Blue_Light/book_content.txt	blue light|diary	timeline|relationships|scenes|quests|world	implemented_reference_map	reference_extracted_pending_domain_review
WDM-ARTIFACT-8d555e39fa73	artifact	"Light

The-Blue-Thread-Hums-Beneath-Calm"	canon/canonical_story_tree/all_25_books_latest_full_cycle.txt|canon/canonical_story_tree/books/Book_02_The_Diary_And_The_Blue_Light/book_content.txt	blue light|diary	timeline|relationships|scenes|quests|world	implemented_reference_map	reference_extracted_pending_domain_review
WDM-ARTIFACT-0c7fc76249dd	artifact	Prophetic current remains active under	canon/canonical_story_tree/all_25_books_latest_full_cycle.txt|canon/canonical_story_tree/books/Book_02_The_Diary_And_The_Blue_Light/book_content.txt	blue light|diary	timeline|relationships|scenes|quests|world	implemented_reference_map	reference_extracted_pending_domain_review
WDM-ARTIFACT-a1a538b236bd	artifact	ordinary daylight	canon/canonical_story_tree/all_25_books_latest_full_cycle.txt|canon/canonical_story_tree/books/Book_02_The_Diary_And_The_Blue_Light/book_content.txt	blue light|diary	timeline|relationships|scenes|quests|world	implemented_reference_map	reference_extracted_pending_domain_review
WDM-ARTIFACT-0129d0dfa06b	artifact	Longer	canon/canonical_story_tree/all_25_books_latest_full_cycle.txt|canon/canonical_story_tree/books/Book_02_The_Diary_And_The_Blue_Light/book_content.txt	blue light|diary	timeline|relationships|scenes|quests|world	implemented_reference_map	reference_extracted_pending_domain_review
WDM-ARTIFACT-0f5004c88937	artifact	Hiding	canon/canonical_story_tree/all_25_books_latest_full_cycle.txt|canon/canonical_story_tree/books/Book_02_The_Diary_And_The_Blue_Light/book_content.txt	blue light|diary	timeline|relationships|scenes|quests|world	implemented_reference_map	reference_extracted_pending_domain_review
WDM-ARTIFACT-edc9da4a01f3	artifact	Plot	canon/canonical_story_tree/all_25_books_latest_full_cycle.txt|canon/canonical_story_tree/books/Book_02_The_Diary_And_The_Blue_Light/book_content.txt	blue light|diary	timeline|relationships|scenes|quests|world	implemented_reference_map	reference_extracted_pending_domain_review
WDM-ARTIFACT-ab0893b2dc66	artifact	"Sanctuary-Is-No-Longer-Hiding-the-Plot

scene"	canon/canonical_story_tree/all_25_books_latest_full_cycle.txt|canon/canonical_story_tree/books/Book_02_The_Diary_And_The_Blue_Light/book_content.txt	blue light|diary	timeline|relationships|scenes|quests|world	implemented_reference_map	reference_extracted_pending_domain_review
WDM-ARTIFACT-813c0a158a42	artifact	"S009
beat"	canon/canonical_story_tree/all_25_books_latest_full_cycle.txt|canon/canonical_story_tree/books/Book_02_The_Diary_And_The_Blue_Light/book_content.txt	blue light|diary	timeline|relationships|scenes|quests|world	implemented_reference_map	reference_extracted_pending_domain_review
WDM-ARTIFACT-77af0e53495b	artifact	"Light

Sanctuary-Is-No-Longer-Hiding-the-Plot"	canon/canonical_story_tree/all_25_books_latest_full_cycle.txt|canon/canonical_story_tree/books/Book_02_The_Diary_And_The_Blue_Light/book_content.txt	blue light|diary	timeline|relationships|scenes|quests|world	implemented_reference_map	reference_extracted_pending_domain_review
WDM-ARTIFACT-8bb12356938f	artifact	Two	canon/canonical_story_tree/all_25_books_latest_full_cycle.txt|canon/canonical_story_tree/books/Book_02_The_Diary_And_The_Blue_Light/book_content.txt	blue light|diary	timeline|relationships|scenes|quests|world	implemented_reference_map	reference_extracted_pending_domain_review
WDM-ARTIFACT-14b502cfaf2e	artifact	Opens	canon/canonical_story_tree/all_25_books_latest_full_cycle.txt|canon/canonical_story_tree/books/Book_02_The_Diary_And_The_Blue_Light/book_content.txt	blue light|diary	timeline|relationships|scenes|quests|world	implemented_reference_map	reference_extracted_pending_domain_review
WDM-ARTIFACT-af6fbc8642d1	artifact	Home	canon/canonical_story_tree/all_25_books_latest_full_cycle.txt|canon/canonical_story_tree/books/Book_02_The_Diary_And_The_Blue_Light/book_content.txt	blue light|diary	timeline|relationships|scenes|quests|world	implemented_reference_map	reference_extracted_pending_domain_review
WDM-ARTIFACT-4d66fafcd2a1	artifact	Law	canon/canonical_story_tree/all_25_books_latest_full_cycle.txt|canon/canonical_story_tree/books/Book_02_The_Diary_And_The_Blue_Light/book_content.txt|canon/canonical_story_tree/books/Book_22_The_Last_Open_Gate/book_content.txt	blue light|cello|diary	timeline|relationships|scenes|quests|world	implemented_reference_map	reference_extracted_pending_domain_review
WDM-ARTIFACT-8274996cc889	artifact	"Book-Two-Opens-on-Changed-Home-Law

scene"	canon/canonical_story_tree/all_25_books_latest_full_cycle.txt|canon/canonical_story_tree/books/Book_02_The_Diary_And_The_Blue_Light/book_content.txt	blue light|diary	timeline|relationships|scenes|quests|world	implemented_reference_map	reference_extracted_pending_domain_review
WDM-ARTIFACT-d4f25b47db00	artifact	"S010
beat"	canon/canonical_story_tree/all_25_books_latest_full_cycle.txt|canon/canonical_story_tree/books/Book_02_The_Diary_And_The_Blue_Light/book_content.txt	blue light|diary	timeline|relationships|scenes|quests|world	implemented_reference_map	reference_extracted_pending_domain_review
WDM-ARTIFACT-f13496618160	artifact	"Light

Book-Two-Opens-on-Changed-Home-Law"	canon/canonical_story_tree/all_25_books_latest_full_cycle.txt|canon/canonical_story_tree/books/Book_02_The_Diary_And_The_Blue_Light/book_content.txt	blue light|diary	timeline|relationships|scenes|quests|world	implemented_reference_map	reference_extracted_pending_domain_review
WDM-ARTIFACT-5955383377a7	artifact	Object	canon/canonical_story_tree/all_25_books_latest_full_cycle.txt|canon/canonical_story_tree/books/Book_02_The_Diary_And_The_Blue_Light/book_content.txt	blue light|diary	timeline|relationships|scenes|quests|world	implemented_reference_map	reference_extracted_pending_domain_review
WDM-ARTIFACT-c3f990f595b1	artifact	Found	canon/canonical_story_tree/all_25_books_latest_full_cycle.txt|canon/canonical_story_tree/books/Book_02_The_Diary_And_The_Blue_Light/book_content.txt	blue light|diary	timeline|relationships|scenes|quests|world	implemented_reference_map	reference_extracted_pending_domain_review
WDM-ARTIFACT-332ed4ea7b0f	artifact	Reintroduced	canon/canonical_story_tree/all_25_books_latest_full_cycle.txt|canon/canonical_story_tree/books/Book_02_The_Diary_And_The_Blue_Light/book_content.txt	blue light|diary	timeline|relationships|scenes|quests|world	implemented_reference_map	reference_extracted_pending_domain_review
WDM-ARTIFACT-4d57f642d2e5	artifact	"The-Object-Is-Found-or-Reintroduced

scene"	canon/canonical_story_tree/all_25_books_latest_full_cycle.txt|canon/canonical_story_tree/books/Book_02_The_Diary_And_The_Blue_Light/book_content.txt	blue light|diary	timeline|relationships|scenes|quests|world	implemented_reference_map	reference_extracted_pending_domain_review
WDM-ARTIFACT-742ea3d39cd3	artifact	"S011
beat"	canon/canonical_story_tree/all_25_books_latest_full_cycle.txt|canon/canonical_story_tree/books/Book_02_The_Diary_And_The_Blue_Light/book_content.txt	blue light|diary	timeline|relationships|scenes|quests|world	implemented_reference_map	reference_extracted_pending_domain_review
WDM-ARTIFACT-267fa09d2485	artifact	"Light

The-Object-Is-Found-or-Reintroduced"	canon/canonical_story_tree/all_25_books_latest_full_cycle.txt|canon/canonical_story_tree/books/Book_02_The_Diary_And_The_Blue_Light/book_content.txt	blue light|diary	timeline|relationships|scenes|quests|world	implemented_reference_map	reference_extracted_pending_domain_review
WDM-ARTIFACT-84d57c45966e	artifact	Feels	canon/canonical_story_tree/all_25_books_latest_full_cycle.txt|canon/canonical_story_tree/books/Book_02_The_Diary_And_The_Blue_Light/book_content.txt	blue light|diary	timeline|relationships|scenes|quests|world	implemented_reference_map	reference_extracted_pending_domain_review
WDM-ARTIFACT-b0415014e46f	artifact	Drawn	canon/canonical_story_tree/all_25_books_latest_full_cycle.txt|canon/canonical_story_tree/books/Book_02_The_Diary_And_The_Blue_Light/book_content.txt	blue light|diary	timeline|relationships|scenes|quests|world	implemented_reference_map	reference_extracted_pending_domain_review
WDM-ARTIFACT-fdc5b76a1c55	artifact	Understands	canon/canonical_story_tree/all_25_books_latest_full_cycle.txt|canon/canonical_story_tree/books/Book_02_The_Diary_And_The_Blue_Light/book_content.txt	blue light|diary	timeline|relationships|scenes|quests|world	implemented_reference_map	reference_extracted_pending_domain_review
WDM-ARTIFACT-aba4a6a8741c	artifact	Why	canon/canonical_story_tree/all_25_books_latest_full_cycle.txt|canon/canonical_story_tree/books/Book_02_The_Diary_And_The_Blue_Light/book_content.txt	blue light|diary	timeline|relationships|scenes|quests|world	implemented_reference_map	reference_extracted_pending_domain_review
WDM-ARTIFACT-42960df35755	artifact	"Pip-Feels-Drawn-Before-He-Understands-Why

scene"	canon/canonical_story_tree/all_25_books_latest_full_cycle.txt|canon/canonical_story_tree/books/Book_02_The_Diary_And_The_Blue_Light/book_content.txt	blue light|diary	timeline|relationships|scenes|quests|world	implemented_reference_map	reference_extracted_pending_domain_review
WDM-ARTIFACT-c65dfe7f2e2b	artifact	"S012
beat"	canon/canonical_story_tree/all_25_books_latest_full_cycle.txt|canon/canonical_story_tree/books/Book_02_The_Diary_And_The_Blue_Light/book_content.txt	blue light|diary	timeline|relationships|scenes|quests|world	implemented_reference_map	reference_extracted_pending_domain_review
WDM-ARTIFACT-817d4db8c27c	artifact	"Light

Pip-Feels-Drawn-Before-He-Understands-Why"	canon/canonical_story_tree/all_25_books_latest_full_cycle.txt|canon/canonical_story_tree/books/Book_02_The_Diary_And_The_Blue_Light/book_content.txt	blue light|diary	timeline|relationships|scenes|quests|world	implemented_reference_map	reference_extracted_pending_domain_review
WDM-ARTIFACT-48ada03395ee	artifact	Recognizes	canon/canonical_story_tree/all_25_books_latest_full_cycle.txt|canon/canonical_story_tree/books/Book_02_The_Diary_And_The_Blue_Light/book_content.txt	blue light|diary	timeline|relationships|scenes|quests|world	implemented_reference_map	reference_extracted_pending_domain_review
WDM-ARTIFACT-6ce5cdceccf8	artifact	Its	canon/canonical_story_tree/all_25_books_latest_full_cycle.txt|canon/canonical_story_tree/books/Book_02_The_Diary_And_The_Blue_Light/book_content.txt	blue light|diary	timeline|relationships|scenes|quests|world	implemented_reference_map	reference_extracted_pending_domain_review
WDM-ARTIFACT-eaa3d6d6bc7b	artifact	Weight	canon/canonical_story_tree/all_25_books_latest_full_cycle.txt|canon/canonical_story_tree/books/Book_02_The_Diary_And_The_Blue_Light/book_content.txt	blue light|diary	timeline|relationships|scenes|quests|world	implemented_reference_map	reference_extracted_pending_domain_review
WDM-ARTIFACT-00b61208d4e5	artifact	"Mack-Recognizes-Its-Weight

scene"	canon/canonical_story_tree/all_25_books_latest_full_cycle.txt|canon/canonical_story_tree/books/Book_02_The_Diary_And_The_Blue_Light/book_content.txt	blue light|diary	timeline|relationships|scenes|quests|world	implemented_reference_map	reference_extracted_pending_domain_review
WDM-ARTIFACT-09c438579393	artifact	"S013
beat"	canon/canonical_story_tree/all_25_books_latest_full_cycle.txt|canon/canonical_story_tree/books/Book_02_The_Diary_And_The_Blue_Light/book_content.txt	blue light|diary	timeline|relationships|scenes|quests|world	implemented_reference_map	reference_extracted_pending_domain_review
WDM-ARTIFACT-8e7d66f6aae5	artifact	"Light

Mack-Recognizes-Its-Weight"	canon/canonical_story_tree/all_25_books_latest_full_cycle.txt|canon/canonical_story_tree/books/Book_02_The_Diary_And_The_Blue_Light/book_content.txt	blue light|diary	timeline|relationships|scenes|quests|world	implemented_reference_map	reference_extracted_pending_domain_review
WDM-ARTIFACT-a9d91bf77cad	artifact	Watches	canon/canonical_story_tree/all_25_books_latest_full_cycle.txt|canon/canonical_story_tree/books/Book_02_The_Diary_And_The_Blue_Light/book_content.txt	blue light|diary	timeline|relationships|scenes|quests|world	implemented_reference_map	reference_extracted_pending_domain_review
WDM-ARTIFACT-4bb073ba60ec	artifact	Pips	canon/canonical_story_tree/all_25_books_latest_full_cycle.txt|canon/canonical_story_tree/books/Book_02_The_Diary_And_The_Blue_Light/book_content.txt	blue light|diary	timeline|relationships|scenes|quests|world	implemented_reference_map	reference_extracted_pending_domain_review
WDM-ARTIFACT-d4adb47fe3f3	artifact	Reaction	canon/canonical_story_tree/all_25_books_latest_full_cycle.txt|canon/canonical_story_tree/books/Book_02_The_Diary_And_The_Blue_Light/book_content.txt	blue light|diary	timeline|relationships|scenes|quests|world	implemented_reference_map	reference_extracted_pending_domain_review
WDM-ARTIFACT-8006af8827cc	artifact	Closely	canon/canonical_story_tree/all_25_books_latest_full_cycle.txt|canon/canonical_story_tree/books/Book_02_The_Diary_And_The_Blue_Light/book_content.txt	blue light|diary	timeline|relationships|scenes|quests|world	implemented_reference_map	reference_extracted_pending_domain_review
WDM-ARTIFACT-0ac90c43819b	artifact	"Rylos Vayne Johnson-Watches-Pips-Reaction-Closely

scene"	canon/canonical_story_tree/all_25_books_latest_full_cycle.txt|canon/canonical_story_tree/books/Book_02_The_Diary_And_The_Blue_Light/book_content.txt	blue light|diary	timeline|relationships|scenes|quests|world	implemented_reference_map	reference_extracted_pending_domain_review
WDM-ARTIFACT-4ed4004a4191	artifact	"S014
beat"	canon/canonical_story_tree/all_25_books_latest_full_cycle.txt|canon/canonical_story_tree/books/Book_02_The_Diary_And_The_Blue_Light/book_content.txt	blue light|diary	timeline|relationships|scenes|quests|world	implemented_reference_map	reference_extracted_pending_domain_review
WDM-ARTIFACT-0cfafafb8752	artifact	"Light

Rylos Vayne Johnson-Watches-Pips-Reaction-Closely"	canon/canonical_story_tree/all_25_books_latest_full_cycle.txt|canon/canonical_story_tree/books/Book_02_The_Diary_And_The_Blue_Light/book_content.txt	blue light|diary	timeline|relationships|scenes|quests|world	implemented_reference_map	reference_extracted_pending_domain_review
WDM-ARTIFACT-af74ca5c4b44	artifact	Neutral	canon/canonical_story_tree/all_25_books_latest_full_cycle.txt|canon/canonical_story_tree/books/Book_02_The_Diary_And_The_Blue_Light/book_content.txt	blue light|diary	timeline|relationships|scenes|quests|world	implemented_reference_map	reference_extracted_pending_domain_review
WDM-ARTIFACT-6a12bc3c3255	artifact	Memory	canon/canonical_story_tree/all_25_books_latest_full_cycle.txt|canon/canonical_story_tree/books/Book_02_The_Diary_And_The_Blue_Light/book_content.txt|canon/canonical_story_tree/books/Book_05_Runes_And_Wound/book_content.txt|canon/canonical_story_tree/books/Book_25_Death_Is_Rebirth/book_content.txt	blue light|cello|diary	timeline|relationships|scenes|quests|world	implemented_reference_map	reference_extracted_pending_domain_review
WDM-ARTIFACT-94c9cb6c4035	artifact	"The-Diary-Is-Not-Neutral-Memory

scene"	canon/canonical_story_tree/all_25_books_latest_full_cycle.txt|canon/canonical_story_tree/books/Book_02_The_Diary_And_The_Blue_Light/book_content.txt	blue light|diary	timeline|relationships|scenes|quests|world	implemented_reference_map	reference_extracted_pending_domain_review
WDM-ARTIFACT-7c3dbc055af6	artifact	"S015
beat"	canon/canonical_story_tree/all_25_books_latest_full_cycle.txt|canon/canonical_story_tree/books/Book_02_The_Diary_And_The_Blue_Light/book_content.txt	blue light|diary	timeline|relationships|scenes|quests|world	implemented_reference_map	reference_extracted_pending_domain_review
WDM-ARTIFACT-1a54fa7df55d	artifact	"Light

The-Diary-Is-Not-Neutral-Memory"	canon/canonical_story_tree/all_25_books_latest_full_cycle.txt|canon/canonical_story_tree/books/Book_02_The_Diary_And_The_Blue_Light/book_content.txt	blue light|diary	timeline|relationships|scenes|quests|world	implemented_reference_map	reference_extracted_pending_domain_review
WDM-ARTIFACT-f3cccd75cd07	artifact	Grows	canon/canonical_story_tree/all_25_books_latest_full_cycle.txt|canon/canonical_story_tree/books/Book_02_The_Diary_And_The_Blue_Light/book_content.txt	blue light|diary	timeline|relationships|scenes|quests|world	implemented_reference_map	reference_extracted_pending_domain_review
WDM-ARTIFACT-c7d44df0fcb4	artifact	Stranger	canon/canonical_story_tree/all_25_books_latest_full_cycle.txt|canon/canonical_story_tree/books/Book_02_The_Diary_And_The_Blue_Light/book_content.txt	blue light|diary	timeline|relationships|scenes|quests|world	implemented_reference_map	reference_extracted_pending_domain_review
WDM-ARTIFACT-46a7737f754a	artifact	Without	canon/canonical_story_tree/all_25_books_latest_full_cycle.txt|canon/canonical_story_tree/books/Book_02_The_Diary_And_The_Blue_Light/book_content.txt	blue light|diary	timeline|relationships|scenes|quests|world	implemented_reference_map	reference_extracted_pending_domain_review
WDM-ARTIFACT-a1cabf804628	artifact	Growing	canon/canonical_story_tree/all_25_books_latest_full_cycle.txt|canon/canonical_story_tree/books/Book_02_The_Diary_And_The_Blue_Light/book_content.txt	blue light|diary	timeline|relationships|scenes|quests|world	implemented_reference_map	reference_extracted_pending_domain_review
WDM-ARTIFACT-23867d1c8284	artifact	Less	canon/canonical_story_tree/all_25_books_latest_full_cycle.txt|canon/canonical_story_tree/books/Book_02_The_Diary_And_The_Blue_Light/book_content.txt	blue light|diary	timeline|relationships|scenes|quests|world	implemented_reference_map	reference_extracted_pending_domain_review
WDM-ARTIFACT-5eb2ded13169	artifact	Loving	canon/canonical_story_tree/all_25_books_latest_full_cycle.txt|canon/canonical_story_tree/books/Book_02_The_Diary_And_The_Blue_Light/book_content.txt	blue light|diary	timeline|relationships|scenes|quests|world	implemented_reference_map	reference_extracted_pending_domain_review
WDM-ARTIFACT-ed72d7223733	artifact	"Home-Grows-Stranger-Without-Growing-Less-Loving

scene"	canon/canonical_story_tree/all_25_books_latest_full_cycle.txt|canon/canonical_story_tree/books/Book_02_The_Diary_And_The_Blue_Light/book_content.txt	blue light|diary	timeline|relationships|scenes|quests|world	implemented_reference_map	reference_extracted_pending_domain_review
WDM-ARTIFACT-6386bf437bb2	artifact	"S016
beat"	canon/canonical_story_tree/all_25_books_latest_full_cycle.txt|canon/canonical_story_tree/books/Book_02_The_Diary_And_The_Blue_Light/book_content.txt	blue light|diary	timeline|relationships|scenes|quests|world	implemented_reference_map	reference_extracted_pending_domain_review
WDM-ARTIFACT-66d323a1e6e3	artifact	"Light

Home-Grows-Stranger-Without-Growing-Less-Loving"	canon/canonical_story_tree/all_25_books_latest_full_cycle.txt|canon/canonical_story_tree/books/Book_02_The_Diary_And_The_Blue_Light/book_content.txt	blue light|diary	timeline|relationships|scenes|quests|world	implemented_reference_map	reference_extracted_pending_domain_review
WDM-ARTIFACT-e9da139d5d2f	artifact	Hesitates	canon/canonical_story_tree/all_25_books_latest_full_cycle.txt|canon/canonical_story_tree/books/Book_02_The_Diary_And_The_Blue_Light/book_content.txt	blue light|diary	timeline|relationships|scenes|quests|world	implemented_reference_map	reference_extracted_pending_domain_review
WDM-ARTIFACT-f27f45c4f47e	artifact	Open	canon/canonical_story_tree/all_25_books_latest_full_cycle.txt|canon/canonical_story_tree/books/Book_02_The_Diary_And_The_Blue_Light/book_content.txt	blue light|diary	timeline|relationships|scenes|quests|world	implemented_reference_map	reference_extracted_pending_domain_review
WDM-ARTIFACT-0dd53c20ddb3	artifact	What	canon/canonical_story_tree/all_25_books_latest_full_cycle.txt|canon/canonical_story_tree/books/Book_02_The_Diary_And_The_Blue_Light/book_content.txt	blue light|diary	timeline|relationships|scenes|quests|world	implemented_reference_map	reference_extracted_pending_domain_review
WDM-ARTIFACT-aef50bd09328	artifact	Wants	canon/canonical_story_tree/all_25_books_latest_full_cycle.txt|canon/canonical_story_tree/books/Book_02_The_Diary_And_The_Blue_Light/book_content.txt	blue light|diary	timeline|relationships|scenes|quests|world	implemented_reference_map	reference_extracted_pending_domain_review
WDM-ARTIFACT-e5a8d462c90b	artifact	"Pip-Hesitates-to-Open-What-Wants-Him

scene"	canon/canonical_story_tree/all_25_books_latest_full_cycle.txt|canon/canonical_story_tree/books/Book_02_The_Diary_And_The_Blue_Light/book_content.txt	blue light|diary	timeline|relationships|scenes|quests|world	implemented_reference_map	reference_extracted_pending_domain_review
WDM-ARTIFACT-28b88c89cbbc	artifact	"S017
beat"	canon/canonical_story_tree/all_25_books_latest_full_cycle.txt|canon/canonical_story_tree/books/Book_02_The_Diary_And_The_Blue_Light/book_content.txt	blue light|diary	timeline|relationships|scenes|quests|world	implemented_reference_map	reference_extracted_pending_domain_review
WDM-ARTIFACT-4d8bc1a107c7	artifact	"Light

Pip-Hesitates-to-Open-What-Wants-Him"	canon/canonical_story_tree/all_25_books_latest_full_cycle.txt|canon/canonical_story_tree/books/Book_02_The_Diary_And_The_Blue_Light/book_content.txt	blue light|diary	timeline|relationships|scenes|quests|world	implemented_reference_map	reference_extracted_pending_domain_review
WDM-ARTIFACT-f240515716c6	artifact	Becomes	canon/canonical_story_tree/all_25_books_latest_full_cycle.txt|canon/canonical_story_tree/books/Book_02_The_Diary_And_The_Blue_Light/book_content.txt	blue light|diary	timeline|relationships|scenes|quests|world	implemented_reference_map	reference_extracted_pending_domain_review
WDM-ARTIFACT-c8ff473e7022	artifact	Second	canon/canonical_story_tree/all_25_books_latest_full_cycle.txt|canon/canonical_story_tree/books/Book_02_The_Diary_And_The_Blue_Light/book_content.txt	blue light|diary	timeline|relationships|scenes|quests|world	implemented_reference_map	reference_extracted_pending_domain_review
WDM-ARTIFACT-e539b1f6b1e2	artifact	"The-Diary-Becomes-a-Second-Blue-Light

scene"	canon/canonical_story_tree/all_25_books_latest_full_cycle.txt|canon/canonical_story_tree/books/Book_02_The_Diary_And_The_Blue_Light/book_content.txt	blue light|diary	timeline|relationships|scenes|quests|world	implemented_reference_map	reference_extracted_pending_domain_review
WDM-ARTIFACT-710ed44fbc45	artifact	"S018
beat"	canon/canonical_story_tree/all_25_books_latest_full_cycle.txt|canon/canonical_story_tree/books/Book_02_The_Diary_And_The_Blue_Light/book_content.txt	blue light|diary	timeline|relationships|scenes|quests|world	implemented_reference_map	reference_extracted_pending_domain_review
WDM-ARTIFACT-9b1aa93a6535	artifact	"Light

The-Diary-Becomes-a-Second-Blue-Light"	canon/canonical_story_tree/all_25_books_latest_full_cycle.txt|canon/canonical_story_tree/books/Book_02_The_Diary_And_The_Blue_Light/book_content.txt	blue light|diary	timeline|relationships|scenes|quests|world	implemented_reference_map	reference_extracted_pending_domain_review
WDM-ARTIFACT-cdf4be7602be	artifact	Room	canon/canonical_story_tree/all_25_books_latest_full_cycle.txt|canon/canonical_story_tree/books/Book_02_The_Diary_And_The_Blue_Light/book_content.txt	blue light|diary	timeline|relationships|scenes|quests|world	implemented_reference_map	reference_extracted_pending_domain_review
WDM-ARTIFACT-e18769cb22f8	artifact	"Rylos Vayne Johnson-Feels-the-Shift-in-the-Room

scene"	canon/canonical_story_tree/all_25_books_latest_full_cycle.txt|canon/canonical_story_tree/books/Book_02_The_Diary_And_The_Blue_Light/book_content.txt	blue light|diary	timeline|relationships|scenes|quests|world	implemented_reference_map	reference_extracted_pending_domain_review
WDM-ARTIFACT-93aa7909d384	artifact	"S019
beat"	canon/canonical_story_tree/all_25_books_latest_full_cycle.txt|canon/canonical_story_tree/books/Book_02_The_Diary_And_The_Blue_Light/book_content.txt	blue light|diary	timeline|relationships|scenes|quests|world	implemented_reference_map	reference_extracted_pending_domain_review
WDM-ARTIFACT-99b69ee1c2f7	artifact	"Light

Rylos Vayne Johnson-Feels-the-Shift-in-the-Room"	canon/canonical_story_tree/all_25_books_latest_full_cycle.txt|canon/canonical_story_tree/books/Book_02_The_Diary_And_The_Blue_Light/book_content.txt	blue light|diary	timeline|relationships|scenes|quests|world	implemented_reference_map	reference_extracted_pending_domain_review
WDM-ARTIFACT-b9bc7ae10971	artifact	Beat	canon/canonical_story_tree/all_25_books_latest_full_cycle.txt|canon/canonical_story_tree/books/Book_02_The_Diary_And_The_Blue_Light/book_content.txt|canon/canonical_story_tree/world/wowas_world_zone_map.json	blue light|diary	timeline|relationships|scenes|quests|world	implemented_reference_map	reference_extracted_pending_domain_review
WDM-ARTIFACT-acc1d7d5864d	artifact	Ends	canon/canonical_story_tree/all_25_books_latest_full_cycle.txt|canon/canonical_story_tree/books/Book_02_The_Diary_And_The_Blue_Light/book_content.txt	blue light|diary	timeline|relationships|scenes|quests|world	implemented_reference_map	reference_extracted_pending_domain_review
WDM-ARTIFACT-394308b715b0	artifact	with	canon/canonical_story_tree/all_25_books_latest_full_cycle.txt|canon/canonical_story_tree/books/Book_02_The_Diary_And_The_Blue_Light/book_content.txt	blue light|diary	timeline|relationships|scenes|quests|world	implemented_reference_map	reference_extracted_pending_domain_review
WDM-ARTIFACT-7ad2df2b0b9e	artifact	Access	canon/canonical_story_tree/all_25_books_latest_full_cycle.txt|canon/canonical_story_tree/books/Book_02_The_Diary_And_The_Blue_Light/book_content.txt	blue light|diary	timeline|relationships|scenes|quests|world	implemented_reference_map	reference_extracted_pending_domain_review
WDM-ARTIFACT-dc9f8f809ed0	artifact	Delayed	canon/canonical_story_tree/all_25_books_latest_full_cycle.txt|canon/canonical_story_tree/books/Book_02_The_Diary_And_The_Blue_Light/book_content.txt	blue light|diary	timeline|relationships|scenes|quests|world	implemented_reference_map	reference_extracted_pending_domain_review
WDM-ARTIFACT-8357ffb3648a	artifact	But	canon/canonical_story_tree/all_25_books_latest_full_cycle.txt|canon/canonical_story_tree/books/Book_02_The_Diary_And_The_Blue_Light/book_content.txt	blue light|diary	timeline|relationships|scenes|quests|world	implemented_reference_map	reference_extracted_pending_domain_review
WDM-ARTIFACT-74d642aa4342	artifact	Inevitable	canon/canonical_story_tree/all_25_books_latest_full_cycle.txt|canon/canonical_story_tree/books/Book_02_The_Diary_And_The_Blue_Light/book_content.txt	blue light|diary	timeline|relationships|scenes|quests|world	implemented_reference_map	reference_extracted_pending_domain_review
WDM-ARTIFACT-44c45e522f10	artifact	"The-Beat-Ends-with-Access-Delayed-But-Inevitable

scene"	canon/canonical_story_tree/all_25_books_latest_full_cycle.txt|canon/canonical_story_tree/books/Book_02_The_Diary_And_The_Blue_Light/book_content.txt	blue light|diary	timeline|relationships|scenes|quests|world	implemented_reference_map	reference_extracted_pending_domain_review
WDM-ARTIFACT-36082d495972	artifact	"S020
beat"	canon/canonical_story_tree/all_25_books_latest_full_cycle.txt|canon/canonical_story_tree/books/Book_02_The_Diary_And_The_Blue_Light/book_content.txt	blue light|diary	timeline|relationships|scenes|quests|world	implemented_reference_map	reference_extracted_pending_domain_review
WDM-ARTIFACT-8ed515b5fe9f	artifact	"Light

The-Beat-Ends-with-Access-Delayed-But-Inevitable"	canon/canonical_story_tree/all_25_books_latest_full_cycle.txt|canon/canonical_story_tree/books/Book_02_The_Diary_And_The_Blue_Light/book_content.txt	blue light|diary	timeline|relationships|scenes|quests|world	implemented_reference_map	reference_extracted_pending_domain_review
WDM-ARTIFACT-98dd61dd30d9	artifact	First	canon/canonical_story_tree/all_25_books_latest_full_cycle.txt|canon/canonical_story_tree/books/Book_02_The_Diary_And_The_Blue_Light/book_content.txt|canon/canonical_story_tree/books/Book_03_The_First_Thread/book_content.txt|canon/canonical_story_tree/world/wowas_world_zone_map.json	blue light|diary	timeline|relationships|scenes|quests|world	implemented_reference_map	reference_extracted_pending_domain_review
WDM-ARTIFACT-0b7eb5230961	artifact	Lines	canon/canonical_story_tree/all_25_books_latest_full_cycle.txt|canon/canonical_story_tree/books/Book_02_The_Diary_And_The_Blue_Light/book_content.txt	blue light|diary	timeline|relationships|scenes|quests|world	implemented_reference_map	reference_extracted_pending_domain_review
WDM-ARTIFACT-629ef432c226	artifact	Are	canon/canonical_story_tree/all_25_books_latest_full_cycle.txt|canon/canonical_story_tree/books/Book_02_The_Diary_And_The_Blue_Light/book_content.txt	blue light|diary	timeline|relationships|scenes|quests|world	implemented_reference_map	reference_extracted_pending_domain_review
WDM-ARTIFACT-b87055cc7a20	artifact	Read	canon/canonical_story_tree/all_25_books_latest_full_cycle.txt|canon/canonical_story_tree/books/Book_02_The_Diary_And_The_Blue_Light/book_content.txt	blue light|diary	timeline|relationships|scenes|quests|world	implemented_reference_map	reference_extracted_pending_domain_review
WDM-ARTIFACT-fed2d7f3a0d0	artifact	"The-First-Lines-Are-Read

scene"	canon/canonical_story_tree/all_25_books_latest_full_cycle.txt|canon/canonical_story_tree/books/Book_02_The_Diary_And_The_Blue_Light/book_content.txt	blue light|diary	timeline|relationships|scenes|quests|world	implemented_reference_map	reference_extracted_pending_domain_review
WDM-ARTIFACT-1b8f5aee7df4	artifact	"S021
beat"	canon/canonical_story_tree/all_25_books_latest_full_cycle.txt|canon/canonical_story_tree/books/Book_02_The_Diary_And_The_Blue_Light/book_content.txt	blue light|diary	timeline|relationships|scenes|quests|world	implemented_reference_map	reference_extracted_pending_domain_review
WDM-ARTIFACT-6a19d0f5c024	artifact	"Light

The-First-Lines-Are-Read"	canon/canonical_story_tree/all_25_books_latest_full_cycle.txt|canon/canonical_story_tree/books/Book_02_The_Diary_And_The_Blue_Light/book_content.txt	blue light|diary	timeline|relationships|scenes|quests|world	implemented_reference_map	reference_extracted_pending_domain_review
WDM-ARTIFACT-9c60b8fd9030	artifact	Voice	canon/canonical_story_tree/all_25_books_latest_full_cycle.txt|canon/canonical_story_tree/books/Book_02_The_Diary_And_The_Blue_Light/book_content.txt|canon/canonical_story_tree/books/Book_20_The_Beforemath/book_content.txt	blue light|cello|diary	timeline|relationships|scenes|quests|world	implemented_reference_map	reference_extracted_pending_domain_review
WDM-ARTIFACT-6c20b85c36e9	artifact	Inside	canon/canonical_story_tree/all_25_books_latest_full_cycle.txt|canon/canonical_story_tree/books/Book_02_The_Diary_And_The_Blue_Light/book_content.txt	blue light|diary	timeline|relationships|scenes|quests|world	implemented_reference_map	reference_extracted_pending_domain_review
WDM-ARTIFACT-961a5669e65b	artifact	Too	canon/canonical_story_tree/all_25_books_latest_full_cycle.txt|canon/canonical_story_tree/books/Book_02_The_Diary_And_The_Blue_Light/book_content.txt	blue light|diary	timeline|relationships|scenes|quests|world	implemented_reference_map	reference_extracted_pending_domain_review
WDM-ARTIFACT-afe500f4ad41	artifact	Close	canon/canonical_story_tree/all_25_books_latest_full_cycle.txt|canon/canonical_story_tree/books/Book_02_The_Diary_And_The_Blue_Light/book_content.txt	blue light|diary	timeline|relationships|scenes|quests|world	implemented_reference_map	reference_extracted_pending_domain_review
WDM-ARTIFACT-88d099b6d0df	artifact	"The-Voice-Inside-Is-Too-Close

scene"	canon/canonical_story_tree/all_25_books_latest_full_cycle.txt|canon/canonical_story_tree/books/Book_02_The_Diary_And_The_Blue_Light/book_content.txt	blue light|diary	timeline|relationships|scenes|quests|world	implemented_reference_map	reference_extracted_pending_domain_review
WDM-ARTIFACT-fcbd483f284f	artifact	"S022
beat"	canon/canonical_story_tree/all_25_books_latest_full_cycle.txt|canon/canonical_story_tree/books/Book_02_The_Diary_And_The_Blue_Light/book_content.txt	blue light|diary	timeline|relationships|scenes|quests|world	implemented_reference_map	reference_extracted_pending_domain_review
WDM-ARTIFACT-3d7250f046aa	artifact	"Light

The-Voice-Inside-Is-Too-Close"	canon/canonical_story_tree/all_25_books_latest_full_cycle.txt|canon/canonical_story_tree/books/Book_02_The_Diary_And_The_Blue_Light/book_content.txt	blue light|diary	timeline|relationships|scenes|quests|world	implemented_reference_map	reference_extracted_pending_domain_review
WDM-ARTIFACT-1d42d6b32621	artifact	Seen	canon/canonical_story_tree/all_25_books_latest_full_cycle.txt|canon/canonical_story_tree/books/Book_02_The_Diary_And_The_Blue_Light/book_content.txt	blue light|diary	timeline|relationships|scenes|quests|world	implemented_reference_map	reference_extracted_pending_domain_review
WDM-ARTIFACT-9df23cd4c7d2	artifact	Words	canon/canonical_story_tree/all_25_books_latest_full_cycle.txt|canon/canonical_story_tree/books/Book_02_The_Diary_And_The_Blue_Light/book_content.txt|canon/canonical_story_tree/books/Book_04_Crocodile_Smile/book_content.txt	blue light|diary	timeline|relationships|scenes|quests|world	implemented_reference_map	reference_extracted_pending_domain_review
WDM-ARTIFACT-2fc152f6ec76	artifact	Meant	canon/canonical_story_tree/all_25_books_latest_full_cycle.txt|canon/canonical_story_tree/books/Book_02_The_Diary_And_The_Blue_Light/book_content.txt	blue light|diary	timeline|relationships|scenes|quests|world	implemented_reference_map	reference_extracted_pending_domain_review
WDM-ARTIFACT-99c62809d34b	artifact	Now	canon/canonical_story_tree/all_25_books_latest_full_cycle.txt|canon/canonical_story_tree/books/Book_02_The_Diary_And_The_Blue_Light/book_content.txt	blue light|diary	timeline|relationships|scenes|quests|world	implemented_reference_map	reference_extracted_pending_domain_review
WDM-ARTIFACT-57f9c8ff1b99	artifact	"Pip-Feels-Seen-by-Words-Not-Meant-for-Now

scene"	canon/canonical_story_tree/all_25_books_latest_full_cycle.txt|canon/canonical_story_tree/books/Book_02_The_Diary_And_The_Blue_Light/book_content.txt	blue light|diary	timeline|relationships|scenes|quests|world	implemented_reference_map	reference_extracted_pending_domain_review
WDM-ARTIFACT-c0a1e08531f8	artifact	"S023
beat"	canon/canonical_story_tree/all_25_books_latest_full_cycle.txt|canon/canonical_story_tree/books/Book_02_The_Diary_And_The_Blue_Light/book_content.txt	blue light|diary	timeline|relationships|scenes|quests|world	implemented_reference_map	reference_extracted_pending_domain_review
WDM-ARTIFACT-d8d5e44e5e72	artifact	"Light

Pip-Feels-Seen-by-Words-Not-Meant-for-Now"	canon/canonical_story_tree/all_25_books_latest_full_cycle.txt|canon/canonical_story_tree/books/Book_02_The_Diary_And_The_Blue_Light/book_content.txt	blue light|diary	timeline|relationships|scenes|quests|world	implemented_reference_map	reference_extracted_pending_domain_review
WDM-ARTIFACT-82185ebd14a7	artifact	Pattern	canon/canonical_story_tree/all_25_books_latest_full_cycle.txt|canon/canonical_story_tree/books/Book_02_The_Diary_And_The_Blue_Light/book_content.txt	blue light|diary	timeline|relationships|scenes|quests|world	implemented_reference_map	reference_extracted_pending_domain_review
WDM-ARTIFACT-57a9b5dca3e1	artifact	"Mack-Reads-for-Pattern

scene"	canon/canonical_story_tree/all_25_books_latest_full_cycle.txt|canon/canonical_story_tree/books/Book_02_The_Diary_And_The_Blue_Light/book_content.txt	blue light|diary	timeline|relationships|scenes|quests|world	implemented_reference_map	reference_extracted_pending_domain_review
WDM-ARTIFACT-76aa682285cf	artifact	"S024
beat"	canon/canonical_story_tree/all_25_books_latest_full_cycle.txt|canon/canonical_story_tree/books/Book_02_The_Diary_And_The_Blue_Light/book_content.txt	blue light|diary	timeline|relationships|scenes|quests|world	implemented_reference_map	reference_extracted_pending_domain_review
WDM-ARTIFACT-bec629e70477	artifact	"Light

Mack-Reads-for-Pattern"	canon/canonical_story_tree/all_25_books_latest_full_cycle.txt|canon/canonical_story_tree/books/Book_02_The_Diary_And_The_Blue_Light/book_content.txt	blue light|diary	timeline|relationships|scenes|quests|world	implemented_reference_map	reference_extracted_pending_domain_review
WDM-ARTIFACT-36a2cecad761	artifact	Readers	canon/canonical_story_tree/all_25_books_latest_full_cycle.txt|canon/canonical_story_tree/books/Book_02_The_Diary_And_The_Blue_Light/book_content.txt	blue light|diary	timeline|relationships|scenes|quests|world	implemented_reference_map	reference_extracted_pending_domain_review
WDM-ARTIFACT-6469ee7e08fd	artifact	"Rylos Vayne Johnson-Reads-the-Readers

scene"	canon/canonical_story_tree/all_25_books_latest_full_cycle.txt|canon/canonical_story_tree/books/Book_02_The_Diary_And_The_Blue_Light/book_content.txt	blue light|diary	timeline|relationships|scenes|quests|world	implemented_reference_map	reference_extracted_pending_domain_review
WDM-ARTIFACT-9054084fb271	artifact	"S025
beat"	canon/canonical_story_tree/all_25_books_latest_full_cycle.txt|canon/canonical_story_tree/books/Book_02_The_Diary_And_The_Blue_Light/book_content.txt	blue light|diary	timeline|relationships|scenes|quests|world	implemented_reference_map	reference_extracted_pending_domain_review
WDM-ARTIFACT-f61b8513e878	artifact	"Light

Rylos Vayne Johnson-Reads-the-Readers"	canon/canonical_story_tree/all_25_books_latest_full_cycle.txt|canon/canonical_story_tree/books/Book_02_The_Diary_And_The_Blue_Light/book_content.txt	blue light|diary	timeline|relationships|scenes|quests|world	implemented_reference_map	reference_extracted_pending_domain_review
WDM-ARTIFACT-12e9bd59e5a5	artifact	Tightens	canon/canonical_story_tree/all_25_books_latest_full_cycle.txt|canon/canonical_story_tree/books/Book_02_The_Diary_And_The_Blue_Light/book_content.txt	blue light|diary	timeline|relationships|scenes|quests|world	implemented_reference_map	reference_extracted_pending_domain_review
WDM-ARTIFACT-f5e06b201216	artifact	Around	canon/canonical_story_tree/all_25_books_latest_full_cycle.txt|canon/canonical_story_tree/books/Book_02_The_Diary_And_The_Blue_Light/book_content.txt	blue light|diary	timeline|relationships|scenes|quests|world	implemented_reference_map	reference_extracted_pending_domain_review
WDM-ARTIFACT-41634d0365d0	artifact	Text	canon/canonical_story_tree/all_25_books_latest_full_cycle.txt|canon/canonical_story_tree/books/Book_02_The_Diary_And_The_Blue_Light/book_content.txt	blue light|diary	timeline|relationships|scenes|quests|world	implemented_reference_map	reference_extracted_pending_domain_review
WDM-ARTIFACT-befe8450d2f8	artifact	"The-Room-Tightens-Around-the-Text

scene"	canon/canonical_story_tree/all_25_books_latest_full_cycle.txt|canon/canonical_story_tree/books/Book_02_The_Diary_And_The_Blue_Light/book_content.txt	blue light|diary	timeline|relationships|scenes|quests|world	implemented_reference_map	reference_extracted_pending_domain_review
WDM-ARTIFACT-3b5458e8dc10	artifact	"S026
beat"	canon/canonical_story_tree/all_25_books_latest_full_cycle.txt|canon/canonical_story_tree/books/Book_02_The_Diary_And_The_Blue_Light/book_content.txt	blue light|diary	timeline|relationships|scenes|quests|world	implemented_reference_map	reference_extracted_pending_domain_review
WDM-ARTIFACT-f4be986fe2c1	artifact	"Light

The-Room-Tightens-Around-the-Text"	canon/canonical_story_tree/all_25_books_latest_full_cycle.txt|canon/canonical_story_tree/books/Book_02_The_Diary_And_The_Blue_Light/book_content.txt	blue light|diary	timeline|relationships|scenes|quests|world	implemented_reference_map	reference_extracted_pending_domain_review
WDM-ARTIFACT-f0fd83258f7e	artifact	Links	canon/canonical_story_tree/all_25_books_latest_full_cycle.txt|canon/canonical_story_tree/books/Book_02_The_Diary_And_The_Blue_Light/book_content.txt	blue light|diary	timeline|relationships|scenes|quests|world	implemented_reference_map	reference_extracted_pending_domain_review
WDM-ARTIFACT-11d83fabda1e	artifact	Past	canon/canonical_story_tree/all_25_books_latest_full_cycle.txt|canon/canonical_story_tree/books/Book_02_The_Diary_And_The_Blue_Light/book_content.txt	blue light|diary	timeline|relationships|scenes|quests|world	implemented_reference_map	reference_extracted_pending_domain_review
WDM-ARTIFACT-cd9e105b9c6f	artifact	Future	canon/canonical_story_tree/all_25_books_latest_full_cycle.txt|canon/canonical_story_tree/books/Book_02_The_Diary_And_The_Blue_Light/book_content.txt	blue light|diary	timeline|relationships|scenes|quests|world	implemented_reference_map	reference_extracted_pending_domain_review
WDM-ARTIFACT-b8f45a0c2808	artifact	"The-Diary-Links-Past-and-Future

scene"	canon/canonical_story_tree/all_25_books_latest_full_cycle.txt|canon/canonical_story_tree/books/Book_02_The_Diary_And_The_Blue_Light/book_content.txt	blue light|diary	timeline|relationships|scenes|quests|world	implemented_reference_map	reference_extracted_pending_domain_review
WDM-ARTIFACT-4ed41c9c4b8f	artifact	"S027
beat"	canon/canonical_story_tree/all_25_books_latest_full_cycle.txt|canon/canonical_story_tree/books/Book_02_The_Diary_And_The_Blue_Light/book_content.txt	blue light|diary	timeline|relationships|scenes|quests|world	implemented_reference_map	reference_extracted_pending_domain_review
WDM-ARTIFACT-6efc81589a2f	artifact	"Light

The-Diary-Links-Past-and-Future"	canon/canonical_story_tree/all_25_books_latest_full_cycle.txt|canon/canonical_story_tree/books/Book_02_The_Diary_And_The_Blue_Light/book_content.txt	blue light|diary	timeline|relationships|scenes|quests|world	implemented_reference_map	reference_extracted_pending_domain_review
WDM-ARTIFACT-a005cca34ad0	artifact	Called	canon/canonical_story_tree/all_25_books_latest_full_cycle.txt|canon/canonical_story_tree/books/Book_02_The_Diary_And_The_Blue_Light/book_content.txt	blue light|diary	timeline|relationships|scenes|quests|world	implemented_reference_map	reference_extracted_pending_domain_review
WDM-ARTIFACT-7568a667078a	artifact	Deeper	canon/canonical_story_tree/all_25_books_latest_full_cycle.txt|canon/canonical_story_tree/books/Book_02_The_Diary_And_The_Blue_Light/book_content.txt	blue light|diary	timeline|relationships|scenes|quests|world	implemented_reference_map	reference_extracted_pending_domain_review
WDM-ARTIFACT-e9baf3bb508e	artifact	Into	canon/canonical_story_tree/all_25_books_latest_full_cycle.txt|canon/canonical_story_tree/books/Book_02_The_Diary_And_The_Blue_Light/book_content.txt|canon/canonical_story_tree/books/Book_23_The_Final_Resonance/book_content.txt	blue light|cello|diary	timeline|relationships|scenes|quests|world	implemented_reference_map	reference_extracted_pending_domain_review
WDM-ARTIFACT-4ab3fe9f4a33	artifact	"Pip-Feels-Called-Deeper-Into-the-Thread

scene"	canon/canonical_story_tree/all_25_books_latest_full_cycle.txt|canon/canonical_story_tree/books/Book_02_The_Diary_And_The_Blue_Light/book_content.txt	blue light|diary	timeline|relationships|scenes|quests|world	implemented_reference_map	reference_extracted_pending_domain_review
WDM-ARTIFACT-66457f4fea5d	artifact	"S028
beat"	canon/canonical_story_tree/all_25_books_latest_full_cycle.txt|canon/canonical_story_tree/books/Book_02_The_Diary_And_The_Blue_Light/book_content.txt	blue light|diary	timeline|relationships|scenes|quests|world	implemented_reference_map	reference_extracted_pending_domain_review
WDM-ARTIFACT-ee4abad600d5	artifact	"Light

Pip-Feels-Called-Deeper-Into-the-Thread"	canon/canonical_story_tree/all_25_books_latest_full_cycle.txt|canon/canonical_story_tree/books/Book_02_The_Diary_And_The_Blue_Light/book_content.txt	blue light|diary	timeline|relationships|scenes|quests|world	implemented_reference_map	reference_extracted_pending_domain_review
WDM-ARTIFACT-d23797f1b375	artifact	Someone	canon/canonical_story_tree/all_25_books_latest_full_cycle.txt|canon/canonical_story_tree/books/Book_02_The_Diary_And_The_Blue_Light/book_content.txt	blue light|diary	timeline|relationships|scenes|quests|world	implemented_reference_map	reference_extracted_pending_domain_review
WDM-ARTIFACT-08d2748110a5	artifact	Withholds	canon/canonical_story_tree/all_25_books_latest_full_cycle.txt|canon/canonical_story_tree/books/Book_02_The_Diary_And_The_Blue_Light/book_content.txt	blue light|diary	timeline|relationships|scenes|quests|world	implemented_reference_map	reference_extracted_pending_domain_review
WDM-ARTIFACT-929ff5e222aa	artifact	Full	canon/canonical_story_tree/all_25_books_latest_full_cycle.txt|canon/canonical_story_tree/books/Book_02_The_Diary_And_The_Blue_Light/book_content.txt	blue light|cello|diary	timeline|relationships|scenes|quests|world	implemented_reference_map	reference_extracted_pending_domain_review
WDM-ARTIFACT-73c9da8a1311	artifact	Interpretation	canon/canonical_story_tree/all_25_books_latest_full_cycle.txt|canon/canonical_story_tree/books/Book_02_The_Diary_And_The_Blue_Light/book_content.txt	blue light|diary	timeline|relationships|scenes|quests|world	implemented_reference_map	reference_extracted_pending_domain_review
WDM-ARTIFACT-f6012a41cb55	artifact	"Someone-Withholds-Full-Interpretation

scene"	canon/canonical_story_tree/all_25_books_latest_full_cycle.txt|canon/canonical_story_tree/books/Book_02_The_Diary_And_The_Blue_Light/book_content.txt	blue light|diary	timeline|relationships|scenes|quests|world	implemented_reference_map	reference_extracted_pending_domain_review
WDM-ARTIFACT-f2f4e5575782	artifact	"S029
beat"	canon/canonical_story_tree/all_25_books_latest_full_cycle.txt|canon/canonical_story_tree/books/Book_02_The_Diary_And_The_Blue_Light/book_content.txt	blue light|diary	timeline|relationships|scenes|quests|world	implemented_reference_map	reference_extracted_pending_domain_review
WDM-ARTIFACT-29dd8c2ed274	artifact	"Light

Someone-Withholds-Full-Interpretation"	canon/canonical_story_tree/all_25_books_latest_full_cycle.txt|canon/canonical_story_tree/books/Book_02_The_Diary_And_The_Blue_Light/book_content.txt	blue light|diary	timeline|relationships|scenes|quests|world	implemented_reference_map	reference_extracted_pending_domain_review
WDM-ARTIFACT-7019bfdaa84c	artifact	Reading	canon/canonical_story_tree/all_25_books_latest_full_cycle.txt|canon/canonical_story_tree/books/Book_02_The_Diary_And_The_Blue_Light/book_content.txt	blue light|diary	timeline|relationships|scenes|quests|world	implemented_reference_map	reference_extracted_pending_domain_review
WDM-ARTIFACT-fff6b10ea989	artifact	Activation	canon/canonical_story_tree/all_25_books_latest_full_cycle.txt|canon/canonical_story_tree/books/Book_02_The_Diary_And_The_Blue_Light/book_content.txt	blue light|diary	timeline|relationships|scenes|quests|world	implemented_reference_map	reference_extracted_pending_domain_review
WDM-ARTIFACT-2916787e5c82	artifact	"The-Beat-Ends-with-Reading-As-Activation

scene"	canon/canonical_story_tree/all_25_books_latest_full_cycle.txt|canon/canonical_story_tree/books/Book_02_The_Diary_And_The_Blue_Light/book_content.txt	blue light|diary	timeline|relationships|scenes|quests|world	implemented_reference_map	reference_extracted_pending_domain_review
WDM-ARTIFACT-fb725ab845e8	artifact	"S030
beat"	canon/canonical_story_tree/all_25_books_latest_full_cycle.txt|canon/canonical_story_tree/books/Book_02_The_Diary_And_The_Blue_Light/book_content.txt	blue light|diary	timeline|relationships|scenes|quests|world	implemented_reference_map	reference_extracted_pending_domain_review
WDM-ARTIFACT-4626bc9e9d24	artifact	"Light

The-Beat-Ends-with-Reading-As-Activation"	canon/canonical_story_tree/all_25_books_latest_full_cycle.txt|canon/canonical_story_tree/books/Book_02_The_Diary_And_The_Blue_Light/book_content.txt	blue light|diary	timeline|relationships|scenes|quests|world	implemented_reference_map	reference_extracted_pending_domain_review
WDM-ARTIFACT-9d616366c0d4	artifact	Returns	canon/canonical_story_tree/all_25_books_latest_full_cycle.txt|canon/canonical_story_tree/books/Book_02_The_Diary_And_The_Blue_Light/book_content.txt|canon/canonical_story_tree/books/Book_23_The_Final_Resonance/book_content.txt|canon/canonical_story_tree/books/Book_25_Death_Is_Rebirth/book_content.txt	blue light|cello|diary	timeline|relationships|scenes|quests|world	implemented_reference_map	reference_extracted_pending_domain_review
WDM-ARTIFACT-56770487feb5	artifact	New	canon/canonical_story_tree/all_25_books_latest_full_cycle.txt|canon/canonical_story_tree/books/Book_02_The_Diary_And_The_Blue_Light/book_content.txt	blue light|diary	timeline|relationships|scenes|quests|world	implemented_reference_map	reference_extracted_pending_domain_review
WDM-ARTIFACT-c7de099860e7	artifact	Mode	canon/canonical_story_tree/all_25_books_latest_full_cycle.txt|canon/canonical_story_tree/books/Book_02_The_Diary_And_The_Blue_Light/book_content.txt	blue light|diary	timeline|relationships|scenes|quests|world	implemented_reference_map	reference_extracted_pending_domain_review
WDM-ARTIFACT-cbdb5ad8aff2	artifact	"The-Blue-Light-Returns-in-a-New-Mode

scene"	canon/canonical_story_tree/all_25_books_latest_full_cycle.txt|canon/canonical_story_tree/books/Book_02_The_Diary_And_The_Blue_Light/book_content.txt	blue light|diary	timeline|relationships|scenes|quests|world	implemented_reference_map	reference_extracted_pending_domain_review
WDM-ARTIFACT-b76cbe5ccdb0	artifact	"S031
beat"	canon/canonical_story_tree/all_25_books_latest_full_cycle.txt|canon/canonical_story_tree/books/Book_02_The_Diary_And_The_Blue_Light/book_content.txt	blue light|diary	timeline|relationships|scenes|quests|world	implemented_reference_map	reference_extracted_pending_domain_review
WDM-ARTIFACT-ee29cf3273d3	artifact	"Light

The-Blue-Light-Returns-in-a-New-Mode"	canon/canonical_story_tree/all_25_books_latest_full_cycle.txt|canon/canonical_story_tree/books/Book_02_The_Diary_And_The_Blue_Light/book_content.txt	blue light|diary	timeline|relationships|scenes|quests|world	implemented_reference_map	reference_extracted_pending_domain_review
WDM-ARTIFACT-49e79d43f40c	artifact	thought	canon/canonical_story_tree/all_25_books_latest_full_cycle.txt|canon/canonical_story_tree/books/Book_02_The_Diary_And_The_Blue_Light/book_content.txt	blue light|diary	timeline|relationships|scenes|quests|world	implemented_reference_map	reference_extracted_pending_domain_review
WDM-ARTIFACT-66a24409ca56	artifact	and waking life	canon/canonical_story_tree/all_25_books_latest_full_cycle.txt|canon/canonical_story_tree/books/Book_02_The_Diary_And_The_Blue_Light/book_content.txt	blue light|diary	timeline|relationships|scenes|quests|world	implemented_reference_map	reference_extracted_pending_domain_review
WDM-ARTIFACT-4edf8bfd5dec	artifact	Treat	canon/canonical_story_tree/all_25_books_latest_full_cycle.txt|canon/canonical_story_tree/books/Book_02_The_Diary_And_The_Blue_Light/book_content.txt	blue light|diary	timeline|relationships|scenes|quests|world	implemented_reference_map	reference_extracted_pending_domain_review
WDM-ARTIFACT-a4c364ac74be	artifact	Night	canon/canonical_story_tree/all_25_books_latest_full_cycle.txt|canon/canonical_story_tree/books/Book_02_The_Diary_And_The_Blue_Light/book_content.txt	blue light|diary	timeline|relationships|scenes|quests|world	implemented_reference_map	reference_extracted_pending_domain_review
WDM-ARTIFACT-c41fae3e21da	artifact	Only	canon/canonical_story_tree/all_25_books_latest_full_cycle.txt|canon/canonical_story_tree/books/Book_02_The_Diary_And_The_Blue_Light/book_content.txt	blue light|diary	timeline|relationships|scenes|quests|world	implemented_reference_map	reference_extracted_pending_domain_review
WDM-ARTIFACT-6e7419991328	artifact	Any	canon/canonical_story_tree/all_25_books_latest_full_cycle.txt|canon/canonical_story_tree/books/Book_02_The_Diary_And_The_Blue_Light/book_content.txt	blue light|diary	timeline|relationships|scenes|quests|world	implemented_reference_map	reference_extracted_pending_domain_review
WDM-ARTIFACT-d698000a0773	artifact	More	canon/canonical_story_tree/all_25_books_latest_full_cycle.txt|canon/canonical_story_tree/books/Book_02_The_Diary_And_The_Blue_Light/book_content.txt	blue light|diary	timeline|relationships|scenes|quests|world	implemented_reference_map	reference_extracted_pending_domain_review
WDM-ARTIFACT-71e919665e83	artifact	"Pip-Cannot-Treat-the-Thread-as-Night-Only-Any-More

scene"	canon/canonical_story_tree/all_25_books_latest_full_cycle.txt|canon/canonical_story_tree/books/Book_02_The_Diary_And_The_Blue_Light/book_content.txt	blue light|diary	timeline|relationships|scenes|quests|world	implemented_reference_map	reference_extracted_pending_domain_review
WDM-ARTIFACT-f5cf9488ad58	artifact	"S032
beat"	canon/canonical_story_tree/all_25_books_latest_full_cycle.txt|canon/canonical_story_tree/books/Book_02_The_Diary_And_The_Blue_Light/book_content.txt	blue light|diary	timeline|relationships|scenes|quests|world	implemented_reference_map	reference_extracted_pending_domain_review
WDM-ARTIFACT-394c4ea87636	artifact	"Light

Pip-Cannot-Treat-the-Thread-as-Night-Only-Any-More"	canon/canonical_story_tree/all_25_books_latest_full_cycle.txt|canon/canonical_story_tree/books/Book_02_The_Diary_And_The_Blue_Light/book_content.txt	blue light|diary	timeline|relationships|scenes|quests|world	implemented_reference_map	reference_extracted_pending_domain_review
WDM-ARTIFACT-329f3727ef11	artifact	The future has entered daylight	canon/canonical_story_tree/all_25_books_latest_full_cycle.txt|canon/canonical_story_tree/books/Book_02_The_Diary_And_The_Blue_Light/book_content.txt	blue light|diary	timeline|relationships|scenes|quests|world	implemented_reference_map	reference_extracted_pending_domain_review
WDM-ARTIFACT-b3e28ea2a60c	artifact	Insists	canon/canonical_story_tree/all_25_books_latest_full_cycle.txt|canon/canonical_story_tree/books/Book_02_The_Diary_And_The_Blue_Light/book_content.txt	blue light|diary	timeline|relationships|scenes|quests|world	implemented_reference_map	reference_extracted_pending_domain_review
WDM-ARTIFACT-b93d82a4397e	artifact	Holding	canon/canonical_story_tree/all_25_books_latest_full_cycle.txt|canon/canonical_story_tree/books/Book_02_The_Diary_And_The_Blue_Light/book_content.txt	blue light|diary	timeline|relationships|scenes|quests|world	implemented_reference_map	reference_extracted_pending_domain_review
WDM-ARTIFACT-799df166f570	artifact	Wonder	canon/canonical_story_tree/all_25_books_latest_full_cycle.txt|canon/canonical_story_tree/books/Book_02_The_Diary_And_The_Blue_Light/book_content.txt	blue light|diary	timeline|relationships|scenes|quests|world	implemented_reference_map	reference_extracted_pending_domain_review
WDM-ARTIFACT-90726cae47ff	artifact	Discipline	canon/canonical_story_tree/all_25_books_latest_full_cycle.txt|canon/canonical_story_tree/books/Book_02_The_Diary_And_The_Blue_Light/book_content.txt	blue light|diary	timeline|relationships|scenes|quests|world	implemented_reference_map	reference_extracted_pending_domain_review
WDM-ARTIFACT-809e1182b24a	artifact	"Mack-Insists-on-Holding-Wonder-and-Discipline-Together

scene"	canon/canonical_story_tree/all_25_books_latest_full_cycle.txt|canon/canonical_story_tree/books/Book_02_The_Diary_And_The_Blue_Light/book_content.txt	blue light|diary	timeline|relationships|scenes|quests|world	implemented_reference_map	reference_extracted_pending_domain_review
WDM-ARTIFACT-0a1c94ff3dc6	artifact	"S033
beat"	canon/canonical_story_tree/all_25_books_latest_full_cycle.txt|canon/canonical_story_tree/books/Book_02_The_Diary_And_The_Blue_Light/book_content.txt	blue light|diary	timeline|relationships|scenes|quests|world	implemented_reference_map	reference_extracted_pending_domain_review
WDM-ARTIFACT-766b9eafc4fb	artifact	"Light

Mack-Insists-on-Holding-Wonder-and-Discipline-Together"	canon/canonical_story_tree/all_25_books_latest_full_cycle.txt|canon/canonical_story_tree/books/Book_02_The_Diary_And_The_Blue_Light/book_content.txt	blue light|diary	timeline|relationships|scenes|quests|world	implemented_reference_map	reference_extracted_pending_domain_review
WDM-ARTIFACT-7aac3da43cdd	artifact	The guardian keeps meaning from	canon/canonical_story_tree/all_25_books_latest_full_cycle.txt|canon/canonical_story_tree/books/Book_02_The_Diary_And_The_Blue_Light/book_content.txt	blue light|diary	timeline|relationships|scenes|quests|world	implemented_reference_map	reference_extracted_pending_domain_review
WDM-ARTIFACT-d0c7c9b5f517	artifact	becoming chaos	canon/canonical_story_tree/all_25_books_latest_full_cycle.txt|canon/canonical_story_tree/books/Book_02_The_Diary_And_The_Blue_Light/book_content.txt	blue light|diary	timeline|relationships|scenes|quests|world	implemented_reference_map	reference_extracted_pending_domain_review
WDM-ARTIFACT-df04c8576857	artifact	Hears	canon/canonical_story_tree/all_25_books_latest_full_cycle.txt|canon/canonical_story_tree/books/Book_02_The_Diary_And_The_Blue_Light/book_content.txt	blue light|diary	timeline|relationships|scenes|quests|world	implemented_reference_map	reference_extracted_pending_domain_review
WDM-ARTIFACT-4dd8c02e54f9	artifact	Further	canon/canonical_story_tree/all_25_books_latest_full_cycle.txt|canon/canonical_story_tree/books/Book_02_The_Diary_And_The_Blue_Light/book_content.txt	blue light|diary	timeline|relationships|scenes|quests|world	implemented_reference_map	reference_extracted_pending_domain_review
WDM-ARTIFACT-290c0babdd62	artifact	"Rylos Vayne Johnson-Hears-Enough-to-Be-Drawn-Further-In

scene"	canon/canonical_story_tree/all_25_books_latest_full_cycle.txt|canon/canonical_story_tree/books/Book_02_The_Diary_And_The_Blue_Light/book_content.txt	blue light|diary	timeline|relationships|scenes|quests|world	implemented_reference_map	reference_extracted_pending_domain_review
WDM-ARTIFACT-44fe952701d2	artifact	"S034
beat"	canon/canonical_story_tree/all_25_books_latest_full_cycle.txt|canon/canonical_story_tree/books/Book_02_The_Diary_And_The_Blue_Light/book_content.txt	blue light|diary	timeline|relationships|scenes|quests|world	implemented_reference_map	reference_extracted_pending_domain_review
WDM-ARTIFACT-82ecf112230d	artifact	"Light

Rylos Vayne Johnson-Hears-Enough-to-Be-Drawn-Further-In"	canon/canonical_story_tree/all_25_books_latest_full_cycle.txt|canon/canonical_story_tree/books/Book_02_The_Diary_And_The_Blue_Light/book_content.txt	blue light|diary	timeline|relationships|scenes|quests|world	implemented_reference_map	reference_extracted_pending_domain_review
WDM-ARTIFACT-a470b69f1c22	artifact	His place in the thread	canon/canonical_story_tree/all_25_books_latest_full_cycle.txt|canon/canonical_story_tree/books/Book_02_The_Diary_And_The_Blue_Light/book_content.txt	blue light|diary	timeline|relationships|scenes|quests|world	implemented_reference_map	reference_extracted_pending_domain_review
WDM-ARTIFACT-518cff376557	artifact	deepens	canon/canonical_story_tree/all_25_books_latest_full_cycle.txt|canon/canonical_story_tree/books/Book_02_The_Diary_And_The_Blue_Light/book_content.txt|canon/canonical_story_tree/books/Book_03_The_First_Thread/book_content.txt	blue light|diary	timeline|relationships|scenes|quests|world	implemented_reference_map	reference_extracted_pending_domain_review
WDM-ARTIFACT-d5c316a0315c	artifact	Holds	canon/canonical_story_tree/all_25_books_latest_full_cycle.txt|canon/canonical_story_tree/books/Book_02_The_Diary_And_The_Blue_Light/book_content.txt	blue light|diary	timeline|relationships|scenes|quests|world	implemented_reference_map	reference_extracted_pending_domain_review
WDM-ARTIFACT-9aa61f1e82d8	artifact	Strange	canon/canonical_story_tree/all_25_books_latest_full_cycle.txt|canon/canonical_story_tree/books/Book_02_The_Diary_And_The_Blue_Light/book_content.txt	blue light|diary	timeline|relationships|scenes|quests|world	implemented_reference_map	reference_extracted_pending_domain_review
WDM-ARTIFACT-6831f1d18756	artifact	Conversation	canon/canonical_story_tree/all_25_books_latest_full_cycle.txt|canon/canonical_story_tree/books/Book_02_The_Diary_And_The_Blue_Light/book_content.txt	blue light|diary	timeline|relationships|scenes|quests|world	implemented_reference_map	reference_extracted_pending_domain_review
WDM-ARTIFACT-3572bf0e2918	artifact	Normal	canon/canonical_story_tree/all_25_books_latest_full_cycle.txt|canon/canonical_story_tree/books/Book_02_The_Diary_And_The_Blue_Light/book_content.txt	blue light|diary	timeline|relationships|scenes|quests|world	implemented_reference_map	reference_extracted_pending_domain_review
WDM-ARTIFACT-80d57d4da92c	artifact	"Sanctuary-Holds-a-Strange-Conversation-as-Normal

scene"	canon/canonical_story_tree/all_25_books_latest_full_cycle.txt|canon/canonical_story_tree/books/Book_02_The_Diary_And_The_Blue_Light/book_content.txt	blue light|diary	timeline|relationships|scenes|quests|world	implemented_reference_map	reference_extracted_pending_domain_review
WDM-ARTIFACT-4b2f807d3f04	artifact	"S035
beat"	canon/canonical_story_tree/all_25_books_latest_full_cycle.txt|canon/canonical_story_tree/books/Book_02_The_Diary_And_The_Blue_Light/book_content.txt	blue light|diary	timeline|relationships|scenes|quests|world	implemented_reference_map	reference_extracted_pending_domain_review
WDM-ARTIFACT-d34260f78da2	artifact	"Light

Sanctuary-Holds-a-Strange-Conversation-as-Normal"	canon/canonical_story_tree/all_25_books_latest_full_cycle.txt|canon/canonical_story_tree/books/Book_02_The_Diary_And_The_Blue_Light/book_content.txt	blue light|diary	timeline|relationships|scenes|quests|world	implemented_reference_map	reference_extracted_pending_domain_review
WDM-ARTIFACT-19c03a4cbd04	artifact	Fear	canon/canonical_story_tree/all_25_books_latest_full_cycle.txt|canon/canonical_story_tree/books/Book_02_The_Diary_And_The_Blue_Light/book_content.txt	blue light|diary	timeline|relationships|scenes|quests|world	implemented_reference_map	reference_extracted_pending_domain_review
WDM-ARTIFACT-327a3708c7e5	artifact	Lens	canon/canonical_story_tree/all_25_books_latest_full_cycle.txt|canon/canonical_story_tree/books/Book_02_The_Diary_And_The_Blue_Light/book_content.txt	blue light|diary	timeline|relationships|scenes|quests|world	implemented_reference_map	reference_extracted_pending_domain_review
WDM-ARTIFACT-2bd95c9bff1b	artifact	"Fear-Is-No-Longer-the-Only-Lens

scene"	canon/canonical_story_tree/all_25_books_latest_full_cycle.txt|canon/canonical_story_tree/books/Book_02_The_Diary_And_The_Blue_Light/book_content.txt	blue light|diary	timeline|relationships|scenes|quests|world	implemented_reference_map	reference_extracted_pending_domain_review
WDM-ARTIFACT-352ceefeb350	artifact	"S036
beat"	canon/canonical_story_tree/all_25_books_latest_full_cycle.txt|canon/canonical_story_tree/books/Book_02_The_Diary_And_The_Blue_Light/book_content.txt	blue light|diary	timeline|relationships|scenes|quests|world	implemented_reference_map	reference_extracted_pending_domain_review
WDM-ARTIFACT-1683caad0fd7	artifact	"Light

Fear-Is-No-Longer-the-Only-Lens"	canon/canonical_story_tree/all_25_books_latest_full_cycle.txt|canon/canonical_story_tree/books/Book_02_The_Diary_And_The_Blue_Light/book_content.txt	blue light|diary	timeline|relationships|scenes|quests|world	implemented_reference_map	reference_extracted_pending_domain_review
WDM-ARTIFACT-e27a32bed73f	artifact	Start	canon/canonical_story_tree/all_25_books_latest_full_cycle.txt|canon/canonical_story_tree/books/Book_02_The_Diary_And_The_Blue_Light/book_content.txt	blue light|diary	timeline|relationships|scenes|quests|world	implemented_reference_map	reference_extracted_pending_domain_review
WDM-ARTIFACT-2f1a68f1444a	artifact	Rhyming	canon/canonical_story_tree/all_25_books_latest_full_cycle.txt|canon/canonical_story_tree/books/Book_02_The_Diary_And_The_Blue_Light/book_content.txt	blue light|diary	timeline|relationships|scenes|quests|world	implemented_reference_map	reference_extracted_pending_domain_review
WDM-ARTIFACT-69c74a2b130f	artifact	"The-Diary-and-the-Blue-Light-Start-Rhyming

scene"	canon/canonical_story_tree/all_25_books_latest_full_cycle.txt|canon/canonical_story_tree/books/Book_02_The_Diary_And_The_Blue_Light/book_content.txt	blue light|diary	timeline|relationships|scenes|quests|world	implemented_reference_map	reference_extracted_pending_domain_review
WDM-ARTIFACT-d2fb9a5dfcfb	artifact	"S037
beat"	canon/canonical_story_tree/all_25_books_latest_full_cycle.txt|canon/canonical_story_tree/books/Book_02_The_Diary_And_The_Blue_Light/book_content.txt	blue light|diary	timeline|relationships|scenes|quests|world	implemented_reference_map	reference_extracted_pending_domain_review
WDM-ARTIFACT-8f319b6b3f2f	artifact	"Light

The-Diary-and-the-Blue-Light-Start-Rhyming"	canon/canonical_story_tree/all_25_books_latest_full_cycle.txt|canon/canonical_story_tree/books/Book_02_The_Diary_And_The_Blue_Light/book_content.txt	blue light|diary	timeline|relationships|scenes|quests|world	implemented_reference_map	reference_extracted_pending_domain_review
WDM-ARTIFACT-400369194a97	artifact	Realizes	canon/canonical_story_tree/all_25_books_latest_full_cycle.txt|canon/canonical_story_tree/books/Book_02_The_Diary_And_The_Blue_Light/book_content.txt	blue light|diary	timeline|relationships|scenes|quests|world	implemented_reference_map	reference_extracted_pending_domain_review
WDM-ARTIFACT-528a6bdb8b2b	artifact	Language	canon/canonical_story_tree/all_25_books_latest_full_cycle.txt|canon/canonical_story_tree/books/Book_02_The_Diary_And_The_Blue_Light/book_content.txt	blue light|diary	timeline|relationships|scenes|quests|world	implemented_reference_map	reference_extracted_pending_domain_review
WDM-ARTIFACT-6fa21d78040e	artifact	"Pip-Realizes-the-Thread-Wants-Language

scene"	canon/canonical_story_tree/all_25_books_latest_full_cycle.txt|canon/canonical_story_tree/books/Book_02_The_Diary_And_The_Blue_Light/book_content.txt	blue light|diary	timeline|relationships|scenes|quests|world	implemented_reference_map	reference_extracted_pending_domain_review
WDM-ARTIFACT-845ccfb20281	artifact	"S038
beat"	canon/canonical_story_tree/all_25_books_latest_full_cycle.txt|canon/canonical_story_tree/books/Book_02_The_Diary_And_The_Blue_Light/book_content.txt	blue light|diary	timeline|relationships|scenes|quests|world	implemented_reference_map	reference_extracted_pending_domain_review
WDM-ARTIFACT-4b603dbae78f	artifact	"Light

Pip-Realizes-the-Thread-Wants-Language"	canon/canonical_story_tree/all_25_books_latest_full_cycle.txt|canon/canonical_story_tree/books/Book_02_The_Diary_And_The_Blue_Light/book_content.txt	blue light|diary	timeline|relationships|scenes|quests|world	implemented_reference_map	reference_extracted_pending_domain_review
WDM-ARTIFACT-61536be79158	artifact	Begins	canon/canonical_story_tree/all_25_books_latest_full_cycle.txt|canon/canonical_story_tree/books/Book_02_The_Diary_And_The_Blue_Light/book_content.txt	blue light|diary	timeline|relationships|scenes|quests|world	implemented_reference_map	reference_extracted_pending_domain_review
WDM-ARTIFACT-8c3e590d5a4c	artifact	Changing	canon/canonical_story_tree/all_25_books_latest_full_cycle.txt|canon/canonical_story_tree/books/Book_02_The_Diary_And_The_Blue_Light/book_content.txt	blue light|diary	timeline|relationships|scenes|quests|world	implemented_reference_map	reference_extracted_pending_domain_review
WDM-ARTIFACT-6768307e4b05	artifact	Choice	canon/canonical_story_tree/all_25_books_latest_full_cycle.txt|canon/canonical_story_tree/books/Book_02_The_Diary_And_The_Blue_Light/book_content.txt	blue light|diary	timeline|relationships|scenes|quests|world	implemented_reference_map	reference_extracted_pending_domain_review
WDM-ARTIFACT-5f80ac0f233e	artifact	"What-Is-Read-Begins-Changing-Choice

scene"	canon/canonical_story_tree/all_25_books_latest_full_cycle.txt|canon/canonical_story_tree/books/Book_02_The_Diary_And_The_Blue_Light/book_content.txt	blue light|diary	timeline|relationships|scenes|quests|world	implemented_reference_map	reference_extracted_pending_domain_review
WDM-ARTIFACT-7b5ddd89755f	artifact	"S039
beat"	canon/canonical_story_tree/all_25_books_latest_full_cycle.txt|canon/canonical_story_tree/books/Book_02_The_Diary_And_The_Blue_Light/book_content.txt	blue light|diary	timeline|relationships|scenes|quests|world	implemented_reference_map	reference_extracted_pending_domain_review
WDM-ARTIFACT-4fbbb349424e	artifact	"Light

What-Is-Read-Begins-Changing-Choice"	canon/canonical_story_tree/all_25_books_latest_full_cycle.txt|canon/canonical_story_tree/books/Book_02_The_Diary_And_The_Blue_Light/book_content.txt	blue light|diary	timeline|relationships|scenes|quests|world	implemented_reference_map	reference_extracted_pending_domain_review
WDM-ARTIFACT-4bc31134fce6	artifact	Interpretation starts affecting practical behavior	canon/canonical_story_tree/all_25_books_latest_full_cycle.txt|canon/canonical_story_tree/books/Book_02_The_Diary_And_The_Blue_Light/book_content.txt	blue light|diary	timeline|relationships|scenes|quests|world	implemented_reference_map	reference_extracted_pending_domain_review
WDM-ARTIFACT-597522e356e1	artifact	Daylight	canon/canonical_story_tree/all_25_books_latest_full_cycle.txt|canon/canonical_story_tree/books/Book_02_The_Diary_And_The_Blue_Light/book_content.txt	blue light|diary	timeline|relationships|scenes|quests|world	implemented_reference_map	reference_extracted_pending_domain_review
WDM-ARTIFACT-806f04254849	artifact	Prophecy	canon/canonical_story_tree/all_25_books_latest_full_cycle.txt|canon/canonical_story_tree/books/Book_02_The_Diary_And_The_Blue_Light/book_content.txt	blue light|diary	timeline|relationships|scenes|quests|world	implemented_reference_map	reference_extracted_pending_domain_review
WDM-ARTIFACT-52cdcaf37caa	artifact	Legible	canon/canonical_story_tree/all_25_books_latest_full_cycle.txt|canon/canonical_story_tree/books/Book_02_The_Diary_And_The_Blue_Light/book_content.txt	blue light|diary	timeline|relationships|scenes|quests|world	implemented_reference_map	reference_extracted_pending_domain_review
WDM-ARTIFACT-d3a2699ad2f7	artifact	"The-Beat-Ends-with-Daylight-Prophecy-Legible

scene"	canon/canonical_story_tree/all_25_books_latest_full_cycle.txt|canon/canonical_story_tree/books/Book_02_The_Diary_And_The_Blue_Light/book_content.txt	blue light|diary	timeline|relationships|scenes|quests|world	implemented_reference_map	reference_extracted_pending_domain_review
WDM-ARTIFACT-93f54b7a24bf	artifact	"S040
beat"	canon/canonical_story_tree/all_25_books_latest_full_cycle.txt|canon/canonical_story_tree/books/Book_02_The_Diary_And_The_Blue_Light/book_content.txt	blue light|diary	timeline|relationships|scenes|quests|world	implemented_reference_map	reference_extracted_pending_domain_review
WDM-ARTIFACT-14baadb544e4	artifact	"Light

The-Beat-Ends-with-Daylight-Prophecy-Legible"	canon/canonical_story_tree/all_25_books_latest_full_cycle.txt|canon/canonical_story_tree/books/Book_02_The_Diary_And_The_Blue_Light/book_content.txt	blue light|diary	timeline|relationships|scenes|quests|world	implemented_reference_map	reference_extracted_pending_domain_review
WDM-ARTIFACT-ff23c8d2fe0e	artifact	Engages	canon/canonical_story_tree/all_25_books_latest_full_cycle.txt|canon/canonical_story_tree/books/Book_02_The_Diary_And_The_Blue_Light/book_content.txt	blue light|diary	timeline|relationships|scenes|quests|world	implemented_reference_map	reference_extracted_pending_domain_review
WDM-ARTIFACT-121b400c1e81	artifact	Indirectly	canon/canonical_story_tree/all_25_books_latest_full_cycle.txt|canon/canonical_story_tree/books/Book_02_The_Diary_And_The_Blue_Light/book_content.txt	blue light|diary	timeline|relationships|scenes|quests|world	implemented_reference_map	reference_extracted_pending_domain_review
WDM-ARTIFACT-01fd73687599	artifact	Directly	canon/canonical_story_tree/all_25_books_latest_full_cycle.txt|canon/canonical_story_tree/books/Book_02_The_Diary_And_The_Blue_Light/book_content.txt|canon/canonical_story_tree/books/Book_21_The_Final_Descent/book_content.txt	blue light|cello|diary	timeline|relationships|scenes|quests|world	implemented_reference_map	reference_extracted_pending_domain_review
WDM-ARTIFACT-763fe7f6de68	artifact	"Rylos Vayne Johnson-Engages-the-Diary-Indirectly-or-Directly

scene"	canon/canonical_story_tree/all_25_books_latest_full_cycle.txt|canon/canonical_story_tree/books/Book_02_The_Diary_And_The_Blue_Light/book_content.txt	blue light|diary	timeline|relationships|scenes|quests|world	implemented_reference_map	reference_extracted_pending_domain_review
WDM-ARTIFACT-d954dfc65a03	artifact	"S041
beat"	canon/canonical_story_tree/all_25_books_latest_full_cycle.txt|canon/canonical_story_tree/books/Book_02_The_Diary_And_The_Blue_Light/book_content.txt	blue light|diary	timeline|relationships|scenes|quests|world	implemented_reference_map	reference_extracted_pending_domain_review
WDM-ARTIFACT-753f4a82ffbd	artifact	"Light

Rylos Vayne Johnson-Engages-the-Diary-Indirectly-or-Directly"	canon/canonical_story_tree/all_25_books_latest_full_cycle.txt|canon/canonical_story_tree/books/Book_02_The_Diary_And_The_Blue_Light/book_content.txt	blue light|diary	timeline|relationships|scenes|quests|world	implemented_reference_map	reference_extracted_pending_domain_review
WDM-ARTIFACT-e9956ea293ee	artifact	His	canon/canonical_story_tree/all_25_books_latest_full_cycle.txt|canon/canonical_story_tree/books/Book_02_The_Diary_And_The_Blue_Light/book_content.txt	blue light|diary	timeline|relationships|scenes|quests|world	implemented_reference_map	reference_extracted_pending_domain_review
WDM-ARTIFACT-a66e548f6e30	artifact	Relationship	canon/canonical_story_tree/all_25_books_latest_full_cycle.txt|canon/canonical_story_tree/books/Book_02_The_Diary_And_The_Blue_Light/book_content.txt	blue light|diary	timeline|relationships|scenes|quests|world	implemented_reference_map	reference_extracted_pending_domain_review
WDM-ARTIFACT-7b77015da613	artifact	Written	canon/canonical_story_tree/all_25_books_latest_full_cycle.txt|canon/canonical_story_tree/books/Book_02_The_Diary_And_The_Blue_Light/book_content.txt	blue light|diary	timeline|relationships|scenes|quests|world	implemented_reference_map	reference_extracted_pending_domain_review
WDM-ARTIFACT-08109178b0cb	artifact	Truth	canon/canonical_story_tree/all_25_books_latest_full_cycle.txt|canon/canonical_story_tree/books/Book_02_The_Diary_And_The_Blue_Light/book_content.txt	blue light|diary	timeline|relationships|scenes|quests|world	implemented_reference_map	reference_extracted_pending_domain_review
WDM-ARTIFACT-9cb922eddd91	artifact	Revealed	canon/canonical_story_tree/all_25_books_latest_full_cycle.txt|canon/canonical_story_tree/books/Book_02_The_Diary_And_The_Blue_Light/book_content.txt	blue light|diary	timeline|relationships|scenes|quests|world	implemented_reference_map	reference_extracted_pending_domain_review
WDM-ARTIFACT-6860dd2a66b4	artifact	"His-Relationship-to-Written-Truth-Is-Revealed

scene"	canon/canonical_story_tree/all_25_books_latest_full_cycle.txt|canon/canonical_story_tree/books/Book_02_The_Diary_And_The_Blue_Light/book_content.txt	blue light|diary	timeline|relationships|scenes|quests|world	implemented_reference_map	reference_extracted_pending_domain_review
WDM-ARTIFACT-c9f5bd645d98	artifact	"S042
beat"	canon/canonical_story_tree/all_25_books_latest_full_cycle.txt|canon/canonical_story_tree/books/Book_02_The_Diary_And_The_Blue_Light/book_content.txt	blue light|diary	timeline|relationships|scenes|quests|world	implemented_reference_map	reference_extracted_pending_domain_review
WDM-ARTIFACT-91c69d40676b	artifact	"Light

His-Relationship-to-Written-Truth-Is-Revealed"	canon/canonical_story_tree/all_25_books_latest_full_cycle.txt|canon/canonical_story_tree/books/Book_02_The_Diary_And_The_Blue_Light/book_content.txt	blue light|diary	timeline|relationships|scenes|quests|world	implemented_reference_map	reference_extracted_pending_domain_review
WDM-ARTIFACT-9683a391388c	artifact	Make	canon/canonical_story_tree/all_25_books_latest_full_cycle.txt|canon/canonical_story_tree/books/Book_02_The_Diary_And_The_Blue_Light/book_content.txt	blue light|diary	timeline|relationships|scenes|quests|world	implemented_reference_map	reference_extracted_pending_domain_review
WDM-ARTIFACT-a3c8fe1a2423	artifact	Sense	canon/canonical_story_tree/all_25_books_latest_full_cycle.txt|canon/canonical_story_tree/books/Book_02_The_Diary_And_The_Blue_Light/book_content.txt	blue light|diary	timeline|relationships|scenes|quests|world	implemented_reference_map	reference_extracted_pending_domain_review
WDM-ARTIFACT-320244b466d8	artifact	"Pip-Wants-the-Text-to-Make-Sense-of-Him

scene"	canon/canonical_story_tree/all_25_books_latest_full_cycle.txt|canon/canonical_story_tree/books/Book_02_The_Diary_And_The_Blue_Light/book_content.txt	blue light|diary	timeline|relationships|scenes|quests|world	implemented_reference_map	reference_extracted_pending_domain_review
WDM-ARTIFACT-8f2f98948a05	artifact	"S043
beat"	canon/canonical_story_tree/all_25_books_latest_full_cycle.txt|canon/canonical_story_tree/books/Book_02_The_Diary_And_The_Blue_Light/book_content.txt	blue light|diary	timeline|relationships|scenes|quests|world	implemented_reference_map	reference_extracted_pending_domain_review
WDM-ARTIFACT-6e99301f9614	artifact	"Light

Pip-Wants-the-Text-to-Make-Sense-of-Him"	canon/canonical_story_tree/all_25_books_latest_full_cycle.txt|canon/canonical_story_tree/books/Book_02_The_Diary_And_The_Blue_Light/book_content.txt	blue light|diary	timeline|relationships|scenes|quests|world	implemented_reference_map	reference_extracted_pending_domain_review
WDM-ARTIFACT-8ffefe6242f0	artifact	Refuses	canon/canonical_story_tree/all_25_books_latest_full_cycle.txt|canon/canonical_story_tree/books/Book_02_The_Diary_And_The_Blue_Light/book_content.txt	blue light|diary	timeline|relationships|scenes|quests|world	implemented_reference_map	reference_extracted_pending_domain_review
WDM-ARTIFACT-b62dcd56c50e	artifact	Flatten	canon/canonical_story_tree/all_25_books_latest_full_cycle.txt|canon/canonical_story_tree/books/Book_02_The_Diary_And_The_Blue_Light/book_content.txt	blue light|diary	timeline|relationships|scenes|quests|world	implemented_reference_map	reference_extracted_pending_domain_review
WDM-ARTIFACT-c72158a9e800	artifact	Symbol	canon/canonical_story_tree/all_25_books_latest_full_cycle.txt|canon/canonical_story_tree/books/Book_02_The_Diary_And_The_Blue_Light/book_content.txt	blue light|diary	timeline|relationships|scenes|quests|world	implemented_reference_map	reference_extracted_pending_domain_review
WDM-ARTIFACT-d66930d1d3b2	artifact	"Mack-Refuses-to-Flatten-Him-into-Symbol

scene"	canon/canonical_story_tree/all_25_books_latest_full_cycle.txt|canon/canonical_story_tree/books/Book_02_The_Diary_And_The_Blue_Light/book_content.txt	blue light|diary	timeline|relationships|scenes|quests|world	implemented_reference_map	reference_extracted_pending_domain_review
WDM-ARTIFACT-cd738a7d7203	artifact	"S044
beat"	canon/canonical_story_tree/all_25_books_latest_full_cycle.txt|canon/canonical_story_tree/books/Book_02_The_Diary_And_The_Blue_Light/book_content.txt	blue light|diary	timeline|relationships|scenes|quests|world	implemented_reference_map	reference_extracted_pending_domain_review
WDM-ARTIFACT-3ad592e9a4e0	artifact	"Light

Mack-Refuses-to-Flatten-Him-into-Symbol"	canon/canonical_story_tree/all_25_books_latest_full_cycle.txt|canon/canonical_story_tree/books/Book_02_The_Diary_And_The_Blue_Light/book_content.txt	blue light|diary	timeline|relationships|scenes|quests|world	implemented_reference_map	reference_extracted_pending_domain_review
WDM-ARTIFACT-71e5d6bd133e	artifact	Creates	canon/canonical_story_tree/all_25_books_latest_full_cycle.txt|canon/canonical_story_tree/books/Book_02_The_Diary_And_The_Blue_Light/book_content.txt	blue light|diary	timeline|relationships|scenes|quests|world	implemented_reference_map	reference_extracted_pending_domain_review
WDM-ARTIFACT-0a634469457b	artifact	Intimacy	canon/canonical_story_tree/all_25_books_latest_full_cycle.txt|canon/canonical_story_tree/books/Book_02_The_Diary_And_The_Blue_Light/book_content.txt|canon/canonical_story_tree/books/Book_24_Born_To_Die/book_content.txt	blue light|cello|diary	timeline|relationships|scenes|quests|world	implemented_reference_map	reference_extracted_pending_domain_review
WDM-ARTIFACT-04a0c87175f2	artifact	"The-Diary-Creates-New-Intimacy

scene"	canon/canonical_story_tree/all_25_books_latest_full_cycle.txt|canon/canonical_story_tree/books/Book_02_The_Diary_And_The_Blue_Light/book_content.txt	blue light|diary	timeline|relationships|scenes|quests|world	implemented_reference_map	reference_extracted_pending_domain_review
WDM-ARTIFACT-4a703e9018c9	artifact	"S045
beat"	canon/canonical_story_tree/all_25_books_latest_full_cycle.txt|canon/canonical_story_tree/books/Book_02_The_Diary_And_The_Blue_Light/book_content.txt	blue light|diary	timeline|relationships|scenes|quests|world	implemented_reference_map	reference_extracted_pending_domain_review
WDM-ARTIFACT-f538fbc5ca05	artifact	"Light

The-Diary-Creates-New-Intimacy"	canon/canonical_story_tree/all_25_books_latest_full_cycle.txt|canon/canonical_story_tree/books/Book_02_The_Diary_And_The_Blue_Light/book_content.txt	blue light|diary	timeline|relationships|scenes|quests|world	implemented_reference_map	reference_extracted_pending_domain_review
WDM-ARTIFACT-e238e909bb5f	artifact	Humor	canon/canonical_story_tree/all_25_books_latest_full_cycle.txt|canon/canonical_story_tree/books/Book_02_The_Diary_And_The_Blue_Light/book_content.txt	blue light|diary	timeline|relationships|scenes|quests|world	implemented_reference_map	reference_extracted_pending_domain_review
WDM-ARTIFACT-a7decbe833e5	artifact	Breaks	canon/canonical_story_tree/all_25_books_latest_full_cycle.txt|canon/canonical_story_tree/books/Book_02_The_Diary_And_The_Blue_Light/book_content.txt	blue light|diary	timeline|relationships|scenes|quests|world	implemented_reference_map	reference_extracted_pending_domain_review
WDM-ARTIFACT-e534d030ab26	artifact	Tension	canon/canonical_story_tree/all_25_books_latest_full_cycle.txt|canon/canonical_story_tree/books/Book_02_The_Diary_And_The_Blue_Light/book_content.txt	blue light|diary	timeline|relationships|scenes|quests|world	implemented_reference_map	reference_extracted_pending_domain_review
WDM-ARTIFACT-4faaf5f22efb	artifact	Right	canon/canonical_story_tree/all_25_books_latest_full_cycle.txt|canon/canonical_story_tree/books/Book_02_The_Diary_And_The_Blue_Light/book_content.txt	blue light|diary	timeline|relationships|scenes|quests|world	implemented_reference_map	reference_extracted_pending_domain_review
WDM-ARTIFACT-c20908d7fb28	artifact	Moment	canon/canonical_story_tree/all_25_books_latest_full_cycle.txt|canon/canonical_story_tree/books/Book_02_The_Diary_And_The_Blue_Light/book_content.txt	blue light|diary	timeline|relationships|scenes|quests|world	implemented_reference_map	reference_extracted_pending_domain_review
WDM-ARTIFACT-2456ba7844c5	artifact	"Humor-Breaks-the-Tension-at-the-Right-Moment

scene"	canon/canonical_story_tree/all_25_books_latest_full_cycle.txt|canon/canonical_story_tree/books/Book_02_The_Diary_And_The_Blue_Light/book_content.txt	blue light|diary	timeline|relationships|scenes|quests|world	implemented_reference_map	reference_extracted_pending_domain_review
WDM-ARTIFACT-8a4bfe2fa675	artifact	"S046
beat"	canon/canonical_story_tree/all_25_books_latest_full_cycle.txt|canon/canonical_story_tree/books/Book_02_The_Diary_And_The_Blue_Light/book_content.txt	blue light|diary	timeline|relationships|scenes|quests|world	implemented_reference_map	reference_extracted_pending_domain_review
WDM-ARTIFACT-ba25ce7f20d7	artifact	"Light

Humor-Breaks-the-Tension-at-the-Right-Moment"	canon/canonical_story_tree/all_25_books_latest_full_cycle.txt|canon/canonical_story_tree/books/Book_02_The_Diary_And_The_Blue_Light/book_content.txt	blue light|diary	timeline|relationships|scenes|quests|world	implemented_reference_map	reference_extracted_pending_domain_review
WDM-ARTIFACT-b9f537fddf29	artifact	Pulls	canon/canonical_story_tree/all_25_books_latest_full_cycle.txt|canon/canonical_story_tree/books/Book_02_The_Diary_And_The_Blue_Light/book_content.txt	blue light|diary	timeline|relationships|scenes|quests|world	implemented_reference_map	reference_extracted_pending_domain_review
WDM-ARTIFACT-169d9a7a59c6	artifact	Closer	canon/canonical_story_tree/all_25_books_latest_full_cycle.txt|canon/canonical_story_tree/books/Book_02_The_Diary_And_The_Blue_Light/book_content.txt	blue light|diary	timeline|relationships|scenes|quests|world	implemented_reference_map	reference_extracted_pending_domain_review
WDM-ARTIFACT-a58bc442e9ae	artifact	"The-Text-Pulls-Rylos Vayne Johnson-Closer-to-Future-Weight

scene"	canon/canonical_story_tree/all_25_books_latest_full_cycle.txt|canon/canonical_story_tree/books/Book_02_The_Diary_And_The_Blue_Light/book_content.txt	blue light|diary	timeline|relationships|scenes|quests|world	implemented_reference_map	reference_extracted_pending_domain_review
WDM-ARTIFACT-7559842a08de	artifact	"S047
beat"	canon/canonical_story_tree/all_25_books_latest_full_cycle.txt|canon/canonical_story_tree/books/Book_02_The_Diary_And_The_Blue_Light/book_content.txt	blue light|diary	timeline|relationships|scenes|quests|world	implemented_reference_map	reference_extracted_pending_domain_review
WDM-ARTIFACT-39be783294f2	artifact	"Light

The-Text-Pulls-Rylos Vayne Johnson-Closer-to-Future-Weight"	canon/canonical_story_tree/all_25_books_latest_full_cycle.txt|canon/canonical_story_tree/books/Book_02_The_Diary_And_The_Blue_Light/book_content.txt	blue light|diary	timeline|relationships|scenes|quests|world	implemented_reference_map	reference_extracted_pending_domain_review
WDM-ARTIFACT-dc34688ba7cd	artifact	Risk	canon/canonical_story_tree/all_25_books_latest_full_cycle.txt|canon/canonical_story_tree/books/Book_02_The_Diary_And_The_Blue_Light/book_content.txt	blue light|diary	timeline|relationships|scenes|quests|world	implemented_reference_map	reference_extracted_pending_domain_review
WDM-ARTIFACT-0bfe80144324	artifact	Knowing	canon/canonical_story_tree/all_25_books_latest_full_cycle.txt|canon/canonical_story_tree/books/Book_02_The_Diary_And_The_Blue_Light/book_content.txt	blue light|diary	timeline|relationships|scenes|quests|world	implemented_reference_map	reference_extracted_pending_domain_review
WDM-ARTIFACT-1c620204035d	artifact	"Pip-Feels-the-Risk-of-Knowing-More

scene"	canon/canonical_story_tree/all_25_books_latest_full_cycle.txt|canon/canonical_story_tree/books/Book_02_The_Diary_And_The_Blue_Light/book_content.txt	blue light|diary	timeline|relationships|scenes|quests|world	implemented_reference_map	reference_extracted_pending_domain_review
WDM-ARTIFACT-7ee32f8af35e	artifact	"S048
beat"	canon/canonical_story_tree/all_25_books_latest_full_cycle.txt|canon/canonical_story_tree/books/Book_02_The_Diary_And_The_Blue_Light/book_content.txt	blue light|diary	timeline|relationships|scenes|quests|world	implemented_reference_map	reference_extracted_pending_domain_review
WDM-ARTIFACT-2ff11e8183be	artifact	"Light

Pip-Feels-the-Risk-of-Knowing-More"	canon/canonical_story_tree/all_25_books_latest_full_cycle.txt|canon/canonical_story_tree/books/Book_02_The_Diary_And_The_Blue_Light/book_content.txt	blue light|diary	timeline|relationships|scenes|quests|world	implemented_reference_map	reference_extracted_pending_domain_review
WDM-ARTIFACT-f9977bb33351	artifact	Them	canon/canonical_story_tree/all_25_books_latest_full_cycle.txt|canon/canonical_story_tree/books/Book_02_The_Diary_And_The_Blue_Light/book_content.txt|canon/canonical_story_tree/books/Book_24_Born_To_Die/book_content.txt	blue light|cello|diary	timeline|relationships|scenes|quests|world	implemented_reference_map	reference_extracted_pending_domain_review
WDM-ARTIFACT-c6589ccf5cd2	artifact	"The-Diary-Reads-Back-At-Them

scene"	canon/canonical_story_tree/all_25_books_latest_full_cycle.txt|canon/canonical_story_tree/books/Book_02_The_Diary_And_The_Blue_Light/book_content.txt	blue light|diary	timeline|relationships|scenes|quests|world	implemented_reference_map	reference_extracted_pending_domain_review
WDM-ARTIFACT-1593066e6fa2	artifact	"S049
beat"	canon/canonical_story_tree/all_25_books_latest_full_cycle.txt|canon/canonical_story_tree/books/Book_02_The_Diary_And_The_Blue_Light/book_content.txt	blue light|diary	timeline|relationships|scenes|quests|world	implemented_reference_map	reference_extracted_pending_domain_review
WDM-ARTIFACT-b7cbf15af1eb	artifact	"Light

The-Diary-Reads-Back-At-Them"	canon/canonical_story_tree/all_25_books_latest_full_cycle.txt|canon/canonical_story_tree/books/Book_02_The_Diary_And_The_Blue_Light/book_content.txt	blue light|diary	timeline|relationships|scenes|quests|world	implemented_reference_map	reference_extracted_pending_domain_review
WDM-ARTIFACT-745a040b8ec8	artifact	Entangled	canon/canonical_story_tree/all_25_books_latest_full_cycle.txt|canon/canonical_story_tree/books/Book_02_The_Diary_And_The_Blue_Light/book_content.txt	blue light|diary	timeline|relationships|scenes|quests|world	implemented_reference_map	reference_extracted_pending_domain_review
WDM-ARTIFACT-492087c66db1	artifact	Fate	canon/canonical_story_tree/all_25_books_latest_full_cycle.txt|canon/canonical_story_tree/books/Book_02_The_Diary_And_The_Blue_Light/book_content.txt	blue light|diary	timeline|relationships|scenes|quests|world	implemented_reference_map	reference_extracted_pending_domain_review
WDM-ARTIFACT-3f7c9015915f	artifact	"The-Beat-Ends-with-Rylos Vayne Johnson-Entangled-in-Written-Fate

scene"	canon/canonical_story_tree/all_25_books_latest_full_cycle.txt|canon/canonical_story_tree/books/Book_02_The_Diary_And_The_Blue_Light/book_content.txt	blue light|diary	timeline|relationships|scenes|quests|world	implemented_reference_map	reference_extracted_pending_domain_review
WDM-ARTIFACT-d81e012e4e47	artifact	"S050
beat"	canon/canonical_story_tree/all_25_books_latest_full_cycle.txt|canon/canonical_story_tree/books/Book_02_The_Diary_And_The_Blue_Light/book_content.txt	blue light|diary	timeline|relationships|scenes|quests|world	implemented_reference_map	reference_extracted_pending_domain_review
WDM-ARTIFACT-9855ff0e4cab	artifact	"Light

The-Beat-Ends-with-Rylos Vayne Johnson-Entangled-in-Written-Fate"	canon/canonical_story_tree/all_25_books_latest_full_cycle.txt|canon/canonical_story_tree/books/Book_02_The_Diary_And_The_Blue_Light/book_content.txt	blue light|diary	timeline|relationships|scenes|quests|world	implemented_reference_map	reference_extracted_pending_domain_review
WDM-ARTIFACT-a18c23ca1a70	artifact	Care	canon/canonical_story_tree/all_25_books_latest_full_cycle.txt|canon/canonical_story_tree/books/Book_02_The_Diary_And_The_Blue_Light/book_content.txt|canon/canonical_story_tree/books/Book_25_Death_Is_Rebirth/book_content.txt	blue light|cello|diary	timeline|relationships|scenes|quests|world	implemented_reference_map	reference_extracted_pending_domain_review
WDM-ARTIFACT-d44811ab9ff1	artifact	Continue	canon/canonical_story_tree/all_25_books_latest_full_cycle.txt|canon/canonical_story_tree/books/Book_02_The_Diary_And_The_Blue_Light/book_content.txt	blue light|diary	timeline|relationships|scenes|quests|world	implemented_reference_map	reference_extracted_pending_domain_review
WDM-ARTIFACT-b6092c201ada	artifact	Under	canon/canonical_story_tree/all_25_books_latest_full_cycle.txt|canon/canonical_story_tree/books/Book_02_The_Diary_And_The_Blue_Light/book_content.txt	blue light|diary	timeline|relationships|scenes|quests|world	implemented_reference_map	reference_extracted_pending_domain_review
WDM-ARTIFACT-8e1bcd0997a4	artifact	"Meals-and-Care-Continue-Under-New-Weight

scene"	canon/canonical_story_tree/all_25_books_latest_full_cycle.txt|canon/canonical_story_tree/books/Book_02_The_Diary_And_The_Blue_Light/book_content.txt	blue light|diary	timeline|relationships|scenes|quests|world	implemented_reference_map	reference_extracted_pending_domain_review
WDM-ARTIFACT-665706de1e5c	artifact	"S051
beat"	canon/canonical_story_tree/all_25_books_latest_full_cycle.txt|canon/canonical_story_tree/books/Book_02_The_Diary_And_The_Blue_Light/book_content.txt	blue light|diary	timeline|relationships|scenes|quests|world	implemented_reference_map	reference_extracted_pending_domain_review
WDM-ARTIFACT-4cef2da7dd99	artifact	"Light

Meals-and-Care-Continue-Under-New-Weight"	canon/canonical_story_tree/all_25_books_latest_full_cycle.txt|canon/canonical_story_tree/books/Book_02_The_Diary_And_The_Blue_Light/book_content.txt	blue light|diary	timeline|relationships|scenes|quests|world	implemented_reference_map	reference_extracted_pending_domain_review
WDM-ARTIFACT-b17040e34ae7	artifact	Domestic life persists despite rising	canon/canonical_story_tree/all_25_books_latest_full_cycle.txt|canon/canonical_story_tree/books/Book_02_The_Diary_And_The_Blue_Light/book_content.txt	blue light|diary	timeline|relationships|scenes|quests|world	implemented_reference_map	reference_extracted_pending_domain_review
WDM-ARTIFACT-21f0b0224fd6	artifact	symbolic pressure	canon/canonical_story_tree/all_25_books_latest_full_cycle.txt|canon/canonical_story_tree/books/Book_02_The_Diary_And_The_Blue_Light/book_content.txt	blue light|diary	timeline|relationships|scenes|quests|world	implemented_reference_map	reference_extracted_pending_domain_review
WDM-ARTIFACT-1e9f676af3f9	artifact	Protects	canon/canonical_story_tree/all_25_books_latest_full_cycle.txt|canon/canonical_story_tree/books/Book_02_The_Diary_And_The_Blue_Light/book_content.txt	blue light|diary	timeline|relationships|scenes|quests|world	implemented_reference_map	reference_extracted_pending_domain_review
WDM-ARTIFACT-ad30e1a4153f	artifact	Ordinary	canon/canonical_story_tree/all_25_books_latest_full_cycle.txt|canon/canonical_story_tree/books/Book_02_The_Diary_And_The_Blue_Light/book_content.txt	blue light|diary	timeline|relationships|scenes|quests|world	implemented_reference_map	reference_extracted_pending_domain_review
WDM-ARTIFACT-58c0d124be0d	artifact	Purpose	canon/canonical_story_tree/all_25_books_latest_full_cycle.txt|canon/canonical_story_tree/books/Book_02_The_Diary_And_The_Blue_Light/book_content.txt|canon/canonical_story_tree/books/Book_20_The_Beforemath/book_content.txt|canon/canonical_story_tree/books/Book_21_The_Final_Descent/book_content.txt|canon/canonical_story_tree/books/Book_23_The_Final_Resonance/book_content.txt|canon/canonical_story_tree/books/Book_24_Born_To_Die/book_content.txt	blue light|cello|diary	timeline|relationships|scenes|quests|world	implemented_reference_map	reference_extracted_pending_domain_review
WDM-ARTIFACT-0664290e53ee	artifact	"Mack-Protects-Ordinary-Rhythm-on-Purpose

scene"	canon/canonical_story_tree/all_25_books_latest_full_cycle.txt|canon/canonical_story_tree/books/Book_02_The_Diary_And_The_Blue_Light/book_content.txt	blue light|diary	timeline|relationships|scenes|quests|world	implemented_reference_map	reference_extracted_pending_domain_review
WDM-ARTIFACT-543fc0509aca	artifact	"S052
beat"	canon/canonical_story_tree/all_25_books_latest_full_cycle.txt|canon/canonical_story_tree/books/Book_02_The_Diary_And_The_Blue_Light/book_content.txt	blue light|diary	timeline|relationships|scenes|quests|world	implemented_reference_map	reference_extracted_pending_domain_review
WDM-ARTIFACT-02b760e83e8b	artifact	"Light

Mack-Protects-Ordinary-Rhythm-on-Purpose"	canon/canonical_story_tree/all_25_books_latest_full_cycle.txt|canon/canonical_story_tree/books/Book_02_The_Diary_And_The_Blue_Light/book_content.txt	blue light|diary	timeline|relationships|scenes|quests|world	implemented_reference_map	reference_extracted_pending_domain_review
WDM-ARTIFACT-822f125f2323	artifact	The guardian knows routine is	canon/canonical_story_tree/all_25_books_latest_full_cycle.txt|canon/canonical_story_tree/books/Book_02_The_Diary_And_The_Blue_Light/book_content.txt	blue light|diary	timeline|relationships|scenes|quests|world	implemented_reference_map	reference_extracted_pending_domain_review
WDM-ARTIFACT-924c9a069fc0	artifact	part of survival	canon/canonical_story_tree/all_25_books_latest_full_cycle.txt|canon/canonical_story_tree/books/Book_02_The_Diary_And_The_Blue_Light/book_content.txt	blue light|diary	timeline|relationships|scenes|quests|world	implemented_reference_map	reference_extracted_pending_domain_review
WDM-ARTIFACT-4ce65759f191	artifact	Fails	canon/canonical_story_tree/all_25_books_latest_full_cycle.txt|canon/canonical_story_tree/books/Book_02_The_Diary_And_The_Blue_Light/book_content.txt	blue light|diary	timeline|relationships|scenes|quests|world	implemented_reference_map	reference_extracted_pending_domain_review
WDM-ARTIFACT-5fcc4b2a9e3e	artifact	Succeeds	canon/canonical_story_tree/all_25_books_latest_full_cycle.txt|canon/canonical_story_tree/books/Book_02_The_Diary_And_The_Blue_Light/book_content.txt	blue light|diary	timeline|relationships|scenes|quests|world	implemented_reference_map	reference_extracted_pending_domain_review
WDM-ARTIFACT-46b9daa5fbc2	artifact	Acting	canon/canonical_story_tree/all_25_books_latest_full_cycle.txt|canon/canonical_story_tree/books/Book_02_The_Diary_And_The_Blue_Light/book_content.txt	blue light|diary	timeline|relationships|scenes|quests|world	implemented_reference_map	reference_extracted_pending_domain_review
WDM-ARTIFACT-19c9e3214996	artifact	"Pip-Fails-and-Succeeds-at-Acting-Normal

scene"	canon/canonical_story_tree/all_25_books_latest_full_cycle.txt|canon/canonical_story_tree/books/Book_02_The_Diary_And_The_Blue_Light/book_content.txt	blue light|diary	timeline|relationships|scenes|quests|world	implemented_reference_map	reference_extracted_pending_domain_review
WDM-ARTIFACT-d7af615d4407	artifact	"S053
beat"	canon/canonical_story_tree/all_25_books_latest_full_cycle.txt|canon/canonical_story_tree/books/Book_02_The_Diary_And_The_Blue_Light/book_content.txt	blue light|diary	timeline|relationships|scenes|quests|world	implemented_reference_map	reference_extracted_pending_domain_review
WDM-ARTIFACT-bbd7ab6d0a9d	artifact	"Light

Pip-Fails-and-Succeeds-at-Acting-Normal"	canon/canonical_story_tree/all_25_books_latest_full_cycle.txt|canon/canonical_story_tree/books/Book_02_The_Diary_And_The_Blue_Light/book_content.txt	blue light|diary	timeline|relationships|scenes|quests|world	implemented_reference_map	reference_extracted_pending_domain_review
WDM-ARTIFACT-e1218d1a99ce	artifact	Learns	canon/canonical_story_tree/all_25_books_latest_full_cycle.txt|canon/canonical_story_tree/books/Book_02_The_Diary_And_The_Blue_Light/book_content.txt	blue light|diary	timeline|relationships|scenes|quests|world	implemented_reference_map	reference_extracted_pending_domain_review
WDM-ARTIFACT-1ba3dcd35a3e	artifact	Through	canon/canonical_story_tree/all_25_books_latest_full_cycle.txt|canon/canonical_story_tree/books/Book_02_The_Diary_And_The_Blue_Light/book_content.txt|canon/canonical_story_tree/books/Book_21_The_Final_Descent/book_content.txt	blue light|cello|diary	timeline|relationships|scenes|quests|world	implemented_reference_map	reference_extracted_pending_domain_review
WDM-ARTIFACT-058decf95cb8	artifact	Small	canon/canonical_story_tree/all_25_books_latest_full_cycle.txt|canon/canonical_story_tree/books/Book_02_The_Diary_And_The_Blue_Light/book_content.txt	blue light|diary	timeline|relationships|scenes|quests|world	implemented_reference_map	reference_extracted_pending_domain_review
WDM-ARTIFACT-5e6004b7d411	artifact	Acts	canon/canonical_story_tree/all_25_books_latest_full_cycle.txt|canon/canonical_story_tree/books/Book_02_The_Diary_And_The_Blue_Light/book_content.txt	blue light|diary	timeline|relationships|scenes|quests|world	implemented_reference_map	reference_extracted_pending_domain_review
WDM-ARTIFACT-74956db2bc8b	artifact	"Rylos Vayne Johnson-Learns-the-Household-Through-Small-Acts

scene"	canon/canonical_story_tree/all_25_books_latest_full_cycle.txt|canon/canonical_story_tree/books/Book_02_The_Diary_And_The_Blue_Light/book_content.txt	blue light|diary	timeline|relationships|scenes|quests|world	implemented_reference_map	reference_extracted_pending_domain_review
WDM-ARTIFACT-a6cc16b14d69	artifact	"S054
beat"	canon/canonical_story_tree/all_25_books_latest_full_cycle.txt|canon/canonical_story_tree/books/Book_02_The_Diary_And_The_Blue_Light/book_content.txt	blue light|diary	timeline|relationships|scenes|quests|world	implemented_reference_map	reference_extracted_pending_domain_review
WDM-ARTIFACT-0c2f62027708	artifact	"Light

Rylos Vayne Johnson-Learns-the-Household-Through-Small-Acts"	canon/canonical_story_tree/all_25_books_latest_full_cycle.txt|canon/canonical_story_tree/books/Book_02_The_Diary_And_The_Blue_Light/book_content.txt	blue light|diary	timeline|relationships|scenes|quests|world	implemented_reference_map	reference_extracted_pending_domain_review
WDM-ARTIFACT-be33f2aad8fc	artifact	Waits	canon/canonical_story_tree/all_25_books_latest_full_cycle.txt|canon/canonical_story_tree/books/Book_02_The_Diary_And_The_Blue_Light/book_content.txt	blue light|diary	timeline|relationships|scenes|quests|world	implemented_reference_map	reference_extracted_pending_domain_review
WDM-ARTIFACT-d4c8af1a355a	artifact	Even	canon/canonical_story_tree/all_25_books_latest_full_cycle.txt|canon/canonical_story_tree/books/Book_02_The_Diary_And_The_Blue_Light/book_content.txt	blue light|diary	timeline|relationships|scenes|quests|world	implemented_reference_map	reference_extracted_pending_domain_review
WDM-ARTIFACT-0318c6f6ff27	artifact	When	canon/canonical_story_tree/all_25_books_latest_full_cycle.txt|canon/canonical_story_tree/books/Book_02_The_Diary_And_The_Blue_Light/book_content.txt	blue light|diary	timeline|relationships|scenes|quests|world	implemented_reference_map	reference_extracted_pending_domain_review
WDM-ARTIFACT-8ee852d5f896	artifact	Closed	canon/canonical_story_tree/all_25_books_latest_full_cycle.txt|canon/canonical_story_tree/books/Book_02_The_Diary_And_The_Blue_Light/book_content.txt	blue light|diary	timeline|relationships|scenes|quests|world	implemented_reference_map	reference_extracted_pending_domain_review
WDM-ARTIFACT-b6314dc3b539	artifact	"The-Diary-Waits-Even-When-Closed

scene"	canon/canonical_story_tree/all_25_books_latest_full_cycle.txt|canon/canonical_story_tree/books/Book_02_The_Diary_And_The_Blue_Light/book_content.txt	blue light|diary	timeline|relationships|scenes|quests|world	implemented_reference_map	reference_extracted_pending_domain_review
WDM-ARTIFACT-76add8d659d7	artifact	"S055
beat"	canon/canonical_story_tree/all_25_books_latest_full_cycle.txt|canon/canonical_story_tree/books/Book_02_The_Diary_And_The_Blue_Light/book_content.txt	blue light|diary	timeline|relationships|scenes|quests|world	implemented_reference_map	reference_extracted_pending_domain_review
WDM-ARTIFACT-953a29dc8117	artifact	"Light

The-Diary-Waits-Even-When-Closed"	canon/canonical_story_tree/all_25_books_latest_full_cycle.txt|canon/canonical_story_tree/books/Book_02_The_Diary_And_The_Blue_Light/book_content.txt	blue light|diary	timeline|relationships|scenes|quests|world	implemented_reference_map	reference_extracted_pending_domain_review
WDM-ARTIFACT-a13950427ebd	artifact	Precious	canon/canonical_story_tree/all_25_books_latest_full_cycle.txt|canon/canonical_story_tree/books/Book_02_The_Diary_And_The_Blue_Light/book_content.txt	blue light|diary	timeline|relationships|scenes|quests|world	implemented_reference_map	reference_extracted_pending_domain_review
WDM-ARTIFACT-7acd95fc9782	artifact	Because	canon/canonical_story_tree/all_25_books_latest_full_cycle.txt|canon/canonical_story_tree/books/Book_02_The_Diary_And_The_Blue_Light/book_content.txt	blue light|diary	timeline|relationships|scenes|quests|world	implemented_reference_map	reference_extracted_pending_domain_review
WDM-ARTIFACT-9400db828329	artifact	Temporary	canon/canonical_story_tree/all_25_books_latest_full_cycle.txt|canon/canonical_story_tree/books/Book_02_The_Diary_And_The_Blue_Light/book_content.txt	blue light|diary	timeline|relationships|scenes|quests|world	implemented_reference_map	reference_extracted_pending_domain_review
WDM-ARTIFACT-cf42e8794d87	artifact	"Sanctuary-Feels-More-Precious-Because-It-Is-Temporary

scene"	canon/canonical_story_tree/all_25_books_latest_full_cycle.txt|canon/canonical_story_tree/books/Book_02_The_Diary_And_The_Blue_Light/book_content.txt	blue light|diary	timeline|relationships|scenes|quests|world	implemented_reference_map	reference_extracted_pending_domain_review
WDM-ARTIFACT-7645830da5be	artifact	"S056
beat"	canon/canonical_story_tree/all_25_books_latest_full_cycle.txt|canon/canonical_story_tree/books/Book_02_The_Diary_And_The_Blue_Light/book_content.txt	blue light|diary	timeline|relationships|scenes|quests|world	implemented_reference_map	reference_extracted_pending_domain_review
WDM-ARTIFACT-0926523bfd17	artifact	"Light

Sanctuary-Feels-More-Precious-Because-It-Is-Temporary"	canon/canonical_story_tree/all_25_books_latest_full_cycle.txt|canon/canonical_story_tree/books/Book_02_The_Diary_And_The_Blue_Light/book_content.txt	blue light|diary	timeline|relationships|scenes|quests|world	implemented_reference_map	reference_extracted_pending_domain_review
WDM-ARTIFACT-b052caede4c2	artifact	Pairhood	canon/canonical_story_tree/all_25_books_latest_full_cycle.txt|canon/canonical_story_tree/books/Book_02_The_Diary_And_The_Blue_Light/book_content.txt	blue light|diary	timeline|relationships|scenes|quests|world	implemented_reference_map	reference_extracted_pending_domain_review
WDM-ARTIFACT-eb15f58e8e10	artifact	Unremarkable	canon/canonical_story_tree/all_25_books_latest_full_cycle.txt|canon/canonical_story_tree/books/Book_02_The_Diary_And_The_Blue_Light/book_content.txt	blue light|diary	timeline|relationships|scenes|quests|world	implemented_reference_map	reference_extracted_pending_domain_review
WDM-ARTIFACT-6121151c642a	artifact	Minutes	canon/canonical_story_tree/all_25_books_latest_full_cycle.txt|canon/canonical_story_tree/books/Book_02_The_Diary_And_The_Blue_Light/book_content.txt	blue light|diary	timeline|relationships|scenes|quests|world	implemented_reference_map	reference_extracted_pending_domain_review
WDM-ARTIFACT-359022d34d74	artifact	"Pairhood-Deepens-in-Unremarkable-Minutes

scene"	canon/canonical_story_tree/all_25_books_latest_full_cycle.txt|canon/canonical_story_tree/books/Book_02_The_Diary_And_The_Blue_Light/book_content.txt	blue light|diary	timeline|relationships|scenes|quests|world	implemented_reference_map	reference_extracted_pending_domain_review
WDM-ARTIFACT-c13ff8627367	artifact	"S057
beat"	canon/canonical_story_tree/all_25_books_latest_full_cycle.txt|canon/canonical_story_tree/books/Book_02_The_Diary_And_The_Blue_Light/book_content.txt	blue light|diary	timeline|relationships|scenes|quests|world	implemented_reference_map	reference_extracted_pending_domain_review
WDM-ARTIFACT-b4ead7dd420b	artifact	"Light

Pairhood-Deepens-in-Unremarkable-Minutes"	canon/canonical_story_tree/all_25_books_latest_full_cycle.txt|canon/canonical_story_tree/books/Book_02_The_Diary_And_The_Blue_Light/book_content.txt	blue light|diary	timeline|relationships|scenes|quests|world	implemented_reference_map	reference_extracted_pending_domain_review
WDM-ARTIFACT-42f0d21911e8	artifact	Quiet scenes continue building structure	canon/canonical_story_tree/all_25_books_latest_full_cycle.txt|canon/canonical_story_tree/books/Book_02_The_Diary_And_The_Blue_Light/book_content.txt	blue light|diary	timeline|relationships|scenes|quests|world	implemented_reference_map	reference_extracted_pending_domain_review
WDM-ARTIFACT-2104809bb87d	artifact	Outside	canon/canonical_story_tree/all_25_books_latest_full_cycle.txt|canon/canonical_story_tree/books/Book_02_The_Diary_And_The_Blue_Light/book_content.txt	blue light|diary	timeline|relationships|scenes|quests|world	implemented_reference_map	reference_extracted_pending_domain_review
WDM-ARTIFACT-c29a0ff9e910	artifact	World	canon/canonical_story_tree/all_25_books_latest_full_cycle.txt|canon/canonical_story_tree/books/Book_02_The_Diary_And_The_Blue_Light/book_content.txt	blue light|diary	timeline|relationships|scenes|quests|world	implemented_reference_map	reference_extracted_pending_domain_review
WDM-ARTIFACT-94f4400503a3	artifact	Disappear	canon/canonical_story_tree/all_25_books_latest_full_cycle.txt|canon/canonical_story_tree/books/Book_02_The_Diary_And_The_Blue_Light/book_content.txt	blue light|diary	timeline|relationships|scenes|quests|world	implemented_reference_map	reference_extracted_pending_domain_review
WDM-ARTIFACT-fd1a56529e32	artifact	"The-Outside-World-Does-Not-Disappear

scene"	canon/canonical_story_tree/all_25_books_latest_full_cycle.txt|canon/canonical_story_tree/books/Book_02_The_Diary_And_The_Blue_Light/book_content.txt	blue light|diary	timeline|relationships|scenes|quests|world	implemented_reference_map	reference_extracted_pending_domain_review
WDM-ARTIFACT-c6972b1f7ac2	artifact	"S058
beat"	canon/canonical_story_tree/all_25_books_latest_full_cycle.txt|canon/canonical_story_tree/books/Book_02_The_Diary_And_The_Blue_Light/book_content.txt	blue light|diary	timeline|relationships|scenes|quests|world	implemented_reference_map	reference_extracted_pending_domain_review
WDM-ARTIFACT-6f1a5f221d8f	artifact	"Light

The-Outside-World-Does-Not-Disappear"	canon/canonical_story_tree/all_25_books_latest_full_cycle.txt|canon/canonical_story_tree/books/Book_02_The_Diary_And_The_Blue_Light/book_content.txt	blue light|diary	timeline|relationships|scenes|quests|world	implemented_reference_map	reference_extracted_pending_domain_review
WDM-ARTIFACT-06a583bb5020	artifact	Distance pressure remains present	canon/canonical_story_tree/all_25_books_latest_full_cycle.txt|canon/canonical_story_tree/books/Book_02_The_Diary_And_The_Blue_Light/book_content.txt	blue light|diary	timeline|relationships|scenes|quests|world	implemented_reference_map	reference_extracted_pending_domain_review
WDM-ARTIFACT-0fb5eb5ebd54	artifact	Life	canon/canonical_story_tree/all_25_books_latest_full_cycle.txt|canon/canonical_story_tree/books/Book_02_The_Diary_And_The_Blue_Light/book_content.txt	blue light|diary	timeline|relationships|scenes|quests|world	implemented_reference_map	reference_extracted_pending_domain_review
WDM-ARTIFACT-40c3dd4aefd9	artifact	Defensive	canon/canonical_story_tree/all_25_books_latest_full_cycle.txt|canon/canonical_story_tree/books/Book_02_The_Diary_And_The_Blue_Light/book_content.txt	blue light|diary	timeline|relationships|scenes|quests|world	implemented_reference_map	reference_extracted_pending_domain_review
WDM-ARTIFACT-c88edc69a7a1	artifact	Magic	canon/canonical_story_tree/all_25_books_latest_full_cycle.txt|canon/canonical_story_tree/books/Book_02_The_Diary_And_The_Blue_Light/book_content.txt	blue light|diary	timeline|relationships|scenes|quests|world	implemented_reference_map	reference_extracted_pending_domain_review
WDM-ARTIFACT-eeae447f1cde	artifact	"Ordinary-Life-Becomes-Defensive-Magic

scene"	canon/canonical_story_tree/all_25_books_latest_full_cycle.txt|canon/canonical_story_tree/books/Book_02_The_Diary_And_The_Blue_Light/book_content.txt	blue light|diary	timeline|relationships|scenes|quests|world	implemented_reference_map	reference_extracted_pending_domain_review
WDM-ARTIFACT-f27ef9637bfa	artifact	"S059
beat"	canon/canonical_story_tree/all_25_books_latest_full_cycle.txt|canon/canonical_story_tree/books/Book_02_The_Diary_And_The_Blue_Light/book_content.txt	blue light|diary	timeline|relationships|scenes|quests|world	implemented_reference_map	reference_extracted_pending_domain_review
WDM-ARTIFACT-dbfc7fdf9688	artifact	"Light

Ordinary-Life-Becomes-Defensive-Magic"	canon/canonical_story_tree/all_25_books_latest_full_cycle.txt|canon/canonical_story_tree/books/Book_02_The_Diary_And_The_Blue_Light/book_content.txt	blue light|diary	timeline|relationships|scenes|quests|world	implemented_reference_map	reference_extracted_pending_domain_review
WDM-ARTIFACT-2aa89020f9c9	artifact	Routine itself becomes	canon/canonical_story_tree/all_25_books_latest_full_cycle.txt|canon/canonical_story_tree/books/Book_02_The_Diary_And_The_Blue_Light/book_content.txt	blue light|diary	timeline|relationships|scenes|quests|world	implemented_reference_map	reference_extracted_pending_domain_review
WDM-ARTIFACT-5e9afe408e21	artifact	form of warding	canon/canonical_story_tree/all_25_books_latest_full_cycle.txt|canon/canonical_story_tree/books/Book_02_The_Diary_And_The_Blue_Light/book_content.txt	blue light|diary	timeline|relationships|scenes|quests|world	implemented_reference_map	reference_extracted_pending_domain_review
WDM-ARTIFACT-2e6709dd42fe	artifact	Domesticity	canon/canonical_story_tree/all_25_books_latest_full_cycle.txt|canon/canonical_story_tree/books/Book_02_The_Diary_And_The_Blue_Light/book_content.txt	blue light|diary	timeline|relationships|scenes|quests|world	implemented_reference_map	reference_extracted_pending_domain_review
WDM-ARTIFACT-99e70d99100d	artifact	Strategy	canon/canonical_story_tree/all_25_books_latest_full_cycle.txt|canon/canonical_story_tree/books/Book_02_The_Diary_And_The_Blue_Light/book_content.txt	blue light|diary	timeline|relationships|scenes|quests|world	implemented_reference_map	reference_extracted_pending_domain_review
WDM-ARTIFACT-f6b4e8fdb27e	artifact	"The-Beat-Ends-with-Domesticity-as-Strategy

scene"	canon/canonical_story_tree/all_25_books_latest_full_cycle.txt|canon/canonical_story_tree/books/Book_02_The_Diary_And_The_Blue_Light/book_content.txt	blue light|diary	timeline|relationships|scenes|quests|world	implemented_reference_map	reference_extracted_pending_domain_review
WDM-ARTIFACT-2ee86059e007	artifact	"S060
beat"	canon/canonical_story_tree/all_25_books_latest_full_cycle.txt|canon/canonical_story_tree/books/Book_02_The_Diary_And_The_Blue_Light/book_content.txt	blue light|diary	timeline|relationships|scenes|quests|world	implemented_reference_map	reference_extracted_pending_domain_review
WDM-ARTIFACT-8fda8993cdb5	artifact	"Light

The-Beat-Ends-with-Domesticity-as-Strategy"	canon/canonical_story_tree/all_25_books_latest_full_cycle.txt|canon/canonical_story_tree/books/Book_02_The_Diary_And_The_Blue_Light/book_content.txt	blue light|diary	timeline|relationships|scenes|quests|world	implemented_reference_map	reference_extracted_pending_domain_review
WDM-ARTIFACT-3cd7c0b2845e	artifact	The house stays human on	canon/canonical_story_tree/all_25_books_latest_full_cycle.txt|canon/canonical_story_tree/books/Book_02_The_Diary_And_The_Blue_Light/book_content.txt	blue light|diary	timeline|relationships|scenes|quests|world	implemented_reference_map	reference_extracted_pending_domain_review
WDM-ARTIFACT-6e822f49cffe	artifact	Hidden	canon/canonical_story_tree/all_25_books_latest_full_cycle.txt|canon/canonical_story_tree/books/Book_02_The_Diary_And_The_Blue_Light/book_content.txt	blue light|diary	timeline|relationships|scenes|quests|world	implemented_reference_map	reference_extracted_pending_domain_review
WDM-ARTIFACT-e4aa31b93f80	artifact	Layers	canon/canonical_story_tree/all_25_books_latest_full_cycle.txt|canon/canonical_story_tree/books/Book_02_The_Diary_And_The_Blue_Light/book_content.txt	blue light|diary	timeline|relationships|scenes|quests|world	implemented_reference_map	reference_extracted_pending_domain_review
WDM-ARTIFACT-a810f0a0245e	artifact	Oasis	canon/canonical_story_tree/all_25_books_latest_full_cycle.txt|canon/canonical_story_tree/books/Book_02_The_Diary_And_The_Blue_Light/book_content.txt|canon/canonical_story_tree/books/Book_03_The_First_Thread/book_content.txt|canon/canonical_story_tree/world/wowas_world_zone_map.json	blue light|diary	timeline|relationships|scenes|quests|world	implemented_reference_map	reference_extracted_pending_domain_review
WDM-ARTIFACT-38d2d595d85d	artifact	Begin	canon/canonical_story_tree/all_25_books_latest_full_cycle.txt|canon/canonical_story_tree/books/Book_02_The_Diary_And_The_Blue_Light/book_content.txt	blue light|diary	timeline|relationships|scenes|quests|world	implemented_reference_map	reference_extracted_pending_domain_review
WDM-ARTIFACT-ea073a4e77c2	artifact	Show	canon/canonical_story_tree/all_25_books_latest_full_cycle.txt|canon/canonical_story_tree/books/Book_02_The_Diary_And_The_Blue_Light/book_content.txt	blue light|diary	timeline|relationships|scenes|quests|world	implemented_reference_map	reference_extracted_pending_domain_review
WDM-ARTIFACT-1bfb934d19dd	artifact	"Hidden-Layers-of-the-Oasis-Begin-to-Show

scene"	canon/canonical_story_tree/all_25_books_latest_full_cycle.txt|canon/canonical_story_tree/books/Book_02_The_Diary_And_The_Blue_Light/book_content.txt	blue light|diary	timeline|relationships|scenes|quests|world	implemented_reference_map	reference_extracted_pending_domain_review
WDM-ARTIFACT-3cf48eae824a	artifact	"S061
beat"	canon/canonical_story_tree/all_25_books_latest_full_cycle.txt|canon/canonical_story_tree/books/Book_02_The_Diary_And_The_Blue_Light/book_content.txt	blue light|diary	timeline|relationships|scenes|quests|world	implemented_reference_map	reference_extracted_pending_domain_review
WDM-ARTIFACT-b47fc3cac6b9	artifact	"Light

Hidden-Layers-of-the-Oasis-Begin-to-Show"	canon/canonical_story_tree/all_25_books_latest_full_cycle.txt|canon/canonical_story_tree/books/Book_02_The_Diary_And_The_Blue_Light/book_content.txt	blue light|diary	timeline|relationships|scenes|quests|world	implemented_reference_map	reference_extracted_pending_domain_review
WDM-ARTIFACT-962735dc170f	artifact	The sanctuary reveals deeper architecture	canon/canonical_story_tree/all_25_books_latest_full_cycle.txt|canon/canonical_story_tree/books/Book_02_The_Diary_And_The_Blue_Light/book_content.txt	blue light|diary	timeline|relationships|scenes|quests|world	implemented_reference_map	reference_extracted_pending_domain_review
WDM-ARTIFACT-9734bf493376	artifact	Knows	canon/canonical_story_tree/all_25_books_latest_full_cycle.txt|canon/canonical_story_tree/books/Book_02_The_Diary_And_The_Blue_Light/book_content.txt	blue light|diary	timeline|relationships|scenes|quests|world	implemented_reference_map	reference_extracted_pending_domain_review
WDM-ARTIFACT-c25365d663b6	artifact	Than	canon/canonical_story_tree/all_25_books_latest_full_cycle.txt|canon/canonical_story_tree/books/Book_02_The_Diary_And_The_Blue_Light/book_content.txt	blue light|diary	timeline|relationships|scenes|quests|world	implemented_reference_map	reference_extracted_pending_domain_review
WDM-ARTIFACT-e0f8c62bd108	artifact	Has	canon/canonical_story_tree/all_25_books_latest_full_cycle.txt|canon/canonical_story_tree/books/Book_02_The_Diary_And_The_Blue_Light/book_content.txt	blue light|diary	timeline|relationships|scenes|quests|world	implemented_reference_map	reference_extracted_pending_domain_review
WDM-ARTIFACT-20f2d66337df	artifact	Said	canon/canonical_story_tree/all_25_books_latest_full_cycle.txt|canon/canonical_story_tree/books/Book_02_The_Diary_And_The_Blue_Light/book_content.txt	blue light|diary	timeline|relationships|scenes|quests|world	implemented_reference_map	reference_extracted_pending_domain_review
WDM-ARTIFACT-9dc52d3eb893	artifact	"Mack-Knows-More-Than-He-Has-Said

scene"	canon/canonical_story_tree/all_25_books_latest_full_cycle.txt|canon/canonical_story_tree/books/Book_02_The_Diary_And_The_Blue_Light/book_content.txt	blue light|diary	timeline|relationships|scenes|quests|world	implemented_reference_map	reference_extracted_pending_domain_review
WDM-ARTIFACT-ebb4034f7230	artifact	"S062
beat"	canon/canonical_story_tree/all_25_books_latest_full_cycle.txt|canon/canonical_story_tree/books/Book_02_The_Diary_And_The_Blue_Light/book_content.txt	blue light|diary	timeline|relationships|scenes|quests|world	implemented_reference_map	reference_extracted_pending_domain_review
WDM-ARTIFACT-a6a06fea30b4	artifact	"Light

Mack-Knows-More-Than-He-Has-Said"	canon/canonical_story_tree/all_25_books_latest_full_cycle.txt|canon/canonical_story_tree/books/Book_02_The_Diary_And_The_Blue_Light/book_content.txt	blue light|diary	timeline|relationships|scenes|quests|world	implemented_reference_map	reference_extracted_pending_domain_review
WDM-ARTIFACT-28bd8fa9e30a	artifact	Authority thickens	canon/canonical_story_tree/all_25_books_latest_full_cycle.txt|canon/canonical_story_tree/books/Book_02_The_Diary_And_The_Blue_Light/book_content.txt	blue light|diary	timeline|relationships|scenes|quests|world	implemented_reference_map	reference_extracted_pending_domain_review
WDM-ARTIFACT-eb3f9057963c	artifact	Starts	canon/canonical_story_tree/all_25_books_latest_full_cycle.txt|canon/canonical_story_tree/books/Book_02_The_Diary_And_The_Blue_Light/book_content.txt	blue light|diary	timeline|relationships|scenes|quests|world	implemented_reference_map	reference_extracted_pending_domain_review
WDM-ARTIFACT-313de63f7a19	artifact	Seeing	canon/canonical_story_tree/all_25_books_latest_full_cycle.txt|canon/canonical_story_tree/books/Book_02_The_Diary_And_The_Blue_Light/book_content.txt	blue light|diary	timeline|relationships|scenes|quests|world	implemented_reference_map	reference_extracted_pending_domain_review
WDM-ARTIFACT-c1ce9e444842	artifact	Made	canon/canonical_story_tree/all_25_books_latest_full_cycle.txt|canon/canonical_story_tree/books/Book_02_The_Diary_And_The_Blue_Light/book_content.txt	blue light|diary	timeline|relationships|scenes|quests|world	implemented_reference_map	reference_extracted_pending_domain_review
WDM-ARTIFACT-d7b615475d84	artifact	Structure	canon/canonical_story_tree/all_25_books_latest_full_cycle.txt|canon/canonical_story_tree/books/Book_02_The_Diary_And_The_Blue_Light/book_content.txt	blue light|diary	timeline|relationships|scenes|quests|world	implemented_reference_map	reference_extracted_pending_domain_review
WDM-ARTIFACT-d0506becc11a	artifact	Accident	canon/canonical_story_tree/all_25_books_latest_full_cycle.txt|canon/canonical_story_tree/books/Book_02_The_Diary_And_The_Blue_Light/book_content.txt	blue light|diary	timeline|relationships|scenes|quests|world	implemented_reference_map	reference_extracted_pending_domain_review
WDM-ARTIFACT-b7509f55644a	artifact	"Pip-Starts-Seeing-Home-as-Made-Structure-Not-Accident

scene"	canon/canonical_story_tree/all_25_books_latest_full_cycle.txt|canon/canonical_story_tree/books/Book_02_The_Diary_And_The_Blue_Light/book_content.txt	blue light|diary	timeline|relationships|scenes|quests|world	implemented_reference_map	reference_extracted_pending_domain_review
WDM-ARTIFACT-3a09f045b186	artifact	"S063
beat"	canon/canonical_story_tree/all_25_books_latest_full_cycle.txt|canon/canonical_story_tree/books/Book_02_The_Diary_And_The_Blue_Light/book_content.txt	blue light|diary	timeline|relationships|scenes|quests|world	implemented_reference_map	reference_extracted_pending_domain_review
WDM-ARTIFACT-03815455c1bf	artifact	"Light

Pip-Starts-Seeing-Home-as-Made-Structure-Not-Accident"	canon/canonical_story_tree/all_25_books_latest_full_cycle.txt|canon/canonical_story_tree/books/Book_02_The_Diary_And_The_Blue_Light/book_content.txt	blue light|diary	timeline|relationships|scenes|quests|world	implemented_reference_map	reference_extracted_pending_domain_review
WDM-ARTIFACT-b4bf388b6c16	artifact	Protection	canon/canonical_story_tree/all_25_books_latest_full_cycle.txt|canon/canonical_story_tree/books/Book_02_The_Diary_And_The_Blue_Light/book_content.txt	blue light|diary	timeline|relationships|scenes|quests|world	implemented_reference_map	reference_extracted_pending_domain_review
WDM-ARTIFACT-97d5e123bbdf	artifact	Concealment	canon/canonical_story_tree/all_25_books_latest_full_cycle.txt|canon/canonical_story_tree/books/Book_02_The_Diary_And_The_Blue_Light/book_content.txt	blue light|diary	timeline|relationships|scenes|quests|world	implemented_reference_map	reference_extracted_pending_domain_review
WDM-ARTIFACT-caf77a49670c	artifact	"Rylos Vayne Johnson-Reads-Protection-and-Concealment-Together

scene"	canon/canonical_story_tree/all_25_books_latest_full_cycle.txt|canon/canonical_story_tree/books/Book_02_The_Diary_And_The_Blue_Light/book_content.txt	blue light|diary	timeline|relationships|scenes|quests|world	implemented_reference_map	reference_extracted_pending_domain_review
WDM-ARTIFACT-e877f17be8b4	artifact	"S064
beat"	canon/canonical_story_tree/all_25_books_latest_full_cycle.txt|canon/canonical_story_tree/books/Book_02_The_Diary_And_The_Blue_Light/book_content.txt	blue light|diary	timeline|relationships|scenes|quests|world	implemented_reference_map	reference_extracted_pending_domain_review
WDM-ARTIFACT-219f2e48f648	artifact	"Light

Rylos Vayne Johnson-Reads-Protection-and-Concealment-Together"	canon/canonical_story_tree/all_25_books_latest_full_cycle.txt|canon/canonical_story_tree/books/Book_02_The_Diary_And_The_Blue_Light/book_content.txt	blue light|diary	timeline|relationships|scenes|quests|world	implemented_reference_map	reference_extracted_pending_domain_review
WDM-ARTIFACT-28fc7bdca68b	artifact	Points	canon/canonical_story_tree/all_25_books_latest_full_cycle.txt|canon/canonical_story_tree/books/Book_02_The_Diary_And_The_Blue_Light/book_content.txt	blue light|diary	timeline|relationships|scenes|quests|world	implemented_reference_map	reference_extracted_pending_domain_review
WDM-ARTIFACT-2de2487859d0	artifact	Toward	canon/canonical_story_tree/all_25_books_latest_full_cycle.txt|canon/canonical_story_tree/books/Book_02_The_Diary_And_The_Blue_Light/book_content.txt	blue light|diary	timeline|relationships|scenes|quests|world	implemented_reference_map	reference_extracted_pending_domain_review
WDM-ARTIFACT-4d21b7fe85bd	artifact	House	canon/canonical_story_tree/all_25_books_latest_full_cycle.txt|canon/canonical_story_tree/books/Book_02_The_Diary_And_The_Blue_Light/book_content.txt	blue light|diary	timeline|relationships|scenes|quests|world	implemented_reference_map	reference_extracted_pending_domain_review
WDM-ARTIFACT-b2e5283986e7	artifact	"The-Diary-Points-Toward-What-the-House-Is-Hiding

scene"	canon/canonical_story_tree/all_25_books_latest_full_cycle.txt|canon/canonical_story_tree/books/Book_02_The_Diary_And_The_Blue_Light/book_content.txt	blue light|diary	timeline|relationships|scenes|quests|world	implemented_reference_map	reference_extracted_pending_domain_review
WDM-ARTIFACT-33aaad39d2e0	artifact	"S065
beat"	canon/canonical_story_tree/all_25_books_latest_full_cycle.txt|canon/canonical_story_tree/books/Book_02_The_Diary_And_The_Blue_Light/book_content.txt	blue light|diary	timeline|relationships|scenes|quests|world	implemented_reference_map	reference_extracted_pending_domain_review
WDM-ARTIFACT-958f7e1f4547	artifact	"Light

The-Diary-Points-Toward-What-the-House-Is-Hiding"	canon/canonical_story_tree/all_25_books_latest_full_cycle.txt|canon/canonical_story_tree/books/Book_02_The_Diary_And_The_Blue_Light/book_content.txt	blue light|diary	timeline|relationships|scenes|quests|world	implemented_reference_map	reference_extracted_pending_domain_review
WDM-ARTIFACT-d3729d026843	artifact	Some	canon/canonical_story_tree/all_25_books_latest_full_cycle.txt|canon/canonical_story_tree/books/Book_02_The_Diary_And_The_Blue_Light/book_content.txt	blue light|diary	timeline|relationships|scenes|quests|world	implemented_reference_map	reference_extracted_pending_domain_review
WDM-ARTIFACT-5316329497f5	artifact	Surface	canon/canonical_story_tree/all_25_books_latest_full_cycle.txt|canon/canonical_story_tree/books/Book_02_The_Diary_And_The_Blue_Light/book_content.txt	blue light|diary	timeline|relationships|scenes|quests|world	implemented_reference_map	reference_extracted_pending_domain_review
WDM-ARTIFACT-9a445c1516d7	artifact	Responds	canon/canonical_story_tree/all_25_books_latest_full_cycle.txt|canon/canonical_story_tree/books/Book_02_The_Diary_And_The_Blue_Light/book_content.txt	blue light|diary	timeline|relationships|scenes|quests|world	implemented_reference_map	reference_extracted_pending_domain_review
WDM-ARTIFACT-9e5122656030	artifact	"Some-Room-Object-or-Memory-Surface-Responds

scene"	canon/canonical_story_tree/all_25_books_latest_full_cycle.txt|canon/canonical_story_tree/books/Book_02_The_Diary_And_The_Blue_Light/book_content.txt	blue light|diary	timeline|relationships|scenes|quests|world	implemented_reference_map	reference_extracted_pending_domain_review
WDM-ARTIFACT-184c8ab9daaf	artifact	"S066
beat"	canon/canonical_story_tree/all_25_books_latest_full_cycle.txt|canon/canonical_story_tree/books/Book_02_The_Diary_And_The_Blue_Light/book_content.txt	blue light|diary	timeline|relationships|scenes|quests|world	implemented_reference_map	reference_extracted_pending_domain_review
WDM-ARTIFACT-192d5df5af24	artifact	"Light

Some-Room-Object-or-Memory-Surface-Responds"	canon/canonical_story_tree/all_25_books_latest_full_cycle.txt|canon/canonical_story_tree/books/Book_02_The_Diary_And_The_Blue_Light/book_content.txt	blue light|diary	timeline|relationships|scenes|quests|world	implemented_reference_map	reference_extracted_pending_domain_review
WDM-ARTIFACT-3e6347e97ccd	artifact	Trust	canon/canonical_story_tree/all_25_books_latest_full_cycle.txt|canon/canonical_story_tree/books/Book_02_The_Diary_And_The_Blue_Light/book_content.txt	blue light|diary	timeline|relationships|scenes|quests|world	implemented_reference_map	reference_extracted_pending_domain_review
WDM-ARTIFACT-7066019ea31d	artifact	Cost	canon/canonical_story_tree/all_25_books_latest_full_cycle.txt|canon/canonical_story_tree/books/Book_02_The_Diary_And_The_Blue_Light/book_content.txt|canon/canonical_story_tree/books/Book_22_The_Last_Open_Gate/book_content.txt	blue light|cello|diary	timeline|relationships|scenes|quests|world	implemented_reference_map	reference_extracted_pending_domain_review
WDM-ARTIFACT-ea1fbf68f26e	artifact	"Trust-Becomes-the-Cost-of-Deeper-Access

scene"	canon/canonical_story_tree/all_25_books_latest_full_cycle.txt|canon/canonical_story_tree/books/Book_02_The_Diary_And_The_Blue_Light/book_content.txt	blue light|diary	timeline|relationships|scenes|quests|world	implemented_reference_map	reference_extracted_pending_domain_review
WDM-ARTIFACT-9205601426d8	artifact	"S067
beat"	canon/canonical_story_tree/all_25_books_latest_full_cycle.txt|canon/canonical_story_tree/books/Book_02_The_Diary_And_The_Blue_Light/book_content.txt	blue light|diary	timeline|relationships|scenes|quests|world	implemented_reference_map	reference_extracted_pending_domain_review
WDM-ARTIFACT-bc8003073d8e	artifact	"Light

Trust-Becomes-the-Cost-of-Deeper-Access"	canon/canonical_story_tree/all_25_books_latest_full_cycle.txt|canon/canonical_story_tree/books/Book_02_The_Diary_And_The_Blue_Light/book_content.txt	blue light|diary	timeline|relationships|scenes|quests|world	implemented_reference_map	reference_extracted_pending_domain_review
WDM-ARTIFACT-e428e01051d4	artifact	Knowledge now depends on relationship	canon/canonical_story_tree/all_25_books_latest_full_cycle.txt|canon/canonical_story_tree/books/Book_02_The_Diary_And_The_Blue_Light/book_content.txt	blue light|diary	timeline|relationships|scenes|quests|world	implemented_reference_map	reference_extracted_pending_domain_review
WDM-ARTIFACT-022efe0cdb16	artifact	Fears	canon/canonical_story_tree/all_25_books_latest_full_cycle.txt|canon/canonical_story_tree/books/Book_02_The_Diary_And_The_Blue_Light/book_content.txt	blue light|diary	timeline|relationships|scenes|quests|world	implemented_reference_map	reference_extracted_pending_domain_review
WDM-ARTIFACT-406f5125f8b1	artifact	Changes	canon/canonical_story_tree/all_25_books_latest_full_cycle.txt|canon/canonical_story_tree/books/Book_02_The_Diary_And_The_Blue_Light/book_content.txt	blue light|diary	timeline|relationships|scenes|quests|world	implemented_reference_map	reference_extracted_pending_domain_review
WDM-ARTIFACT-9af15527bf41	artifact	"Pip-Wants-In-But-Fears-What-It-Changes

scene"	canon/canonical_story_tree/all_25_books_latest_full_cycle.txt|canon/canonical_story_tree/books/Book_02_The_Diary_And_The_Blue_Light/book_content.txt	blue light|diary	timeline|relationships|scenes|quests|world	implemented_reference_map	reference_extracted_pending_domain_review
WDM-ARTIFACT-e21a836ca83e	artifact	"S068
beat"	canon/canonical_story_tree/all_25_books_latest_full_cycle.txt|canon/canonical_story_tree/books/Book_02_The_Diary_And_The_Blue_Light/book_content.txt	blue light|diary	timeline|relationships|scenes|quests|world	implemented_reference_map	reference_extracted_pending_domain_review
WDM-ARTIFACT-527a77d857c9	artifact	"Light

Pip-Wants-In-But-Fears-What-It-Changes"	canon/canonical_story_tree/all_25_books_latest_full_cycle.txt|canon/canonical_story_tree/books/Book_02_The_Diary_And_The_Blue_Light/book_content.txt	blue light|diary	timeline|relationships|scenes|quests|world	implemented_reference_map	reference_extracted_pending_domain_review
WDM-ARTIFACT-367124571c6d	artifact	Curiosity intensifies	canon/canonical_story_tree/all_25_books_latest_full_cycle.txt|canon/canonical_story_tree/books/Book_02_The_Diary_And_The_Blue_Light/book_content.txt	blue light|diary	timeline|relationships|scenes|quests|world	implemented_reference_map	reference_extracted_pending_domain_review
WDM-ARTIFACT-feda017e6be3	artifact	Proves	canon/canonical_story_tree/all_25_books_latest_full_cycle.txt|canon/canonical_story_tree/books/Book_02_The_Diary_And_The_Blue_Light/book_content.txt	blue light|diary	timeline|relationships|scenes|quests|world	implemented_reference_map	reference_extracted_pending_domain_review
WDM-ARTIFACT-b0276a3afefe	artifact	Will	canon/canonical_story_tree/all_25_books_latest_full_cycle.txt|canon/canonical_story_tree/books/Book_02_The_Diary_And_The_Blue_Light/book_content.txt	blue light|diary	timeline|relationships|scenes|quests|world	implemented_reference_map	reference_extracted_pending_domain_review
WDM-ARTIFACT-28d637a6a73b	artifact	Easily	canon/canonical_story_tree/all_25_books_latest_full_cycle.txt|canon/canonical_story_tree/books/Book_02_The_Diary_And_The_Blue_Light/book_content.txt	blue light|diary	timeline|relationships|scenes|quests|world	implemented_reference_map	reference_extracted_pending_domain_review
WDM-ARTIFACT-259819758d41	artifact	Excluded	canon/canonical_story_tree/all_25_books_latest_full_cycle.txt|canon/canonical_story_tree/books/Book_02_The_Diary_And_The_Blue_Light/book_content.txt	blue light|diary	timeline|relationships|scenes|quests|world	implemented_reference_map	reference_extracted_pending_domain_review
WDM-ARTIFACT-9e259f2944a3	artifact	"Rylos Vayne Johnson-Proves-He-Will-Not-Be-Easily-Excluded

scene"	canon/canonical_story_tree/all_25_books_latest_full_cycle.txt|canon/canonical_story_tree/books/Book_02_The_Diary_And_The_Blue_Light/book_content.txt	blue light|diary	timeline|relationships|scenes|quests|world	implemented_reference_map	reference_extracted_pending_domain_review
WDM-ARTIFACT-0bb6cda80ca0	artifact	"S069
beat"	canon/canonical_story_tree/all_25_books_latest_full_cycle.txt|canon/canonical_story_tree/books/Book_02_The_Diary_And_The_Blue_Light/book_content.txt	blue light|diary	timeline|relationships|scenes|quests|world	implemented_reference_map	reference_extracted_pending_domain_review
WDM-ARTIFACT-86df685b544e	artifact	"Light

Rylos Vayne Johnson-Proves-He-Will-Not-Be-Easily-Excluded"	canon/canonical_story_tree/all_25_books_latest_full_cycle.txt|canon/canonical_story_tree/books/Book_02_The_Diary_And_The_Blue_Light/book_content.txt	blue light|diary	timeline|relationships|scenes|quests|world	implemented_reference_map	reference_extracted_pending_domain_review
WDM-ARTIFACT-76c3502b4fb8	artifact	His role in the core	canon/canonical_story_tree/all_25_books_latest_full_cycle.txt|canon/canonical_story_tree/books/Book_02_The_Diary_And_The_Blue_Light/book_content.txt	blue light|diary	timeline|relationships|scenes|quests|world	implemented_reference_map	reference_extracted_pending_domain_review
WDM-ARTIFACT-cf708ed344da	artifact	plot hardens	canon/canonical_story_tree/all_25_books_latest_full_cycle.txt|canon/canonical_story_tree/books/Book_02_The_Diary_And_The_Blue_Light/book_content.txt	blue light|diary	timeline|relationships|scenes|quests|world	implemented_reference_map	reference_extracted_pending_domain_review
WDM-ARTIFACT-d1f9579e5699	artifact	Active	canon/canonical_story_tree/all_25_books_latest_full_cycle.txt|canon/canonical_story_tree/books/Book_02_The_Diary_And_The_Blue_Light/book_content.txt	blue light|diary	timeline|relationships|scenes|quests|world	implemented_reference_map	reference_extracted_pending_domain_review
WDM-ARTIFACT-e66adf7bf11c	artifact	"The-Beat-Ends-with-the-House-As-Active-Memory

scene"	canon/canonical_story_tree/all_25_books_latest_full_cycle.txt|canon/canonical_story_tree/books/Book_02_The_Diary_And_The_Blue_Light/book_content.txt	blue light|diary	timeline|relationships|scenes|quests|world	implemented_reference_map	reference_extracted_pending_domain_review
WDM-ARTIFACT-15a32d314dda	artifact	"S070
beat"	canon/canonical_story_tree/all_25_books_latest_full_cycle.txt|canon/canonical_story_tree/books/Book_02_The_Diary_And_The_Blue_Light/book_content.txt	blue light|diary	timeline|relationships|scenes|quests|world	implemented_reference_map	reference_extracted_pending_domain_review
WDM-ARTIFACT-ec1604aa82b1	artifact	"Light

The-Beat-Ends-with-the-House-As-Active-Memory"	canon/canonical_story_tree/all_25_books_latest_full_cycle.txt|canon/canonical_story_tree/books/Book_02_The_Diary_And_The_Blue_Light/book_content.txt	blue light|diary	timeline|relationships|scenes|quests|world	implemented_reference_map	reference_extracted_pending_domain_review
WDM-ARTIFACT-86d123a4195c	artifact	Physical	canon/canonical_story_tree/all_25_books_latest_full_cycle.txt|canon/canonical_story_tree/books/Book_02_The_Diary_And_The_Blue_Light/book_content.txt	blue light|diary	timeline|relationships|scenes|quests|world	implemented_reference_map	reference_extracted_pending_domain_review
WDM-ARTIFACT-c000ca6e41d1	artifact	Recovery	canon/canonical_story_tree/all_25_books_latest_full_cycle.txt|canon/canonical_story_tree/books/Book_02_The_Diary_And_The_Blue_Light/book_content.txt	blue light|diary	timeline|relationships|scenes|quests|world	implemented_reference_map	reference_extracted_pending_domain_review
WDM-ARTIFACT-59f247eabb42	artifact	"Rylos-Physical-Recovery-and-Diary-Reading-Start-Rhyming

scene"	canon/canonical_story_tree/all_25_books_latest_full_cycle.txt|canon/canonical_story_tree/books/Book_02_The_Diary_And_The_Blue_Light/book_content.txt	blue light|diary	timeline|relationships|scenes|quests|world	implemented_reference_map	reference_extracted_pending_domain_review
WDM-ARTIFACT-ef2c95323552	artifact	"S071
beat"	canon/canonical_story_tree/all_25_books_latest_full_cycle.txt|canon/canonical_story_tree/books/Book_02_The_Diary_And_The_Blue_Light/book_content.txt	blue light|diary	timeline|relationships|scenes|quests|world	implemented_reference_map	reference_extracted_pending_domain_review
WDM-ARTIFACT-4f135f364c11	artifact	"Light

Rylos-Physical-Recovery-and-Diary-Reading-Start-Rhyming"	canon/canonical_story_tree/all_25_books_latest_full_cycle.txt|canon/canonical_story_tree/books/Book_02_The_Diary_And_The_Blue_Light/book_content.txt	blue light|diary	timeline|relationships|scenes|quests|world	implemented_reference_map	reference_extracted_pending_domain_review
WDM-ARTIFACT-801eafeea021	artifact	That	canon/canonical_story_tree/all_25_books_latest_full_cycle.txt|canon/canonical_story_tree/books/Book_02_The_Diary_And_The_Blue_Light/book_content.txt	blue light|diary	timeline|relationships|scenes|quests|world	implemented_reference_map	reference_extracted_pending_domain_review
WDM-ARTIFACT-8c93f63be727	artifact	"Pip-Learns-That-Care-Is-Interpretation

scene"	canon/canonical_story_tree/all_25_books_latest_full_cycle.txt|canon/canonical_story_tree/books/Book_02_The_Diary_And_The_Blue_Light/book_content.txt	blue light|diary	timeline|relationships|scenes|quests|world	implemented_reference_map	reference_extracted_pending_domain_review
WDM-ARTIFACT-4a240c98c4da	artifact	"S072
beat"	canon/canonical_story_tree/all_25_books_latest_full_cycle.txt|canon/canonical_story_tree/books/Book_02_The_Diary_And_The_Blue_Light/book_content.txt	blue light|diary	timeline|relationships|scenes|quests|world	implemented_reference_map	reference_extracted_pending_domain_review
WDM-ARTIFACT-9ed663bf2ec6	artifact	"Light

Pip-Learns-That-Care-Is-Interpretation"	canon/canonical_story_tree/all_25_books_latest_full_cycle.txt|canon/canonical_story_tree/books/Book_02_The_Diary_And_The_Blue_Light/book_content.txt	blue light|diary	timeline|relationships|scenes|quests|world	implemented_reference_map	reference_extracted_pending_domain_review
WDM-ARTIFACT-7b1d5ec3cfa2	artifact	Binds	canon/canonical_story_tree/all_25_books_latest_full_cycle.txt|canon/canonical_story_tree/books/Book_02_The_Diary_And_The_Blue_Light/book_content.txt	blue light|diary	timeline|relationships|scenes|quests|world	implemented_reference_map	reference_extracted_pending_domain_review
WDM-ARTIFACT-2528e3d5f9ab	artifact	Healing	canon/canonical_story_tree/all_25_books_latest_full_cycle.txt|canon/canonical_story_tree/books/Book_02_The_Diary_And_The_Blue_Light/book_content.txt	blue light|diary	timeline|relationships|scenes|quests|world	implemented_reference_map	reference_extracted_pending_domain_review
WDM-ARTIFACT-46aa51117ae8	artifact	"Mack-Binds-Healing-to-Discipline

scene"	canon/canonical_story_tree/all_25_books_latest_full_cycle.txt|canon/canonical_story_tree/books/Book_02_The_Diary_And_The_Blue_Light/book_content.txt	blue light|diary	timeline|relationships|scenes|quests|world	implemented_reference_map	reference_extracted_pending_domain_review
WDM-ARTIFACT-2402110b9b94	artifact	"S073
beat"	canon/canonical_story_tree/all_25_books_latest_full_cycle.txt|canon/canonical_story_tree/books/Book_02_The_Diary_And_The_Blue_Light/book_content.txt	blue light|diary	timeline|relationships|scenes|quests|world	implemented_reference_map	reference_extracted_pending_domain_review
WDM-ARTIFACT-36173f3b88b2	artifact	"Light

Mack-Binds-Healing-to-Discipline"	canon/canonical_story_tree/all_25_books_latest_full_cycle.txt|canon/canonical_story_tree/books/Book_02_The_Diary_And_The_Blue_Light/book_content.txt	blue light|diary	timeline|relationships|scenes|quests|world	implemented_reference_map	reference_extracted_pending_domain_review
WDM-ARTIFACT-691e214fdafd	artifact	Old	canon/canonical_story_tree/all_25_books_latest_full_cycle.txt|canon/canonical_story_tree/books/Book_02_The_Diary_And_The_Blue_Light/book_content.txt	blue light|diary	timeline|relationships|scenes|quests|world	implemented_reference_map	reference_extracted_pending_domain_review
WDM-ARTIFACT-04998934a1b2	artifact	Scar	canon/canonical_story_tree/all_25_books_latest_full_cycle.txt|canon/canonical_story_tree/books/Book_02_The_Diary_And_The_Blue_Light/book_content.txt	blue light|diary	timeline|relationships|scenes|quests|world	implemented_reference_map	reference_extracted_pending_domain_review
WDM-ARTIFACT-3a2f8202df34	artifact	Kind	canon/canonical_story_tree/all_25_books_latest_full_cycle.txt|canon/canonical_story_tree/books/Book_02_The_Diary_And_The_Blue_Light/book_content.txt	blue light|diary	timeline|relationships|scenes|quests|world	implemented_reference_map	reference_extracted_pending_domain_review
WDM-ARTIFACT-061e39aa643c	artifact	"The-Diary-Opens-an-Old-Scar-of-Some-Kind

scene"	canon/canonical_story_tree/all_25_books_latest_full_cycle.txt|canon/canonical_story_tree/books/Book_02_The_Diary_And_The_Blue_Light/book_content.txt	blue light|diary	timeline|relationships|scenes|quests|world	implemented_reference_map	reference_extracted_pending_domain_review
WDM-ARTIFACT-619d52d004c4	artifact	"S074
beat"	canon/canonical_story_tree/all_25_books_latest_full_cycle.txt|canon/canonical_story_tree/books/Book_02_The_Diary_And_The_Blue_Light/book_content.txt	blue light|diary	timeline|relationships|scenes|quests|world	implemented_reference_map	reference_extracted_pending_domain_review
WDM-ARTIFACT-a753d7ccdf1c	artifact	"Light

The-Diary-Opens-an-Old-Scar-of-Some-Kind"	canon/canonical_story_tree/all_25_books_latest_full_cycle.txt|canon/canonical_story_tree/books/Book_02_The_Diary_And_The_Blue_Light/book_content.txt	blue light|diary	timeline|relationships|scenes|quests|world	implemented_reference_map	reference_extracted_pending_domain_review
WDM-ARTIFACT-5538866f2424	artifact	Chooses	canon/canonical_story_tree/all_25_books_latest_full_cycle.txt|canon/canonical_story_tree/books/Book_02_The_Diary_And_The_Blue_Light/book_content.txt	blue light|diary	timeline|relationships|scenes|quests|world	implemented_reference_map	reference_extracted_pending_domain_review
WDM-ARTIFACT-9a2ceba96207	artifact	Hide	canon/canonical_story_tree/all_25_books_latest_full_cycle.txt|canon/canonical_story_tree/books/Book_02_The_Diary_And_The_Blue_Light/book_content.txt	blue light|diary	timeline|relationships|scenes|quests|world	implemented_reference_map	reference_extracted_pending_domain_review
WDM-ARTIFACT-edcae856c093	artifact	Himself	canon/canonical_story_tree/all_25_books_latest_full_cycle.txt|canon/canonical_story_tree/books/Book_02_The_Diary_And_The_Blue_Light/book_content.txt|canon/canonical_story_tree/books/Book_03_The_First_Thread/book_content.txt	blue light|diary	timeline|relationships|scenes|quests|world	implemented_reference_map	reference_extracted_pending_domain_review
WDM-ARTIFACT-28d3d63b49c7	artifact	"Rylos Vayne Johnson-Chooses-Not-to-Hide-One-Part-of-Himself

scene"	canon/canonical_story_tree/all_25_books_latest_full_cycle.txt|canon/canonical_story_tree/books/Book_02_The_Diary_And_The_Blue_Light/book_content.txt	blue light|diary	timeline|relationships|scenes|quests|world	implemented_reference_map	reference_extracted_pending_domain_review
WDM-ARTIFACT-9996116276b2	artifact	"S075
beat"	canon/canonical_story_tree/all_25_books_latest_full_cycle.txt|canon/canonical_story_tree/books/Book_02_The_Diary_And_The_Blue_Light/book_content.txt	blue light|diary	timeline|relationships|scenes|quests|world	implemented_reference_map	reference_extracted_pending_domain_review
WDM-ARTIFACT-11e3dca4a940	artifact	"Light

Rylos Vayne Johnson-Chooses-Not-to-Hide-One-Part-of-Himself"	canon/canonical_story_tree/all_25_books_latest_full_cycle.txt|canon/canonical_story_tree/books/Book_02_The_Diary_And_The_Blue_Light/book_content.txt	blue light|diary	timeline|relationships|scenes|quests|world	implemented_reference_map	reference_extracted_pending_domain_review
WDM-ARTIFACT-71bca5254bd3	artifact	Receives	canon/canonical_story_tree/all_25_books_latest_full_cycle.txt|canon/canonical_story_tree/books/Book_02_The_Diary_And_The_Blue_Light/book_content.txt	blue light|diary	timeline|relationships|scenes|quests|world	implemented_reference_map	reference_extracted_pending_domain_review
WDM-ARTIFACT-4969a41432c6	artifact	Trying	canon/canonical_story_tree/all_25_books_latest_full_cycle.txt|canon/canonical_story_tree/books/Book_02_The_Diary_And_The_Blue_Light/book_content.txt	blue light|diary	timeline|relationships|scenes|quests|world	implemented_reference_map	reference_extracted_pending_domain_review
WDM-ARTIFACT-f7886b894bfb	artifact	Fix	canon/canonical_story_tree/all_25_books_latest_full_cycle.txt|canon/canonical_story_tree/books/Book_02_The_Diary_And_The_Blue_Light/book_content.txt	blue light|diary	timeline|relationships|scenes|quests|world	implemented_reference_map	reference_extracted_pending_domain_review
WDM-ARTIFACT-0e67960efb65	artifact	Fast	canon/canonical_story_tree/all_25_books_latest_full_cycle.txt|canon/canonical_story_tree/books/Book_02_The_Diary_And_The_Blue_Light/book_content.txt	blue light|diary	timeline|relationships|scenes|quests|world	implemented_reference_map	reference_extracted_pending_domain_review
WDM-ARTIFACT-86dcf2cf17c8	artifact	"Pip-Receives-Truth-Without-Trying-to-Fix-It-Too-Fast

scene"	canon/canonical_story_tree/all_25_books_latest_full_cycle.txt|canon/canonical_story_tree/books/Book_02_The_Diary_And_The_Blue_Light/book_content.txt	blue light|diary	timeline|relationships|scenes|quests|world	implemented_reference_map	reference_extracted_pending_domain_review
WDM-ARTIFACT-ed318a473026	artifact	"S076
beat"	canon/canonical_story_tree/all_25_books_latest_full_cycle.txt|canon/canonical_story_tree/books/Book_02_The_Diary_And_The_Blue_Light/book_content.txt	blue light|diary	timeline|relationships|scenes|quests|world	implemented_reference_map	reference_extracted_pending_domain_review
WDM-ARTIFACT-842c0fd431bb	artifact	"Light

Pip-Receives-Truth-Without-Trying-to-Fix-It-Too-Fast"	canon/canonical_story_tree/all_25_books_latest_full_cycle.txt|canon/canonical_story_tree/books/Book_02_The_Diary_And_The_Blue_Light/book_content.txt	blue light|diary	timeline|relationships|scenes|quests|world	implemented_reference_map	reference_extracted_pending_domain_review
WDM-ARTIFACT-d56310ce8410	artifact	Growth shows in restraint	canon/canonical_story_tree/all_25_books_latest_full_cycle.txt|canon/canonical_story_tree/books/Book_02_The_Diary_And_The_Blue_Light/book_content.txt	blue light|diary	timeline|relationships|scenes|quests|world	implemented_reference_map	reference_extracted_pending_domain_review
WDM-ARTIFACT-898b0eacead2	artifact	Revelation	canon/canonical_story_tree/all_25_books_latest_full_cycle.txt|canon/canonical_story_tree/books/Book_02_The_Diary_And_The_Blue_Light/book_content.txt|canon/canonical_story_tree/books/Book_21_The_Final_Descent/book_content.txt|canon/canonical_story_tree/books/Book_23_The_Final_Resonance/book_content.txt	blue light|cello|diary	timeline|relationships|scenes|quests|world	implemented_reference_map	reference_extracted_pending_domain_review
WDM-ARTIFACT-d389cd918f23	artifact	"Home-Holds-a-Scene-of-Care-and-Revelation-Together

scene"	canon/canonical_story_tree/all_25_books_latest_full_cycle.txt|canon/canonical_story_tree/books/Book_02_The_Diary_And_The_Blue_Light/book_content.txt	blue light|diary	timeline|relationships|scenes|quests|world	implemented_reference_map	reference_extracted_pending_domain_review
WDM-ARTIFACT-ece91d4ea3de	artifact	"S077
beat"	canon/canonical_story_tree/all_25_books_latest_full_cycle.txt|canon/canonical_story_tree/books/Book_02_The_Diary_And_The_Blue_Light/book_content.txt	blue light|diary	timeline|relationships|scenes|quests|world	implemented_reference_map	reference_extracted_pending_domain_review
WDM-ARTIFACT-432887168475	artifact	"Light

Home-Holds-a-Scene-of-Care-and-Revelation-Together"	canon/canonical_story_tree/all_25_books_latest_full_cycle.txt|canon/canonical_story_tree/books/Book_02_The_Diary_And_The_Blue_Light/book_content.txt	blue light|diary	timeline|relationships|scenes|quests|world	implemented_reference_map	reference_extracted_pending_domain_review
WDM-ARTIFACT-04505d0f3537	artifact	This fusion becomes central to	canon/canonical_story_tree/all_25_books_latest_full_cycle.txt|canon/canonical_story_tree/books/Book_02_The_Diary_And_The_Blue_Light/book_content.txt	blue light|diary	timeline|relationships|scenes|quests|world	implemented_reference_map	reference_extracted_pending_domain_review
WDM-ARTIFACT-0d58beac78a2	artifact	Wound	canon/canonical_story_tree/all_25_books_latest_full_cycle.txt|canon/canonical_story_tree/books/Book_02_The_Diary_And_The_Blue_Light/book_content.txt	blue light|diary	timeline|relationships|scenes|quests|world	implemented_reference_map	reference_extracted_pending_domain_review
WDM-ARTIFACT-1d7c2d7aa0e2	artifact	Medical	canon/canonical_story_tree/all_25_books_latest_full_cycle.txt|canon/canonical_story_tree/books/Book_02_The_Diary_And_The_Blue_Light/book_content.txt	blue light|diary	timeline|relationships|scenes|quests|world	implemented_reference_map	reference_extracted_pending_domain_review
WDM-ARTIFACT-4f68b6301eb1	artifact	"The-Wound-Is-No-Longer-Only-Medical

scene"	canon/canonical_story_tree/all_25_books_latest_full_cycle.txt|canon/canonical_story_tree/books/Book_02_The_Diary_And_The_Blue_Light/book_content.txt	blue light|diary	timeline|relationships|scenes|quests|world	implemented_reference_map	reference_extracted_pending_domain_review
WDM-ARTIFACT-82317756813e	artifact	"S078
beat"	canon/canonical_story_tree/all_25_books_latest_full_cycle.txt|canon/canonical_story_tree/books/Book_02_The_Diary_And_The_Blue_Light/book_content.txt	blue light|diary	timeline|relationships|scenes|quests|world	implemented_reference_map	reference_extracted_pending_domain_review
WDM-ARTIFACT-6e7e7cb1a4df	artifact	"Light

The-Wound-Is-No-Longer-Only-Medical"	canon/canonical_story_tree/all_25_books_latest_full_cycle.txt|canon/canonical_story_tree/books/Book_02_The_Diary_And_The_Blue_Light/book_content.txt	blue light|diary	timeline|relationships|scenes|quests|world	implemented_reference_map	reference_extracted_pending_domain_review
WDM-ARTIFACT-c093d28ec4c7	artifact	It becomes narrative	canon/canonical_story_tree/all_25_books_latest_full_cycle.txt|canon/canonical_story_tree/books/Book_02_The_Diary_And_The_Blue_Light/book_content.txt	blue light|diary	timeline|relationships|scenes|quests|world	implemented_reference_map	reference_extracted_pending_domain_review
WDM-ARTIFACT-84eb6f90081b	artifact	relational	canon/canonical_story_tree/all_25_books_latest_full_cycle.txt|canon/canonical_story_tree/books/Book_02_The_Diary_And_The_Blue_Light/book_content.txt	blue light|diary	timeline|relationships|scenes|quests|world	implemented_reference_map	reference_extracted_pending_domain_review
WDM-ARTIFACT-e03e2a3a9cd0	artifact	and prophetic	canon/canonical_story_tree/all_25_books_latest_full_cycle.txt|canon/canonical_story_tree/books/Book_02_The_Diary_And_The_Blue_Light/book_content.txt	blue light|diary	timeline|relationships|scenes|quests|world	implemented_reference_map	reference_extracted_pending_domain_review
WDM-ARTIFACT-0a8b97a17fc6	artifact	Word	canon/canonical_story_tree/all_25_books_latest_full_cycle.txt|canon/canonical_story_tree/books/Book_02_The_Diary_And_The_Blue_Light/book_content.txt	blue light|diary	timeline|relationships|scenes|quests|world	implemented_reference_map	reference_extracted_pending_domain_review
WDM-ARTIFACT-e5a396b53a55	artifact	Unread	canon/canonical_story_tree/all_25_books_latest_full_cycle.txt|canon/canonical_story_tree/books/Book_02_The_Diary_And_The_Blue_Light/book_content.txt	blue light|diary	timeline|relationships|scenes|quests|world	implemented_reference_map	reference_extracted_pending_domain_review
WDM-ARTIFACT-4452f2f055b4	artifact	"The-Word-Cannot-Be-Unread

scene"	canon/canonical_story_tree/all_25_books_latest_full_cycle.txt|canon/canonical_story_tree/books/Book_02_The_Diary_And_The_Blue_Light/book_content.txt	blue light|diary	timeline|relationships|scenes|quests|world	implemented_reference_map	reference_extracted_pending_domain_review
WDM-ARTIFACT-d79ef9e7be93	artifact	"S079
beat"	canon/canonical_story_tree/all_25_books_latest_full_cycle.txt|canon/canonical_story_tree/books/Book_02_The_Diary_And_The_Blue_Light/book_content.txt	blue light|diary	timeline|relationships|scenes|quests|world	implemented_reference_map	reference_extracted_pending_domain_review
WDM-ARTIFACT-71be51a390df	artifact	"Light

The-Word-Cannot-Be-Unread"	canon/canonical_story_tree/all_25_books_latest_full_cycle.txt|canon/canonical_story_tree/books/Book_02_The_Diary_And_The_Blue_Light/book_content.txt	blue light|diary	timeline|relationships|scenes|quests|world	implemented_reference_map	reference_extracted_pending_domain_review
WDM-ARTIFACT-446025beb91e	artifact	The text changes future motion	canon/canonical_story_tree/all_25_books_latest_full_cycle.txt|canon/canonical_story_tree/books/Book_02_The_Diary_And_The_Blue_Light/book_content.txt	blue light|diary	timeline|relationships|scenes|quests|world	implemented_reference_map	reference_extracted_pending_domain_review
WDM-ARTIFACT-e94a2952474d	artifact	irreversibly	canon/canonical_story_tree/all_25_books_latest_full_cycle.txt|canon/canonical_story_tree/books/Book_02_The_Diary_And_The_Blue_Light/book_content.txt	blue light|diary	timeline|relationships|scenes|quests|world	implemented_reference_map	reference_extracted_pending_domain_review
WDM-ARTIFACT-1f1eb6a85b50	artifact	Meaning	canon/canonical_story_tree/all_25_books_latest_full_cycle.txt|canon/canonical_story_tree/books/Book_02_The_Diary_And_The_Blue_Light/book_content.txt	blue light|diary	timeline|relationships|scenes|quests|world	implemented_reference_map	reference_extracted_pending_domain_review
WDM-ARTIFACT-cdbbc631bc29	artifact	Braided	canon/canonical_story_tree/all_25_books_latest_full_cycle.txt|canon/canonical_story_tree/books/Book_02_The_Diary_And_The_Blue_Light/book_content.txt	blue light|diary	timeline|relationships|scenes|quests|world	implemented_reference_map	reference_extracted_pending_domain_review
WDM-ARTIFACT-f134717c80c8	artifact	"The-Beat-Ends-with-Recovery-and-Meaning-Braided

scene"	canon/canonical_story_tree/all_25_books_latest_full_cycle.txt|canon/canonical_story_tree/books/Book_02_The_Diary_And_The_Blue_Light/book_content.txt	blue light|diary	timeline|relationships|scenes|quests|world	implemented_reference_map	reference_extracted_pending_domain_review
WDM-ARTIFACT-483dcaa8b9af	artifact	"S080
beat"	canon/canonical_story_tree/all_25_books_latest_full_cycle.txt|canon/canonical_story_tree/books/Book_02_The_Diary_And_The_Blue_Light/book_content.txt	blue light|diary	timeline|relationships|scenes|quests|world	implemented_reference_map	reference_extracted_pending_domain_review
WDM-ARTIFACT-f8f3f90f6e01	artifact	"Light

The-Beat-Ends-with-Recovery-and-Meaning-Braided"	canon/canonical_story_tree/all_25_books_latest_full_cycle.txt|canon/canonical_story_tree/books/Book_02_The_Diary_And_The_Blue_Light/book_content.txt	blue light|diary	timeline|relationships|scenes|quests|world	implemented_reference_map	reference_extracted_pending_domain_review
WDM-ARTIFACT-5e8110458287	artifact	Spills	canon/canonical_story_tree/all_25_books_latest_full_cycle.txt|canon/canonical_story_tree/books/Book_02_The_Diary_And_The_Blue_Light/book_content.txt	blue light|diary	timeline|relationships|scenes|quests|world	implemented_reference_map	reference_extracted_pending_domain_review
WDM-ARTIFACT-9914cb265124	artifact	Outward	canon/canonical_story_tree/all_25_books_latest_full_cycle.txt|canon/canonical_story_tree/books/Book_02_The_Diary_And_The_Blue_Light/book_content.txt	blue light|diary	timeline|relationships|scenes|quests|world	implemented_reference_map	reference_extracted_pending_domain_review
WDM-ARTIFACT-b8906ebfb117	artifact	"Reading-Spills-Outward

scene"	canon/canonical_story_tree/all_25_books_latest_full_cycle.txt|canon/canonical_story_tree/books/Book_02_The_Diary_And_The_Blue_Light/book_content.txt	blue light|diary	timeline|relationships|scenes|quests|world	implemented_reference_map	reference_extracted_pending_domain_review
WDM-ARTIFACT-852f9036e50a	artifact	"S081
beat"	canon/canonical_story_tree/all_25_books_latest_full_cycle.txt|canon/canonical_story_tree/books/Book_02_The_Diary_And_The_Blue_Light/book_content.txt	blue light|diary	timeline|relationships|scenes|quests|world	implemented_reference_map	reference_extracted_pending_domain_review
WDM-ARTIFACT-b5d1bbc782e1	artifact	"Light

Reading-Spills-Outward"	canon/canonical_story_tree/all_25_books_latest_full_cycle.txt|canon/canonical_story_tree/books/Book_02_The_Diary_And_The_Blue_Light/book_content.txt	blue light|diary	timeline|relationships|scenes|quests|world	implemented_reference_map	reference_extracted_pending_domain_review
WDM-ARTIFACT-8091baad99f3	artifact	Connects	canon/canonical_story_tree/all_25_books_latest_full_cycle.txt|canon/canonical_story_tree/books/Book_02_The_Diary_And_The_Blue_Light/book_content.txt	blue light|diary	timeline|relationships|scenes|quests|world	implemented_reference_map	reference_extracted_pending_domain_review
WDM-ARTIFACT-b485f0b3d326	artifact	Larger	canon/canonical_story_tree/all_25_books_latest_full_cycle.txt|canon/canonical_story_tree/books/Book_02_The_Diary_And_The_Blue_Light/book_content.txt	blue light|diary	timeline|relationships|scenes|quests|world	implemented_reference_map	reference_extracted_pending_domain_review
WDM-ARTIFACT-d301fd8c6f6a	artifact	Conflict	canon/canonical_story_tree/all_25_books_latest_full_cycle.txt|canon/canonical_story_tree/books/Book_02_The_Diary_And_The_Blue_Light/book_content.txt	blue light|diary	timeline|relationships|scenes|quests|world	implemented_reference_map	reference_extracted_pending_domain_review
WDM-ARTIFACT-a0d1477a72bd	artifact	"Pip-Connects-Text-to-Larger-Conflict

scene"	canon/canonical_story_tree/all_25_books_latest_full_cycle.txt|canon/canonical_story_tree/books/Book_02_The_Diary_And_The_Blue_Light/book_content.txt	blue light|diary	timeline|relationships|scenes|quests|world	implemented_reference_map	reference_extracted_pending_domain_review
WDM-ARTIFACT-8cd300cca509	artifact	"S082
beat"	canon/canonical_story_tree/all_25_books_latest_full_cycle.txt|canon/canonical_story_tree/books/Book_02_The_Diary_And_The_Blue_Light/book_content.txt	blue light|diary	timeline|relationships|scenes|quests|world	implemented_reference_map	reference_extracted_pending_domain_review
WDM-ARTIFACT-c0a0652226d6	artifact	"Light

Pip-Connects-Text-to-Larger-Conflict"	canon/canonical_story_tree/all_25_books_latest_full_cycle.txt|canon/canonical_story_tree/books/Book_02_The_Diary_And_The_Blue_Light/book_content.txt	blue light|diary	timeline|relationships|scenes|quests|world	implemented_reference_map	reference_extracted_pending_domain_review
WDM-ARTIFACT-e1f7388d0b72	artifact	Confirms	canon/canonical_story_tree/all_25_books_latest_full_cycle.txt|canon/canonical_story_tree/books/Book_02_The_Diary_And_The_Blue_Light/book_content.txt	blue light|diary	timeline|relationships|scenes|quests|world	implemented_reference_map	reference_extracted_pending_domain_review
WDM-ARTIFACT-c85f968cbcd5	artifact	Can	canon/canonical_story_tree/all_25_books_latest_full_cycle.txt|canon/canonical_story_tree/books/Book_02_The_Diary_And_The_Blue_Light/book_content.txt	blue light|diary	timeline|relationships|scenes|quests|world	implemented_reference_map	reference_extracted_pending_domain_review
WDM-ARTIFACT-0cb67361dbfb	artifact	Maps	canon/canonical_story_tree/all_25_books_latest_full_cycle.txt|canon/canonical_story_tree/books/Book_02_The_Diary_And_The_Blue_Light/book_content.txt	blue light|diary	timeline|relationships|scenes|quests|world	implemented_reference_map	reference_extracted_pending_domain_review
WDM-ARTIFACT-f90657ad73f4	artifact	"Mack-Confirms-That-Books-Can-Be-Maps

scene"	canon/canonical_story_tree/all_25_books_latest_full_cycle.txt|canon/canonical_story_tree/books/Book_02_The_Diary_And_The_Blue_Light/book_content.txt	blue light|diary	timeline|relationships|scenes|quests|world	implemented_reference_map	reference_extracted_pending_domain_review
WDM-ARTIFACT-bc06e2cb36b7	artifact	"S083
beat"	canon/canonical_story_tree/all_25_books_latest_full_cycle.txt|canon/canonical_story_tree/books/Book_02_The_Diary_And_The_Blue_Light/book_content.txt	blue light|diary	timeline|relationships|scenes|quests|world	implemented_reference_map	reference_extracted_pending_domain_review
WDM-ARTIFACT-c16c7eeec88e	artifact	"Light

Mack-Confirms-That-Books-Can-Be-Maps"	canon/canonical_story_tree/all_25_books_latest_full_cycle.txt|canon/canonical_story_tree/books/Book_02_The_Diary_And_The_Blue_Light/book_content.txt	blue light|diary	timeline|relationships|scenes|quests|world	implemented_reference_map	reference_extracted_pending_domain_review
WDM-ARTIFACT-3faec358049a	artifact	The guardian legitimizes practical consequence	canon/canonical_story_tree/all_25_books_latest_full_cycle.txt|canon/canonical_story_tree/books/Book_02_The_Diary_And_The_Blue_Light/book_content.txt	blue light|diary	timeline|relationships|scenes|quests|world	implemented_reference_map	reference_extracted_pending_domain_review
WDM-ARTIFACT-08cee00a59f7	artifact	Pages	canon/canonical_story_tree/all_25_books_latest_full_cycle.txt|canon/canonical_story_tree/books/Book_02_The_Diary_And_The_Blue_Light/book_content.txt	blue light|diary	timeline|relationships|scenes|quests|world	implemented_reference_map	reference_extracted_pending_domain_review
WDM-ARTIFACT-5fdd2ee66dd4	artifact	Reaching	canon/canonical_story_tree/all_25_books_latest_full_cycle.txt|canon/canonical_story_tree/books/Book_02_The_Diary_And_The_Blue_Light/book_content.txt	blue light|diary	timeline|relationships|scenes|quests|world	implemented_reference_map	reference_extracted_pending_domain_review
WDM-ARTIFACT-1d783738e706	artifact	"Rylos Vayne Johnson-Feels-the-Pages-Reaching-Toward-His-Past

scene"	canon/canonical_story_tree/all_25_books_latest_full_cycle.txt|canon/canonical_story_tree/books/Book_02_The_Diary_And_The_Blue_Light/book_content.txt	blue light|diary	timeline|relationships|scenes|quests|world	implemented_reference_map	reference_extracted_pending_domain_review
WDM-ARTIFACT-1834d49ec635	artifact	"S084
beat"	canon/canonical_story_tree/all_25_books_latest_full_cycle.txt|canon/canonical_story_tree/books/Book_02_The_Diary_And_The_Blue_Light/book_content.txt	blue light|diary	timeline|relationships|scenes|quests|world	implemented_reference_map	reference_extracted_pending_domain_review
WDM-ARTIFACT-87390b435374	artifact	"Light

Rylos Vayne Johnson-Feels-the-Pages-Reaching-Toward-His-Past"	canon/canonical_story_tree/all_25_books_latest_full_cycle.txt|canon/canonical_story_tree/books/Book_02_The_Diary_And_The_Blue_Light/book_content.txt	blue light|diary	timeline|relationships|scenes|quests|world	implemented_reference_map	reference_extracted_pending_domain_review
WDM-ARTIFACT-7545fd28d65e	artifact	Isolated	canon/canonical_story_tree/all_25_books_latest_full_cycle.txt|canon/canonical_story_tree/books/Book_02_The_Diary_And_The_Blue_Light/book_content.txt	blue light|diary	timeline|relationships|scenes|quests|world	implemented_reference_map	reference_extracted_pending_domain_review
WDM-ARTIFACT-f42551379238	artifact	from	canon/canonical_story_tree/all_25_books_latest_full_cycle.txt|canon/canonical_story_tree/books/Book_02_The_Diary_And_The_Blue_Light/book_content.txt	blue light|diary	timeline|relationships|scenes|quests|world	implemented_reference_map	reference_extracted_pending_domain_review
WDM-ARTIFACT-2d180037c670	artifact	History	canon/canonical_story_tree/all_25_books_latest_full_cycle.txt|canon/canonical_story_tree/books/Book_02_The_Diary_And_The_Blue_Light/book_content.txt	blue light|diary	timeline|relationships|scenes|quests|world	implemented_reference_map	reference_extracted_pending_domain_review
WDM-ARTIFACT-f82d1b00b90a	artifact	"Sanctuary-No-Longer-Feels-Isolated-from-History

scene"	canon/canonical_story_tree/all_25_books_latest_full_cycle.txt|canon/canonical_story_tree/books/Book_02_The_Diary_And_The_Blue_Light/book_content.txt	blue light|diary	timeline|relationships|scenes|quests|world	implemented_reference_map	reference_extracted_pending_domain_review
WDM-ARTIFACT-04f33b9a26be	artifact	"S085
beat"	canon/canonical_story_tree/all_25_books_latest_full_cycle.txt|canon/canonical_story_tree/books/Book_02_The_Diary_And_The_Blue_Light/book_content.txt	blue light|diary	timeline|relationships|scenes|quests|world	implemented_reference_map	reference_extracted_pending_domain_review
WDM-ARTIFACT-deb49bdaa8c7	artifact	"Light

Sanctuary-No-Longer-Feels-Isolated-from-History"	canon/canonical_story_tree/all_25_books_latest_full_cycle.txt|canon/canonical_story_tree/books/Book_02_The_Diary_And_The_Blue_Light/book_content.txt	blue light|diary	timeline|relationships|scenes|quests|world	implemented_reference_map	reference_extracted_pending_domain_review
WDM-ARTIFACT-c22ad83b775a	artifact	Demands	canon/canonical_story_tree/all_25_books_latest_full_cycle.txt|canon/canonical_story_tree/books/Book_02_The_Diary_And_The_Blue_Light/book_content.txt	blue light|diary	timeline|relationships|scenes|quests|world	implemented_reference_map	reference_extracted_pending_domain_review
WDM-ARTIFACT-7aecd64d6ffd	artifact	Response	canon/canonical_story_tree/all_25_books_latest_full_cycle.txt|canon/canonical_story_tree/books/Book_02_The_Diary_And_The_Blue_Light/book_content.txt	blue light|diary	timeline|relationships|scenes|quests|world	implemented_reference_map	reference_extracted_pending_domain_review
WDM-ARTIFACT-6ebc307d8894	artifact	Just	canon/canonical_story_tree/all_25_books_latest_full_cycle.txt|canon/canonical_story_tree/books/Book_02_The_Diary_And_The_Blue_Light/book_content.txt	blue light|diary	timeline|relationships|scenes|quests|world	implemented_reference_map	reference_extracted_pending_domain_review
WDM-ARTIFACT-7bb5b90b13c4	artifact	"The-Diary-Demands-a-Response-Not-Just-A-Reaction

scene"	canon/canonical_story_tree/all_25_books_latest_full_cycle.txt|canon/canonical_story_tree/books/Book_02_The_Diary_And_The_Blue_Light/book_content.txt	blue light|diary	timeline|relationships|scenes|quests|world	implemented_reference_map	reference_extracted_pending_domain_review
WDM-ARTIFACT-76ca3c0f69e0	artifact	"S086
beat"	canon/canonical_story_tree/all_25_books_latest_full_cycle.txt|canon/canonical_story_tree/books/Book_02_The_Diary_And_The_Blue_Light/book_content.txt	blue light|diary	timeline|relationships|scenes|quests|world	implemented_reference_map	reference_extracted_pending_domain_review
WDM-ARTIFACT-89e32ef1975b	artifact	"Light

The-Diary-Demands-a-Response-Not-Just-A-Reaction"	canon/canonical_story_tree/all_25_books_latest_full_cycle.txt|canon/canonical_story_tree/books/Book_02_The_Diary_And_The_Blue_Light/book_content.txt	blue light|diary	timeline|relationships|scenes|quests|world	implemented_reference_map	reference_extracted_pending_domain_review
WDM-ARTIFACT-ce3a1d243486	artifact	Struggles	canon/canonical_story_tree/all_25_books_latest_full_cycle.txt|canon/canonical_story_tree/books/Book_02_The_Diary_And_The_Blue_Light/book_content.txt	blue light|diary	timeline|relationships|scenes|quests|world	implemented_reference_map	reference_extracted_pending_domain_review
WDM-ARTIFACT-09f7366a887d	artifact	Scale	canon/canonical_story_tree/all_25_books_latest_full_cycle.txt|canon/canonical_story_tree/books/Book_02_The_Diary_And_The_Blue_Light/book_content.txt|canon/canonical_story_tree/books/Book_21_The_Final_Descent/book_content.txt	blue light|cello|diary	timeline|relationships|scenes|quests|world	implemented_reference_map	reference_extracted_pending_domain_review
WDM-ARTIFACT-c329c19a0ef4	artifact	Again	canon/canonical_story_tree/all_25_books_latest_full_cycle.txt|canon/canonical_story_tree/books/Book_02_The_Diary_And_The_Blue_Light/book_content.txt|canon/canonical_story_tree/books/Book_04_Crocodile_Smile/book_content.txt	blue light|diary	timeline|relationships|scenes|quests|world	implemented_reference_map	reference_extracted_pending_domain_review
WDM-ARTIFACT-f05921e8078e	artifact	"Pip-Struggles-with-Scale-Again

scene"	canon/canonical_story_tree/all_25_books_latest_full_cycle.txt|canon/canonical_story_tree/books/Book_02_The_Diary_And_The_Blue_Light/book_content.txt	blue light|diary	timeline|relationships|scenes|quests|world	implemented_reference_map	reference_extracted_pending_domain_review
WDM-ARTIFACT-691b7a44ed69	artifact	"S087
beat"	canon/canonical_story_tree/all_25_books_latest_full_cycle.txt|canon/canonical_story_tree/books/Book_02_The_Diary_And_The_Blue_Light/book_content.txt	blue light|diary	timeline|relationships|scenes|quests|world	implemented_reference_map	reference_extracted_pending_domain_review
WDM-ARTIFACT-f847dba8dd8b	artifact	"Light

Pip-Struggles-with-Scale-Again"	canon/canonical_story_tree/all_25_books_latest_full_cycle.txt|canon/canonical_story_tree/books/Book_02_The_Diary_And_The_Blue_Light/book_content.txt	blue light|diary	timeline|relationships|scenes|quests|world	implemented_reference_map	reference_extracted_pending_domain_review
WDM-ARTIFACT-ca4e31de68ae	artifact	Pair	canon/canonical_story_tree/all_25_books_latest_full_cycle.txt|canon/canonical_story_tree/books/Book_02_The_Diary_And_The_Blue_Light/book_content.txt	blue light|diary	timeline|relationships|scenes|quests|world	implemented_reference_map	reference_extracted_pending_domain_review
WDM-ARTIFACT-101ec7820be2	artifact	Bond	canon/canonical_story_tree/all_25_books_latest_full_cycle.txt|canon/canonical_story_tree/books/Book_02_The_Diary_And_The_Blue_Light/book_content.txt	blue light|diary	timeline|relationships|scenes|quests|world	implemented_reference_map	reference_extracted_pending_domain_review
WDM-ARTIFACT-8974e62e76ea	artifact	Shaping	canon/canonical_story_tree/all_25_books_latest_full_cycle.txt|canon/canonical_story_tree/books/Book_02_The_Diary_And_The_Blue_Light/book_content.txt	blue light|diary	timeline|relationships|scenes|quests|world	implemented_reference_map	reference_extracted_pending_domain_review
WDM-ARTIFACT-51e454e0c073	artifact	How	canon/canonical_story_tree/all_25_books_latest_full_cycle.txt|canon/canonical_story_tree/books/Book_02_The_Diary_And_The_Blue_Light/book_content.txt	blue light|diary	timeline|relationships|scenes|quests|world	implemented_reference_map	reference_extracted_pending_domain_review
WDM-ARTIFACT-5355737edc7c	artifact	Held	canon/canonical_story_tree/all_25_books_latest_full_cycle.txt|canon/canonical_story_tree/books/Book_02_The_Diary_And_The_Blue_Light/book_content.txt	blue light|diary	timeline|relationships|scenes|quests|world	implemented_reference_map	reference_extracted_pending_domain_review
WDM-ARTIFACT-915560319231	artifact	"The-Pair-Bond-Starts-Shaping-How-the-Text-Is-Held

scene"	canon/canonical_story_tree/all_25_books_latest_full_cycle.txt|canon/canonical_story_tree/books/Book_02_The_Diary_And_The_Blue_Light/book_content.txt	blue light|diary	timeline|relationships|scenes|quests|world	implemented_reference_map	reference_extracted_pending_domain_review
WDM-ARTIFACT-f37856ddafb8	artifact	"S088
beat"	canon/canonical_story_tree/all_25_books_latest_full_cycle.txt|canon/canonical_story_tree/books/Book_02_The_Diary_And_The_Blue_Light/book_content.txt	blue light|diary	timeline|relationships|scenes|quests|world	implemented_reference_map	reference_extracted_pending_domain_review
WDM-ARTIFACT-a48428c32145	artifact	"Light

The-Pair-Bond-Starts-Shaping-How-the-Text-Is-Held"	canon/canonical_story_tree/all_25_books_latest_full_cycle.txt|canon/canonical_story_tree/books/Book_02_The_Diary_And_The_Blue_Light/book_content.txt	blue light|diary	timeline|relationships|scenes|quests|world	implemented_reference_map	reference_extracted_pending_domain_review
WDM-ARTIFACT-6efef8f860fd	artifact	Relationality becomes interpretive method	canon/canonical_story_tree/all_25_books_latest_full_cycle.txt|canon/canonical_story_tree/books/Book_02_The_Diary_And_The_Blue_Light/book_content.txt	blue light|diary	timeline|relationships|scenes|quests|world	implemented_reference_map	reference_extracted_pending_domain_review
WDM-ARTIFACT-4ad3578d2e0c	artifact	Pressure	canon/canonical_story_tree/all_25_books_latest_full_cycle.txt|canon/canonical_story_tree/books/Book_02_The_Diary_And_The_Blue_Light/book_content.txt|canon/canonical_story_tree/books/Book_03_The_First_Thread/book_content.txt|canon/canonical_story_tree/books/Book_20_The_Beforemath/book_content.txt|canon/canonical_story_tree/books/Book_22_The_Last_Open_Gate/book_content.txt|canon/canonical_story_tree/books/Book_24_Born_To_Die/book_content.txt	blue light|cello|diary|weapon	timeline|relationships|scenes|quests|world	implemented_reference_map	reference_extracted_pending_domain_review
WDM-ARTIFACT-0d215030e686	artifact	Rises	canon/canonical_story_tree/all_25_books_latest_full_cycle.txt|canon/canonical_story_tree/books/Book_02_The_Diary_And_The_Blue_Light/book_content.txt	blue light|diary	timeline|relationships|scenes|quests|world	implemented_reference_map	reference_extracted_pending_domain_review
WDM-ARTIFACT-cf904e0e1c1d	artifact	Notch	canon/canonical_story_tree/all_25_books_latest_full_cycle.txt|canon/canonical_story_tree/books/Book_02_The_Diary_And_The_Blue_Light/book_content.txt	blue light|diary	timeline|relationships|scenes|quests|world	implemented_reference_map	reference_extracted_pending_domain_review
WDM-ARTIFACT-6e8bf7a5770d	artifact	"The-Outside-Pressure-Rises-a-Notch

scene"	canon/canonical_story_tree/all_25_books_latest_full_cycle.txt|canon/canonical_story_tree/books/Book_02_The_Diary_And_The_Blue_Light/book_content.txt	blue light|diary	timeline|relationships|scenes|quests|world	implemented_reference_map	reference_extracted_pending_domain_review
WDM-ARTIFACT-aebc870e19db	artifact	"S089
beat"	canon/canonical_story_tree/all_25_books_latest_full_cycle.txt|canon/canonical_story_tree/books/Book_02_The_Diary_And_The_Blue_Light/book_content.txt	blue light|diary	timeline|relationships|scenes|quests|world	implemented_reference_map	reference_extracted_pending_domain_review
WDM-ARTIFACT-a0471c4b80b8	artifact	"Light

The-Outside-Pressure-Rises-a-Notch"	canon/canonical_story_tree/all_25_books_latest_full_cycle.txt|canon/canonical_story_tree/books/Book_02_The_Diary_And_The_Blue_Light/book_content.txt	blue light|diary	timeline|relationships|scenes|quests|world	implemented_reference_map	reference_extracted_pending_domain_review
WDM-ARTIFACT-1d2cf8a598e2	artifact	News	canon/canonical_story_tree/all_25_books_latest_full_cycle.txt|canon/canonical_story_tree/books/Book_02_The_Diary_And_The_Blue_Light/book_content.txt	blue light|diary	timeline|relationships|scenes|quests|world	implemented_reference_map	reference_extracted_pending_domain_review
WDM-ARTIFACT-9e443c405127	artifact	omen	canon/canonical_story_tree/all_25_books_latest_full_cycle.txt|canon/canonical_story_tree/books/Book_02_The_Diary_And_The_Blue_Light/book_content.txt	blue light|diary	timeline|relationships|scenes|quests|world	implemented_reference_map	reference_extracted_pending_domain_review
WDM-ARTIFACT-02aa7c998008	artifact	or sense data confirms motion	canon/canonical_story_tree/all_25_books_latest_full_cycle.txt|canon/canonical_story_tree/books/Book_02_The_Diary_And_The_Blue_Light/book_content.txt	blue light|diary	timeline|relationships|scenes|quests|world	implemented_reference_map	reference_extracted_pending_domain_review
WDM-ARTIFACT-664238064964	artifact	beyond the house	canon/canonical_story_tree/all_25_books_latest_full_cycle.txt|canon/canonical_story_tree/books/Book_02_The_Diary_And_The_Blue_Light/book_content.txt	blue light|diary	timeline|relationships|scenes|quests|world	implemented_reference_map	reference_extracted_pending_domain_review
WDM-ARTIFACT-0f041db9d820	artifact	Locked	canon/canonical_story_tree/all_25_books_latest_full_cycle.txt|canon/canonical_story_tree/books/Book_02_The_Diary_And_The_Blue_Light/book_content.txt|canon/canonical_story_tree/world/wowas_world_zone_map.json	blue light|diary	timeline|relationships|scenes|quests|world	implemented_reference_map	reference_extracted_pending_domain_review
WDM-ARTIFACT-c43a726acd25	artifact	"The-Beat-Ends-with-Text-and-World-Locked

scene"	canon/canonical_story_tree/all_25_books_latest_full_cycle.txt|canon/canonical_story_tree/books/Book_02_The_Diary_And_The_Blue_Light/book_content.txt	blue light|diary	timeline|relationships|scenes|quests|world	implemented_reference_map	reference_extracted_pending_domain_review
WDM-ARTIFACT-75feade3e42d	artifact	"S090
beat"	canon/canonical_story_tree/all_25_books_latest_full_cycle.txt|canon/canonical_story_tree/books/Book_02_The_Diary_And_The_Blue_Light/book_content.txt	blue light|diary	timeline|relationships|scenes|quests|world	implemented_reference_map	reference_extracted_pending_domain_review
WDM-ARTIFACT-a74b0e8ece77	artifact	"Light

The-Beat-Ends-with-Text-and-World-Locked"	canon/canonical_story_tree/all_25_books_latest_full_cycle.txt|canon/canonical_story_tree/books/Book_02_The_Diary_And_The_Blue_Light/book_content.txt	blue light|diary	timeline|relationships|scenes|quests|world	implemented_reference_map	reference_extracted_pending_domain_review
WDM-ARTIFACT-c156095bdf75	artifact	Reading is now structurally part	canon/canonical_story_tree/all_25_books_latest_full_cycle.txt|canon/canonical_story_tree/books/Book_02_The_Diary_And_The_Blue_Light/book_content.txt	blue light|diary	timeline|relationships|scenes|quests|world	implemented_reference_map	reference_extracted_pending_domain_review
WDM-ARTIFACT-bde82088eb3d	artifact	of the plot	canon/canonical_story_tree/all_25_books_latest_full_cycle.txt|canon/canonical_story_tree/books/Book_02_The_Diary_And_The_Blue_Light/book_content.txt	blue light|diary	timeline|relationships|scenes|quests|world	implemented_reference_map	reference_extracted_pending_domain_review
WDM-ARTIFACT-da008873ee3f	artifact	Guardian	canon/canonical_story_tree/all_25_books_latest_full_cycle.txt|canon/canonical_story_tree/books/Book_02_The_Diary_And_The_Blue_Light/book_content.txt	blue light|diary	timeline|relationships|scenes|quests|world	implemented_reference_map	reference_extracted_pending_domain_review
WDM-ARTIFACT-a41f038a9b5a	artifact	Reason	canon/canonical_story_tree/all_25_books_latest_full_cycle.txt|canon/canonical_story_tree/books/Book_02_The_Diary_And_The_Blue_Light/book_content.txt	blue light|diary	timeline|relationships|scenes|quests|world	implemented_reference_map	reference_extracted_pending_domain_review
WDM-ARTIFACT-a1df055a9e0f	artifact	"The-Guardian-Withholds-for-a-Reason

scene"	canon/canonical_story_tree/all_25_books_latest_full_cycle.txt|canon/canonical_story_tree/books/Book_02_The_Diary_And_The_Blue_Light/book_content.txt	blue light|diary	timeline|relationships|scenes|quests|world	implemented_reference_map	reference_extracted_pending_domain_review
WDM-ARTIFACT-a416f7a35b16	artifact	"S091
beat"	canon/canonical_story_tree/all_25_books_latest_full_cycle.txt|canon/canonical_story_tree/books/Book_02_The_Diary_And_The_Blue_Light/book_content.txt	blue light|diary	timeline|relationships|scenes|quests|world	implemented_reference_map	reference_extracted_pending_domain_review
WDM-ARTIFACT-9fcab4ddc162	artifact	"Light

The-Guardian-Withholds-for-a-Reason"	canon/canonical_story_tree/all_25_books_latest_full_cycle.txt|canon/canonical_story_tree/books/Book_02_The_Diary_And_The_Blue_Light/book_content.txt	blue light|diary	timeline|relationships|scenes|quests|world	implemented_reference_map	reference_extracted_pending_domain_review
WDM-ARTIFACT-c21ef28b3928	artifact	Mack clearly knows more than	canon/canonical_story_tree/all_25_books_latest_full_cycle.txt|canon/canonical_story_tree/books/Book_02_The_Diary_And_The_Blue_Light/book_content.txt	blue light|diary	timeline|relationships|scenes|quests|world	implemented_reference_map	reference_extracted_pending_domain_review
WDM-ARTIFACT-8ee2dff36154	artifact	he is speaking	canon/canonical_story_tree/all_25_books_latest_full_cycle.txt|canon/canonical_story_tree/books/Book_02_The_Diary_And_The_Blue_Light/book_content.txt	blue light|diary	timeline|relationships|scenes|quests|world	implemented_reference_map	reference_extracted_pending_domain_review
WDM-ARTIFACT-58ed22e1d311	artifact	Limit	canon/canonical_story_tree/all_25_books_latest_full_cycle.txt|canon/canonical_story_tree/books/Book_02_The_Diary_And_The_Blue_Light/book_content.txt	blue light|diary	timeline|relationships|scenes|quests|world	implemented_reference_map	reference_extracted_pending_domain_review
WDM-ARTIFACT-9b2cfdcc36c7	artifact	Resents	canon/canonical_story_tree/all_25_books_latest_full_cycle.txt|canon/canonical_story_tree/books/Book_02_The_Diary_And_The_Blue_Light/book_content.txt	blue light|diary	timeline|relationships|scenes|quests|world	implemented_reference_map	reference_extracted_pending_domain_review
WDM-ARTIFACT-08d762c51ec9	artifact	Slightly	canon/canonical_story_tree/all_25_books_latest_full_cycle.txt|canon/canonical_story_tree/books/Book_02_The_Diary_And_The_Blue_Light/book_content.txt	blue light|diary	timeline|relationships|scenes|quests|world	implemented_reference_map	reference_extracted_pending_domain_review
WDM-ARTIFACT-ad901e86704d	artifact	"Pip-Feels-the-Limit-and-Resents-It-Slightly

scene"	canon/canonical_story_tree/all_25_books_latest_full_cycle.txt|canon/canonical_story_tree/books/Book_02_The_Diary_And_The_Blue_Light/book_content.txt	blue light|diary	timeline|relationships|scenes|quests|world	implemented_reference_map	reference_extracted_pending_domain_review
WDM-ARTIFACT-74c3e1a50742	artifact	"S092
beat"	canon/canonical_story_tree/all_25_books_latest_full_cycle.txt|canon/canonical_story_tree/books/Book_02_The_Diary_And_The_Blue_Light/book_content.txt	blue light|diary	timeline|relationships|scenes|quests|world	implemented_reference_map	reference_extracted_pending_domain_review
WDM-ARTIFACT-8c82305ff716	artifact	"Light

Pip-Feels-the-Limit-and-Resents-It-Slightly"	canon/canonical_story_tree/all_25_books_latest_full_cycle.txt|canon/canonical_story_tree/books/Book_02_The_Diary_And_The_Blue_Light/book_content.txt	blue light|diary	timeline|relationships|scenes|quests|world	implemented_reference_map	reference_extracted_pending_domain_review
WDM-ARTIFACT-b59b488b4280	artifact	Growth does not remove frustration	canon/canonical_story_tree/all_25_books_latest_full_cycle.txt|canon/canonical_story_tree/books/Book_02_The_Diary_And_The_Blue_Light/book_content.txt	blue light|diary	timeline|relationships|scenes|quests|world	implemented_reference_map	reference_extracted_pending_domain_review
WDM-ARTIFACT-f2e0c35a9dae	artifact	Withholding	canon/canonical_story_tree/all_25_books_latest_full_cycle.txt|canon/canonical_story_tree/books/Book_02_The_Diary_And_The_Blue_Light/book_content.txt	blue light|diary	timeline|relationships|scenes|quests|world	implemented_reference_map	reference_extracted_pending_domain_review
WDM-ARTIFACT-b3355bdc9fd2	artifact	Better	canon/canonical_story_tree/all_25_books_latest_full_cycle.txt|canon/canonical_story_tree/books/Book_02_The_Diary_And_The_Blue_Light/book_content.txt	blue light|diary	timeline|relationships|scenes|quests|world	implemented_reference_map	reference_extracted_pending_domain_review
WDM-ARTIFACT-7ae168ff5fe9	artifact	"Rylos Vayne Johnson-Understands-Withholding-Better-Than-Pip

scene"	canon/canonical_story_tree/all_25_books_latest_full_cycle.txt|canon/canonical_story_tree/books/Book_02_The_Diary_And_The_Blue_Light/book_content.txt	blue light|diary	timeline|relationships|scenes|quests|world	implemented_reference_map	reference_extracted_pending_domain_review
WDM-ARTIFACT-3ac951e54852	artifact	"S093
beat"	canon/canonical_story_tree/all_25_books_latest_full_cycle.txt|canon/canonical_story_tree/books/Book_02_The_Diary_And_The_Blue_Light/book_content.txt	blue light|diary	timeline|relationships|scenes|quests|world	implemented_reference_map	reference_extracted_pending_domain_review
WDM-ARTIFACT-3b9083ca7cc5	artifact	"Light

Rylos Vayne Johnson-Understands-Withholding-Better-Than-Pip"	canon/canonical_story_tree/all_25_books_latest_full_cycle.txt|canon/canonical_story_tree/books/Book_02_The_Diary_And_The_Blue_Light/book_content.txt	blue light|diary	timeline|relationships|scenes|quests|world	implemented_reference_map	reference_extracted_pending_domain_review
WDM-ARTIFACT-7d2b77081420	artifact	His history makes him more	canon/canonical_story_tree/all_25_books_latest_full_cycle.txt|canon/canonical_story_tree/books/Book_02_The_Diary_And_The_Blue_Light/book_content.txt	blue light|diary	timeline|relationships|scenes|quests|world	implemented_reference_map	reference_extracted_pending_domain_review
WDM-ARTIFACT-5c215af438cc	artifact	fluent in guarded truths	canon/canonical_story_tree/all_25_books_latest_full_cycle.txt|canon/canonical_story_tree/books/Book_02_The_Diary_And_The_Blue_Light/book_content.txt	blue light|diary	timeline|relationships|scenes|quests|world	implemented_reference_map	reference_extracted_pending_domain_review
WDM-ARTIFACT-86087a16f1d7	artifact	Fuller	canon/canonical_story_tree/all_25_books_latest_full_cycle.txt|canon/canonical_story_tree/books/Book_02_The_Diary_And_The_Blue_Light/book_content.txt	blue light|diary	timeline|relationships|scenes|quests|world	implemented_reference_map	reference_extracted_pending_domain_review
WDM-ARTIFACT-6e9f21c65aad	artifact	Unsounded	canon/canonical_story_tree/all_25_books_latest_full_cycle.txt|canon/canonical_story_tree/books/Book_02_The_Diary_And_The_Blue_Light/book_content.txt	blue light|diary	timeline|relationships|scenes|quests|world	implemented_reference_map	reference_extracted_pending_domain_review
WDM-ARTIFACT-bca170c0051c	artifact	"The-House-Feels-Fuller-of-Unsounded-Law

scene"	canon/canonical_story_tree/all_25_books_latest_full_cycle.txt|canon/canonical_story_tree/books/Book_02_The_Diary_And_The_Blue_Light/book_content.txt	blue light|diary	timeline|relationships|scenes|quests|world	implemented_reference_map	reference_extracted_pending_domain_review
WDM-ARTIFACT-1a0cc9097b90	artifact	"S094
beat"	canon/canonical_story_tree/all_25_books_latest_full_cycle.txt|canon/canonical_story_tree/books/Book_02_The_Diary_And_The_Blue_Light/book_content.txt	blue light|diary	timeline|relationships|scenes|quests|world	implemented_reference_map	reference_extracted_pending_domain_review
WDM-ARTIFACT-357c7ead3e99	artifact	"Light

The-House-Feels-Fuller-of-Unsounded-Law"	canon/canonical_story_tree/all_25_books_latest_full_cycle.txt|canon/canonical_story_tree/books/Book_02_The_Diary_And_The_Blue_Light/book_content.txt	blue light|diary	timeline|relationships|scenes|quests|world	implemented_reference_map	reference_extracted_pending_domain_review
WDM-ARTIFACT-59d7e883d258	artifact	Hidden knowledge now has shape	canon/canonical_story_tree/all_25_books_latest_full_cycle.txt|canon/canonical_story_tree/books/Book_02_The_Diary_And_The_Blue_Light/book_content.txt	blue light|diary	timeline|relationships|scenes|quests|world	implemented_reference_map	reference_extracted_pending_domain_review
WDM-ARTIFACT-e30c1b5878de	artifact	Tests	canon/canonical_story_tree/all_25_books_latest_full_cycle.txt|canon/canonical_story_tree/books/Book_02_The_Diary_And_The_Blue_Light/book_content.txt	blue light|diary	timeline|relationships|scenes|quests|world	implemented_reference_map	reference_extracted_pending_domain_review
WDM-ARTIFACT-a1d860235baf	artifact	Whether	canon/canonical_story_tree/all_25_books_latest_full_cycle.txt|canon/canonical_story_tree/books/Book_02_The_Diary_And_The_Blue_Light/book_content.txt	blue light|diary	timeline|relationships|scenes|quests|world	implemented_reference_map	reference_extracted_pending_domain_review
WDM-ARTIFACT-2f36ef4af3a3	artifact	They	canon/canonical_story_tree/all_25_books_latest_full_cycle.txt|canon/canonical_story_tree/books/Book_02_The_Diary_And_The_Blue_Light/book_content.txt	blue light|diary	timeline|relationships|scenes|quests|world	implemented_reference_map	reference_extracted_pending_domain_review
WDM-ARTIFACT-386f8e30090d	artifact	Carry	canon/canonical_story_tree/all_25_books_latest_full_cycle.txt|canon/canonical_story_tree/books/Book_02_The_Diary_And_The_Blue_Light/book_content.txt	blue light|diary	timeline|relationships|scenes|quests|world	implemented_reference_map	reference_extracted_pending_domain_review
WDM-ARTIFACT-31cc67a47ae0	artifact	"Mack-Tests-Whether-They-Can-Carry-More

scene"	canon/canonical_story_tree/all_25_books_latest_full_cycle.txt|canon/canonical_story_tree/books/Book_02_The_Diary_And_The_Blue_Light/book_content.txt	blue light|diary	timeline|relationships|scenes|quests|world	implemented_reference_map	reference_extracted_pending_domain_review
WDM-ARTIFACT-c9d75a72c5ac	artifact	"S095
beat"	canon/canonical_story_tree/all_25_books_latest_full_cycle.txt|canon/canonical_story_tree/books/Book_02_The_Diary_And_The_Blue_Light/book_content.txt	blue light|diary	timeline|relationships|scenes|quests|world	implemented_reference_map	reference_extracted_pending_domain_review
WDM-ARTIFACT-d9045d2ee5a5	artifact	"Light

Mack-Tests-Whether-They-Can-Carry-More"	canon/canonical_story_tree/all_25_books_latest_full_cycle.txt|canon/canonical_story_tree/books/Book_02_The_Diary_And_The_Blue_Light/book_content.txt	blue light|diary	timeline|relationships|scenes|quests|world	implemented_reference_map	reference_extracted_pending_domain_review
WDM-ARTIFACT-1707850737e4	artifact	Silence functions as discernment	canon/canonical_story_tree/all_25_books_latest_full_cycle.txt|canon/canonical_story_tree/books/Book_02_The_Diary_And_The_Blue_Light/book_content.txt	blue light|diary	timeline|relationships|scenes|quests|world	implemented_reference_map	reference_extracted_pending_domain_review
WDM-ARTIFACT-a84c76b1f0c2	artifact	not evasion	canon/canonical_story_tree/all_25_books_latest_full_cycle.txt|canon/canonical_story_tree/books/Book_02_The_Diary_And_The_Blue_Light/book_content.txt	blue light|diary	timeline|relationships|scenes|quests|world	implemented_reference_map	reference_extracted_pending_domain_review
WDM-ARTIFACT-ce11d73d9f52	artifact	Learning	canon/canonical_story_tree/all_25_books_latest_full_cycle.txt|canon/canonical_story_tree/books/Book_02_The_Diary_And_The_Blue_Light/book_content.txt|canon/canonical_story_tree/books/Book_20_The_Beforemath/book_content.txt|canon/canonical_story_tree/books/Book_21_The_Final_Descent/book_content.txt|canon/canonical_story_tree/books/Book_22_The_Last_Open_Gate/book_content.txt|canon/canonical_story_tree/books/Book_23_The_Final_Resonance/book_content.txt|canon/canonical_story_tree/books/Book_24_Born_To_Die/book_content.txt|canon/canonical_story_tree/books/Book_25_Death_Is_Rebirth/book_content.txt	blue light|cello|diary	timeline|relationships|scenes|quests|world	implemented_reference_map	reference_extracted_pending_domain_review
WDM-ARTIFACT-c73cc58d5371	artifact	Timing	canon/canonical_story_tree/all_25_books_latest_full_cycle.txt|canon/canonical_story_tree/books/Book_02_The_Diary_And_The_Blue_Light/book_content.txt	blue light|diary	timeline|relationships|scenes|quests|world	implemented_reference_map	reference_extracted_pending_domain_review
WDM-ARTIFACT-46465755a343	artifact	"Pip-Begins-Learning-That-Truth-Has-Timing

scene"	canon/canonical_story_tree/all_25_books_latest_full_cycle.txt|canon/canonical_story_tree/books/Book_02_The_Diary_And_The_Blue_Light/book_content.txt	blue light|diary	timeline|relationships|scenes|quests|world	implemented_reference_map	reference_extracted_pending_domain_review
WDM-ARTIFACT-ab8e82b184c4	artifact	"S096
beat"	canon/canonical_story_tree/all_25_books_latest_full_cycle.txt|canon/canonical_story_tree/books/Book_02_The_Diary_And_The_Blue_Light/book_content.txt	blue light|diary	timeline|relationships|scenes|quests|world	implemented_reference_map	reference_extracted_pending_domain_review
WDM-ARTIFACT-588b5115df96	artifact	"Light

Pip-Begins-Learning-That-Truth-Has-Timing"	canon/canonical_story_tree/all_25_books_latest_full_cycle.txt|canon/canonical_story_tree/books/Book_02_The_Diary_And_The_Blue_Light/book_content.txt	blue light|diary	timeline|relationships|scenes|quests|world	implemented_reference_map	reference_extracted_pending_domain_review
WDM-ARTIFACT-7a3305b51b2f	artifact	Stand	canon/canonical_story_tree/all_25_books_latest_full_cycle.txt|canon/canonical_story_tree/books/Book_02_The_Diary_And_The_Blue_Light/book_content.txt	blue light|diary	timeline|relationships|scenes|quests|world	implemented_reference_map	reference_extracted_pending_domain_review
WDM-ARTIFACT-a85a5612ee74	artifact	Incomplete	canon/canonical_story_tree/all_25_books_latest_full_cycle.txt|canon/canonical_story_tree/books/Book_02_The_Diary_And_The_Blue_Light/book_content.txt	blue light|diary	timeline|relationships|scenes|quests|world	implemented_reference_map	reference_extracted_pending_domain_review
WDM-ARTIFACT-377266fe3ee5	artifact	"Rylos Vayne Johnson-Proves-He-Can-Stand-Incomplete-Knowing

scene"	canon/canonical_story_tree/all_25_books_latest_full_cycle.txt|canon/canonical_story_tree/books/Book_02_The_Diary_And_The_Blue_Light/book_content.txt	blue light|diary	timeline|relationships|scenes|quests|world	implemented_reference_map	reference_extracted_pending_domain_review
WDM-ARTIFACT-a29e36162f68	artifact	"S097
beat"	canon/canonical_story_tree/all_25_books_latest_full_cycle.txt|canon/canonical_story_tree/books/Book_02_The_Diary_And_The_Blue_Light/book_content.txt	blue light|diary	timeline|relationships|scenes|quests|world	implemented_reference_map	reference_extracted_pending_domain_review
WDM-ARTIFACT-6ce8c85ac692	artifact	"Light

Rylos Vayne Johnson-Proves-He-Can-Stand-Incomplete-Knowing"	canon/canonical_story_tree/all_25_books_latest_full_cycle.txt|canon/canonical_story_tree/books/Book_02_The_Diary_And_The_Blue_Light/book_content.txt	blue light|diary	timeline|relationships|scenes|quests|world	implemented_reference_map	reference_extracted_pending_domain_review
WDM-ARTIFACT-a37af10523d9	artifact	Own	canon/canonical_story_tree/all_25_books_latest_full_cycle.txt|canon/canonical_story_tree/books/Book_02_The_Diary_And_The_Blue_Light/book_content.txt	blue light|diary	timeline|relationships|scenes|quests|world	implemented_reference_map	reference_extracted_pending_domain_review
WDM-ARTIFACT-3251684db0ef	artifact	Remaining	canon/canonical_story_tree/all_25_books_latest_full_cycle.txt|canon/canonical_story_tree/books/Book_02_The_Diary_And_The_Blue_Light/book_content.txt	blue light|diary	timeline|relationships|scenes|quests|world	implemented_reference_map	reference_extracted_pending_domain_review
WDM-ARTIFACT-8bb94d2fc07e	artifact	Reserve	canon/canonical_story_tree/all_25_books_latest_full_cycle.txt|canon/canonical_story_tree/books/Book_02_The_Diary_And_The_Blue_Light/book_content.txt	blue light|diary	timeline|relationships|scenes|quests|world	implemented_reference_map	reference_extracted_pending_domain_review
WDM-ARTIFACT-a6fe78e813fa	artifact	"The-Diary-Holds-Its-Own-Remaining-Reserve

scene"	canon/canonical_story_tree/all_25_books_latest_full_cycle.txt|canon/canonical_story_tree/books/Book_02_The_Diary_And_The_Blue_Light/book_content.txt	blue light|diary	timeline|relationships|scenes|quests|world	implemented_reference_map	reference_extracted_pending_domain_review
WDM-ARTIFACT-3d31ad53ad59	artifact	"S098
beat"	canon/canonical_story_tree/all_25_books_latest_full_cycle.txt|canon/canonical_story_tree/books/Book_02_The_Diary_And_The_Blue_Light/book_content.txt	blue light|diary	timeline|relationships|scenes|quests|world	implemented_reference_map	reference_extracted_pending_domain_review
WDM-ARTIFACT-562ecc26fa20	artifact	"Light

The-Diary-Holds-Its-Own-Remaining-Reserve"	canon/canonical_story_tree/all_25_books_latest_full_cycle.txt|canon/canonical_story_tree/books/Book_02_The_Diary_And_The_Blue_Light/book_content.txt	blue light|diary	timeline|relationships|scenes|quests|world	implemented_reference_map	reference_extracted_pending_domain_review
WDM-ARTIFACT-662a3a5b3931	artifact	Love	canon/canonical_story_tree/all_25_books_latest_full_cycle.txt|canon/canonical_story_tree/books/Book_02_The_Diary_And_The_Blue_Light/book_content.txt|canon/canonical_story_tree/books/Book_23_The_Final_Resonance/book_content.txt	blue light|cello|diary	timeline|relationships|scenes|quests|world	implemented_reference_map	reference_extracted_pending_domain_review
WDM-ARTIFACT-e5c525be6e44	artifact	Restraint	canon/canonical_story_tree/all_25_books_latest_full_cycle.txt|canon/canonical_story_tree/books/Book_02_The_Diary_And_The_Blue_Light/book_content.txt|canon/canonical_story_tree/books/Book_04_Crocodile_Smile/book_content.txt	blue light|diary	timeline|relationships|scenes|quests|world	implemented_reference_map	reference_extracted_pending_domain_review
WDM-ARTIFACT-10fe16810dfb	artifact	"The-Scene-Ends-in-Love-Under-Restraint

scene"	canon/canonical_story_tree/all_25_books_latest_full_cycle.txt|canon/canonical_story_tree/books/Book_02_The_Diary_And_The_Blue_Light/book_content.txt	blue light|diary	timeline|relationships|scenes|quests|world	implemented_reference_map	reference_extracted_pending_domain_review
WDM-ARTIFACT-9264d91734f6	artifact	"S099
beat"	canon/canonical_story_tree/all_25_books_latest_full_cycle.txt|canon/canonical_story_tree/books/Book_02_The_Diary_And_The_Blue_Light/book_content.txt	blue light|diary	timeline|relationships|scenes|quests|world	implemented_reference_map	reference_extracted_pending_domain_review
WDM-ARTIFACT-d68c62d42847	artifact	"Light

The-Scene-Ends-in-Love-Under-Restraint"	canon/canonical_story_tree/all_25_books_latest_full_cycle.txt|canon/canonical_story_tree/books/Book_02_The_Diary_And_The_Blue_Light/book_content.txt	blue light|diary	timeline|relationships|scenes|quests|world	implemented_reference_map	reference_extracted_pending_domain_review
WDM-ARTIFACT-68e741674c72	artifact	Banked	canon/canonical_story_tree/all_25_books_latest_full_cycle.txt|canon/canonical_story_tree/books/Book_02_The_Diary_And_The_Blue_Light/book_content.txt	blue light|diary	timeline|relationships|scenes|quests|world	implemented_reference_map	reference_extracted_pending_domain_review
WDM-ARTIFACT-1f766c7e7d64	artifact	Released	canon/canonical_story_tree/all_25_books_latest_full_cycle.txt|canon/canonical_story_tree/books/Book_02_The_Diary_And_The_Blue_Light/book_content.txt	blue light|diary	timeline|relationships|scenes|quests|world	implemented_reference_map	reference_extracted_pending_domain_review
WDM-ARTIFACT-e6ca9d161a9c	artifact	"The-Beat-Ends-with-Pressure-Banked-Not-Released

scene"	canon/canonical_story_tree/all_25_books_latest_full_cycle.txt|canon/canonical_story_tree/books/Book_02_The_Diary_And_The_Blue_Light/book_content.txt	blue light|diary	timeline|relationships|scenes|quests|world	implemented_reference_map	reference_extracted_pending_domain_review
WDM-ARTIFACT-90137750d378	artifact	"S100
beat"	canon/canonical_story_tree/all_25_books_latest_full_cycle.txt|canon/canonical_story_tree/books/Book_02_The_Diary_And_The_Blue_Light/book_content.txt	blue light|diary	timeline|relationships|scenes|quests|world	implemented_reference_map	reference_extracted_pending_domain_review
WDM-ARTIFACT-b90c6f00ec7e	artifact	"Light

The-Beat-Ends-with-Pressure-Banked-Not-Released"	canon/canonical_story_tree/all_25_books_latest_full_cycle.txt|canon/canonical_story_tree/books/Book_02_The_Diary_And_The_Blue_Light/book_content.txt	blue light|diary	timeline|relationships|scenes|quests|world	implemented_reference_map	reference_extracted_pending_domain_review
WDM-ARTIFACT-55314928cbf1	artifact	stores future revelations deliberately	canon/canonical_story_tree/all_25_books_latest_full_cycle.txt|canon/canonical_story_tree/books/Book_02_The_Diary_And_The_Blue_Light/book_content.txt	blue light|diary	timeline|relationships|scenes|quests|world	implemented_reference_map	reference_extracted_pending_domain_review
WDM-ARTIFACT-d14b173b6c69	artifact	"Pip-and-Rylos Vayne Johnson-Begin-Holding-Meaning-Together

scene"	canon/canonical_story_tree/all_25_books_latest_full_cycle.txt|canon/canonical_story_tree/books/Book_02_The_Diary_And_The_Blue_Light/book_content.txt	blue light|diary	timeline|relationships|scenes|quests|world	implemented_reference_map	reference_extracted_pending_domain_review
WDM-ARTIFACT-d9dc944af508	artifact	"S101
beat"	canon/canonical_story_tree/all_25_books_latest_full_cycle.txt|canon/canonical_story_tree/books/Book_02_The_Diary_And_The_Blue_Light/book_content.txt	blue light|diary	timeline|relationships|scenes|quests|world	implemented_reference_map	reference_extracted_pending_domain_review
WDM-ARTIFACT-230078ddc737	artifact	"Light

Pip-and-Rylos Vayne Johnson-Begin-Holding-Meaning-Together"	canon/canonical_story_tree/all_25_books_latest_full_cycle.txt|canon/canonical_story_tree/books/Book_02_The_Diary_And_The_Blue_Light/book_content.txt	blue light|diary	timeline|relationships|scenes|quests|world	implemented_reference_map	reference_extracted_pending_domain_review
WDM-ARTIFACT-b9a34f63972d	artifact	Interpretation becomes shared labor	canon/canonical_story_tree/all_25_books_latest_full_cycle.txt|canon/canonical_story_tree/books/Book_02_The_Diary_And_The_Blue_Light/book_content.txt	blue light|diary	timeline|relationships|scenes|quests|world	implemented_reference_map	reference_extracted_pending_domain_review
WDM-ARTIFACT-f9235da1ff88	artifact	Their	canon/canonical_story_tree/all_25_books_latest_full_cycle.txt|canon/canonical_story_tree/books/Book_02_The_Diary_And_The_Blue_Light/book_content.txt	blue light|diary	timeline|relationships|scenes|quests|world	implemented_reference_map	reference_extracted_pending_domain_review
WDM-ARTIFACT-7597c0069b6b	artifact	Differences	canon/canonical_story_tree/all_25_books_latest_full_cycle.txt|canon/canonical_story_tree/books/Book_02_The_Diary_And_The_Blue_Light/book_content.txt	blue light|diary	timeline|relationships|scenes|quests|world	implemented_reference_map	reference_extracted_pending_domain_review
WDM-ARTIFACT-e79f7047b3a7	artifact	"Their-Differences-Make-the-Reading-Better

scene"	canon/canonical_story_tree/all_25_books_latest_full_cycle.txt|canon/canonical_story_tree/books/Book_02_The_Diary_And_The_Blue_Light/book_content.txt	blue light|diary	timeline|relationships|scenes|quests|world	implemented_reference_map	reference_extracted_pending_domain_review
WDM-ARTIFACT-0b10a35706be	artifact	"S102
beat"	canon/canonical_story_tree/all_25_books_latest_full_cycle.txt|canon/canonical_story_tree/books/Book_02_The_Diary_And_The_Blue_Light/book_content.txt	blue light|diary	timeline|relationships|scenes|quests|world	implemented_reference_map	reference_extracted_pending_domain_review
WDM-ARTIFACT-0e81a3cff69f	artifact	"Light

Their-Differences-Make-the-Reading-Better"	canon/canonical_story_tree/all_25_books_latest_full_cycle.txt|canon/canonical_story_tree/books/Book_02_The_Diary_And_The_Blue_Light/book_content.txt	blue light|diary	timeline|relationships|scenes|quests|world	implemented_reference_map	reference_extracted_pending_domain_review
WDM-ARTIFACT-32e5568a636b	artifact	Personality contrast sharpens understanding	canon/canonical_story_tree/all_25_books_latest_full_cycle.txt|canon/canonical_story_tree/books/Book_02_The_Diary_And_The_Blue_Light/book_content.txt	blue light|diary	timeline|relationships|scenes|quests|world	implemented_reference_map	reference_extracted_pending_domain_review
WDM-ARTIFACT-7c0ed9febdc6	artifact	Tenderness	canon/canonical_story_tree/all_25_books_latest_full_cycle.txt|canon/canonical_story_tree/books/Book_02_The_Diary_And_The_Blue_Light/book_content.txt	blue light|diary	timeline|relationships|scenes|quests|world	implemented_reference_map	reference_extracted_pending_domain_review
WDM-ARTIFACT-aec385431990	artifact	Enter	canon/canonical_story_tree/all_25_books_latest_full_cycle.txt|canon/canonical_story_tree/books/Book_02_The_Diary_And_The_Blue_Light/book_content.txt	blue light|diary	timeline|relationships|scenes|quests|world	implemented_reference_map	reference_extracted_pending_domain_review
WDM-ARTIFACT-fba94ad5003c	artifact	Interpretive	canon/canonical_story_tree/all_25_books_latest_full_cycle.txt|canon/canonical_story_tree/books/Book_02_The_Diary_And_The_Blue_Light/book_content.txt	blue light|diary	timeline|relationships|scenes|quests|world	implemented_reference_map	reference_extracted_pending_domain_review
WDM-ARTIFACT-fd1cb896be9b	artifact	Space	canon/canonical_story_tree/all_25_books_latest_full_cycle.txt|canon/canonical_story_tree/books/Book_02_The_Diary_And_The_Blue_Light/book_content.txt	blue light|diary	timeline|relationships|scenes|quests|world	implemented_reference_map	reference_extracted_pending_domain_review
WDM-ARTIFACT-db10895134f0	artifact	"Humor-and-Tenderness-Enter-Interpretive-Space

scene"	canon/canonical_story_tree/all_25_books_latest_full_cycle.txt|canon/canonical_story_tree/books/Book_02_The_Diary_And_The_Blue_Light/book_content.txt	blue light|diary	timeline|relationships|scenes|quests|world	implemented_reference_map	reference_extracted_pending_domain_review
WDM-ARTIFACT-8ef81abaab8c	artifact	"S103
beat"	canon/canonical_story_tree/all_25_books_latest_full_cycle.txt|canon/canonical_story_tree/books/Book_02_The_Diary_And_The_Blue_Light/book_content.txt	blue light|diary	timeline|relationships|scenes|quests|world	implemented_reference_map	reference_extracted_pending_domain_review
WDM-ARTIFACT-ee9f99f97924	artifact	"Light

Humor-and-Tenderness-Enter-Interpretive-Space"	canon/canonical_story_tree/all_25_books_latest_full_cycle.txt|canon/canonical_story_tree/books/Book_02_The_Diary_And_The_Blue_Light/book_content.txt	blue light|diary	timeline|relationships|scenes|quests|world	implemented_reference_map	reference_extracted_pending_domain_review
WDM-ARTIFACT-b200f6b0822e	artifact	Mature	canon/canonical_story_tree/all_25_books_latest_full_cycle.txt|canon/canonical_story_tree/books/Book_02_The_Diary_And_The_Blue_Light/book_content.txt	blue light|diary	timeline|relationships|scenes|quests|world	implemented_reference_map	reference_extracted_pending_domain_review
WDM-ARTIFACT-f219af89dfad	artifact	"Mack-Watches-the-Bond-Mature-Through-Thought

scene"	canon/canonical_story_tree/all_25_books_latest_full_cycle.txt|canon/canonical_story_tree/books/Book_02_The_Diary_And_The_Blue_Light/book_content.txt	blue light|diary	timeline|relationships|scenes|quests|world	implemented_reference_map	reference_extracted_pending_domain_review
WDM-ARTIFACT-5fd47c1defd7	artifact	"S104
beat"	canon/canonical_story_tree/all_25_books_latest_full_cycle.txt|canon/canonical_story_tree/books/Book_02_The_Diary_And_The_Blue_Light/book_content.txt	blue light|diary	timeline|relationships|scenes|quests|world	implemented_reference_map	reference_extracted_pending_domain_review
WDM-ARTIFACT-350963325465	artifact	"Light

Mack-Watches-the-Bond-Mature-Through-Thought"	canon/canonical_story_tree/all_25_books_latest_full_cycle.txt|canon/canonical_story_tree/books/Book_02_The_Diary_And_The_Blue_Light/book_content.txt	blue light|diary	timeline|relationships|scenes|quests|world	implemented_reference_map	reference_extracted_pending_domain_review
WDM-ARTIFACT-8eb21cbd0eff	artifact	Yields	canon/canonical_story_tree/all_25_books_latest_full_cycle.txt|canon/canonical_story_tree/books/Book_02_The_Diary_And_The_Blue_Light/book_content.txt	blue light|diary	timeline|relationships|scenes|quests|world	implemented_reference_map	reference_extracted_pending_domain_review
WDM-ARTIFACT-06396d40e901	artifact	About	canon/canonical_story_tree/all_25_books_latest_full_cycle.txt|canon/canonical_story_tree/books/Book_02_The_Diary_And_The_Blue_Light/book_content.txt	blue light|diary	timeline|relationships|scenes|quests|world	implemented_reference_map	reference_extracted_pending_domain_review
WDM-ARTIFACT-f66f5221e4af	artifact	Comes	canon/canonical_story_tree/all_25_books_latest_full_cycle.txt|canon/canonical_story_tree/books/Book_02_The_Diary_And_The_Blue_Light/book_content.txt	blue light|diary	timeline|relationships|scenes|quests|world	implemented_reference_map	reference_extracted_pending_domain_review
WDM-ARTIFACT-7214ceeec7e6	artifact	Next	canon/canonical_story_tree/all_25_books_latest_full_cycle.txt|canon/canonical_story_tree/books/Book_02_The_Diary_And_The_Blue_Light/book_content.txt	blue light|diary	timeline|relationships|scenes|quests|world	implemented_reference_map	reference_extracted_pending_domain_review
WDM-ARTIFACT-2a4f5d5ff27a	artifact	"The-Diary-Yields-a-Thread-About-What-Comes-Next

scene"	canon/canonical_story_tree/all_25_books_latest_full_cycle.txt|canon/canonical_story_tree/books/Book_02_The_Diary_And_The_Blue_Light/book_content.txt	blue light|diary	timeline|relationships|scenes|quests|world	implemented_reference_map	reference_extracted_pending_domain_review
WDM-ARTIFACT-3315a991b588	artifact	"S105
beat"	canon/canonical_story_tree/all_25_books_latest_full_cycle.txt|canon/canonical_story_tree/books/Book_02_The_Diary_And_The_Blue_Light/book_content.txt	blue light|diary	timeline|relationships|scenes|quests|world	implemented_reference_map	reference_extracted_pending_domain_review
WDM-ARTIFACT-79f1273a0407	artifact	"Light

The-Diary-Yields-a-Thread-About-What-Comes-Next"	canon/canonical_story_tree/all_25_books_latest_full_cycle.txt|canon/canonical_story_tree/books/Book_02_The_Diary_And_The_Blue_Light/book_content.txt	blue light|diary	timeline|relationships|scenes|quests|world	implemented_reference_map	reference_extracted_pending_domain_review
WDM-ARTIFACT-08e2133357c1	artifact	Readiness	canon/canonical_story_tree/all_25_books_latest_full_cycle.txt|canon/canonical_story_tree/books/Book_02_The_Diary_And_The_Blue_Light/book_content.txt	blue light|diary	timeline|relationships|scenes|quests|world	implemented_reference_map	reference_extracted_pending_domain_review
WDM-ARTIFACT-f658e2a70323	artifact	Once	canon/canonical_story_tree/all_25_books_latest_full_cycle.txt|canon/canonical_story_tree/books/Book_02_The_Diary_And_The_Blue_Light/book_content.txt	blue light|diary	timeline|relationships|scenes|quests|world	implemented_reference_map	reference_extracted_pending_domain_review
WDM-ARTIFACT-0a42fd10eb78	artifact	"Pip-Feels-Fear-and-Readiness-at-Once

scene"	canon/canonical_story_tree/all_25_books_latest_full_cycle.txt|canon/canonical_story_tree/books/Book_02_The_Diary_And_The_Blue_Light/book_content.txt	blue light|diary	timeline|relationships|scenes|quests|world	implemented_reference_map	reference_extracted_pending_domain_review
WDM-ARTIFACT-b5ef8d2da9bf	artifact	"S106
beat"	canon/canonical_story_tree/all_25_books_latest_full_cycle.txt|canon/canonical_story_tree/books/Book_02_The_Diary_And_The_Blue_Light/book_content.txt	blue light|diary	timeline|relationships|scenes|quests|world	implemented_reference_map	reference_extracted_pending_domain_review
WDM-ARTIFACT-679a46ea37a1	artifact	"Light

Pip-Feels-Fear-and-Readiness-at-Once"	canon/canonical_story_tree/all_25_books_latest_full_cycle.txt|canon/canonical_story_tree/books/Book_02_The_Diary_And_The_Blue_Light/book_content.txt	blue light|diary	timeline|relationships|scenes|quests|world	implemented_reference_map	reference_extracted_pending_domain_review
WDM-ARTIFACT-edba8f0955e6	artifact	Claims	canon/canonical_story_tree/all_25_books_latest_full_cycle.txt|canon/canonical_story_tree/books/Book_02_The_Diary_And_The_Blue_Light/book_content.txt	blue light|diary	timeline|relationships|scenes|quests|world	implemented_reference_map	reference_extracted_pending_domain_review
WDM-ARTIFACT-c17c748d804c	artifact	Place	canon/canonical_story_tree/all_25_books_latest_full_cycle.txt|canon/canonical_story_tree/books/Book_02_The_Diary_And_The_Blue_Light/book_content.txt	blue light|diary	timeline|relationships|scenes|quests|world	implemented_reference_map	reference_extracted_pending_domain_review
WDM-ARTIFACT-8d22605ded0a	artifact	Grandstanding	canon/canonical_story_tree/all_25_books_latest_full_cycle.txt|canon/canonical_story_tree/books/Book_02_The_Diary_And_The_Blue_Light/book_content.txt	blue light|diary	timeline|relationships|scenes|quests|world	implemented_reference_map	reference_extracted_pending_domain_review
WDM-ARTIFACT-8ba45a3a416d	artifact	"Rylos Vayne Johnson-Claims-Place-in-the-Future-Without-Grandstanding

scene"	canon/canonical_story_tree/all_25_books_latest_full_cycle.txt|canon/canonical_story_tree/books/Book_02_The_Diary_And_The_Blue_Light/book_content.txt	blue light|diary	timeline|relationships|scenes|quests|world	implemented_reference_map	reference_extracted_pending_domain_review
WDM-ARTIFACT-f625cc1f8c9d	artifact	"S107
beat"	canon/canonical_story_tree/all_25_books_latest_full_cycle.txt|canon/canonical_story_tree/books/Book_02_The_Diary_And_The_Blue_Light/book_content.txt	blue light|diary	timeline|relationships|scenes|quests|world	implemented_reference_map	reference_extracted_pending_domain_review
WDM-ARTIFACT-b2c5d8f1a805	artifact	"Light

Rylos Vayne Johnson-Claims-Place-in-the-Future-Without-Grandstanding"	canon/canonical_story_tree/all_25_books_latest_full_cycle.txt|canon/canonical_story_tree/books/Book_02_The_Diary_And_The_Blue_Light/book_content.txt	blue light|diary	timeline|relationships|scenes|quests|world	implemented_reference_map	reference_extracted_pending_domain_review
WDM-ARTIFACT-556405a60c33	artifact	Quiet commitment matters	canon/canonical_story_tree/all_25_books_latest_full_cycle.txt|canon/canonical_story_tree/books/Book_02_The_Diary_And_The_Blue_Light/book_content.txt	blue light|diary	timeline|relationships|scenes|quests|world	implemented_reference_map	reference_extracted_pending_domain_review
WDM-ARTIFACT-93e68c0f91db	artifact	School	canon/canonical_story_tree/all_25_books_latest_full_cycle.txt|canon/canonical_story_tree/books/Book_02_The_Diary_And_The_Blue_Light/book_content.txt	blue light|diary	timeline|relationships|scenes|quests|world	implemented_reference_map	reference_extracted_pending_domain_review
WDM-ARTIFACT-4638dda91b71	artifact	"The-House-Becomes-a-School-of-Fate

scene"	canon/canonical_story_tree/all_25_books_latest_full_cycle.txt|canon/canonical_story_tree/books/Book_02_The_Diary_And_The_Blue_Light/book_content.txt	blue light|diary	timeline|relationships|scenes|quests|world	implemented_reference_map	reference_extracted_pending_domain_review
WDM-ARTIFACT-df753852bd2f	artifact	"S108
beat"	canon/canonical_story_tree/all_25_books_latest_full_cycle.txt|canon/canonical_story_tree/books/Book_02_The_Diary_And_The_Blue_Light/book_content.txt	blue light|diary	timeline|relationships|scenes|quests|world	implemented_reference_map	reference_extracted_pending_domain_review
WDM-ARTIFACT-5930824a2e34	artifact	"Light

The-House-Becomes-a-School-of-Fate"	canon/canonical_story_tree/all_25_books_latest_full_cycle.txt|canon/canonical_story_tree/books/Book_02_The_Diary_And_The_Blue_Light/book_content.txt	blue light|diary	timeline|relationships|scenes|quests|world	implemented_reference_map	reference_extracted_pending_domain_review
WDM-ARTIFACT-60648250477a	artifact	Sanctuary is now teaching them	canon/canonical_story_tree/all_25_books_latest_full_cycle.txt|canon/canonical_story_tree/books/Book_02_The_Diary_And_The_Blue_Light/book_content.txt	blue light|diary	timeline|relationships|scenes|quests|world	implemented_reference_map	reference_extracted_pending_domain_review
WDM-ARTIFACT-6cee3f886e97	artifact	how to move	canon/canonical_story_tree/all_25_books_latest_full_cycle.txt|canon/canonical_story_tree/books/Book_02_The_Diary_And_The_Blue_Light/book_content.txt	blue light|diary	timeline|relationships|scenes|quests|world	implemented_reference_map	reference_extracted_pending_domain_review
WDM-ARTIFACT-cf271b32abc0	artifact	Turns	canon/canonical_story_tree/all_25_books_latest_full_cycle.txt|canon/canonical_story_tree/books/Book_02_The_Diary_And_The_Blue_Light/book_content.txt	blue light|diary	timeline|relationships|scenes|quests|world	implemented_reference_map	reference_extracted_pending_domain_review
WDM-ARTIFACT-6fce59464a64	artifact	Planning	canon/canonical_story_tree/all_25_books_latest_full_cycle.txt|canon/canonical_story_tree/books/Book_02_The_Diary_And_The_Blue_Light/book_content.txt	blue light|diary	timeline|relationships|scenes|quests|world	implemented_reference_map	reference_extracted_pending_domain_review
WDM-ARTIFACT-6a06c55f1648	artifact	"Reading-Turns-into-Planning

scene"	canon/canonical_story_tree/all_25_books_latest_full_cycle.txt|canon/canonical_story_tree/books/Book_02_The_Diary_And_The_Blue_Light/book_content.txt	blue light|diary	timeline|relationships|scenes|quests|world	implemented_reference_map	reference_extracted_pending_domain_review
WDM-ARTIFACT-bc7a6f239fa4	artifact	"S109
beat"	canon/canonical_story_tree/all_25_books_latest_full_cycle.txt|canon/canonical_story_tree/books/Book_02_The_Diary_And_The_Blue_Light/book_content.txt	blue light|diary	timeline|relationships|scenes|quests|world	implemented_reference_map	reference_extracted_pending_domain_review
WDM-ARTIFACT-1708d389a48b	artifact	"Light

Reading-Turns-into-Planning"	canon/canonical_story_tree/all_25_books_latest_full_cycle.txt|canon/canonical_story_tree/books/Book_02_The_Diary_And_The_Blue_Light/book_content.txt	blue light|diary	timeline|relationships|scenes|quests|world	implemented_reference_map	reference_extracted_pending_domain_review
WDM-ARTIFACT-88059d8bf61b	artifact	Meaning begins affecting concrete next	canon/canonical_story_tree/all_25_books_latest_full_cycle.txt|canon/canonical_story_tree/books/Book_02_The_Diary_And_The_Blue_Light/book_content.txt	blue light|diary	timeline|relationships|scenes|quests|world	implemented_reference_map	reference_extracted_pending_domain_review
WDM-ARTIFACT-f1c8a7a7078f	artifact	steps	canon/canonical_story_tree/all_25_books_latest_full_cycle.txt|canon/canonical_story_tree/books/Book_02_The_Diary_And_The_Blue_Light/book_content.txt	blue light|diary	timeline|relationships|scenes|quests|world	implemented_reference_map	reference_extracted_pending_domain_review
WDM-ARTIFACT-e0328d7e8429	artifact	Facing	canon/canonical_story_tree/all_25_books_latest_full_cycle.txt|canon/canonical_story_tree/books/Book_02_The_Diary_And_The_Blue_Light/book_content.txt	blue light|diary	timeline|relationships|scenes|quests|world	implemented_reference_map	reference_extracted_pending_domain_review
WDM-ARTIFACT-8a8f799dd08c	artifact	Forward	canon/canonical_story_tree/all_25_books_latest_full_cycle.txt|canon/canonical_story_tree/books/Book_02_The_Diary_And_The_Blue_Light/book_content.txt	blue light|diary	timeline|relationships|scenes|quests|world	implemented_reference_map	reference_extracted_pending_domain_review
WDM-ARTIFACT-ce67ec089550	artifact	"The-Beat-Ends-with-the-Pair-Facing-Forward-Together

scene"	canon/canonical_story_tree/all_25_books_latest_full_cycle.txt|canon/canonical_story_tree/books/Book_02_The_Diary_And_The_Blue_Light/book_content.txt	blue light|diary	timeline|relationships|scenes|quests|world	implemented_reference_map	reference_extracted_pending_domain_review
WDM-ARTIFACT-1e0baab71b42	artifact	"S110
beat"	canon/canonical_story_tree/all_25_books_latest_full_cycle.txt|canon/canonical_story_tree/books/Book_02_The_Diary_And_The_Blue_Light/book_content.txt	blue light|diary	timeline|relationships|scenes|quests|world	implemented_reference_map	reference_extracted_pending_domain_review
WDM-ARTIFACT-1e5a9375a8b1	artifact	"Light

The-Beat-Ends-with-the-Pair-Facing-Forward-Together"	canon/canonical_story_tree/all_25_books_latest_full_cycle.txt|canon/canonical_story_tree/books/Book_02_The_Diary_And_The_Blue_Light/book_content.txt	blue light|diary	timeline|relationships|scenes|quests|world	implemented_reference_map	reference_extracted_pending_domain_review
WDM-ARTIFACT-d1a6785a8d75	artifact	Form	canon/canonical_story_tree/all_25_books_latest_full_cycle.txt|canon/canonical_story_tree/books/Book_02_The_Diary_And_The_Blue_Light/book_content.txt	blue light|diary	timeline|relationships|scenes|quests|world	implemented_reference_map	reference_extracted_pending_domain_review
WDM-ARTIFACT-bb07e8f0939d	artifact	Triad	canon/canonical_story_tree/all_25_books_latest_full_cycle.txt|canon/canonical_story_tree/books/Book_02_The_Diary_And_The_Blue_Light/book_content.txt	blue light|diary	timeline|relationships|scenes|quests|world	implemented_reference_map	reference_extracted_pending_domain_review
WDM-ARTIFACT-ac9e158e0504	artifact	"The-Diary-the-Blue-Light-and-the-Oasis-Form-a-Triad

scene"	canon/canonical_story_tree/all_25_books_latest_full_cycle.txt|canon/canonical_story_tree/books/Book_02_The_Diary_And_The_Blue_Light/book_content.txt	blue light|diary	timeline|relationships|scenes|quests|world	implemented_reference_map	reference_extracted_pending_domain_review
WDM-ARTIFACT-9c3c33bc8680	artifact	"S111
beat"	canon/canonical_story_tree/all_25_books_latest_full_cycle.txt|canon/canonical_story_tree/books/Book_02_The_Diary_And_The_Blue_Light/book_content.txt	blue light|diary	timeline|relationships|scenes|quests|world	implemented_reference_map	reference_extracted_pending_domain_review
WDM-ARTIFACT-5203bb66ba34	artifact	"Light

The-Diary-the-Blue-Light-and-the-Oasis-Form-a-Triad"	canon/canonical_story_tree/all_25_books_latest_full_cycle.txt|canon/canonical_story_tree/books/Book_02_The_Diary_And_The_Blue_Light/book_content.txt	blue light|diary	timeline|relationships|scenes|quests|world	implemented_reference_map	reference_extracted_pending_domain_review
WDM-ARTIFACT-b0850b412526	artifact	Reacting	canon/canonical_story_tree/all_25_books_latest_full_cycle.txt|canon/canonical_story_tree/books/Book_02_The_Diary_And_The_Blue_Light/book_content.txt	blue light|diary	timeline|relationships|scenes|quests|world	implemented_reference_map	reference_extracted_pending_domain_review
WDM-ARTIFACT-84afd903c54a	artifact	"Pip-Recognizes-He-Is-No-Longer-Only-Reacting

scene"	canon/canonical_story_tree/all_25_books_latest_full_cycle.txt|canon/canonical_story_tree/books/Book_02_The_Diary_And_The_Blue_Light/book_content.txt	blue light|diary	timeline|relationships|scenes|quests|world	implemented_reference_map	reference_extracted_pending_domain_review
WDM-ARTIFACT-34384f39b4cf	artifact	"S112
beat"	canon/canonical_story_tree/all_25_books_latest_full_cycle.txt|canon/canonical_story_tree/books/Book_02_The_Diary_And_The_Blue_Light/book_content.txt	blue light|diary	timeline|relationships|scenes|quests|world	implemented_reference_map	reference_extracted_pending_domain_review
WDM-ARTIFACT-9cf10bd9f946	artifact	"Light

Pip-Recognizes-He-Is-No-Longer-Only-Reacting"	canon/canonical_story_tree/all_25_books_latest_full_cycle.txt|canon/canonical_story_tree/books/Book_02_The_Diary_And_The_Blue_Light/book_content.txt	blue light|diary	timeline|relationships|scenes|quests|world	implemented_reference_map	reference_extracted_pending_domain_review
WDM-ARTIFACT-0d36d2da4012	artifact	Merely	canon/canonical_story_tree/all_25_books_latest_full_cycle.txt|canon/canonical_story_tree/books/Book_02_The_Diary_And_The_Blue_Light/book_content.txt	blue light|diary	timeline|relationships|scenes|quests|world	implemented_reference_map	reference_extracted_pending_domain_review
WDM-ARTIFACT-b417ccc70a8f	artifact	Rescued	canon/canonical_story_tree/all_25_books_latest_full_cycle.txt|canon/canonical_story_tree/books/Book_02_The_Diary_And_The_Blue_Light/book_content.txt	blue light|diary	timeline|relationships|scenes|quests|world	implemented_reference_map	reference_extracted_pending_domain_review
WDM-ARTIFACT-ea5ca855a5ea	artifact	"Rylos Vayne Johnson-Is-No-Longer-Merely-Rescued

scene"	canon/canonical_story_tree/all_25_books_latest_full_cycle.txt|canon/canonical_story_tree/books/Book_02_The_Diary_And_The_Blue_Light/book_content.txt	blue light|diary	timeline|relationships|scenes|quests|world	implemented_reference_map	reference_extracted_pending_domain_review
WDM-ARTIFACT-152a56d0f1bd	artifact	"S113
beat"	canon/canonical_story_tree/all_25_books_latest_full_cycle.txt|canon/canonical_story_tree/books/Book_02_The_Diary_And_The_Blue_Light/book_content.txt	blue light|diary	timeline|relationships|scenes|quests|world	implemented_reference_map	reference_extracted_pending_domain_review
WDM-ARTIFACT-9fb5889482e3	artifact	"Light

Rylos Vayne Johnson-Is-No-Longer-Merely-Rescued"	canon/canonical_story_tree/all_25_books_latest_full_cycle.txt|canon/canonical_story_tree/books/Book_02_The_Diary_And_The_Blue_Light/book_content.txt	blue light|diary	timeline|relationships|scenes|quests|world	implemented_reference_map	reference_extracted_pending_domain_review
WDM-ARTIFACT-66fb1acf778f	artifact	He is now active thread	canon/canonical_story_tree/all_25_books_latest_full_cycle.txt|canon/canonical_story_tree/books/Book_02_The_Diary_And_The_Blue_Light/book_content.txt	blue light|diary	timeline|relationships|scenes|quests|world	implemented_reference_map	reference_extracted_pending_domain_review
WDM-ARTIFACT-7601c4ac710f	artifact	witness	canon/canonical_story_tree/all_25_books_latest_full_cycle.txt|canon/canonical_story_tree/books/Book_02_The_Diary_And_The_Blue_Light/book_content.txt	blue light|diary	timeline|relationships|scenes|quests|world	implemented_reference_map	reference_extracted_pending_domain_review
WDM-ARTIFACT-c90a5a3220c0	artifact	and partner in meaning	canon/canonical_story_tree/all_25_books_latest_full_cycle.txt|canon/canonical_story_tree/books/Book_02_The_Diary_And_The_Blue_Light/book_content.txt	blue light|diary	timeline|relationships|scenes|quests|world	implemented_reference_map	reference_extracted_pending_domain_review
WDM-ARTIFACT-d41193a2c003	artifact	Stands	canon/canonical_story_tree/all_25_books_latest_full_cycle.txt|canon/canonical_story_tree/books/Book_02_The_Diary_And_The_Blue_Light/book_content.txt	blue light|diary	timeline|relationships|scenes|quests|world	implemented_reference_map	reference_extracted_pending_domain_review
WDM-ARTIFACT-efc6afe2a1b4	artifact	Center	canon/canonical_story_tree/all_25_books_latest_full_cycle.txt|canon/canonical_story_tree/books/Book_02_The_Diary_And_The_Blue_Light/book_content.txt	blue light|diary	timeline|relationships|scenes|quests|world	implemented_reference_map	reference_extracted_pending_domain_review
WDM-ARTIFACT-22a270e35a0f	artifact	Keeper	canon/canonical_story_tree/all_25_books_latest_full_cycle.txt|canon/canonical_story_tree/books/Book_02_The_Diary_And_The_Blue_Light/book_content.txt	blue light|diary	timeline|relationships|scenes|quests|world	implemented_reference_map	reference_extracted_pending_domain_review
WDM-ARTIFACT-804031b13b90	artifact	Timed	canon/canonical_story_tree/all_25_books_latest_full_cycle.txt|canon/canonical_story_tree/books/Book_02_The_Diary_And_The_Blue_Light/book_content.txt	blue light|diary	timeline|relationships|scenes|quests|world	implemented_reference_map	reference_extracted_pending_domain_review
WDM-ARTIFACT-87bcaa20a7e6	artifact	"Mack-Stands-at-the-Center-as-Keeper-of-Timed-Truth

scene"	canon/canonical_story_tree/all_25_books_latest_full_cycle.txt|canon/canonical_story_tree/books/Book_02_The_Diary_And_The_Blue_Light/book_content.txt	blue light|diary	timeline|relationships|scenes|quests|world	implemented_reference_map	reference_extracted_pending_domain_review
WDM-ARTIFACT-d16cc7158079	artifact	"S114
beat"	canon/canonical_story_tree/all_25_books_latest_full_cycle.txt|canon/canonical_story_tree/books/Book_02_The_Diary_And_The_Blue_Light/book_content.txt	blue light|diary	timeline|relationships|scenes|quests|world	implemented_reference_map	reference_extracted_pending_domain_review
WDM-ARTIFACT-5520f1be8f92	artifact	"Light

Mack-Stands-at-the-Center-as-Keeper-of-Timed-Truth"	canon/canonical_story_tree/all_25_books_latest_full_cycle.txt|canon/canonical_story_tree/books/Book_02_The_Diary_And_The_Blue_Light/book_content.txt	blue light|diary	timeline|relationships|scenes|quests|world	implemented_reference_map	reference_extracted_pending_domain_review
WDM-ARTIFACT-1b529feb4c42	artifact	The guardian's role clarifies further	canon/canonical_story_tree/all_25_books_latest_full_cycle.txt|canon/canonical_story_tree/books/Book_02_The_Diary_And_The_Blue_Light/book_content.txt	blue light|diary	timeline|relationships|scenes|quests|world	implemented_reference_map	reference_extracted_pending_domain_review
WDM-ARTIFACT-654c2c7fcb28	artifact	System	canon/canonical_story_tree/all_25_books_latest_full_cycle.txt|canon/canonical_story_tree/books/Book_02_The_Diary_And_The_Blue_Light/book_content.txt	blue light|diary	timeline|relationships|scenes|quests|world	implemented_reference_map	reference_extracted_pending_domain_review
WDM-ARTIFACT-5c77520828ee	artifact	"Home-Text-and-Future-Are-Now-One-System

scene"	canon/canonical_story_tree/all_25_books_latest_full_cycle.txt|canon/canonical_story_tree/books/Book_02_The_Diary_And_The_Blue_Light/book_content.txt	blue light|diary	timeline|relationships|scenes|quests|world	implemented_reference_map	reference_extracted_pending_domain_review
WDM-ARTIFACT-a7ec743695fd	artifact	"S115
beat"	canon/canonical_story_tree/all_25_books_latest_full_cycle.txt|canon/canonical_story_tree/books/Book_02_The_Diary_And_The_Blue_Light/book_content.txt	blue light|diary	timeline|relationships|scenes|quests|world	implemented_reference_map	reference_extracted_pending_domain_review
WDM-ARTIFACT-a1f414d9a397	artifact	"Light

Home-Text-and-Future-Are-Now-One-System"	canon/canonical_story_tree/all_25_books_latest_full_cycle.txt|canon/canonical_story_tree/books/Book_02_The_Diary_And_The_Blue_Light/book_content.txt	blue light|diary	timeline|relationships|scenes|quests|world	implemented_reference_map	reference_extracted_pending_domain_review
WDM-ARTIFACT-435a2a40a40f	artifact	The book's world tightens structurally	canon/canonical_story_tree/all_25_books_latest_full_cycle.txt|canon/canonical_story_tree/books/Book_02_The_Diary_And_The_Blue_Light/book_content.txt	blue light|diary	timeline|relationships|scenes|quests|world	implemented_reference_map	reference_extracted_pending_domain_review
WDM-ARTIFACT-631bc726b0d4	artifact	Cosmic	canon/canonical_story_tree/all_25_books_latest_full_cycle.txt|canon/canonical_story_tree/books/Book_02_The_Diary_And_The_Blue_Light/book_content.txt	blue light|diary	timeline|relationships|scenes|quests|world	implemented_reference_map	reference_extracted_pending_domain_review
WDM-ARTIFACT-892d47316c8a	artifact	Officially	canon/canonical_story_tree/all_25_books_latest_full_cycle.txt|canon/canonical_story_tree/books/Book_02_The_Diary_And_The_Blue_Light/book_content.txt	blue light|diary	timeline|relationships|scenes|quests|world	implemented_reference_map	reference_extracted_pending_domain_review
WDM-ARTIFACT-1d18c13af12b	artifact	"Domestic-Life-and-Cosmic-Weight-Are-Officially-Braided

scene"	canon/canonical_story_tree/all_25_books_latest_full_cycle.txt|canon/canonical_story_tree/books/Book_02_The_Diary_And_The_Blue_Light/book_content.txt	blue light|diary	timeline|relationships|scenes|quests|world	implemented_reference_map	reference_extracted_pending_domain_review
WDM-ARTIFACT-d9b1e0e54aa9	artifact	"S116
beat"	canon/canonical_story_tree/all_25_books_latest_full_cycle.txt|canon/canonical_story_tree/books/Book_02_The_Diary_And_The_Blue_Light/book_content.txt	blue light|diary	timeline|relationships|scenes|quests|world	implemented_reference_map	reference_extracted_pending_domain_review
WDM-ARTIFACT-57b4f848fbc6	artifact	"Light

Domestic-Life-and-Cosmic-Weight-Are-Officially-Braided"	canon/canonical_story_tree/all_25_books_latest_full_cycle.txt|canon/canonical_story_tree/books/Book_02_The_Diary_And_The_Blue_Light/book_content.txt	blue light|diary	timeline|relationships|scenes|quests|world	implemented_reference_map	reference_extracted_pending_domain_review
WDM-ARTIFACT-4556050bbb91	artifact	This becomes core to the	canon/canonical_story_tree/all_25_books_latest_full_cycle.txt|canon/canonical_story_tree/books/Book_02_The_Diary_And_The_Blue_Light/book_content.txt	blue light|diary	timeline|relationships|scenes|quests|world	implemented_reference_map	reference_extracted_pending_domain_review
WDM-ARTIFACT-3a8aff442399	artifact	series texture	canon/canonical_story_tree/all_25_books_latest_full_cycle.txt|canon/canonical_story_tree/books/Book_02_The_Diary_And_The_Blue_Light/book_content.txt	blue light|diary	timeline|relationships|scenes|quests|world	implemented_reference_map	reference_extracted_pending_domain_review
WDM-ARTIFACT-3e0df301f64f	artifact	Shown	canon/canonical_story_tree/all_25_books_latest_full_cycle.txt|canon/canonical_story_tree/books/Book_02_The_Diary_And_The_Blue_Light/book_content.txt	blue light|diary	timeline|relationships|scenes|quests|world	implemented_reference_map	reference_extracted_pending_domain_review
WDM-ARTIFACT-f11cf66b7c36	artifact	Load	canon/canonical_story_tree/all_25_books_latest_full_cycle.txt|canon/canonical_story_tree/books/Book_02_The_Diary_And_The_Blue_Light/book_content.txt	blue light|diary	timeline|relationships|scenes|quests|world	implemented_reference_map	reference_extracted_pending_domain_review
WDM-ARTIFACT-56d0d6207b3a	artifact	Bearing	canon/canonical_story_tree/all_25_books_latest_full_cycle.txt|canon/canonical_story_tree/books/Book_02_The_Diary_And_The_Blue_Light/book_content.txt	blue light|diary	timeline|relationships|scenes|quests|world	implemented_reference_map	reference_extracted_pending_domain_review
WDM-ARTIFACT-b4a94cb4024c	artifact	"The-Pair-Bond-Is-Shown-to-Be-Load-Bearing

scene"	canon/canonical_story_tree/all_25_books_latest_full_cycle.txt|canon/canonical_story_tree/books/Book_02_The_Diary_And_The_Blue_Light/book_content.txt	blue light|diary	timeline|relationships|scenes|quests|world	implemented_reference_map	reference_extracted_pending_domain_review
WDM-ARTIFACT-6d5922e7b993	artifact	"S117
beat"	canon/canonical_story_tree/all_25_books_latest_full_cycle.txt|canon/canonical_story_tree/books/Book_02_The_Diary_And_The_Blue_Light/book_content.txt	blue light|diary	timeline|relationships|scenes|quests|world	implemented_reference_map	reference_extracted_pending_domain_review
WDM-ARTIFACT-e8ab896cc30f	artifact	"Light

The-Pair-Bond-Is-Shown-to-Be-Load-Bearing"	canon/canonical_story_tree/all_25_books_latest_full_cycle.txt|canon/canonical_story_tree/books/Book_02_The_Diary_And_The_Blue_Light/book_content.txt	blue light|diary	timeline|relationships|scenes|quests|world	implemented_reference_map	reference_extracted_pending_domain_review
WDM-ARTIFACT-1c7fbb8a1197	artifact	It is not decoration	canon/canonical_story_tree/all_25_books_latest_full_cycle.txt|canon/canonical_story_tree/books/Book_02_The_Diary_And_The_Blue_Light/book_content.txt	blue light|diary	timeline|relationships|scenes|quests|world	implemented_reference_map	reference_extracted_pending_domain_review
WDM-ARTIFACT-4f46c870fb48	artifact	it helps carry fate	canon/canonical_story_tree/all_25_books_latest_full_cycle.txt|canon/canonical_story_tree/books/Book_02_The_Diary_And_The_Blue_Light/book_content.txt	blue light|diary	timeline|relationships|scenes|quests|world	implemented_reference_map	reference_extracted_pending_domain_review
WDM-ARTIFACT-3cc32457e6a7	artifact	Remains	canon/canonical_story_tree/all_25_books_latest_full_cycle.txt|canon/canonical_story_tree/books/Book_02_The_Diary_And_The_Blue_Light/book_content.txt	blue light|diary	timeline|relationships|scenes|quests|world	implemented_reference_map	reference_extracted_pending_domain_review
WDM-ARTIFACT-701b958f739e	artifact	Ready	canon/canonical_story_tree/all_25_books_latest_full_cycle.txt|canon/canonical_story_tree/books/Book_02_The_Diary_And_The_Blue_Light/book_content.txt	blue light|diary	timeline|relationships|scenes|quests|world	implemented_reference_map	reference_extracted_pending_domain_review
WDM-ARTIFACT-76bedb359bf0	artifact	Break	canon/canonical_story_tree/all_25_books_latest_full_cycle.txt|canon/canonical_story_tree/books/Book_02_The_Diary_And_The_Blue_Light/book_content.txt	blue light|diary	timeline|relationships|scenes|quests|world	implemented_reference_map	reference_extracted_pending_domain_review
WDM-ARTIFACT-2667d086bd5f	artifact	"The-Outside-World-Remains-Ready-to-Break-In

scene"	canon/canonical_story_tree/all_25_books_latest_full_cycle.txt|canon/canonical_story_tree/books/Book_02_The_Diary_And_The_Blue_Light/book_content.txt	blue light|diary	timeline|relationships|scenes|quests|world	implemented_reference_map	reference_extracted_pending_domain_review
WDM-ARTIFACT-00e1d56b749c	artifact	"S118
beat"	canon/canonical_story_tree/all_25_books_latest_full_cycle.txt|canon/canonical_story_tree/books/Book_02_The_Diary_And_The_Blue_Light/book_content.txt	blue light|diary	timeline|relationships|scenes|quests|world	implemented_reference_map	reference_extracted_pending_domain_review
WDM-ARTIFACT-ee214bcab115	artifact	"Light

The-Outside-World-Remains-Ready-to-Break-In"	canon/canonical_story_tree/all_25_books_latest_full_cycle.txt|canon/canonical_story_tree/books/Book_02_The_Diary_And_The_Blue_Light/book_content.txt	blue light|diary	timeline|relationships|scenes|quests|world	implemented_reference_map	reference_extracted_pending_domain_review
WDM-ARTIFACT-d4f4f72bb2f7	artifact	Calm is still conditional	canon/canonical_story_tree/all_25_books_latest_full_cycle.txt|canon/canonical_story_tree/books/Book_02_The_Diary_And_The_Blue_Light/book_content.txt	blue light|diary	timeline|relationships|scenes|quests|world	implemented_reference_map	reference_extracted_pending_domain_review
WDM-ARTIFACT-e0a412d00ac2	artifact	Locks	canon/canonical_story_tree/all_25_books_latest_full_cycle.txt|canon/canonical_story_tree/books/Book_02_The_Diary_And_The_Blue_Light/book_content.txt	blue light|diary	timeline|relationships|scenes|quests|world	implemented_reference_map	reference_extracted_pending_domain_review
WDM-ARTIFACT-4dd7174273b7	artifact	True	canon/canonical_story_tree/all_25_books_latest_full_cycle.txt|canon/canonical_story_tree/books/Book_02_The_Diary_And_The_Blue_Light/book_content.txt|canon/canonical_story_tree/books/Book_03_The_First_Thread/book_content.txt|canon/canonical_story_tree/books/Book_20_The_Beforemath/book_content.txt|canon/canonical_story_tree/world/wowas_world_zone_map.json	blue light|cello|diary	timeline|relationships|scenes|quests|world	implemented_reference_map	reference_extracted_pending_domain_review
WDM-ARTIFACT-d5cb523e3df1	artifact	Orbit	canon/canonical_story_tree/all_25_books_latest_full_cycle.txt|canon/canonical_story_tree/books/Book_02_The_Diary_And_The_Blue_Light/book_content.txt	blue light|diary	timeline|relationships|scenes|quests|world	implemented_reference_map	reference_extracted_pending_domain_review
WDM-ARTIFACT-947089891b75	artifact	"Book-Two-Locks-Its-First-True-Orbit

scene"	canon/canonical_story_tree/all_25_books_latest_full_cycle.txt|canon/canonical_story_tree/books/Book_02_The_Diary_And_The_Blue_Light/book_content.txt	blue light|diary	timeline|relationships|scenes|quests|world	implemented_reference_map	reference_extracted_pending_domain_review
WDM-ARTIFACT-c874fa66788c	artifact	"S119
beat"	canon/canonical_story_tree/all_25_books_latest_full_cycle.txt|canon/canonical_story_tree/books/Book_02_The_Diary_And_The_Blue_Light/book_content.txt	blue light|diary	timeline|relationships|scenes|quests|world	implemented_reference_map	reference_extracted_pending_domain_review
WDM-ARTIFACT-1049f056ff00	artifact	"Light

Book-Two-Locks-Its-First-True-Orbit"	canon/canonical_story_tree/all_25_books_latest_full_cycle.txt|canon/canonical_story_tree/books/Book_02_The_Diary_And_The_Blue_Light/book_content.txt	blue light|diary	timeline|relationships|scenes|quests|world	implemented_reference_map	reference_extracted_pending_domain_review
WDM-ARTIFACT-9e8d8cdb2291	artifact	The story now knows how	canon/canonical_story_tree/all_25_books_latest_full_cycle.txt|canon/canonical_story_tree/books/Book_02_The_Diary_And_The_Blue_Light/book_content.txt	blue light|diary	timeline|relationships|scenes|quests|world	implemented_reference_map	reference_extracted_pending_domain_review
WDM-ARTIFACT-ffa2213d65dc	artifact	this volume moves	canon/canonical_story_tree/all_25_books_latest_full_cycle.txt|canon/canonical_story_tree/books/Book_02_The_Diary_And_The_Blue_Light/book_content.txt	blue light|diary	timeline|relationships|scenes|quests|world	implemented_reference_map	reference_extracted_pending_domain_review
WDM-ARTIFACT-f240b627e977	artifact	Descent	canon/canonical_story_tree/all_25_books_latest_full_cycle.txt|canon/canonical_story_tree/books/Book_02_The_Diary_And_The_Blue_Light/book_content.txt|canon/canonical_story_tree/books/Book_21_The_Final_Descent/book_content.txt	blue light|cello|diary	timeline|relationships|scenes|quests|world	implemented_reference_map	reference_extracted_pending_domain_review
WDM-ARTIFACT-7028be54470e	artifact	Promised	canon/canonical_story_tree/all_25_books_latest_full_cycle.txt|canon/canonical_story_tree/books/Book_02_The_Diary_And_The_Blue_Light/book_content.txt	blue light|diary	timeline|relationships|scenes|quests|world	implemented_reference_map	reference_extracted_pending_domain_review
WDM-ARTIFACT-b512b62a7b4f	artifact	"The-Beat-Ends-with-Deeper-Descent-Promised

scene"	canon/canonical_story_tree/all_25_books_latest_full_cycle.txt|canon/canonical_story_tree/books/Book_02_The_Diary_And_The_Blue_Light/book_content.txt	blue light|diary	timeline|relationships|scenes|quests|world	implemented_reference_map	reference_extracted_pending_domain_review
WDM-ARTIFACT-d310cb946e77	artifact	"S120
beat"	canon/canonical_story_tree/all_25_books_latest_full_cycle.txt|canon/canonical_story_tree/books/Book_02_The_Diary_And_The_Blue_Light/book_content.txt|canon/canonical_story_tree/books/Book_03_The_First_Thread/book_content.txt	blue light|diary	timeline|relationships|scenes|quests|world	implemented_reference_map	reference_extracted_pending_domain_review
WDM-ARTIFACT-bd46e84188a2	artifact	"Light

The-Beat-Ends-with-Deeper-Descent-Promised"	canon/canonical_story_tree/all_25_books_latest_full_cycle.txt|canon/canonical_story_tree/books/Book_02_The_Diary_And_The_Blue_Light/book_content.txt	blue light|diary	timeline|relationships|scenes|quests|world	implemented_reference_map	reference_extracted_pending_domain_review
WDM-ARTIFACT-7deac5610c72	artifact	Whispers	canon/canonical_story_tree/all_25_books_latest_full_cycle.txt|canon/canonical_story_tree/books/Book_02_The_Diary_And_The_Blue_Light/book_content.txt	blue light|diary	timeline|relationships|scenes|quests|world	implemented_reference_map	reference_extracted_pending_domain_review
WDM-ARTIFACT-4f27ab7ac53c	artifact	market threshold	canon/canonical_story_tree/all_25_books_latest_full_cycle.txt|canon/canonical_story_tree/books/Book_02_The_Diary_And_The_Blue_Light/book_content.txt	blue light|diary	timeline|relationships|scenes|quests|world	implemented_reference_map	reference_extracted_pending_domain_review
WDM-ARTIFACT-203853facd7a	artifact	S032 Pip-Cannot-Treat-the-Thread-as-Night-Only-Any-More	canon/canonical_story_tree/all_25_books_latest_full_cycle.txt|canon/canonical_story_tree/books/Book_02_The_Diary_And_The_Blue_Light/book_content.txt	blue light	timeline|relationships|scenes|quests|world	implemented_reference_map	reference_extracted_pending_domain_review
WDM-ARTIFACT-95af596b9a81	artifact	"Working local time span
weeks"	canon/canonical_story_tree/books/Book_03_The_First_Thread/book_content.txt	diary	timeline|relationships|scenes|quests|world	implemented_reference_map	reference_extracted_pending_domain_review
WDM-ARTIFACT-d500d99f9bdf	artifact	to months	canon/canonical_story_tree/books/Book_03_The_First_Thread/book_content.txt	diary	timeline|relationships|scenes|quests|world	implemented_reference_map	reference_extracted_pending_domain_review
WDM-ARTIFACT-584b16d3ab1b	artifact	B03	canon/canonical_story_tree/all_25_books_latest_full_cycle.txt|canon/canonical_story_tree/books/Book_03_The_First_Thread/book_content.txt	diary	timeline|relationships|scenes|quests|world	implemented_reference_map	reference_extracted_pending_domain_review
WDM-ARTIFACT-2a2339fd8d85	artifact	Diary Correspondence Deepens	canon/canonical_story_tree/all_25_books_latest_full_cycle.txt|canon/canonical_story_tree/books/Book_03_The_First_Thread/book_content.txt	diary	timeline|relationships|scenes|quests|world	implemented_reference_map	reference_extracted_pending_domain_review
WDM-ARTIFACT-0ada7bcbf9e6	artifact	Reveals Himself	canon/canonical_story_tree/all_25_books_latest_full_cycle.txt|canon/canonical_story_tree/books/Book_03_The_First_Thread/book_content.txt	diary	timeline|relationships|scenes|quests|world	implemented_reference_map	reference_extracted_pending_domain_review
WDM-ARTIFACT-c9346dc7241c	artifact	The True Name Recognition	canon/canonical_story_tree/all_25_books_latest_full_cycle.txt|canon/canonical_story_tree/books/Book_03_The_First_Thread/book_content.txt	diary	timeline|relationships|scenes|quests|world	implemented_reference_map	reference_extracted_pending_domain_review
WDM-ARTIFACT-ce34e879c8fe	artifact	Clarity Anchor Established	canon/canonical_story_tree/all_25_books_latest_full_cycle.txt|canon/canonical_story_tree/books/Book_03_The_First_Thread/book_content.txt	diary	timeline|relationships|scenes|quests|world	implemented_reference_map	reference_extracted_pending_domain_review
WDM-ARTIFACT-3bf14916e710	artifact	unplaced	canon/canonical_story_tree/all_25_books_latest_full_cycle.txt|canon/canonical_story_tree/books/Book_03_The_First_Thread/book_content.txt|canon/canonical_story_tree/books/Book_24_Born_To_Die/book_content.txt|canon/canonical_story_tree/books/Book_25_Death_Is_Rebirth/book_content.txt	cello|diary	timeline|relationships|scenes|quests|world	implemented_reference_map	reference_extracted_pending_domain_review
WDM-ARTIFACT-fbd7eeec124c	artifact	candidates	canon/canonical_story_tree/all_25_books_latest_full_cycle.txt|canon/canonical_story_tree/books/Book_03_The_First_Thread/book_content.txt|canon/canonical_story_tree/books/Book_24_Born_To_Die/book_content.txt|canon/canonical_story_tree/books/Book_25_Death_Is_Rebirth/book_content.txt	cello|diary	timeline|relationships|scenes|quests|world	implemented_reference_map	reference_extracted_pending_domain_review
WDM-ARTIFACT-6a2a38927408	artifact	Unplaced Candidates For This Book	canon/canonical_story_tree/all_25_books_latest_full_cycle.txt|canon/canonical_story_tree/books/Book_03_The_First_Thread/book_content.txt|canon/canonical_story_tree/books/Book_24_Born_To_Die/book_content.txt|canon/canonical_story_tree/books/Book_25_Death_Is_Rebirth/book_content.txt	cello|diary	timeline|relationships|scenes|quests|world	implemented_reference_map	reference_extracted_pending_domain_review
WDM-ARTIFACT-dcd7bb43d21e	artifact	Use this file to park	canon/canonical_story_tree/all_25_books_latest_full_cycle.txt|canon/canonical_story_tree/books/Book_03_The_First_Thread/book_content.txt|canon/canonical_story_tree/books/Book_24_Born_To_Die/book_content.txt|canon/canonical_story_tree/books/Book_25_Death_Is_Rebirth/book_content.txt	cello|diary	timeline|relationships|scenes|quests|world	implemented_reference_map	reference_extracted_pending_domain_review
WDM-ARTIFACT-78bf77b6312b	artifact	beats that seem to belong	canon/canonical_story_tree/all_25_books_latest_full_cycle.txt|canon/canonical_story_tree/books/Book_03_The_First_Thread/book_content.txt|canon/canonical_story_tree/books/Book_24_Born_To_Die/book_content.txt|canon/canonical_story_tree/books/Book_25_Death_Is_Rebirth/book_content.txt	cello|diary	timeline|relationships|scenes|quests|world	implemented_reference_map	reference_extracted_pending_domain_review
WDM-ARTIFACT-f98d8cc0fa0d	artifact	here but are not confirmed	canon/canonical_story_tree/all_25_books_latest_full_cycle.txt|canon/canonical_story_tree/books/Book_03_The_First_Thread/book_content.txt|canon/canonical_story_tree/books/Book_24_Born_To_Die/book_content.txt|canon/canonical_story_tree/books/Book_25_Death_Is_Rebirth/book_content.txt	cello|diary	timeline|relationships|scenes|quests|world	implemented_reference_map	reference_extracted_pending_domain_review
WDM-ARTIFACT-af6450e388cd	artifact	yet	canon/canonical_story_tree/all_25_books_latest_full_cycle.txt|canon/canonical_story_tree/books/Book_03_The_First_Thread/book_content.txt|canon/canonical_story_tree/books/Book_24_Born_To_Die/book_content.txt|canon/canonical_story_tree/books/Book_25_Death_Is_Rebirth/book_content.txt	cello|diary	timeline|relationships|scenes|quests|world	implemented_reference_map	reference_extracted_pending_domain_review
WDM-ARTIFACT-a602f0baa3b1	artifact	"The-Beat-Ends-with-the-Weave-Active

scene"	canon/canonical_story_tree/all_25_books_latest_full_cycle.txt|canon/canonical_story_tree/books/Book_03_The_First_Thread/book_content.txt	diary	timeline|relationships|scenes|quests|world	implemented_reference_map	reference_extracted_pending_domain_review
WDM-ARTIFACT-f4c6abff9bb1	artifact	"The First Thread

The-Beat-Ends-with-the-Weave-Active"	canon/canonical_story_tree/all_25_books_latest_full_cycle.txt|canon/canonical_story_tree/books/Book_03_The_First_Thread/book_content.txt	diary	timeline|relationships|scenes|quests|world	implemented_reference_map	reference_extracted_pending_domain_review
WDM-ARTIFACT-815d32baf040	artifact	is now properly underway	canon/canonical_story_tree/all_25_books_latest_full_cycle.txt|canon/canonical_story_tree/books/Book_03_The_First_Thread/book_content.txt	diary	timeline|relationships|scenes|quests|world	implemented_reference_map	reference_extracted_pending_domain_review
WDM-ARTIFACT-1ced22fc7346	artifact	Correspondence	canon/canonical_story_tree/all_25_books_latest_full_cycle.txt|canon/canonical_story_tree/books/Book_03_The_First_Thread/book_content.txt	diary	timeline|relationships|scenes|quests|world	implemented_reference_map	reference_extracted_pending_domain_review
WDM-ARTIFACT-8ac20c0938bd	artifact	bond formation	canon/canonical_story_tree/all_25_books_latest_full_cycle.txt|canon/canonical_story_tree/books/Book_03_The_First_Thread/book_content.txt	diary	timeline|relationships|scenes|quests|world	implemented_reference_map	reference_extracted_pending_domain_review
WDM-ARTIFACT-e9f81240bbf3	artifact	remote counsel	canon/canonical_story_tree/all_25_books_latest_full_cycle.txt|canon/canonical_story_tree/books/Book_03_The_First_Thread/book_content.txt	diary	timeline|relationships|scenes|quests|world	implemented_reference_map	reference_extracted_pending_domain_review
WDM-ARTIFACT-84c45709895b	artifact	thread strengthening	canon/canonical_story_tree/all_25_books_latest_full_cycle.txt|canon/canonical_story_tree/books/Book_03_The_First_Thread/book_content.txt	diary	timeline|relationships|scenes|quests|world	implemented_reference_map	reference_extracted_pending_domain_review
WDM-ARTIFACT-7ea06ffaa49f	artifact	days to weeks	canon/canonical_story_tree/all_25_books_latest_full_cycle.txt|canon/canonical_story_tree/books/Book_03_The_First_Thread/book_content.txt	diary	timeline|relationships|scenes|quests|world	implemented_reference_map	reference_extracted_pending_domain_review
WDM-ARTIFACT-4c8a71c5b22e	artifact	distance through diary	canon/canonical_story_tree/all_25_books_latest_full_cycle.txt|canon/canonical_story_tree/books/Book_03_The_First_Thread/book_content.txt	diary	timeline|relationships|scenes|quests|world	implemented_reference_map	reference_extracted_pending_domain_review
WDM-ARTIFACT-f362ebc6179a	artifact	"notes
Place the sustained diary-contact"	canon/canonical_story_tree/all_25_books_latest_full_cycle.txt|canon/canonical_story_tree/books/Book_03_The_First_Thread/book_content.txt	diary	timeline|relationships|scenes|quests|world	implemented_reference_map	reference_extracted_pending_domain_review
WDM-ARTIFACT-ff50771ab17d	artifact	phase here	canon/canonical_story_tree/all_25_books_latest_full_cycle.txt|canon/canonical_story_tree/books/Book_03_The_First_Thread/book_content.txt	diary	timeline|relationships|scenes|quests|world	implemented_reference_map	reference_extracted_pending_domain_review
WDM-ARTIFACT-07025d745894	artifact	This is the widening of	canon/canonical_story_tree/all_25_books_latest_full_cycle.txt|canon/canonical_story_tree/books/Book_03_The_First_Thread/book_content.txt	diary	timeline|relationships|scenes|quests|world	implemented_reference_map	reference_extracted_pending_domain_review
WDM-ARTIFACT-fcdffbf130a6	artifact	the true thread after initial	canon/canonical_story_tree/all_25_books_latest_full_cycle.txt|canon/canonical_story_tree/books/Book_03_The_First_Thread/book_content.txt	diary	timeline|relationships|scenes|quests|world	implemented_reference_map	reference_extracted_pending_domain_review
WDM-ARTIFACT-9a180495dbe5	artifact	contact	canon/canonical_story_tree/all_25_books_latest_full_cycle.txt|canon/canonical_story_tree/books/Book_03_The_First_Thread/book_content.txt|canon/canonical_story_tree/world/wowas_world_zone_map.json	diary	timeline|relationships|scenes|quests|world	implemented_reference_map	reference_extracted_pending_domain_review
WDM-ARTIFACT-279367b726d6	artifact	Reveals	canon/canonical_story_tree/all_25_books_latest_full_cycle.txt|canon/canonical_story_tree/books/Book_03_The_First_Thread/book_content.txt	diary	timeline|relationships|scenes|quests|world	implemented_reference_map	reference_extracted_pending_domain_review
WDM-ARTIFACT-28e7e5acaf1f	artifact	identity reveal	canon/canonical_story_tree/all_25_books_latest_full_cycle.txt|canon/canonical_story_tree/books/Book_03_The_First_Thread/book_content.txt	diary	timeline|relationships|scenes|quests|world	implemented_reference_map	reference_extracted_pending_domain_review
WDM-ARTIFACT-672e978a2f12	artifact	clarity anchor	canon/canonical_story_tree/all_25_books_latest_full_cycle.txt|canon/canonical_story_tree/books/Book_03_The_First_Thread/book_content.txt	diary	timeline|relationships|scenes|quests|world	implemented_reference_map	reference_extracted_pending_domain_review
WDM-ARTIFACT-a0703af14ec7	artifact	diary-linked conversation space	canon/canonical_story_tree/all_25_books_latest_full_cycle.txt|canon/canonical_story_tree/books/Book_03_The_First_Thread/book_content.txt	diary	timeline|relationships|scenes|quests|world	implemented_reference_map	reference_extracted_pending_domain_review
WDM-ARTIFACT-669dcd9c89fe	artifact	"notes
Maps to Xethrolund's reveal"	canon/canonical_story_tree/all_25_books_latest_full_cycle.txt|canon/canonical_story_tree/books/Book_03_The_First_Thread/book_content.txt	diary	timeline|relationships|scenes|quests|world	implemented_reference_map	reference_extracted_pending_domain_review
WDM-ARTIFACT-edad593c7c58	artifact	and his true-name recognition phase	canon/canonical_story_tree/all_25_books_latest_full_cycle.txt|canon/canonical_story_tree/books/Book_03_The_First_Thread/book_content.txt	diary	timeline|relationships|scenes|quests|world	implemented_reference_map	reference_extracted_pending_domain_review
WDM-ARTIFACT-dde0ae348f07	artifact	Name	canon/canonical_story_tree/all_25_books_latest_full_cycle.txt|canon/canonical_story_tree/books/Book_03_The_First_Thread/book_content.txt|canon/canonical_story_tree/world/wowas_world_zone_map.json	diary|gem	timeline|relationships|scenes|quests|world	implemented_reference_map	reference_extracted_pending_domain_review
WDM-ARTIFACT-ed0db52c947f	artifact	Recognition	canon/canonical_story_tree/all_25_books_latest_full_cycle.txt|canon/canonical_story_tree/books/Book_03_The_First_Thread/book_content.txt	diary	timeline|relationships|scenes|quests|world	implemented_reference_map	reference_extracted_pending_domain_review
WDM-ARTIFACT-7c1f9bf840f6	artifact	intimacy escalation	canon/canonical_story_tree/all_25_books_latest_full_cycle.txt|canon/canonical_story_tree/books/Book_03_The_First_Thread/book_content.txt	diary	timeline|relationships|scenes|quests|world	implemented_reference_map	reference_extracted_pending_domain_review
WDM-ARTIFACT-b60c7d0530b4	artifact	recognition shock	canon/canonical_story_tree/all_25_books_latest_full_cycle.txt|canon/canonical_story_tree/books/Book_03_The_First_Thread/book_content.txt	diary	timeline|relationships|scenes|quests|world	implemented_reference_map	reference_extracted_pending_domain_review
WDM-ARTIFACT-0057b431a088	artifact	diary contact	canon/canonical_story_tree/all_25_books_latest_full_cycle.txt|canon/canonical_story_tree/books/Book_03_The_First_Thread/book_content.txt	diary	timeline|relationships|scenes|quests|world	implemented_reference_map	reference_extracted_pending_domain_review
WDM-ARTIFACT-88b3df376e5f	artifact	archive-linked resonance	canon/canonical_story_tree/all_25_books_latest_full_cycle.txt|canon/canonical_story_tree/books/Book_03_The_First_Thread/book_content.txt	diary	timeline|relationships|scenes|quests|world	implemented_reference_map	reference_extracted_pending_domain_review
WDM-ARTIFACT-5166fccb80f1	artifact	medium	canon/canonical_story_tree/all_25_books_latest_full_cycle.txt|canon/canonical_story_tree/books/Book_03_The_First_Thread/book_content.txt	diary	timeline|relationships|scenes|quests|world	implemented_reference_map	reference_extracted_pending_domain_review
WDM-ARTIFACT-37d6b693f2fe	artifact	"notes
Use when Xethrolund knows"	canon/canonical_story_tree/all_25_books_latest_full_cycle.txt|canon/canonical_story_tree/books/Book_03_The_First_Thread/book_content.txt	diary	timeline|relationships|scenes|quests|world	implemented_reference_map	reference_extracted_pending_domain_review
WDM-ARTIFACT-80629ae4ea19	artifact	Indalwin Willowjayce without being told	canon/canonical_story_tree/all_25_books_latest_full_cycle.txt|canon/canonical_story_tree/books/Book_03_The_First_Thread/book_content.txt	diary	timeline|relationships|scenes|quests|world	implemented_reference_map	reference_extracted_pending_domain_review
WDM-ARTIFACT-454137b0fb98	artifact	Clarity	canon/canonical_story_tree/all_25_books_latest_full_cycle.txt|canon/canonical_story_tree/books/Book_03_The_First_Thread/book_content.txt	diary	timeline|relationships|scenes|quests|world	implemented_reference_map	reference_extracted_pending_domain_review
WDM-ARTIFACT-e98a99a77159	artifact	Anchor	canon/canonical_story_tree/all_25_books_latest_full_cycle.txt|canon/canonical_story_tree/books/Book_03_The_First_Thread/book_content.txt	diary	timeline|relationships|scenes|quests|world	implemented_reference_map	reference_extracted_pending_domain_review
WDM-ARTIFACT-95269ca7af05	artifact	Established	canon/canonical_story_tree/all_25_books_latest_full_cycle.txt|canon/canonical_story_tree/books/Book_03_The_First_Thread/book_content.txt	diary	timeline|relationships|scenes|quests|world	implemented_reference_map	reference_extracted_pending_domain_review
WDM-ARTIFACT-e1408fe75367	artifact	relational stabilization	canon/canonical_story_tree/all_25_books_latest_full_cycle.txt|canon/canonical_story_tree/books/Book_03_The_First_Thread/book_content.txt	diary	timeline|relationships|scenes|quests|world	implemented_reference_map	reference_extracted_pending_domain_review
WDM-ARTIFACT-e3e1495a460c	artifact	contrast to Boojay	canon/canonical_story_tree/all_25_books_latest_full_cycle.txt|canon/canonical_story_tree/books/Book_03_The_First_Thread/book_content.txt	diary	timeline|relationships|scenes|quests|world	implemented_reference_map	reference_extracted_pending_domain_review
WDM-ARTIFACT-bac2b1f04591	artifact	days	canon/canonical_story_tree/all_25_books_latest_full_cycle.txt|canon/canonical_story_tree/books/Book_03_The_First_Thread/book_content.txt	diary	timeline|relationships|scenes|quests|world	implemented_reference_map	reference_extracted_pending_domain_review
WDM-ARTIFACT-fc2e31d921a4	artifact	internal state	canon/canonical_story_tree/all_25_books_latest_full_cycle.txt|canon/canonical_story_tree/books/Book_03_The_First_Thread/book_content.txt	diary	timeline|relationships|scenes|quests|world	implemented_reference_map	reference_extracted_pending_domain_review
WDM-ARTIFACT-b82de141ca74	artifact	Daisy May	canon/canonical_story_tree/all_25_books_latest_full_cycle.txt|canon/canonical_story_tree/books/Book_03_The_First_Thread/book_content.txt	diary	timeline|relationships|scenes|quests|world	implemented_reference_map	reference_extracted_pending_domain_review
WDM-ARTIFACT-1779f7b6b330	artifact	"notes
This is the point"	canon/canonical_story_tree/all_25_books_latest_full_cycle.txt|canon/canonical_story_tree/books/Book_03_The_First_Thread/book_content.txt	diary	timeline|relationships|scenes|quests|world	implemented_reference_map	reference_extracted_pending_domain_review
WDM-ARTIFACT-24e84b7f3c25	artifact	where Xethrolund becomes	canon/canonical_story_tree/all_25_books_latest_full_cycle.txt|canon/canonical_story_tree/books/Book_03_The_First_Thread/book_content.txt	diary	timeline|relationships|scenes|quests|world	implemented_reference_map	reference_extracted_pending_domain_review
WDM-ARTIFACT-dfa4d64ea80a	artifact	true counterweight to pressure and	canon/canonical_story_tree/all_25_books_latest_full_cycle.txt|canon/canonical_story_tree/books/Book_03_The_First_Thread/book_content.txt	diary	timeline|relationships|scenes|quests|world	implemented_reference_map	reference_extracted_pending_domain_review
WDM-ARTIFACT-d4e49900e98c	artifact	confusion	canon/canonical_story_tree/all_25_books_latest_full_cycle.txt|canon/canonical_story_tree/books/Book_03_The_First_Thread/book_content.txt	diary	timeline|relationships|scenes|quests|world	implemented_reference_map	reference_extracted_pending_domain_review
WDM-ARTIFACT-0e85cc284b9f	artifact	Answered	canon/canonical_story_tree/all_25_books_latest_full_cycle.txt|canon/canonical_story_tree/books/Book_03_The_First_Thread/book_content.txt	diary	timeline|relationships|scenes|quests|world	implemented_reference_map	reference_extracted_pending_domain_review
WDM-ARTIFACT-8e628ad3ec3e	artifact	The Diary Answered Back	canon/canonical_story_tree/all_25_books_latest_full_cycle.txt|canon/canonical_story_tree/books/Book_03_The_First_Thread/book_content.txt	diary	timeline|relationships|scenes|quests|world	implemented_reference_map	reference_extracted_pending_domain_review
WDM-ARTIFACT-7f189d1d75ab	artifact	reciprocity proof	canon/canonical_story_tree/all_25_books_latest_full_cycle.txt|canon/canonical_story_tree/books/Book_03_The_First_Thread/book_content.txt	diary	timeline|relationships|scenes|quests|world	implemented_reference_map	reference_extracted_pending_domain_review
WDM-ARTIFACT-a6fd8149fb44	artifact	correspondence deepening	canon/canonical_story_tree/all_25_books_latest_full_cycle.txt|canon/canonical_story_tree/books/Book_03_The_First_Thread/book_content.txt	diary	timeline|relationships|scenes|quests|world	implemented_reference_map	reference_extracted_pending_domain_review
WDM-ARTIFACT-60fb2dc8fd09	artifact	early thread phase	canon/canonical_story_tree/all_25_books_latest_full_cycle.txt|canon/canonical_story_tree/books/Book_03_The_First_Thread/book_content.txt	diary	timeline|relationships|scenes|quests|world	implemented_reference_map	reference_extracted_pending_domain_review
WDM-ARTIFACT-752f5bf06f96	artifact	diary field	canon/canonical_story_tree/all_25_books_latest_full_cycle.txt|canon/canonical_story_tree/books/Book_03_The_First_Thread/book_content.txt	diary	timeline|relationships|scenes|quests|world	implemented_reference_map	reference_extracted_pending_domain_review
WDM-ARTIFACT-1291024ab72b	artifact	private threshold	canon/canonical_story_tree/all_25_books_latest_full_cycle.txt|canon/canonical_story_tree/books/Book_03_The_First_Thread/book_content.txt	diary	timeline|relationships|scenes|quests|world	implemented_reference_map	reference_extracted_pending_domain_review
WDM-ARTIFACT-c1c7794ca577	artifact	"notes
The diary stops feeling"	canon/canonical_story_tree/all_25_books_latest_full_cycle.txt|canon/canonical_story_tree/books/Book_03_The_First_Thread/book_content.txt	diary	timeline|relationships|scenes|quests|world	implemented_reference_map	reference_extracted_pending_domain_review
WDM-ARTIFACT-2c07b94dc776	artifact	like	canon/canonical_story_tree/all_25_books_latest_full_cycle.txt|canon/canonical_story_tree/books/Book_03_The_First_Thread/book_content.txt	diary	timeline|relationships|scenes|quests|world	implemented_reference_map	reference_extracted_pending_domain_review
WDM-ARTIFACT-fe16b08f4e54	artifact	place Pip throws words into	canon/canonical_story_tree/all_25_books_latest_full_cycle.txt|canon/canonical_story_tree/books/Book_03_The_First_Thread/book_content.txt	diary	timeline|relationships|scenes|quests|world	implemented_reference_map	reference_extracted_pending_domain_review
WDM-ARTIFACT-46cc48cb6c71	artifact	alone	canon/canonical_story_tree/all_25_books_latest_full_cycle.txt|canon/canonical_story_tree/books/Book_03_The_First_Thread/book_content.txt	diary	timeline|relationships|scenes|quests|world	implemented_reference_map	reference_extracted_pending_domain_review
WDM-ARTIFACT-c762ec6a81ab	artifact	It begins answering with timing	canon/canonical_story_tree/all_25_books_latest_full_cycle.txt|canon/canonical_story_tree/books/Book_03_The_First_Thread/book_content.txt	diary	timeline|relationships|scenes|quests|world	implemented_reference_map	reference_extracted_pending_domain_review
WDM-ARTIFACT-86f3c913d0b7	artifact	and recognition that prove the	canon/canonical_story_tree/all_25_books_latest_full_cycle.txt|canon/canonical_story_tree/books/Book_03_The_First_Thread/book_content.txt	diary	timeline|relationships|scenes|quests|world	implemented_reference_map	reference_extracted_pending_domain_review
WDM-ARTIFACT-9e7a86a7cbe1	artifact	connection is not imagined	canon/canonical_story_tree/all_25_books_latest_full_cycle.txt|canon/canonical_story_tree/books/Book_03_The_First_Thread/book_content.txt	diary	timeline|relationships|scenes|quests|world	implemented_reference_map	reference_extracted_pending_domain_review
WDM-ARTIFACT-d29f3aebebba	artifact	This matters because the first	canon/canonical_story_tree/all_25_books_latest_full_cycle.txt|canon/canonical_story_tree/books/Book_03_The_First_Thread/book_content.txt	diary	timeline|relationships|scenes|quests|world	implemented_reference_map	reference_extracted_pending_domain_review
WDM-ARTIFACT-720263a946f0	artifact	Pip Realizes Love Can Clarify	canon/canonical_story_tree/all_25_books_latest_full_cycle.txt|canon/canonical_story_tree/books/Book_03_The_First_Thread/book_content.txt	blue light	timeline|relationships|scenes|quests|world	implemented_reference_map	reference_extracted_pending_domain_review
WDM-ARTIFACT-f30297636743	artifact	continuous	canon/canonical_story_tree/all_25_books_latest_full_cycle.txt|canon/canonical_story_tree/books/Book_03_The_First_Thread/book_content.txt	blue light	timeline|relationships|scenes|quests|world	implemented_reference_map	reference_extracted_pending_domain_review
WDM-ARTIFACT-3672a34016c9	artifact	He Stops Treating the Bond	canon/canonical_story_tree/all_25_books_latest_full_cycle.txt|canon/canonical_story_tree/books/Book_03_The_First_Thread/book_content.txt	blue light	timeline|relationships|scenes|quests|world	implemented_reference_map	reference_extracted_pending_domain_review
WDM-ARTIFACT-43676bc13f02	artifact	as Fragile Glass	canon/canonical_story_tree/all_25_books_latest_full_cycle.txt|canon/canonical_story_tree/books/Book_03_The_First_Thread/book_content.txt	blue light	timeline|relationships|scenes|quests|world	implemented_reference_map	reference_extracted_pending_domain_review
WDM-ARTIFACT-677968342357	artifact	Mack Trusts His Calm More	canon/canonical_story_tree/all_25_books_latest_full_cycle.txt|canon/canonical_story_tree/books/Book_03_The_First_Thread/book_content.txt	blue light	timeline|relationships|scenes|quests|world	implemented_reference_map	reference_extracted_pending_domain_review
WDM-ARTIFACT-9b287bca2efc	artifact	Blue Light in Daytime Thought	canon/canonical_story_tree/all_25_books_latest_full_cycle.txt|canon/canonical_story_tree/books/Book_03_The_First_Thread/book_content.txt	blue light	timeline|relationships|scenes|quests|world	implemented_reference_map	reference_extracted_pending_domain_review
WDM-ARTIFACT-f32dd14777d3	artifact	Presence Has Become Portable	canon/canonical_story_tree/all_25_books_latest_full_cycle.txt|canon/canonical_story_tree/books/Book_03_The_First_Thread/book_content.txt	blue light	timeline|relationships|scenes|quests|world	implemented_reference_map	reference_extracted_pending_domain_review
WDM-ARTIFACT-9bdd113c0e67	artifact	Pip Writes	canon/canonical_story_tree/all_25_books_latest_full_cycle.txt|canon/canonical_story_tree/books/Book_03_The_First_Thread/book_content.txt	blue light	timeline|relationships|scenes|quests|world	implemented_reference_map	reference_extracted_pending_domain_review
WDM-ARTIFACT-d38a844cb50d	artifact	Thank You He Means Completely	canon/canonical_story_tree/all_25_books_latest_full_cycle.txt|canon/canonical_story_tree/books/Book_03_The_First_Thread/book_content.txt	blue light	timeline|relationships|scenes|quests|world	implemented_reference_map	reference_extracted_pending_domain_review
WDM-ARTIFACT-4643b3c11352	artifact	Xethrolund Receives It Without Deflection	canon/canonical_story_tree/all_25_books_latest_full_cycle.txt|canon/canonical_story_tree/books/Book_03_The_First_Thread/book_content.txt	blue light	timeline|relationships|scenes|quests|world	implemented_reference_map	reference_extracted_pending_domain_review
WDM-ARTIFACT-09d8cdeea2b6	artifact	The Thread Proves Mutual	canon/canonical_story_tree/all_25_books_latest_full_cycle.txt|canon/canonical_story_tree/books/Book_03_The_First_Thread/book_content.txt	blue light	timeline|relationships|scenes|quests|world	implemented_reference_map	reference_extracted_pending_domain_review
WDM-ARTIFACT-e222d192fdeb	artifact	Not Aspirational	canon/canonical_story_tree/all_25_books_latest_full_cycle.txt|canon/canonical_story_tree/books/Book_03_The_First_Thread/book_content.txt	blue light	timeline|relationships|scenes|quests|world	implemented_reference_map	reference_extracted_pending_domain_review
WDM-ARTIFACT-50c9ba6eca2a	artifact	Pip Nearly Names Love	canon/canonical_story_tree/all_25_books_latest_full_cycle.txt|canon/canonical_story_tree/books/Book_03_The_First_Thread/book_content.txt	blue light	timeline|relationships|scenes|quests|world	implemented_reference_map	reference_extracted_pending_domain_review
WDM-ARTIFACT-c087699314b3	artifact	The Promise Calms More Than	canon/canonical_story_tree/all_25_books_latest_full_cycle.txt|canon/canonical_story_tree/books/Book_03_The_First_Thread/book_content.txt	blue light	timeline|relationships|scenes|quests|world	implemented_reference_map	reference_extracted_pending_domain_review
WDM-ARTIFACT-5b4b865d7565	artifact	It Excites	canon/canonical_story_tree/all_25_books_latest_full_cycle.txt|canon/canonical_story_tree/books/Book_03_The_First_Thread/book_content.txt	blue light	timeline|relationships|scenes|quests|world	implemented_reference_map	reference_extracted_pending_domain_review
WDM-ARTIFACT-82086e8c6a3d	artifact	Blue Light Along the Margin	canon/canonical_story_tree/all_25_books_latest_full_cycle.txt|canon/canonical_story_tree/books/Book_03_The_First_Thread/book_content.txt	blue light	timeline|relationships|scenes|quests|world	implemented_reference_map	reference_extracted_pending_domain_review
WDM-ARTIFACT-24f4cc798a5e	artifact	Pip Understands He Has Said	canon/canonical_story_tree/all_25_books_latest_full_cycle.txt|canon/canonical_story_tree/books/Book_03_The_First_Thread/book_content.txt	blue light	timeline|relationships|scenes|quests|world	implemented_reference_map	reference_extracted_pending_domain_review
WDM-ARTIFACT-8bd19ad72955	artifact	Yes	canon/canonical_story_tree/all_25_books_latest_full_cycle.txt|canon/canonical_story_tree/books/Book_03_The_First_Thread/book_content.txt	blue light	timeline|relationships|scenes|quests|world	implemented_reference_map	reference_extracted_pending_domain_review
WDM-ARTIFACT-fe0603a5c4c6	artifact	The Bond Gains Law	canon/canonical_story_tree/all_25_books_latest_full_cycle.txt|canon/canonical_story_tree/books/Book_03_The_First_Thread/book_content.txt	blue light	timeline|relationships|scenes|quests|world	implemented_reference_map	reference_extracted_pending_domain_review
WDM-ARTIFACT-8f2abb4afe05	artifact	He Closes the Book Shaking	canon/canonical_story_tree/all_25_books_latest_full_cycle.txt|canon/canonical_story_tree/books/Book_03_The_First_Thread/book_content.txt	blue light	timeline|relationships|scenes|quests|world	implemented_reference_map	reference_extracted_pending_domain_review
WDM-ARTIFACT-81f444726451	artifact	Longing Clarifies Him	canon/canonical_story_tree/all_25_books_latest_full_cycle.txt|canon/canonical_story_tree/books/Book_03_The_First_Thread/book_content.txt	blue light	timeline|relationships|scenes|quests|world	implemented_reference_map	reference_extracted_pending_domain_review
WDM-ARTIFACT-77ad1492d7cd	artifact	The Bond Becomes More Durable	canon/canonical_story_tree/all_25_books_latest_full_cycle.txt|canon/canonical_story_tree/books/Book_03_The_First_Thread/book_content.txt	blue light	timeline|relationships|scenes|quests|world	implemented_reference_map	reference_extracted_pending_domain_review
WDM-ARTIFACT-8ac1c7e0626d	artifact	Than Mood	canon/canonical_story_tree/all_25_books_latest_full_cycle.txt|canon/canonical_story_tree/books/Book_03_The_First_Thread/book_content.txt	blue light	timeline|relationships|scenes|quests|world	implemented_reference_map	reference_extracted_pending_domain_review
WDM-ARTIFACT-b25bc720c89c	artifact	Major Stage Is Reached	canon/canonical_story_tree/all_25_books_latest_full_cycle.txt|canon/canonical_story_tree/books/Book_03_The_First_Thread/book_content.txt	blue light	timeline|relationships|scenes|quests|world	implemented_reference_map	reference_extracted_pending_domain_review
WDM-ARTIFACT-4b724e8f07de	artifact	Blue Light Returns Softly	canon/canonical_story_tree/all_25_books_latest_full_cycle.txt|canon/canonical_story_tree/books/Book_03_The_First_Thread/book_content.txt	blue light	timeline|relationships|scenes|quests|world	implemented_reference_map	reference_extracted_pending_domain_review
WDM-ARTIFACT-ca17e416f350	artifact	Symbol and Relation Reunite	canon/canonical_story_tree/all_25_books_latest_full_cycle.txt|canon/canonical_story_tree/books/Book_03_The_First_Thread/book_content.txt	blue light	timeline|relationships|scenes|quests|world	implemented_reference_map	reference_extracted_pending_domain_review
WDM-ARTIFACT-95f8aff1e209	artifact	The House Sleeps While the	canon/canonical_story_tree/all_25_books_latest_full_cycle.txt|canon/canonical_story_tree/books/Book_03_The_First_Thread/book_content.txt	blue light	timeline|relationships|scenes|quests|world	implemented_reference_map	reference_extracted_pending_domain_review
WDM-ARTIFACT-a11cfee28a47	artifact	Thread Lives	canon/canonical_story_tree/all_25_books_latest_full_cycle.txt|canon/canonical_story_tree/books/Book_03_The_First_Thread/book_content.txt	blue light	timeline|relationships|scenes|quests|world	implemented_reference_map	reference_extracted_pending_domain_review
WDM-ARTIFACT-605eb44ffd62	artifact	Recurring Sacred Rhythm Strengthens	canon/canonical_story_tree/all_25_books_latest_full_cycle.txt|canon/canonical_story_tree/books/Book_03_The_First_Thread/book_content.txt	blue light	timeline|relationships|scenes|quests|world	implemented_reference_map	reference_extracted_pending_domain_review
WDM-ARTIFACT-fe274f7e79a0	artifact	He Sees the Pattern Dimly	canon/canonical_story_tree/all_25_books_latest_full_cycle.txt|canon/canonical_story_tree/books/Book_04_Crocodile_Smile/book_content.txt	blue light	timeline|relationships|scenes|quests|world	implemented_reference_map	reference_extracted_pending_domain_review
WDM-ARTIFACT-92f460ee8791	artifact	Desire Deepens Through Lack	canon/canonical_story_tree/all_25_books_latest_full_cycle.txt|canon/canonical_story_tree/books/Book_04_Crocodile_Smile/book_content.txt	blue light	timeline|relationships|scenes|quests|world	implemented_reference_map	reference_extracted_pending_domain_review
WDM-ARTIFACT-efd29f617d38	artifact	The First Withdrawal	canon/canonical_story_tree/all_25_books_latest_full_cycle.txt|canon/canonical_story_tree/books/Book_04_Crocodile_Smile/book_content.txt	blue light	timeline|relationships|scenes|quests|world	implemented_reference_map	reference_extracted_pending_domain_review
WDM-ARTIFACT-16195ac4c152	artifact	Pip Returns to the Book	canon/canonical_story_tree/all_25_books_latest_full_cycle.txt|canon/canonical_story_tree/books/Book_04_Crocodile_Smile/book_content.txt	blue light	timeline|relationships|scenes|quests|world	implemented_reference_map	reference_extracted_pending_domain_review
WDM-ARTIFACT-0e0574656535	artifact	in Pain	canon/canonical_story_tree/all_25_books_latest_full_cycle.txt|canon/canonical_story_tree/books/Book_04_Crocodile_Smile/book_content.txt	blue light	timeline|relationships|scenes|quests|world	implemented_reference_map	reference_extracted_pending_domain_review
WDM-ARTIFACT-555acd2d3aad	artifact	The Thread Becomes Active Refuge	canon/canonical_story_tree/all_25_books_latest_full_cycle.txt|canon/canonical_story_tree/books/Book_04_Crocodile_Smile/book_content.txt	blue light	timeline|relationships|scenes|quests|world	implemented_reference_map	reference_extracted_pending_domain_review
WDM-ARTIFACT-a4d775ce15de	artifact	Blue Light Comes Gentler	canon/canonical_story_tree/all_25_books_latest_full_cycle.txt|canon/canonical_story_tree/books/Book_04_Crocodile_Smile/book_content.txt	blue light	timeline|relationships|scenes|quests|world	implemented_reference_map	reference_extracted_pending_domain_review
WDM-ARTIFACT-1bd0f35464c8	artifact	The Answer Meets Distress Without	canon/canonical_story_tree/all_25_books_latest_full_cycle.txt|canon/canonical_story_tree/books/Book_04_Crocodile_Smile/book_content.txt	blue light	timeline|relationships|scenes|quests|world	implemented_reference_map	reference_extracted_pending_domain_review
WDM-ARTIFACT-dae362b3a3d9	artifact	Spectacle	canon/canonical_story_tree/all_25_books_latest_full_cycle.txt|canon/canonical_story_tree/books/Book_04_Crocodile_Smile/book_content.txt	blue light	timeline|relationships|scenes|quests|world	implemented_reference_map	reference_extracted_pending_domain_review
WDM-ARTIFACT-8d02052574ea	artifact	Xethrolund Reads More Than the	canon/canonical_story_tree/all_25_books_latest_full_cycle.txt|canon/canonical_story_tree/books/Book_04_Crocodile_Smile/book_content.txt	blue light	timeline|relationships|scenes|quests|world	implemented_reference_map	reference_extracted_pending_domain_review
WDM-ARTIFACT-00ab275002a8	artifact	He Understands What Pip Is	canon/canonical_story_tree/all_25_books_latest_full_cycle.txt|canon/canonical_story_tree/books/Book_04_Crocodile_Smile/book_content.txt	blue light	timeline|relationships|scenes|quests|world	implemented_reference_map	reference_extracted_pending_domain_review
WDM-ARTIFACT-34c25d5bdc1d	artifact	Circling Without Naming Fully	canon/canonical_story_tree/all_25_books_latest_full_cycle.txt|canon/canonical_story_tree/books/Book_04_Crocodile_Smile/book_content.txt	blue light	timeline|relationships|scenes|quests|world	implemented_reference_map	reference_extracted_pending_domain_review
WDM-ARTIFACT-d770e23966f0	artifact	Pip Confesses Partial Confusion	canon/canonical_story_tree/all_25_books_latest_full_cycle.txt|canon/canonical_story_tree/books/Book_04_Crocodile_Smile/book_content.txt	blue light	timeline|relationships|scenes|quests|world	implemented_reference_map	reference_extracted_pending_domain_review
WDM-ARTIFACT-0b759e2eea58	artifact	Not Everything	canon/canonical_story_tree/all_25_books_latest_full_cycle.txt|canon/canonical_story_tree/books/Book_04_Crocodile_Smile/book_content.txt	blue light	timeline|relationships|scenes|quests|world	implemented_reference_map	reference_extracted_pending_domain_review
WDM-ARTIFACT-e756b86c08ef	artifact	but Enough	canon/canonical_story_tree/all_25_books_latest_full_cycle.txt|canon/canonical_story_tree/books/Book_04_Crocodile_Smile/book_content.txt	blue light	timeline|relationships|scenes|quests|world	implemented_reference_map	reference_extracted_pending_domain_review
WDM-ARTIFACT-507f164ccc83	artifact	The Contrast Becomes Unavoidable	canon/canonical_story_tree/all_25_books_latest_full_cycle.txt|canon/canonical_story_tree/books/Book_04_Crocodile_Smile/book_content.txt	blue light	timeline|relationships|scenes|quests|world	implemented_reference_map	reference_extracted_pending_domain_review
WDM-ARTIFACT-23f4f02d7744	artifact	True Care and Manipulative Attention	canon/canonical_story_tree/all_25_books_latest_full_cycle.txt|canon/canonical_story_tree/books/Book_04_Crocodile_Smile/book_content.txt	blue light	timeline|relationships|scenes|quests|world	implemented_reference_map	reference_extracted_pending_domain_review
WDM-ARTIFACT-7fe11ab0bc5a	artifact	Appear Side by Side	canon/canonical_story_tree/all_25_books_latest_full_cycle.txt|canon/canonical_story_tree/books/Book_04_Crocodile_Smile/book_content.txt	blue light	timeline|relationships|scenes|quests|world	implemented_reference_map	reference_extracted_pending_domain_review
WDM-ARTIFACT-73245b1c76ab	artifact	Blue Light Does Not Demand	canon/canonical_story_tree/all_25_books_latest_full_cycle.txt|canon/canonical_story_tree/books/Book_04_Crocodile_Smile/book_content.txt	blue light	timeline|relationships|scenes|quests|world	implemented_reference_map	reference_extracted_pending_domain_review
WDM-ARTIFACT-92885061cd94	artifact	Its Gentleness Condemns the Smile	canon/canonical_story_tree/all_25_books_latest_full_cycle.txt|canon/canonical_story_tree/books/Book_04_Crocodile_Smile/book_content.txt	blue light	timeline|relationships|scenes|quests|world	implemented_reference_map	reference_extracted_pending_domain_review
WDM-ARTIFACT-362d16c3be03	artifact	by Comparison	canon/canonical_story_tree/all_25_books_latest_full_cycle.txt|canon/canonical_story_tree/books/Book_04_Crocodile_Smile/book_content.txt	blue light	timeline|relationships|scenes|quests|world	implemented_reference_map	reference_extracted_pending_domain_review
WDM-ARTIFACT-2aeff918b088	artifact	Pip Feels More Loved by	canon/canonical_story_tree/all_25_books_latest_full_cycle.txt|canon/canonical_story_tree/books/Book_04_Crocodile_Smile/book_content.txt	blue light	timeline|relationships|scenes|quests|world	implemented_reference_map	reference_extracted_pending_domain_review
WDM-ARTIFACT-ce16614f2648	artifact	Non-Coercive Devotion Becomes Increasingly Legible	canon/canonical_story_tree/all_25_books_latest_full_cycle.txt|canon/canonical_story_tree/books/Book_04_Crocodile_Smile/book_content.txt	blue light	timeline|relationships|scenes|quests|world	implemented_reference_map	reference_extracted_pending_domain_review
WDM-ARTIFACT-da3f8a19f0fa	artifact	The Thread Helps Him Breathe	canon/canonical_story_tree/all_25_books_latest_full_cycle.txt|canon/canonical_story_tree/books/Book_04_Crocodile_Smile/book_content.txt	blue light	timeline|relationships|scenes|quests|world	implemented_reference_map	reference_extracted_pending_domain_review
WDM-ARTIFACT-2c03891157b9	artifact	Freedom	canon/canonical_story_tree/all_25_books_latest_full_cycle.txt|canon/canonical_story_tree/books/Book_04_Crocodile_Smile/book_content.txt	blue light	timeline|relationships|scenes|quests|world	implemented_reference_map	reference_extracted_pending_domain_review
WDM-ARTIFACT-fc8fbdf16534	artifact	Xethrolund Does Not Shame Desire	canon/canonical_story_tree/all_25_books_latest_full_cycle.txt|canon/canonical_story_tree/books/Book_04_Crocodile_Smile/book_content.txt	blue light	timeline|relationships|scenes|quests|world	implemented_reference_map	reference_extracted_pending_domain_review
WDM-ARTIFACT-c87e5566f269	artifact	The Bond Remains Honest	canon/canonical_story_tree/all_25_books_latest_full_cycle.txt|canon/canonical_story_tree/books/Book_04_Crocodile_Smile/book_content.txt	blue light	timeline|relationships|scenes|quests|world	implemented_reference_map	reference_extracted_pending_domain_review
WDM-ARTIFACT-1ed9b9dc5d0e	artifact	Not Puritanical	canon/canonical_story_tree/all_25_books_latest_full_cycle.txt|canon/canonical_story_tree/books/Book_04_Crocodile_Smile/book_content.txt	blue light	timeline|relationships|scenes|quests|world	implemented_reference_map	reference_extracted_pending_domain_review
WDM-ARTIFACT-7d2f97833928	artifact	Pip Learns He Can Bring	canon/canonical_story_tree/all_25_books_latest_full_cycle.txt|canon/canonical_story_tree/books/Book_04_Crocodile_Smile/book_content.txt	blue light	timeline|relationships|scenes|quests|world	implemented_reference_map	reference_extracted_pending_domain_review
WDM-ARTIFACT-5e9f0a04e65f	artifact	Ugliness to the Thread	canon/canonical_story_tree/all_25_books_latest_full_cycle.txt|canon/canonical_story_tree/books/Book_04_Crocodile_Smile/book_content.txt	blue light	timeline|relationships|scenes|quests|world	implemented_reference_map	reference_extracted_pending_domain_review
WDM-ARTIFACT-864fdd6f15da	artifact	This Deepens Trust	canon/canonical_story_tree/all_25_books_latest_full_cycle.txt|canon/canonical_story_tree/books/Book_04_Crocodile_Smile/book_content.txt	blue light	timeline|relationships|scenes|quests|world	implemented_reference_map	reference_extracted_pending_domain_review
WDM-ARTIFACT-2c5e12c92a27	artifact	Blue Light and Blank Pages	canon/canonical_story_tree/all_25_books_latest_full_cycle.txt|canon/canonical_story_tree/books/Book_04_Crocodile_Smile/book_content.txt	blue light	timeline|relationships|scenes|quests|world	implemented_reference_map	reference_extracted_pending_domain_review
WDM-ARTIFACT-aac1ce5ac905	artifact	Steady Him	canon/canonical_story_tree/all_25_books_latest_full_cycle.txt|canon/canonical_story_tree/books/Book_04_Crocodile_Smile/book_content.txt	blue light	timeline|relationships|scenes|quests|world	implemented_reference_map	reference_extracted_pending_domain_review
WDM-ARTIFACT-72d35c12b5fd	artifact	Symbolic Pair Now Operate as	canon/canonical_story_tree/all_25_books_latest_full_cycle.txt|canon/canonical_story_tree/books/Book_04_Crocodile_Smile/book_content.txt	blue light	timeline|relationships|scenes|quests|world	implemented_reference_map	reference_extracted_pending_domain_review
WDM-ARTIFACT-3f82d73c2185	artifact	Emotional Shelter	canon/canonical_story_tree/all_25_books_latest_full_cycle.txt|canon/canonical_story_tree/books/Book_04_Crocodile_Smile/book_content.txt	blue light	timeline|relationships|scenes|quests|world	implemented_reference_map	reference_extracted_pending_domain_review
WDM-ARTIFACT-7ef7bf200f81	artifact	Better Kind of Seeing	canon/canonical_story_tree/all_25_books_latest_full_cycle.txt|canon/canonical_story_tree/books/Book_04_Crocodile_Smile/book_content.txt	blue light	timeline|relationships|scenes|quests|world	implemented_reference_map	reference_extracted_pending_domain_review
WDM-ARTIFACT-a4e08af63268	artifact	He Is Known Without Being	canon/canonical_story_tree/all_25_books_latest_full_cycle.txt|canon/canonical_story_tree/books/Book_04_Crocodile_Smile/book_content.txt	blue light	timeline|relationships|scenes|quests|world	implemented_reference_map	reference_extracted_pending_domain_review
WDM-ARTIFACT-bb1052750d14	artifact	Hunted	canon/canonical_story_tree/all_25_books_latest_full_cycle.txt|canon/canonical_story_tree/books/Book_04_Crocodile_Smile/book_content.txt	blue light	timeline|relationships|scenes|quests|world	implemented_reference_map	reference_extracted_pending_domain_review
WDM-ARTIFACT-a29fa48daa98	artifact	Pip Recommits Without Closing His	canon/canonical_story_tree/all_25_books_latest_full_cycle.txt|canon/canonical_story_tree/books/Book_04_Crocodile_Smile/book_content.txt	blue light	timeline|relationships|scenes|quests|world	implemented_reference_map	reference_extracted_pending_domain_review
WDM-ARTIFACT-cc0ad04cf2b5	artifact	Eyes	canon/canonical_story_tree/all_25_books_latest_full_cycle.txt|canon/canonical_story_tree/books/Book_04_Crocodile_Smile/book_content.txt	blue light	timeline|relationships|scenes|quests|world	implemented_reference_map	reference_extracted_pending_domain_review
WDM-ARTIFACT-495690081b92	artifact	He Chooses the Thread While	canon/canonical_story_tree/all_25_books_latest_full_cycle.txt|canon/canonical_story_tree/books/Book_04_Crocodile_Smile/book_content.txt	blue light	timeline|relationships|scenes|quests|world	implemented_reference_map	reference_extracted_pending_domain_review
WDM-ARTIFACT-8ffeddbecf5e	artifact	Remaining Morally Awake	canon/canonical_story_tree/all_25_books_latest_full_cycle.txt|canon/canonical_story_tree/books/Book_04_Crocodile_Smile/book_content.txt	blue light	timeline|relationships|scenes|quests|world	implemented_reference_map	reference_extracted_pending_domain_review
WDM-ARTIFACT-01557ca020f6	artifact	The Smile Loses	canon/canonical_story_tree/all_25_books_latest_full_cycle.txt|canon/canonical_story_tree/books/Book_04_Crocodile_Smile/book_content.txt	blue light	timeline|relationships|scenes|quests|world	implemented_reference_map	reference_extracted_pending_domain_review
WDM-ARTIFACT-4d7b8c16db35	artifact	Little Glamour	canon/canonical_story_tree/all_25_books_latest_full_cycle.txt|canon/canonical_story_tree/books/Book_04_Crocodile_Smile/book_content.txt	blue light	timeline|relationships|scenes|quests|world	implemented_reference_map	reference_extracted_pending_domain_review
WDM-ARTIFACT-634e86b8cc17	artifact	Not Enough	canon/canonical_story_tree/all_25_books_latest_full_cycle.txt|canon/canonical_story_tree/books/Book_04_Crocodile_Smile/book_content.txt	blue light	timeline|relationships|scenes|quests|world	implemented_reference_map	reference_extracted_pending_domain_review
WDM-ARTIFACT-1ff13f649aaf	artifact	but Some	canon/canonical_story_tree/all_25_books_latest_full_cycle.txt|canon/canonical_story_tree/books/Book_04_Crocodile_Smile/book_content.txt	blue light	timeline|relationships|scenes|quests|world	implemented_reference_map	reference_extracted_pending_domain_review
WDM-ARTIFACT-43bb984917c8	artifact	Blue Light Against the Smile	canon/canonical_story_tree/all_25_books_latest_full_cycle.txt|canon/canonical_story_tree/books/Book_04_Crocodile_Smile/book_content.txt	blue light	timeline|relationships|scenes|quests|world	implemented_reference_map	reference_extracted_pending_domain_review
WDM-ARTIFACT-4b396c2c17d7	artifact	The Book's Central Tension Crystallizes	canon/canonical_story_tree/all_25_books_latest_full_cycle.txt|canon/canonical_story_tree/books/Book_04_Crocodile_Smile/book_content.txt	blue light	timeline|relationships|scenes|quests|world	implemented_reference_map	reference_extracted_pending_domain_review
WDM-ARTIFACT-3830c37b6595	artifact	Pip Stands Up Straighter	canon/canonical_story_tree/all_25_books_latest_full_cycle.txt|canon/canonical_story_tree/books/Book_04_Crocodile_Smile/book_content.txt	blue light	timeline|relationships|scenes|quests|world	implemented_reference_map	reference_extracted_pending_domain_review
WDM-ARTIFACT-5320accd7f23	artifact	The Bond Makes Him More	canon/canonical_story_tree/all_25_books_latest_full_cycle.txt|canon/canonical_story_tree/books/Book_04_Crocodile_Smile/book_content.txt	blue light	timeline|relationships|scenes|quests|world	implemented_reference_map	reference_extracted_pending_domain_review
WDM-ARTIFACT-06af80bc028a	artifact	Himself Under Pressure	canon/canonical_story_tree/all_25_books_latest_full_cycle.txt|canon/canonical_story_tree/books/Book_04_Crocodile_Smile/book_content.txt	blue light	timeline|relationships|scenes|quests|world	implemented_reference_map	reference_extracted_pending_domain_review
WDM-ARTIFACT-b828ef8a28f9	artifact	The Thread Does Not Abandon	canon/canonical_story_tree/all_25_books_latest_full_cycle.txt|canon/canonical_story_tree/books/Book_04_Crocodile_Smile/book_content.txt	blue light	timeline|relationships|scenes|quests|world	implemented_reference_map	reference_extracted_pending_domain_review
WDM-ARTIFACT-796c1fa9d1e9	artifact	Xethrolund Offers Structure for Future	canon/canonical_story_tree/all_25_books_latest_full_cycle.txt|canon/canonical_story_tree/books/Book_04_Crocodile_Smile/book_content.txt	blue light	timeline|relationships|scenes|quests|world	implemented_reference_map	reference_extracted_pending_domain_review
WDM-ARTIFACT-1824b843de49	artifact	Resistance	canon/canonical_story_tree/all_25_books_latest_full_cycle.txt|canon/canonical_story_tree/books/Book_04_Crocodile_Smile/book_content.txt	blue light	timeline|relationships|scenes|quests|world	implemented_reference_map	reference_extracted_pending_domain_review
WDM-ARTIFACT-c50a3a24276d	artifact	He Helps Pip Think	canon/canonical_story_tree/all_25_books_latest_full_cycle.txt|canon/canonical_story_tree/books/Book_04_Crocodile_Smile/book_content.txt	blue light	timeline|relationships|scenes|quests|world	implemented_reference_map	reference_extracted_pending_domain_review
WDM-ARTIFACT-cfa072860a18	artifact	Not Merely Recover	canon/canonical_story_tree/all_25_books_latest_full_cycle.txt|canon/canonical_story_tree/books/Book_04_Crocodile_Smile/book_content.txt	blue light	timeline|relationships|scenes|quests|world	implemented_reference_map	reference_extracted_pending_domain_review
WDM-ARTIFACT-4a3d9229571e	artifact	Pip Accepts That Love Requires	canon/canonical_story_tree/all_25_books_latest_full_cycle.txt|canon/canonical_story_tree/books/Book_04_Crocodile_Smile/book_content.txt	blue light	timeline|relationships|scenes|quests|world	implemented_reference_map	reference_extracted_pending_domain_review
WDM-ARTIFACT-cecf5aecd0e7	artifact	Discernment	canon/canonical_story_tree/all_25_books_latest_full_cycle.txt|canon/canonical_story_tree/books/Book_04_Crocodile_Smile/book_content.txt	blue light	timeline|relationships|scenes|quests|world	implemented_reference_map	reference_extracted_pending_domain_review
WDM-ARTIFACT-b41e9200e2ed	artifact	The Core Moral Lesson of	canon/canonical_story_tree/all_25_books_latest_full_cycle.txt|canon/canonical_story_tree/books/Book_04_Crocodile_Smile/book_content.txt	blue light	timeline|relationships|scenes|quests|world	implemented_reference_map	reference_extracted_pending_domain_review
WDM-ARTIFACT-28c0cac1387c	artifact	the Book Sharpens	canon/canonical_story_tree/all_25_books_latest_full_cycle.txt|canon/canonical_story_tree/books/Book_04_Crocodile_Smile/book_content.txt	blue light	timeline|relationships|scenes|quests|world	implemented_reference_map	reference_extracted_pending_domain_review
WDM-ARTIFACT-e1dc889271b4	artifact	Blue Light Feels Different Now	canon/canonical_story_tree/all_25_books_latest_full_cycle.txt|canon/canonical_story_tree/books/Book_04_Crocodile_Smile/book_content.txt	blue light	timeline|relationships|scenes|quests|world	implemented_reference_map	reference_extracted_pending_domain_review
WDM-ARTIFACT-f0cef9480e99	artifact	Not More Innocent	canon/canonical_story_tree/all_25_books_latest_full_cycle.txt|canon/canonical_story_tree/books/Book_04_Crocodile_Smile/book_content.txt	blue light	timeline|relationships|scenes|quests|world	implemented_reference_map	reference_extracted_pending_domain_review
WDM-ARTIFACT-609221def6da	artifact	but More Trustworthy	canon/canonical_story_tree/all_25_books_latest_full_cycle.txt|canon/canonical_story_tree/books/Book_04_Crocodile_Smile/book_content.txt	blue light	timeline|relationships|scenes|quests|world	implemented_reference_map	reference_extracted_pending_domain_review
WDM-ARTIFACT-6034750fdba9	artifact	The Blank Book Holds Hard	canon/canonical_story_tree/all_25_books_latest_full_cycle.txt|canon/canonical_story_tree/books/Book_04_Crocodile_Smile/book_content.txt	blue light	timeline|relationships|scenes|quests|world	implemented_reference_map	reference_extracted_pending_domain_review
WDM-ARTIFACT-a0b85da4234e	artifact	Truth Too	canon/canonical_story_tree/all_25_books_latest_full_cycle.txt|canon/canonical_story_tree/books/Book_04_Crocodile_Smile/book_content.txt	blue light	timeline|relationships|scenes|quests|world	implemented_reference_map	reference_extracted_pending_domain_review
WDM-ARTIFACT-3c0aa013885b	artifact	The Bond-Space Remains Honest	canon/canonical_story_tree/all_25_books_latest_full_cycle.txt|canon/canonical_story_tree/books/Book_04_Crocodile_Smile/book_content.txt	blue light	timeline|relationships|scenes|quests|world	implemented_reference_map	reference_extracted_pending_domain_review
WDM-ARTIFACT-4cdee5fbdc02	artifact	Mack Sees	canon/canonical_story_tree/all_25_books_latest_full_cycle.txt|canon/canonical_story_tree/books/Book_04_Crocodile_Smile/book_content.txt	blue light	timeline|relationships|scenes|quests|world	implemented_reference_map	reference_extracted_pending_domain_review
WDM-ARTIFACT-9f95d85bca59	artifact	Hard-Won Calm	canon/canonical_story_tree/all_25_books_latest_full_cycle.txt|canon/canonical_story_tree/books/Book_04_Crocodile_Smile/book_content.txt	blue light	timeline|relationships|scenes|quests|world	implemented_reference_map	reference_extracted_pending_domain_review
WDM-ARTIFACT-303062ae7cc7	artifact	Mack Gets Him Out	canon/canonical_story_tree/all_25_books_latest_full_cycle.txt|canon/canonical_story_tree/books/Book_04_Crocodile_Smile/book_content.txt	blue light	timeline|relationships|scenes|quests|world	implemented_reference_map	reference_extracted_pending_domain_review
WDM-ARTIFACT-dc4d8d888a31	artifact	Grounded Loyalty Prevents	canon/canonical_story_tree/all_25_books_latest_full_cycle.txt|canon/canonical_story_tree/books/Book_04_Crocodile_Smile/book_content.txt	blue light	timeline|relationships|scenes|quests|world	implemented_reference_map	reference_extracted_pending_domain_review
WDM-ARTIFACT-7dbc9aaa6f63	artifact	Final Overexposure	canon/canonical_story_tree/all_25_books_latest_full_cycle.txt|canon/canonical_story_tree/books/Book_04_Crocodile_Smile/book_content.txt	blue light	timeline|relationships|scenes|quests|world	implemented_reference_map	reference_extracted_pending_domain_review
WDM-ARTIFACT-3fa74adf41d2	artifact	by Choice	canon/canonical_story_tree/all_25_books_latest_full_cycle.txt|canon/canonical_story_tree/books/Book_04_Crocodile_Smile/book_content.txt	blue light	timeline|relationships|scenes|quests|world	implemented_reference_map	reference_extracted_pending_domain_review
WDM-ARTIFACT-15379dd9e2ea	artifact	Not Panic	canon/canonical_story_tree/all_25_books_latest_full_cycle.txt|canon/canonical_story_tree/books/Book_04_Crocodile_Smile/book_content.txt	blue light	timeline|relationships|scenes|quests|world	implemented_reference_map	reference_extracted_pending_domain_review
WDM-ARTIFACT-f8103d171a09	artifact	His Bond with Xethrolund Has	canon/canonical_story_tree/all_25_books_latest_full_cycle.txt|canon/canonical_story_tree/books/Book_04_Crocodile_Smile/book_content.txt	blue light	timeline|relationships|scenes|quests|world	implemented_reference_map	reference_extracted_pending_domain_review
WDM-ARTIFACT-26df595fb154	artifact	Become Discerned Devotion	canon/canonical_story_tree/all_25_books_latest_full_cycle.txt|canon/canonical_story_tree/books/Book_04_Crocodile_Smile/book_content.txt	blue light	timeline|relationships|scenes|quests|world	implemented_reference_map	reference_extracted_pending_domain_review
WDM-ARTIFACT-8a5d37b85d90	artifact	Blue Light Answers Again	canon/canonical_story_tree/all_25_books_latest_full_cycle.txt|canon/canonical_story_tree/books/Book_04_Crocodile_Smile/book_content.txt	blue light	timeline|relationships|scenes|quests|world	implemented_reference_map	reference_extracted_pending_domain_review
WDM-ARTIFACT-de81c38984b4	artifact	The True Line Remains	canon/canonical_story_tree/all_25_books_latest_full_cycle.txt|canon/canonical_story_tree/books/Book_04_Crocodile_Smile/book_content.txt	blue light	timeline|relationships|scenes|quests|world	implemented_reference_map	reference_extracted_pending_domain_review
WDM-ARTIFACT-0a09adcf4ad8	artifact	He Grieves What Almost Took	canon/canonical_story_tree/all_25_books_latest_full_cycle.txt|canon/canonical_story_tree/books/Book_04_Crocodile_Smile/book_content.txt	blue light	timeline|relationships|scenes|quests|world	implemented_reference_map	reference_extracted_pending_domain_review
WDM-ARTIFACT-cff9200dad01	artifact	Root	canon/canonical_story_tree/all_25_books_latest_full_cycle.txt|canon/canonical_story_tree/books/Book_04_Crocodile_Smile/book_content.txt	blue light	timeline|relationships|scenes|quests|world	implemented_reference_map	reference_extracted_pending_domain_review
WDM-ARTIFACT-89af267afa3d	artifact	Part of Him Mourns the	canon/canonical_story_tree/all_25_books_latest_full_cycle.txt|canon/canonical_story_tree/books/Book_04_Crocodile_Smile/book_content.txt	blue light	timeline|relationships|scenes|quests|world	implemented_reference_map	reference_extracted_pending_domain_review
WDM-ARTIFACT-4fb173ad64e4	artifact	Version of Love He Wanted	canon/canonical_story_tree/all_25_books_latest_full_cycle.txt|canon/canonical_story_tree/books/Book_04_Crocodile_Smile/book_content.txt	blue light	timeline|relationships|scenes|quests|world	implemented_reference_map	reference_extracted_pending_domain_review
WDM-ARTIFACT-551eb872c9a6	artifact	the Smile to Be	canon/canonical_story_tree/all_25_books_latest_full_cycle.txt|canon/canonical_story_tree/books/Book_04_Crocodile_Smile/book_content.txt	blue light	timeline|relationships|scenes|quests|world	implemented_reference_map	reference_extracted_pending_domain_review
WDM-ARTIFACT-f815ba64e732	artifact	Xethrolund Receives That Grief Too	canon/canonical_story_tree/all_25_books_latest_full_cycle.txt|canon/canonical_story_tree/books/Book_04_Crocodile_Smile/book_content.txt	blue light	timeline|relationships|scenes|quests|world	implemented_reference_map	reference_extracted_pending_domain_review
WDM-ARTIFACT-019fd202105e	artifact	S036 The-Beat-Ends-with-the-Hidden-Jaw-Confirmed	canon/canonical_story_tree/all_25_books_latest_full_cycle.txt|canon/canonical_story_tree/books/Book_04_Crocodile_Smile/book_content.txt	weapon	timeline|relationships|scenes|quests|world	implemented_reference_map	reference_extracted_pending_domain_review
WDM-ARTIFACT-bf0e96a3105d	artifact	The title image now governs	canon/canonical_story_tree/all_25_books_latest_full_cycle.txt|canon/canonical_story_tree/books/Book_04_Crocodile_Smile/book_content.txt	weapon	timeline|relationships|scenes|quests|world	implemented_reference_map	reference_extracted_pending_domain_review
WDM-ARTIFACT-72a7dcea3702	artifact	travel logic	canon/canonical_story_tree/all_25_books_latest_full_cycle.txt|canon/canonical_story_tree/books/Book_04_Crocodile_Smile/book_content.txt	weapon	timeline|relationships|scenes|quests|world	implemented_reference_map	reference_extracted_pending_domain_review
WDM-ARTIFACT-27c843a249c0	artifact	B04	canon/canonical_story_tree/all_25_books_latest_full_cycle.txt|canon/canonical_story_tree/books/Book_04_Crocodile_Smile/book_content.txt	weapon	timeline|relationships|scenes|quests|world	implemented_reference_map	reference_extracted_pending_domain_review
WDM-ARTIFACT-44c7ce70ab15	artifact	"Mercy Under Suspicion
target"	canon/canonical_story_tree/all_25_books_latest_full_cycle.txt|canon/canonical_story_tree/books/Book_04_Crocodile_Smile/book_content.txt	weapon	timeline|relationships|scenes|quests|world	implemented_reference_map	reference_extracted_pending_domain_review
WDM-ARTIFACT-31d84c605d79	artifact	S037 Pip-Questions-Whether-Mercy-Itself-Can-Be-Weaponized-Against-Him	canon/canonical_story_tree/all_25_books_latest_full_cycle.txt|canon/canonical_story_tree/books/Book_04_Crocodile_Smile/book_content.txt	weapon	timeline|relationships|scenes|quests|world	implemented_reference_map	reference_extracted_pending_domain_review
WDM-ARTIFACT-c8ded882aa3e	artifact	painful ethical complication	canon/canonical_story_tree/all_25_books_latest_full_cycle.txt|canon/canonical_story_tree/books/Book_04_Crocodile_Smile/book_content.txt	weapon	timeline|relationships|scenes|quests|world	implemented_reference_map	reference_extracted_pending_domain_review
WDM-ARTIFACT-dbe5ead44fcc	artifact	S038 Mack-Refuses-to-Let-Caution-Degrade-Into-Cruelty	canon/canonical_story_tree/all_25_books_latest_full_cycle.txt|canon/canonical_story_tree/books/Book_04_Crocodile_Smile/book_content.txt	weapon	timeline|relationships|scenes|quests|world	implemented_reference_map	reference_extracted_pending_domain_review
WDM-ARTIFACT-e90a171767e6	artifact	Crucial guardian correction	canon/canonical_story_tree/all_25_books_latest_full_cycle.txt|canon/canonical_story_tree/books/Book_04_Crocodile_Smile/book_content.txt	weapon	timeline|relationships|scenes|quests|world	implemented_reference_map	reference_extracted_pending_domain_review
WDM-ARTIFACT-9ca69232ae0d	artifact	S039 Rylos-Understands-the-Fear-Because-He-Has-Lived-It	canon/canonical_story_tree/all_25_books_latest_full_cycle.txt|canon/canonical_story_tree/books/Book_04_Crocodile_Smile/book_content.txt	weapon	timeline|relationships|scenes|quests|world	implemented_reference_map	reference_extracted_pending_domain_review
WDM-ARTIFACT-95d12b2d9419	artifact	S012 The-Beat-Ends-with-Wound-Upgraded-to-Text	canon/canonical_story_tree/all_25_books_latest_full_cycle.txt|canon/canonical_story_tree/books/Book_05_Runes_And_Wound/book_content.txt	diary	timeline|relationships|scenes|quests|world	implemented_reference_map	reference_extracted_pending_domain_review
WDM-ARTIFACT-c0ac69646585	artifact	Pain itself has become legible	canon/canonical_story_tree/all_25_books_latest_full_cycle.txt|canon/canonical_story_tree/books/Book_05_Runes_And_Wound/book_content.txt	diary	timeline|relationships|scenes|quests|world	implemented_reference_map	reference_extracted_pending_domain_review
WDM-ARTIFACT-633f2b4194f7	artifact	B05	canon/canonical_story_tree/all_25_books_latest_full_cycle.txt|canon/canonical_story_tree/books/Book_05_Runes_And_Wound/book_content.txt	diary	timeline|relationships|scenes|quests|world	implemented_reference_map	reference_extracted_pending_domain_review
WDM-ARTIFACT-29d35b7666d1	artifact	"Runes in the House
target"	canon/canonical_story_tree/all_25_books_latest_full_cycle.txt|canon/canonical_story_tree/books/Book_05_Runes_And_Wound/book_content.txt	diary	timeline|relationships|scenes|quests|world	implemented_reference_map	reference_extracted_pending_domain_review
WDM-ARTIFACT-f06bfaa21cdc	artifact	S013 Marks-Patterns-or-Lines-Appear-in-Context	canon/canonical_story_tree/all_25_books_latest_full_cycle.txt|canon/canonical_story_tree/books/Book_05_Runes_And_Wound/book_content.txt	diary	timeline|relationships|scenes|quests|world	implemented_reference_map	reference_extracted_pending_domain_review
WDM-ARTIFACT-01b5edcd7c1c	artifact	The house	canon/canonical_story_tree/all_25_books_latest_full_cycle.txt|canon/canonical_story_tree/books/Book_05_Runes_And_Wound/book_content.txt	diary	timeline|relationships|scenes|quests|world	implemented_reference_map	reference_extracted_pending_domain_review
WDM-ARTIFACT-3db90c9a3780	artifact	or body yields the first	canon/canonical_story_tree/all_25_books_latest_full_cycle.txt|canon/canonical_story_tree/books/Book_05_Runes_And_Wound/book_content.txt	diary	timeline|relationships|scenes|quests|world	implemented_reference_map	reference_extracted_pending_domain_review
WDM-ARTIFACT-e10cd95c84eb	artifact	clearer runic layer	canon/canonical_story_tree/all_25_books_latest_full_cycle.txt|canon/canonical_story_tree/books/Book_05_Runes_And_Wound/book_content.txt	diary	timeline|relationships|scenes|quests|world	implemented_reference_map	reference_extracted_pending_domain_review
WDM-ARTIFACT-bb9d11c9e30a	artifact	S014 Pip-Feels-the-Temptation-to-Read-Too-Fast	canon/canonical_story_tree/all_25_books_latest_full_cycle.txt|canon/canonical_story_tree/books/Book_05_Runes_And_Wound/book_content.txt	diary	timeline|relationships|scenes|quests|world	implemented_reference_map	reference_extracted_pending_domain_review
WDM-ARTIFACT-fd841be0e298	artifact	Pattern hunger rises	canon/canonical_story_tree/all_25_books_latest_full_cycle.txt|canon/canonical_story_tree/books/Book_05_Runes_And_Wound/book_content.txt	diary	timeline|relationships|scenes|quests|world	implemented_reference_map	reference_extracted_pending_domain_review
WDM-ARTIFACT-deb4a851007b	artifact	S015 Mack-Warns-Against-Eager-Misreading	canon/canonical_story_tree/all_25_books_latest_full_cycle.txt|canon/canonical_story_tree/books/Book_05_Runes_And_Wound/book_content.txt	diary	timeline|relationships|scenes|quests|world	implemented_reference_map	reference_extracted_pending_domain_review
WDM-ARTIFACT-a3d99df23bd3	artifact	guardian lesson in interpretive humility	canon/canonical_story_tree/all_25_books_latest_full_cycle.txt|canon/canonical_story_tree/books/Book_05_Runes_And_Wound/book_content.txt	diary	timeline|relationships|scenes|quests|world	implemented_reference_map	reference_extracted_pending_domain_review
WDM-ARTIFACT-6ec7454058ea	artifact	The Gathering Storm	canon/canonical_story_tree/all_25_books_latest_full_cycle.txt|canon/canonical_story_tree/books/Book_17_Black_Heart_Scar/book_content.txt	cello	timeline|relationships|scenes|quests|world	implemented_reference_map	reference_extracted_pending_domain_review
WDM-ARTIFACT-7206b49afdea	artifact	"Salvage Beats

Status"	canon/canonical_story_tree/all_25_books_latest_full_cycle.txt|canon/canonical_story_tree/books/Book_17_Black_Heart_Scar/book_content.txt|canon/canonical_story_tree/books/Book_24_Born_To_Die/book_content.txt|canon/canonical_story_tree/books/Book_25_Death_Is_Rebirth/book_content.txt	cello	timeline|relationships|scenes|quests|world	implemented_reference_map	reference_extracted_pending_domain_review
WDM-ARTIFACT-acc3a2cd1825	artifact	"additive completion pass
Authority"	canon/canonical_story_tree/all_25_books_latest_full_cycle.txt|canon/canonical_story_tree/books/Book_17_Black_Heart_Scar/book_content.txt|canon/canonical_story_tree/books/Book_24_Born_To_Die/book_content.txt|canon/canonical_story_tree/books/Book_25_Death_Is_Rebirth/book_content.txt	cello	timeline|relationships|scenes|quests|world	implemented_reference_map	reference_extracted_pending_domain_review
WDM-ARTIFACT-a3d8028e481f	artifact	character salvage integration	canon/canonical_story_tree/all_25_books_latest_full_cycle.txt|canon/canonical_story_tree/books/Book_17_Black_Heart_Scar/book_content.txt|canon/canonical_story_tree/books/Book_24_Born_To_Die/book_content.txt|canon/canonical_story_tree/books/Book_25_Death_Is_Rebirth/book_content.txt	cello	timeline|relationships|scenes|quests|world	implemented_reference_map	reference_extracted_pending_domain_review
WDM-ARTIFACT-83ec7885b7f9	artifact	B17	canon/canonical_story_tree/all_25_books_latest_full_cycle.txt|canon/canonical_story_tree/books/Book_17_Black_Heart_Scar/book_content.txt	cello	timeline|relationships|scenes|quests|world	implemented_reference_map	reference_extracted_pending_domain_review
WDM-ARTIFACT-61875e867304	artifact	Weather	canon/canonical_story_tree/all_25_books_latest_full_cycle.txt|canon/canonical_story_tree/books/Book_17_Black_Heart_Scar/book_content.txt	cello	timeline|relationships|scenes|quests|world	implemented_reference_map	reference_extracted_pending_domain_review
WDM-ARTIFACT-68a4f065004c	artifact	"Warning
Function"	canon/canonical_story_tree/all_25_books_latest_full_cycle.txt|canon/canonical_story_tree/books/Book_17_Black_Heart_Scar/book_content.txt	cello	timeline|relationships|scenes|quests|world	implemented_reference_map	reference_extracted_pending_domain_review
WDM-ARTIFACT-45b97e510a23	artifact	The Blood Cello register begins	canon/canonical_story_tree/all_25_books_latest_full_cycle.txt|canon/canonical_story_tree/books/Book_17_Black_Heart_Scar/book_content.txt	cello	timeline|relationships|scenes|quests|world	implemented_reference_map	reference_extracted_pending_domain_review
WDM-ARTIFACT-4d432c19795c	artifact	as storm-pressure rather than event	canon/canonical_story_tree/all_25_books_latest_full_cycle.txt|canon/canonical_story_tree/books/Book_17_Black_Heart_Scar/book_content.txt	cello	timeline|relationships|scenes|quests|world	implemented_reference_map	reference_extracted_pending_domain_review
WDM-ARTIFACT-4b30730ce4c8	artifact	Required truths	canon/canonical_story_tree/all_25_books_latest_full_cycle.txt|canon/canonical_story_tree/books/Book_17_Black_Heart_Scar/book_content.txt|canon/canonical_story_tree/books/Book_23_The_Final_Resonance/book_content.txt|canon/canonical_story_tree/books/Book_24_Born_To_Die/book_content.txt|canon/canonical_story_tree/books/Book_25_Death_Is_Rebirth/book_content.txt	cello	timeline|relationships|scenes|quests|world	implemented_reference_map	reference_extracted_pending_domain_review
WDM-ARTIFACT-5d754bb6129e	artifact	cello logic is felt in	canon/canonical_story_tree/all_25_books_latest_full_cycle.txt|canon/canonical_story_tree/books/Book_17_Black_Heart_Scar/book_content.txt	cello	timeline|relationships|scenes|quests|world	implemented_reference_map	reference_extracted_pending_domain_review
WDM-ARTIFACT-89c11e9a9613	artifact	body and weather	canon/canonical_story_tree/all_25_books_latest_full_cycle.txt|canon/canonical_story_tree/books/Book_17_Black_Heart_Scar/book_content.txt	cello	timeline|relationships|scenes|quests|world	implemented_reference_map	reference_extracted_pending_domain_review
WDM-ARTIFACT-bb4cb4068079	artifact	Mack's legacy resonates through systems	canon/canonical_story_tree/all_25_books_latest_full_cycle.txt|canon/canonical_story_tree/books/Book_17_Black_Heart_Scar/book_content.txt	cello	timeline|relationships|scenes|quests|world	implemented_reference_map	reference_extracted_pending_domain_review
WDM-ARTIFACT-bc7c007a7336	artifact	not speeches	canon/canonical_story_tree/all_25_books_latest_full_cycle.txt|canon/canonical_story_tree/books/Book_17_Black_Heart_Scar/book_content.txt	cello	timeline|relationships|scenes|quests|world	implemented_reference_map	reference_extracted_pending_domain_review
WDM-ARTIFACT-34e14416f70e	artifact	Ursula pressure and Mack pressure	canon/canonical_story_tree/all_25_books_latest_full_cycle.txt|canon/canonical_story_tree/books/Book_17_Black_Heart_Scar/book_content.txt	cello	timeline|relationships|scenes|quests|world	implemented_reference_map	reference_extracted_pending_domain_review
WDM-ARTIFACT-5d53bab64955	artifact	almost overlap without fully becoming	canon/canonical_story_tree/all_25_books_latest_full_cycle.txt|canon/canonical_story_tree/books/Book_17_Black_Heart_Scar/book_content.txt	cello	timeline|relationships|scenes|quests|world	implemented_reference_map	reference_extracted_pending_domain_review
WDM-ARTIFACT-3139351b95fd	artifact	no mapped beats yet	canon/canonical_story_tree/all_25_books_latest_full_cycle.txt|canon/canonical_story_tree/books/Book_20_The_Beforemath/book_content.txt|canon/canonical_story_tree/books/Book_21_The_Final_Descent/book_content.txt|canon/canonical_story_tree/books/Book_22_The_Last_Open_Gate/book_content.txt|canon/canonical_story_tree/books/Book_23_The_Final_Resonance/book_content.txt|canon/canonical_story_tree/books/Book_24_Born_To_Die/book_content.txt	cello	timeline|relationships|scenes|quests|world	implemented_reference_map	reference_extracted_pending_domain_review
WDM-ARTIFACT-1ee419a8b0bf	artifact	B20	canon/canonical_story_tree/all_25_books_latest_full_cycle.txt|canon/canonical_story_tree/books/Book_20_The_Beforemath/book_content.txt	cello	timeline|relationships|scenes|quests|world	implemented_reference_map	reference_extracted_pending_domain_review
WDM-ARTIFACT-efc73cbe80c9	artifact	Stone	canon/canonical_story_tree/all_25_books_latest_full_cycle.txt|canon/canonical_story_tree/books/Book_20_The_Beforemath/book_content.txt|canon/canonical_story_tree/books/Book_23_The_Final_Resonance/book_content.txt	cello	timeline|relationships|scenes|quests|world	implemented_reference_map	reference_extracted_pending_domain_review
WDM-ARTIFACT-348eea740114	artifact	Reflection	canon/canonical_story_tree/all_25_books_latest_full_cycle.txt|canon/canonical_story_tree/books/Book_20_The_Beforemath/book_content.txt	cello	timeline|relationships|scenes|quests|world	implemented_reference_map	reference_extracted_pending_domain_review
WDM-ARTIFACT-1436b7b934b7	artifact	Return	canon/canonical_story_tree/all_25_books_latest_full_cycle.txt|canon/canonical_story_tree/books/Book_20_The_Beforemath/book_content.txt|canon/canonical_story_tree/books/Book_21_The_Final_Descent/book_content.txt|canon/canonical_story_tree/books/Book_24_Born_To_Die/book_content.txt|canon/canonical_story_tree/books/Book_25_Death_Is_Rebirth/book_content.txt	cello	timeline|relationships|scenes|quests|world	implemented_reference_map	reference_extracted_pending_domain_review
WDM-ARTIFACT-1bd6aa822bb0	artifact	The Beforemath Scene Spine	canon/canonical_story_tree/all_25_books_latest_full_cycle.txt|canon/canonical_story_tree/books/Book_20_The_Beforemath/book_content.txt	cello	timeline|relationships|scenes|quests|world	implemented_reference_map	reference_extracted_pending_domain_review
WDM-ARTIFACT-d3858bb60915	artifact	blood	canon/canonical_story_tree/all_25_books_latest_full_cycle.txt|canon/canonical_story_tree/books/Book_20_The_Beforemath/book_content.txt|canon/canonical_story_tree/books/Book_21_The_Final_Descent/book_content.txt|canon/canonical_story_tree/books/Book_22_The_Last_Open_Gate/book_content.txt|canon/canonical_story_tree/books/Book_23_The_Final_Resonance/book_content.txt|canon/canonical_story_tree/books/Book_24_Born_To_Die/book_content.txt|canon/canonical_story_tree/books/Book_25_Death_Is_Rebirth/book_content.txt	cello	timeline|relationships|scenes|quests|world	implemented_reference_map	reference_extracted_pending_domain_review
WDM-ARTIFACT-21ac3b4c51e7	artifact	cello	canon/canonical_story_tree/all_25_books_latest_full_cycle.txt|canon/canonical_story_tree/books/Book_20_The_Beforemath/book_content.txt|canon/canonical_story_tree/books/Book_21_The_Final_Descent/book_content.txt|canon/canonical_story_tree/books/Book_22_The_Last_Open_Gate/book_content.txt|canon/canonical_story_tree/books/Book_23_The_Final_Resonance/book_content.txt|canon/canonical_story_tree/books/Book_24_Born_To_Die/book_content.txt|canon/canonical_story_tree/books/Book_25_Death_Is_Rebirth/book_content.txt	cello	timeline|relationships|scenes|quests|world	implemented_reference_map	reference_extracted_pending_domain_review
WDM-ARTIFACT-2eb952f198d0	artifact	escalation	canon/canonical_story_tree/all_25_books_latest_full_cycle.txt|canon/canonical_story_tree/books/Book_20_The_Beforemath/book_content.txt|canon/canonical_story_tree/books/Book_21_The_Final_Descent/book_content.txt|canon/canonical_story_tree/books/Book_22_The_Last_Open_Gate/book_content.txt|canon/canonical_story_tree/books/Book_23_The_Final_Resonance/book_content.txt|canon/canonical_story_tree/books/Book_24_Born_To_Die/book_content.txt|canon/canonical_story_tree/books/Book_25_Death_Is_Rebirth/book_content.txt	cello	timeline|relationships|scenes|quests|world	implemented_reference_map	reference_extracted_pending_domain_review
WDM-ARTIFACT-a76055bdc5d0	artifact	The Beforemath	canon/canonical_story_tree/all_25_books_latest_full_cycle.txt|canon/canonical_story_tree/books/Book_20_The_Beforemath/book_content.txt	cello	timeline|relationships|scenes|quests|world	implemented_reference_map	reference_extracted_pending_domain_review
WDM-ARTIFACT-700c3df508a6	artifact	"Blood Cello Escalation

Status"	canon/canonical_story_tree/all_25_books_latest_full_cycle.txt|canon/canonical_story_tree/books/Book_20_The_Beforemath/book_content.txt|canon/canonical_story_tree/books/Book_21_The_Final_Descent/book_content.txt|canon/canonical_story_tree/books/Book_22_The_Last_Open_Gate/book_content.txt|canon/canonical_story_tree/books/Book_23_The_Final_Resonance/book_content.txt|canon/canonical_story_tree/books/Book_24_Born_To_Die/book_content.txt	cello	timeline|relationships|scenes|quests|world	implemented_reference_map	reference_extracted_pending_domain_review
WDM-ARTIFACT-75caaaaf29e9	artifact	"provisional working draft  
Authority"	canon/canonical_story_tree/all_25_books_latest_full_cycle.txt|canon/canonical_story_tree/books/Book_20_The_Beforemath/book_content.txt|canon/canonical_story_tree/books/Book_21_The_Final_Descent/book_content.txt|canon/canonical_story_tree/books/Book_22_The_Last_Open_Gate/book_content.txt|canon/canonical_story_tree/books/Book_23_The_Final_Resonance/book_content.txt|canon/canonical_story_tree/books/Book_24_Born_To_Die/book_content.txt|canon/canonical_story_tree/books/Book_25_Death_Is_Rebirth/book_content.txt	cello	timeline|relationships|scenes|quests|world	implemented_reference_map	reference_extracted_pending_domain_review
WDM-ARTIFACT-8707e2417f82	artifact	best-fit inferred escalation	canon/canonical_story_tree/all_25_books_latest_full_cycle.txt|canon/canonical_story_tree/books/Book_20_The_Beforemath/book_content.txt|canon/canonical_story_tree/books/Book_21_The_Final_Descent/book_content.txt|canon/canonical_story_tree/books/Book_22_The_Last_Open_Gate/book_content.txt|canon/canonical_story_tree/books/Book_23_The_Final_Resonance/book_content.txt|canon/canonical_story_tree/books/Book_24_Born_To_Die/book_content.txt	cello	timeline|relationships|scenes|quests|world	implemented_reference_map	reference_extracted_pending_domain_review
WDM-ARTIFACT-393a849dcb13	artifact	"Current late-book structural need
Make"	canon/canonical_story_tree/all_25_books_latest_full_cycle.txt|canon/canonical_story_tree/books/Book_20_The_Beforemath/book_content.txt	cello	timeline|relationships|scenes|quests|world	implemented_reference_map	reference_extracted_pending_domain_review
WDM-ARTIFACT-dc6ba0c3965a	artifact	wake logic visible before final	canon/canonical_story_tree/all_25_books_latest_full_cycle.txt|canon/canonical_story_tree/books/Book_20_The_Beforemath/book_content.txt	cello	timeline|relationships|scenes|quests|world	implemented_reference_map	reference_extracted_pending_domain_review
WDM-ARTIFACT-f663b7e8d420	artifact	deaths are paid off	canon/canonical_story_tree/all_25_books_latest_full_cycle.txt|canon/canonical_story_tree/books/Book_20_The_Beforemath/book_content.txt	cello	timeline|relationships|scenes|quests|world	implemented_reference_map	reference_extracted_pending_domain_review
WDM-ARTIFACT-57b5d536342e	artifact	Clarify who is carrying future	canon/canonical_story_tree/all_25_books_latest_full_cycle.txt|canon/canonical_story_tree/books/Book_20_The_Beforemath/book_content.txt	cello	timeline|relationships|scenes|quests|world	implemented_reference_map	reference_extracted_pending_domain_review
WDM-ARTIFACT-5d23e324c65c	artifact	wake pressure without spending trigger	canon/canonical_story_tree/all_25_books_latest_full_cycle.txt|canon/canonical_story_tree/books/Book_20_The_Beforemath/book_content.txt	cello	timeline|relationships|scenes|quests|world	implemented_reference_map	reference_extracted_pending_domain_review
WDM-ARTIFACT-75229c07fa14	artifact	deaths yet	canon/canonical_story_tree/all_25_books_latest_full_cycle.txt|canon/canonical_story_tree/books/Book_20_The_Beforemath/book_content.txt	cello	timeline|relationships|scenes|quests|world	implemented_reference_map	reference_extracted_pending_domain_review
WDM-ARTIFACT-d0ec9ff47df4	artifact	Villain downfall candidate	canon/canonical_story_tree/all_25_books_latest_full_cycle.txt|canon/canonical_story_tree/books/Book_20_The_Beforemath/book_content.txt	cello	timeline|relationships|scenes|quests|world	implemented_reference_map	reference_extracted_pending_domain_review
WDM-ARTIFACT-e952c6efba3d	artifact	villain confronted by the emotional	canon/canonical_story_tree/all_25_books_latest_full_cycle.txt|canon/canonical_story_tree/books/Book_20_The_Beforemath/book_content.txt	cello	timeline|relationships|scenes|quests|world	implemented_reference_map	reference_extracted_pending_domain_review
WDM-ARTIFACT-7036d0b8d255	artifact	cost of what they made	canon/canonical_story_tree/all_25_books_latest_full_cycle.txt|canon/canonical_story_tree/books/Book_20_The_Beforemath/book_content.txt	cello	timeline|relationships|scenes|quests|world	implemented_reference_map	reference_extracted_pending_domain_review
WDM-ARTIFACT-c882c15b33f3	artifact	common	canon/canonical_story_tree/all_25_books_latest_full_cycle.txt|canon/canonical_story_tree/books/Book_20_The_Beforemath/book_content.txt	cello	timeline|relationships|scenes|quests|world	implemented_reference_map	reference_extracted_pending_domain_review
WDM-ARTIFACT-65c0c8f80e68	artifact	"Blood Cello setup consequence
This"	canon/canonical_story_tree/all_25_books_latest_full_cycle.txt|canon/canonical_story_tree/books/Book_20_The_Beforemath/book_content.txt	cello	timeline|relationships|scenes|quests|world	implemented_reference_map	reference_extracted_pending_domain_review
WDM-ARTIFACT-9d158c9f00f5	artifact	book teaches the reader how	canon/canonical_story_tree/all_25_books_latest_full_cycle.txt|canon/canonical_story_tree/books/Book_20_The_Beforemath/book_content.txt	cello	timeline|relationships|scenes|quests|world	implemented_reference_map	reference_extracted_pending_domain_review
WDM-ARTIFACT-6d79acab50fc	artifact	death meaning works before resurrection	canon/canonical_story_tree/all_25_books_latest_full_cycle.txt|canon/canonical_story_tree/books/Book_20_The_Beforemath/book_content.txt	cello	timeline|relationships|scenes|quests|world	implemented_reference_map	reference_extracted_pending_domain_review
WDM-ARTIFACT-4ba31e90bdd1	artifact	answers it	canon/canonical_story_tree/all_25_books_latest_full_cycle.txt|canon/canonical_story_tree/books/Book_20_The_Beforemath/book_content.txt	cello	timeline|relationships|scenes|quests|world	implemented_reference_map	reference_extracted_pending_domain_review
WDM-ARTIFACT-69f250ca20ad	artifact	candidate escalations	canon/canonical_story_tree/all_25_books_latest_full_cycle.txt|canon/canonical_story_tree/books/Book_20_The_Beforemath/book_content.txt|canon/canonical_story_tree/books/Book_21_The_Final_Descent/book_content.txt|canon/canonical_story_tree/books/Book_22_The_Last_Open_Gate/book_content.txt|canon/canonical_story_tree/books/Book_23_The_Final_Resonance/book_content.txt|canon/canonical_story_tree/books/Book_24_Born_To_Die/book_content.txt	cello	timeline|relationships|scenes|quests|world	implemented_reference_map	reference_extracted_pending_domain_review
WDM-ARTIFACT-2e526a97e1f1	artifact	Wake-field manifestation scene	canon/canonical_story_tree/all_25_books_latest_full_cycle.txt|canon/canonical_story_tree/books/Book_20_The_Beforemath/book_content.txt	cello	timeline|relationships|scenes|quests|world	implemented_reference_map	reference_extracted_pending_domain_review
WDM-ARTIFACT-26552a941242	artifact	Premature memorial ceremony interrupted by	canon/canonical_story_tree/all_25_books_latest_full_cycle.txt|canon/canonical_story_tree/books/Book_20_The_Beforemath/book_content.txt	cello	timeline|relationships|scenes|quests|world	implemented_reference_map	reference_extracted_pending_domain_review
WDM-ARTIFACT-216f5afd114e	artifact	Boojay	canon/canonical_story_tree/all_25_books_latest_full_cycle.txt|canon/canonical_story_tree/books/Book_20_The_Beforemath/book_content.txt|canon/canonical_story_tree/books/Book_24_Born_To_Die/book_content.txt	cello	timeline|relationships|scenes|quests|world	implemented_reference_map	reference_extracted_pending_domain_review
WDM-ARTIFACT-1f8ea9786cbf	artifact	Rylos damaged witness scene	canon/canonical_story_tree/all_25_books_latest_full_cycle.txt|canon/canonical_story_tree/books/Book_20_The_Beforemath/book_content.txt	cello	timeline|relationships|scenes|quests|world	implemented_reference_map	reference_extracted_pending_domain_review
WDM-ARTIFACT-c0735864924e	artifact	Ursula inheritance-pressure scene	canon/canonical_story_tree/all_25_books_latest_full_cycle.txt|canon/canonical_story_tree/books/Book_20_The_Beforemath/book_content.txt	cello	timeline|relationships|scenes|quests|world	implemented_reference_map	reference_extracted_pending_domain_review
WDM-ARTIFACT-b8b63d3ab2a4	artifact	Xethrolund quiet care amid mass	canon/canonical_story_tree/all_25_books_latest_full_cycle.txt|canon/canonical_story_tree/books/Book_20_The_Beforemath/book_content.txt	cello	timeline|relationships|scenes|quests|world	implemented_reference_map	reference_extracted_pending_domain_review
WDM-ARTIFACT-e4393afcab9f	artifact	grief	canon/canonical_story_tree/all_25_books_latest_full_cycle.txt|canon/canonical_story_tree/books/Book_20_The_Beforemath/book_content.txt	cello	timeline|relationships|scenes|quests|world	implemented_reference_map	reference_extracted_pending_domain_review
WDM-ARTIFACT-ee02e268944f	artifact	Nieth-weave causes future-loss echoes	canon/canonical_story_tree/all_25_books_latest_full_cycle.txt|canon/canonical_story_tree/books/Book_20_The_Beforemath/book_content.txt	cello	timeline|relationships|scenes|quests|world	implemented_reference_map	reference_extracted_pending_domain_review
WDM-ARTIFACT-12daa865b233	artifact	Party realizes Blood Cello is	canon/canonical_story_tree/all_25_books_latest_full_cycle.txt|canon/canonical_story_tree/books/Book_20_The_Beforemath/book_content.txt|canon/canonical_story_tree/books/Book_23_The_Final_Resonance/book_content.txt	cello	timeline|relationships|scenes|quests|world	implemented_reference_map	reference_extracted_pending_domain_review
WDM-ARTIFACT-0900be114b47	artifact	not metaphor	canon/canonical_story_tree/all_25_books_latest_full_cycle.txt|canon/canonical_story_tree/books/Book_20_The_Beforemath/book_content.txt	cello	timeline|relationships|scenes|quests|world	implemented_reference_map	reference_extracted_pending_domain_review
WDM-ARTIFACT-9464e35a31e3	artifact	score table	canon/canonical_story_tree/all_25_books_latest_full_cycle.txt|canon/canonical_story_tree/books/Book_20_The_Beforemath/book_content.txt|canon/canonical_story_tree/books/Book_23_The_Final_Resonance/book_content.txt	cello	timeline|relationships|scenes|quests|world	implemented_reference_map	reference_extracted_pending_domain_review
WDM-ARTIFACT-e07d860200b8	artifact	"winning escalation
Nieth-weave creates future-loss"	canon/canonical_story_tree/all_25_books_latest_full_cycle.txt|canon/canonical_story_tree/books/Book_20_The_Beforemath/book_content.txt	cello	timeline|relationships|scenes|quests|world	implemented_reference_map	reference_extracted_pending_domain_review
WDM-ARTIFACT-4f75cb879495	artifact	wake echoes that manifest around	canon/canonical_story_tree/all_25_books_latest_full_cycle.txt|canon/canonical_story_tree/books/Book_20_The_Beforemath/book_content.txt	cello	timeline|relationships|scenes|quests|world	implemented_reference_map	reference_extracted_pending_domain_review
WDM-ARTIFACT-992857f2f3b2	artifact	important support line	canon/canonical_story_tree/all_25_books_latest_full_cycle.txt|canon/canonical_story_tree/books/Book_20_The_Beforemath/book_content.txt	cello	timeline|relationships|scenes|quests|world	implemented_reference_map	reference_extracted_pending_domain_review
WDM-ARTIFACT-addeb1acb8bc	artifact	needed but not central	canon/canonical_story_tree/all_25_books_latest_full_cycle.txt|canon/canonical_story_tree/books/Book_20_The_Beforemath/book_content.txt	cello	timeline|relationships|scenes|quests|world	implemented_reference_map	reference_extracted_pending_domain_review
WDM-ARTIFACT-3a1f001e7fec	artifact	too quiet as primary	canon/canonical_story_tree/all_25_books_latest_full_cycle.txt|canon/canonical_story_tree/books/Book_20_The_Beforemath/book_content.txt	cello	timeline|relationships|scenes|quests|world	implemented_reference_map	reference_extracted_pending_domain_review
WDM-ARTIFACT-b96f8ae0e4a8	artifact	but better as downstream effect	canon/canonical_story_tree/all_25_books_latest_full_cycle.txt|canon/canonical_story_tree/books/Book_20_The_Beforemath/book_content.txt	cello	timeline|relationships|scenes|quests|world	implemented_reference_map	reference_extracted_pending_domain_review
WDM-ARTIFACT-ca245d32a624	artifact	downstream consequence into later books	canon/canonical_story_tree/all_25_books_latest_full_cycle.txt|canon/canonical_story_tree/books/Book_20_The_Beforemath/book_content.txt|canon/canonical_story_tree/books/Book_21_The_Final_Descent/book_content.txt|canon/canonical_story_tree/books/Book_22_The_Last_Open_Gate/book_content.txt|canon/canonical_story_tree/books/Book_23_The_Final_Resonance/book_content.txt|canon/canonical_story_tree/books/Book_24_Born_To_Die/book_content.txt|canon/canonical_story_tree/books/Book_25_Death_Is_Rebirth/book_content.txt	cello	timeline|relationships|scenes|quests|world	implemented_reference_map	reference_extracted_pending_domain_review
WDM-ARTIFACT-41292ef228a1	artifact	"Blood Cello
The reader now"	canon/canonical_story_tree/all_25_books_latest_full_cycle.txt|canon/canonical_story_tree/books/Book_20_The_Beforemath/book_content.txt	cello	timeline|relationships|scenes|quests|world	implemented_reference_map	reference_extracted_pending_domain_review
WDM-ARTIFACT-d67fbc68a564	artifact	feels return as answer rather	canon/canonical_story_tree/all_25_books_latest_full_cycle.txt|canon/canonical_story_tree/books/Book_20_The_Beforemath/book_content.txt	cello	timeline|relationships|scenes|quests|world	implemented_reference_map	reference_extracted_pending_domain_review
WDM-ARTIFACT-982daa470d4c	artifact	than convenience	canon/canonical_story_tree/all_25_books_latest_full_cycle.txt|canon/canonical_story_tree/books/Book_20_The_Beforemath/book_content.txt	cello	timeline|relationships|scenes|quests|world	implemented_reference_map	reference_extracted_pending_domain_review
WDM-ARTIFACT-1cba93fc539a	artifact	exact source surfaces consulted	canon/canonical_story_tree/all_25_books_latest_full_cycle.txt|canon/canonical_story_tree/books/Book_20_The_Beforemath/book_content.txt|canon/canonical_story_tree/books/Book_21_The_Final_Descent/book_content.txt|canon/canonical_story_tree/books/Book_22_The_Last_Open_Gate/book_content.txt|canon/canonical_story_tree/books/Book_23_The_Final_Resonance/book_content.txt|canon/canonical_story_tree/books/Book_24_Born_To_Die/book_content.txt	cello	timeline|relationships|scenes|quests|world	implemented_reference_map	reference_extracted_pending_domain_review
WDM-ARTIFACT-37842fd9ff29	artifact	saved Codex prompt	canon/canonical_story_tree/all_25_books_latest_full_cycle.txt|canon/canonical_story_tree/books/Book_20_The_Beforemath/book_content.txt|canon/canonical_story_tree/books/Book_21_The_Final_Descent/book_content.txt|canon/canonical_story_tree/books/Book_22_The_Last_Open_Gate/book_content.txt|canon/canonical_story_tree/books/Book_23_The_Final_Resonance/book_content.txt|canon/canonical_story_tree/books/Book_24_Born_To_Die/book_content.txt	cello	timeline|relationships|scenes|quests|world	implemented_reference_map	reference_extracted_pending_domain_review
WDM-ARTIFACT-c4c1c6e9f68a	artifact	arc coverage report	canon/canonical_story_tree/all_25_books_latest_full_cycle.txt|canon/canonical_story_tree/books/Book_20_The_Beforemath/book_content.txt|canon/canonical_story_tree/books/Book_21_The_Final_Descent/book_content.txt|canon/canonical_story_tree/books/Book_22_The_Last_Open_Gate/book_content.txt|canon/canonical_story_tree/books/Book_23_The_Final_Resonance/book_content.txt	cello	timeline|relationships|scenes|quests|world	implemented_reference_map	reference_extracted_pending_domain_review
WDM-ARTIFACT-498f8de58f6b	artifact	"Rebirth Framework

Status"	canon/canonical_story_tree/all_25_books_latest_full_cycle.txt|canon/canonical_story_tree/books/Book_20_The_Beforemath/book_content.txt|canon/canonical_story_tree/books/Book_21_The_Final_Descent/book_content.txt|canon/canonical_story_tree/books/Book_22_The_Last_Open_Gate/book_content.txt|canon/canonical_story_tree/books/Book_23_The_Final_Resonance/book_content.txt|canon/canonical_story_tree/books/Book_24_Born_To_Die/book_content.txt	cello	timeline|relationships|scenes|quests|world	implemented_reference_map	reference_extracted_pending_domain_review
WDM-ARTIFACT-d57c08b7e5b5	artifact	best-fit inferred framework	canon/canonical_story_tree/all_25_books_latest_full_cycle.txt|canon/canonical_story_tree/books/Book_20_The_Beforemath/book_content.txt|canon/canonical_story_tree/books/Book_21_The_Final_Descent/book_content.txt|canon/canonical_story_tree/books/Book_22_The_Last_Open_Gate/book_content.txt|canon/canonical_story_tree/books/Book_23_The_Final_Resonance/book_content.txt|canon/canonical_story_tree/books/Book_24_Born_To_Die/book_content.txt	cello	timeline|relationships|scenes|quests|world	implemented_reference_map	reference_extracted_pending_domain_review
WDM-ARTIFACT-2cdcec5dc42e	artifact	"Current structural need
This book"	canon/canonical_story_tree/all_25_books_latest_full_cycle.txt|canon/canonical_story_tree/books/Book_20_The_Beforemath/book_content.txt|canon/canonical_story_tree/books/Book_21_The_Final_Descent/book_content.txt|canon/canonical_story_tree/books/Book_22_The_Last_Open_Gate/book_content.txt|canon/canonical_story_tree/books/Book_23_The_Final_Resonance/book_content.txt|canon/canonical_story_tree/books/Book_24_Born_To_Die/book_content.txt	cello	timeline|relationships|scenes|quests|world	implemented_reference_map	reference_extracted_pending_domain_review
WDM-ARTIFACT-4a1145d62ad8	artifact	must make death mean something	canon/canonical_story_tree/all_25_books_latest_full_cycle.txt|canon/canonical_story_tree/books/Book_20_The_Beforemath/book_content.txt|canon/canonical_story_tree/books/Book_21_The_Final_Descent/book_content.txt|canon/canonical_story_tree/books/Book_22_The_Last_Open_Gate/book_content.txt|canon/canonical_story_tree/books/Book_23_The_Final_Resonance/book_content.txt|canon/canonical_story_tree/books/Book_24_Born_To_Die/book_content.txt	cello	timeline|relationships|scenes|quests|world	implemented_reference_map	reference_extracted_pending_domain_review
WDM-ARTIFACT-0f0530bb1eaf	artifact	specific and prepare Blood Cello	canon/canonical_story_tree/all_25_books_latest_full_cycle.txt|canon/canonical_story_tree/books/Book_20_The_Beforemath/book_content.txt|canon/canonical_story_tree/books/Book_21_The_Final_Descent/book_content.txt|canon/canonical_story_tree/books/Book_22_The_Last_Open_Gate/book_content.txt|canon/canonical_story_tree/books/Book_23_The_Final_Resonance/book_content.txt|canon/canonical_story_tree/books/Book_24_Born_To_Die/book_content.txt	cello	timeline|relationships|scenes|quests|world	implemented_reference_map	reference_extracted_pending_domain_review
WDM-ARTIFACT-f9155bddec05	artifact	return to answer that meaning	canon/canonical_story_tree/all_25_books_latest_full_cycle.txt|canon/canonical_story_tree/books/Book_20_The_Beforemath/book_content.txt|canon/canonical_story_tree/books/Book_21_The_Final_Descent/book_content.txt|canon/canonical_story_tree/books/Book_22_The_Last_Open_Gate/book_content.txt|canon/canonical_story_tree/books/Book_23_The_Final_Resonance/book_content.txt|canon/canonical_story_tree/books/Book_24_Born_To_Die/book_content.txt	cello	timeline|relationships|scenes|quests|world	implemented_reference_map	reference_extracted_pending_domain_review
WDM-ARTIFACT-ca71876e24e7	artifact	rather than erase it	canon/canonical_story_tree/all_25_books_latest_full_cycle.txt|canon/canonical_story_tree/books/Book_20_The_Beforemath/book_content.txt|canon/canonical_story_tree/books/Book_21_The_Final_Descent/book_content.txt|canon/canonical_story_tree/books/Book_22_The_Last_Open_Gate/book_content.txt|canon/canonical_story_tree/books/Book_23_The_Final_Resonance/book_content.txt|canon/canonical_story_tree/books/Book_24_Born_To_Die/book_content.txt	cello	timeline|relationships|scenes|quests|world	implemented_reference_map	reference_extracted_pending_domain_review
WDM-ARTIFACT-da9e88048b41	artifact	Good	canon/canonical_story_tree/all_25_books_latest_full_cycle.txt|canon/canonical_story_tree/books/Book_20_The_Beforemath/book_content.txt|canon/canonical_story_tree/books/Book_21_The_Final_Descent/book_content.txt|canon/canonical_story_tree/books/Book_22_The_Last_Open_Gate/book_content.txt|canon/canonical_story_tree/books/Book_23_The_Final_Resonance/book_content.txt|canon/canonical_story_tree/books/Book_24_Born_To_Die/book_content.txt	cello	timeline|relationships|scenes|quests|world	implemented_reference_map	reference_extracted_pending_domain_review
WDM-ARTIFACT-1ba5920425be	artifact	beloved deaths in this book	canon/canonical_story_tree/all_25_books_latest_full_cycle.txt|canon/canonical_story_tree/books/Book_20_The_Beforemath/book_content.txt|canon/canonical_story_tree/books/Book_21_The_Final_Descent/book_content.txt|canon/canonical_story_tree/books/Book_22_The_Last_Open_Gate/book_content.txt|canon/canonical_story_tree/books/Book_23_The_Final_Resonance/book_content.txt|canon/canonical_story_tree/books/Book_24_Born_To_Die/book_content.txt	cello	timeline|relationships|scenes|quests|world	implemented_reference_map	reference_extracted_pending_domain_review
WDM-ARTIFACT-918e0025bae9	artifact	should clarify	canon/canonical_story_tree/all_25_books_latest_full_cycle.txt|canon/canonical_story_tree/books/Book_20_The_Beforemath/book_content.txt|canon/canonical_story_tree/books/Book_21_The_Final_Descent/book_content.txt|canon/canonical_story_tree/books/Book_22_The_Last_Open_Gate/book_content.txt|canon/canonical_story_tree/books/Book_23_The_Final_Resonance/book_content.txt|canon/canonical_story_tree/books/Book_24_Born_To_Die/book_content.txt	cello	timeline|relationships|scenes|quests|world	implemented_reference_map	reference_extracted_pending_domain_review
WDM-ARTIFACT-1b44f5268dcc	artifact	what was being saved	canon/canonical_story_tree/all_25_books_latest_full_cycle.txt|canon/canonical_story_tree/books/Book_20_The_Beforemath/book_content.txt|canon/canonical_story_tree/books/Book_21_The_Final_Descent/book_content.txt|canon/canonical_story_tree/books/Book_22_The_Last_Open_Gate/book_content.txt|canon/canonical_story_tree/books/Book_23_The_Final_Resonance/book_content.txt|canon/canonical_story_tree/books/Book_24_Born_To_Die/book_content.txt	cello	timeline|relationships|scenes|quests|world	implemented_reference_map	reference_extracted_pending_domain_review
WDM-ARTIFACT-6d54d93113f2	artifact	why that saving mattered	canon/canonical_story_tree/all_25_books_latest_full_cycle.txt|canon/canonical_story_tree/books/Book_20_The_Beforemath/book_content.txt|canon/canonical_story_tree/books/Book_21_The_Final_Descent/book_content.txt|canon/canonical_story_tree/books/Book_22_The_Last_Open_Gate/book_content.txt|canon/canonical_story_tree/books/Book_23_The_Final_Resonance/book_content.txt|canon/canonical_story_tree/books/Book_24_Born_To_Die/book_content.txt	cello	timeline|relationships|scenes|quests|world	implemented_reference_map	reference_extracted_pending_domain_review
WDM-ARTIFACT-03b996617743	artifact	who inherits the consequence	canon/canonical_story_tree/all_25_books_latest_full_cycle.txt|canon/canonical_story_tree/books/Book_20_The_Beforemath/book_content.txt|canon/canonical_story_tree/books/Book_21_The_Final_Descent/book_content.txt|canon/canonical_story_tree/books/Book_22_The_Last_Open_Gate/book_content.txt|canon/canonical_story_tree/books/Book_23_The_Final_Resonance/book_content.txt|canon/canonical_story_tree/books/Book_24_Born_To_Die/book_content.txt	cello	timeline|relationships|scenes|quests|world	implemented_reference_map	reference_extracted_pending_domain_review
WDM-ARTIFACT-f33995d16e41	artifact	what emotional and structural hole	canon/canonical_story_tree/all_25_books_latest_full_cycle.txt|canon/canonical_story_tree/books/Book_20_The_Beforemath/book_content.txt|canon/canonical_story_tree/books/Book_21_The_Final_Descent/book_content.txt|canon/canonical_story_tree/books/Book_22_The_Last_Open_Gate/book_content.txt|canon/canonical_story_tree/books/Book_23_The_Final_Resonance/book_content.txt|canon/canonical_story_tree/books/Book_24_Born_To_Die/book_content.txt	cello	timeline|relationships|scenes|quests|world	implemented_reference_map	reference_extracted_pending_domain_review
WDM-ARTIFACT-dec5a0bb7b27	artifact	is left behind	canon/canonical_story_tree/all_25_books_latest_full_cycle.txt|canon/canonical_story_tree/books/Book_20_The_Beforemath/book_content.txt|canon/canonical_story_tree/books/Book_21_The_Final_Descent/book_content.txt|canon/canonical_story_tree/books/Book_22_The_Last_Open_Gate/book_content.txt|canon/canonical_story_tree/books/Book_23_The_Final_Resonance/book_content.txt|canon/canonical_story_tree/books/Book_24_Born_To_Die/book_content.txt	cello	timeline|relationships|scenes|quests|world	implemented_reference_map	reference_extracted_pending_domain_review
WDM-ARTIFACT-bb04108ee968	artifact	what kind of rebirth answer	canon/canonical_story_tree/all_25_books_latest_full_cycle.txt|canon/canonical_story_tree/books/Book_20_The_Beforemath/book_content.txt|canon/canonical_story_tree/books/Book_21_The_Final_Descent/book_content.txt|canon/canonical_story_tree/books/Book_22_The_Last_Open_Gate/book_content.txt|canon/canonical_story_tree/books/Book_23_The_Final_Resonance/book_content.txt|canon/canonical_story_tree/books/Book_24_Born_To_Die/book_content.txt|canon/canonical_story_tree/books/Book_25_Death_Is_Rebirth/book_content.txt	cello	timeline|relationships|scenes|quests|world	implemented_reference_map	reference_extracted_pending_domain_review
WDM-ARTIFACT-c1316a0283f0	artifact	Blood Cello should eventually provide	canon/canonical_story_tree/all_25_books_latest_full_cycle.txt|canon/canonical_story_tree/books/Book_20_The_Beforemath/book_content.txt|canon/canonical_story_tree/books/Book_21_The_Final_Descent/book_content.txt|canon/canonical_story_tree/books/Book_22_The_Last_Open_Gate/book_content.txt|canon/canonical_story_tree/books/Book_23_The_Final_Resonance/book_content.txt|canon/canonical_story_tree/books/Book_24_Born_To_Die/book_content.txt|canon/canonical_story_tree/books/Book_25_Death_Is_Rebirth/book_content.txt	cello	timeline|relationships|scenes|quests|world	implemented_reference_map	reference_extracted_pending_domain_review
WDM-ARTIFACT-230363f07724	artifact	Bad	canon/canonical_story_tree/all_25_books_latest_full_cycle.txt|canon/canonical_story_tree/books/Book_20_The_Beforemath/book_content.txt|canon/canonical_story_tree/books/Book_21_The_Final_Descent/book_content.txt|canon/canonical_story_tree/books/Book_22_The_Last_Open_Gate/book_content.txt|canon/canonical_story_tree/books/Book_23_The_Final_Resonance/book_content.txt|canon/canonical_story_tree/books/Book_24_Born_To_Die/book_content.txt	cello	timeline|relationships|scenes|quests|world	implemented_reference_map	reference_extracted_pending_domain_review
WDM-ARTIFACT-841bd097c891	artifact	villainous deaths in this book	canon/canonical_story_tree/all_25_books_latest_full_cycle.txt|canon/canonical_story_tree/books/Book_20_The_Beforemath/book_content.txt|canon/canonical_story_tree/books/Book_21_The_Final_Descent/book_content.txt|canon/canonical_story_tree/books/Book_22_The_Last_Open_Gate/book_content.txt|canon/canonical_story_tree/books/Book_23_The_Final_Resonance/book_content.txt|canon/canonical_story_tree/books/Book_24_Born_To_Die/book_content.txt	cello	timeline|relationships|scenes|quests|world	implemented_reference_map	reference_extracted_pending_domain_review
WDM-ARTIFACT-b5b4a0d776e8	artifact	what was learned too late	canon/canonical_story_tree/all_25_books_latest_full_cycle.txt|canon/canonical_story_tree/books/Book_20_The_Beforemath/book_content.txt|canon/canonical_story_tree/books/Book_21_The_Final_Descent/book_content.txt|canon/canonical_story_tree/books/Book_22_The_Last_Open_Gate/book_content.txt|canon/canonical_story_tree/books/Book_23_The_Final_Resonance/book_content.txt|canon/canonical_story_tree/books/Book_24_Born_To_Die/book_content.txt	cello	timeline|relationships|scenes|quests|world	implemented_reference_map	reference_extracted_pending_domain_review
WDM-ARTIFACT-a40429bb4f6c	artifact	what truth or terror they	canon/canonical_story_tree/all_25_books_latest_full_cycle.txt|canon/canonical_story_tree/books/Book_20_The_Beforemath/book_content.txt|canon/canonical_story_tree/books/Book_21_The_Final_Descent/book_content.txt|canon/canonical_story_tree/books/Book_22_The_Last_Open_Gate/book_content.txt|canon/canonical_story_tree/books/Book_23_The_Final_Resonance/book_content.txt|canon/canonical_story_tree/books/Book_24_Born_To_Die/book_content.txt	cello	timeline|relationships|scenes|quests|world	implemented_reference_map	reference_extracted_pending_domain_review
WDM-ARTIFACT-580ea7df54a6	artifact	died with	canon/canonical_story_tree/all_25_books_latest_full_cycle.txt|canon/canonical_story_tree/books/Book_20_The_Beforemath/book_content.txt|canon/canonical_story_tree/books/Book_21_The_Final_Descent/book_content.txt|canon/canonical_story_tree/books/Book_22_The_Last_Open_Gate/book_content.txt|canon/canonical_story_tree/books/Book_23_The_Final_Resonance/book_content.txt|canon/canonical_story_tree/books/Book_24_Born_To_Die/book_content.txt	cello	timeline|relationships|scenes|quests|world	implemented_reference_map	reference_extracted_pending_domain_review
WDM-ARTIFACT-bdafb3aac1e0	artifact	what kind of complicated return	canon/canonical_story_tree/all_25_books_latest_full_cycle.txt|canon/canonical_story_tree/books/Book_20_The_Beforemath/book_content.txt|canon/canonical_story_tree/books/Book_21_The_Final_Descent/book_content.txt|canon/canonical_story_tree/books/Book_22_The_Last_Open_Gate/book_content.txt|canon/canonical_story_tree/books/Book_23_The_Final_Resonance/book_content.txt|canon/canonical_story_tree/books/Book_24_Born_To_Die/book_content.txt|canon/canonical_story_tree/books/Book_25_Death_Is_Rebirth/book_content.txt	cello	timeline|relationships|scenes|quests|world	implemented_reference_map	reference_extracted_pending_domain_review
WDM-ARTIFACT-b242b4a7b086	artifact	Blood Cello should eventually allow	canon/canonical_story_tree/all_25_books_latest_full_cycle.txt|canon/canonical_story_tree/books/Book_20_The_Beforemath/book_content.txt|canon/canonical_story_tree/books/Book_21_The_Final_Descent/book_content.txt|canon/canonical_story_tree/books/Book_22_The_Last_Open_Gate/book_content.txt|canon/canonical_story_tree/books/Book_23_The_Final_Resonance/book_content.txt|canon/canonical_story_tree/books/Book_24_Born_To_Die/book_content.txt|canon/canonical_story_tree/books/Book_25_Death_Is_Rebirth/book_content.txt	cello	timeline|relationships|scenes|quests|world	implemented_reference_map	reference_extracted_pending_domain_review
WDM-ARTIFACT-fb91df520df8	artifact	Wake emphasis	canon/canonical_story_tree/all_25_books_latest_full_cycle.txt|canon/canonical_story_tree/books/Book_20_The_Beforemath/book_content.txt|canon/canonical_story_tree/books/Book_21_The_Final_Descent/book_content.txt|canon/canonical_story_tree/books/Book_22_The_Last_Open_Gate/book_content.txt|canon/canonical_story_tree/books/Book_23_The_Final_Resonance/book_content.txt|canon/canonical_story_tree/books/Book_24_Born_To_Die/book_content.txt|canon/canonical_story_tree/books/Book_25_Death_Is_Rebirth/book_content.txt	cello	timeline|relationships|scenes|quests|world	implemented_reference_map	reference_extracted_pending_domain_review
WDM-ARTIFACT-7140ae1f5f2a	artifact	specific wake over generic sadness	canon/canonical_story_tree/all_25_books_latest_full_cycle.txt|canon/canonical_story_tree/books/Book_20_The_Beforemath/book_content.txt|canon/canonical_story_tree/books/Book_21_The_Final_Descent/book_content.txt|canon/canonical_story_tree/books/Book_22_The_Last_Open_Gate/book_content.txt|canon/canonical_story_tree/books/Book_23_The_Final_Resonance/book_content.txt|canon/canonical_story_tree/books/Book_24_Born_To_Die/book_content.txt|canon/canonical_story_tree/books/Book_25_Death_Is_Rebirth/book_content.txt	cello	timeline|relationships|scenes|quests|world	implemented_reference_map	reference_extracted_pending_domain_review
WDM-ARTIFACT-7a4b1cd93ab5	artifact	structural wake over isolated sentiment	canon/canonical_story_tree/all_25_books_latest_full_cycle.txt|canon/canonical_story_tree/books/Book_20_The_Beforemath/book_content.txt|canon/canonical_story_tree/books/Book_21_The_Final_Descent/book_content.txt|canon/canonical_story_tree/books/Book_22_The_Last_Open_Gate/book_content.txt|canon/canonical_story_tree/books/Book_23_The_Final_Resonance/book_content.txt|canon/canonical_story_tree/books/Book_24_Born_To_Die/book_content.txt|canon/canonical_story_tree/books/Book_25_Death_Is_Rebirth/book_content.txt	cello	timeline|relationships|scenes|quests|world	implemented_reference_map	reference_extracted_pending_domain_review
WDM-ARTIFACT-32cf1422c8b9	artifact	return must answer the wound-form	canon/canonical_story_tree/all_25_books_latest_full_cycle.txt|canon/canonical_story_tree/books/Book_20_The_Beforemath/book_content.txt|canon/canonical_story_tree/books/Book_21_The_Final_Descent/book_content.txt|canon/canonical_story_tree/books/Book_22_The_Last_Open_Gate/book_content.txt|canon/canonical_story_tree/books/Book_23_The_Final_Resonance/book_content.txt|canon/canonical_story_tree/books/Book_24_Born_To_Die/book_content.txt	cello	timeline|relationships|scenes|quests|world	implemented_reference_map	reference_extracted_pending_domain_review
WDM-ARTIFACT-0dd60b8d9434	artifact	this book creates	canon/canonical_story_tree/all_25_books_latest_full_cycle.txt|canon/canonical_story_tree/books/Book_20_The_Beforemath/book_content.txt|canon/canonical_story_tree/books/Book_21_The_Final_Descent/book_content.txt|canon/canonical_story_tree/books/Book_22_The_Last_Open_Gate/book_content.txt|canon/canonical_story_tree/books/Book_23_The_Final_Resonance/book_content.txt|canon/canonical_story_tree/books/Book_24_Born_To_Die/book_content.txt	cello	timeline|relationships|scenes|quests|world	implemented_reference_map	reference_extracted_pending_domain_review
WDM-ARTIFACT-60091cecc71e	artifact	best-fit inferred support-cast assignment	canon/canonical_story_tree/all_25_books_latest_full_cycle.txt|canon/canonical_story_tree/books/Book_20_The_Beforemath/book_content.txt|canon/canonical_story_tree/books/Book_21_The_Final_Descent/book_content.txt|canon/canonical_story_tree/books/Book_22_The_Last_Open_Gate/book_content.txt|canon/canonical_story_tree/books/Book_23_The_Final_Resonance/book_content.txt|canon/canonical_story_tree/books/Book_24_Born_To_Die/book_content.txt|canon/canonical_story_tree/books/Book_25_Death_Is_Rebirth/book_content.txt	cello	timeline|relationships|scenes|quests|world	implemented_reference_map	reference_extracted_pending_domain_review
WDM-ARTIFACT-e27d2c28731d	artifact	"Purpose
Assign named support characters"	canon/canonical_story_tree/all_25_books_latest_full_cycle.txt|canon/canonical_story_tree/books/Book_20_The_Beforemath/book_content.txt|canon/canonical_story_tree/books/Book_21_The_Final_Descent/book_content.txt|canon/canonical_story_tree/books/Book_22_The_Last_Open_Gate/book_content.txt|canon/canonical_story_tree/books/Book_23_The_Final_Resonance/book_content.txt|canon/canonical_story_tree/books/Book_24_Born_To_Die/book_content.txt|canon/canonical_story_tree/books/Book_25_Death_Is_Rebirth/book_content.txt	cello	timeline|relationships|scenes|quests|world	implemented_reference_map	reference_extracted_pending_domain_review
WDM-ARTIFACT-1b9cd8ca788f	artifact	to concrete sacrifice	canon/canonical_story_tree/all_25_books_latest_full_cycle.txt|canon/canonical_story_tree/books/Book_20_The_Beforemath/book_content.txt|canon/canonical_story_tree/books/Book_21_The_Final_Descent/book_content.txt|canon/canonical_story_tree/books/Book_22_The_Last_Open_Gate/book_content.txt|canon/canonical_story_tree/books/Book_23_The_Final_Resonance/book_content.txt|canon/canonical_story_tree/books/Book_24_Born_To_Die/book_content.txt|canon/canonical_story_tree/books/Book_25_Death_Is_Rebirth/book_content.txt	cello	timeline|relationships|scenes|quests|world	implemented_reference_map	reference_extracted_pending_domain_review
WDM-ARTIFACT-f5c6b082aecd	artifact	wake	canon/canonical_story_tree/all_25_books_latest_full_cycle.txt|canon/canonical_story_tree/books/Book_20_The_Beforemath/book_content.txt|canon/canonical_story_tree/books/Book_21_The_Final_Descent/book_content.txt|canon/canonical_story_tree/books/Book_22_The_Last_Open_Gate/book_content.txt|canon/canonical_story_tree/books/Book_23_The_Final_Resonance/book_content.txt|canon/canonical_story_tree/books/Book_24_Born_To_Die/book_content.txt|canon/canonical_story_tree/books/Book_25_Death_Is_Rebirth/book_content.txt	cello	timeline|relationships|scenes|quests|world	implemented_reference_map	reference_extracted_pending_domain_review
WDM-ARTIFACT-779217825d7b	artifact	continuity	canon/canonical_story_tree/all_25_books_latest_full_cycle.txt|canon/canonical_story_tree/books/Book_20_The_Beforemath/book_content.txt|canon/canonical_story_tree/books/Book_21_The_Final_Descent/book_content.txt|canon/canonical_story_tree/books/Book_22_The_Last_Open_Gate/book_content.txt|canon/canonical_story_tree/books/Book_23_The_Final_Resonance/book_content.txt|canon/canonical_story_tree/books/Book_24_Born_To_Die/book_content.txt|canon/canonical_story_tree/books/Book_25_Death_Is_Rebirth/book_content.txt	cello	timeline|relationships|scenes|quests|world	implemented_reference_map	reference_extracted_pending_domain_review
WDM-ARTIFACT-90ae071f8a33	artifact	and return functions so the	canon/canonical_story_tree/all_25_books_latest_full_cycle.txt|canon/canonical_story_tree/books/Book_20_The_Beforemath/book_content.txt|canon/canonical_story_tree/books/Book_21_The_Final_Descent/book_content.txt|canon/canonical_story_tree/books/Book_22_The_Last_Open_Gate/book_content.txt|canon/canonical_story_tree/books/Book_23_The_Final_Resonance/book_content.txt|canon/canonical_story_tree/books/Book_24_Born_To_Die/book_content.txt|canon/canonical_story_tree/books/Book_25_Death_Is_Rebirth/book_content.txt	cello	timeline|relationships|scenes|quests|world	implemented_reference_map	reference_extracted_pending_domain_review
WDM-ARTIFACT-6cd1292813bb	artifact	late run feels fully inhabited	canon/canonical_story_tree/all_25_books_latest_full_cycle.txt|canon/canonical_story_tree/books/Book_20_The_Beforemath/book_content.txt|canon/canonical_story_tree/books/Book_21_The_Final_Descent/book_content.txt|canon/canonical_story_tree/books/Book_22_The_Last_Open_Gate/book_content.txt|canon/canonical_story_tree/books/Book_23_The_Final_Resonance/book_content.txt|canon/canonical_story_tree/books/Book_24_Born_To_Die/book_content.txt|canon/canonical_story_tree/books/Book_25_Death_Is_Rebirth/book_content.txt	cello	timeline|relationships|scenes|quests|world	implemented_reference_map	reference_extracted_pending_domain_review
WDM-ARTIFACT-c5f6f538dbac	artifact	and Blood Cello return payoff	canon/canonical_story_tree/all_25_books_latest_full_cycle.txt|canon/canonical_story_tree/books/Book_20_The_Beforemath/book_content.txt|canon/canonical_story_tree/books/Book_21_The_Final_Descent/book_content.txt|canon/canonical_story_tree/books/Book_22_The_Last_Open_Gate/book_content.txt|canon/canonical_story_tree/books/Book_23_The_Final_Resonance/book_content.txt|canon/canonical_story_tree/books/Book_24_Born_To_Die/book_content.txt|canon/canonical_story_tree/books/Book_25_Death_Is_Rebirth/book_content.txt	cello	timeline|relationships|scenes|quests|world	implemented_reference_map	reference_extracted_pending_domain_review
WDM-ARTIFACT-ee505c4f83fa	artifact	becomes communal	canon/canonical_story_tree/all_25_books_latest_full_cycle.txt|canon/canonical_story_tree/books/Book_20_The_Beforemath/book_content.txt|canon/canonical_story_tree/books/Book_21_The_Final_Descent/book_content.txt|canon/canonical_story_tree/books/Book_22_The_Last_Open_Gate/book_content.txt|canon/canonical_story_tree/books/Book_23_The_Final_Resonance/book_content.txt|canon/canonical_story_tree/books/Book_24_Born_To_Die/book_content.txt|canon/canonical_story_tree/books/Book_25_Death_Is_Rebirth/book_content.txt	cello	timeline|relationships|scenes|quests|world	implemented_reference_map	reference_extracted_pending_domain_review
WDM-ARTIFACT-4fbd1874ee53	artifact	Requirements	canon/canonical_story_tree/all_25_books_latest_full_cycle.txt|canon/canonical_story_tree/books/Book_20_The_Beforemath/book_content.txt|canon/canonical_story_tree/books/Book_21_The_Final_Descent/book_content.txt|canon/canonical_story_tree/books/Book_22_The_Last_Open_Gate/book_content.txt|canon/canonical_story_tree/books/Book_23_The_Final_Resonance/book_content.txt|canon/canonical_story_tree/books/Book_24_Born_To_Die/book_content.txt|canon/canonical_story_tree/books/Book_25_Death_Is_Rebirth/book_content.txt	cello	timeline|relationships|scenes|quests|world	implemented_reference_map	reference_extracted_pending_domain_review
WDM-ARTIFACT-01bfe5a2f8fa	artifact	every named support death must	canon/canonical_story_tree/all_25_books_latest_full_cycle.txt|canon/canonical_story_tree/books/Book_20_The_Beforemath/book_content.txt|canon/canonical_story_tree/books/Book_21_The_Final_Descent/book_content.txt|canon/canonical_story_tree/books/Book_22_The_Last_Open_Gate/book_content.txt|canon/canonical_story_tree/books/Book_23_The_Final_Resonance/book_content.txt|canon/canonical_story_tree/books/Book_24_Born_To_Die/book_content.txt|canon/canonical_story_tree/books/Book_25_Death_Is_Rebirth/book_content.txt	cello	timeline|relationships|scenes|quests|world	implemented_reference_map	reference_extracted_pending_domain_review
WDM-ARTIFACT-468789bc1c59	artifact	save something specific	canon/canonical_story_tree/all_25_books_latest_full_cycle.txt|canon/canonical_story_tree/books/Book_20_The_Beforemath/book_content.txt|canon/canonical_story_tree/books/Book_21_The_Final_Descent/book_content.txt|canon/canonical_story_tree/books/Book_22_The_Last_Open_Gate/book_content.txt|canon/canonical_story_tree/books/Book_23_The_Final_Resonance/book_content.txt|canon/canonical_story_tree/books/Book_24_Born_To_Die/book_content.txt|canon/canonical_story_tree/books/Book_25_Death_Is_Rebirth/book_content.txt	cello	timeline|relationships|scenes|quests|world	implemented_reference_map	reference_extracted_pending_domain_review
WDM-ARTIFACT-a3d21756a8d6	artifact	every wake must leave	canon/canonical_story_tree/all_25_books_latest_full_cycle.txt|canon/canonical_story_tree/books/Book_20_The_Beforemath/book_content.txt|canon/canonical_story_tree/books/Book_21_The_Final_Descent/book_content.txt|canon/canonical_story_tree/books/Book_22_The_Last_Open_Gate/book_content.txt|canon/canonical_story_tree/books/Book_23_The_Final_Resonance/book_content.txt|canon/canonical_story_tree/books/Book_24_Born_To_Die/book_content.txt|canon/canonical_story_tree/books/Book_25_Death_Is_Rebirth/book_content.txt	cello	timeline|relationships|scenes|quests|world	implemented_reference_map	reference_extracted_pending_domain_review
WDM-ARTIFACT-a3d96641bc22	artifact	distinct hole	canon/canonical_story_tree/all_25_books_latest_full_cycle.txt|canon/canonical_story_tree/books/Book_20_The_Beforemath/book_content.txt|canon/canonical_story_tree/books/Book_21_The_Final_Descent/book_content.txt|canon/canonical_story_tree/books/Book_22_The_Last_Open_Gate/book_content.txt|canon/canonical_story_tree/books/Book_23_The_Final_Resonance/book_content.txt|canon/canonical_story_tree/books/Book_24_Born_To_Die/book_content.txt|canon/canonical_story_tree/books/Book_25_Death_Is_Rebirth/book_content.txt	cello	timeline|relationships|scenes|quests|world	implemented_reference_map	reference_extracted_pending_domain_review
WDM-ARTIFACT-0a205c103d3e	artifact	every return must answer that	canon/canonical_story_tree/all_25_books_latest_full_cycle.txt|canon/canonical_story_tree/books/Book_20_The_Beforemath/book_content.txt|canon/canonical_story_tree/books/Book_21_The_Final_Descent/book_content.txt|canon/canonical_story_tree/books/Book_22_The_Last_Open_Gate/book_content.txt|canon/canonical_story_tree/books/Book_23_The_Final_Resonance/book_content.txt|canon/canonical_story_tree/books/Book_24_Born_To_Die/book_content.txt|canon/canonical_story_tree/books/Book_25_Death_Is_Rebirth/book_content.txt	cello	timeline|relationships|scenes|quests|world	implemented_reference_map	reference_extracted_pending_domain_review
WDM-ARTIFACT-77e8feb98200	artifact	"Villain Return Texture

Status"	canon/canonical_story_tree/all_25_books_latest_full_cycle.txt|canon/canonical_story_tree/books/Book_20_The_Beforemath/book_content.txt|canon/canonical_story_tree/books/Book_21_The_Final_Descent/book_content.txt|canon/canonical_story_tree/books/Book_22_The_Last_Open_Gate/book_content.txt|canon/canonical_story_tree/books/Book_23_The_Final_Resonance/book_content.txt|canon/canonical_story_tree/books/Book_24_Born_To_Die/book_content.txt|canon/canonical_story_tree/books/Book_25_Death_Is_Rebirth/book_content.txt	cello	timeline|relationships|scenes|quests|world	implemented_reference_map	reference_extracted_pending_domain_review
WDM-ARTIFACT-2f8b25091cd9	artifact	best-fit inferred villain-return pass	canon/canonical_story_tree/all_25_books_latest_full_cycle.txt|canon/canonical_story_tree/books/Book_20_The_Beforemath/book_content.txt|canon/canonical_story_tree/books/Book_21_The_Final_Descent/book_content.txt|canon/canonical_story_tree/books/Book_22_The_Last_Open_Gate/book_content.txt|canon/canonical_story_tree/books/Book_23_The_Final_Resonance/book_content.txt|canon/canonical_story_tree/books/Book_24_Born_To_Die/book_content.txt|canon/canonical_story_tree/books/Book_25_Death_Is_Rebirth/book_content.txt	cello	timeline|relationships|scenes|quests|world	implemented_reference_map	reference_extracted_pending_domain_review
WDM-ARTIFACT-c55d7e83d95e	artifact	"Purpose
Ensure antagonists die learning"	canon/canonical_story_tree/all_25_books_latest_full_cycle.txt|canon/canonical_story_tree/books/Book_20_The_Beforemath/book_content.txt|canon/canonical_story_tree/books/Book_21_The_Final_Descent/book_content.txt|canon/canonical_story_tree/books/Book_22_The_Last_Open_Gate/book_content.txt|canon/canonical_story_tree/books/Book_23_The_Final_Resonance/book_content.txt|canon/canonical_story_tree/books/Book_24_Born_To_Die/book_content.txt|canon/canonical_story_tree/books/Book_25_Death_Is_Rebirth/book_content.txt	cello	timeline|relationships|scenes|quests|world	implemented_reference_map	reference_extracted_pending_domain_review
WDM-ARTIFACT-4ac398661241	artifact	something specific and return in	canon/canonical_story_tree/all_25_books_latest_full_cycle.txt|canon/canonical_story_tree/books/Book_20_The_Beforemath/book_content.txt|canon/canonical_story_tree/books/Book_21_The_Final_Descent/book_content.txt|canon/canonical_story_tree/books/Book_22_The_Last_Open_Gate/book_content.txt|canon/canonical_story_tree/books/Book_23_The_Final_Resonance/book_content.txt|canon/canonical_story_tree/books/Book_24_Born_To_Die/book_content.txt|canon/canonical_story_tree/books/Book_25_Death_Is_Rebirth/book_content.txt	cello	timeline|relationships|scenes|quests|world	implemented_reference_map	reference_extracted_pending_domain_review
WDM-ARTIFACT-6a09ac190a02	artifact	Blood Cello with an emotionally	canon/canonical_story_tree/all_25_books_latest_full_cycle.txt|canon/canonical_story_tree/books/Book_20_The_Beforemath/book_content.txt|canon/canonical_story_tree/books/Book_21_The_Final_Descent/book_content.txt|canon/canonical_story_tree/books/Book_22_The_Last_Open_Gate/book_content.txt|canon/canonical_story_tree/books/Book_23_The_Final_Resonance/book_content.txt|canon/canonical_story_tree/books/Book_24_Born_To_Die/book_content.txt|canon/canonical_story_tree/books/Book_25_Death_Is_Rebirth/book_content.txt	cello	timeline|relationships|scenes|quests|world	implemented_reference_map	reference_extracted_pending_domain_review
WDM-ARTIFACT-bc18a3360a9c	artifact	correct texture rather than cheap	canon/canonical_story_tree/all_25_books_latest_full_cycle.txt|canon/canonical_story_tree/books/Book_20_The_Beforemath/book_content.txt|canon/canonical_story_tree/books/Book_21_The_Final_Descent/book_content.txt|canon/canonical_story_tree/books/Book_22_The_Last_Open_Gate/book_content.txt|canon/canonical_story_tree/books/Book_23_The_Final_Resonance/book_content.txt|canon/canonical_story_tree/books/Book_24_Born_To_Die/book_content.txt|canon/canonical_story_tree/books/Book_25_Death_Is_Rebirth/book_content.txt	cello	timeline|relationships|scenes|quests|world	implemented_reference_map	reference_extracted_pending_domain_review
WDM-ARTIFACT-9ffbcb54e8ef	artifact	redemption or flat punishment	canon/canonical_story_tree/all_25_books_latest_full_cycle.txt|canon/canonical_story_tree/books/Book_20_The_Beforemath/book_content.txt|canon/canonical_story_tree/books/Book_21_The_Final_Descent/book_content.txt|canon/canonical_story_tree/books/Book_22_The_Last_Open_Gate/book_content.txt|canon/canonical_story_tree/books/Book_23_The_Final_Resonance/book_content.txt|canon/canonical_story_tree/books/Book_24_Born_To_Die/book_content.txt|canon/canonical_story_tree/books/Book_25_Death_Is_Rebirth/book_content.txt	cello	timeline|relationships|scenes|quests|world	implemented_reference_map	reference_extracted_pending_domain_review
WDM-ARTIFACT-f97d91347dab	artifact	Core requirements	canon/canonical_story_tree/all_25_books_latest_full_cycle.txt|canon/canonical_story_tree/books/Book_20_The_Beforemath/book_content.txt|canon/canonical_story_tree/books/Book_21_The_Final_Descent/book_content.txt|canon/canonical_story_tree/books/Book_22_The_Last_Open_Gate/book_content.txt|canon/canonical_story_tree/books/Book_23_The_Final_Resonance/book_content.txt|canon/canonical_story_tree/books/Book_24_Born_To_Die/book_content.txt|canon/canonical_story_tree/books/Book_25_Death_Is_Rebirth/book_content.txt	cello	timeline|relationships|scenes|quests|world	implemented_reference_map	reference_extracted_pending_domain_review
WDM-ARTIFACT-995252879a96	artifact	identify what the villain dies	canon/canonical_story_tree/all_25_books_latest_full_cycle.txt|canon/canonical_story_tree/books/Book_20_The_Beforemath/book_content.txt|canon/canonical_story_tree/books/Book_21_The_Final_Descent/book_content.txt|canon/canonical_story_tree/books/Book_22_The_Last_Open_Gate/book_content.txt|canon/canonical_story_tree/books/Book_23_The_Final_Resonance/book_content.txt|canon/canonical_story_tree/books/Book_24_Born_To_Die/book_content.txt|canon/canonical_story_tree/books/Book_25_Death_Is_Rebirth/book_content.txt	cello	timeline|relationships|scenes|quests|world	implemented_reference_map	reference_extracted_pending_domain_review
WDM-ARTIFACT-65dfd13bd2b9	artifact	identify what their wake is	canon/canonical_story_tree/all_25_books_latest_full_cycle.txt|canon/canonical_story_tree/books/Book_20_The_Beforemath/book_content.txt|canon/canonical_story_tree/books/Book_21_The_Final_Descent/book_content.txt|canon/canonical_story_tree/books/Book_22_The_Last_Open_Gate/book_content.txt|canon/canonical_story_tree/books/Book_23_The_Final_Resonance/book_content.txt|canon/canonical_story_tree/books/Book_24_Born_To_Die/book_content.txt|canon/canonical_story_tree/books/Book_25_Death_Is_Rebirth/book_content.txt	cello	timeline|relationships|scenes|quests|world	implemented_reference_map	reference_extracted_pending_domain_review
WDM-ARTIFACT-397d50aeffa7	artifact	identify what kind of return	canon/canonical_story_tree/all_25_books_latest_full_cycle.txt|canon/canonical_story_tree/books/Book_20_The_Beforemath/book_content.txt|canon/canonical_story_tree/books/Book_21_The_Final_Descent/book_content.txt|canon/canonical_story_tree/books/Book_22_The_Last_Open_Gate/book_content.txt|canon/canonical_story_tree/books/Book_23_The_Final_Resonance/book_content.txt|canon/canonical_story_tree/books/Book_24_Born_To_Die/book_content.txt|canon/canonical_story_tree/books/Book_25_Death_Is_Rebirth/book_content.txt	cello	timeline|relationships|scenes|quests|world	implemented_reference_map	reference_extracted_pending_domain_review
WDM-ARTIFACT-cb44cc56707f	artifact	texture best fits	canon/canonical_story_tree/all_25_books_latest_full_cycle.txt|canon/canonical_story_tree/books/Book_20_The_Beforemath/book_content.txt|canon/canonical_story_tree/books/Book_21_The_Final_Descent/book_content.txt|canon/canonical_story_tree/books/Book_22_The_Last_Open_Gate/book_content.txt|canon/canonical_story_tree/books/Book_23_The_Final_Resonance/book_content.txt|canon/canonical_story_tree/books/Book_24_Born_To_Die/book_content.txt|canon/canonical_story_tree/books/Book_25_Death_Is_Rebirth/book_content.txt	cello	timeline|relationships|scenes|quests|world	implemented_reference_map	reference_extracted_pending_domain_review
WDM-ARTIFACT-f8b2cd6d848d	artifact	identify how this strengthens Blood	canon/canonical_story_tree/all_25_books_latest_full_cycle.txt|canon/canonical_story_tree/books/Book_20_The_Beforemath/book_content.txt|canon/canonical_story_tree/books/Book_21_The_Final_Descent/book_content.txt|canon/canonical_story_tree/books/Book_22_The_Last_Open_Gate/book_content.txt|canon/canonical_story_tree/books/Book_23_The_Final_Resonance/book_content.txt|canon/canonical_story_tree/books/Book_24_Born_To_Die/book_content.txt|canon/canonical_story_tree/books/Book_25_Death_Is_Rebirth/book_content.txt	cello	timeline|relationships|scenes|quests|world	implemented_reference_map	reference_extracted_pending_domain_review
WDM-ARTIFACT-8c60512a26a0	artifact	Book-specific mapping	canon/canonical_story_tree/all_25_books_latest_full_cycle.txt|canon/canonical_story_tree/books/Book_20_The_Beforemath/book_content.txt|canon/canonical_story_tree/books/Book_21_The_Final_Descent/book_content.txt|canon/canonical_story_tree/books/Book_22_The_Last_Open_Gate/book_content.txt|canon/canonical_story_tree/books/Book_23_The_Final_Resonance/book_content.txt|canon/canonical_story_tree/books/Book_24_Born_To_Die/book_content.txt|canon/canonical_story_tree/books/Book_25_Death_Is_Rebirth/book_content.txt	cello	timeline|relationships|scenes|quests|world	implemented_reference_map	reference_extracted_pending_domain_review
WDM-ARTIFACT-88e355fdf9fd	artifact	best-fit villain type	canon/canonical_story_tree/all_25_books_latest_full_cycle.txt|canon/canonical_story_tree/books/Book_20_The_Beforemath/book_content.txt|canon/canonical_story_tree/books/Book_21_The_Final_Descent/book_content.txt|canon/canonical_story_tree/books/Book_22_The_Last_Open_Gate/book_content.txt|canon/canonical_story_tree/books/Book_23_The_Final_Resonance/book_content.txt|canon/canonical_story_tree/books/Book_24_Born_To_Die/book_content.txt|canon/canonical_story_tree/books/Book_25_Death_Is_Rebirth/book_content.txt	cello	timeline|relationships|scenes|quests|world	implemented_reference_map	reference_extracted_pending_domain_review
WDM-ARTIFACT-738bfd7b0106	artifact	emotional-cost denier	canon/canonical_story_tree/all_25_books_latest_full_cycle.txt|canon/canonical_story_tree/books/Book_20_The_Beforemath/book_content.txt	cello	timeline|relationships|scenes|quests|world	implemented_reference_map	reference_extracted_pending_domain_review
WDM-ARTIFACT-7e202093bd2d	artifact	dies learning	canon/canonical_story_tree/all_25_books_latest_full_cycle.txt|canon/canonical_story_tree/books/Book_20_The_Beforemath/book_content.txt|canon/canonical_story_tree/books/Book_21_The_Final_Descent/book_content.txt|canon/canonical_story_tree/books/Book_22_The_Last_Open_Gate/book_content.txt|canon/canonical_story_tree/books/Book_23_The_Final_Resonance/book_content.txt|canon/canonical_story_tree/books/Book_24_Born_To_Die/book_content.txt|canon/canonical_story_tree/books/Book_25_Death_Is_Rebirth/book_content.txt	cello	timeline|relationships|scenes|quests|world	implemented_reference_map	reference_extracted_pending_domain_review
WDM-ARTIFACT-ae0fe71a1b6c	artifact	wake exists whether acknowledged or	canon/canonical_story_tree/all_25_books_latest_full_cycle.txt|canon/canonical_story_tree/books/Book_20_The_Beforemath/book_content.txt	cello	timeline|relationships|scenes|quests|world	implemented_reference_map	reference_extracted_pending_domain_review
WDM-ARTIFACT-2ced605cdcf3	artifact	surrounded by consequences they normalized	canon/canonical_story_tree/all_25_books_latest_full_cycle.txt|canon/canonical_story_tree/books/Book_20_The_Beforemath/book_content.txt	cello	timeline|relationships|scenes|quests|world	implemented_reference_map	reference_extracted_pending_domain_review
WDM-ARTIFACT-b4c4269ffdf3	artifact	return texture	canon/canonical_story_tree/all_25_books_latest_full_cycle.txt|canon/canonical_story_tree/books/Book_20_The_Beforemath/book_content.txt|canon/canonical_story_tree/books/Book_21_The_Final_Descent/book_content.txt|canon/canonical_story_tree/books/Book_22_The_Last_Open_Gate/book_content.txt|canon/canonical_story_tree/books/Book_23_The_Final_Resonance/book_content.txt|canon/canonical_story_tree/books/Book_24_Born_To_Die/book_content.txt|canon/canonical_story_tree/books/Book_25_Death_Is_Rebirth/book_content.txt	cello	timeline|relationships|scenes|quests|world	implemented_reference_map	reference_extracted_pending_domain_review
WDM-ARTIFACT-01383ca8a564	artifact	exposed return	canon/canonical_story_tree/all_25_books_latest_full_cycle.txt|canon/canonical_story_tree/books/Book_20_The_Beforemath/book_content.txt|canon/canonical_story_tree/books/Book_24_Born_To_Die/book_content.txt	cello	timeline|relationships|scenes|quests|world	implemented_reference_map	reference_extracted_pending_domain_review
WDM-ARTIFACT-4c366eb6ae83	artifact	Blood Cello value	canon/canonical_story_tree/all_25_books_latest_full_cycle.txt|canon/canonical_story_tree/books/Book_20_The_Beforemath/book_content.txt|canon/canonical_story_tree/books/Book_21_The_Final_Descent/book_content.txt|canon/canonical_story_tree/books/Book_22_The_Last_Open_Gate/book_content.txt|canon/canonical_story_tree/books/Book_23_The_Final_Resonance/book_content.txt|canon/canonical_story_tree/books/Book_24_Born_To_Die/book_content.txt|canon/canonical_story_tree/books/Book_25_Death_Is_Rebirth/book_content.txt	cello	timeline|relationships|scenes|quests|world	implemented_reference_map	reference_extracted_pending_domain_review
WDM-ARTIFACT-e16a95f9750c	artifact	proves the field reveals what	canon/canonical_story_tree/all_25_books_latest_full_cycle.txt|canon/canonical_story_tree/books/Book_20_The_Beforemath/book_content.txt	cello	timeline|relationships|scenes|quests|world	implemented_reference_map	reference_extracted_pending_domain_review
WDM-ARTIFACT-c0c9a5044a80	artifact	denial tried to erase	canon/canonical_story_tree/all_25_books_latest_full_cycle.txt|canon/canonical_story_tree/books/Book_20_The_Beforemath/book_content.txt	cello	timeline|relationships|scenes|quests|world	implemented_reference_map	reference_extracted_pending_domain_review
WDM-ARTIFACT-11c0f4e205a2	artifact	weak	canon/canonical_story_tree/all_25_books_latest_full_cycle.txt|canon/canonical_story_tree/books/Book_20_The_Beforemath/book_content.txt|canon/canonical_story_tree/books/Book_21_The_Final_Descent/book_content.txt|canon/canonical_story_tree/books/Book_22_The_Last_Open_Gate/book_content.txt|canon/canonical_story_tree/books/Book_23_The_Final_Resonance/book_content.txt|canon/canonical_story_tree/books/Book_24_Born_To_Die/book_content.txt|canon/canonical_story_tree/books/Book_25_Death_Is_Rebirth/book_content.txt	cello	timeline|relationships|scenes|quests|world	implemented_reference_map	reference_extracted_pending_domain_review
WDM-ARTIFACT-5387099444c9	artifact	area	canon/canonical_story_tree/all_25_books_latest_full_cycle.txt|canon/canonical_story_tree/books/Book_20_The_Beforemath/book_content.txt|canon/canonical_story_tree/books/Book_21_The_Final_Descent/book_content.txt|canon/canonical_story_tree/books/Book_22_The_Last_Open_Gate/book_content.txt|canon/canonical_story_tree/books/Book_23_The_Final_Resonance/book_content.txt|canon/canonical_story_tree/books/Book_24_Born_To_Die/book_content.txt|canon/canonical_story_tree/books/Book_25_Death_Is_Rebirth/book_content.txt	cello	timeline|relationships|scenes|quests|world	implemented_reference_map	reference_extracted_pending_domain_review
WDM-ARTIFACT-8a19a4c1a2ca	artifact	balance	canon/canonical_story_tree/all_25_books_latest_full_cycle.txt|canon/canonical_story_tree/books/Book_20_The_Beforemath/book_content.txt|canon/canonical_story_tree/books/Book_21_The_Final_Descent/book_content.txt|canon/canonical_story_tree/books/Book_22_The_Last_Open_Gate/book_content.txt|canon/canonical_story_tree/books/Book_23_The_Final_Resonance/book_content.txt|canon/canonical_story_tree/books/Book_24_Born_To_Die/book_content.txt|canon/canonical_story_tree/books/Book_25_Death_Is_Rebirth/book_content.txt	cello	timeline|relationships|scenes|quests|world	implemented_reference_map	reference_extracted_pending_domain_review
WDM-ARTIFACT-71f65122796c	artifact	"Weak Area Balance

Status"	canon/canonical_story_tree/all_25_books_latest_full_cycle.txt|canon/canonical_story_tree/books/Book_20_The_Beforemath/book_content.txt|canon/canonical_story_tree/books/Book_21_The_Final_Descent/book_content.txt|canon/canonical_story_tree/books/Book_22_The_Last_Open_Gate/book_content.txt|canon/canonical_story_tree/books/Book_23_The_Final_Resonance/book_content.txt|canon/canonical_story_tree/books/Book_24_Born_To_Die/book_content.txt|canon/canonical_story_tree/books/Book_25_Death_Is_Rebirth/book_content.txt	cello	timeline|relationships|scenes|quests|world	implemented_reference_map	reference_extracted_pending_domain_review
WDM-ARTIFACT-607239c39b50	artifact	They are not redeemed here	canon/canonical_story_tree/all_25_books_latest_full_cycle.txt|canon/canonical_story_tree/books/Book_20_The_Beforemath/book_content.txt	cello	timeline|relationships|scenes|quests|world	implemented_reference_map	reference_extracted_pending_domain_review
WDM-ARTIFACT-669ef023b8bb	artifact	They are exposed	canon/canonical_story_tree/all_25_books_latest_full_cycle.txt|canon/canonical_story_tree/books/Book_20_The_Beforemath/book_content.txt	cello	timeline|relationships|scenes|quests|world	implemented_reference_map	reference_extracted_pending_domain_review
WDM-ARTIFACT-ce23ad15e261	artifact	The wake field does not	canon/canonical_story_tree/all_25_books_latest_full_cycle.txt|canon/canonical_story_tree/books/Book_20_The_Beforemath/book_content.txt	cello	timeline|relationships|scenes|quests|world	implemented_reference_map	reference_extracted_pending_domain_review
WDM-ARTIFACT-46c858dc4a92	artifact	lecture them	canon/canonical_story_tree/all_25_books_latest_full_cycle.txt|canon/canonical_story_tree/books/Book_20_The_Beforemath/book_content.txt	cello	timeline|relationships|scenes|quests|world	implemented_reference_map	reference_extracted_pending_domain_review
WDM-ARTIFACT-c6181a24f3dd	artifact	it confronts them by making	canon/canonical_story_tree/all_25_books_latest_full_cycle.txt|canon/canonical_story_tree/books/Book_20_The_Beforemath/book_content.txt	cello	timeline|relationships|scenes|quests|world	implemented_reference_map	reference_extracted_pending_domain_review
WDM-ARTIFACT-527bd51b008b	artifact	consequence legible	canon/canonical_story_tree/all_25_books_latest_full_cycle.txt|canon/canonical_story_tree/books/Book_20_The_Beforemath/book_content.txt	cello	timeline|relationships|scenes|quests|world	implemented_reference_map	reference_extracted_pending_domain_review
WDM-ARTIFACT-b75e328d4f92	artifact	seed later villain return texture	canon/canonical_story_tree/all_25_books_latest_full_cycle.txt|canon/canonical_story_tree/books/Book_20_The_Beforemath/book_content.txt	cello	timeline|relationships|scenes|quests|world	implemented_reference_map	reference_extracted_pending_domain_review
WDM-ARTIFACT-f3778f0b85a1	artifact	prepare Blood Cello as revelation	canon/canonical_story_tree/all_25_books_latest_full_cycle.txt|canon/canonical_story_tree/books/Book_20_The_Beforemath/book_content.txt	cello	timeline|relationships|scenes|quests|world	implemented_reference_map	reference_extracted_pending_domain_review
WDM-ARTIFACT-c5555151c2d5	artifact	field	canon/canonical_story_tree/all_25_books_latest_full_cycle.txt|canon/canonical_story_tree/books/Book_20_The_Beforemath/book_content.txt	cello	timeline|relationships|scenes|quests|world	implemented_reference_map	reference_extracted_pending_domain_review
WDM-ARTIFACT-ac54356da7db	artifact	make moral consequence tangible	canon/canonical_story_tree/all_25_books_latest_full_cycle.txt|canon/canonical_story_tree/books/Book_20_The_Beforemath/book_content.txt	cello	timeline|relationships|scenes|quests|world	implemented_reference_map	reference_extracted_pending_domain_review
WDM-ARTIFACT-795181305598	artifact	dialogue	canon/canonical_story_tree/all_25_books_latest_full_cycle.txt|canon/canonical_story_tree/books/Book_20_The_Beforemath/book_content.txt|canon/canonical_story_tree/books/Book_24_Born_To_Die/book_content.txt|canon/canonical_story_tree/books/Book_25_Death_Is_Rebirth/book_content.txt	cello	timeline|relationships|scenes|quests|world	implemented_reference_map	reference_extracted_pending_domain_review
WDM-ARTIFACT-759bbeb7988d	artifact	targets	canon/canonical_story_tree/all_25_books_latest_full_cycle.txt|canon/canonical_story_tree/books/Book_20_The_Beforemath/book_content.txt|canon/canonical_story_tree/books/Book_24_Born_To_Die/book_content.txt|canon/canonical_story_tree/books/Book_25_Death_Is_Rebirth/book_content.txt	cello	timeline|relationships|scenes|quests|world	implemented_reference_map	reference_extracted_pending_domain_review
WDM-ARTIFACT-d1f3519b32bc	artifact	"Dialogue Targets

Status"	canon/canonical_story_tree/all_25_books_latest_full_cycle.txt|canon/canonical_story_tree/books/Book_20_The_Beforemath/book_content.txt|canon/canonical_story_tree/books/Book_24_Born_To_Die/book_content.txt	cello	timeline|relationships|scenes|quests|world	implemented_reference_map	reference_extracted_pending_domain_review
WDM-ARTIFACT-a24f641f6ce0	artifact	best-fit inferred dialogue pass	canon/canonical_story_tree/all_25_books_latest_full_cycle.txt|canon/canonical_story_tree/books/Book_20_The_Beforemath/book_content.txt|canon/canonical_story_tree/books/Book_24_Born_To_Die/book_content.txt	cello	timeline|relationships|scenes|quests|world	implemented_reference_map	reference_extracted_pending_domain_review
WDM-ARTIFACT-b14db447f43f	artifact	B21	canon/canonical_story_tree/all_25_books_latest_full_cycle.txt|canon/canonical_story_tree/books/Book_21_The_Final_Descent/book_content.txt	cello	timeline|relationships|scenes|quests|world	implemented_reference_map	reference_extracted_pending_domain_review
WDM-ARTIFACT-ac1fa7840bdd	artifact	Roots	canon/canonical_story_tree/all_25_books_latest_full_cycle.txt|canon/canonical_story_tree/books/Book_21_The_Final_Descent/book_content.txt	cello	timeline|relationships|scenes|quests|world	implemented_reference_map	reference_extracted_pending_domain_review
WDM-ARTIFACT-b8378c89cd8f	artifact	Inheritance	canon/canonical_story_tree/all_25_books_latest_full_cycle.txt|canon/canonical_story_tree/books/Book_21_The_Final_Descent/book_content.txt|canon/canonical_story_tree/books/Book_23_The_Final_Resonance/book_content.txt	cello	timeline|relationships|scenes|quests|world	implemented_reference_map	reference_extracted_pending_domain_review
WDM-ARTIFACT-1c9b147e124f	artifact	Marked	canon/canonical_story_tree/all_25_books_latest_full_cycle.txt|canon/canonical_story_tree/books/Book_21_The_Final_Descent/book_content.txt	cello	timeline|relationships|scenes|quests|world	implemented_reference_map	reference_extracted_pending_domain_review
WDM-ARTIFACT-484efb080b24	artifact	The Final Descent Scene Spine	canon/canonical_story_tree/all_25_books_latest_full_cycle.txt|canon/canonical_story_tree/books/Book_21_The_Final_Descent/book_content.txt	cello	timeline|relationships|scenes|quests|world	implemented_reference_map	reference_extracted_pending_domain_review
WDM-ARTIFACT-b96603833f50	artifact	The Final Descent	canon/canonical_story_tree/all_25_books_latest_full_cycle.txt|canon/canonical_story_tree/books/Book_21_The_Final_Descent/book_content.txt	cello	timeline|relationships|scenes|quests|world	implemented_reference_map	reference_extracted_pending_domain_review
WDM-ARTIFACT-6ae9cb8cd4f3	artifact	"Current late-book structural need
Descend"	canon/canonical_story_tree/all_25_books_latest_full_cycle.txt|canon/canonical_story_tree/books/Book_21_The_Final_Descent/book_content.txt	cello	timeline|relationships|scenes|quests|world	implemented_reference_map	reference_extracted_pending_domain_review
WDM-ARTIFACT-911cf264c3cf	artifact	world that is both war	canon/canonical_story_tree/all_25_books_latest_full_cycle.txt|canon/canonical_story_tree/books/Book_21_The_Final_Descent/book_content.txt	cello	timeline|relationships|scenes|quests|world	implemented_reference_map	reference_extracted_pending_domain_review
WDM-ARTIFACT-17454baf069d	artifact	zone and wound chamber	canon/canonical_story_tree/all_25_books_latest_full_cycle.txt|canon/canonical_story_tree/books/Book_21_The_Final_Descent/book_content.txt	cello	timeline|relationships|scenes|quests|world	implemented_reference_map	reference_extracted_pending_domain_review
WDM-ARTIFACT-b6a61d892ed0	artifact	Major sacrifice or death candidate	canon/canonical_story_tree/all_25_books_latest_full_cycle.txt|canon/canonical_story_tree/books/Book_21_The_Final_Descent/book_content.txt|canon/canonical_story_tree/books/Book_22_The_Last_Open_Gate/book_content.txt|canon/canonical_story_tree/books/Book_23_The_Final_Resonance/book_content.txt|canon/canonical_story_tree/books/Book_24_Born_To_Die/book_content.txt	cello	timeline|relationships|scenes|quests|world	implemented_reference_map	reference_extracted_pending_domain_review
WDM-ARTIFACT-a80d2fbe6424	artifact	Support-cast terminal loss with clear	canon/canonical_story_tree/all_25_books_latest_full_cycle.txt|canon/canonical_story_tree/books/Book_21_The_Final_Descent/book_content.txt	cello	timeline|relationships|scenes|quests|world	implemented_reference_map	reference_extracted_pending_domain_review
WDM-ARTIFACT-8cc337e8cc54	artifact	inherited consequence	canon/canonical_story_tree/all_25_books_latest_full_cycle.txt|canon/canonical_story_tree/books/Book_21_The_Final_Descent/book_content.txt	cello	timeline|relationships|scenes|quests|world	implemented_reference_map	reference_extracted_pending_domain_review
WDM-ARTIFACT-cf4219d7403e	artifact	"Villain downfall candidate
Threshold tyrant"	canon/canonical_story_tree/all_25_books_latest_full_cycle.txt|canon/canonical_story_tree/books/Book_21_The_Final_Descent/book_content.txt	cello	timeline|relationships|scenes|quests|world	implemented_reference_map	reference_extracted_pending_domain_review
WDM-ARTIFACT-9de139c2f8b3	artifact	or anti-return architect	canon/canonical_story_tree/all_25_books_latest_full_cycle.txt|canon/canonical_story_tree/books/Book_21_The_Final_Descent/book_content.txt	cello	timeline|relationships|scenes|quests|world	implemented_reference_map	reference_extracted_pending_domain_review
WDM-ARTIFACT-f325ce6df736	artifact	"Blood Cello setup consequence
Everything"	canon/canonical_story_tree/all_25_books_latest_full_cycle.txt|canon/canonical_story_tree/books/Book_21_The_Final_Descent/book_content.txt	cello	timeline|relationships|scenes|quests|world	implemented_reference_map	reference_extracted_pending_domain_review
WDM-ARTIFACT-6e2868f39e59	artifact	narrows toward one final trigger	canon/canonical_story_tree/all_25_books_latest_full_cycle.txt|canon/canonical_story_tree/books/Book_21_The_Final_Descent/book_content.txt	cello	timeline|relationships|scenes|quests|world	implemented_reference_map	reference_extracted_pending_domain_review
WDM-ARTIFACT-b7916d1992b5	artifact	rather than diffusing across many	canon/canonical_story_tree/all_25_books_latest_full_cycle.txt|canon/canonical_story_tree/books/Book_21_The_Final_Descent/book_content.txt	cello	timeline|relationships|scenes|quests|world	implemented_reference_map	reference_extracted_pending_domain_review
WDM-ARTIFACT-eafb124e9635	artifact	deaths	canon/canonical_story_tree/all_25_books_latest_full_cycle.txt|canon/canonical_story_tree/books/Book_21_The_Final_Descent/book_content.txt	cello	timeline|relationships|scenes|quests|world	implemented_reference_map	reference_extracted_pending_domain_review
WDM-ARTIFACT-0035668fc93c	artifact	Descent under anti-thread bombardment	canon/canonical_story_tree/all_25_books_latest_full_cycle.txt|canon/canonical_story_tree/books/Book_21_The_Final_Descent/book_content.txt	cello	timeline|relationships|scenes|quests|world	implemented_reference_map	reference_extracted_pending_domain_review
WDM-ARTIFACT-b0c03aa5db17	artifact	"winning escalation
Pip is forced"	canon/canonical_story_tree/all_25_books_latest_full_cycle.txt|canon/canonical_story_tree/books/Book_21_The_Final_Descent/book_content.txt	cello	timeline|relationships|scenes|quests|world	implemented_reference_map	reference_extracted_pending_domain_review
WDM-ARTIFACT-b3f23669dabf	artifact	to feel all living and	canon/canonical_story_tree/all_25_books_latest_full_cycle.txt|canon/canonical_story_tree/books/Book_21_The_Final_Descent/book_content.txt	cello	timeline|relationships|scenes|quests|world	implemented_reference_map	reference_extracted_pending_domain_review
WDM-ARTIFACT-b0af71a2e87a	artifact	failing threads during	canon/canonical_story_tree/all_25_books_latest_full_cycle.txt|canon/canonical_story_tree/books/Book_21_The_Final_Descent/book_content.txt	cello	timeline|relationships|scenes|quests|world	implemented_reference_map	reference_extracted_pending_domain_review
WDM-ARTIFACT-79ba3cc933e1	artifact	Nieth-held passage collapse	canon/canonical_story_tree/all_25_books_latest_full_cycle.txt|canon/canonical_story_tree/books/Book_21_The_Final_Descent/book_content.txt	cello	timeline|relationships|scenes|quests|world	implemented_reference_map	reference_extracted_pending_domain_review
WDM-ARTIFACT-591dc2f48815	artifact	"reason chosen
Best prepares Blood"	canon/canonical_story_tree/all_25_books_latest_full_cycle.txt|canon/canonical_story_tree/books/Book_21_The_Final_Descent/book_content.txt	cello	timeline|relationships|scenes|quests|world	implemented_reference_map	reference_extracted_pending_domain_review
WDM-ARTIFACT-63fadc6d66db	artifact	Cello’s life-thread logic while keeping	canon/canonical_story_tree/all_25_books_latest_full_cycle.txt|canon/canonical_story_tree/books/Book_21_The_Final_Descent/book_content.txt	cello	timeline|relationships|scenes|quests|world	implemented_reference_map	reference_extracted_pending_domain_review
WDM-ARTIFACT-f53f7a8f3744	artifact	descent physically catastrophic	canon/canonical_story_tree/all_25_books_latest_full_cycle.txt|canon/canonical_story_tree/books/Book_21_The_Final_Descent/book_content.txt	cello	timeline|relationships|scenes|quests|world	implemented_reference_map	reference_extracted_pending_domain_review
WDM-ARTIFACT-8f9cbb4ba491	artifact	rejected	canon/canonical_story_tree/all_25_books_latest_full_cycle.txt|canon/canonical_story_tree/books/Book_21_The_Final_Descent/book_content.txt|canon/canonical_story_tree/books/Book_24_Born_To_Die/book_content.txt	cello	timeline|relationships|scenes|quests|world	implemented_reference_map	reference_extracted_pending_domain_review
WDM-ARTIFACT-b6c9b9fc234a	artifact	and why	canon/canonical_story_tree/all_25_books_latest_full_cycle.txt|canon/canonical_story_tree/books/Book_21_The_Final_Descent/book_content.txt|canon/canonical_story_tree/books/Book_24_Born_To_Die/book_content.txt	cello	timeline|relationships|scenes|quests|world	implemented_reference_map	reference_extracted_pending_domain_review
WDM-ARTIFACT-a14d01d3c2b9	artifact	supports the event	canon/canonical_story_tree/all_25_books_latest_full_cycle.txt|canon/canonical_story_tree/books/Book_21_The_Final_Descent/book_content.txt	cello	timeline|relationships|scenes|quests|world	implemented_reference_map	reference_extracted_pending_domain_review
WDM-ARTIFACT-3235763f9165	artifact	but is less unique	canon/canonical_story_tree/all_25_books_latest_full_cycle.txt|canon/canonical_story_tree/books/Book_21_The_Final_Descent/book_content.txt	cello	timeline|relationships|scenes|quests|world	implemented_reference_map	reference_extracted_pending_domain_review
WDM-ARTIFACT-3f9cadb67640	artifact	strong secondary pressure	canon/canonical_story_tree/all_25_books_latest_full_cycle.txt|canon/canonical_story_tree/books/Book_21_The_Final_Descent/book_content.txt	cello	timeline|relationships|scenes|quests|world	implemented_reference_map	reference_extracted_pending_domain_review
WDM-ARTIFACT-8cee5d6c2566	artifact	merged with winning escalation	canon/canonical_story_tree/all_25_books_latest_full_cycle.txt|canon/canonical_story_tree/books/Book_21_The_Final_Descent/book_content.txt	cello	timeline|relationships|scenes|quests|world	implemented_reference_map	reference_extracted_pending_domain_review
WDM-ARTIFACT-f4f649b3c5de	artifact	but not the defining movement	canon/canonical_story_tree/all_25_books_latest_full_cycle.txt|canon/canonical_story_tree/books/Book_21_The_Final_Descent/book_content.txt	cello	timeline|relationships|scenes|quests|world	implemented_reference_map	reference_extracted_pending_domain_review
WDM-ARTIFACT-5d89a8bb8355	artifact	too external	canon/canonical_story_tree/all_25_books_latest_full_cycle.txt|canon/canonical_story_tree/books/Book_21_The_Final_Descent/book_content.txt	cello	timeline|relationships|scenes|quests|world	implemented_reference_map	reference_extracted_pending_domain_review
WDM-ARTIFACT-f44bcdad0111	artifact	better as support beat	canon/canonical_story_tree/all_25_books_latest_full_cycle.txt|canon/canonical_story_tree/books/Book_21_The_Final_Descent/book_content.txt	cello	timeline|relationships|scenes|quests|world	implemented_reference_map	reference_extracted_pending_domain_review
WDM-ARTIFACT-4e8d29857d8e	artifact	better later in revelation-field logic	canon/canonical_story_tree/all_25_books_latest_full_cycle.txt|canon/canonical_story_tree/books/Book_21_The_Final_Descent/book_content.txt	cello	timeline|relationships|scenes|quests|world	implemented_reference_map	reference_extracted_pending_domain_review
WDM-ARTIFACT-1ef17f89eac8	artifact	strong but secondary	canon/canonical_story_tree/all_25_books_latest_full_cycle.txt|canon/canonical_story_tree/books/Book_21_The_Final_Descent/book_content.txt	cello	timeline|relationships|scenes|quests|world	implemented_reference_map	reference_extracted_pending_domain_review
WDM-ARTIFACT-495a1754f97c	artifact	"Blood Cello
Pip’s final playing"	canon/canonical_story_tree/all_25_books_latest_full_cycle.txt|canon/canonical_story_tree/books/Book_21_The_Final_Descent/book_content.txt	cello	timeline|relationships|scenes|quests|world	implemented_reference_map	reference_extracted_pending_domain_review
WDM-ARTIFACT-908d00d57dc9	artifact	in Book	canon/canonical_story_tree/all_25_books_latest_full_cycle.txt|canon/canonical_story_tree/books/Book_21_The_Final_Descent/book_content.txt	cello	timeline|relationships|scenes|quests|world	implemented_reference_map	reference_extracted_pending_domain_review
WDM-ARTIFACT-83fb4ec22e80	artifact	feels seeded	canon/canonical_story_tree/all_25_books_latest_full_cycle.txt|canon/canonical_story_tree/books/Book_21_The_Final_Descent/book_content.txt	cello	timeline|relationships|scenes|quests|world	implemented_reference_map	reference_extracted_pending_domain_review
WDM-ARTIFACT-3d5a14710a05	artifact	not sudden	canon/canonical_story_tree/all_25_books_latest_full_cycle.txt|canon/canonical_story_tree/books/Book_21_The_Final_Descent/book_content.txt	cello	timeline|relationships|scenes|quests|world	implemented_reference_map	reference_extracted_pending_domain_review
WDM-ARTIFACT-66908c85e01d	artifact	death	canon/canonical_story_tree/all_25_books_latest_full_cycle.txt|canon/canonical_story_tree/books/Book_21_The_Final_Descent/book_content.txt|canon/canonical_story_tree/books/Book_23_The_Final_Resonance/book_content.txt|canon/canonical_story_tree/books/Book_24_Born_To_Die/book_content.txt|canon/canonical_story_tree/books/Book_25_Death_Is_Rebirth/book_content.txt	cello	timeline|relationships|scenes|quests|world	implemented_reference_map	reference_extracted_pending_domain_review
WDM-ARTIFACT-8f6ca1243b2d	artifact	anti-return	canon/canonical_story_tree/all_25_books_latest_full_cycle.txt|canon/canonical_story_tree/books/Book_21_The_Final_Descent/book_content.txt	cello	timeline|relationships|scenes|quests|world	implemented_reference_map	reference_extracted_pending_domain_review
WDM-ARTIFACT-7b2de3a05e8b	artifact	anti-thread architect	canon/canonical_story_tree/all_25_books_latest_full_cycle.txt|canon/canonical_story_tree/books/Book_21_The_Final_Descent/book_content.txt	cello	timeline|relationships|scenes|quests|world	implemented_reference_map	reference_extracted_pending_domain_review
WDM-ARTIFACT-7581aaa08844	artifact	severance cannot erase meaning cleanly	canon/canonical_story_tree/all_25_books_latest_full_cycle.txt|canon/canonical_story_tree/books/Book_21_The_Final_Descent/book_content.txt	cello	timeline|relationships|scenes|quests|world	implemented_reference_map	reference_extracted_pending_domain_review
WDM-ARTIFACT-2b6016092407	artifact	terror at what they almost	canon/canonical_story_tree/all_25_books_latest_full_cycle.txt|canon/canonical_story_tree/books/Book_21_The_Final_Descent/book_content.txt	cello	timeline|relationships|scenes|quests|world	implemented_reference_map	reference_extracted_pending_domain_review
WDM-ARTIFACT-aafd2a26c80a	artifact	removed from reality	canon/canonical_story_tree/all_25_books_latest_full_cycle.txt|canon/canonical_story_tree/books/Book_21_The_Final_Descent/book_content.txt	cello	timeline|relationships|scenes|quests|world	implemented_reference_map	reference_extracted_pending_domain_review
WDM-ARTIFACT-cfd9162ade3b	artifact	unsettling return	canon/canonical_story_tree/all_25_books_latest_full_cycle.txt|canon/canonical_story_tree/books/Book_21_The_Final_Descent/book_content.txt	cello	timeline|relationships|scenes|quests|world	implemented_reference_map	reference_extracted_pending_domain_review
WDM-ARTIFACT-c6b65dad4434	artifact	lets resurrection answer anti-thread desecration	canon/canonical_story_tree/all_25_books_latest_full_cycle.txt|canon/canonical_story_tree/books/Book_21_The_Final_Descent/book_content.txt	cello	timeline|relationships|scenes|quests|world	implemented_reference_map	reference_extracted_pending_domain_review
WDM-ARTIFACT-783df03de45f	artifact	"early-middle descent

Summary"	canon/canonical_story_tree/all_25_books_latest_full_cycle.txt|canon/canonical_story_tree/books/Book_21_The_Final_Descent/book_content.txt	cello	timeline|relationships|scenes|quests|world	implemented_reference_map	reference_extracted_pending_domain_review
WDM-ARTIFACT-2639004c1f04	artifact	The descent collapses partially	canon/canonical_story_tree/all_25_books_latest_full_cycle.txt|canon/canonical_story_tree/books/Book_21_The_Final_Descent/book_content.txt	cello	timeline|relationships|scenes|quests|world	implemented_reference_map	reference_extracted_pending_domain_review
WDM-ARTIFACT-c9f422429461	artifact	and Pip feels living and	canon/canonical_story_tree/all_25_books_latest_full_cycle.txt|canon/canonical_story_tree/books/Book_21_The_Final_Descent/book_content.txt	cello	timeline|relationships|scenes|quests|world	implemented_reference_map	reference_extracted_pending_domain_review
WDM-ARTIFACT-06b49d76e79d	artifact	failing life-threads directly for the	canon/canonical_story_tree/all_25_books_latest_full_cycle.txt|canon/canonical_story_tree/books/Book_21_The_Final_Descent/book_content.txt	cello	timeline|relationships|scenes|quests|world	implemented_reference_map	reference_extracted_pending_domain_review
WDM-ARTIFACT-691de8756c1d	artifact	first time at unbearable scale	canon/canonical_story_tree/all_25_books_latest_full_cycle.txt|canon/canonical_story_tree/books/Book_21_The_Final_Descent/book_content.txt	cello	timeline|relationships|scenes|quests|world	implemented_reference_map	reference_extracted_pending_domain_review
WDM-ARTIFACT-8bde274fccac	artifact	This is not yet Blood	canon/canonical_story_tree/all_25_books_latest_full_cycle.txt|canon/canonical_story_tree/books/Book_21_The_Final_Descent/book_content.txt	cello	timeline|relationships|scenes|quests|world	implemented_reference_map	reference_extracted_pending_domain_review
WDM-ARTIFACT-f4181260ee34	artifact	but it is its bodily	canon/canonical_story_tree/all_25_books_latest_full_cycle.txt|canon/canonical_story_tree/books/Book_21_The_Final_Descent/book_content.txt	cello	timeline|relationships|scenes|quests|world	implemented_reference_map	reference_extracted_pending_domain_review
WDM-ARTIFACT-523cd4c99227	artifact	precursor	canon/canonical_story_tree/all_25_books_latest_full_cycle.txt|canon/canonical_story_tree/books/Book_21_The_Final_Descent/book_content.txt	cello	timeline|relationships|scenes|quests|world	implemented_reference_map	reference_extracted_pending_domain_review
WDM-ARTIFACT-41cbcf0d1cc0	artifact	He does not gain mastery	canon/canonical_story_tree/all_25_books_latest_full_cycle.txt|canon/canonical_story_tree/books/Book_21_The_Final_Descent/book_content.txt	cello	timeline|relationships|scenes|quests|world	implemented_reference_map	reference_extracted_pending_domain_review
WDM-ARTIFACT-54188783166d	artifact	from this	canon/canonical_story_tree/all_25_books_latest_full_cycle.txt|canon/canonical_story_tree/books/Book_21_The_Final_Descent/book_content.txt	cello	timeline|relationships|scenes|quests|world	implemented_reference_map	reference_extracted_pending_domain_review
WDM-ARTIFACT-bc3e3c48c8e0	artifact	He gains pain	canon/canonical_story_tree/all_25_books_latest_full_cycle.txt|canon/canonical_story_tree/books/Book_21_The_Final_Descent/book_content.txt	cello	timeline|relationships|scenes|quests|world	implemented_reference_map	reference_extracted_pending_domain_review
WDM-ARTIFACT-db3a234ce369	artifact	and unwilling intimacy with the	canon/canonical_story_tree/all_25_books_latest_full_cycle.txt|canon/canonical_story_tree/books/Book_21_The_Final_Descent/book_content.txt	cello	timeline|relationships|scenes|quests|world	implemented_reference_map	reference_extracted_pending_domain_review
WDM-ARTIFACT-10ae1482fd39	artifact	survival of others	canon/canonical_story_tree/all_25_books_latest_full_cycle.txt|canon/canonical_story_tree/books/Book_21_The_Final_Descent/book_content.txt	cello	timeline|relationships|scenes|quests|world	implemented_reference_map	reference_extracted_pending_domain_review
WDM-ARTIFACT-218bb2533db0	artifact	seed Book	canon/canonical_story_tree/all_25_books_latest_full_cycle.txt|canon/canonical_story_tree/books/Book_21_The_Final_Descent/book_content.txt	cello	timeline|relationships|scenes|quests|world	implemented_reference_map	reference_extracted_pending_domain_review
WDM-ARTIFACT-c8c1446bca70	artifact	thread perception	canon/canonical_story_tree/all_25_books_latest_full_cycle.txt|canon/canonical_story_tree/books/Book_21_The_Final_Descent/book_content.txt	cello	timeline|relationships|scenes|quests|world	implemented_reference_map	reference_extracted_pending_domain_review
WDM-ARTIFACT-de5f5c35603f	artifact	B22	canon/canonical_story_tree/all_25_books_latest_full_cycle.txt|canon/canonical_story_tree/books/Book_22_The_Last_Open_Gate/book_content.txt	cello	timeline|relationships|scenes|quests|world	implemented_reference_map	reference_extracted_pending_domain_review
WDM-ARTIFACT-d29d188d2fe3	artifact	Gate	canon/canonical_story_tree/all_25_books_latest_full_cycle.txt|canon/canonical_story_tree/books/Book_22_The_Last_Open_Gate/book_content.txt	cello	timeline|relationships|scenes|quests|world	implemented_reference_map	reference_extracted_pending_domain_review
WDM-ARTIFACT-7858c71f44b5	artifact	Judgment	canon/canonical_story_tree/all_25_books_latest_full_cycle.txt|canon/canonical_story_tree/books/Book_22_The_Last_Open_Gate/book_content.txt	cello	timeline|relationships|scenes|quests|world	implemented_reference_map	reference_extracted_pending_domain_review
WDM-ARTIFACT-75cb531be4cc	artifact	Core	canon/canonical_story_tree/all_25_books_latest_full_cycle.txt|canon/canonical_story_tree/books/Book_22_The_Last_Open_Gate/book_content.txt	cello	timeline|relationships|scenes|quests|world	implemented_reference_map	reference_extracted_pending_domain_review
WDM-ARTIFACT-dec6af68c2ff	artifact	Mother	canon/canonical_story_tree/all_25_books_latest_full_cycle.txt|canon/canonical_story_tree/books/Book_22_The_Last_Open_Gate/book_content.txt|canon/canonical_story_tree/books/Book_23_The_Final_Resonance/book_content.txt	cello	timeline|relationships|scenes|quests|world	implemented_reference_map	reference_extracted_pending_domain_review
WDM-ARTIFACT-c5e6181b308c	artifact	Reader	canon/canonical_story_tree/all_25_books_latest_full_cycle.txt|canon/canonical_story_tree/books/Book_22_The_Last_Open_Gate/book_content.txt	cello	timeline|relationships|scenes|quests|world	implemented_reference_map	reference_extracted_pending_domain_review
WDM-ARTIFACT-200af2a7189f	artifact	The Last Open Gate Scene	canon/canonical_story_tree/all_25_books_latest_full_cycle.txt|canon/canonical_story_tree/books/Book_22_The_Last_Open_Gate/book_content.txt	cello	timeline|relationships|scenes|quests|world	implemented_reference_map	reference_extracted_pending_domain_review
WDM-ARTIFACT-ac8d5284d168	artifact	The Last Open Gate	canon/canonical_story_tree/all_25_books_latest_full_cycle.txt|canon/canonical_story_tree/books/Book_22_The_Last_Open_Gate/book_content.txt	cello	timeline|relationships|scenes|quests|world	implemented_reference_map	reference_extracted_pending_domain_review
WDM-ARTIFACT-9875ac75cfce	artifact	"Current late-book structural need
Turn"	canon/canonical_story_tree/all_25_books_latest_full_cycle.txt|canon/canonical_story_tree/books/Book_22_The_Last_Open_Gate/book_content.txt	cello	timeline|relationships|scenes|quests|world	implemented_reference_map	reference_extracted_pending_domain_review
WDM-ARTIFACT-ca161084796b	artifact	all prior choices into access	canon/canonical_story_tree/all_25_books_latest_full_cycle.txt|canon/canonical_story_tree/books/Book_22_The_Last_Open_Gate/book_content.txt	cello	timeline|relationships|scenes|quests|world	implemented_reference_map	reference_extracted_pending_domain_review
WDM-ARTIFACT-42d169d7d2f6	artifact	Nieth pressure in this book	canon/canonical_story_tree/all_25_books_latest_full_cycle.txt|canon/canonical_story_tree/books/Book_22_The_Last_Open_Gate/book_content.txt|canon/canonical_story_tree/books/Book_24_Born_To_Die/book_content.txt	cello	timeline|relationships|scenes|quests|world	implemented_reference_map	reference_extracted_pending_domain_review
WDM-ARTIFACT-9c6fbcda04c4	artifact	Gate-holder or witness-character who dies	canon/canonical_story_tree/all_25_books_latest_full_cycle.txt|canon/canonical_story_tree/books/Book_22_The_Last_Open_Gate/book_content.txt	cello	timeline|relationships|scenes|quests|world	implemented_reference_map	reference_extracted_pending_domain_review
WDM-ARTIFACT-05f8d404a3ea	artifact	so passage remains possible	canon/canonical_story_tree/all_25_books_latest_full_cycle.txt|canon/canonical_story_tree/books/Book_22_The_Last_Open_Gate/book_content.txt	cello	timeline|relationships|scenes|quests|world	implemented_reference_map	reference_extracted_pending_domain_review
WDM-ARTIFACT-9c97a74f4fa1	artifact	"Villain downfall candidate
One who"	canon/canonical_story_tree/all_25_books_latest_full_cycle.txt|canon/canonical_story_tree/books/Book_22_The_Last_Open_Gate/book_content.txt|canon/canonical_story_tree/books/Book_24_Born_To_Die/book_content.txt	cello	timeline|relationships|scenes|quests|world	implemented_reference_map	reference_extracted_pending_domain_review
WDM-ARTIFACT-5b22c758113b	artifact	tries to own the gate	canon/canonical_story_tree/all_25_books_latest_full_cycle.txt|canon/canonical_story_tree/books/Book_22_The_Last_Open_Gate/book_content.txt	cello	timeline|relationships|scenes|quests|world	implemented_reference_map	reference_extracted_pending_domain_review
WDM-ARTIFACT-282d3a05317a	artifact	and is judged by it	canon/canonical_story_tree/all_25_books_latest_full_cycle.txt|canon/canonical_story_tree/books/Book_22_The_Last_Open_Gate/book_content.txt	cello	timeline|relationships|scenes|quests|world	implemented_reference_map	reference_extracted_pending_domain_review
WDM-ARTIFACT-2a2c2b25c497	artifact	"Blood Cello setup consequence
By"	canon/canonical_story_tree/all_25_books_latest_full_cycle.txt|canon/canonical_story_tree/books/Book_22_The_Last_Open_Gate/book_content.txt	cello	timeline|relationships|scenes|quests|world	implemented_reference_map	reference_extracted_pending_domain_review
WDM-ARTIFACT-62630bd668a0	artifact	the end	canon/canonical_story_tree/all_25_books_latest_full_cycle.txt|canon/canonical_story_tree/books/Book_22_The_Last_Open_Gate/book_content.txt	cello	timeline|relationships|scenes|quests|world	implemented_reference_map	reference_extracted_pending_domain_review
WDM-ARTIFACT-0b060036f732	artifact	only the final trigger death	canon/canonical_story_tree/all_25_books_latest_full_cycle.txt|canon/canonical_story_tree/books/Book_22_The_Last_Open_Gate/book_content.txt	cello	timeline|relationships|scenes|quests|world	implemented_reference_map	reference_extracted_pending_domain_review
WDM-ARTIFACT-9ea49c46ade4	artifact	remains capable of beginning Blood	canon/canonical_story_tree/all_25_books_latest_full_cycle.txt|canon/canonical_story_tree/books/Book_22_The_Last_Open_Gate/book_content.txt	cello	timeline|relationships|scenes|quests|world	implemented_reference_map	reference_extracted_pending_domain_review
WDM-ARTIFACT-3987843d237d	artifact	Gate-law judges prior choices	canon/canonical_story_tree/all_25_books_latest_full_cycle.txt|canon/canonical_story_tree/books/Book_22_The_Last_Open_Gate/book_content.txt	cello	timeline|relationships|scenes|quests|world	implemented_reference_map	reference_extracted_pending_domain_review
WDM-ARTIFACT-bdb9f9cc1f8b	artifact	Rippers swarm the gate edges	canon/canonical_story_tree/all_25_books_latest_full_cycle.txt|canon/canonical_story_tree/books/Book_22_The_Last_Open_Gate/book_content.txt	cello	timeline|relationships|scenes|quests|world	implemented_reference_map	reference_extracted_pending_domain_review
WDM-ARTIFACT-a5a2580b13a3	artifact	Wraith false-beloved sequence	canon/canonical_story_tree/all_25_books_latest_full_cycle.txt|canon/canonical_story_tree/books/Book_22_The_Last_Open_Gate/book_content.txt	cello	timeline|relationships|scenes|quests|world	implemented_reference_map	reference_extracted_pending_domain_review
WDM-ARTIFACT-5d64994a1efd	artifact	Xethrolund becomes indispensable threshold reader	canon/canonical_story_tree/all_25_books_latest_full_cycle.txt|canon/canonical_story_tree/books/Book_22_The_Last_Open_Gate/book_content.txt	cello	timeline|relationships|scenes|quests|world	implemented_reference_map	reference_extracted_pending_domain_review
WDM-ARTIFACT-c0ed0af0cc3b	artifact	important but narrower	canon/canonical_story_tree/all_25_books_latest_full_cycle.txt|canon/canonical_story_tree/books/Book_22_The_Last_Open_Gate/book_content.txt	cello	timeline|relationships|scenes|quests|world	implemented_reference_map	reference_extracted_pending_domain_review
WDM-ARTIFACT-999ccd362b10	artifact	can occur inside the event	canon/canonical_story_tree/all_25_books_latest_full_cycle.txt|canon/canonical_story_tree/books/Book_22_The_Last_Open_Gate/book_content.txt	cello	timeline|relationships|scenes|quests|world	implemented_reference_map	reference_extracted_pending_domain_review
WDM-ARTIFACT-a6551792354f	artifact	are support functions	canon/canonical_story_tree/all_25_books_latest_full_cycle.txt|canon/canonical_story_tree/books/Book_22_The_Last_Open_Gate/book_content.txt	cello	timeline|relationships|scenes|quests|world	implemented_reference_map	reference_extracted_pending_domain_review
WDM-ARTIFACT-fa682dcfb444	artifact	can be part of the	canon/canonical_story_tree/all_25_books_latest_full_cycle.txt|canon/canonical_story_tree/books/Book_22_The_Last_Open_Gate/book_content.txt	cello	timeline|relationships|scenes|quests|world	implemented_reference_map	reference_extracted_pending_domain_review
WDM-ARTIFACT-f370dc0ad773	artifact	judgment grammar	canon/canonical_story_tree/all_25_books_latest_full_cycle.txt|canon/canonical_story_tree/books/Book_22_The_Last_Open_Gate/book_content.txt	cello	timeline|relationships|scenes|quests|world	implemented_reference_map	reference_extracted_pending_domain_review
WDM-ARTIFACT-bbec277b38fd	artifact	"Blood Cello
Final-field help is"	canon/canonical_story_tree/all_25_books_latest_full_cycle.txt|canon/canonical_story_tree/books/Book_22_The_Last_Open_Gate/book_content.txt	cello	timeline|relationships|scenes|quests|world	implemented_reference_map	reference_extracted_pending_domain_review
WDM-ARTIFACT-09df5beb77a5	artifact	now relationally justified	canon/canonical_story_tree/all_25_books_latest_full_cycle.txt|canon/canonical_story_tree/books/Book_22_The_Last_Open_Gate/book_content.txt	cello	timeline|relationships|scenes|quests|world	implemented_reference_map	reference_extracted_pending_domain_review
WDM-ARTIFACT-f6704addc914	artifact	not convenient	canon/canonical_story_tree/all_25_books_latest_full_cycle.txt|canon/canonical_story_tree/books/Book_22_The_Last_Open_Gate/book_content.txt	cello	timeline|relationships|scenes|quests|world	implemented_reference_map	reference_extracted_pending_domain_review
WDM-ARTIFACT-61a89db4e4e1	artifact	party architecture report	canon/canonical_story_tree/all_25_books_latest_full_cycle.txt|canon/canonical_story_tree/books/Book_22_The_Last_Open_Gate/book_content.txt|canon/canonical_story_tree/books/Book_24_Born_To_Die/book_content.txt	cello	timeline|relationships|scenes|quests|world	implemented_reference_map	reference_extracted_pending_domain_review
WDM-ARTIFACT-4ee6c0e3b88e	artifact	threshold tyrant	canon/canonical_story_tree/all_25_books_latest_full_cycle.txt|canon/canonical_story_tree/books/Book_22_The_Last_Open_Gate/book_content.txt	cello	timeline|relationships|scenes|quests|world	implemented_reference_map	reference_extracted_pending_domain_review
WDM-ARTIFACT-efd92af9ee0d	artifact	gate-owner	canon/canonical_story_tree/all_25_books_latest_full_cycle.txt|canon/canonical_story_tree/books/Book_22_The_Last_Open_Gate/book_content.txt	cello	timeline|relationships|scenes|quests|world	implemented_reference_map	reference_extracted_pending_domain_review
WDM-ARTIFACT-e5aa2ef65d4f	artifact	access cannot be owned without	canon/canonical_story_tree/all_25_books_latest_full_cycle.txt|canon/canonical_story_tree/books/Book_22_The_Last_Open_Gate/book_content.txt	cello	timeline|relationships|scenes|quests|world	implemented_reference_map	reference_extracted_pending_domain_review
WDM-ARTIFACT-04ea88ec49a9	artifact	corruption	canon/canonical_story_tree/all_25_books_latest_full_cycle.txt|canon/canonical_story_tree/books/Book_22_The_Last_Open_Gate/book_content.txt	cello	timeline|relationships|scenes|quests|world	implemented_reference_map	reference_extracted_pending_domain_review
WDM-ARTIFACT-dbe7eca3eab7	artifact	trapped inside the very law	canon/canonical_story_tree/all_25_books_latest_full_cycle.txt|canon/canonical_story_tree/books/Book_22_The_Last_Open_Gate/book_content.txt	cello	timeline|relationships|scenes|quests|world	implemented_reference_map	reference_extracted_pending_domain_review
WDM-ARTIFACT-a20597566cec	artifact	they imposed	canon/canonical_story_tree/all_25_books_latest_full_cycle.txt|canon/canonical_story_tree/books/Book_22_The_Last_Open_Gate/book_content.txt	cello	timeline|relationships|scenes|quests|world	implemented_reference_map	reference_extracted_pending_domain_review
WDM-ARTIFACT-beecd5df0bf7	artifact	judgment return	canon/canonical_story_tree/all_25_books_latest_full_cycle.txt|canon/canonical_story_tree/books/Book_22_The_Last_Open_Gate/book_content.txt	cello	timeline|relationships|scenes|quests|world	implemented_reference_map	reference_extracted_pending_domain_review
WDM-ARTIFACT-cfaad5afe6fc	artifact	aligns gate-law with moral consequence	canon/canonical_story_tree/all_25_books_latest_full_cycle.txt|canon/canonical_story_tree/books/Book_22_The_Last_Open_Gate/book_content.txt	cello	timeline|relationships|scenes|quests|world	implemented_reference_map	reference_extracted_pending_domain_review
WDM-ARTIFACT-09903d8e368d	artifact	best-fit inferred balancing pass	canon/canonical_story_tree/all_25_books_latest_full_cycle.txt|canon/canonical_story_tree/books/Book_22_The_Last_Open_Gate/book_content.txt|canon/canonical_story_tree/books/Book_24_Born_To_Die/book_content.txt|canon/canonical_story_tree/books/Book_25_Death_Is_Rebirth/book_content.txt	cello	timeline|relationships|scenes|quests|world	implemented_reference_map	reference_extracted_pending_domain_review
WDM-ARTIFACT-27204b73d88c	artifact	keeps the last gate open	canon/canonical_story_tree/all_25_books_latest_full_cycle.txt|canon/canonical_story_tree/books/Book_22_The_Last_Open_Gate/book_content.txt	weapon	timeline|relationships|scenes|quests|world	implemented_reference_map	reference_extracted_pending_domain_review
WDM-ARTIFACT-b88d64136674	artifact	at all	canon/canonical_story_tree/all_25_books_latest_full_cycle.txt|canon/canonical_story_tree/books/Book_22_The_Last_Open_Gate/book_content.txt	weapon	timeline|relationships|scenes|quests|world	implemented_reference_map	reference_extracted_pending_domain_review
WDM-ARTIFACT-ccf7c5ad2c0a	artifact	Rippers	canon/canonical_story_tree/all_25_books_latest_full_cycle.txt|canon/canonical_story_tree/books/Book_22_The_Last_Open_Gate/book_content.txt|canon/canonical_story_tree/books/Book_24_Born_To_Die/book_content.txt	cello|weapon	timeline|relationships|scenes|quests|world	implemented_reference_map	reference_extracted_pending_domain_review
WDM-ARTIFACT-5022252c2e28	artifact	Unweavers pressure in this book	canon/canonical_story_tree/all_25_books_latest_full_cycle.txt|canon/canonical_story_tree/books/Book_22_The_Last_Open_Gate/book_content.txt|canon/canonical_story_tree/books/Book_24_Born_To_Die/book_content.txt	cello|weapon	timeline|relationships|scenes|quests|world	implemented_reference_map	reference_extracted_pending_domain_review
WDM-ARTIFACT-a70dba3da750	artifact	They try to sever access	canon/canonical_story_tree/all_25_books_latest_full_cycle.txt|canon/canonical_story_tree/books/Book_22_The_Last_Open_Gate/book_content.txt	weapon	timeline|relationships|scenes|quests|world	implemented_reference_map	reference_extracted_pending_domain_review
WDM-ARTIFACT-228cbf6df05c	artifact	and collapse the final convergence	canon/canonical_story_tree/all_25_books_latest_full_cycle.txt|canon/canonical_story_tree/books/Book_22_The_Last_Open_Gate/book_content.txt	weapon	timeline|relationships|scenes|quests|world	implemented_reference_map	reference_extracted_pending_domain_review
WDM-ARTIFACT-856e4cad660d	artifact	route	canon/canonical_story_tree/all_25_books_latest_full_cycle.txt|canon/canonical_story_tree/books/Book_22_The_Last_Open_Gate/book_content.txt	weapon	timeline|relationships|scenes|quests|world	implemented_reference_map	reference_extracted_pending_domain_review
WDM-ARTIFACT-69aadb33b5ed	artifact	Wraithbound	canon/canonical_story_tree/all_25_books_latest_full_cycle.txt|canon/canonical_story_tree/books/Book_22_The_Last_Open_Gate/book_content.txt|canon/canonical_story_tree/books/Book_24_Born_To_Die/book_content.txt	weapon	timeline|relationships|scenes|quests|world	implemented_reference_map	reference_extracted_pending_domain_review
WDM-ARTIFACT-b55b915890c2	artifact	Wraith pressure in this book	canon/canonical_story_tree/all_25_books_latest_full_cycle.txt|canon/canonical_story_tree/books/Book_22_The_Last_Open_Gate/book_content.txt|canon/canonical_story_tree/books/Book_24_Born_To_Die/book_content.txt	weapon	timeline|relationships|scenes|quests|world	implemented_reference_map	reference_extracted_pending_domain_review
WDM-ARTIFACT-b51a94466277	artifact	They weaponize false arrival	canon/canonical_story_tree/all_25_books_latest_full_cycle.txt|canon/canonical_story_tree/books/Book_22_The_Last_Open_Gate/book_content.txt	weapon	timeline|relationships|scenes|quests|world	implemented_reference_map	reference_extracted_pending_domain_review
WDM-ARTIFACT-fdd29e90f524	artifact	false beloveds	canon/canonical_story_tree/all_25_books_latest_full_cycle.txt|canon/canonical_story_tree/books/Book_22_The_Last_Open_Gate/book_content.txt	weapon	timeline|relationships|scenes|quests|world	implemented_reference_map	reference_extracted_pending_domain_review
WDM-ARTIFACT-8ebc6028b651	artifact	and threshold confusion	canon/canonical_story_tree/all_25_books_latest_full_cycle.txt|canon/canonical_story_tree/books/Book_22_The_Last_Open_Gate/book_content.txt	weapon	timeline|relationships|scenes|quests|world	implemented_reference_map	reference_extracted_pending_domain_review
WDM-ARTIFACT-682b7289a163	artifact	War	canon/canonical_story_tree/all_25_books_latest_full_cycle.txt|canon/canonical_story_tree/books/Book_22_The_Last_Open_Gate/book_content.txt|canon/canonical_story_tree/books/Book_24_Born_To_Die/book_content.txt	weapon	timeline|relationships|scenes|quests|world	implemented_reference_map	reference_extracted_pending_domain_review
WDM-ARTIFACT-414c471d36a4	artifact	"battle pressure
Gate-war under choice"	canon/canonical_story_tree/all_25_books_latest_full_cycle.txt|canon/canonical_story_tree/books/Book_22_The_Last_Open_Gate/book_content.txt	weapon	timeline|relationships|scenes|quests|world	implemented_reference_map	reference_extracted_pending_domain_review
WDM-ARTIFACT-852251d052d9	artifact	"Mystic wonder set piece
The"	canon/canonical_story_tree/all_25_books_latest_full_cycle.txt|canon/canonical_story_tree/books/Book_22_The_Last_Open_Gate/book_content.txt	weapon	timeline|relationships|scenes|quests|world	implemented_reference_map	reference_extracted_pending_domain_review
WDM-ARTIFACT-a146c3afc065	artifact	final gate as living impossible	canon/canonical_story_tree/all_25_books_latest_full_cycle.txt|canon/canonical_story_tree/books/Book_22_The_Last_Open_Gate/book_content.txt	weapon	timeline|relationships|scenes|quests|world	implemented_reference_map	reference_extracted_pending_domain_review
WDM-ARTIFACT-7ce9731322d9	artifact	B23	canon/canonical_story_tree/all_25_books_latest_full_cycle.txt|canon/canonical_story_tree/books/Book_23_The_Final_Resonance/book_content.txt	cello	timeline|relationships|scenes|quests|world	implemented_reference_map	reference_extracted_pending_domain_review
WDM-ARTIFACT-7dc20e8443e5	artifact	Geode	canon/canonical_story_tree/all_25_books_latest_full_cycle.txt|canon/canonical_story_tree/books/Book_23_The_Final_Resonance/book_content.txt	cello	timeline|relationships|scenes|quests|world	implemented_reference_map	reference_extracted_pending_domain_review
WDM-ARTIFACT-3cd21b965bac	artifact	Rebirth	canon/canonical_story_tree/all_25_books_latest_full_cycle.txt|canon/canonical_story_tree/books/Book_23_The_Final_Resonance/book_content.txt|canon/canonical_story_tree/books/Book_24_Born_To_Die/book_content.txt|canon/canonical_story_tree/books/Book_25_Death_Is_Rebirth/book_content.txt	cello	timeline|relationships|scenes|quests|world	implemented_reference_map	reference_extracted_pending_domain_review
WDM-ARTIFACT-7b62a430b213	artifact	Grounding	canon/canonical_story_tree/all_25_books_latest_full_cycle.txt|canon/canonical_story_tree/books/Book_23_The_Final_Resonance/book_content.txt	cello	timeline|relationships|scenes|quests|world	implemented_reference_map	reference_extracted_pending_domain_review
WDM-ARTIFACT-96fa89f6345b	artifact	The Final Resonance Scene Spine	canon/canonical_story_tree/all_25_books_latest_full_cycle.txt|canon/canonical_story_tree/books/Book_23_The_Final_Resonance/book_content.txt	cello	timeline|relationships|scenes|quests|world	implemented_reference_map	reference_extracted_pending_domain_review
WDM-ARTIFACT-e6d7b23c24ed	artifact	The Final Resonance	canon/canonical_story_tree/all_25_books_latest_full_cycle.txt|canon/canonical_story_tree/books/Book_23_The_Final_Resonance/book_content.txt	cello	timeline|relationships|scenes|quests|world	implemented_reference_map	reference_extracted_pending_domain_review
WDM-ARTIFACT-6aebce24c6c7	artifact	"Current late-book structural need
Gather"	canon/canonical_story_tree/all_25_books_latest_full_cycle.txt|canon/canonical_story_tree/books/Book_23_The_Final_Resonance/book_content.txt	cello	timeline|relationships|scenes|quests|world	implemented_reference_map	reference_extracted_pending_domain_review
WDM-ARTIFACT-bfc3fb8891c6	artifact	all pressures into one audible	canon/canonical_story_tree/all_25_books_latest_full_cycle.txt|canon/canonical_story_tree/books/Book_23_The_Final_Resonance/book_content.txt	cello	timeline|relationships|scenes|quests|world	implemented_reference_map	reference_extracted_pending_domain_review
WDM-ARTIFACT-6806fb911e95	artifact	No trigger death yet	canon/canonical_story_tree/all_25_books_latest_full_cycle.txt|canon/canonical_story_tree/books/Book_23_The_Final_Resonance/book_content.txt	cello	timeline|relationships|scenes|quests|world	implemented_reference_map	reference_extracted_pending_domain_review
WDM-ARTIFACT-ce37f9b9cf58	artifact	use readiness-for-trigger	canon/canonical_story_tree/all_25_books_latest_full_cycle.txt|canon/canonical_story_tree/books/Book_23_The_Final_Resonance/book_content.txt	cello	timeline|relationships|scenes|quests|world	implemented_reference_map	reference_extracted_pending_domain_review
WDM-ARTIFACT-3d85a36b30d6	artifact	"Villain downfall candidate
The first"	canon/canonical_story_tree/all_25_books_latest_full_cycle.txt|canon/canonical_story_tree/books/Book_23_The_Final_Resonance/book_content.txt	cello	timeline|relationships|scenes|quests|world	implemented_reference_map	reference_extracted_pending_domain_review
WDM-ARTIFACT-293073fafee4	artifact	villain broken by the revelation	canon/canonical_story_tree/all_25_books_latest_full_cycle.txt|canon/canonical_story_tree/books/Book_23_The_Final_Resonance/book_content.txt	cello	timeline|relationships|scenes|quests|world	implemented_reference_map	reference_extracted_pending_domain_review
WDM-ARTIFACT-c0b8cb0305d1	artifact	field instead of by force	canon/canonical_story_tree/all_25_books_latest_full_cycle.txt|canon/canonical_story_tree/books/Book_23_The_Final_Resonance/book_content.txt	cello	timeline|relationships|scenes|quests|world	implemented_reference_map	reference_extracted_pending_domain_review
WDM-ARTIFACT-e2b7e98ff2a9	artifact	"Blood Cello setup consequence
Book"	canon/canonical_story_tree/all_25_books_latest_full_cycle.txt|canon/canonical_story_tree/books/Book_23_The_Final_Resonance/book_content.txt	cello	timeline|relationships|scenes|quests|world	implemented_reference_map	reference_extracted_pending_domain_review
WDM-ARTIFACT-3e6800d3f7e0	artifact	becomes inevitable rather than surprising	canon/canonical_story_tree/all_25_books_latest_full_cycle.txt|canon/canonical_story_tree/books/Book_23_The_Final_Resonance/book_content.txt	cello	timeline|relationships|scenes|quests|world	implemented_reference_map	reference_extracted_pending_domain_review
WDM-ARTIFACT-0124cd5f0ee4	artifact	Resonance field forms around the	canon/canonical_story_tree/all_25_books_latest_full_cycle.txt|canon/canonical_story_tree/books/Book_23_The_Final_Resonance/book_content.txt	cello	timeline|relationships|scenes|quests|world	implemented_reference_map	reference_extracted_pending_domain_review
WDM-ARTIFACT-d76e042f07a9	artifact	cast	canon/canonical_story_tree/all_25_books_latest_full_cycle.txt|canon/canonical_story_tree/books/Book_23_The_Final_Resonance/book_content.txt|canon/canonical_story_tree/books/Book_24_Born_To_Die/book_content.txt|canon/canonical_story_tree/books/Book_25_Death_Is_Rebirth/book_content.txt	cello	timeline|relationships|scenes|quests|world	implemented_reference_map	reference_extracted_pending_domain_review
WDM-ARTIFACT-6239ec8a5f29	artifact	Villains begin returning under moral	canon/canonical_story_tree/all_25_books_latest_full_cycle.txt|canon/canonical_story_tree/books/Book_23_The_Final_Resonance/book_content.txt	cello	timeline|relationships|scenes|quests|world	implemented_reference_map	reference_extracted_pending_domain_review
WDM-ARTIFACT-5dec5f7ae035	artifact	Daisy nonverbally anchors the field	canon/canonical_story_tree/all_25_books_latest_full_cycle.txt|canon/canonical_story_tree/books/Book_23_The_Final_Resonance/book_content.txt	cello	timeline|relationships|scenes|quests|world	implemented_reference_map	reference_extracted_pending_domain_review
WDM-ARTIFACT-75d890a55fc8	artifact	Ursula inheritance pressure crests	canon/canonical_story_tree/all_25_books_latest_full_cycle.txt|canon/canonical_story_tree/books/Book_23_The_Final_Resonance/book_content.txt	cello	timeline|relationships|scenes|quests|world	implemented_reference_map	reference_extracted_pending_domain_review
WDM-ARTIFACT-b5766d5d9946	artifact	Rippers fail to sever the	canon/canonical_story_tree/all_25_books_latest_full_cycle.txt|canon/canonical_story_tree/books/Book_23_The_Final_Resonance/book_content.txt	cello	timeline|relationships|scenes|quests|world	implemented_reference_map	reference_extracted_pending_domain_review
WDM-ARTIFACT-dc71b72fd734	artifact	field cleanly	canon/canonical_story_tree/all_25_books_latest_full_cycle.txt|canon/canonical_story_tree/books/Book_23_The_Final_Resonance/book_content.txt	cello	timeline|relationships|scenes|quests|world	implemented_reference_map	reference_extracted_pending_domain_review
WDM-ARTIFACT-f38b10aa5819	artifact	Wraiths create false returns that	canon/canonical_story_tree/all_25_books_latest_full_cycle.txt|canon/canonical_story_tree/books/Book_23_The_Final_Resonance/book_content.txt	cello	timeline|relationships|scenes|quests|world	implemented_reference_map	reference_extracted_pending_domain_review
WDM-ARTIFACT-006c08334d58	artifact	only true love survives	canon/canonical_story_tree/all_25_books_latest_full_cycle.txt|canon/canonical_story_tree/books/Book_23_The_Final_Resonance/book_content.txt	cello	timeline|relationships|scenes|quests|world	implemented_reference_map	reference_extracted_pending_domain_review
WDM-ARTIFACT-286973701d35	artifact	near	canon/canonical_story_tree/all_25_books_latest_full_cycle.txt|canon/canonical_story_tree/books/Book_23_The_Final_Resonance/book_content.txt|canon/canonical_story_tree/books/Book_24_Born_To_Die/book_content.txt	cello	timeline|relationships|scenes|quests|world	implemented_reference_map	reference_extracted_pending_domain_review
WDM-ARTIFACT-f7955ac57d34	artifact	First awakened-power response	canon/canonical_story_tree/all_25_books_latest_full_cycle.txt|canon/canonical_story_tree/books/Book_23_The_Final_Resonance/book_content.txt	cello	timeline|relationships|scenes|quests|world	implemented_reference_map	reference_extracted_pending_domain_review
WDM-ARTIFACT-f1004aeece91	artifact	"winning escalation
Villains begin returning"	canon/canonical_story_tree/all_25_books_latest_full_cycle.txt|canon/canonical_story_tree/books/Book_23_The_Final_Resonance/book_content.txt	cello	timeline|relationships|scenes|quests|world	implemented_reference_map	reference_extracted_pending_domain_review
WDM-ARTIFACT-1122a758505a	artifact	can stay active in background	canon/canonical_story_tree/all_25_books_latest_full_cycle.txt|canon/canonical_story_tree/books/Book_23_The_Final_Resonance/book_content.txt	cello	timeline|relationships|scenes|quests|world	implemented_reference_map	reference_extracted_pending_domain_review
WDM-ARTIFACT-cccff7381f50	artifact	too tactical	canon/canonical_story_tree/all_25_books_latest_full_cycle.txt|canon/canonical_story_tree/books/Book_23_The_Final_Resonance/book_content.txt	cello	timeline|relationships|scenes|quests|world	implemented_reference_map	reference_extracted_pending_domain_review
WDM-ARTIFACT-d01af28fe08b	artifact	useful but narrower	canon/canonical_story_tree/all_25_books_latest_full_cycle.txt|canon/canonical_story_tree/books/Book_23_The_Final_Resonance/book_content.txt	cello	timeline|relationships|scenes|quests|world	implemented_reference_map	reference_extracted_pending_domain_review
WDM-ARTIFACT-c8149a3220a4	artifact	too declarative	canon/canonical_story_tree/all_25_books_latest_full_cycle.txt|canon/canonical_story_tree/books/Book_23_The_Final_Resonance/book_content.txt	cello	timeline|relationships|scenes|quests|world	implemented_reference_map	reference_extracted_pending_domain_review
WDM-ARTIFACT-63a297e894f8	artifact	better if delayed slightly	canon/canonical_story_tree/all_25_books_latest_full_cycle.txt|canon/canonical_story_tree/books/Book_23_The_Final_Resonance/book_content.txt	cello	timeline|relationships|scenes|quests|world	implemented_reference_map	reference_extracted_pending_domain_review
WDM-ARTIFACT-cfd2ce9cd1d9	artifact	"Blood Cello
Return is now"	canon/canonical_story_tree/all_25_books_latest_full_cycle.txt|canon/canonical_story_tree/books/Book_23_The_Final_Resonance/book_content.txt	cello	timeline|relationships|scenes|quests|world	implemented_reference_map	reference_extracted_pending_domain_review
WDM-ARTIFACT-82f1392dad9d	artifact	already established as revelation	canon/canonical_story_tree/all_25_books_latest_full_cycle.txt|canon/canonical_story_tree/books/Book_23_The_Final_Resonance/book_content.txt	cello	timeline|relationships|scenes|quests|world	implemented_reference_map	reference_extracted_pending_domain_review
WDM-ARTIFACT-a0bacf647d9f	artifact	not generic miracle	canon/canonical_story_tree/all_25_books_latest_full_cycle.txt|canon/canonical_story_tree/books/Book_23_The_Final_Resonance/book_content.txt	cello	timeline|relationships|scenes|quests|world	implemented_reference_map	reference_extracted_pending_domain_review
WDM-ARTIFACT-3d364e5bbb0b	artifact	revelation-broken antagonist	canon/canonical_story_tree/all_25_books_latest_full_cycle.txt|canon/canonical_story_tree/books/Book_23_The_Final_Resonance/book_content.txt	cello	timeline|relationships|scenes|quests|world	implemented_reference_map	reference_extracted_pending_domain_review
WDM-ARTIFACT-15a8c877fa5d	artifact	farewell can exceed domination	canon/canonical_story_tree/all_25_books_latest_full_cycle.txt|canon/canonical_story_tree/books/Book_23_The_Final_Resonance/book_content.txt	cello	timeline|relationships|scenes|quests|world	implemented_reference_map	reference_extracted_pending_domain_review
WDM-ARTIFACT-f8a35eca9aaf	artifact	identity collapse under resonance-field truth	canon/canonical_story_tree/all_25_books_latest_full_cycle.txt|canon/canonical_story_tree/books/Book_23_The_Final_Resonance/book_content.txt	cello	timeline|relationships|scenes|quests|world	implemented_reference_map	reference_extracted_pending_domain_review
WDM-ARTIFACT-62288eaf68d2	artifact	tragic return or redemptive-if-earned return	canon/canonical_story_tree/all_25_books_latest_full_cycle.txt|canon/canonical_story_tree/books/Book_23_The_Final_Resonance/book_content.txt	cello	timeline|relationships|scenes|quests|world	implemented_reference_map	reference_extracted_pending_domain_review
WDM-ARTIFACT-0bae97d9f33f	artifact	prepares readers for morally varied	canon/canonical_story_tree/all_25_books_latest_full_cycle.txt|canon/canonical_story_tree/books/Book_23_The_Final_Resonance/book_content.txt	cello	timeline|relationships|scenes|quests|world	implemented_reference_map	reference_extracted_pending_domain_review
WDM-ARTIFACT-438cbf895ff4	artifact	and chapter surfaces	canon/canonical_story_tree/all_25_books_latest_full_cycle.txt|canon/canonical_story_tree/books/Book_23_The_Final_Resonance/book_content.txt	cello	timeline|relationships|scenes|quests|world	implemented_reference_map	reference_extracted_pending_domain_review
WDM-ARTIFACT-e6d2844e1c6a	artifact	Scene Block	canon/canonical_story_tree/all_25_books_latest_full_cycle.txt|canon/canonical_story_tree/books/Book_23_The_Final_Resonance/book_content.txt|canon/canonical_story_tree/books/Book_25_Death_Is_Rebirth/book_content.txt	cello	timeline|relationships|scenes|quests|world	implemented_reference_map	reference_extracted_pending_domain_review
WDM-ARTIFACT-865a2c42ff5c	artifact	"Resonance Architecture Forms
Placement"	canon/canonical_story_tree/all_25_books_latest_full_cycle.txt|canon/canonical_story_tree/books/Book_23_The_Final_Resonance/book_content.txt	cello	timeline|relationships|scenes|quests|world	implemented_reference_map	reference_extracted_pending_domain_review
WDM-ARTIFACT-27a987089713	artifact	"early-mid book

Summary"	canon/canonical_story_tree/all_25_books_latest_full_cycle.txt|canon/canonical_story_tree/books/Book_23_The_Final_Resonance/book_content.txt	cello	timeline|relationships|scenes|quests|world	implemented_reference_map	reference_extracted_pending_domain_review
WDM-ARTIFACT-8979ada1dd84	artifact	The world starts visibly harmonizing	canon/canonical_story_tree/all_25_books_latest_full_cycle.txt|canon/canonical_story_tree/books/Book_23_The_Final_Resonance/book_content.txt	cello	timeline|relationships|scenes|quests|world	implemented_reference_map	reference_extracted_pending_domain_review
WDM-ARTIFACT-748e739a3aae	artifact	field that is not yet	canon/canonical_story_tree/all_25_books_latest_full_cycle.txt|canon/canonical_story_tree/books/Book_23_The_Final_Resonance/book_content.txt	cello	timeline|relationships|scenes|quests|world	implemented_reference_map	reference_extracted_pending_domain_review
WDM-ARTIFACT-328c258795cb	artifact	Blood Cello but is clearly	canon/canonical_story_tree/all_25_books_latest_full_cycle.txt|canon/canonical_story_tree/books/Book_23_The_Final_Resonance/book_content.txt	cello	timeline|relationships|scenes|quests|world	implemented_reference_map	reference_extracted_pending_domain_review
WDM-ARTIFACT-505329500d6b	artifact	preparing for it	canon/canonical_story_tree/all_25_books_latest_full_cycle.txt|canon/canonical_story_tree/books/Book_23_The_Final_Resonance/book_content.txt	cello	timeline|relationships|scenes|quests|world	implemented_reference_map	reference_extracted_pending_domain_review
WDM-ARTIFACT-fe1f970ef84c	artifact	shadow	canon/canonical_story_tree/all_25_books_latest_full_cycle.txt|canon/canonical_story_tree/books/Book_23_The_Final_Resonance/book_content.txt	cello	timeline|relationships|scenes|quests|world	implemented_reference_map	reference_extracted_pending_domain_review
WDM-ARTIFACT-6963faef2d5c	artifact	glass	canon/canonical_story_tree/all_25_books_latest_full_cycle.txt|canon/canonical_story_tree/books/Book_23_The_Final_Resonance/book_content.txt	cello	timeline|relationships|scenes|quests|world	implemented_reference_map	reference_extracted_pending_domain_review
WDM-ARTIFACT-229f97986703	artifact	and thread no longer feel	canon/canonical_story_tree/all_25_books_latest_full_cycle.txt|canon/canonical_story_tree/books/Book_23_The_Final_Resonance/book_content.txt	cello	timeline|relationships|scenes|quests|world	implemented_reference_map	reference_extracted_pending_domain_review
WDM-ARTIFACT-9b19736da6a7	artifact	like separate symbolic systems	canon/canonical_story_tree/all_25_books_latest_full_cycle.txt|canon/canonical_story_tree/books/Book_23_The_Final_Resonance/book_content.txt	cello	timeline|relationships|scenes|quests|world	implemented_reference_map	reference_extracted_pending_domain_review
WDM-ARTIFACT-30d7bc0f8c65	artifact	They begin acting as one	canon/canonical_story_tree/all_25_books_latest_full_cycle.txt|canon/canonical_story_tree/books/Book_23_The_Final_Resonance/book_content.txt	cello	timeline|relationships|scenes|quests|world	implemented_reference_map	reference_extracted_pending_domain_review
WDM-ARTIFACT-4f7fc98d72f9	artifact	make resonance visible	canon/canonical_story_tree/all_25_books_latest_full_cycle.txt|canon/canonical_story_tree/books/Book_23_The_Final_Resonance/book_content.txt	cello	timeline|relationships|scenes|quests|world	implemented_reference_map	reference_extracted_pending_domain_review
WDM-ARTIFACT-7bfb6f9d9bd8	artifact	field and cannot hide from	canon/canonical_story_tree/all_25_books_latest_full_cycle.txt|canon/canonical_story_tree/books/Book_23_The_Final_Resonance/book_content.txt	cello	timeline|relationships|scenes|quests|world	implemented_reference_map	reference_extracted_pending_domain_review
WDM-ARTIFACT-3ef52a0587c4	artifact	what they learned too late	canon/canonical_story_tree/all_25_books_latest_full_cycle.txt|canon/canonical_story_tree/books/Book_23_The_Final_Resonance/book_content.txt	cello	timeline|relationships|scenes|quests|world	implemented_reference_map	reference_extracted_pending_domain_review
WDM-ARTIFACT-e98594d60bd9	artifact	This is the first major	canon/canonical_story_tree/all_25_books_latest_full_cycle.txt|canon/canonical_story_tree/books/Book_23_The_Final_Resonance/book_content.txt	cello	timeline|relationships|scenes|quests|world	implemented_reference_map	reference_extracted_pending_domain_review
WDM-ARTIFACT-c32d2c0b6a1f	artifact	on-page proof that return is	canon/canonical_story_tree/all_25_books_latest_full_cycle.txt|canon/canonical_story_tree/books/Book_23_The_Final_Resonance/book_content.txt	cello	timeline|relationships|scenes|quests|world	implemented_reference_map	reference_extracted_pending_domain_review
WDM-ARTIFACT-4c722c702e6f	artifact	not simple reversal	canon/canonical_story_tree/all_25_books_latest_full_cycle.txt|canon/canonical_story_tree/books/Book_23_The_Final_Resonance/book_content.txt	cello	timeline|relationships|scenes|quests|world	implemented_reference_map	reference_extracted_pending_domain_review
WDM-ARTIFACT-24563f1f47b9	artifact	deliver morally textured return	canon/canonical_story_tree/all_25_books_latest_full_cycle.txt|canon/canonical_story_tree/books/Book_23_The_Final_Resonance/book_content.txt	cello	timeline|relationships|scenes|quests|world	implemented_reference_map	reference_extracted_pending_domain_review
WDM-ARTIFACT-04bdb27390d3	artifact	sharpen Blood Cello expectations	canon/canonical_story_tree/all_25_books_latest_full_cycle.txt|canon/canonical_story_tree/books/Book_23_The_Final_Resonance/book_content.txt	cello	timeline|relationships|scenes|quests|world	implemented_reference_map	reference_extracted_pending_domain_review
WDM-ARTIFACT-68649345dd12	artifact	prepare final-field complexity	canon/canonical_story_tree/all_25_books_latest_full_cycle.txt|canon/canonical_story_tree/books/Book_23_The_Final_Resonance/book_content.txt	cello	timeline|relationships|scenes|quests|world	implemented_reference_map	reference_extracted_pending_domain_review
WDM-ARTIFACT-2ddc489ddb4a	artifact	Xethrolund and Rolzen Become Audible	canon/canonical_story_tree/all_25_books_latest_full_cycle.txt|canon/canonical_story_tree/books/Book_23_The_Final_Resonance/book_content.txt	cello	timeline|relationships|scenes|quests|world	implemented_reference_map	reference_extracted_pending_domain_review
WDM-ARTIFACT-872eaa186e37	artifact	"Necessity
Placement"	canon/canonical_story_tree/all_25_books_latest_full_cycle.txt|canon/canonical_story_tree/books/Book_23_The_Final_Resonance/book_content.txt	cello	timeline|relationships|scenes|quests|world	implemented_reference_map	reference_extracted_pending_domain_review
WDM-ARTIFACT-d57178b4627b	artifact	"late book

Summary"	canon/canonical_story_tree/all_25_books_latest_full_cycle.txt|canon/canonical_story_tree/books/Book_23_The_Final_Resonance/book_content.txt	cello	timeline|relationships|scenes|quests|world	implemented_reference_map	reference_extracted_pending_domain_review
WDM-ARTIFACT-5a03fbb1c7ab	artifact	For the first time before	canon/canonical_story_tree/all_25_books_latest_full_cycle.txt|canon/canonical_story_tree/books/Book_23_The_Final_Resonance/book_content.txt	cello	timeline|relationships|scenes|quests|world	implemented_reference_map	reference_extracted_pending_domain_review
WDM-ARTIFACT-14e8c067f136	artifact	structural	canon/canonical_story_tree/all_25_books_latest_full_cycle.txt|canon/canonical_story_tree/books/Book_23_The_Final_Resonance/book_content.txt	cello	timeline|relationships|scenes|quests|world	implemented_reference_map	reference_extracted_pending_domain_review
WDM-ARTIFACT-8f2ba7688067	artifact	communication remains pressure	canon/canonical_story_tree/all_25_books_latest_full_cycle.txt|canon/canonical_story_tree/books/Book_23_The_Final_Resonance/book_content.txt	cello	timeline|relationships|scenes|quests|world	implemented_reference_map	reference_extracted_pending_domain_review
WDM-ARTIFACT-6eb23096bd8a	artifact	resonance first	canon/canonical_story_tree/all_25_books_latest_full_cycle.txt|canon/canonical_story_tree/books/Book_23_The_Final_Resonance/book_content.txt	cello	timeline|relationships|scenes|quests|world	implemented_reference_map	reference_extracted_pending_domain_review
WDM-ARTIFACT-99a86ea21da5	artifact	"Rebirth
Function"	canon/canonical_story_tree/all_25_books_latest_full_cycle.txt|canon/canonical_story_tree/books/Book_23_The_Final_Resonance/book_content.txt	cello	timeline|relationships|scenes|quests|world	implemented_reference_map	reference_extracted_pending_domain_review
WDM-ARTIFACT-9f26ae0e6f6c	artifact	Identity	canon/canonical_story_tree/all_25_books_latest_full_cycle.txt|canon/canonical_story_tree/books/Book_23_The_Final_Resonance/book_content.txt	cello	timeline|relationships|scenes|quests|world	implemented_reference_map	reference_extracted_pending_domain_review
WDM-ARTIFACT-a6c02f4d1de2	artifact	and motif return converge without	canon/canonical_story_tree/all_25_books_latest_full_cycle.txt|canon/canonical_story_tree/books/Book_23_The_Final_Resonance/book_content.txt	cello	timeline|relationships|scenes|quests|world	implemented_reference_map	reference_extracted_pending_domain_review
WDM-ARTIFACT-1526ece74c34	artifact	spending Blood Cello early	canon/canonical_story_tree/all_25_books_latest_full_cycle.txt|canon/canonical_story_tree/books/Book_23_The_Final_Resonance/book_content.txt	cello	timeline|relationships|scenes|quests|world	implemented_reference_map	reference_extracted_pending_domain_review
WDM-ARTIFACT-a62224259b43	artifact	Ursula	canon/canonical_story_tree/all_25_books_latest_full_cycle.txt|canon/canonical_story_tree/books/Book_23_The_Final_Resonance/book_content.txt|canon/canonical_story_tree/books/Book_25_Death_Is_Rebirth/book_content.txt	cello	timeline|relationships|scenes|quests|world	implemented_reference_map	reference_extracted_pending_domain_review
WDM-ARTIFACT-f784a33decb4	artifact	Daisy	canon/canonical_story_tree/all_25_books_latest_full_cycle.txt|canon/canonical_story_tree/books/Book_23_The_Final_Resonance/book_content.txt|canon/canonical_story_tree/books/Book_25_Death_Is_Rebirth/book_content.txt	cello	timeline|relationships|scenes|quests|world	implemented_reference_map	reference_extracted_pending_domain_review
WDM-ARTIFACT-47811209c58f	artifact	and Pip all matter here	canon/canonical_story_tree/all_25_books_latest_full_cycle.txt|canon/canonical_story_tree/books/Book_23_The_Final_Resonance/book_content.txt	cello	timeline|relationships|scenes|quests|world	implemented_reference_map	reference_extracted_pending_domain_review
WDM-ARTIFACT-2a282c845bf4	artifact	this clarifies the answer-form of	canon/canonical_story_tree/all_25_books_latest_full_cycle.txt|canon/canonical_story_tree/books/Book_23_The_Final_Resonance/book_content.txt	cello	timeline|relationships|scenes|quests|world	implemented_reference_map	reference_extracted_pending_domain_review
WDM-ARTIFACT-22fd00cb209a	artifact	later rebirth	canon/canonical_story_tree/all_25_books_latest_full_cycle.txt|canon/canonical_story_tree/books/Book_23_The_Final_Resonance/book_content.txt	cello	timeline|relationships|scenes|quests|world	implemented_reference_map	reference_extracted_pending_domain_review
WDM-ARTIFACT-278e7fb71cbb	artifact	the world breathes differently after	canon/canonical_story_tree/all_25_books_latest_full_cycle.txt|canon/canonical_story_tree/books/Book_23_The_Final_Resonance/book_content.txt	cello	timeline|relationships|scenes|quests|world	implemented_reference_map	reference_extracted_pending_domain_review
WDM-ARTIFACT-d653f3492db7	artifact	this beat	canon/canonical_story_tree/all_25_books_latest_full_cycle.txt|canon/canonical_story_tree/books/Book_23_The_Final_Resonance/book_content.txt	cello	timeline|relationships|scenes|quests|world	implemented_reference_map	reference_extracted_pending_domain_review
WDM-ARTIFACT-e814a485eda1	artifact	Approach	canon/canonical_story_tree/all_25_books_latest_full_cycle.txt|canon/canonical_story_tree/books/Book_24_Born_To_Die/book_content.txt	cello	timeline|relationships|scenes|quests|world	implemented_reference_map	reference_extracted_pending_domain_review
WDM-ARTIFACT-ae2edd37aaed	artifact	none placed yet	canon/canonical_story_tree/all_25_books_latest_full_cycle.txt|canon/canonical_story_tree/books/Book_24_Born_To_Die/book_content.txt	cello	timeline|relationships|scenes|quests|world	implemented_reference_map	reference_extracted_pending_domain_review
WDM-ARTIFACT-dfcc8d1a8cbd	artifact	B24	canon/canonical_story_tree/all_25_books_latest_full_cycle.txt|canon/canonical_story_tree/books/Book_24_Born_To_Die/book_content.txt	cello	timeline|relationships|scenes|quests|world	implemented_reference_map	reference_extracted_pending_domain_review
WDM-ARTIFACT-48e11e799f2e	artifact	Nearness	canon/canonical_story_tree/all_25_books_latest_full_cycle.txt|canon/canonical_story_tree/books/Book_24_Born_To_Die/book_content.txt	cello	timeline|relationships|scenes|quests|world	implemented_reference_map	reference_extracted_pending_domain_review
WDM-ARTIFACT-cfc02367ff8a	artifact	Terminus	canon/canonical_story_tree/all_25_books_latest_full_cycle.txt|canon/canonical_story_tree/books/Book_24_Born_To_Die/book_content.txt	cello	timeline|relationships|scenes|quests|world	implemented_reference_map	reference_extracted_pending_domain_review
WDM-ARTIFACT-1162ce208f63	artifact	Presence	canon/canonical_story_tree/all_25_books_latest_full_cycle.txt|canon/canonical_story_tree/books/Book_24_Born_To_Die/book_content.txt	cello	timeline|relationships|scenes|quests|world	implemented_reference_map	reference_extracted_pending_domain_review
WDM-ARTIFACT-6f428b554ba9	artifact	Solved	canon/canonical_story_tree/all_25_books_latest_full_cycle.txt|canon/canonical_story_tree/books/Book_24_Born_To_Die/book_content.txt	cello	timeline|relationships|scenes|quests|world	implemented_reference_map	reference_extracted_pending_domain_review
WDM-ARTIFACT-cf38ee0e5805	artifact	Ghost	canon/canonical_story_tree/all_25_books_latest_full_cycle.txt|canon/canonical_story_tree/books/Book_24_Born_To_Die/book_content.txt	cello	timeline|relationships|scenes|quests|world	implemented_reference_map	reference_extracted_pending_domain_review
WDM-ARTIFACT-05ed249ae441	artifact	Obligation	canon/canonical_story_tree/all_25_books_latest_full_cycle.txt|canon/canonical_story_tree/books/Book_24_Born_To_Die/book_content.txt|canon/canonical_story_tree/books/Book_25_Death_Is_Rebirth/book_content.txt	cello	timeline|relationships|scenes|quests|world	implemented_reference_map	reference_extracted_pending_domain_review
WDM-ARTIFACT-0a0b417a5356	artifact	Born To Die Scene Spine	canon/canonical_story_tree/all_25_books_latest_full_cycle.txt|canon/canonical_story_tree/books/Book_24_Born_To_Die/book_content.txt	cello	timeline|relationships|scenes|quests|world	implemented_reference_map	reference_extracted_pending_domain_review
WDM-ARTIFACT-c85220ff56c6	artifact	The Approach To Blood Cello	canon/canonical_story_tree/all_25_books_latest_full_cycle.txt|canon/canonical_story_tree/books/Book_24_Born_To_Die/book_content.txt	cello	timeline|relationships|scenes|quests|world	implemented_reference_map	reference_extracted_pending_domain_review
WDM-ARTIFACT-a649810a013d	artifact	"Current late-book structural need
Load"	canon/canonical_story_tree/all_25_books_latest_full_cycle.txt|canon/canonical_story_tree/books/Book_24_Born_To_Die/book_content.txt	cello	timeline|relationships|scenes|quests|world	implemented_reference_map	reference_extracted_pending_domain_review
WDM-ARTIFACT-27cb1053d50e	artifact	the trigger death so fully	canon/canonical_story_tree/all_25_books_latest_full_cycle.txt|canon/canonical_story_tree/books/Book_24_Born_To_Die/book_content.txt	cello	timeline|relationships|scenes|quests|world	implemented_reference_map	reference_extracted_pending_domain_review
WDM-ARTIFACT-20413bf28387	artifact	that Blood Cello can begin	canon/canonical_story_tree/all_25_books_latest_full_cycle.txt|canon/canonical_story_tree/books/Book_24_Born_To_Die/book_content.txt	cello	timeline|relationships|scenes|quests|world	implemented_reference_map	reference_extracted_pending_domain_review
WDM-ARTIFACT-751d0f116086	artifact	with devastating inevitability	canon/canonical_story_tree/all_25_books_latest_full_cycle.txt|canon/canonical_story_tree/books/Book_24_Born_To_Die/book_content.txt	cello	timeline|relationships|scenes|quests|world	implemented_reference_map	reference_extracted_pending_domain_review
WDM-ARTIFACT-46b8362e6800	artifact	Her lingering weave is fraying	canon/canonical_story_tree/all_25_books_latest_full_cycle.txt|canon/canonical_story_tree/books/Book_24_Born_To_Die/book_content.txt	cello	timeline|relationships|scenes|quests|world	implemented_reference_map	reference_extracted_pending_domain_review
WDM-ARTIFACT-110cfa582b32	artifact	to its last useful coherence	canon/canonical_story_tree/all_25_books_latest_full_cycle.txt|canon/canonical_story_tree/books/Book_24_Born_To_Die/book_content.txt	cello|weapon	timeline|relationships|scenes|quests|world	implemented_reference_map	reference_extracted_pending_domain_review
WDM-ARTIFACT-7dbee53770b4	artifact	Rylos only as the trigger	canon/canonical_story_tree/all_25_books_latest_full_cycle.txt|canon/canonical_story_tree/books/Book_24_Born_To_Die/book_content.txt	cello	timeline|relationships|scenes|quests|world	implemented_reference_map	reference_extracted_pending_domain_review
WDM-ARTIFACT-d449f3455baa	artifact	death line	canon/canonical_story_tree/all_25_books_latest_full_cycle.txt|canon/canonical_story_tree/books/Book_24_Born_To_Die/book_content.txt	cello	timeline|relationships|scenes|quests|world	implemented_reference_map	reference_extracted_pending_domain_review
WDM-ARTIFACT-a7bc667b506c	artifact	not earlier substitute	canon/canonical_story_tree/all_25_books_latest_full_cycle.txt|canon/canonical_story_tree/books/Book_24_Born_To_Die/book_content.txt	cello	timeline|relationships|scenes|quests|world	implemented_reference_map	reference_extracted_pending_domain_review
WDM-ARTIFACT-4327f0da1338	artifact	tries to prevent the trigger	canon/canonical_story_tree/all_25_books_latest_full_cycle.txt|canon/canonical_story_tree/books/Book_24_Born_To_Die/book_content.txt	cello	timeline|relationships|scenes|quests|world	implemented_reference_map	reference_extracted_pending_domain_review
WDM-ARTIFACT-20a8b6c341f8	artifact	by control rather than mercy	canon/canonical_story_tree/all_25_books_latest_full_cycle.txt|canon/canonical_story_tree/books/Book_24_Born_To_Die/book_content.txt	cello	timeline|relationships|scenes|quests|world	implemented_reference_map	reference_extracted_pending_domain_review
WDM-ARTIFACT-5222b65be854	artifact	"Blood Cello setup consequence
No"	canon/canonical_story_tree/all_25_books_latest_full_cycle.txt|canon/canonical_story_tree/books/Book_24_Born_To_Die/book_content.txt	cello	timeline|relationships|scenes|quests|world	implemented_reference_map	reference_extracted_pending_domain_review
WDM-ARTIFACT-5b53018742ea	artifact	escape route remains	canon/canonical_story_tree/all_25_books_latest_full_cycle.txt|canon/canonical_story_tree/books/Book_24_Born_To_Die/book_content.txt	cello	timeline|relationships|scenes|quests|world	implemented_reference_map	reference_extracted_pending_domain_review
WDM-ARTIFACT-47c20ed91bee	artifact	only the trigger death can	canon/canonical_story_tree/all_25_books_latest_full_cycle.txt|canon/canonical_story_tree/books/Book_24_Born_To_Die/book_content.txt	cello	timeline|relationships|scenes|quests|world	implemented_reference_map	reference_extracted_pending_domain_review
WDM-ARTIFACT-4ec4a4d8f7fd	artifact	open the next stage	canon/canonical_story_tree/all_25_books_latest_full_cycle.txt|canon/canonical_story_tree/books/Book_24_Born_To_Die/book_content.txt	cello	timeline|relationships|scenes|quests|world	implemented_reference_map	reference_extracted_pending_domain_review
WDM-ARTIFACT-7886d9314411	artifact	Rylos accountability scene	canon/canonical_story_tree/all_25_books_latest_full_cycle.txt|canon/canonical_story_tree/books/Book_24_Born_To_Die/book_content.txt	cello	timeline|relationships|scenes|quests|world	implemented_reference_map	reference_extracted_pending_domain_review
WDM-ARTIFACT-215a3762ebd1	artifact	Rylos shelter-restoration scene	canon/canonical_story_tree/all_25_books_latest_full_cycle.txt|canon/canonical_story_tree/books/Book_24_Born_To_Die/book_content.txt	cello	timeline|relationships|scenes|quests|world	implemented_reference_map	reference_extracted_pending_domain_review
WDM-ARTIFACT-72c7bf67143b	artifact	under impossible pressure while the	canon/canonical_story_tree/all_25_books_latest_full_cycle.txt|canon/canonical_story_tree/books/Book_24_Born_To_Die/book_content.txt	cello	timeline|relationships|scenes|quests|world	implemented_reference_map	reference_extracted_pending_domain_review
WDM-ARTIFACT-df1cf40c93fb	artifact	world already behaves like wake	canon/canonical_story_tree/all_25_books_latest_full_cycle.txt|canon/canonical_story_tree/books/Book_24_Born_To_Die/book_content.txt	cello	timeline|relationships|scenes|quests|world	implemented_reference_map	reference_extracted_pending_domain_review
WDM-ARTIFACT-3feac3923966	artifact	before death	canon/canonical_story_tree/all_25_books_latest_full_cycle.txt|canon/canonical_story_tree/books/Book_24_Born_To_Die/book_content.txt	cello	timeline|relationships|scenes|quests|world	implemented_reference_map	reference_extracted_pending_domain_review
WDM-ARTIFACT-19fe14cc5b25	artifact	"reason chosen
Best loads the"	canon/canonical_story_tree/all_25_books_latest_full_cycle.txt|canon/canonical_story_tree/books/Book_24_Born_To_Die/book_content.txt	cello	timeline|relationships|scenes|quests|world	implemented_reference_map	reference_extracted_pending_domain_review
WDM-ARTIFACT-1a5c49c59651	artifact	trigger death with sacrifice	canon/canonical_story_tree/all_25_books_latest_full_cycle.txt|canon/canonical_story_tree/books/Book_24_Born_To_Die/book_content.txt	cello	timeline|relationships|scenes|quests|world	implemented_reference_map	reference_extracted_pending_domain_review
WDM-ARTIFACT-437b7901b463	artifact	inevitability	canon/canonical_story_tree/all_25_books_latest_full_cycle.txt|canon/canonical_story_tree/books/Book_24_Born_To_Die/book_content.txt	cello	timeline|relationships|scenes|quests|world	implemented_reference_map	reference_extracted_pending_domain_review
WDM-ARTIFACT-196d4c0bf2e3	artifact	and direct Blood Cello ignition	canon/canonical_story_tree/all_25_books_latest_full_cycle.txt|canon/canonical_story_tree/books/Book_24_Born_To_Die/book_content.txt	cello	timeline|relationships|scenes|quests|world	implemented_reference_map	reference_extracted_pending_domain_review
WDM-ARTIFACT-7a581aee1536	artifact	force	canon/canonical_story_tree/all_25_books_latest_full_cycle.txt|canon/canonical_story_tree/books/Book_24_Born_To_Die/book_content.txt	cello	timeline|relationships|scenes|quests|world	implemented_reference_map	reference_extracted_pending_domain_review
WDM-ARTIFACT-ce282ef5c6ce	artifact	should support the winning arc	canon/canonical_story_tree/all_25_books_latest_full_cycle.txt|canon/canonical_story_tree/books/Book_24_Born_To_Die/book_content.txt	cello	timeline|relationships|scenes|quests|world	implemented_reference_map	reference_extracted_pending_domain_review
WDM-ARTIFACT-6f6f60a51a9e	artifact	is strong secondary torment	canon/canonical_story_tree/all_25_books_latest_full_cycle.txt|canon/canonical_story_tree/books/Book_24_Born_To_Die/book_content.txt	cello	timeline|relationships|scenes|quests|world	implemented_reference_map	reference_extracted_pending_domain_review
WDM-ARTIFACT-31932e3b5974	artifact	support the atmosphere	canon/canonical_story_tree/all_25_books_latest_full_cycle.txt|canon/canonical_story_tree/books/Book_24_Born_To_Die/book_content.txt	cello	timeline|relationships|scenes|quests|world	implemented_reference_map	reference_extracted_pending_domain_review
WDM-ARTIFACT-479a14beae10	artifact	are setup beats	canon/canonical_story_tree/all_25_books_latest_full_cycle.txt|canon/canonical_story_tree/books/Book_24_Born_To_Die/book_content.txt	cello	timeline|relationships|scenes|quests|world	implemented_reference_map	reference_extracted_pending_domain_review
WDM-ARTIFACT-45322843d4dc	artifact	can occur inside the winning	canon/canonical_story_tree/all_25_books_latest_full_cycle.txt|canon/canonical_story_tree/books/Book_24_Born_To_Die/book_content.txt	cello	timeline|relationships|scenes|quests|world	implemented_reference_map	reference_extracted_pending_domain_review
WDM-ARTIFACT-1a6db3402b01	artifact	event	canon/canonical_story_tree/all_25_books_latest_full_cycle.txt|canon/canonical_story_tree/books/Book_24_Born_To_Die/book_content.txt	cello	timeline|relationships|scenes|quests|world	implemented_reference_map	reference_extracted_pending_domain_review
WDM-ARTIFACT-a92dd7d6ff73	artifact	merged into the winning version	canon/canonical_story_tree/all_25_books_latest_full_cycle.txt|canon/canonical_story_tree/books/Book_24_Born_To_Die/book_content.txt	cello	timeline|relationships|scenes|quests|world	implemented_reference_map	reference_extracted_pending_domain_review
WDM-ARTIFACT-50907d4213ad	artifact	"Blood Cello
Book"	canon/canonical_story_tree/all_25_books_latest_full_cycle.txt|canon/canonical_story_tree/books/Book_24_Born_To_Die/book_content.txt	cello	timeline|relationships|scenes|quests|world	implemented_reference_map	reference_extracted_pending_domain_review
WDM-ARTIFACT-c5e353804d5d	artifact	can begin instantly from Rylos’s	canon/canonical_story_tree/all_25_books_latest_full_cycle.txt|canon/canonical_story_tree/books/Book_24_Born_To_Die/book_content.txt	cello	timeline|relationships|scenes|quests|world	implemented_reference_map	reference_extracted_pending_domain_review
WDM-ARTIFACT-fd63d97a91a7	artifact	dying trigger without needing extra	canon/canonical_story_tree/all_25_books_latest_full_cycle.txt|canon/canonical_story_tree/books/Book_24_Born_To_Die/book_content.txt	cello	timeline|relationships|scenes|quests|world	implemented_reference_map	reference_extracted_pending_domain_review
WDM-ARTIFACT-ceb6af9c3807	artifact	setup	canon/canonical_story_tree/all_25_books_latest_full_cycle.txt|canon/canonical_story_tree/books/Book_24_Born_To_Die/book_content.txt	cello	timeline|relationships|scenes|quests|world	implemented_reference_map	reference_extracted_pending_domain_review
WDM-ARTIFACT-bf9c03355822	artifact	framework	canon/canonical_story_tree/all_25_books_latest_full_cycle.txt|canon/canonical_story_tree/books/Book_24_Born_To_Die/book_content.txt|canon/canonical_story_tree/books/Book_25_Death_Is_Rebirth/book_content.txt	cello	timeline|relationships|scenes|quests|world	implemented_reference_map	reference_extracted_pending_domain_review
WDM-ARTIFACT-d3729ef453a6	artifact	Rylos line loaded to intolerable	canon/canonical_story_tree/all_25_books_latest_full_cycle.txt|canon/canonical_story_tree/books/Book_24_Born_To_Die/book_content.txt	cello	timeline|relationships|scenes|quests|world	implemented_reference_map	reference_extracted_pending_domain_review
WDM-ARTIFACT-525ccd3144d6	artifact	wake-before-death atmosphere	canon/canonical_story_tree/all_25_books_latest_full_cycle.txt|canon/canonical_story_tree/books/Book_24_Born_To_Die/book_content.txt	cello	timeline|relationships|scenes|quests|world	implemented_reference_map	reference_extracted_pending_domain_review
WDM-ARTIFACT-d7c7e6670dee	artifact	all alternative trigger logic rejected	canon/canonical_story_tree/all_25_books_latest_full_cycle.txt|canon/canonical_story_tree/books/Book_24_Born_To_Die/book_content.txt	cello	timeline|relationships|scenes|quests|world	implemented_reference_map	reference_extracted_pending_domain_review
WDM-ARTIFACT-7feb5399930d	artifact	named	canon/canonical_story_tree/all_25_books_latest_full_cycle.txt|canon/canonical_story_tree/books/Book_24_Born_To_Die/book_content.txt|canon/canonical_story_tree/books/Book_25_Death_Is_Rebirth/book_content.txt	cello	timeline|relationships|scenes|quests|world	implemented_reference_map	reference_extracted_pending_domain_review
WDM-ARTIFACT-9ecf3049cc3a	artifact	support	canon/canonical_story_tree/all_25_books_latest_full_cycle.txt|canon/canonical_story_tree/books/Book_24_Born_To_Die/book_content.txt|canon/canonical_story_tree/books/Book_25_Death_Is_Rebirth/book_content.txt	cello	timeline|relationships|scenes|quests|world	implemented_reference_map	reference_extracted_pending_domain_review
WDM-ARTIFACT-c1df477b9cd0	artifact	assignment	canon/canonical_story_tree/all_25_books_latest_full_cycle.txt|canon/canonical_story_tree/books/Book_24_Born_To_Die/book_content.txt|canon/canonical_story_tree/books/Book_25_Death_Is_Rebirth/book_content.txt	cello	timeline|relationships|scenes|quests|world	implemented_reference_map	reference_extracted_pending_domain_review
WDM-ARTIFACT-a259033e9374	artifact	"Named Support-Cast Assignment

Status"	canon/canonical_story_tree/all_25_books_latest_full_cycle.txt|canon/canonical_story_tree/books/Book_24_Born_To_Die/book_content.txt|canon/canonical_story_tree/books/Book_25_Death_Is_Rebirth/book_content.txt	cello	timeline|relationships|scenes|quests|world	implemented_reference_map	reference_extracted_pending_domain_review
WDM-ARTIFACT-f83af5899005	artifact	do not spend support deaths	canon/canonical_story_tree/all_25_books_latest_full_cycle.txt|canon/canonical_story_tree/books/Book_24_Born_To_Die/book_content.txt	cello	timeline|relationships|scenes|quests|world	implemented_reference_map	reference_extracted_pending_domain_review
WDM-ARTIFACT-1e40751730f2	artifact	wastefully here	canon/canonical_story_tree/all_25_books_latest_full_cycle.txt|canon/canonical_story_tree/books/Book_24_Born_To_Die/book_content.txt	cello	timeline|relationships|scenes|quests|world	implemented_reference_map	reference_extracted_pending_domain_review
WDM-ARTIFACT-699c63c52123	artifact	all support movement should intensify	canon/canonical_story_tree/all_25_books_latest_full_cycle.txt|canon/canonical_story_tree/books/Book_24_Born_To_Die/book_content.txt	cello	timeline|relationships|scenes|quests|world	implemented_reference_map	reference_extracted_pending_domain_review
WDM-ARTIFACT-2e5bf48fb5cc	artifact	the Rylos trigger line	canon/canonical_story_tree/all_25_books_latest_full_cycle.txt|canon/canonical_story_tree/books/Book_24_Born_To_Die/book_content.txt	cello	timeline|relationships|scenes|quests|world	implemented_reference_map	reference_extracted_pending_domain_review
WDM-ARTIFACT-3b8188590158	artifact	surviving support cast must help	canon/canonical_story_tree/all_25_books_latest_full_cycle.txt|canon/canonical_story_tree/books/Book_24_Born_To_Die/book_content.txt	cello	timeline|relationships|scenes|quests|world	implemented_reference_map	reference_extracted_pending_domain_review
WDM-ARTIFACT-d55254051f25	artifact	define what the world loses	canon/canonical_story_tree/all_25_books_latest_full_cycle.txt|canon/canonical_story_tree/books/Book_24_Born_To_Die/book_content.txt	cello	timeline|relationships|scenes|quests|world	implemented_reference_map	reference_extracted_pending_domain_review
WDM-ARTIFACT-15691a7fa3cb	artifact	if Blood Cello fails	canon/canonical_story_tree/all_25_books_latest_full_cycle.txt|canon/canonical_story_tree/books/Book_24_Born_To_Die/book_content.txt	cello	timeline|relationships|scenes|quests|world	implemented_reference_map	reference_extracted_pending_domain_review
WDM-ARTIFACT-9bd6aa1cf415	artifact	villain	canon/canonical_story_tree/all_25_books_latest_full_cycle.txt|canon/canonical_story_tree/books/Book_24_Born_To_Die/book_content.txt|canon/canonical_story_tree/books/Book_25_Death_Is_Rebirth/book_content.txt	cello	timeline|relationships|scenes|quests|world	implemented_reference_map	reference_extracted_pending_domain_review
WDM-ARTIFACT-bf2f040125ae	artifact	texture	canon/canonical_story_tree/all_25_books_latest_full_cycle.txt|canon/canonical_story_tree/books/Book_24_Born_To_Die/book_content.txt|canon/canonical_story_tree/books/Book_25_Death_Is_Rebirth/book_content.txt	cello	timeline|relationships|scenes|quests|world	implemented_reference_map	reference_extracted_pending_domain_review
WDM-ARTIFACT-7e05a51d7e3b	artifact	isolator trying to sever Pip	canon/canonical_story_tree/all_25_books_latest_full_cycle.txt|canon/canonical_story_tree/books/Book_24_Born_To_Die/book_content.txt	cello	timeline|relationships|scenes|quests|world	implemented_reference_map	reference_extracted_pending_domain_review
WDM-ARTIFACT-0d03136ffbdf	artifact	from Boojay	canon/canonical_story_tree/all_25_books_latest_full_cycle.txt|canon/canonical_story_tree/books/Book_24_Born_To_Die/book_content.txt|canon/canonical_story_tree/books/Book_25_Death_Is_Rebirth/book_content.txt	cello	timeline|relationships|scenes|quests|world	implemented_reference_map	reference_extracted_pending_domain_review
WDM-ARTIFACT-7651c7a3690f	artifact	control cannot stop the trigger	canon/canonical_story_tree/all_25_books_latest_full_cycle.txt|canon/canonical_story_tree/books/Book_24_Born_To_Die/book_content.txt	cello	timeline|relationships|scenes|quests|world	implemented_reference_map	reference_extracted_pending_domain_review
WDM-ARTIFACT-b64292db6abe	artifact	line	canon/canonical_story_tree/all_25_books_latest_full_cycle.txt|canon/canonical_story_tree/books/Book_24_Born_To_Die/book_content.txt	cello	timeline|relationships|scenes|quests|world	implemented_reference_map	reference_extracted_pending_domain_review
WDM-ARTIFACT-61819360152c	artifact	forced to witness intimacy they	canon/canonical_story_tree/all_25_books_latest_full_cycle.txt|canon/canonical_story_tree/books/Book_24_Born_To_Die/book_content.txt	cello	timeline|relationships|scenes|quests|world	implemented_reference_map	reference_extracted_pending_domain_review
WDM-ARTIFACT-bdc441db36e4	artifact	could not own	canon/canonical_story_tree/all_25_books_latest_full_cycle.txt|canon/canonical_story_tree/books/Book_24_Born_To_Die/book_content.txt	cello	timeline|relationships|scenes|quests|world	implemented_reference_map	reference_extracted_pending_domain_review
WDM-ARTIFACT-b98b9d7e313b	artifact	strengthens the singularity of Rylos’s	canon/canonical_story_tree/all_25_books_latest_full_cycle.txt|canon/canonical_story_tree/books/Book_24_Born_To_Die/book_content.txt	cello	timeline|relationships|scenes|quests|world	implemented_reference_map	reference_extracted_pending_domain_review
WDM-ARTIFACT-d5dc773272d0	artifact	"Purpose
Identify any remaining thin"	canon/canonical_story_tree/all_25_books_latest_full_cycle.txt|canon/canonical_story_tree/books/Book_24_Born_To_Die/book_content.txt|canon/canonical_story_tree/books/Book_25_Death_Is_Rebirth/book_content.txt	cello	timeline|relationships|scenes|quests|world	implemented_reference_map	reference_extracted_pending_domain_review
WDM-ARTIFACT-792b6ddd96f7	artifact	areas in this book and	canon/canonical_story_tree/all_25_books_latest_full_cycle.txt|canon/canonical_story_tree/books/Book_24_Born_To_Die/book_content.txt|canon/canonical_story_tree/books/Book_25_Death_Is_Rebirth/book_content.txt	cello	timeline|relationships|scenes|quests|world	implemented_reference_map	reference_extracted_pending_domain_review
WDM-ARTIFACT-29baf9c0b556	artifact	balance them using the same	canon/canonical_story_tree/all_25_books_latest_full_cycle.txt|canon/canonical_story_tree/books/Book_24_Born_To_Die/book_content.txt|canon/canonical_story_tree/books/Book_25_Death_Is_Rebirth/book_content.txt	cello	timeline|relationships|scenes|quests|world	implemented_reference_map	reference_extracted_pending_domain_review
WDM-ARTIFACT-604f7e623891	artifact	balance choice	canon/canonical_story_tree/all_25_books_latest_full_cycle.txt|canon/canonical_story_tree/books/Book_24_Born_To_Die/book_content.txt|canon/canonical_story_tree/books/Book_25_Death_Is_Rebirth/book_content.txt	cello	timeline|relationships|scenes|quests|world	implemented_reference_map	reference_extracted_pending_domain_review
WDM-ARTIFACT-51e9cc5a41be	artifact	Rylos sacrificial proximity	canon/canonical_story_tree/all_25_books_latest_full_cycle.txt|canon/canonical_story_tree/books/Book_24_Born_To_Die/book_content.txt	cello	timeline|relationships|scenes|quests|world	implemented_reference_map	reference_extracted_pending_domain_review
WDM-ARTIFACT-d7d76b3b9947	artifact	anti-isolation villain pressure	canon/canonical_story_tree/all_25_books_latest_full_cycle.txt|canon/canonical_story_tree/books/Book_24_Born_To_Die/book_content.txt	cello	timeline|relationships|scenes|quests|world	implemented_reference_map	reference_extracted_pending_domain_review
WDM-ARTIFACT-3704cc7cb0b4	artifact	insertion	canon/canonical_story_tree/all_25_books_latest_full_cycle.txt|canon/canonical_story_tree/books/Book_24_Born_To_Die/book_content.txt|canon/canonical_story_tree/books/Book_25_Death_Is_Rebirth/book_content.txt	cello	timeline|relationships|scenes|quests|world	implemented_reference_map	reference_extracted_pending_domain_review
WDM-ARTIFACT-2cf3d58f9544	artifact	"Scene Insertion Targets

Status"	canon/canonical_story_tree/all_25_books_latest_full_cycle.txt|canon/canonical_story_tree/books/Book_24_Born_To_Die/book_content.txt|canon/canonical_story_tree/books/Book_25_Death_Is_Rebirth/book_content.txt	cello	timeline|relationships|scenes|quests|world	implemented_reference_map	reference_extracted_pending_domain_review
WDM-ARTIFACT-7ee2c5d3950c	artifact	best-fit inferred scene pass	canon/canonical_story_tree/all_25_books_latest_full_cycle.txt|canon/canonical_story_tree/books/Book_24_Born_To_Die/book_content.txt|canon/canonical_story_tree/books/Book_25_Death_Is_Rebirth/book_content.txt	cello	timeline|relationships|scenes|quests|world	implemented_reference_map	reference_extracted_pending_domain_review
WDM-ARTIFACT-9eb805155155	artifact	"Purpose
Turn chosen escalation"	canon/canonical_story_tree/all_25_books_latest_full_cycle.txt|canon/canonical_story_tree/books/Book_24_Born_To_Die/book_content.txt|canon/canonical_story_tree/books/Book_25_Death_Is_Rebirth/book_content.txt	cello	timeline|relationships|scenes|quests|world	implemented_reference_map	reference_extracted_pending_domain_review
WDM-ARTIFACT-0ce210533268	artifact	support-cast	canon/canonical_story_tree/all_25_books_latest_full_cycle.txt|canon/canonical_story_tree/books/Book_24_Born_To_Die/book_content.txt|canon/canonical_story_tree/books/Book_25_Death_Is_Rebirth/book_content.txt	cello	timeline|relationships|scenes|quests|world	implemented_reference_map	reference_extracted_pending_domain_review
WDM-ARTIFACT-4915ad90b18f	artifact	villain-texture	canon/canonical_story_tree/all_25_books_latest_full_cycle.txt|canon/canonical_story_tree/books/Book_24_Born_To_Die/book_content.txt|canon/canonical_story_tree/books/Book_25_Death_Is_Rebirth/book_content.txt	cello	timeline|relationships|scenes|quests|world	implemented_reference_map	reference_extracted_pending_domain_review
WDM-ARTIFACT-2971bf150dab	artifact	Rylos saves Pip under impossible	canon/canonical_story_tree/all_25_books_latest_full_cycle.txt|canon/canonical_story_tree/books/Book_24_Born_To_Die/book_content.txt	cello	timeline|relationships|scenes|quests|world	implemented_reference_map	reference_extracted_pending_domain_review
WDM-ARTIFACT-74396f616900	artifact	anti-isolation villain tries to sever	canon/canonical_story_tree/all_25_books_latest_full_cycle.txt|canon/canonical_story_tree/books/Book_24_Born_To_Die/book_content.txt	cello	timeline|relationships|scenes|quests|world	implemented_reference_map	reference_extracted_pending_domain_review
WDM-ARTIFACT-3dea59694c5f	artifact	wake-before-death atmosphere scene proving the	canon/canonical_story_tree/all_25_books_latest_full_cycle.txt|canon/canonical_story_tree/books/Book_24_Born_To_Die/book_content.txt	cello	timeline|relationships|scenes|quests|world	implemented_reference_map	reference_extracted_pending_domain_review
WDM-ARTIFACT-cb41b3f23d7f	artifact	world is already leaning toward	canon/canonical_story_tree/all_25_books_latest_full_cycle.txt|canon/canonical_story_tree/books/Book_24_Born_To_Die/book_content.txt	cello	timeline|relationships|scenes|quests|world	implemented_reference_map	reference_extracted_pending_domain_review
WDM-ARTIFACT-7684841c2bda	artifact	Blood Cello	canon/canonical_story_tree/all_25_books_latest_full_cycle.txt|canon/canonical_story_tree/books/Book_24_Born_To_Die/book_content.txt|canon/canonical_story_tree/books/Book_25_Death_Is_Rebirth/book_content.txt	cello	timeline|relationships|scenes|quests|world	implemented_reference_map	reference_extracted_pending_domain_review
WDM-ARTIFACT-b601f8b30486	artifact	blocks	canon/canonical_story_tree/all_25_books_latest_full_cycle.txt|canon/canonical_story_tree/books/Book_24_Born_To_Die/book_content.txt|canon/canonical_story_tree/books/Book_25_Death_Is_Rebirth/book_content.txt	cello	timeline|relationships|scenes|quests|world	implemented_reference_map	reference_extracted_pending_domain_review
WDM-ARTIFACT-fc1b73684c38	artifact	"Scene Blocks

Status"	canon/canonical_story_tree/all_25_books_latest_full_cycle.txt|canon/canonical_story_tree/books/Book_24_Born_To_Die/book_content.txt	cello	timeline|relationships|scenes|quests|world	implemented_reference_map	reference_extracted_pending_domain_review
WDM-ARTIFACT-3c2c9063cf9c	artifact	best-fit inferred scene implantation pass	canon/canonical_story_tree/all_25_books_latest_full_cycle.txt|canon/canonical_story_tree/books/Book_24_Born_To_Die/book_content.txt	cello	timeline|relationships|scenes|quests|world	implemented_reference_map	reference_extracted_pending_domain_review
WDM-ARTIFACT-64561d0edcaa	artifact	"Purpose
Provide direct insertable scene"	canon/canonical_story_tree/all_25_books_latest_full_cycle.txt|canon/canonical_story_tree/books/Book_24_Born_To_Die/book_content.txt	cello	timeline|relationships|scenes|quests|world	implemented_reference_map	reference_extracted_pending_domain_review
WDM-ARTIFACT-e236ad79d6f3	artifact	blocks that satisfy the already	canon/canonical_story_tree/all_25_books_latest_full_cycle.txt|canon/canonical_story_tree/books/Book_24_Born_To_Die/book_content.txt	cello	timeline|relationships|scenes|quests|world	implemented_reference_map	reference_extracted_pending_domain_review
WDM-ARTIFACT-0d1b6721f172	artifact	"Wake-Before-Death Atmosphere
Placement"	canon/canonical_story_tree/all_25_books_latest_full_cycle.txt|canon/canonical_story_tree/books/Book_24_Born_To_Die/book_content.txt	cello	timeline|relationships|scenes|quests|world	implemented_reference_map	reference_extracted_pending_domain_review
WDM-ARTIFACT-7b9b52803f21	artifact	"late-book end movement

Summary"	canon/canonical_story_tree/all_25_books_latest_full_cycle.txt|canon/canonical_story_tree/books/Book_24_Born_To_Die/book_content.txt	cello	timeline|relationships|scenes|quests|world	implemented_reference_map	reference_extracted_pending_domain_review
WDM-ARTIFACT-718ed63d7932	artifact	The world already feels like	canon/canonical_story_tree/all_25_books_latest_full_cycle.txt|canon/canonical_story_tree/books/Book_24_Born_To_Die/book_content.txt	cello	timeline|relationships|scenes|quests|world	implemented_reference_map	reference_extracted_pending_domain_review
WDM-ARTIFACT-0f0ea2642b11	artifact	it is mourning something not	canon/canonical_story_tree/all_25_books_latest_full_cycle.txt|canon/canonical_story_tree/books/Book_24_Born_To_Die/book_content.txt	cello	timeline|relationships|scenes|quests|world	implemented_reference_map	reference_extracted_pending_domain_review
WDM-ARTIFACT-80ff3bbc01a7	artifact	yet fully gone	canon/canonical_story_tree/all_25_books_latest_full_cycle.txt|canon/canonical_story_tree/books/Book_24_Born_To_Die/book_content.txt	cello	timeline|relationships|scenes|quests|world	implemented_reference_map	reference_extracted_pending_domain_review
WDM-ARTIFACT-6c435e651ef6	artifact	The cast does not say	canon/canonical_story_tree/all_25_books_latest_full_cycle.txt|canon/canonical_story_tree/books/Book_24_Born_To_Die/book_content.txt	cello	timeline|relationships|scenes|quests|world	implemented_reference_map	reference_extracted_pending_domain_review
WDM-ARTIFACT-5179e6219587	artifact	Blood Cello is next	canon/canonical_story_tree/all_25_books_latest_full_cycle.txt|canon/canonical_story_tree/books/Book_24_Born_To_Die/book_content.txt	cello	timeline|relationships|scenes|quests|world	implemented_reference_map	reference_extracted_pending_domain_review
WDM-ARTIFACT-3f8dbdc80c33	artifact	They live inside the air	canon/canonical_story_tree/all_25_books_latest_full_cycle.txt|canon/canonical_story_tree/books/Book_24_Born_To_Die/book_content.txt	cello	timeline|relationships|scenes|quests|world	implemented_reference_map	reference_extracted_pending_domain_review
WDM-ARTIFACT-2e22dffe4eab	artifact	of it	canon/canonical_story_tree/all_25_books_latest_full_cycle.txt|canon/canonical_story_tree/books/Book_24_Born_To_Die/book_content.txt	cello	timeline|relationships|scenes|quests|world	implemented_reference_map	reference_extracted_pending_domain_review
WDM-ARTIFACT-8f83ce607f75	artifact	protect inevitability	canon/canonical_story_tree/all_25_books_latest_full_cycle.txt|canon/canonical_story_tree/books/Book_24_Born_To_Die/book_content.txt	cello	timeline|relationships|scenes|quests|world	implemented_reference_map	reference_extracted_pending_domain_review
WDM-ARTIFACT-964ae3b08aac	artifact	make Book	canon/canonical_story_tree/all_25_books_latest_full_cycle.txt|canon/canonical_story_tree/books/Book_24_Born_To_Die/book_content.txt	cello	timeline|relationships|scenes|quests|world	implemented_reference_map	reference_extracted_pending_domain_review
WDM-ARTIFACT-ddc48c5764bc	artifact	feel entered	canon/canonical_story_tree/all_25_books_latest_full_cycle.txt|canon/canonical_story_tree/books/Book_24_Born_To_Die/book_content.txt	cello	timeline|relationships|scenes|quests|world	implemented_reference_map	reference_extracted_pending_domain_review
WDM-ARTIFACT-0b1c79b58851	artifact	not started	canon/canonical_story_tree/all_25_books_latest_full_cycle.txt|canon/canonical_story_tree/books/Book_24_Born_To_Die/book_content.txt	cello	timeline|relationships|scenes|quests|world	implemented_reference_map	reference_extracted_pending_domain_review
WDM-ARTIFACT-0b6fd3d86e78	artifact	let wake logic saturate the	canon/canonical_story_tree/all_25_books_latest_full_cycle.txt|canon/canonical_story_tree/books/Book_24_Born_To_Die/book_content.txt	cello	timeline|relationships|scenes|quests|world	implemented_reference_map	reference_extracted_pending_domain_review
WDM-ARTIFACT-b2669dbb5a66	artifact	"Purpose
Define what each inserted"	canon/canonical_story_tree/all_25_books_latest_full_cycle.txt|canon/canonical_story_tree/books/Book_24_Born_To_Die/book_content.txt	cello	timeline|relationships|scenes|quests|world	implemented_reference_map	reference_extracted_pending_domain_review
WDM-ARTIFACT-1c4eadeba1b9	artifact	scene must accomplish through dialogue	canon/canonical_story_tree/all_25_books_latest_full_cycle.txt|canon/canonical_story_tree/books/Book_24_Born_To_Die/book_content.txt	cello	timeline|relationships|scenes|quests|world	implemented_reference_map	reference_extracted_pending_domain_review
WDM-ARTIFACT-6a7df86f2831	artifact	not summarize it	canon/canonical_story_tree/all_25_books_latest_full_cycle.txt|canon/canonical_story_tree/books/Book_24_Born_To_Die/book_content.txt	cello	timeline|relationships|scenes|quests|world	implemented_reference_map	reference_extracted_pending_domain_review
WDM-ARTIFACT-5d66a3103d45	artifact	the best approach is unease	canon/canonical_story_tree/all_25_books_latest_full_cycle.txt|canon/canonical_story_tree/books/Book_24_Born_To_Die/book_content.txt	cello	timeline|relationships|scenes|quests|world	implemented_reference_map	reference_extracted_pending_domain_review
WDM-ARTIFACT-3dd4be892d4c	artifact	interruption	canon/canonical_story_tree/all_25_books_latest_full_cycle.txt|canon/canonical_story_tree/books/Book_24_Born_To_Die/book_content.txt	cello	timeline|relationships|scenes|quests|world	implemented_reference_map	reference_extracted_pending_domain_review
WDM-ARTIFACT-2bbdffa19385	artifact	unusual quiet	canon/canonical_story_tree/all_25_books_latest_full_cycle.txt|canon/canonical_story_tree/books/Book_24_Born_To_Die/book_content.txt	cello	timeline|relationships|scenes|quests|world	implemented_reference_map	reference_extracted_pending_domain_review
WDM-ARTIFACT-5ce1af144f6c	artifact	or statements that feel too	canon/canonical_story_tree/all_25_books_latest_full_cycle.txt|canon/canonical_story_tree/books/Book_24_Born_To_Die/book_content.txt	cello	timeline|relationships|scenes|quests|world	implemented_reference_map	reference_extracted_pending_domain_review
WDM-ARTIFACT-c245205dc12e	artifact	final too early	canon/canonical_story_tree/all_25_books_latest_full_cycle.txt|canon/canonical_story_tree/books/Book_24_Born_To_Die/book_content.txt	cello	timeline|relationships|scenes|quests|world	implemented_reference_map	reference_extracted_pending_domain_review
WDM-ARTIFACT-66e2881893e0	artifact	prose	canon/canonical_story_tree/all_25_books_latest_full_cycle.txt|canon/canonical_story_tree/books/Book_24_Born_To_Die/book_content.txt|canon/canonical_story_tree/books/Book_25_Death_Is_Rebirth/book_content.txt	cello	timeline|relationships|scenes|quests|world	implemented_reference_map	reference_extracted_pending_domain_review
WDM-ARTIFACT-db2760b581b0	artifact	tone	canon/canonical_story_tree/all_25_books_latest_full_cycle.txt|canon/canonical_story_tree/books/Book_24_Born_To_Die/book_content.txt|canon/canonical_story_tree/books/Book_25_Death_Is_Rebirth/book_content.txt	cello	timeline|relationships|scenes|quests|world	implemented_reference_map	reference_extracted_pending_domain_review
WDM-ARTIFACT-974d51215d64	artifact	"Prose Tone Targets

Status"	canon/canonical_story_tree/all_25_books_latest_full_cycle.txt|canon/canonical_story_tree/books/Book_24_Born_To_Die/book_content.txt	cello	timeline|relationships|scenes|quests|world	implemented_reference_map	reference_extracted_pending_domain_review
WDM-ARTIFACT-b687bd0d48b3	artifact	best-fit inferred prose pass	canon/canonical_story_tree/all_25_books_latest_full_cycle.txt|canon/canonical_story_tree/books/Book_24_Born_To_Die/book_content.txt	cello	timeline|relationships|scenes|quests|world	implemented_reference_map	reference_extracted_pending_domain_review
WDM-ARTIFACT-12411a1a4bf8	artifact	"Purpose
Lock the tonal behavior"	canon/canonical_story_tree/all_25_books_latest_full_cycle.txt|canon/canonical_story_tree/books/Book_24_Born_To_Die/book_content.txt	cello	timeline|relationships|scenes|quests|world	implemented_reference_map	reference_extracted_pending_domain_review
WDM-ARTIFACT-133e08a3ea60	artifact	of this book so inserted	canon/canonical_story_tree/all_25_books_latest_full_cycle.txt|canon/canonical_story_tree/books/Book_24_Born_To_Die/book_content.txt	cello	timeline|relationships|scenes|quests|world	implemented_reference_map	reference_extracted_pending_domain_review
WDM-ARTIFACT-702df5ee0160	artifact	let unfinished things remain unfinished	canon/canonical_story_tree/all_25_books_latest_full_cycle.txt|canon/canonical_story_tree/books/Book_24_Born_To_Die/book_content.txt	cello	timeline|relationships|scenes|quests|world	implemented_reference_map	reference_extracted_pending_domain_review
WDM-ARTIFACT-61dfd09fca27	artifact	between them	canon/canonical_story_tree/all_25_books_latest_full_cycle.txt|canon/canonical_story_tree/books/Book_24_Born_To_Die/book_content.txt	cello	timeline|relationships|scenes|quests|world	implemented_reference_map	reference_extracted_pending_domain_review
WDM-ARTIFACT-879212c1a4ea	artifact	let the world behave like	canon/canonical_story_tree/all_25_books_latest_full_cycle.txt|canon/canonical_story_tree/books/Book_24_Born_To_Die/book_content.txt	cello	timeline|relationships|scenes|quests|world	implemented_reference_map	reference_extracted_pending_domain_review
WDM-ARTIFACT-95080d196c1f	artifact	it knows something unbearable is	canon/canonical_story_tree/all_25_books_latest_full_cycle.txt|canon/canonical_story_tree/books/Book_24_Born_To_Die/book_content.txt	cello	timeline|relationships|scenes|quests|world	implemented_reference_map	reference_extracted_pending_domain_review
WDM-ARTIFACT-d1a9e2430afc	artifact	resolution	canon/canonical_story_tree/all_25_books_latest_full_cycle.txt|canon/canonical_story_tree/books/Book_24_Born_To_Die/book_content.txt|canon/canonical_story_tree/books/Book_25_Death_Is_Rebirth/book_content.txt	cello	timeline|relationships|scenes|quests|world	implemented_reference_map	reference_extracted_pending_domain_review
WDM-ARTIFACT-8230fa91d238	artifact	evaluation	canon/canonical_story_tree/all_25_books_latest_full_cycle.txt|canon/canonical_story_tree/books/Book_24_Born_To_Die/book_content.txt|canon/canonical_story_tree/books/Book_25_Death_Is_Rebirth/book_content.txt	cello	timeline|relationships|scenes|quests|world	implemented_reference_map	reference_extracted_pending_domain_review
WDM-ARTIFACT-f22ca8866500	artifact	"Evaluation

Status"	canon/canonical_story_tree/all_25_books_latest_full_cycle.txt|canon/canonical_story_tree/books/Book_24_Born_To_Die/book_content.txt|canon/canonical_story_tree/books/Book_25_Death_Is_Rebirth/book_content.txt	cello	timeline|relationships|scenes|quests|world	implemented_reference_map	reference_extracted_pending_domain_review
WDM-ARTIFACT-91364c09a9bb	artifact	best-fit inferred finalization pass	canon/canonical_story_tree/all_25_books_latest_full_cycle.txt|canon/canonical_story_tree/books/Book_24_Born_To_Die/book_content.txt|canon/canonical_story_tree/books/Book_25_Death_Is_Rebirth/book_content.txt	cello	timeline|relationships|scenes|quests|world	implemented_reference_map	reference_extracted_pending_domain_review
WDM-ARTIFACT-ecb59e261a83	artifact	"Purpose
Provide"	canon/canonical_story_tree/all_25_books_latest_full_cycle.txt|canon/canonical_story_tree/books/Book_24_Born_To_Die/book_content.txt|canon/canonical_story_tree/books/Book_25_Death_Is_Rebirth/book_content.txt	cello	timeline|relationships|scenes|quests|world	implemented_reference_map	reference_extracted_pending_domain_review
WDM-ARTIFACT-808ce8834da2	artifact	sane resolution order and evaluation	canon/canonical_story_tree/all_25_books_latest_full_cycle.txt|canon/canonical_story_tree/books/Book_24_Born_To_Die/book_content.txt|canon/canonical_story_tree/books/Book_25_Death_Is_Rebirth/book_content.txt	cello	timeline|relationships|scenes|quests|world	implemented_reference_map	reference_extracted_pending_domain_review
WDM-ARTIFACT-80591190af14	artifact	method for finishing this book	canon/canonical_story_tree/all_25_books_latest_full_cycle.txt|canon/canonical_story_tree/books/Book_24_Born_To_Die/book_content.txt|canon/canonical_story_tree/books/Book_25_Death_Is_Rebirth/book_content.txt	cello	timeline|relationships|scenes|quests|world	implemented_reference_map	reference_extracted_pending_domain_review
WDM-ARTIFACT-1e19ca53c9d8	artifact	add control logic	canon/canonical_story_tree/all_25_books_latest_full_cycle.txt|canon/canonical_story_tree/books/Book_24_Born_To_Die/book_content.txt	cello	timeline|relationships|scenes|quests|world	implemented_reference_map	reference_extracted_pending_domain_review
WDM-ARTIFACT-e029f0718d5c	artifact	if the atmosphere could belong	canon/canonical_story_tree/all_25_books_latest_full_cycle.txt|canon/canonical_story_tree/books/Book_24_Born_To_Die/book_content.txt	cello	timeline|relationships|scenes|quests|world	implemented_reference_map	reference_extracted_pending_domain_review
WDM-ARTIFACT-c2d2708b0409	artifact	to any climax-book	canon/canonical_story_tree/all_25_books_latest_full_cycle.txt|canon/canonical_story_tree/books/Book_24_Born_To_Die/book_content.txt	cello	timeline|relationships|scenes|quests|world	implemented_reference_map	reference_extracted_pending_domain_review
WDM-ARTIFACT-7b53db57ad4b	artifact	make it more specific to	canon/canonical_story_tree/all_25_books_latest_full_cycle.txt|canon/canonical_story_tree/books/Book_24_Born_To_Die/book_content.txt	cello	timeline|relationships|scenes|quests|world	implemented_reference_map	reference_extracted_pending_domain_review
WDM-ARTIFACT-96adbb859b1f	artifact	this trigger line	canon/canonical_story_tree/all_25_books_latest_full_cycle.txt|canon/canonical_story_tree/books/Book_24_Born_To_Die/book_content.txt	cello	timeline|relationships|scenes|quests|world	implemented_reference_map	reference_extracted_pending_domain_review
WDM-ARTIFACT-51e8198ff053	artifact	salvage	canon/canonical_story_tree/all_25_books_latest_full_cycle.txt|canon/canonical_story_tree/books/Book_24_Born_To_Die/book_content.txt|canon/canonical_story_tree/books/Book_25_Death_Is_Rebirth/book_content.txt	cello	timeline|relationships|scenes|quests|world	implemented_reference_map	reference_extracted_pending_domain_review
WDM-ARTIFACT-c783018d3091	artifact	"Terminus
Function"	canon/canonical_story_tree/all_25_books_latest_full_cycle.txt|canon/canonical_story_tree/books/Book_24_Born_To_Die/book_content.txt	cello	timeline|relationships|scenes|quests|world	implemented_reference_map	reference_extracted_pending_domain_review
WDM-ARTIFACT-431a1e434118	artifact	All surviving lines saturate toward	canon/canonical_story_tree/all_25_books_latest_full_cycle.txt|canon/canonical_story_tree/books/Book_24_Born_To_Die/book_content.txt	cello	timeline|relationships|scenes|quests|world	implemented_reference_map	reference_extracted_pending_domain_review
WDM-ARTIFACT-db5483c300f7	artifact	the final approach without spending	canon/canonical_story_tree/all_25_books_latest_full_cycle.txt|canon/canonical_story_tree/books/Book_24_Born_To_Die/book_content.txt	cello	timeline|relationships|scenes|quests|world	implemented_reference_map	reference_extracted_pending_domain_review
WDM-ARTIFACT-c5848c52aff9	artifact	the trigger early	canon/canonical_story_tree/all_25_books_latest_full_cycle.txt|canon/canonical_story_tree/books/Book_24_Born_To_Die/book_content.txt	cello	timeline|relationships|scenes|quests|world	implemented_reference_map	reference_extracted_pending_domain_review
WDM-ARTIFACT-6ab788d22e07	artifact	the world behaves like it	canon/canonical_story_tree/all_25_books_latest_full_cycle.txt|canon/canonical_story_tree/books/Book_24_Born_To_Die/book_content.txt	cello	timeline|relationships|scenes|quests|world	implemented_reference_map	reference_extracted_pending_domain_review
WDM-ARTIFACT-c8617d374209	artifact	knows Blood Cello is near	canon/canonical_story_tree/all_25_books_latest_full_cycle.txt|canon/canonical_story_tree/books/Book_24_Born_To_Die/book_content.txt	cello	timeline|relationships|scenes|quests|world	implemented_reference_map	reference_extracted_pending_domain_review
WDM-ARTIFACT-5f14029b39d0	artifact	unfinished speech and interrupted touch	canon/canonical_story_tree/all_25_books_latest_full_cycle.txt|canon/canonical_story_tree/books/Book_24_Born_To_Die/book_content.txt	cello	timeline|relationships|scenes|quests|world	implemented_reference_map	reference_extracted_pending_domain_review
WDM-ARTIFACT-d52863fb1d93	artifact	matter	canon/canonical_story_tree/all_25_books_latest_full_cycle.txt|canon/canonical_story_tree/books/Book_24_Born_To_Die/book_content.txt	cello	timeline|relationships|scenes|quests|world	implemented_reference_map	reference_extracted_pending_domain_review
WDM-ARTIFACT-16613d7b5112	artifact	the field is unbearable but	canon/canonical_story_tree/all_25_books_latest_full_cycle.txt|canon/canonical_story_tree/books/Book_24_Born_To_Die/book_content.txt	cello	timeline|relationships|scenes|quests|world	implemented_reference_map	reference_extracted_pending_domain_review
WDM-ARTIFACT-d8c57424bc3d	artifact	not yet broken open	canon/canonical_story_tree/all_25_books_latest_full_cycle.txt|canon/canonical_story_tree/books/Book_24_Born_To_Die/book_content.txt	cello	timeline|relationships|scenes|quests|world	implemented_reference_map	reference_extracted_pending_domain_review
WDM-ARTIFACT-317ace6acec4	artifact	"Solved
Function"	canon/canonical_story_tree/all_25_books_latest_full_cycle.txt|canon/canonical_story_tree/books/Book_24_Born_To_Die/book_content.txt	cello	timeline|relationships|scenes|quests|world	implemented_reference_map	reference_extracted_pending_domain_review
WDM-ARTIFACT-19e771fd97ec	artifact	Boojay remains visibly unresolved at	canon/canonical_story_tree/all_25_books_latest_full_cycle.txt|canon/canonical_story_tree/books/Book_24_Born_To_Die/book_content.txt	cello	timeline|relationships|scenes|quests|world	implemented_reference_map	reference_extracted_pending_domain_review
WDM-ARTIFACT-2b0bb180091d	artifact	approach from mere doom into	canon/canonical_story_tree/all_25_books_latest_full_cycle.txt|canon/canonical_story_tree/books/Book_24_Born_To_Die/book_content.txt	cello	timeline|relationships|scenes|quests|world	implemented_reference_map	reference_extracted_pending_domain_review
WDM-ARTIFACT-5f7190062bc9	artifact	inherited obligation	canon/canonical_story_tree/all_25_books_latest_full_cycle.txt|canon/canonical_story_tree/books/Book_24_Born_To_Die/book_content.txt	cello	timeline|relationships|scenes|quests|world	implemented_reference_map	reference_extracted_pending_domain_review
WDM-ARTIFACT-1f93f64c3786	artifact	she is still more ghost	canon/canonical_story_tree/all_25_books_latest_full_cycle.txt|canon/canonical_story_tree/books/Book_24_Born_To_Die/book_content.txt	cello	timeline|relationships|scenes|quests|world	implemented_reference_map	reference_extracted_pending_domain_review
WDM-ARTIFACT-9646ff92da57	artifact	than ordinary body	canon/canonical_story_tree/all_25_books_latest_full_cycle.txt|canon/canonical_story_tree/books/Book_24_Born_To_Die/book_content.txt	cello	timeline|relationships|scenes|quests|world	implemented_reference_map	reference_extracted_pending_domain_review
WDM-ARTIFACT-5f1a1a31babe	artifact	her scale suggests the new	canon/canonical_story_tree/all_25_books_latest_full_cycle.txt|canon/canonical_story_tree/books/Book_24_Born_To_Die/book_content.txt	cello	timeline|relationships|scenes|quests|world	implemented_reference_map	reference_extracted_pending_domain_review
WDM-ARTIFACT-13d189f3a9ca	artifact	world will still owe her	canon/canonical_story_tree/all_25_books_latest_full_cycle.txt|canon/canonical_story_tree/books/Book_24_Born_To_Die/book_content.txt	cello	timeline|relationships|scenes|quests|world	implemented_reference_map	reference_extracted_pending_domain_review
WDM-ARTIFACT-d2f2a01c5493	artifact	meaning after Blood Cello	canon/canonical_story_tree/all_25_books_latest_full_cycle.txt|canon/canonical_story_tree/books/Book_24_Born_To_Die/book_content.txt	cello	timeline|relationships|scenes|quests|world	implemented_reference_map	reference_extracted_pending_domain_review
WDM-ARTIFACT-8fd514207523	artifact	maternal pressure now supports destiny	canon/canonical_story_tree/all_25_books_latest_full_cycle.txt|canon/canonical_story_tree/books/Book_24_Born_To_Die/book_content.txt	cello	timeline|relationships|scenes|quests|world	implemented_reference_map	reference_extracted_pending_domain_review
WDM-ARTIFACT-810c6c0d2104	artifact	without replacing choice	canon/canonical_story_tree/all_25_books_latest_full_cycle.txt|canon/canonical_story_tree/books/Book_24_Born_To_Die/book_content.txt	cello	timeline|relationships|scenes|quests|world	implemented_reference_map	reference_extracted_pending_domain_review
WDM-ARTIFACT-f98783fe87f6	artifact	Maximum anti-route	canon/canonical_story_tree/all_25_books_latest_full_cycle.txt|canon/canonical_story_tree/books/Book_24_Born_To_Die/book_content.txt	weapon	timeline|relationships|scenes|quests|world	implemented_reference_map	reference_extracted_pending_domain_review
WDM-ARTIFACT-e6efd69e4144	artifact	anti-rescue	canon/canonical_story_tree/all_25_books_latest_full_cycle.txt|canon/canonical_story_tree/books/Book_24_Born_To_Die/book_content.txt	weapon	timeline|relationships|scenes|quests|world	implemented_reference_map	reference_extracted_pending_domain_review
WDM-ARTIFACT-df9f3e306bd6	artifact	anti-thread pressure	canon/canonical_story_tree/all_25_books_latest_full_cycle.txt|canon/canonical_story_tree/books/Book_24_Born_To_Die/book_content.txt	weapon	timeline|relationships|scenes|quests|world	implemented_reference_map	reference_extracted_pending_domain_review
WDM-ARTIFACT-87581901adeb	artifact	They weaponize beloved presence and	canon/canonical_story_tree/all_25_books_latest_full_cycle.txt|canon/canonical_story_tree/books/Book_24_Born_To_Die/book_content.txt	weapon	timeline|relationships|scenes|quests|world	implemented_reference_map	reference_extracted_pending_domain_review
WDM-ARTIFACT-2ae6a2bc7616	artifact	false return to make real	canon/canonical_story_tree/all_25_books_latest_full_cycle.txt|canon/canonical_story_tree/books/Book_24_Born_To_Die/book_content.txt	weapon	timeline|relationships|scenes|quests|world	implemented_reference_map	reference_extracted_pending_domain_review
WDM-ARTIFACT-9ab1b725083f	artifact	loss unbearable	canon/canonical_story_tree/all_25_books_latest_full_cycle.txt|canon/canonical_story_tree/books/Book_24_Born_To_Die/book_content.txt	weapon	timeline|relationships|scenes|quests|world	implemented_reference_map	reference_extracted_pending_domain_review
WDM-ARTIFACT-6abfd131d2d2	artifact	"battle pressure
Terminal convergence war"	canon/canonical_story_tree/all_25_books_latest_full_cycle.txt|canon/canonical_story_tree/books/Book_24_Born_To_Die/book_content.txt	weapon	timeline|relationships|scenes|quests|world	implemented_reference_map	reference_extracted_pending_domain_review
WDM-ARTIFACT-8aebcff8dc91	artifact	"Mystic wonder set piece
Approach"	canon/canonical_story_tree/all_25_books_latest_full_cycle.txt|canon/canonical_story_tree/books/Book_24_Born_To_Die/book_content.txt	weapon	timeline|relationships|scenes|quests|world	implemented_reference_map	reference_extracted_pending_domain_review
WDM-ARTIFACT-458d18df642d	artifact	through near-unreal terrain where all	canon/canonical_story_tree/all_25_books_latest_full_cycle.txt|canon/canonical_story_tree/books/Book_24_Born_To_Die/book_content.txt	weapon	timeline|relationships|scenes|quests|world	implemented_reference_map	reference_extracted_pending_domain_review
WDM-ARTIFACT-b42e58dcd0bd	artifact	to terminal rebirth closure until	canon/canonical_story_tree/books/Book_25_Death_Is_Rebirth/book_content.txt	cello	timeline|relationships|scenes|quests|world	implemented_reference_map	reference_extracted_pending_domain_review
WDM-ARTIFACT-516fb5c95d1f	artifact	the final Book	canon/canonical_story_tree/books/Book_25_Death_Is_Rebirth/book_content.txt	cello	timeline|relationships|scenes|quests|world	implemented_reference_map	reference_extracted_pending_domain_review
WDM-ARTIFACT-05498ad3a6e5	artifact	prose pass locks the exact	canon/canonical_story_tree/books/Book_25_Death_Is_Rebirth/book_content.txt	cello	timeline|relationships|scenes|quests|world	implemented_reference_map	reference_extracted_pending_domain_review
WDM-ARTIFACT-d0b829516773	artifact	purpose line	canon/canonical_story_tree/books/Book_25_Death_Is_Rebirth/book_content.txt	cello	timeline|relationships|scenes|quests|world	implemented_reference_map	reference_extracted_pending_domain_review
WDM-ARTIFACT-b682bf4f33f9	artifact	B25	canon/canonical_story_tree/all_25_books_latest_full_cycle.txt|canon/canonical_story_tree/books/Book_25_Death_Is_Rebirth/book_content.txt	cello	timeline|relationships|scenes|quests|world	implemented_reference_map	reference_extracted_pending_domain_review
WDM-ARTIFACT-3784f84e3a63	artifact	Farewell	canon/canonical_story_tree/all_25_books_latest_full_cycle.txt|canon/canonical_story_tree/books/Book_25_Death_Is_Rebirth/book_content.txt	cello	timeline|relationships|scenes|quests|world	implemented_reference_map	reference_extracted_pending_domain_review
WDM-ARTIFACT-15e9802187a0	artifact	Instrument	canon/canonical_story_tree/all_25_books_latest_full_cycle.txt|canon/canonical_story_tree/books/Book_25_Death_Is_Rebirth/book_content.txt	cello	timeline|relationships|scenes|quests|world	implemented_reference_map	reference_extracted_pending_domain_review
WDM-ARTIFACT-73e1f3a24bd6	artifact	Waking	canon/canonical_story_tree/all_25_books_latest_full_cycle.txt|canon/canonical_story_tree/books/Book_25_Death_Is_Rebirth/book_content.txt	cello	timeline|relationships|scenes|quests|world	implemented_reference_map	reference_extracted_pending_domain_review
WDM-ARTIFACT-ae7be53b9e35	artifact	Proof	canon/canonical_story_tree/all_25_books_latest_full_cycle.txt|canon/canonical_story_tree/books/Book_25_Death_Is_Rebirth/book_content.txt	cello	timeline|relationships|scenes|quests|world	implemented_reference_map	reference_extracted_pending_domain_review
WDM-ARTIFACT-0f803a3e5a3b	artifact	deferred	canon/canonical_story_tree/all_25_books_latest_full_cycle.txt|canon/canonical_story_tree/books/Book_25_Death_Is_Rebirth/book_content.txt	blue light|cello|diary	timeline|relationships|scenes|quests|world	implemented_reference_map	reference_extracted_pending_domain_review
WDM-ARTIFACT-47e60de145ce	artifact	canon	canon/canonical_story_tree/books/Book_25_Death_Is_Rebirth/book_content.txt|canon/canonical_story_tree/world/wowas_world_zone_map.json	cello|diary	timeline|relationships|scenes|quests|world	implemented_reference_map	reference_extracted_pending_domain_review
WDM-ARTIFACT-ab312e9cdc2d	artifact	chronology lock	canon/canonical_story_tree/books/Book_25_Death_Is_Rebirth/book_content.txt	cello	timeline|relationships|scenes|quests|world	implemented_reference_map	reference_extracted_pending_domain_review
WDM-ARTIFACT-c3543702af80	artifact	Death Is Rebirth Scene Spine	canon/canonical_story_tree/all_25_books_latest_full_cycle.txt|canon/canonical_story_tree/books/Book_25_Death_Is_Rebirth/book_content.txt	cello	timeline|relationships|scenes|quests|world	implemented_reference_map	reference_extracted_pending_domain_review
WDM-ARTIFACT-008d07c9568b	artifact	"Blood Cello Escalation

Deliver the"	canon/canonical_story_tree/all_25_books_latest_full_cycle.txt|canon/canonical_story_tree/books/Book_25_Death_Is_Rebirth/book_content.txt	cello	timeline|relationships|scenes|quests|world	implemented_reference_map	reference_extracted_pending_domain_review
WDM-ARTIFACT-793d4f77991a	artifact	earned trigger death	canon/canonical_story_tree/all_25_books_latest_full_cycle.txt|canon/canonical_story_tree/books/Book_25_Death_Is_Rebirth/book_content.txt	cello	timeline|relationships|scenes|quests|world	implemented_reference_map	reference_extracted_pending_domain_review
WDM-ARTIFACT-c55ca96cc291	artifact	farewell-playing	canon/canonical_story_tree/all_25_books_latest_full_cycle.txt|canon/canonical_story_tree/books/Book_25_Death_Is_Rebirth/book_content.txt	cello	timeline|relationships|scenes|quests|world	implemented_reference_map	reference_extracted_pending_domain_review
WDM-ARTIFACT-2bbc48aebe59	artifact	resurrection field	canon/canonical_story_tree/all_25_books_latest_full_cycle.txt|canon/canonical_story_tree/books/Book_25_Death_Is_Rebirth/book_content.txt	cello	timeline|relationships|scenes|quests|world	implemented_reference_map	reference_extracted_pending_domain_review
WDM-ARTIFACT-245c778007a7	artifact	destruction-tempo support	canon/canonical_story_tree/all_25_books_latest_full_cycle.txt|canon/canonical_story_tree/books/Book_25_Death_Is_Rebirth/book_content.txt	cello	timeline|relationships|scenes|quests|world	implemented_reference_map	reference_extracted_pending_domain_review
WDM-ARTIFACT-e75202dbd8de	artifact	and reborn-world waking without making	canon/canonical_story_tree/all_25_books_latest_full_cycle.txt|canon/canonical_story_tree/books/Book_25_Death_Is_Rebirth/book_content.txt	cello	timeline|relationships|scenes|quests|world	implemented_reference_map	reference_extracted_pending_domain_review
WDM-ARTIFACT-ff2776a926e3	artifact	rebirth cheap	canon/canonical_story_tree/all_25_books_latest_full_cycle.txt|canon/canonical_story_tree/books/Book_25_Death_Is_Rebirth/book_content.txt	cello	timeline|relationships|scenes|quests|world	implemented_reference_map	reference_extracted_pending_domain_review
WDM-ARTIFACT-a80884f5a477	artifact	governing laws	canon/canonical_story_tree/all_25_books_latest_full_cycle.txt|canon/canonical_story_tree/books/Book_25_Death_Is_Rebirth/book_content.txt	cello	timeline|relationships|scenes|quests|world	implemented_reference_map	reference_extracted_pending_domain_review
WDM-ARTIFACT-5aeaefb64505	artifact	steadier contact that helps the	canon/canonical_story_tree/all_25_books_latest_full_cycle.txt|canon/canonical_story_tree/books/Book_25_Death_Is_Rebirth/book_content.txt	cello	timeline|relationships|scenes|quests|world	implemented_reference_map	reference_extracted_pending_domain_review
WDM-ARTIFACT-13907d99060d	artifact	world remain touchable	canon/canonical_story_tree/all_25_books_latest_full_cycle.txt|canon/canonical_story_tree/books/Book_25_Death_Is_Rebirth/book_content.txt	cello	timeline|relationships|scenes|quests|world	implemented_reference_map	reference_extracted_pending_domain_review
WDM-ARTIFACT-af3fdbce2b50	artifact	If Majiskii's markings are foregrounded	canon/canonical_story_tree/all_25_books_latest_full_cycle.txt|canon/canonical_story_tree/books/Book_25_Death_Is_Rebirth/book_content.txt	cello	timeline|relationships|scenes|quests|world	implemented_reference_map	reference_extracted_pending_domain_review
WDM-ARTIFACT-adc3b2a6183a	artifact	do so only for continuity	canon/canonical_story_tree/all_25_books_latest_full_cycle.txt|canon/canonical_story_tree/books/Book_25_Death_Is_Rebirth/book_content.txt	cello	timeline|relationships|scenes|quests|world	implemented_reference_map	reference_extracted_pending_domain_review
WDM-ARTIFACT-417a667d9a67	artifact	identification	canon/canonical_story_tree/all_25_books_latest_full_cycle.txt|canon/canonical_story_tree/books/Book_25_Death_Is_Rebirth/book_content.txt	cello	timeline|relationships|scenes|quests|world	implemented_reference_map	reference_extracted_pending_domain_review
WDM-ARTIFACT-8aa9c27829bc	artifact	anchoring	canon/canonical_story_tree/all_25_books_latest_full_cycle.txt|canon/canonical_story_tree/books/Book_25_Death_Is_Rebirth/book_content.txt	cello	timeline|relationships|scenes|quests|world	implemented_reference_map	reference_extracted_pending_domain_review
WDM-ARTIFACT-c0a72e77c753	artifact	or recognition	canon/canonical_story_tree/all_25_books_latest_full_cycle.txt|canon/canonical_story_tree/books/Book_25_Death_Is_Rebirth/book_content.txt	cello	timeline|relationships|scenes|quests|world	implemented_reference_map	reference_extracted_pending_domain_review
WDM-ARTIFACT-8438fa67b1bc	artifact	"Blood Cello itself
Blood-made instrument"	canon/canonical_story_tree/all_25_books_latest_full_cycle.txt|canon/canonical_story_tree/books/Book_25_Death_Is_Rebirth/book_content.txt	cello	timeline|relationships|scenes|quests|world	implemented_reference_map	reference_extracted_pending_domain_review
WDM-ARTIFACT-99e3bcb24795	artifact	ether-thread field	canon/canonical_story_tree/all_25_books_latest_full_cycle.txt|canon/canonical_story_tree/books/Book_25_Death_Is_Rebirth/book_content.txt	cello	timeline|relationships|scenes|quests|world	implemented_reference_map	reference_extracted_pending_domain_review
WDM-ARTIFACT-2fc201260e1e	artifact	destruction as tempo	canon/canonical_story_tree/all_25_books_latest_full_cycle.txt|canon/canonical_story_tree/books/Book_25_Death_Is_Rebirth/book_content.txt	cello	timeline|relationships|scenes|quests|world	implemented_reference_map	reference_extracted_pending_domain_review
WDM-ARTIFACT-d2bd885df6b2	artifact	return as audible world-law	canon/canonical_story_tree/all_25_books_latest_full_cycle.txt|canon/canonical_story_tree/books/Book_25_Death_Is_Rebirth/book_content.txt	cello	timeline|relationships|scenes|quests|world	implemented_reference_map	reference_extracted_pending_domain_review
WDM-ARTIFACT-83208e0da40b	artifact	and rubble becoming new creation	canon/canonical_story_tree/all_25_books_latest_full_cycle.txt|canon/canonical_story_tree/books/Book_25_Death_Is_Rebirth/book_content.txt	cello	timeline|relationships|scenes|quests|world	implemented_reference_map	reference_extracted_pending_domain_review
WDM-ARTIFACT-7f98bcd2112f	artifact	Pip believes he is only	canon/canonical_story_tree/all_25_books_latest_full_cycle.txt|canon/canonical_story_tree/books/Book_25_Death_Is_Rebirth/book_content.txt	cello	timeline|relationships|scenes|quests|world	implemented_reference_map	reference_extracted_pending_domain_review
WDM-ARTIFACT-7b834d6d2620	artifact	saying goodbye	canon/canonical_story_tree/all_25_books_latest_full_cycle.txt|canon/canonical_story_tree/books/Book_25_Death_Is_Rebirth/book_content.txt	cello	timeline|relationships|scenes|quests|world	implemented_reference_map	reference_extracted_pending_domain_review
WDM-ARTIFACT-b165472cc629	artifact	Everyone else hears farewell before	canon/canonical_story_tree/all_25_books_latest_full_cycle.txt|canon/canonical_story_tree/books/Book_25_Death_Is_Rebirth/book_content.txt	cello	timeline|relationships|scenes|quests|world	implemented_reference_map	reference_extracted_pending_domain_review
WDM-ARTIFACT-7865b5771563	artifact	miracle	canon/canonical_story_tree/all_25_books_latest_full_cycle.txt|canon/canonical_story_tree/books/Book_25_Death_Is_Rebirth/book_content.txt	cello	timeline|relationships|scenes|quests|world	implemented_reference_map	reference_extracted_pending_domain_review
WDM-ARTIFACT-d9a81152d8e8	artifact	Afterward Pip wakes thinking he	canon/canonical_story_tree/all_25_books_latest_full_cycle.txt|canon/canonical_story_tree/books/Book_25_Death_Is_Rebirth/book_content.txt	cello	timeline|relationships|scenes|quests|world	implemented_reference_map	reference_extracted_pending_domain_review
WDM-ARTIFACT-7653804dc7b8	artifact	may be dead or insane	canon/canonical_story_tree/all_25_books_latest_full_cycle.txt|canon/canonical_story_tree/books/Book_25_Death_Is_Rebirth/book_content.txt	cello	timeline|relationships|scenes|quests|world	implemented_reference_map	reference_extracted_pending_domain_review
WDM-ARTIFACT-ad0fc5e67322	artifact	Rylos Vayne Johnson	canon/canonical_story_tree/all_25_books_latest_full_cycle.txt|canon/canonical_story_tree/books/Book_25_Death_Is_Rebirth/book_content.txt	cello	timeline|relationships|scenes|quests|world	implemented_reference_map	reference_extracted_pending_domain_review
WDM-ARTIFACT-18bc4b4439e3	artifact	Boojay is the trigger death	canon/canonical_story_tree/all_25_books_latest_full_cycle.txt|canon/canonical_story_tree/books/Book_25_Death_Is_Rebirth/book_content.txt	cello	timeline|relationships|scenes|quests|world	implemented_reference_map	reference_extracted_pending_domain_review
WDM-ARTIFACT-2f32c47d9490	artifact	that begins Blood Cello	canon/canonical_story_tree/all_25_books_latest_full_cycle.txt|canon/canonical_story_tree/books/Book_25_Death_Is_Rebirth/book_content.txt	cello	timeline|relationships|scenes|quests|world	implemented_reference_map	reference_extracted_pending_domain_review
WDM-ARTIFACT-8bb1e10df470	artifact	Blood Cello setup consequence	canon/canonical_story_tree/all_25_books_latest_full_cycle.txt|canon/canonical_story_tree/books/Book_25_Death_Is_Rebirth/book_content.txt	cello	timeline|relationships|scenes|quests|world	implemented_reference_map	reference_extracted_pending_domain_review
WDM-ARTIFACT-2583ad53520e	artifact	Rylos dies saving Pip and	canon/canonical_story_tree/all_25_books_latest_full_cycle.txt|canon/canonical_story_tree/books/Book_25_Death_Is_Rebirth/book_content.txt	cello	timeline|relationships|scenes|quests|world	implemented_reference_map	reference_extracted_pending_domain_review
WDM-ARTIFACT-496056b7b917	artifact	Blood Cello begins immediately	canon/canonical_story_tree/all_25_books_latest_full_cycle.txt|canon/canonical_story_tree/books/Book_25_Death_Is_Rebirth/book_content.txt	cello	timeline|relationships|scenes|quests|world	implemented_reference_map	reference_extracted_pending_domain_review
WDM-ARTIFACT-838bb2044f5c	artifact	The instrument must feel born	canon/canonical_story_tree/all_25_books_latest_full_cycle.txt|canon/canonical_story_tree/books/Book_25_Death_Is_Rebirth/book_content.txt	cello	timeline|relationships|scenes|quests|world	implemented_reference_map	reference_extracted_pending_domain_review
WDM-ARTIFACT-bae60ff48451	artifact	from grief	canon/canonical_story_tree/all_25_books_latest_full_cycle.txt|canon/canonical_story_tree/books/Book_25_Death_Is_Rebirth/book_content.txt	cello	timeline|relationships|scenes|quests|world	implemented_reference_map	reference_extracted_pending_domain_review
WDM-ARTIFACT-fbd898cc319e	artifact	not summoned as	canon/canonical_story_tree/all_25_books_latest_full_cycle.txt|canon/canonical_story_tree/books/Book_25_Death_Is_Rebirth/book_content.txt	cello	timeline|relationships|scenes|quests|world	implemented_reference_map	reference_extracted_pending_domain_review
WDM-ARTIFACT-a183cabc14a3	artifact	tactic	canon/canonical_story_tree/all_25_books_latest_full_cycle.txt|canon/canonical_story_tree/books/Book_25_Death_Is_Rebirth/book_content.txt	cello	timeline|relationships|scenes|quests|world	implemented_reference_map	reference_extracted_pending_domain_review
WDM-ARTIFACT-adee0dc6cfb8	artifact	Returned life must feel morally	canon/canonical_story_tree/all_25_books_latest_full_cycle.txt|canon/canonical_story_tree/books/Book_25_Death_Is_Rebirth/book_content.txt	cello	timeline|relationships|scenes|quests|world	implemented_reference_map	reference_extracted_pending_domain_review
WDM-ARTIFACT-bb775e271658	artifact	and emotionally earned	canon/canonical_story_tree/all_25_books_latest_full_cycle.txt|canon/canonical_story_tree/books/Book_25_Death_Is_Rebirth/book_content.txt	cello	timeline|relationships|scenes|quests|world	implemented_reference_map	reference_extracted_pending_domain_review
WDM-ARTIFACT-155a235823e9	artifact	Waking cannot skip into relief	canon/canonical_story_tree/all_25_books_latest_full_cycle.txt|canon/canonical_story_tree/books/Book_25_Death_Is_Rebirth/book_content.txt	cello	timeline|relationships|scenes|quests|world	implemented_reference_map	reference_extracted_pending_domain_review
WDM-ARTIFACT-bd0fcffda989	artifact	Communal confirmation must follow sensory	canon/canonical_story_tree/all_25_books_latest_full_cycle.txt|canon/canonical_story_tree/books/Book_25_Death_Is_Rebirth/book_content.txt	cello	timeline|relationships|scenes|quests|world	implemented_reference_map	reference_extracted_pending_domain_review
WDM-ARTIFACT-0e01e852f285	artifact	not replace it	canon/canonical_story_tree/all_25_books_latest_full_cycle.txt|canon/canonical_story_tree/books/Book_25_Death_Is_Rebirth/book_content.txt	cello	timeline|relationships|scenes|quests|world	implemented_reference_map	reference_extracted_pending_domain_review
WDM-ARTIFACT-56f685ccfad7	artifact	Pip passes out believing he	canon/canonical_story_tree/all_25_books_latest_full_cycle.txt|canon/canonical_story_tree/books/Book_25_Death_Is_Rebirth/book_content.txt	cello	timeline|relationships|scenes|quests|world	implemented_reference_map	reference_extracted_pending_domain_review
WDM-ARTIFACT-ee227d80eb75	artifact	died	canon/canonical_story_tree/all_25_books_latest_full_cycle.txt|canon/canonical_story_tree/books/Book_25_Death_Is_Rebirth/book_content.txt	cello	timeline|relationships|scenes|quests|world	implemented_reference_map	reference_extracted_pending_domain_review
WDM-ARTIFACT-3b118b695b15	artifact	Pip wakes and questions sanity	canon/canonical_story_tree/all_25_books_latest_full_cycle.txt|canon/canonical_story_tree/books/Book_25_Death_Is_Rebirth/book_content.txt	cello	timeline|relationships|scenes|quests|world	implemented_reference_map	reference_extracted_pending_domain_review
WDM-ARTIFACT-9e21d71ac650	artifact	in the reborn world	canon/canonical_story_tree/all_25_books_latest_full_cycle.txt|canon/canonical_story_tree/books/Book_25_Death_Is_Rebirth/book_content.txt	cello	timeline|relationships|scenes|quests|world	implemented_reference_map	reference_extracted_pending_domain_review
WDM-ARTIFACT-f47d3e2b3676	artifact	"Blood Cello
The waking sequence"	canon/canonical_story_tree/all_25_books_latest_full_cycle.txt|canon/canonical_story_tree/books/Book_25_Death_Is_Rebirth/book_content.txt	cello	timeline|relationships|scenes|quests|world	implemented_reference_map	reference_extracted_pending_domain_review
WDM-ARTIFACT-ef6902cd24e7	artifact	must carry enough bodily and	canon/canonical_story_tree/all_25_books_latest_full_cycle.txt|canon/canonical_story_tree/books/Book_25_Death_Is_Rebirth/book_content.txt	cello	timeline|relationships|scenes|quests|world	implemented_reference_map	reference_extracted_pending_domain_review
WDM-ARTIFACT-996607bfc4f4	artifact	emotional truth that the reborn	canon/canonical_story_tree/all_25_books_latest_full_cycle.txt|canon/canonical_story_tree/books/Book_25_Death_Is_Rebirth/book_content.txt	cello	timeline|relationships|scenes|quests|world	implemented_reference_map	reference_extracted_pending_domain_review
WDM-ARTIFACT-6f1f306b6ec5	artifact	world feels merciful	canon/canonical_story_tree/all_25_books_latest_full_cycle.txt|canon/canonical_story_tree/books/Book_25_Death_Is_Rebirth/book_content.txt	cello	timeline|relationships|scenes|quests|world	implemented_reference_map	reference_extracted_pending_domain_review
WDM-ARTIFACT-89269cde1138	artifact	shocking	canon/canonical_story_tree/all_25_books_latest_full_cycle.txt|canon/canonical_story_tree/books/Book_25_Death_Is_Rebirth/book_content.txt	cello	timeline|relationships|scenes|quests|world	implemented_reference_map	reference_extracted_pending_domain_review
WDM-ARTIFACT-96eb39cb7038	artifact	and costly at once	canon/canonical_story_tree/all_25_books_latest_full_cycle.txt|canon/canonical_story_tree/books/Book_25_Death_Is_Rebirth/book_content.txt	cello	timeline|relationships|scenes|quests|world	implemented_reference_map	reference_extracted_pending_domain_review
WDM-ARTIFACT-b6a2ed0a9ac8	artifact	"Rebirth Framework

This book must"	canon/canonical_story_tree/all_25_books_latest_full_cycle.txt|canon/canonical_story_tree/books/Book_25_Death_Is_Rebirth/book_content.txt	cello	timeline|relationships|scenes|quests|world	implemented_reference_map	reference_extracted_pending_domain_review
WDM-ARTIFACT-37c0c0f3daa5	artifact	make death mean something specific	canon/canonical_story_tree/all_25_books_latest_full_cycle.txt|canon/canonical_story_tree/books/Book_25_Death_Is_Rebirth/book_content.txt	cello	timeline|relationships|scenes|quests|world	implemented_reference_map	reference_extracted_pending_domain_review
WDM-ARTIFACT-aaabb65eb74c	artifact	and prepare Blood Cello return	canon/canonical_story_tree/all_25_books_latest_full_cycle.txt|canon/canonical_story_tree/books/Book_25_Death_Is_Rebirth/book_content.txt	cello	timeline|relationships|scenes|quests|world	implemented_reference_map	reference_extracted_pending_domain_review
WDM-ARTIFACT-0cbcb915340b	artifact	to answer that meaning rather	canon/canonical_story_tree/all_25_books_latest_full_cycle.txt|canon/canonical_story_tree/books/Book_25_Death_Is_Rebirth/book_content.txt	cello	timeline|relationships|scenes|quests|world	implemented_reference_map	reference_extracted_pending_domain_review
WDM-ARTIFACT-3888ef59d0a5	artifact	than erase it	canon/canonical_story_tree/all_25_books_latest_full_cycle.txt|canon/canonical_story_tree/books/Book_25_Death_Is_Rebirth/book_content.txt	cello	timeline|relationships|scenes|quests|world	implemented_reference_map	reference_extracted_pending_domain_review
WDM-ARTIFACT-6ca9f76cb30b	artifact	questions to answer	canon/canonical_story_tree/all_25_books_latest_full_cycle.txt|canon/canonical_story_tree/books/Book_25_Death_Is_Rebirth/book_content.txt	cello	timeline|relationships|scenes|quests|world	implemented_reference_map	reference_extracted_pending_domain_review
WDM-ARTIFACT-20198d86f3bb	artifact	return answering wake with impossible	canon/canonical_story_tree/all_25_books_latest_full_cycle.txt|canon/canonical_story_tree/books/Book_25_Death_Is_Rebirth/book_content.txt	cello	timeline|relationships|scenes|quests|world	implemented_reference_map	reference_extracted_pending_domain_review
WDM-ARTIFACT-95c05123d7a9	artifact	earned beauty	canon/canonical_story_tree/all_25_books_latest_full_cycle.txt|canon/canonical_story_tree/books/Book_25_Death_Is_Rebirth/book_content.txt	cello	timeline|relationships|scenes|quests|world	implemented_reference_map	reference_extracted_pending_domain_review
WDM-ARTIFACT-1dec599910f4	artifact	do not make either dog	canon/canonical_story_tree/all_25_books_latest_full_cycle.txt|canon/canonical_story_tree/books/Book_25_Death_Is_Rebirth/book_content.txt	cello	timeline|relationships|scenes|quests|world	implemented_reference_map	reference_extracted_pending_domain_review
WDM-ARTIFACT-1be1ae2182bf	artifact	decorative	canon/canonical_story_tree/all_25_books_latest_full_cycle.txt|canon/canonical_story_tree/books/Book_25_Death_Is_Rebirth/book_content.txt	cello	timeline|relationships|scenes|quests|world	implemented_reference_map	reference_extracted_pending_domain_review
WDM-ARTIFACT-9cd18a6cfafc	artifact	interchangeable	canon/canonical_story_tree/all_25_books_latest_full_cycle.txt|canon/canonical_story_tree/books/Book_25_Death_Is_Rebirth/book_content.txt	cello	timeline|relationships|scenes|quests|world	implemented_reference_map	reference_extracted_pending_domain_review
WDM-ARTIFACT-cb1a74a911c5	artifact	do not resolve recognition too	canon/canonical_story_tree/all_25_books_latest_full_cycle.txt|canon/canonical_story_tree/books/Book_25_Death_Is_Rebirth/book_content.txt	cello	timeline|relationships|scenes|quests|world	implemented_reference_map	reference_extracted_pending_domain_review
WDM-ARTIFACT-ea47af58850d	artifact	quickly	canon/canonical_story_tree/all_25_books_latest_full_cycle.txt|canon/canonical_story_tree/books/Book_25_Death_Is_Rebirth/book_content.txt	cello	timeline|relationships|scenes|quests|world	implemented_reference_map	reference_extracted_pending_domain_review
WDM-ARTIFACT-ff56182d120e	artifact	to function visibly in the	canon/canonical_story_tree/all_25_books_latest_full_cycle.txt|canon/canonical_story_tree/books/Book_25_Death_Is_Rebirth/book_content.txt	cello	timeline|relationships|scenes|quests|world	implemented_reference_map	reference_extracted_pending_domain_review
WDM-ARTIFACT-b458ed157407	artifact	reborn world	canon/canonical_story_tree/all_25_books_latest_full_cycle.txt|canon/canonical_story_tree/books/Book_25_Death_Is_Rebirth/book_content.txt	cello	timeline|relationships|scenes|quests|world	implemented_reference_map	reference_extracted_pending_domain_review
WDM-ARTIFACT-cefebd2b69b6	artifact	returns should answer prior holes	canon/canonical_story_tree/all_25_books_latest_full_cycle.txt|canon/canonical_story_tree/books/Book_25_Death_Is_Rebirth/book_content.txt	cello	timeline|relationships|scenes|quests|world	implemented_reference_map	reference_extracted_pending_domain_review
WDM-ARTIFACT-6b251c9d3df8	artifact	ritual	canon/canonical_story_tree/all_25_books_latest_full_cycle.txt|canon/canonical_story_tree/books/Book_25_Death_Is_Rebirth/book_content.txt	cello	timeline|relationships|scenes|quests|world	implemented_reference_map	reference_extracted_pending_domain_review
WDM-ARTIFACT-326db1b3a5ad	artifact	message	canon/canonical_story_tree/all_25_books_latest_full_cycle.txt|canon/canonical_story_tree/books/Book_25_Death_Is_Rebirth/book_content.txt	cello	timeline|relationships|scenes|quests|world	implemented_reference_map	reference_extracted_pending_domain_review
WDM-ARTIFACT-50bd728ee168	artifact	alliance	canon/canonical_story_tree/all_25_books_latest_full_cycle.txt|canon/canonical_story_tree/books/Book_25_Death_Is_Rebirth/book_content.txt	cello	timeline|relationships|scenes|quests|world	implemented_reference_map	reference_extracted_pending_domain_review
WDM-ARTIFACT-a13600a1449c	artifact	refuge	canon/canonical_story_tree/all_25_books_latest_full_cycle.txt|canon/canonical_story_tree/books/Book_25_Death_Is_Rebirth/book_content.txt	cello	timeline|relationships|scenes|quests|world	implemented_reference_map	reference_extracted_pending_domain_review
WDM-ARTIFACT-1fbe64980b7a	artifact	surviving antagonists entering resurrection-field truth	canon/canonical_story_tree/all_25_books_latest_full_cycle.txt|canon/canonical_story_tree/books/Book_25_Death_Is_Rebirth/book_content.txt	cello	timeline|relationships|scenes|quests|world	implemented_reference_map	reference_extracted_pending_domain_review
WDM-ARTIFACT-574b87330da5	artifact	love remained real after everything	canon/canonical_story_tree/all_25_books_latest_full_cycle.txt|canon/canonical_story_tree/books/Book_25_Death_Is_Rebirth/book_content.txt	cello	timeline|relationships|scenes|quests|world	implemented_reference_map	reference_extracted_pending_domain_review
WDM-ARTIFACT-81b78c27ed54	artifact	done to bury it	canon/canonical_story_tree/all_25_books_latest_full_cycle.txt|canon/canonical_story_tree/books/Book_25_Death_Is_Rebirth/book_content.txt	cello	timeline|relationships|scenes|quests|world	implemented_reference_map	reference_extracted_pending_domain_review
WDM-ARTIFACT-391fed30c7b0	artifact	individualized by harm	canon/canonical_story_tree/all_25_books_latest_full_cycle.txt|canon/canonical_story_tree/books/Book_25_Death_Is_Rebirth/book_content.txt	cello	timeline|relationships|scenes|quests|world	implemented_reference_map	reference_extracted_pending_domain_review
WDM-ARTIFACT-46d50159a003	artifact	denial	canon/canonical_story_tree/all_25_books_latest_full_cycle.txt|canon/canonical_story_tree/books/Book_25_Death_Is_Rebirth/book_content.txt	cello	timeline|relationships|scenes|quests|world	implemented_reference_map	reference_extracted_pending_domain_review
WDM-ARTIFACT-f5c7b3713033	artifact	obsession	canon/canonical_story_tree/all_25_books_latest_full_cycle.txt|canon/canonical_story_tree/books/Book_25_Death_Is_Rebirth/book_content.txt	cello	timeline|relationships|scenes|quests|world	implemented_reference_map	reference_extracted_pending_domain_review
WDM-ARTIFACT-c076ed19c77f	artifact	or partial remorse	canon/canonical_story_tree/all_25_books_latest_full_cycle.txt|canon/canonical_story_tree/books/Book_25_Death_Is_Rebirth/book_content.txt	cello	timeline|relationships|scenes|quests|world	implemented_reference_map	reference_extracted_pending_domain_review
WDM-ARTIFACT-76f795814e34	artifact	mixed by merit	canon/canonical_story_tree/all_25_books_latest_full_cycle.txt|canon/canonical_story_tree/books/Book_25_Death_Is_Rebirth/book_content.txt	cello	timeline|relationships|scenes|quests|world	implemented_reference_map	reference_extracted_pending_domain_review
WDM-ARTIFACT-c37075bfac1e	artifact	no blanket redemption	canon/canonical_story_tree/all_25_books_latest_full_cycle.txt|canon/canonical_story_tree/books/Book_25_Death_Is_Rebirth/book_content.txt	cello	timeline|relationships|scenes|quests|world	implemented_reference_map	reference_extracted_pending_domain_review
WDM-ARTIFACT-f518c8b6cec3	artifact	makes resurrection morally textured rather	canon/canonical_story_tree/all_25_books_latest_full_cycle.txt|canon/canonical_story_tree/books/Book_25_Death_Is_Rebirth/book_content.txt	cello	timeline|relationships|scenes|quests|world	implemented_reference_map	reference_extracted_pending_domain_review
WDM-ARTIFACT-8ca817f4fe12	artifact	than naive	canon/canonical_story_tree/all_25_books_latest_full_cycle.txt|canon/canonical_story_tree/books/Book_25_Death_Is_Rebirth/book_content.txt	cello	timeline|relationships|scenes|quests|world	implemented_reference_map	reference_extracted_pending_domain_review
WDM-ARTIFACT-b364b2c5c0c4	artifact	waking sequence too compressed	canon/canonical_story_tree/all_25_books_latest_full_cycle.txt|canon/canonical_story_tree/books/Book_25_Death_Is_Rebirth/book_content.txt	cello	timeline|relationships|scenes|quests|world	implemented_reference_map	reference_extracted_pending_domain_review
WDM-ARTIFACT-bd34a6592665	artifact	disbelief	canon/canonical_story_tree/all_25_books_latest_full_cycle.txt|canon/canonical_story_tree/books/Book_25_Death_Is_Rebirth/book_content.txt	cello	timeline|relationships|scenes|quests|world	implemented_reference_map	reference_extracted_pending_domain_review
WDM-ARTIFACT-78025a40f4d6	artifact	sanity-doubt	canon/canonical_story_tree/all_25_books_latest_full_cycle.txt|canon/canonical_story_tree/books/Book_25_Death_Is_Rebirth/book_content.txt	cello	timeline|relationships|scenes|quests|world	implemented_reference_map	reference_extracted_pending_domain_review
WDM-ARTIFACT-b547a54e805b	artifact	sensory proof	canon/canonical_story_tree/all_25_books_latest_full_cycle.txt|canon/canonical_story_tree/books/Book_25_Death_Is_Rebirth/book_content.txt	cello	timeline|relationships|scenes|quests|world	implemented_reference_map	reference_extracted_pending_domain_review
WDM-ARTIFACT-8e082d71c107	artifact	Boojay recognition	canon/canonical_story_tree/all_25_books_latest_full_cycle.txt|canon/canonical_story_tree/books/Book_25_Death_Is_Rebirth/book_content.txt	cello	timeline|relationships|scenes|quests|world	implemented_reference_map	reference_extracted_pending_domain_review
WDM-ARTIFACT-711c86330e5a	artifact	communal confirmation	canon/canonical_story_tree/all_25_books_latest_full_cycle.txt|canon/canonical_story_tree/books/Book_25_Death_Is_Rebirth/book_content.txt	cello	timeline|relationships|scenes|quests|world	implemented_reference_map	reference_extracted_pending_domain_review
WDM-ARTIFACT-c6e8dae5ddf4	artifact	changed-world proof	canon/canonical_story_tree/all_25_books_latest_full_cycle.txt|canon/canonical_story_tree/books/Book_25_Death_Is_Rebirth/book_content.txt	cello	timeline|relationships|scenes|quests|world	implemented_reference_map	reference_extracted_pending_domain_review
WDM-ARTIFACT-6276cbb3a26d	artifact	page events	canon/canonical_story_tree/all_25_books_latest_full_cycle.txt|canon/canonical_story_tree/books/Book_25_Death_Is_Rebirth/book_content.txt	cello	timeline|relationships|scenes|quests|world	implemented_reference_map	reference_extracted_pending_domain_review
WDM-ARTIFACT-1fafea36ea28	artifact	insertion count target	canon/canonical_story_tree/all_25_books_latest_full_cycle.txt|canon/canonical_story_tree/books/Book_25_Death_Is_Rebirth/book_content.txt	cello	timeline|relationships|scenes|quests|world	implemented_reference_map	reference_extracted_pending_domain_review
WDM-ARTIFACT-4573ed7e531f	artifact	minimum	canon/canonical_story_tree/all_25_books_latest_full_cycle.txt|canon/canonical_story_tree/books/Book_25_Death_Is_Rebirth/book_content.txt	cello	timeline|relationships|scenes|quests|world	implemented_reference_map	reference_extracted_pending_domain_review
WDM-ARTIFACT-2df1c349e239	artifact	preferred	canon/canonical_story_tree/all_25_books_latest_full_cycle.txt|canon/canonical_story_tree/books/Book_25_Death_Is_Rebirth/book_content.txt	cello	timeline|relationships|scenes|quests|world	implemented_reference_map	reference_extracted_pending_domain_review
WDM-ARTIFACT-8b3c547e6ad8	artifact	maximum	canon/canonical_story_tree/all_25_books_latest_full_cycle.txt|canon/canonical_story_tree/books/Book_25_Death_Is_Rebirth/book_content.txt	cello	timeline|relationships|scenes|quests|world	implemented_reference_map	reference_extracted_pending_domain_review
WDM-ARTIFACT-d52ec08762b3	artifact	may exceed this because it	canon/canonical_story_tree/all_25_books_latest_full_cycle.txt|canon/canonical_story_tree/books/Book_25_Death_Is_Rebirth/book_content.txt	cello	timeline|relationships|scenes|quests|world	implemented_reference_map	reference_extracted_pending_domain_review
WDM-ARTIFACT-b7a83cd9bb78	artifact	is terminal convergence	canon/canonical_story_tree/all_25_books_latest_full_cycle.txt|canon/canonical_story_tree/books/Book_25_Death_Is_Rebirth/book_content.txt	cello	timeline|relationships|scenes|quests|world	implemented_reference_map	reference_extracted_pending_domain_review
WDM-ARTIFACT-ee9b86239814	artifact	target scenes	canon/canonical_story_tree/all_25_books_latest_full_cycle.txt|canon/canonical_story_tree/books/Book_25_Death_Is_Rebirth/book_content.txt	cello	timeline|relationships|scenes|quests|world	implemented_reference_map	reference_extracted_pending_domain_review
WDM-ARTIFACT-747e76b6ceab	artifact	Rylos trigger death	canon/canonical_story_tree/all_25_books_latest_full_cycle.txt|canon/canonical_story_tree/books/Book_25_Death_Is_Rebirth/book_content.txt	cello	timeline|relationships|scenes|quests|world	implemented_reference_map	reference_extracted_pending_domain_review
WDM-ARTIFACT-01a56106148c	artifact	cello conjured from Pip’s blood	canon/canonical_story_tree/all_25_books_latest_full_cycle.txt|canon/canonical_story_tree/books/Book_25_Death_Is_Rebirth/book_content.txt	cello	timeline|relationships|scenes|quests|world	implemented_reference_map	reference_extracted_pending_domain_review
WDM-ARTIFACT-d68e80b0b928	artifact	over dying Rylos	canon/canonical_story_tree/all_25_books_latest_full_cycle.txt|canon/canonical_story_tree/books/Book_25_Death_Is_Rebirth/book_content.txt	cello	timeline|relationships|scenes|quests|world	implemented_reference_map	reference_extracted_pending_domain_review
WDM-ARTIFACT-a4fe42a8a1ac	artifact	farewell-playing scene where the crowd	canon/canonical_story_tree/all_25_books_latest_full_cycle.txt|canon/canonical_story_tree/books/Book_25_Death_Is_Rebirth/book_content.txt	cello	timeline|relationships|scenes|quests|world	implemented_reference_map	reference_extracted_pending_domain_review
WDM-ARTIFACT-cc2e6c1f7d42	artifact	hears goodbye before miracle	canon/canonical_story_tree/all_25_books_latest_full_cycle.txt|canon/canonical_story_tree/books/Book_25_Death_Is_Rebirth/book_content.txt	cello	timeline|relationships|scenes|quests|world	implemented_reference_map	reference_extracted_pending_domain_review
WDM-ARTIFACT-6886d75f9b32	artifact	Xethrolund destruction-dance begins	canon/canonical_story_tree/all_25_books_latest_full_cycle.txt|canon/canonical_story_tree/books/Book_25_Death_Is_Rebirth/book_content.txt	cello	timeline|relationships|scenes|quests|world	implemented_reference_map	reference_extracted_pending_domain_review
WDM-ARTIFACT-ab2fdece2722	artifact	Rolzen joins almost instantly with	canon/canonical_story_tree/all_25_books_latest_full_cycle.txt|canon/canonical_story_tree/books/Book_25_Death_Is_Rebirth/book_content.txt	cello	timeline|relationships|scenes|quests|world	implemented_reference_map	reference_extracted_pending_domain_review
WDM-ARTIFACT-bb2595f51339	artifact	Pip collapses believing he has	canon/canonical_story_tree/all_25_books_latest_full_cycle.txt|canon/canonical_story_tree/books/Book_25_Death_Is_Rebirth/book_content.txt	cello	timeline|relationships|scenes|quests|world	implemented_reference_map	reference_extracted_pending_domain_review
WDM-ARTIFACT-93b6bb0e9f35	artifact	extended waking sequence	canon/canonical_story_tree/all_25_books_latest_full_cycle.txt|canon/canonical_story_tree/books/Book_25_Death_Is_Rebirth/book_content.txt	cello	timeline|relationships|scenes|quests|world	implemented_reference_map	reference_extracted_pending_domain_review
WDM-ARTIFACT-06b0141db072	artifact	sanity doubt	canon/canonical_story_tree/all_25_books_latest_full_cycle.txt|canon/canonical_story_tree/books/Book_25_Death_Is_Rebirth/book_content.txt	cello	timeline|relationships|scenes|quests|world	implemented_reference_map	reference_extracted_pending_domain_review
WDM-ARTIFACT-ffd1f79e62af	artifact	changed-world sensory proof	canon/canonical_story_tree/all_25_books_latest_full_cycle.txt|canon/canonical_story_tree/books/Book_25_Death_Is_Rebirth/book_content.txt	cello	timeline|relationships|scenes|quests|world	implemented_reference_map	reference_extracted_pending_domain_review
WDM-ARTIFACT-e8fc6845b87b	artifact	"Scene Blocks

Provide direct insertable"	canon/canonical_story_tree/all_25_books_latest_full_cycle.txt|canon/canonical_story_tree/books/Book_25_Death_Is_Rebirth/book_content.txt	cello	timeline|relationships|scenes|quests|world	implemented_reference_map	reference_extracted_pending_domain_review
WDM-ARTIFACT-10dea6a09ccc	artifact	scene blocks that satisfy the	canon/canonical_story_tree/all_25_books_latest_full_cycle.txt|canon/canonical_story_tree/books/Book_25_Death_Is_Rebirth/book_content.txt	cello	timeline|relationships|scenes|quests|world	implemented_reference_map	reference_extracted_pending_domain_review
WDM-ARTIFACT-b7c7499ec038	artifact	already locked escalation	canon/canonical_story_tree/all_25_books_latest_full_cycle.txt|canon/canonical_story_tree/books/Book_25_Death_Is_Rebirth/book_content.txt	cello	timeline|relationships|scenes|quests|world	implemented_reference_map	reference_extracted_pending_domain_review
WDM-ARTIFACT-dc6830c1b292	artifact	and weak-area requirements	canon/canonical_story_tree/all_25_books_latest_full_cycle.txt|canon/canonical_story_tree/books/Book_25_Death_Is_Rebirth/book_content.txt	cello	timeline|relationships|scenes|quests|world	implemented_reference_map	reference_extracted_pending_domain_review
WDM-ARTIFACT-a0ff7734c080	artifact	"Trigger Death
Rylos dies saving"	canon/canonical_story_tree/all_25_books_latest_full_cycle.txt|canon/canonical_story_tree/books/Book_25_Death_Is_Rebirth/book_content.txt	cello	timeline|relationships|scenes|quests|world	implemented_reference_map	reference_extracted_pending_domain_review
WDM-ARTIFACT-3bec8e9a3fc8	artifact	Pip directly	canon/canonical_story_tree/all_25_books_latest_full_cycle.txt|canon/canonical_story_tree/books/Book_25_Death_Is_Rebirth/book_content.txt	cello	timeline|relationships|scenes|quests|world	implemented_reference_map	reference_extracted_pending_domain_review
WDM-ARTIFACT-3ba47724899d	artifact	The scene must remain intimate	canon/canonical_story_tree/all_25_books_latest_full_cycle.txt|canon/canonical_story_tree/books/Book_25_Death_Is_Rebirth/book_content.txt	cello	timeline|relationships|scenes|quests|world	implemented_reference_map	reference_extracted_pending_domain_review
WDM-ARTIFACT-1a4d23a3ca57	artifact	even if the world is	canon/canonical_story_tree/all_25_books_latest_full_cycle.txt|canon/canonical_story_tree/books/Book_25_Death_Is_Rebirth/book_content.txt	cello	timeline|relationships|scenes|quests|world	implemented_reference_map	reference_extracted_pending_domain_review
WDM-ARTIFACT-228f405a5084	artifact	collapsing around it	canon/canonical_story_tree/all_25_books_latest_full_cycle.txt|canon/canonical_story_tree/books/Book_25_Death_Is_Rebirth/book_content.txt	cello	timeline|relationships|scenes|quests|world	implemented_reference_map	reference_extracted_pending_domain_review
WDM-ARTIFACT-07af4a3c7330	artifact	This is not	canon/canonical_story_tree/all_25_books_latest_full_cycle.txt|canon/canonical_story_tree/books/Book_25_Death_Is_Rebirth/book_content.txt	cello	timeline|relationships|scenes|quests|world	implemented_reference_map	reference_extracted_pending_domain_review
WDM-ARTIFACT-533a8141a86a	artifact	distant heroic tableau	canon/canonical_story_tree/all_25_books_latest_full_cycle.txt|canon/canonical_story_tree/books/Book_25_Death_Is_Rebirth/book_content.txt	cello	timeline|relationships|scenes|quests|world	implemented_reference_map	reference_extracted_pending_domain_review
WDM-ARTIFACT-14f22241d925	artifact	It is the exact bodily	canon/canonical_story_tree/all_25_books_latest_full_cycle.txt|canon/canonical_story_tree/books/Book_25_Death_Is_Rebirth/book_content.txt	cello	timeline|relationships|scenes|quests|world	implemented_reference_map	reference_extracted_pending_domain_review
WDM-ARTIFACT-fb51f383345f	artifact	wound that births Blood Cello	canon/canonical_story_tree/all_25_books_latest_full_cycle.txt|canon/canonical_story_tree/books/Book_25_Death_Is_Rebirth/book_content.txt	cello	timeline|relationships|scenes|quests|world	implemented_reference_map	reference_extracted_pending_domain_review
WDM-ARTIFACT-703e0a949e12	artifact	ignite Blood Cello correctly	canon/canonical_story_tree/all_25_books_latest_full_cycle.txt|canon/canonical_story_tree/books/Book_25_Death_Is_Rebirth/book_content.txt	cello	timeline|relationships|scenes|quests|world	implemented_reference_map	reference_extracted_pending_domain_review
WDM-ARTIFACT-29f13cdf6323	artifact	keep the grief intimate before	canon/canonical_story_tree/all_25_books_latest_full_cycle.txt|canon/canonical_story_tree/books/Book_25_Death_Is_Rebirth/book_content.txt	cello	timeline|relationships|scenes|quests|world	implemented_reference_map	reference_extracted_pending_domain_review
WDM-ARTIFACT-55587a7b6ec3	artifact	the miracle becomes legible	canon/canonical_story_tree/all_25_books_latest_full_cycle.txt|canon/canonical_story_tree/books/Book_25_Death_Is_Rebirth/book_content.txt	cello	timeline|relationships|scenes|quests|world	implemented_reference_map	reference_extracted_pending_domain_review
WDM-ARTIFACT-fd5eb58556b7	artifact	"Farewell Before Miracle
Pip plays"	canon/canonical_story_tree/all_25_books_latest_full_cycle.txt|canon/canonical_story_tree/books/Book_25_Death_Is_Rebirth/book_content.txt	cello	timeline|relationships|scenes|quests|world	implemented_reference_map	reference_extracted_pending_domain_review
WDM-ARTIFACT-fd48757e5074	artifact	believing he is saying goodbye	canon/canonical_story_tree/all_25_books_latest_full_cycle.txt|canon/canonical_story_tree/books/Book_25_Death_Is_Rebirth/book_content.txt	cello	timeline|relationships|scenes|quests|world	implemented_reference_map	reference_extracted_pending_domain_review
WDM-ARTIFACT-93b683c1e78b	artifact	The crowd hears farewell before	canon/canonical_story_tree/all_25_books_latest_full_cycle.txt|canon/canonical_story_tree/books/Book_25_Death_Is_Rebirth/book_content.txt	cello	timeline|relationships|scenes|quests|world	implemented_reference_map	reference_extracted_pending_domain_review
WDM-ARTIFACT-6e19f3235a77	artifact	make Boojay recognition one of	canon/canonical_story_tree/all_25_books_latest_full_cycle.txt|canon/canonical_story_tree/books/Book_25_Death_Is_Rebirth/book_content.txt	cello	timeline|relationships|scenes|quests|world	implemented_reference_map	reference_extracted_pending_domain_review
WDM-ARTIFACT-36b8e656957b	artifact	the most devastatingly relieving moments	canon/canonical_story_tree/all_25_books_latest_full_cycle.txt|canon/canonical_story_tree/books/Book_25_Death_Is_Rebirth/book_content.txt	cello	timeline|relationships|scenes|quests|world	implemented_reference_map	reference_extracted_pending_domain_review
WDM-ARTIFACT-6e623275a617	artifact	in the saga	canon/canonical_story_tree/all_25_books_latest_full_cycle.txt|canon/canonical_story_tree/books/Book_25_Death_Is_Rebirth/book_content.txt	cello	timeline|relationships|scenes|quests|world	implemented_reference_map	reference_extracted_pending_domain_review
WDM-ARTIFACT-7f9b7e3a74f5	artifact	do not rush the dogs	canon/canonical_story_tree/all_25_books_latest_full_cycle.txt|canon/canonical_story_tree/books/Book_25_Death_Is_Rebirth/book_content.txt	cello	timeline|relationships|scenes|quests|world	implemented_reference_map	reference_extracted_pending_domain_review
WDM-ARTIFACT-f84b65184e4b	artifact	into generic comfort behavior	canon/canonical_story_tree/all_25_books_latest_full_cycle.txt|canon/canonical_story_tree/books/Book_25_Death_Is_Rebirth/book_content.txt	cello	timeline|relationships|scenes|quests|world	implemented_reference_map	reference_extracted_pending_domain_review
WDM-ARTIFACT-036d6f8aa36c	artifact	Dialogue Targets	canon/canonical_story_tree/all_25_books_latest_full_cycle.txt|canon/canonical_story_tree/books/Book_25_Death_Is_Rebirth/book_content.txt	cello	timeline|relationships|scenes|quests|world	implemented_reference_map	reference_extracted_pending_domain_review
WDM-ARTIFACT-3a5fef1c1f35	artifact	Dialogue Target	canon/canonical_story_tree/all_25_books_latest_full_cycle.txt|canon/canonical_story_tree/books/Book_25_Death_Is_Rebirth/book_content.txt	cello	timeline|relationships|scenes|quests|world	implemented_reference_map	reference_extracted_pending_domain_review
WDM-ARTIFACT-2150d803354f	artifact	Pip Before Playing	canon/canonical_story_tree/all_25_books_latest_full_cycle.txt|canon/canonical_story_tree/books/Book_25_Death_Is_Rebirth/book_content.txt	cello	timeline|relationships|scenes|quests|world	implemented_reference_map	reference_extracted_pending_domain_review
WDM-ARTIFACT-ce0f36eb0454	artifact	Pip must sound like goodbye	canon/canonical_story_tree/all_25_books_latest_full_cycle.txt|canon/canonical_story_tree/books/Book_25_Death_Is_Rebirth/book_content.txt	cello	timeline|relationships|scenes|quests|world	implemented_reference_map	reference_extracted_pending_domain_review
WDM-ARTIFACT-086ea312e58e	artifact	not mastery	canon/canonical_story_tree/all_25_books_latest_full_cycle.txt|canon/canonical_story_tree/books/Book_25_Death_Is_Rebirth/book_content.txt	cello	timeline|relationships|scenes|quests|world	implemented_reference_map	reference_extracted_pending_domain_review
WDM-ARTIFACT-cfe49f1f49cd	artifact	grief first	canon/canonical_story_tree/all_25_books_latest_full_cycle.txt|canon/canonical_story_tree/books/Book_25_Death_Is_Rebirth/book_content.txt	cello	timeline|relationships|scenes|quests|world	implemented_reference_map	reference_extracted_pending_domain_review
WDM-ARTIFACT-140bd87bf56d	artifact	miracle later	canon/canonical_story_tree/all_25_books_latest_full_cycle.txt|canon/canonical_story_tree/books/Book_25_Death_Is_Rebirth/book_content.txt	cello	timeline|relationships|scenes|quests|world	implemented_reference_map	reference_extracted_pending_domain_review
WDM-ARTIFACT-2f86cbd37da9	artifact	Witnesses During Blood Cello	canon/canonical_story_tree/all_25_books_latest_full_cycle.txt|canon/canonical_story_tree/books/Book_25_Death_Is_Rebirth/book_content.txt	cello	timeline|relationships|scenes|quests|world	implemented_reference_map	reference_extracted_pending_domain_review
WDM-ARTIFACT-88179a0a573e	artifact	they should hear sincerity before	canon/canonical_story_tree/all_25_books_latest_full_cycle.txt|canon/canonical_story_tree/books/Book_25_Death_Is_Rebirth/book_content.txt	cello	timeline|relationships|scenes|quests|world	implemented_reference_map	reference_extracted_pending_domain_review
WDM-ARTIFACT-449d8b39627f	artifact	they understand return	canon/canonical_story_tree/all_25_books_latest_full_cycle.txt|canon/canonical_story_tree/books/Book_25_Death_Is_Rebirth/book_content.txt	cello	timeline|relationships|scenes|quests|world	implemented_reference_map	reference_extracted_pending_domain_review
WDM-ARTIFACT-42584331aacf	artifact	no one should flatten the	canon/canonical_story_tree/all_25_books_latest_full_cycle.txt|canon/canonical_story_tree/books/Book_25_Death_Is_Rebirth/book_content.txt	cello	timeline|relationships|scenes|quests|world	implemented_reference_map	reference_extracted_pending_domain_review
WDM-ARTIFACT-99554fc6e551	artifact	event into easy triumph	canon/canonical_story_tree/all_25_books_latest_full_cycle.txt|canon/canonical_story_tree/books/Book_25_Death_Is_Rebirth/book_content.txt	cello	timeline|relationships|scenes|quests|world	implemented_reference_map	reference_extracted_pending_domain_review
WDM-ARTIFACT-a97a68afc3f3	artifact	dialogue after waking should move	canon/canonical_story_tree/all_25_books_latest_full_cycle.txt|canon/canonical_story_tree/books/Book_25_Death_Is_Rebirth/book_content.txt	cello	timeline|relationships|scenes|quests|world	implemented_reference_map	reference_extracted_pending_domain_review
WDM-ARTIFACT-809989cad222	artifact	not duplicate Daisy May	canon/canonical_story_tree/all_25_books_latest_full_cycle.txt|canon/canonical_story_tree/books/Book_25_Death_Is_Rebirth/book_content.txt	cello	timeline|relationships|scenes|quests|world	implemented_reference_map	reference_extracted_pending_domain_review
WDM-ARTIFACT-37ed61d8326c	artifact	Dialogue refusal	canon/canonical_story_tree/all_25_books_latest_full_cycle.txt|canon/canonical_story_tree/books/Book_25_Death_Is_Rebirth/book_content.txt	cello	timeline|relationships|scenes|quests|world	implemented_reference_map	reference_extracted_pending_domain_review
WDM-ARTIFACT-8127f359a590	artifact	no generic	canon/canonical_story_tree/all_25_books_latest_full_cycle.txt|canon/canonical_story_tree/books/Book_25_Death_Is_Rebirth/book_content.txt	cello	timeline|relationships|scenes|quests|world	implemented_reference_map	reference_extracted_pending_domain_review
WDM-ARTIFACT-544a40fc84a3	artifact	it is okay now	canon/canonical_story_tree/all_25_books_latest_full_cycle.txt|canon/canonical_story_tree/books/Book_25_Death_Is_Rebirth/book_content.txt	cello	timeline|relationships|scenes|quests|world	implemented_reference_map	reference_extracted_pending_domain_review
WDM-ARTIFACT-be5f1b3d078d	artifact	no immediate full certainty	canon/canonical_story_tree/all_25_books_latest_full_cycle.txt|canon/canonical_story_tree/books/Book_25_Death_Is_Rebirth/book_content.txt	cello	timeline|relationships|scenes|quests|world	implemented_reference_map	reference_extracted_pending_domain_review
WDM-ARTIFACT-237371bf5331	artifact	no duplicated dog-emotion lines	canon/canonical_story_tree/all_25_books_latest_full_cycle.txt|canon/canonical_story_tree/books/Book_25_Death_Is_Rebirth/book_content.txt	cello	timeline|relationships|scenes|quests|world	implemented_reference_map	reference_extracted_pending_domain_review
WDM-ARTIFACT-39ebbf233311	artifact	"Prose Tone Targets

Lock the"	canon/canonical_story_tree/all_25_books_latest_full_cycle.txt|canon/canonical_story_tree/books/Book_25_Death_Is_Rebirth/book_content.txt	cello	timeline|relationships|scenes|quests|world	implemented_reference_map	reference_extracted_pending_domain_review
WDM-ARTIFACT-1820575b34ac	artifact	tonal behavior of this book	canon/canonical_story_tree/all_25_books_latest_full_cycle.txt|canon/canonical_story_tree/books/Book_25_Death_Is_Rebirth/book_content.txt	cello	timeline|relationships|scenes|quests|world	implemented_reference_map	reference_extracted_pending_domain_review
WDM-ARTIFACT-29e11c41a62e	artifact	so inserted scenes	canon/canonical_story_tree/all_25_books_latest_full_cycle.txt|canon/canonical_story_tree/books/Book_25_Death_Is_Rebirth/book_content.txt	cello	timeline|relationships|scenes|quests|world	implemented_reference_map	reference_extracted_pending_domain_review
WDM-ARTIFACT-929a91e13cec	artifact	and villain textures all sound	canon/canonical_story_tree/all_25_books_latest_full_cycle.txt|canon/canonical_story_tree/books/Book_25_Death_Is_Rebirth/book_content.txt	cello	timeline|relationships|scenes|quests|world	implemented_reference_map	reference_extracted_pending_domain_review
WDM-ARTIFACT-299f57ef0ab8	artifact	like the same saga	canon/canonical_story_tree/all_25_books_latest_full_cycle.txt|canon/canonical_story_tree/books/Book_25_Death_Is_Rebirth/book_content.txt	cello	timeline|relationships|scenes|quests|world	implemented_reference_map	reference_extracted_pending_domain_review
WDM-ARTIFACT-4b68007ca8b2	artifact	tone requirements	canon/canonical_story_tree/all_25_books_latest_full_cycle.txt|canon/canonical_story_tree/books/Book_25_Death_Is_Rebirth/book_content.txt	cello	timeline|relationships|scenes|quests|world	implemented_reference_map	reference_extracted_pending_domain_review
WDM-ARTIFACT-265d3bdc2ecb	artifact	wake specificity	canon/canonical_story_tree/all_25_books_latest_full_cycle.txt|canon/canonical_story_tree/books/Book_25_Death_Is_Rebirth/book_content.txt	cello	timeline|relationships|scenes|quests|world	implemented_reference_map	reference_extracted_pending_domain_review
WDM-ARTIFACT-be03b99ce6be	artifact	waking that hurts before it	canon/canonical_story_tree/all_25_books_latest_full_cycle.txt|canon/canonical_story_tree/books/Book_25_Death_Is_Rebirth/book_content.txt	cello	timeline|relationships|scenes|quests|world	implemented_reference_map	reference_extracted_pending_domain_review
WDM-ARTIFACT-021807118b17	artifact	heals	canon/canonical_story_tree/all_25_books_latest_full_cycle.txt|canon/canonical_story_tree/books/Book_25_Death_Is_Rebirth/book_content.txt	cello	timeline|relationships|scenes|quests|world	implemented_reference_map	reference_extracted_pending_domain_review
WDM-ARTIFACT-59cefecd7629	artifact	slow waking into sensory proof	canon/canonical_story_tree/all_25_books_latest_full_cycle.txt|canon/canonical_story_tree/books/Book_25_Death_Is_Rebirth/book_content.txt	cello	timeline|relationships|scenes|quests|world	implemented_reference_map	reference_extracted_pending_domain_review
WDM-ARTIFACT-a373de85fbec	artifact	and recognition	canon/canonical_story_tree/all_25_books_latest_full_cycle.txt|canon/canonical_story_tree/books/Book_25_Death_Is_Rebirth/book_content.txt	cello	timeline|relationships|scenes|quests|world	implemented_reference_map	reference_extracted_pending_domain_review
WDM-ARTIFACT-828c61f1bbc4	artifact	avoid	canon/canonical_story_tree/all_25_books_latest_full_cycle.txt|canon/canonical_story_tree/books/Book_25_Death_Is_Rebirth/book_content.txt	cello	timeline|relationships|scenes|quests|world	implemented_reference_map	reference_extracted_pending_domain_review
WDM-ARTIFACT-65d0a31ac49a	artifact	making Blood Cello sound like	canon/canonical_story_tree/all_25_books_latest_full_cycle.txt|canon/canonical_story_tree/books/Book_25_Death_Is_Rebirth/book_content.txt	cello	timeline|relationships|scenes|quests|world	implemented_reference_map	reference_extracted_pending_domain_review
WDM-ARTIFACT-96784d9bd8af	artifact	power move	canon/canonical_story_tree/all_25_books_latest_full_cycle.txt|canon/canonical_story_tree/books/Book_25_Death_Is_Rebirth/book_content.txt	cello	timeline|relationships|scenes|quests|world	implemented_reference_map	reference_extracted_pending_domain_review
WDM-ARTIFACT-11284998eb57	artifact	rushing the waking sequence	canon/canonical_story_tree/all_25_books_latest_full_cycle.txt|canon/canonical_story_tree/books/Book_25_Death_Is_Rebirth/book_content.txt	cello	timeline|relationships|scenes|quests|world	implemented_reference_map	reference_extracted_pending_domain_review
WDM-ARTIFACT-7be474101923	artifact	making Boojay recognition resolve too	canon/canonical_story_tree/all_25_books_latest_full_cycle.txt|canon/canonical_story_tree/books/Book_25_Death_Is_Rebirth/book_content.txt	cello	timeline|relationships|scenes|quests|world	implemented_reference_map	reference_extracted_pending_domain_review
WDM-ARTIFACT-3fdef8e5cc4b	artifact	using Daisy May or Majiskii	canon/canonical_story_tree/all_25_books_latest_full_cycle.txt|canon/canonical_story_tree/books/Book_25_Death_Is_Rebirth/book_content.txt	cello	timeline|relationships|scenes|quests|world	implemented_reference_map	reference_extracted_pending_domain_review
WDM-ARTIFACT-d133a89a7493	artifact	as interchangeable comfort props	canon/canonical_story_tree/all_25_books_latest_full_cycle.txt|canon/canonical_story_tree/books/Book_25_Death_Is_Rebirth/book_content.txt	cello	timeline|relationships|scenes|quests|world	implemented_reference_map	reference_extracted_pending_domain_review
WDM-ARTIFACT-a97a3211fccf	artifact	corrected waking texture	canon/canonical_story_tree/all_25_books_latest_full_cycle.txt|canon/canonical_story_tree/books/Book_25_Death_Is_Rebirth/book_content.txt	cello	timeline|relationships|scenes|quests|world	implemented_reference_map	reference_extracted_pending_domain_review
WDM-ARTIFACT-4832da395e53	artifact	holding after the first shock	canon/canonical_story_tree/all_25_books_latest_full_cycle.txt|canon/canonical_story_tree/books/Book_25_Death_Is_Rebirth/book_content.txt	cello	timeline|relationships|scenes|quests|world	implemented_reference_map	reference_extracted_pending_domain_review
WDM-ARTIFACT-e549f3b42aaa	artifact	their presence should help the	canon/canonical_story_tree/all_25_books_latest_full_cycle.txt|canon/canonical_story_tree/books/Book_25_Death_Is_Rebirth/book_content.txt	cello	timeline|relationships|scenes|quests|world	implemented_reference_map	reference_extracted_pending_domain_review
WDM-ARTIFACT-c98352906c10	artifact	reborn world feel physically true	canon/canonical_story_tree/all_25_books_latest_full_cycle.txt|canon/canonical_story_tree/books/Book_25_Death_Is_Rebirth/book_content.txt	cello	timeline|relationships|scenes|quests|world	implemented_reference_map	reference_extracted_pending_domain_review
WDM-ARTIFACT-d9efc6704c85	artifact	before it feels emotionally safe	canon/canonical_story_tree/all_25_books_latest_full_cycle.txt|canon/canonical_story_tree/books/Book_25_Death_Is_Rebirth/book_content.txt	cello	timeline|relationships|scenes|quests|world	implemented_reference_map	reference_extracted_pending_domain_review
WDM-ARTIFACT-90a5af99052c	artifact	Rolzen entry	canon/canonical_story_tree/all_25_books_latest_full_cycle.txt|canon/canonical_story_tree/books/Book_25_Death_Is_Rebirth/book_content.txt	cello	timeline|relationships|scenes|quests|world	implemented_reference_map	reference_extracted_pending_domain_review
WDM-ARTIFACT-4e74a1f6c70a	artifact	returned dead labor scene	canon/canonical_story_tree/all_25_books_latest_full_cycle.txt|canon/canonical_story_tree/books/Book_25_Death_Is_Rebirth/book_content.txt	cello	timeline|relationships|scenes|quests|world	implemented_reference_map	reference_extracted_pending_domain_review
WDM-ARTIFACT-62628adcfef2	artifact	evaluation focus	canon/canonical_story_tree/all_25_books_latest_full_cycle.txt|canon/canonical_story_tree/books/Book_25_Death_Is_Rebirth/book_content.txt	cello	timeline|relationships|scenes|quests|world	implemented_reference_map	reference_extracted_pending_domain_review
WDM-ARTIFACT-abf3d76f168c	artifact	if Pip sounds like he	canon/canonical_story_tree/all_25_books_latest_full_cycle.txt|canon/canonical_story_tree/books/Book_25_Death_Is_Rebirth/book_content.txt	cello	timeline|relationships|scenes|quests|world	implemented_reference_map	reference_extracted_pending_domain_review
WDM-ARTIFACT-400c29dbe496	artifact	knows he is resurrecting people	canon/canonical_story_tree/all_25_books_latest_full_cycle.txt|canon/canonical_story_tree/books/Book_25_Death_Is_Rebirth/book_content.txt	cello	timeline|relationships|scenes|quests|world	implemented_reference_map	reference_extracted_pending_domain_review
WDM-ARTIFACT-fa6a2f93759a	artifact	reject and rewrite	canon/canonical_story_tree/all_25_books_latest_full_cycle.txt|canon/canonical_story_tree/books/Book_25_Death_Is_Rebirth/book_content.txt	cello	timeline|relationships|scenes|quests|world	implemented_reference_map	reference_extracted_pending_domain_review
WDM-ARTIFACT-5bc485ce59d5	artifact	if the cello feels detachable	canon/canonical_story_tree/all_25_books_latest_full_cycle.txt|canon/canonical_story_tree/books/Book_25_Death_Is_Rebirth/book_content.txt	cello	timeline|relationships|scenes|quests|world	implemented_reference_map	reference_extracted_pending_domain_review
WDM-ARTIFACT-d0c8749e0654	artifact	Rylos’s dying body	canon/canonical_story_tree/all_25_books_latest_full_cycle.txt|canon/canonical_story_tree/books/Book_25_Death_Is_Rebirth/book_content.txt	cello	timeline|relationships|scenes|quests|world	implemented_reference_map	reference_extracted_pending_domain_review
WDM-ARTIFACT-e476198e78f9	artifact	if the crowd is not	canon/canonical_story_tree/all_25_books_latest_full_cycle.txt|canon/canonical_story_tree/books/Book_25_Death_Is_Rebirth/book_content.txt	cello	timeline|relationships|scenes|quests|world	implemented_reference_map	reference_extracted_pending_domain_review
WDM-ARTIFACT-4d4c350dbcd0	artifact	breaking in distinct ways	canon/canonical_story_tree/all_25_books_latest_full_cycle.txt|canon/canonical_story_tree/books/Book_25_Death_Is_Rebirth/book_content.txt	cello	timeline|relationships|scenes|quests|world	implemented_reference_map	reference_extracted_pending_domain_review
WDM-ARTIFACT-fea44ebc55cf	artifact	sharpen reactions	canon/canonical_story_tree/all_25_books_latest_full_cycle.txt|canon/canonical_story_tree/books/Book_25_Death_Is_Rebirth/book_content.txt	cello	timeline|relationships|scenes|quests|world	implemented_reference_map	reference_extracted_pending_domain_review
WDM-ARTIFACT-d1f08aa508ef	artifact	if waking is shorter than	canon/canonical_story_tree/all_25_books_latest_full_cycle.txt|canon/canonical_story_tree/books/Book_25_Death_Is_Rebirth/book_content.txt	cello	timeline|relationships|scenes|quests|world	implemented_reference_map	reference_extracted_pending_domain_review
WDM-ARTIFACT-8af1bf2b2e67	artifact	the accumulated grief deserves	canon/canonical_story_tree/all_25_books_latest_full_cycle.txt|canon/canonical_story_tree/books/Book_25_Death_Is_Rebirth/book_content.txt	cello	timeline|relationships|scenes|quests|world	implemented_reference_map	reference_extracted_pending_domain_review
WDM-ARTIFACT-36e78ef6dbd6	artifact	expand it	canon/canonical_story_tree/all_25_books_latest_full_cycle.txt|canon/canonical_story_tree/books/Book_25_Death_Is_Rebirth/book_content.txt	cello	timeline|relationships|scenes|quests|world	implemented_reference_map	reference_extracted_pending_domain_review
WDM-ARTIFACT-fdc209280143	artifact	if Boojay recognition does not	canon/canonical_story_tree/all_25_books_latest_full_cycle.txt|canon/canonical_story_tree/books/Book_25_Death_Is_Rebirth/book_content.txt	cello	timeline|relationships|scenes|quests|world	implemented_reference_map	reference_extracted_pending_domain_review
WDM-ARTIFACT-a8f117c5e5f4	artifact	feel like one of the	canon/canonical_story_tree/all_25_books_latest_full_cycle.txt|canon/canonical_story_tree/books/Book_25_Death_Is_Rebirth/book_content.txt	cello	timeline|relationships|scenes|quests|world	implemented_reference_map	reference_extracted_pending_domain_review
WDM-ARTIFACT-03b07d505de8	artifact	emotional crowns of the saga	canon/canonical_story_tree/all_25_books_latest_full_cycle.txt|canon/canonical_story_tree/books/Book_25_Death_Is_Rebirth/book_content.txt	cello	timeline|relationships|scenes|quests|world	implemented_reference_map	reference_extracted_pending_domain_review
WDM-ARTIFACT-bdbe1879a538	artifact	keep working	canon/canonical_story_tree/all_25_books_latest_full_cycle.txt|canon/canonical_story_tree/books/Book_25_Death_Is_Rebirth/book_content.txt	cello	timeline|relationships|scenes|quests|world	implemented_reference_map	reference_extracted_pending_domain_review
WDM-ARTIFACT-f699b111bbd7	artifact	"Instrument
Function"	canon/canonical_story_tree/all_25_books_latest_full_cycle.txt|canon/canonical_story_tree/books/Book_25_Death_Is_Rebirth/book_content.txt	cello	timeline|relationships|scenes|quests|world	implemented_reference_map	reference_extracted_pending_domain_review
WDM-ARTIFACT-c43526979846	artifact	Pip plays believing he is	canon/canonical_story_tree/all_25_books_latest_full_cycle.txt|canon/canonical_story_tree/books/Book_25_Death_Is_Rebirth/book_content.txt	cello	timeline|relationships|scenes|quests|world	implemented_reference_map	reference_extracted_pending_domain_review
WDM-ARTIFACT-3c530c21c80e	artifact	and Boojay all remain structurally	canon/canonical_story_tree/all_25_books_latest_full_cycle.txt|canon/canonical_story_tree/books/Book_25_Death_Is_Rebirth/book_content.txt	cello	timeline|relationships|scenes|quests|world	implemented_reference_map	reference_extracted_pending_domain_review
WDM-ARTIFACT-4196a54249c6	artifact	accounted for inside the field	canon/canonical_story_tree/all_25_books_latest_full_cycle.txt|canon/canonical_story_tree/books/Book_25_Death_Is_Rebirth/book_content.txt	cello	timeline|relationships|scenes|quests|world	implemented_reference_map	reference_extracted_pending_domain_review
WDM-ARTIFACT-6c2d3d860ba5	artifact	Blood Cello is grief-born	canon/canonical_story_tree/all_25_books_latest_full_cycle.txt|canon/canonical_story_tree/books/Book_25_Death_Is_Rebirth/book_content.txt	cello	timeline|relationships|scenes|quests|world	implemented_reference_map	reference_extracted_pending_domain_review
WDM-ARTIFACT-2b9f108617d4	artifact	not tactic-first	canon/canonical_story_tree/all_25_books_latest_full_cycle.txt|canon/canonical_story_tree/books/Book_25_Death_Is_Rebirth/book_content.txt	cello	timeline|relationships|scenes|quests|world	implemented_reference_map	reference_extracted_pending_domain_review
WDM-ARTIFACT-f31c6465fcd0	artifact	Ursula's presence helps make return	canon/canonical_story_tree/all_25_books_latest_full_cycle.txt|canon/canonical_story_tree/books/Book_25_Death_Is_Rebirth/book_content.txt	cello	timeline|relationships|scenes|quests|world	implemented_reference_map	reference_extracted_pending_domain_review
WDM-ARTIFACT-e41406a54618	artifact	holy and costly	canon/canonical_story_tree/all_25_books_latest_full_cycle.txt|canon/canonical_story_tree/books/Book_25_Death_Is_Rebirth/book_content.txt	cello	timeline|relationships|scenes|quests|world	implemented_reference_map	reference_extracted_pending_domain_review
WDM-ARTIFACT-d0cd72d4d813	artifact	her role is not ordinary	canon/canonical_story_tree/all_25_books_latest_full_cycle.txt|canon/canonical_story_tree/books/Book_25_Death_Is_Rebirth/book_content.txt	cello	timeline|relationships|scenes|quests|world	implemented_reference_map	reference_extracted_pending_domain_review
WDM-ARTIFACT-c3d5928da283	artifact	dialogue guidance	canon/canonical_story_tree/all_25_books_latest_full_cycle.txt|canon/canonical_story_tree/books/Book_25_Death_Is_Rebirth/book_content.txt	cello	timeline|relationships|scenes|quests|world	implemented_reference_map	reference_extracted_pending_domain_review
WDM-ARTIFACT-41e93f39a3f8	artifact	"Proof
Function"	canon/canonical_story_tree/all_25_books_latest_full_cycle.txt|canon/canonical_story_tree/books/Book_25_Death_Is_Rebirth/book_content.txt	cello	timeline|relationships|scenes|quests|world	implemented_reference_map	reference_extracted_pending_domain_review
WDM-ARTIFACT-a469613bbc0d	artifact	The waking corridor already installed	canon/canonical_story_tree/all_25_books_latest_full_cycle.txt|canon/canonical_story_tree/books/Book_25_Death_Is_Rebirth/book_content.txt	cello	timeline|relationships|scenes|quests|world	implemented_reference_map	reference_extracted_pending_domain_review
WDM-ARTIFACT-a4c4d92a4290	artifact	quest traversal	canon/canonical_story_tree/all_25_books_latest_full_cycle.txt	artifact	timeline|relationships|scenes|quests|world	implemented_reference_map	reference_extracted_pending_domain_review
WDM-ARTIFACT-035ad670b6e5	artifact	body-world descent	canon/canonical_story_tree/all_25_books_latest_full_cycle.txt	artifact	timeline|relationships|scenes|quests|world	implemented_reference_map	reference_extracted_pending_domain_review
WDM-ARTIFACT-b5de0d77094c	artifact	single sequence	canon/canonical_story_tree/all_25_books_latest_full_cycle.txt	artifact	timeline|relationships|scenes|quests|world	implemented_reference_map	reference_extracted_pending_domain_review
WDM-ARTIFACT-24e87fb48793	artifact	"Purpose
Deferred pending full-cycle editorial"	canon/canonical_story_tree/all_25_books_latest_full_cycle.txt	blue light|cello|diary	timeline|relationships|scenes|quests|world	implemented_reference_map	reference_extracted_pending_domain_review
WDM-ARTIFACT-76c5c60a3a3f	artifact	review	canon/canonical_story_tree/all_25_books_latest_full_cycle.txt	blue light|cello|diary	timeline|relationships|scenes|quests|world	implemented_reference_map	reference_extracted_pending_domain_review
WDM-ARTIFACT-9cc60a99a057	artifact	terminal time	canon/canonical_story_tree/all_25_books_latest_full_cycle.txt	cello	timeline|relationships|scenes|quests|world	implemented_reference_map	reference_extracted_pending_domain_review
WDM-ARTIFACT-437c015eaa8a	artifact	pending	canon/canonical_story_tree/all_25_books_latest_full_cycle.txt	blue light|cello|diary	timeline|relationships|scenes|quests|world	implemented_reference_map	reference_extracted_pending_domain_review
WDM-ARTIFACT-8b91dc3d8caa	artifact	cycle	canon/canonical_story_tree/all_25_books_latest_full_cycle.txt	blue light|cello|diary	timeline|relationships|scenes|quests|world	implemented_reference_map	reference_extracted_pending_domain_review
WDM-ARTIFACT-19e7d4e12133	artifact	editorial	canon/canonical_story_tree/all_25_books_latest_full_cycle.txt	blue light|cello|diary	timeline|relationships|scenes|quests|world	implemented_reference_map	reference_extracted_pending_domain_review
WDM-ARTIFACT-8de370182271	artifact	discernment chooses the path	canon/canonical_story_tree/all_25_books_latest_full_cycle.txt	diary	timeline|relationships|scenes|quests|world	implemented_reference_map	reference_extracted_pending_domain_review
WDM-ARTIFACT-3feb7bc8d7ed	artifact	"Dedupe note
Do not merge"	canon/canonical_story_tree/all_25_books_latest_full_cycle.txt	diary	timeline|relationships|scenes|quests|world	implemented_reference_map	reference_extracted_pending_domain_review
WDM-ARTIFACT-0aead093550a	artifact	this into the broader Restricted	canon/canonical_story_tree/all_25_books_latest_full_cycle.txt	diary	timeline|relationships|scenes|quests|world	implemented_reference_map	reference_extracted_pending_domain_review
WDM-ARTIFACT-e14ba404aeef	artifact	Section beat	canon/canonical_story_tree/all_25_books_latest_full_cycle.txt	diary	timeline|relationships|scenes|quests|world	implemented_reference_map	reference_extracted_pending_domain_review
WDM-ARTIFACT-505faade4cdb	artifact	The room-entry and the discernment	canon/canonical_story_tree/all_25_books_latest_full_cycle.txt	blue light|diary	timeline|relationships|scenes|quests|world	implemented_reference_map	reference_extracted_pending_domain_review
WDM-ARTIFACT-3d1ffcdfa118	artifact	pivot are separate actions	canon/canonical_story_tree/all_25_books_latest_full_cycle.txt	blue light|diary	timeline|relationships|scenes|quests|world	implemented_reference_map	reference_extracted_pending_domain_review
WDM-ARTIFACT-4aadd5cf7ada	artifact	agreements that require access	canon/canonical_story_tree/world/wowas_world_zone_map.json	gem	timeline|relationships|scenes|quests|world	implemented_reference_map	reference_extracted_pending_domain_review
WDM-ARTIFACT-30d6e9b9ff91	artifact	this is the source of	canon/canonical_story_tree/world/wowas_world_zone_map.json	gem	timeline|relationships|scenes|quests|world	implemented_reference_map	reference_extracted_pending_domain_review
WDM-ARTIFACT-db9e4859afb1	artifact	Corveth-Reval friction	canon/canonical_story_tree/world/wowas_world_zone_map.json	gem	timeline|relationships|scenes|quests|world	implemented_reference_map	reference_extracted_pending_domain_review
WDM-ARTIFACT-77e53f4022c0	artifact	Unaffiliated	canon/canonical_story_tree/world/wowas_world_zone_map.json	gem	timeline|relationships|scenes|quests|world	implemented_reference_map	reference_extracted_pending_domain_review
WDM-ARTIFACT-1a21718b54e3	artifact	population	canon/canonical_story_tree/world/wowas_world_zone_map.json	gem	timeline|relationships|scenes|quests|world	implemented_reference_map	reference_extracted_pending_domain_review
WDM-ARTIFACT-5884ecc2b442	artifact	estimate	canon/canonical_story_tree/world/wowas_world_zone_map.json	gem	timeline|relationships|scenes|quests|world	implemented_reference_map	reference_extracted_pending_domain_review
WDM-ARTIFACT-76bba6e16a20	artifact	note	canon/canonical_story_tree/world/wowas_world_zone_map.json	gem	timeline|relationships|scenes|quests|world	implemented_reference_map	reference_extracted_pending_domain_review
WDM-ARTIFACT-55208b694f73	artifact	primarily labor-for-access arrangements	canon/canonical_story_tree/world/wowas_world_zone_map.json	gem	timeline|relationships|scenes|quests|world	implemented_reference_map	reference_extracted_pending_domain_review
WDM-ARTIFACT-1442a43488d5	artifact	key	canon/canonical_story_tree/world/wowas_world_zone_map.json	gem	timeline|relationships|scenes|quests|world	implemented_reference_map	reference_extracted_pending_domain_review
WDM-ARTIFACT-2d06f33c567d	artifact	loc	canon/canonical_story_tree/world/wowas_world_zone_map.json	gem	timeline|relationships|scenes|quests|world	implemented_reference_map	reference_extracted_pending_domain_review
WDM-ARTIFACT-219d1a280a96	artifact	forge	canon/canonical_story_tree/world/wowas_world_zone_map.json	gem	timeline|relationships|scenes|quests|world	implemented_reference_map	reference_extracted_pending_domain_review
WDM-ARTIFACT-86a155e98cc0	artifact	plateau	canon/canonical_story_tree/world/wowas_world_zone_map.json	gem	timeline|relationships|scenes|quests|world	implemented_reference_map	reference_extracted_pending_domain_review
WDM-ARTIFACT-628bfce1dede	artifact	The Forge Plateau	canon/canonical_story_tree/world/wowas_world_zone_map.json	gem	timeline|relationships|scenes|quests|world	implemented_reference_map	reference_extracted_pending_domain_review
WDM-ARTIFACT-82b55e774ae0	artifact	type	canon/canonical_story_tree/world/wowas_world_zone_map.json	diary|gem	timeline|relationships|scenes|quests|world	implemented_reference_map	reference_extracted_pending_domain_review
WDM-ARTIFACT-089516c09fdb	artifact	primary	canon/canonical_story_tree/world/wowas_world_zone_map.json	gem	timeline|relationships|scenes|quests|world	implemented_reference_map	reference_extracted_pending_domain_review
WDM-ARTIFACT-a37de4a8b787	artifact	faction	canon/canonical_story_tree/world/wowas_world_zone_map.json	gem	timeline|relationships|scenes|quests|world	implemented_reference_map	reference_extracted_pending_domain_review
WDM-ARTIFACT-7f906474ffd1	artifact	description	canon/canonical_story_tree/world/wowas_world_zone_map.json	diary|gem	timeline|relationships|scenes|quests|world	implemented_reference_map	reference_extracted_pending_domain_review
WDM-ARTIFACT-c920302494e5	artifact	Elven's primary food production infrastructure	canon/canonical_story_tree/world/wowas_world_zone_map.json	gem	timeline|relationships|scenes|quests|world	implemented_reference_map	reference_extracted_pending_domain_review
WDM-ARTIFACT-2a791aaf96ec	artifact	The post-collapse agricultural innovations she	canon/canonical_story_tree/world/wowas_world_zone_map.json	gem	timeline|relationships|scenes|quests|world	implemented_reference_map	reference_extracted_pending_domain_review
WDM-ARTIFACT-f54434aac781	artifact	developed are most fully implemented	canon/canonical_story_tree/world/wowas_world_zone_map.json	gem	timeline|relationships|scenes|quests|world	implemented_reference_map	reference_extracted_pending_domain_review
WDM-ARTIFACT-2e2bdcd5a99c	artifact	Cross-faction labor arrangements mean workers	canon/canonical_story_tree/world/wowas_world_zone_map.json	gem	timeline|relationships|scenes|quests|world	implemented_reference_map	reference_extracted_pending_domain_review
WDM-ARTIFACT-3e60f51dc937	artifact	from multiple factions are present	canon/canonical_story_tree/world/wowas_world_zone_map.json	gem	timeline|relationships|scenes|quests|world	implemented_reference_map	reference_extracted_pending_domain_review
WDM-ARTIFACT-7d86ba85cc55	artifact	The basin's rich soil is	canon/canonical_story_tree/world/wowas_world_zone_map.json	gem	timeline|relationships|scenes|quests|world	implemented_reference_map	reference_extracted_pending_domain_review
WDM-ARTIFACT-d4f9c5b2f66f	artifact	the primary reason this zone	canon/canonical_story_tree/world/wowas_world_zone_map.json	gem	timeline|relationships|scenes|quests|world	implemented_reference_map	reference_extracted_pending_domain_review
WDM-ARTIFACT-f0388c2d6eb3	artifact	is cross-faction rather than Ash-Born	canon/canonical_story_tree/world/wowas_world_zone_map.json	gem	timeline|relationships|scenes|quests|world	implemented_reference_map	reference_extracted_pending_domain_review
WDM-ARTIFACT-0e537bc4c00f	artifact	or Iron Accord exclusive	canon/canonical_story_tree/world/wowas_world_zone_map.json	gem	timeline|relationships|scenes|quests|world	implemented_reference_map	reference_extracted_pending_domain_review
WDM-ARTIFACT-105423bfcf96	artifact	The Oasis Library	canon/canonical_story_tree/world/wowas_world_zone_map.json	diary	timeline|relationships|scenes|quests|world	implemented_reference_map	reference_extracted_pending_domain_review
WDM-ARTIFACT-ddf835605226	artifact	canonical	canon/canonical_story_tree/world/wowas_world_zone_map.json	diary	timeline|relationships|scenes|quests|world	implemented_reference_map	reference_extracted_pending_domain_review
WDM-ARTIFACT-405d2bc84851	artifact	Locked canon location from scene	canon/canonical_story_tree/world/wowas_world_zone_map.json	diary	timeline|relationships|scenes|quests|world	implemented_reference_map	reference_extracted_pending_domain_review
WDM-ARTIFACT-5857a7c8e8f9	artifact	atlas	canon/canonical_story_tree/world/wowas_world_zone_map.json	diary	timeline|relationships|scenes|quests|world	implemented_reference_map	reference_extracted_pending_domain_review
WDM-ARTIFACT-a0c18010b68d	artifact	json	canon/canonical_story_tree/world/wowas_world_zone_map.json	diary	timeline|relationships|scenes|quests|world	implemented_reference_map	reference_extracted_pending_domain_review
WDM-ARTIFACT-029c0bee888f	artifact	where Pip consults Xethrolund via	canon/canonical_story_tree/world/wowas_world_zone_map.json	diary	timeline|relationships|scenes|quests|world	implemented_reference_map	reference_extracted_pending_domain_review
WDM-ARTIFACT-9f68470e2fb8	artifact	finds the psychology text	canon/canonical_story_tree/world/wowas_world_zone_map.json	diary	timeline|relationships|scenes|quests|world	implemented_reference_map	reference_extracted_pending_domain_review
WDM-ARTIFACT-7634766f15b0	artifact	and the tragic misunderstanding occurs	canon/canonical_story_tree/world/wowas_world_zone_map.json	diary	timeline|relationships|scenes|quests|world	implemented_reference_map	reference_extracted_pending_domain_review
WDM-ARTIFACT-5c759306382c	artifact	Adjacent to the Archive District	canon/canonical_story_tree/world/wowas_world_zone_map.json	diary	timeline|relationships|scenes|quests|world	implemented_reference_map	reference_extracted_pending_domain_review
WDM-ARTIFACT-d045046b85b2	artifact	Quieter	canon/canonical_story_tree/world/wowas_world_zone_map.json	diary	timeline|relationships|scenes|quests|world	implemented_reference_map	reference_extracted_pending_domain_review
WDM-ARTIFACT-43c58e5d2609	artifact	older wing	canon/canonical_story_tree/world/wowas_world_zone_map.json	diary	timeline|relationships|scenes|quests|world	implemented_reference_map	reference_extracted_pending_domain_review
WDM-ARTIFACT-0c0ddde726fe	artifact	The physical space where the	canon/canonical_story_tree/world/wowas_world_zone_map.json	diary	timeline|relationships|scenes|quests|world	implemented_reference_map	reference_extracted_pending_domain_review
WDM-ARTIFACT-06b2ebc86665	artifact	diary contact happens most clearly	canon/canonical_story_tree/world/wowas_world_zone_map.json	diary	timeline|relationships|scenes|quests|world	implemented_reference_map	reference_extracted_pending_domain_review
WDM-ARTIFACT-945dd31a0a7a	artifact	relevance	canon/canonical_story_tree/world/wowas_world_zone_map.json	diary	timeline|relationships|scenes|quests|world	implemented_reference_map	reference_extracted_pending_domain_review
WDM-ARTIFACT-3c16c6acfc8a	artifact	consult	canon/canonical_story_tree/world/wowas_world_zone_map.json	diary	timeline|relationships|scenes|quests|world	implemented_reference_map	reference_extracted_pending_domain_review
WDM-ARTIFACT-dbe13042fbe1	artifact	tragic	canon/canonical_story_tree/world/wowas_world_zone_map.json	diary	timeline|relationships|scenes|quests|world	implemented_reference_map	reference_extracted_pending_domain_review
WDM-ARTIFACT-7003be0f7856	artifact	misunderstanding	canon/canonical_story_tree/world/wowas_world_zone_map.json	diary	timeline|relationships|scenes|quests|world	implemented_reference_map	reference_extracted_pending_domain_review
WDM-ARTIFACT-10319b8bf271	artifact	Pip seeks understanding	canon/canonical_story_tree/world/wowas_world_zone_map.json	diary	timeline|relationships|scenes|quests|world	implemented_reference_map	reference_extracted_pending_domain_review
WDM-ARTIFACT-045f1494a8d6	artifact	where Pip discovers the ancient	canon/canonical_story_tree/world/wowas_world_zone_map.json	diary	timeline|relationships|scenes|quests|world	implemented_reference_map	reference_extracted_pending_domain_review
WDM-ARTIFACT-001e37a5118f	artifact	blank book	canon/canonical_story_tree/world/wowas_world_zone_map.json	diary	timeline|relationships|scenes|quests|world	implemented_reference_map	reference_extracted_pending_domain_review
WDM-ARTIFACT-ee9176b13337	artifact	Part of the Archive District's	canon/canonical_story_tree/world/wowas_world_zone_map.json	diary	timeline|relationships|scenes|quests|world	implemented_reference_map	reference_extracted_pending_domain_review
WDM-ARTIFACT-d0863a8c7b44	artifact	older holdings	canon/canonical_story_tree/world/wowas_world_zone_map.json	diary	timeline|relationships|scenes|quests|world	implemented_reference_map	reference_extracted_pending_domain_review
WDM-ARTIFACT-e8ce9dfa9511	artifact	discovery	canon/canonical_story_tree/world/wowas_world_zone_map.json	diary	timeline|relationships|scenes|quests|world	implemented_reference_map	reference_extracted_pending_domain_review
WDM-ARTIFACT-d905d162fbd3	artifact	xeth	canon/canonical_story_tree/world/wowas_world_zone_map.json	diary	timeline|relationships|scenes|quests|world	implemented_reference_map	reference_extracted_pending_domain_review
WDM-ARTIFACT-cce5db7c9933	artifact	zone	canon/canonical_story_tree/world/wowas_world_zone_map.json	diary	timeline|relationships|scenes|quests|world	implemented_reference_map	reference_extracted_pending_domain_review
WDM-ARTIFACT-84186c0e08db	artifact	ashfields	canon/canonical_story_tree/world/wowas_world_zone_map.json	diary	timeline|relationships|scenes|quests|world	implemented_reference_map	reference_extracted_pending_domain_review
WDM-ARTIFACT-6914daee4543	artifact	living pressure transfer	canon/wowas_magic_system_patch_v10.md	cello	timeline|relationships|scenes|quests|world	implemented_reference_map	reference_extracted_pending_domain_review
WDM-ARTIFACT-636e01961489	artifact	Both are required for survivable	canon/wowas_magic_system_patch_v10.md	cello	timeline|relationships|scenes|quests|world	implemented_reference_map	reference_extracted_pending_domain_review
WDM-ARTIFACT-198e284b8431	artifact	Neith victory	canon/wowas_magic_system_patch_v10.md	cello	timeline|relationships|scenes|quests|world	implemented_reference_map	reference_extracted_pending_domain_review
WDM-ARTIFACT-74ce6374f48b	artifact	Haptics	canon/wowas_magic_system_patch_v10.md	cello	timeline|relationships|scenes|quests|world	implemented_reference_map	reference_extracted_pending_domain_review
WDM-ARTIFACT-f125b1ad4241	artifact	sound law	canon/wowas_magic_system_patch_v10.md	cello	timeline|relationships|scenes|quests|world	implemented_reference_map	reference_extracted_pending_domain_review
WDM-ARTIFACT-404e6c037c7e	artifact	design lock	canon/wowas_magic_system_patch_v10.md	cello	timeline|relationships|scenes|quests|world	implemented_reference_map	reference_extracted_pending_domain_review
WDM-ARTIFACT-13cc0ff1513e	artifact	Major power states	canon/wowas_magic_system_patch_v10.md	cello	timeline|relationships|scenes|quests|world	implemented_reference_map	reference_extracted_pending_domain_review
WDM-ARTIFACT-800a59ddea46	artifact	wrong magic use	canon/wowas_magic_system_patch_v10.md	cello	timeline|relationships|scenes|quests|world	implemented_reference_map	reference_extracted_pending_domain_review
WDM-ARTIFACT-015d990cba1e	artifact	traversal state changes	canon/wowas_magic_system_patch_v10.md	cello	timeline|relationships|scenes|quests|world	implemented_reference_map	reference_extracted_pending_domain_review
WDM-ARTIFACT-7aca98262fe2	artifact	and Blood Cello judgment outcomes	canon/wowas_magic_system_patch_v10.md	cello	timeline|relationships|scenes|quests|world	implemented_reference_map	reference_extracted_pending_domain_review
WDM-ARTIFACT-039b1c95ebc7	artifact	require distinct haptic and sonic	canon/wowas_magic_system_patch_v10.md	cello	timeline|relationships|scenes|quests|world	implemented_reference_map	reference_extracted_pending_domain_review
WDM-ARTIFACT-be4119c044b4	artifact	identities	canon/wowas_magic_system_patch_v10.md	cello	timeline|relationships|scenes|quests|world	implemented_reference_map	reference_extracted_pending_domain_review
WDM-ARTIFACT-7586270f2f49	artifact	WoWaS Magic	canon/wowas_magic_system_patch_v10.md	weapon	timeline|relationships|scenes|quests|world	implemented_reference_map	reference_extracted_pending_domain_review
WDM-ARTIFACT-6b6416d41882	artifact	Traversal	canon/wowas_magic_system_patch_v10.md	weapon	timeline|relationships|scenes|quests|world	implemented_reference_map	reference_extracted_pending_domain_review
WDM-ARTIFACT-739d81bf73ba	artifact	Weapon Patch	canon/wowas_magic_system_patch_v10.md	weapon	timeline|relationships|scenes|quests|world	implemented_reference_map	reference_extracted_pending_domain_review
WDM-ARTIFACT-1bc1c1842102	artifact	Update	canon/wowas_magic_system_patch_v10.md	weapon	timeline|relationships|scenes|quests|world	implemented_reference_map	reference_extracted_pending_domain_review
WDM-ARTIFACT-71ad4f496450	artifact	Whip traversal pre-exists Update	canon/wowas_magic_system_patch_v10.md	weapon	timeline|relationships|scenes|quests|world	implemented_reference_map	reference_extracted_pending_domain_review
WDM-ARTIFACT-9944b75f1519	artifact	Glide is the new movement	canon/wowas_magic_system_patch_v10.md	weapon	timeline|relationships|scenes|quests|world	implemented_reference_map	reference_extracted_pending_domain_review
WDM-ARTIFACT-61f2ab460579	artifact	expansion and belongs to the	canon/wowas_magic_system_patch_v10.md	weapon	timeline|relationships|scenes|quests|world	implemented_reference_map	reference_extracted_pending_domain_review
WDM-ARTIFACT-aa6483524067	artifact	transfigured post-angel weapon state	canon/wowas_magic_system_patch_v10.md	weapon	timeline|relationships|scenes|quests|world	implemented_reference_map	reference_extracted_pending_domain_review
WDM-ARTIFACT-7bacce009caf	artifact	In the Silence there is	canon/wowas_magic_system_patch_v10.md	weapon	timeline|relationships|scenes|quests|world	implemented_reference_map	reference_extracted_pending_domain_review
WDM-ARTIFACT-761cc4c064de	artifact	no lift	canon/wowas_magic_system_patch_v10.md	weapon	timeline|relationships|scenes|quests|world	implemented_reference_map	reference_extracted_pending_domain_review
WDM-ARTIFACT-eb2ed6352e76	artifact	glide attempts fail because the	canon/wowas_magic_system_patch_v10.md	weapon	timeline|relationships|scenes|quests|world	implemented_reference_map	reference_extracted_pending_domain_review
WDM-ARTIFACT-62af4b50f3d4	artifact	air itself is wrong	canon/wowas_magic_system_patch_v10.md	weapon	timeline|relationships|scenes|quests|world	implemented_reference_map	reference_extracted_pending_domain_review
WDM-ARTIFACT-7593736bc32c	artifact	In Lucent	canon/wowas_magic_system_patch_v10.md	weapon	timeline|relationships|scenes|quests|world	implemented_reference_map	reference_extracted_pending_domain_review
WDM-ARTIFACT-96c5437ca8d5	artifact	Ursula surface-state	canon/wowas_magic_system_patch_v10.md	weapon	timeline|relationships|scenes|quests|world	implemented_reference_map	reference_extracted_pending_domain_review
WDM-ARTIFACT-4690c83e3520	artifact	lift returns and glide becomes	canon/wowas_magic_system_patch_v10.md	weapon	timeline|relationships|scenes|quests|world	implemented_reference_map	reference_extracted_pending_domain_review
WDM-ARTIFACT-5fd627c31d6f	artifact	usable again	canon/wowas_magic_system_patch_v10.md	weapon	timeline|relationships|scenes|quests|world	implemented_reference_map	reference_extracted_pending_domain_review
WDM-ARTIFACT-8544e17e6631	artifact	In the hardest traversal sequences	canon/wowas_magic_system_patch_v10.md	weapon	timeline|relationships|scenes|quests|world	implemented_reference_map	reference_extracted_pending_domain_review
WDM-ARTIFACT-9d0dc2ba7e6c	artifact	Pip cannot lay the return	canon/wowas_magic_system_patch_v10.md	weapon	timeline|relationships|scenes|quests|world	implemented_reference_map	reference_extracted_pending_domain_review
WDM-ARTIFACT-efc68591f758	artifact	path for the party until	canon/wowas_magic_system_patch_v10.md	weapon	timeline|relationships|scenes|quests|world	implemented_reference_map	reference_extracted_pending_domain_review
WDM-ARTIFACT-7648042ce210	artifact	he has	canon/wowas_magic_system_patch_v10.md	weapon	timeline|relationships|scenes|quests|world	implemented_reference_map	reference_extracted_pending_domain_review
WDM-ARTIFACT-ba6fdb351f50	artifact	stable anchor point	canon/wowas_magic_system_patch_v10.md	weapon	timeline|relationships|scenes|quests|world	implemented_reference_map	reference_extracted_pending_domain_review
WDM-ARTIFACT-76b4d696c147	artifact	Alignment transfiguration changes not just	canon/wowas_magic_system_patch_v10.md	weapon	timeline|relationships|scenes|quests|world	implemented_reference_map	reference_extracted_pending_domain_review
WDM-ARTIFACT-fcfbe862182e	artifact	weapon class but terrain-solving style	canon/wowas_magic_system_patch_v10.md	weapon	timeline|relationships|scenes|quests|world	implemented_reference_map	reference_extracted_pending_domain_review
WDM-ARTIFACT-e84faf7b07d7	artifact	Rolzen	canon/wowas_magic_system_patch_v10.md	weapon	timeline|relationships|scenes|quests|world	implemented_reference_map	reference_extracted_pending_domain_review
WDM-ARTIFACT-f5c98dac39b8	artifact	Rolzen is force-boom	canon/wowas_magic_system_patch_v10.md	weapon	timeline|relationships|scenes|quests|world	implemented_reference_map	reference_extracted_pending_domain_review
WDM-ARTIFACT-bc627cdb6deb	artifact	not fire	canon/wowas_magic_system_patch_v10.md	weapon	timeline|relationships|scenes|quests|world	implemented_reference_map	reference_extracted_pending_domain_review
WDM-ARTIFACT-2ef5991994db	artifact	His combat system is	canon/wowas_magic_system_patch_v10.md	weapon	timeline|relationships|scenes|quests|world	implemented_reference_map	reference_extracted_pending_domain_review
WDM-ARTIFACT-f973741400dd	artifact	spell-through-motion lattice built from gravity	canon/wowas_magic_system_patch_v10.md	weapon	timeline|relationships|scenes|quests|world	implemented_reference_map	reference_extracted_pending_domain_review
WDM-ARTIFACT-0b7888b2680c	artifact	juggling crystal spheres	canon/wowas_magic_system_patch_v10.md	weapon	timeline|relationships|scenes|quests|world	implemented_reference_map	reference_extracted_pending_domain_review
